Date,HYG
2007-04-11,31.39419937133789
2007-04-12,31.415250778198242
2007-04-13,31.358104705810547
2007-04-16,31.346050262451172
2007-04-17,31.330995559692383
2007-04-18,31.340015411376953
2007-04-19,31.44833755493164
2007-04-20,31.43028450012207
2007-04-23,31.44833755493164
2007-04-24,31.664953231811523
2007-04-25,31.713098526000977
2007-04-26,31.770233154296875
2007-04-27,31.770233154296875
2007-04-30,31.773265838623047
2007-05-01,31.77716636657715
2007-05-02,31.765117645263672
2007-05-03,31.768129348754883
2007-05-04,31.807336807250977
2007-05-07,31.804323196411133
2007-05-08,31.828481674194336
2007-05-09,31.74400520324707
2007-05-10,31.858638763427734
2007-05-11,31.876728057861328
2007-05-14,31.87372589111328
2007-05-15,31.849590301513672
2007-05-16,31.93406867980957
2007-05-17,31.925024032592773
2007-05-18,31.93406867980957
2007-05-21,31.9642391204834
2007-05-22,31.967247009277344
2007-05-23,31.94310760498047
2007-05-24,31.9521541595459
2007-05-25,31.997421264648438
2007-05-29,31.870685577392578
2007-05-30,31.94310760498047
2007-05-31,31.891836166381836
2007-06-01,31.887596130371094
2007-06-04,31.914901733398438
2007-06-05,31.869373321533203
2007-06-06,31.829927444458008
2007-06-07,31.681299209594727
2007-06-08,31.59634780883789
2007-06-11,31.529617309570312
2007-06-12,31.36882781982422
2007-06-13,31.42340087890625
2007-06-14,31.447689056396484
2007-06-15,31.441621780395508
2007-06-18,31.459829330444336
2007-06-19,31.499242782592773
2007-06-20,31.220172882080078
2007-06-21,31.277795791625977
2007-06-22,31.338464736938477
2007-06-25,31.156444549560547
2007-06-26,31.247467041015625
2007-06-27,31.138269424438477
2007-06-28,30.974430084228516
2007-06-29,30.886457443237305
2007-07-02,31.12846565246582
2007-07-03,31.07047462463379
2007-07-05,30.95757484436035
2007-07-06,30.99112319946289
2007-07-09,31.08574104309082
2007-07-10,31.00334358215332
2007-07-11,30.77138328552246
2007-07-12,30.86297035217285
2007-07-13,30.99112319946289
2007-07-16,31.00334358215332
2007-07-17,31.03993797302246
2007-07-18,30.80801773071289
2007-07-19,30.841575622558594
2007-07-20,30.762226104736328
2007-07-23,30.695079803466797
2007-07-24,30.518098831176758
2007-07-25,30.22818374633789
2007-07-26,29.800907135009766
2007-07-27,29.303476333618164
2007-07-30,29.587295532226562
2007-07-31,29.68799591064453
2007-08-01,29.62657928466797
2007-08-02,29.79548454284668
2007-08-03,29.79548454284668
2007-08-06,29.73100471496582
2007-08-07,29.942949295043945
2007-08-08,30.296205520629883
2007-08-09,30.265460968017578
2007-08-10,30.204051971435547
2007-08-13,30.42523193359375
2007-08-14,30.188697814941406
2007-08-15,30.357620239257812
2007-08-16,30.317712783813477
2007-08-17,30.6248779296875
2007-08-20,30.333051681518555
2007-08-21,30.176422119140625
2007-08-22,30.409809112548828
2007-08-23,30.594144821166992
2007-08-24,30.67092514038086
2007-08-27,30.870628356933594
2007-08-28,30.76310157775879
2007-08-29,30.885969161987305
2007-08-30,30.950485229492188
2007-08-31,31.230010986328125
2007-09-04,31.44727897644043
2007-09-05,31.459619522094727
2007-09-06,31.441078186035156
2007-09-07,31.082571029663086
2007-09-10,31.215465545654297
2007-09-11,31.472000122070312
2007-09-12,31.614192962646484
2007-09-13,31.502906799316406
2007-09-14,31.799585342407227
2007-09-17,31.944868087768555
2007-09-18,32.173583984375
2007-09-19,32.78860855102539
2007-09-20,31.985036849975586
2007-09-21,32.06541061401367
2007-09-24,32.2817268371582
2007-09-25,32.3589973449707
2007-09-26,32.24153137207031
2007-09-27,32.14265060424805
2007-09-28,32.14265060424805
2007-10-01,32.265499114990234
2007-10-02,32.32772445678711
2007-10-03,32.15666961669922
2007-10-04,32.29351043701172
2007-10-05,32.312156677246094
2007-10-08,32.420997619628906
2007-10-09,32.44586944580078
2007-10-10,32.41787338256836
2007-10-11,32.46455383300781
2007-10-12,32.498756408691406
2007-10-15,32.654239654541016
2007-10-16,32.52984619140625
2007-10-17,32.12867736816406
2007-10-18,32.113121032714844
2007-10-19,31.9700870513916
2007-10-22,31.67459487915039
2007-10-23,31.938974380493164
2007-10-24,31.938974380493164
2007-10-25,31.985624313354492
2007-10-26,32.06024169921875
2007-10-29,32.15666961669922
2007-10-30,32.094459533691406
2007-10-31,32.29661178588867
2007-11-01,32.086891174316406
2007-11-02,32.00859069824219
2007-11-05,31.99295425415039
2007-11-06,32.15888214111328
2007-11-07,32.1181640625
2007-11-08,31.71123504638672
2007-11-09,31.85209083557129
2007-11-12,31.97732162475586
2007-11-13,31.85209083557129
2007-11-14,31.930334091186523
2007-11-15,31.920948028564453
2007-11-16,31.930334091186523
2007-11-19,31.930334091186523
2007-11-20,31.6173095703125
2007-11-21,31.022491455078125
2007-11-23,30.963050842285156
2007-11-26,31.30428695678711
2007-11-27,31.351238250732422
2007-11-28,31.648588180541992
2007-11-29,31.805133819580078
2007-11-30,31.933481216430664
2007-12-03,32.25542449951172
2007-12-04,32.132568359375
2007-12-05,31.754533767700195
2007-12-06,32.03803634643555
2007-12-07,32.02231979370117
2007-12-10,31.975053787231445
2007-12-11,31.943567276000977
2007-12-12,32.1168098449707
2007-12-13,32.10105514526367
2007-12-14,32.1483268737793
2007-12-17,31.975053787231445
2007-12-18,32.006568908691406
2007-12-19,32.16408157348633
2007-12-20,32.094783782958984
2007-12-21,32.19557189941406
2007-12-24,32.082176208496094
2007-12-26,31.940378189086914
2007-12-27,32.151084899902344
2007-12-28,31.837461471557617
2007-12-31,31.90716552734375
2008-01-02,31.520658493041992
2008-01-03,31.460472106933594
2008-01-04,31.425628662109375
2008-01-07,31.23871612548828
2008-01-08,31.05814552307129
2008-01-09,30.719175338745117
2008-01-10,30.947261810302734
2008-01-11,31.01380157470703
2008-01-14,30.906084060668945
2008-01-15,30.985275268554688
2008-01-16,30.95043182373047
2008-01-17,30.731853485107422
2008-01-18,30.97261619567871
2008-01-22,30.75718116760254
2008-01-23,30.817399978637695
2008-01-24,31.203859329223633
2008-01-25,31.251384735107422
2008-01-28,31.108850479125977
2008-01-29,31.14052391052246
2008-01-30,31.260883331298828
2008-01-31,31.324241638183594
2008-02-01,31.34146499633789
2008-02-04,31.34786033630371
2008-02-05,31.09589958190918
2008-02-06,31.032129287719727
2008-02-07,30.90133285522461
2008-02-08,30.668535232543945
2008-02-11,30.42613983154297
2008-02-12,30.540931701660156
2008-02-13,30.461219787597656
2008-02-14,30.611127853393555
2008-02-15,30.534574508666992
2008-02-19,30.378313064575195
2008-02-20,30.458011627197266
2008-02-21,30.56325912475586
2008-02-22,30.617507934570312
2008-02-25,30.70998191833496
2008-02-26,30.907732009887695
2008-02-27,30.90133285522461
2008-02-28,30.856678009033203
2008-02-29,30.738693237304688
2008-03-03,30.747028350830078
2008-03-04,30.711727142333984
2008-03-05,30.79839324951172
2008-03-06,30.718154907226562
2008-03-07,30.653945922851562
2008-03-10,30.583341598510742
2008-03-11,30.660381317138672
2008-03-12,30.653945922851562
2008-03-13,30.438892364501953
2008-03-14,30.25594711303711
2008-03-17,30.114700317382812
2008-03-18,30.557661056518555
2008-03-19,30.589746475219727
2008-03-20,30.734214782714844
2008-03-24,30.96851348876953
2008-03-25,31.04875373840332
2008-03-26,30.97491455078125
2008-03-27,30.875436782836914
2008-03-28,30.89149284362793
2008-03-31,31.029499053955078
2008-04-01,31.165855407714844
2008-04-02,31.181989669799805
2008-04-03,31.127079010009766
2008-04-04,31.246671676635742
2008-04-07,31.495458602905273
2008-04-08,31.602066040039062
2008-04-09,31.32741928100586
2008-04-10,31.44051742553711
2008-04-11,31.18846321105957
2008-04-14,31.298324584960938
2008-04-15,31.295124053955078
2008-04-16,31.430803298950195
2008-04-17,31.463134765625
2008-04-18,31.676420211791992
2008-04-21,31.624704360961914
2008-04-22,31.66670799255371
2008-04-23,31.79596710205078
2008-04-24,31.8056583404541
2008-04-25,31.957542419433594
2008-04-28,32.144962310791016
2008-04-29,32.051231384277344
2008-04-30,32.08355712890625
2008-05-01,32.76536178588867
2008-05-02,32.43386459350586
2008-05-05,32.38190460205078
2008-05-06,32.151145935058594
2008-05-07,32.17389678955078
2008-05-08,32.10563659667969
2008-05-09,32.17389678955078
2008-05-12,32.13165283203125
2008-05-13,32.12190628051758
2008-05-14,32.076412200927734
2008-05-15,32.16090393066406
2008-05-16,32.20636749267578
2008-05-19,32.33314514160156
2008-05-20,32.27139663696289
2008-05-21,32.21288299560547
2008-05-22,32.16416549682617
2008-05-23,31.97239875793457
2008-05-27,31.793655395507812
2008-05-28,31.94964027404785
2008-05-29,31.91716766357422
2008-05-30,31.920387268066406
2008-06-02,31.656774520874023
2008-06-03,31.679668426513672
2008-06-04,31.646949768066406
2008-06-05,31.784324645996094
2008-06-06,31.696022033691406
2008-06-09,31.797428131103516
2008-06-10,31.810516357421875
2008-06-11,31.80393409729004
2008-06-12,31.75162124633789
2008-06-13,31.892297744750977
2008-06-16,31.45067596435547
2008-06-17,31.506277084350586
2008-06-18,31.57498550415039
2008-06-19,31.375450134277344
2008-06-20,31.251157760620117
2008-06-23,31.136655807495117
2008-06-24,31.005834579467773
2008-06-25,31.110504150390625
2008-06-26,30.865169525146484
2008-06-27,30.78014373779297
2008-06-30,30.747432708740234
2008-07-01,30.714813232421875
2008-07-02,30.691768646240234
2008-07-03,30.678586959838867
2008-07-07,30.704917907714844
2008-07-08,30.622594833374023
2008-07-09,30.51720428466797
2008-07-10,30.55670166015625
2008-07-11,30.51720428466797
2008-07-14,30.444717407226562
2008-07-15,29.97372055053711
2008-07-16,30.07253646850586
2008-07-17,30.161447525024414
2008-07-18,30.645673751831055
2008-07-21,30.79715347290039
2008-07-22,30.902568817138672
2008-07-23,30.82021141052246
2008-07-24,30.892683029174805
2008-07-25,30.958581924438477
2008-07-28,30.853145599365234
2008-07-29,30.859750747680664
2008-07-30,30.8663330078125
2008-07-31,30.928930282592773
2008-08-01,30.790576934814453
2008-08-04,30.578285217285156
2008-08-05,30.793916702270508
2008-08-06,30.588228225708008
2008-08-07,30.551746368408203
2008-08-08,30.60480499267578
2008-08-11,30.518573760986328
2008-08-12,30.637977600097656
2008-08-13,30.68443489074707
2008-08-14,30.68443489074707
2008-08-15,30.754087448120117
2008-08-18,30.68443489074707
2008-08-19,30.744121551513672
2008-08-20,30.73749542236328
2008-08-21,30.694377899169922
2008-08-22,30.518573760986328
2008-08-25,30.68443489074707
2008-08-26,30.518573760986328
2008-08-27,30.551746368408203
2008-08-28,30.59486961364746
2008-08-29,30.65125274658203
2008-09-02,30.657941818237305
2008-09-03,30.758129119873047
2008-09-04,30.89173126220703
2008-09-05,30.864986419677734
2008-09-08,30.828250885009766
2008-09-09,30.895044326782227
2008-09-10,30.72472381591797
2008-09-11,30.72472381591797
2008-09-12,30.72472381591797
2008-09-15,29.595922470092773
2008-09-16,28.914640426635742
2008-09-17,27.17800521850586
2008-09-18,29.32208824157715
2008-09-19,29.69611167907715
2008-09-22,29.66941261291504
2008-09-23,29.378864288330078
2008-09-24,29.642704010009766
2008-09-25,28.887939453125
2008-09-26,28.787736892700195
2008-09-29,26.45667266845703
2008-09-30,27.385089874267578
2008-10-01,28.577346801757812
2008-10-02,27.833030700683594
2008-10-03,27.731983184814453
2008-10-06,26.724960327148438
2008-10-07,26.273637771606445
2008-10-08,25.175687789916992
2008-10-09,24.589641571044922
2008-10-10,22.949445724487305
2008-10-13,25.76508140563965
2008-10-14,25.93349838256836
2008-10-15,24.801841735839844
2008-10-16,23.862167358398438
2008-10-17,23.575883865356445
2008-10-20,24.04741096496582
2008-10-21,23.909330368041992
2008-10-22,23.710622787475586
2008-10-23,24.11139678955078
2008-10-24,23.508529663085938
2008-10-27,22.312896728515625
2008-10-28,22.56549835205078
2008-10-29,23.592735290527344
2008-10-30,24.2393856048584
2008-10-31,24.249494552612305
2008-11-03,24.446746826171875
2008-11-04,24.722171783447266
2008-11-05,24.518131256103516
2008-11-06,24.518131256103516
2008-11-07,24.77316665649414
2008-11-10,24.7766056060791
2008-11-11,24.732383728027344
2008-11-12,24.38210105895996
2008-11-13,24.25290870666504
2008-11-14,23.957042694091797
2008-11-17,23.586374282836914
2008-11-18,23.08990478515625
2008-11-19,22.300973892211914
2008-11-20,21.55965232849121
2008-11-21,21.773862838745117
2008-11-24,21.87249183654785
2008-11-25,22.100339889526367
2008-11-26,22.61382484436035
2008-11-28,22.528812408447266
2008-12-01,22.064144134521484
2008-12-02,22.30128288269043
2008-12-03,22.304719924926758
2008-12-04,22.17411994934082
2008-12-05,22.184432983398438
2008-12-08,22.44219207763672
2008-12-09,22.273792266845703
2008-12-10,22.256616592407227
2008-12-11,22.084762573242188
2008-12-12,22.390644073486328
2008-12-15,22.273792266845703
2008-12-16,22.68619728088379
2008-12-17,23.26703643798828
2008-12-18,24.617677688598633
2008-12-19,24.45270538330078
2008-12-22,25.432207107543945
2008-12-23,25.803375244140625
2008-12-24,25.3978271484375
2008-12-26,25.882417678833008
2008-12-29,26.05682945251465
2008-12-30,26.136432647705078
2008-12-31,26.3060302734375
2009-01-02,26.222970962524414
2009-01-05,27.4896297454834
2009-01-06,27.72150993347168
2009-01-07,27.21969985961914
2009-01-08,26.82516098022461
2009-01-09,27.21969985961914
2009-01-12,26.62788963317871
2009-01-13,26.53097915649414
2009-01-14,26.191814422607422
2009-01-15,26.08799934387207
2009-01-16,26.299110412597656
2009-01-20,25.84919548034668
2009-01-21,25.852651596069336
2009-01-22,25.783443450927734
2009-01-23,25.37159538269043
2009-01-26,25.437345504760742
2009-01-27,25.672706604003906
2009-01-28,26.582883834838867
2009-01-29,25.921844482421875
2009-01-30,26.039541244506836
2009-02-02,25.484745025634766
2009-02-03,25.530200958251953
2009-02-04,25.509199142456055
2009-02-05,25.299467086791992
2009-02-06,25.809865951538086
2009-02-09,26.009140014648438
2009-02-10,25.83782386779785
2009-02-11,25.778390884399414
2009-02-12,25.697996139526367
2009-02-13,25.79937171936035
2009-02-17,25.142168045043945
2009-02-18,24.99181365966797
2009-02-19,25.117679595947266
2009-02-20,24.750625610351562
2009-02-23,24.128347396850586
2009-02-24,24.470947265625
2009-02-25,24.352092742919922
2009-02-26,23.86965560913086
2009-02-27,23.509593963623047
2009-03-02,23.021596908569336
2009-03-03,23.11347007751465
2009-03-04,23.109941482543945
2009-03-05,22.014509201049805
2009-03-06,21.90850830078125
2009-03-09,21.781293869018555
2009-03-10,22.859050750732422
2009-03-11,23.223020553588867
2009-03-12,23.608173370361328
2009-03-13,23.661184310913086
2009-03-16,23.795454025268555
2009-03-17,23.661184310913086
2009-03-18,24.205352783203125
2009-03-19,23.99335289001465
2009-03-20,23.947410583496094
2009-03-23,24.442119598388672
2009-03-24,24.48805046081543
2009-03-25,24.618793487548828
2009-03-26,25.00043487548828
2009-03-27,24.746004104614258
2009-03-30,23.58698272705078
2009-03-31,23.9580020904541
2009-04-01,23.995901107788086
2009-04-02,24.868488311767578
2009-04-03,25.218961715698242
2009-04-06,25.136688232421875
2009-04-07,24.847034454345703
2009-04-08,25.140277862548828
2009-04-09,25.855518341064453
2009-04-13,25.837627410888672
2009-04-14,25.705303192138672
2009-04-15,25.9234561920166
2009-04-16,26.334697723388672
2009-04-17,26.910459518432617
2009-04-20,25.92702293395996
2009-04-21,26.220285415649414
2009-04-22,26.345439910888672
2009-04-23,26.31682586669922
2009-04-24,26.72452735900879
2009-04-27,26.513507843017578
2009-04-28,26.570737838745117
2009-04-29,27.064233779907227
2009-04-30,27.275249481201172
2009-05-01,27.232336044311523
2009-05-04,27.1674861907959
2009-05-05,27.401731491088867
2009-05-06,27.628782272338867
2009-05-07,27.174697875976562
2009-05-08,27.661218643188477
2009-05-11,27.517070770263672
2009-05-12,27.62519073486328
2009-05-13,27.264787673950195
2009-05-14,26.976469039916992
2009-05-15,26.5980281829834
2009-05-18,27.16387176513672
2009-05-19,27.344083786010742
2009-05-20,27.747718811035156
2009-05-21,27.390928268432617
2009-05-22,27.76935577392578
2009-05-26,27.697265625
2009-05-27,27.747718811035156
2009-05-28,27.845048904418945
2009-05-29,28.054079055786133
2009-06-01,28.717920303344727
2009-06-02,28.6342716217041
2009-06-03,28.47055435180664
2009-06-04,28.557849884033203
2009-06-05,28.64881706237793
2009-06-08,28.699743270874023
2009-06-09,28.754281997680664
2009-06-10,28.79067611694336
2009-06-11,28.85614585876465
2009-06-12,29.00527000427246
2009-06-15,28.576053619384766
2009-06-16,28.303234100341797
2009-06-17,28.139562606811523
2009-06-18,28.408737182617188
2009-06-19,28.437837600708008
2009-06-22,28.052242279052734
2009-06-23,28.099529266357422
2009-06-24,28.241413116455078
2009-06-25,28.510574340820312
2009-06-26,28.503293991088867
2009-06-29,28.859783172607422
2009-06-30,28.99437141418457
2009-07-01,29.065954208374023
2009-07-02,28.559383392333984
2009-07-06,28.13355827331543
2009-07-07,27.740758895874023
2009-07-08,27.90961456298828
2009-07-09,28.30973243713379
2009-07-10,28.093175888061523
2009-07-13,28.15558624267578
2009-07-14,28.265697479248047
2009-07-15,28.88976287841797
2009-07-16,28.977859497070312
2009-07-17,29.003551483154297
2009-07-20,29.407329559326172
2009-07-21,29.550518035888672
2009-07-22,29.58722686767578
2009-07-23,29.888216018676758
2009-07-24,30.064430236816406
2009-07-27,30.119491577148438
2009-07-28,30.152503967285156
2009-07-29,30.25531005859375
2009-07-30,30.504934310913086
2009-07-31,31.000457763671875
2009-08-03,31.05934715270996
2009-08-04,30.992753982543945
2009-08-05,30.892765045166016
2009-08-06,30.648427963256836
2009-08-07,30.863162994384766
2009-08-10,31.003843307495117
2009-08-11,30.929792404174805
2009-08-12,30.8520450592041
2009-08-13,30.45964813232422
2009-08-14,30.307886123657227
2009-08-17,29.56747817993164
2009-08-18,30.078332901000977
2009-08-19,30.20050621032715
2009-08-20,30.107967376708984
2009-08-21,30.518875122070312
2009-08-24,30.35968780517578
2009-08-25,30.35597801208496
2009-08-26,30.47445297241211
2009-08-27,30.318965911865234
2009-08-28,30.470746994018555
2009-08-31,30.47445297241211
2009-09-01,30.188064575195312
2009-09-02,30.02751922607422
2009-09-03,30.22166633605957
2009-09-04,30.453153610229492
2009-09-08,30.886293411254883
2009-09-09,30.59504508972168
2009-09-10,31.06924057006836
2009-09-11,31.364215850830078
2009-09-14,31.40157127380371
2009-09-15,31.62558364868164
2009-09-16,32.032596588134766
2009-09-17,32.08858871459961
2009-09-18,31.99898338317871
2009-09-21,32.017642974853516
2009-09-22,31.980304718017578
2009-09-23,32.0774040222168
2009-09-24,32.13713455200195
2009-09-25,32.032596588134766
2009-09-28,32.28648376464844
2009-09-29,32.2491340637207
2009-09-30,32.24167251586914
2009-10-01,31.392759323120117
2009-10-02,31.404056549072266
2009-10-05,31.825672149658203
2009-10-06,31.71651268005371
2009-10-07,31.949926376342773
2009-10-08,32.15321350097656
2009-10-09,32.277442932128906
2009-10-12,32.2698860168457
2009-10-13,32.26237106323242
2009-10-14,32.39036560058594
2009-10-15,32.38283157348633
2009-10-16,32.37907409667969
2009-10-19,32.38660430908203
2009-10-20,32.44685745239258
2009-10-21,32.50331497192383
2009-10-22,32.751773834228516
2009-10-23,32.6953239440918
2009-10-26,32.71412658691406
2009-10-27,32.458126068115234
2009-10-28,31.923568725585938
2009-10-29,32.371543884277344
2009-10-30,32.0666389465332
2009-11-02,32.31827163696289
2009-11-03,32.390403747558594
2009-11-04,32.43975830078125
2009-11-05,32.466331481933594
2009-11-06,32.49671173095703
2009-11-09,32.62575149536133
2009-11-10,32.61439514160156
2009-11-11,32.63332748413086
2009-11-12,32.67131423950195
2009-11-13,32.60677719116211
2009-11-16,32.758636474609375
2009-11-17,32.75101089477539
2009-11-18,32.66749572753906
2009-11-19,32.735836029052734
2009-11-20,32.72825622558594
2009-11-23,32.69404983520508
2009-11-24,32.71307373046875
2009-11-25,32.72825622558594
2009-11-27,32.50049591064453
2009-11-30,32.60677719116211
2009-12-01,32.76815414428711
2009-12-02,32.80254364013672
2009-12-03,32.84458923339844
2009-12-04,32.978424072265625
2009-12-07,33.02050018310547
2009-12-08,33.0587272644043
2009-12-09,33.0587272644043
2009-12-10,33.22313690185547
2009-12-11,33.24227523803711
2009-12-14,33.50991439819336
2009-12-15,33.475494384765625
2009-12-16,33.5519905090332
2009-12-17,33.53282928466797
2009-12-18,33.51374816894531
2009-12-21,33.613136291503906
2009-12-22,33.6857795715332
2009-12-23,33.76605987548828
2009-12-24,33.89226531982422
2009-12-28,33.79286575317383
2009-12-29,33.61198043823242
2009-12-30,33.754364013671875
2009-12-31,33.80825424194336
2010-01-04,34.073822021484375
2010-01-05,34.2354621887207
2010-01-06,34.32398986816406
2010-01-07,34.462562561035156
2010-01-08,34.51642990112305
2010-01-11,34.485652923583984
2010-01-12,34.30859375
2010-01-13,34.38555908203125
2010-01-14,34.424041748046875
2010-01-15,34.28551483154297
2010-01-19,34.30088424682617
2010-01-20,34.25087356567383
2010-01-21,33.71586227416992
2010-01-22,33.396427154541016
2010-01-25,33.44647216796875
2010-01-26,33.48880386352539
2010-01-27,33.50035095214844
2010-01-28,33.35792922973633
2010-01-29,33.188575744628906
2010-02-01,33.34878158569336
2010-02-02,33.44963073730469
2010-02-03,33.620262145996094
2010-02-04,33.14320373535156
2010-02-05,32.949275970458984
2010-02-08,32.805747985839844
2010-02-09,32.87169647216797
2010-02-10,32.429561614990234
2010-02-11,32.5614128112793
2010-02-12,32.54201889038086
2010-02-16,32.86394500732422
2010-02-17,33.11603546142578
2010-02-18,33.43022918701172
2010-02-19,33.655174255371094
2010-02-22,33.6978874206543
2010-02-23,33.45349884033203
2010-02-24,33.58148193359375
2010-02-25,33.58537673950195
2010-02-26,33.810325622558594
2010-03-01,33.83613204956055
2010-03-02,34.054969787597656
2010-03-03,34.09010696411133
2010-03-04,34.117469787597656
2010-03-05,34.320674896240234
2010-03-08,34.3284912109375
2010-03-09,34.47698211669922
2010-03-10,34.48871994018555
2010-03-11,34.45745086669922
2010-03-12,34.46525573730469
2010-03-15,34.426177978515625
2010-03-16,34.543399810791016
2010-03-17,34.543399810791016
2010-03-18,34.59419250488281
2010-03-19,34.422279357910156
2010-03-22,34.586395263671875
2010-03-23,34.582489013671875
2010-03-24,34.56294631958008
2010-03-25,34.64500427246094
2010-03-26,34.633277893066406
2010-03-29,34.6762809753418
2010-03-30,34.641109466552734
2010-03-31,34.531673431396484
2010-04-01,34.448204040527344
2010-04-05,34.43247985839844
2010-04-06,34.65688705444336
2010-04-07,34.70806884765625
2010-04-08,34.76710510253906
2010-04-09,34.818302154541016
2010-04-12,34.8261833190918
2010-04-13,34.9206657409668
2010-04-14,35.01513671875
2010-04-15,35.109619140625
2010-04-16,34.8261833190918
2010-04-19,34.759246826171875
2010-04-20,35.13324737548828
2010-04-21,35.13719940185547
2010-04-22,35.03483200073242
2010-04-23,35.2631721496582
2010-04-26,35.2631721496582
2010-04-27,34.818302154541016
2010-04-28,34.8419189453125
2010-04-29,35.08209991455078
2010-04-30,35.19623947143555
2010-05-03,35.19227981567383
2010-05-04,34.831417083740234
2010-05-05,34.35560607910156
2010-05-06,33.50304412841797
2010-05-07,33.49908447265625
2010-05-10,34.12560272216797
2010-05-11,34.0859260559082
2010-05-12,34.50230407714844
2010-05-13,34.28818130493164
2010-05-14,34.08991241455078
2010-05-17,34.04628372192383
2010-05-18,33.97493362426758
2010-05-19,33.77665710449219
2010-05-20,32.76944351196289
2010-05-21,33.427711486816406
2010-05-24,33.47926330566406
2010-05-25,33.439632415771484
2010-05-26,33.03910827636719
2010-05-27,33.4951057434082
2010-05-28,33.55061721801758
2010-06-01,33.392024993896484
2010-06-02,33.56381607055664
2010-06-03,33.5758056640625
2010-06-04,33.38801193237305
2010-06-07,33.15627670288086
2010-06-08,33.20822525024414
2010-06-09,33.28013610839844
2010-06-10,33.61977005004883
2010-06-11,33.66770553588867
2010-06-14,33.71167755126953
2010-06-15,34.03932571411133
2010-06-16,34.06727981567383
2010-06-17,34.322994232177734
2010-06-18,34.47085189819336
2010-06-21,34.59469223022461
2010-06-22,34.346961975097656
2010-06-23,34.322994232177734
2010-06-24,34.08726501464844
2010-06-25,34.24311828613281
2010-06-28,34.319026947021484
2010-06-29,33.975364685058594
2010-06-30,33.923458099365234
2010-07-01,34.08564376831055
2010-07-02,34.09371566772461
2010-07-06,34.3633918762207
2010-07-07,34.77796936035156
2010-07-08,34.93901062011719
2010-07-09,34.858497619628906
2010-07-12,34.8303108215332
2010-07-13,35.09999084472656
2010-07-14,35.06779861450195
2010-07-15,35.12012481689453
2010-07-16,34.906803131103516
2010-07-19,35.02352523803711
2010-07-20,35.30526351928711
2010-07-21,35.28921890258789
2010-07-22,35.6031494140625
2010-07-23,35.7641487121582
2010-07-26,35.7802848815918
2010-07-27,35.73196792602539
2010-07-28,35.65550231933594
2010-07-29,35.7641487121582
2010-07-30,35.67157745361328
2010-08-02,35.85762023925781
2010-08-03,35.85762023925781
2010-08-04,35.83732604980469
2010-08-05,35.82111358642578
2010-08-06,35.81303024291992
2010-08-09,35.748172760009766
2010-08-10,35.73602294921875
2010-08-11,35.26996612548828
2010-08-12,35.14840316772461
2010-08-13,35.30239486694336
2010-08-16,35.34698486328125
2010-08-17,35.4807014465332
2010-08-18,35.54146957397461
2010-08-19,35.468563079833984
2010-08-20,35.553688049316406
2010-08-23,35.553688049316406
2010-08-24,35.36723327636719
2010-08-25,35.3185920715332
2010-08-26,35.26996612548828
2010-08-27,35.265933990478516
2010-08-30,35.33073043823242
2010-08-31,35.3185920715332
2010-09-01,35.70024108886719
2010-09-02,35.75740432739258
2010-09-03,35.86354446411133
2010-09-07,35.81047821044922
2010-09-08,35.818626403808594
2010-09-09,35.96149826049805
2010-09-10,36.05538558959961
2010-09-13,36.24314880371094
2010-09-14,36.23497772216797
2010-09-15,36.202354431152344
2010-09-16,36.26356887817383
2010-09-17,36.32889938354492
2010-09-20,36.38602828979492
2010-09-21,36.32478332519531
2010-09-22,36.17783737182617
2010-09-23,36.083946228027344
2010-09-24,36.22681427001953
2010-09-27,36.28806686401367
2010-09-28,36.341102600097656
2010-09-29,36.426849365234375
2010-09-30,36.61052703857422
2010-10-01,36.65861511230469
2010-10-04,36.531219482421875
2010-10-05,36.66272735595703
2010-10-06,36.62985610961914
2010-10-07,36.703792572021484
2010-10-08,36.827056884765625
2010-10-11,36.90511703491211
2010-10-12,36.87224578857422
2010-10-13,36.9954948425293
2010-10-14,36.8188591003418
2010-10-15,36.9133415222168
2010-10-18,36.86404037475586
2010-10-19,36.85993576049805
2010-10-20,36.97498321533203
2010-10-21,36.91744613647461
2010-10-22,37.08590316772461
2010-10-25,37.2297248840332
2010-10-26,37.2872428894043
2010-10-27,37.24614334106445
2010-10-28,37.266700744628906
2010-10-29,37.283145904541016
2010-11-01,37.21323013305664
2010-11-02,37.39523696899414
2010-11-03,37.51929473876953
2010-11-04,38.00738525390625
2010-11-05,37.96603012084961
2010-11-08,37.85435104370117
2010-11-09,37.74675369262695
2010-11-10,37.436580657958984
2010-11-11,37.28767776489258
2010-11-12,37.15116500854492
2010-11-15,37.08087158203125
2010-11-16,36.67138671875
2010-11-17,36.857521057128906
2010-11-18,37.32490539550781
2010-11-19,37.3125
2010-11-22,37.05192184448242
2010-11-23,36.54316329956055
2010-11-24,36.76237106323242
2010-11-26,36.630043029785156
2010-11-29,36.72515106201172
2010-11-30,36.8078727722168
2010-12-01,37.14848327636719
2010-12-02,37.1693000793457
2010-12-03,37.231727600097656
2010-12-06,37.21092224121094
2010-12-07,37.40247344970703
2010-12-08,37.28173065185547
2010-12-09,37.20259475708008
2010-12-10,37.21928405761719
2010-12-13,37.031898498535156
2010-12-14,37.215084075927734
2010-12-15,37.06934356689453
2010-12-16,37.20677185058594
2010-12-17,37.26088333129883
2010-12-20,37.3275260925293
2010-12-21,37.4066276550293
2010-12-22,37.510704040527344
2010-12-23,37.5482063293457
2010-12-27,37.57732391357422
2010-12-28,37.60124206542969
2010-12-29,37.726932525634766
2010-12-30,37.76884078979492
2010-12-31,37.83587646484375
2011-01-03,37.865203857421875
2011-01-04,38.037025451660156
2011-01-05,38.13343048095703
2011-01-06,38.179508209228516
2011-01-07,38.032833099365234
2011-01-10,38.00349807739258
2011-01-11,38.15019226074219
2011-01-12,38.22978973388672
2011-01-13,38.22142028808594
2011-01-14,38.28424835205078
2011-01-18,38.280094146728516
2011-01-19,38.16276931762695
2011-01-20,38.087318420410156
2011-01-21,38.24238967895508
2011-01-24,38.29684066772461
2011-01-25,38.35550308227539
2011-01-26,38.43510818481445
2011-01-27,38.48543167114258
2011-01-28,38.254940032958984
2011-01-31,38.46026611328125
2011-02-01,38.5357780456543
2011-02-02,38.57792663574219
2011-02-03,38.57792663574219
2011-02-04,38.74665832519531
2011-02-07,38.818321228027344
2011-02-08,38.86049270629883
2011-02-09,38.64120864868164
2011-02-10,38.683380126953125
2011-02-11,38.78038787841797
2011-02-14,38.80990982055664
2011-02-15,38.73398971557617
2011-02-16,38.74665832519531
2011-02-17,38.83521270751953
2011-02-18,38.95330810546875
2011-02-22,38.63276290893555
2011-02-23,38.67072296142578
2011-02-24,38.70026779174805
2011-02-25,38.818321228027344
2011-02-28,39.0123405456543
2011-03-01,38.95250701904297
2011-03-02,38.9864616394043
2011-03-03,39.126529693603516
2011-03-04,39.045894622802734
2011-03-07,39.05436325073242
2011-03-08,39.020423889160156
2011-03-09,38.910064697265625
2011-03-10,38.70634460449219
2011-03-11,38.697872161865234
2011-03-14,38.54081344604492
2011-03-15,38.34133529663086
2011-03-16,38.10367202758789
2011-03-17,38.515342712402344
2011-03-18,38.697872161865234
2011-03-21,38.93552780151367
2011-03-22,38.956748962402344
2011-03-23,38.910064697265625
2011-03-24,38.94404220581055
2011-03-25,38.956748962402344
2011-03-28,38.9694938659668
2011-03-29,38.990718841552734
2011-03-30,39.05012893676758
2011-03-31,39.028892517089844
2011-04-01,38.98193359375
2011-04-04,39.22108459472656
2011-04-05,39.178382873535156
2011-04-06,39.263771057128906
2011-04-07,39.30222702026367
2011-04-08,39.30222702026367
2011-04-11,39.263771057128906
2011-04-12,39.13991928100586
2011-04-13,39.32782745361328
2011-04-14,39.16981506347656
2011-04-15,39.22108459472656
2011-04-18,39.084415435791016
2011-04-19,39.22108459472656
2011-04-20,39.37055206298828
2011-04-21,39.4644660949707
2011-04-25,39.42178726196289
2011-04-26,39.511505126953125
2011-04-27,39.53711700439453
2011-04-28,39.5584602355957
2011-04-29,39.652408599853516
2011-05-02,39.6322135925293
2011-05-03,39.64082717895508
2011-05-04,39.62791061401367
2011-05-05,39.46463394165039
2011-05-06,39.66658401489258
2011-05-09,39.71815872192383
2011-05-10,39.80410385131836
2011-05-11,39.743934631347656
2011-05-12,39.78262710571289
2011-05-13,39.61930847167969
2011-05-16,39.69666290283203
2011-05-17,39.765403747558594
2011-05-18,39.812660217285156
2011-05-19,39.795528411865234
2011-05-20,39.765403747558594
2011-05-23,39.57636642456055
2011-05-24,39.51189041137695
2011-05-25,39.51189041137695
2011-05-26,39.4775390625
2011-05-27,39.59783172607422
2011-05-31,39.70525360107422
2011-06-01,39.47438430786133
2011-06-02,39.44844436645508
2011-06-03,39.292789459228516
2011-06-06,39.197689056396484
2011-06-07,39.16740036010742
2011-06-08,38.98149108886719
2011-06-09,39.00743865966797
2011-06-10,38.7523078918457
2011-06-13,38.605323791503906
2011-06-14,38.847450256347656
2011-06-15,38.68315887451172
2011-06-16,37.99568557739258
2011-06-17,38.41511917114258
2011-06-20,38.68315887451172
2011-06-21,38.94261169433594
2011-06-22,38.66154098510742
2011-06-23,38.86909103393555
2011-06-24,38.68315887451172
2011-06-27,38.67451477050781
2011-06-28,38.83017349243164
2011-06-29,39.21498107910156
2011-06-30,39.478694915771484
2011-07-01,39.68844985961914
2011-07-05,39.74066925048828
2011-07-06,39.75807189941406
2011-07-07,39.91470718383789
2011-07-08,39.80591583251953
2011-07-11,39.4142951965332
2011-07-12,39.30551528930664
2011-07-13,39.6101188659668
2011-07-14,39.5883674621582
2011-07-15,39.57528305053711
2011-07-18,39.50565719604492
2011-07-19,39.68408203125
2011-07-20,39.71889114379883
2011-07-21,39.910335540771484
2011-07-22,39.96257781982422
2011-07-25,39.74937438964844
2011-07-26,39.83203887939453
2011-07-27,39.518741607666016
2011-07-28,39.57963562011719
2011-07-29,39.61880874633789
2011-08-01,39.706817626953125
2011-08-02,39.21647644042969
2011-08-03,39.194618225097656
2011-08-04,38.06515121459961
2011-08-05,38.025718688964844
2011-08-08,36.40595245361328
2011-08-09,37.517906188964844
2011-08-10,36.88312911987305
2011-08-11,37.55290222167969
2011-08-12,37.377811431884766
2011-08-15,37.986324310302734
2011-08-16,37.745540618896484
2011-08-17,38.16142272949219
2011-08-18,37.6973876953125
2011-08-19,37.36906433105469
2011-08-22,37.41285705566406
2011-08-23,37.693031311035156
2011-08-24,37.522281646728516
2011-08-25,37.2202033996582
2011-08-26,37.596717834472656
2011-08-29,37.977577209472656
2011-08-30,38.047611236572266
2011-08-31,38.53794479370117
2011-09-01,38.5128059387207
2011-09-02,38.33218002319336
2011-09-06,37.87836456298828
2011-09-07,38.06340408325195
2011-09-08,38.182395935058594
2011-09-09,37.83870315551758
2011-09-12,37.51266098022461
2011-09-13,37.79903793334961
2011-09-14,38.05019760131836
2011-09-15,38.30573654174805
2011-09-16,38.28371047973633
2011-09-19,38.226436614990234
2011-09-20,38.28810119628906
2011-09-21,37.95766067504883
2011-09-22,37.442176818847656
2011-09-23,37.54349899291992
2011-09-26,37.68449020385742
2011-09-27,37.728538513183594
2011-09-28,37.30557632446289
2011-09-29,37.23509979248047
2011-09-30,36.49486541748047
2011-10-03,36.05495071411133
2011-10-04,35.94407653808594
2011-10-05,36.383113861083984
2011-10-06,36.94635009765625
2011-10-07,36.977378845214844
2011-10-10,37.77122116088867
2011-10-11,37.354347229003906
2011-10-12,38.22356414794922
2011-10-13,38.06390380859375
2011-10-14,38.329994201660156
2011-10-17,38.10826873779297
2011-10-18,38.31224822998047
2011-10-19,38.18806838989258
2011-10-20,38.525123596191406
2011-10-21,38.990779876708984
2011-10-24,40.046234130859375
2011-10-25,39.3366813659668
2011-10-26,39.505210876464844
2011-10-27,40.0861930847168
2011-10-28,39.9664306640625
2011-10-31,39.593936920166016
2011-11-01,38.88727569580078
2011-11-02,39.257530212402344
2011-11-03,39.64566421508789
2011-11-04,39.60551452636719
2011-11-07,39.4716682434082
2011-11-08,39.560909271240234
2011-11-09,38.722206115722656
2011-11-10,38.76237869262695
2011-11-11,39.27539825439453
2011-11-14,39.01218795776367
2011-11-15,38.90959167480469
2011-11-16,38.53041458129883
2011-11-17,38.3430061340332
2011-11-18,38.31626510620117
2011-11-21,37.8835334777832
2011-11-22,37.593563079833984
2011-11-23,36.91544723510742
2011-11-25,36.91544723510742
2011-11-28,37.74077606201172
2011-11-29,37.986148834228516
2011-11-30,38.632999420166016
2011-12-01,38.80314636230469
2011-12-02,39.02313995361328
2011-12-05,39.24310302734375
2011-12-06,39.4182243347168
2011-12-07,39.292510986328125
2011-12-08,39.03660583496094
2011-12-09,39.373321533203125
2011-12-12,39.16230392456055
2011-12-13,39.01414489746094
2011-12-14,38.94679260253906
2011-12-15,39.08597183227539
2011-12-16,39.27006530761719
2011-12-19,39.22068786621094
2011-12-20,39.71003341674805
2011-12-21,39.82229232788086
2011-12-22,39.97492218017578
2011-12-23,40.15898132324219
2011-12-27,40.3193359375
2011-12-28,40.129634857177734
2011-12-29,40.369022369384766
2011-12-30,40.39159393310547
2012-01-03,40.522586822509766
2012-01-04,40.454830169677734
2012-01-05,40.27867889404297
2012-01-06,40.15221405029297
2012-01-09,40.206417083740234
2012-01-10,40.346431732177734
2012-01-11,40.3057975769043
2012-01-12,40.251583099365234
2012-01-13,40.206417083740234
2012-01-17,40.28770446777344
2012-01-18,40.40060806274414
2012-01-19,40.459327697753906
2012-01-20,40.459327697753906
2012-01-23,40.59935760498047
2012-01-24,40.70326232910156
2012-01-25,41.06005096435547
2012-01-26,41.15937423706055
2012-01-27,41.01033401489258
2012-01-30,40.87937545776367
2012-01-31,40.98326873779297
2012-02-01,41.059112548828125
2012-02-02,41.08636474609375
2012-02-03,41.204463958740234
2012-02-06,41.21352767944336
2012-02-07,41.295284271240234
2012-02-08,41.331634521484375
2012-02-09,41.34980010986328
2012-02-10,40.990989685058594
2012-02-13,41.109066009521484
2012-02-14,41.109066009521484
2012-02-15,40.977352142333984
2012-02-16,41.14995193481445
2012-02-17,41.13631820678711
2012-02-21,41.29073715209961
2012-02-22,41.42247772216797
2012-02-23,41.57235336303711
2012-02-24,41.69951248168945
2012-02-27,41.70860290527344
2012-02-28,41.790382385253906
2012-02-29,41.844871520996094
2012-03-01,41.91659927368164
2012-03-02,41.74300003051758
2012-03-05,41.50996017456055
2012-03-06,40.95720672607422
2012-03-07,41.07142639160156
2012-03-08,41.39120864868164
2012-03-09,41.4369010925293
2012-03-12,41.4369010925293
2012-03-13,41.73841094970703
2012-03-14,41.63330841064453
2012-03-15,41.491722106933594
2012-03-16,41.340965270996094
2012-03-19,41.49627685546875
2012-03-20,41.464324951171875
2012-03-21,41.33182144165039
2012-03-22,41.43232727050781
2012-03-23,41.345497131347656
2012-03-26,41.5968132019043
2012-03-27,41.669883728027344
2012-03-28,41.5328254699707
2012-03-29,41.528289794921875
2012-03-30,41.446044921875
2012-04-02,41.51726531982422
2012-04-03,41.48051452636719
2012-04-04,41.32883834838867
2012-04-05,41.22771453857422
2012-04-09,41.016300201416016
2012-04-10,40.814083099365234
2012-04-11,41.06224060058594
2012-04-12,41.42995834350586
2012-04-13,41.29664611816406
2012-04-16,41.36100387573242
2012-04-17,41.54026412963867
2012-04-18,41.52646255493164
2012-04-19,41.448333740234375
2012-04-20,41.512672424316406
2012-04-23,41.425350189208984
2012-04-24,41.52183532714844
2012-04-25,41.82522201538086
2012-04-26,41.85279846191406
2012-04-27,41.83440399169922
2012-04-30,41.917152404785156
2012-05-01,41.94902801513672
2012-05-02,42.11077880859375
2012-05-03,42.08310317993164
2012-05-04,41.9998779296875
2012-05-07,42.06919479370117
2012-05-08,42.05995559692383
2012-05-09,41.91203689575195
2012-05-10,41.86581802368164
2012-05-11,41.972110748291016
2012-05-14,41.662479400634766
2012-05-15,41.45909881591797
2012-05-16,41.0523567199707
2012-05-17,40.48386764526367
2012-05-18,40.48386764526367
2012-05-21,40.904457092285156
2012-05-22,40.89985656738281
2012-05-23,40.858272552490234
2012-05-24,40.86748504638672
2012-05-25,40.73807144165039
2012-05-29,41.1864128112793
2012-05-30,41.00151062011719
2012-05-31,40.56705856323242
2012-06-01,40.214534759521484
2012-06-04,40.24711990356445
2012-06-05,40.502872467041016
2012-06-06,40.935386657714844
2012-06-07,41.088844299316406
2012-06-08,41.246978759765625
2012-06-11,40.97726821899414
2012-06-12,41.26560974121094
2012-06-13,41.14467239379883
2012-06-14,41.451622009277344
2012-06-15,41.526031494140625
2012-06-18,41.539981842041016
2012-06-19,41.83295440673828
2012-06-20,41.99573516845703
2012-06-21,41.651611328125
2012-06-22,41.93528366088867
2012-06-25,41.870182037353516
2012-06-26,41.809757232666016
2012-06-27,42.0609016418457
2012-06-28,42.05621337890625
2012-06-29,42.4561882019043
2012-07-02,42.50202560424805
2012-07-03,42.65635681152344
2012-07-05,42.661033630371094
2012-07-06,42.60489273071289
2012-07-09,42.61895751953125
2012-07-10,42.43184280395508
2012-07-11,42.56748580932617
2012-07-12,42.47393035888672
2012-07-13,42.60489273071289
2012-07-16,42.441192626953125
2012-07-17,42.64232635498047
2012-07-18,42.82006072998047
2012-07-19,42.92763137817383
2012-07-20,42.72651290893555
2012-07-23,42.65635681152344
2012-07-24,42.394439697265625
2012-07-25,42.305572509765625
2012-07-26,42.74054718017578
2012-07-27,42.99311828613281
2012-07-30,42.99311828613281
2012-07-31,42.89023208618164
2012-08-01,43.123016357421875
2012-08-02,42.94900894165039
2012-08-03,43.12773895263672
2012-08-06,43.09954071044922
2012-08-07,43.01483917236328
2012-08-08,43.04308319091797
2012-08-09,43.04777145385742
2012-08-10,43.010162353515625
2012-08-13,43.03367614746094
2012-08-14,43.09954071044922
2012-08-15,42.8925666809082
2012-08-16,43.05248260498047
2012-08-17,43.05248260498047
2012-08-20,43.10419845581055
2012-08-21,43.19829177856445
2012-08-22,43.15596008300781
2012-08-23,43.146522521972656
2012-08-24,43.33935546875
2012-08-27,43.306419372558594
2012-08-28,43.2688102722168
2012-08-29,43.32997131347656
2012-08-30,43.3111572265625
2012-08-31,43.424015045166016
2012-09-04,43.42308807373047
2012-09-05,43.42780303955078
2012-09-06,43.68318557739258
2012-09-07,43.75885009765625
2012-09-10,43.68790054321289
2012-09-11,43.9858512878418
2012-09-12,44.11825180053711
2012-09-13,44.40201187133789
2012-09-14,44.39728927612305
2012-09-17,44.35946273803711
2012-09-18,44.37834930419922
2012-09-19,44.32160949707031
2012-09-20,44.11351776123047
2012-09-21,44.05205535888672
2012-09-24,43.99531555175781
2012-09-25,43.60277557373047
2012-09-26,43.38521194458008
2012-09-27,43.8581657409668
2012-09-28,43.65007400512695
2012-10-01,43.57638168334961
2012-10-02,43.68574142456055
2012-10-03,43.795047760009766
2012-10-04,43.980506896972656
2012-10-05,43.95671844482422
2012-10-08,43.894901275634766
2012-10-09,43.77130889892578
2012-10-10,43.66674041748047
2012-10-11,43.904441833496094
2012-10-12,43.980506896972656
2012-10-15,44.180179595947266
2012-10-16,44.34180450439453
2012-10-17,44.441646575927734
2012-10-18,44.417877197265625
2012-10-19,44.19442367553711
2012-10-22,44.203948974609375
2012-10-23,44.037540435791016
2012-10-24,43.9995231628418
2012-10-25,44.070823669433594
2012-10-26,43.966251373291016
2012-10-31,44.01852798461914
2012-11-01,43.99476623535156
2012-11-02,43.932960510253906
2012-11-05,43.86164474487305
2012-11-06,43.928199768066406
2012-11-07,43.66674041748047
2012-11-08,43.524085998535156
2012-11-09,43.4480094909668
2012-11-12,43.46231460571289
2012-11-13,43.362464904785156
2012-11-14,43.124752044677734
2012-11-15,43.10573196411133
2012-11-16,43.229339599609375
2012-11-19,43.776058197021484
2012-11-20,43.78080749511719
2012-11-21,43.766571044921875
2012-11-23,43.9139404296875
2012-11-26,43.923423767089844
2012-11-27,43.966251373291016
2012-11-28,43.97574234008789
2012-11-29,44.17066955566406
2012-11-30,44.237205505371094
2012-12-03,44.46134567260742
2012-12-04,44.46134567260742
2012-12-05,44.533042907714844
2012-12-06,44.614288330078125
2012-12-07,44.54738998413086
2012-12-10,44.58561706542969
2012-12-11,44.62863540649414
2012-12-12,44.762454986572266
2012-12-13,44.60475158691406
2012-12-14,44.571285247802734
2012-12-17,44.74333190917969
2012-12-18,44.767215728759766
2012-12-19,44.71943283081055
2012-12-20,44.877166748046875
2012-12-21,44.74812316894531
2012-12-24,44.58561706542969
2012-12-26,44.6937255859375
2012-12-27,44.78504180908203
2012-12-28,44.6649169921875
2012-12-31,44.857112884521484
2013-01-02,45.279991149902344
2013-01-03,45.140625
2013-01-04,45.169456481933594
2013-01-07,45.20789337158203
2013-01-08,45.17429733276367
2013-01-09,45.26075744628906
2013-01-10,45.337646484375
2013-01-11,45.41933822631836
2013-01-14,45.35686111450195
2013-01-15,45.366477966308594
2013-01-16,45.28958511352539
2013-01-17,45.452972412109375
2013-01-18,45.51542663574219
2013-01-22,45.544288635253906
2013-01-23,45.49142074584961
2013-01-24,45.59231948852539
2013-01-25,45.57792282104492
2013-01-28,45.55388641357422
2013-01-29,45.47700500488281
2013-01-30,45.150211334228516
2013-01-31,45.010887145996094
2013-02-01,45.1601676940918
2013-02-04,44.971744537353516
2013-02-05,45.073204040527344
2013-02-06,45.005577087402344
2013-02-07,44.91862106323242
2013-02-08,44.928245544433594
2013-02-11,44.923458099365234
2013-02-12,45.078041076660156
2013-02-13,45.145660400390625
2013-02-14,45.12635803222656
2013-02-15,45.131160736083984
2013-02-19,45.17465591430664
2013-02-20,45.131160736083984
2013-02-21,45.17948913574219
2013-02-22,45.29061508178711
2013-02-25,45.1505126953125
2013-02-26,45.372737884521484
2013-02-27,45.450016021728516
2013-02-28,45.430721282958984
2013-03-01,45.52103042602539
2013-03-04,45.52590560913086
2013-03-05,45.618194580078125
2013-03-06,45.589073181152344
2013-03-07,45.65703582763672
2013-03-08,45.710445404052734
2013-03-11,45.681312561035156
2013-03-12,45.661930084228516
2013-03-13,45.671634674072266
2013-03-14,45.846466064453125
2013-03-15,45.84162139892578
2013-03-18,45.851348876953125
2013-03-19,45.77363586425781
2013-03-20,45.92418670654297
2013-03-21,45.84162139892578
2013-03-22,45.807621002197266
2013-03-25,45.7396354675293
2013-03-26,45.82218933105469
2013-03-27,45.744476318359375
2013-03-28,45.82704162597656
2013-04-01,45.90909194946289
2013-04-02,45.874874114990234
2013-04-03,45.874874114990234
2013-04-04,45.860252380371094
2013-04-05,45.9041748046875
2013-04-08,45.953025817871094
2013-04-09,46.09950256347656
2013-04-10,46.245941162109375
2013-04-11,46.245941162109375
2013-04-12,46.26062774658203
2013-04-15,45.967674255371094
2013-04-16,46.28504180908203
2013-04-17,46.21175765991211
2013-04-18,46.13854217529297
2013-04-19,46.1141242980957
2013-04-22,46.22154235839844
2013-04-23,46.402191162109375
2013-04-24,46.48521423339844
2013-04-25,46.61212921142578
2013-04-26,46.56332778930664
2013-04-29,46.65119934082031
2013-04-30,46.79767990112305
2013-05-01,46.70836639404297
2013-05-02,47.007652282714844
2013-05-03,47.08122634887695
2013-05-06,47.11068344116211
2013-05-07,47.076324462890625
2013-05-08,47.24315643310547
2013-05-09,47.10577392578125
2013-05-10,46.86042785644531
2013-05-13,46.66910934448242
2013-05-14,46.718204498291016
2013-05-15,46.723087310791016
2013-05-16,46.835941314697266
2013-05-17,46.835941314697266
2013-05-20,46.88497543334961
2013-05-21,46.97330856323242
2013-05-22,46.68385314941406
2013-05-23,46.55629348754883
2013-05-24,46.46797561645508
2013-05-28,46.296241760253906
2013-05-29,46.10977554321289
2013-05-30,46.203041076660156
2013-05-31,45.589744567871094
2013-06-03,45.549766540527344
2013-06-04,45.549766540527344
2013-06-05,45.155250549316406
2013-06-06,45.510318756103516
2013-06-07,45.5399055480957
2013-06-10,45.446189880371094
2013-06-11,45.16510772705078
2013-06-12,45.19962692260742
2013-06-13,45.71744918823242
2013-06-14,45.77168273925781
2013-06-17,45.76678466796875
2013-06-18,45.880210876464844
2013-06-19,45.19469451904297
2013-06-20,44.750816345214844
2013-06-21,44.45986557006836
2013-06-24,43.91240310668945
2013-06-25,44.53876495361328
2013-06-26,44.90865707397461
2013-06-27,45.12565994262695
2013-06-28,44.819854736328125
2013-07-01,45.062801361083984
2013-07-02,44.923973083496094
2013-07-03,45.028114318847656
2013-07-05,44.54718780517578
2013-07-08,45.16200256347656
2013-07-09,45.18675994873047
2013-07-10,45.365264892578125
2013-07-11,45.93540954589844
2013-07-12,45.890804290771484
2013-07-15,46.084171295166016
2013-07-16,45.97011947631836
2013-07-17,46.30727005004883
2013-07-18,46.58488464355469
2013-07-19,46.555206298828125
2013-07-22,46.589866638183594
2013-07-23,46.47585678100586
2013-07-24,46.084171295166016
2013-07-25,45.98003387451172
2013-07-26,45.9998664855957
2013-07-29,45.90071105957031
2013-07-30,45.96517562866211
2013-07-31,46.099029541015625
2013-08-01,45.66208267211914
2013-08-02,45.941078186035156
2013-08-05,45.70689010620117
2013-08-06,45.66208267211914
2013-08-07,45.517601013183594
2013-08-08,45.61724853515625
2013-08-09,45.622215270996094
2013-08-12,45.58235168457031
2013-08-13,45.58235168457031
2013-08-14,45.49266815185547
2013-08-15,45.25852584838867
2013-08-16,45.10405349731445
2013-08-19,44.80514907836914
2013-08-20,45.218666076660156
2013-08-21,45.05424499511719
2013-08-22,45.29836654663086
2013-08-23,45.48772048950195
2013-08-26,45.49266815185547
2013-08-27,45.198734283447266
2013-08-28,45.368125915527344
2013-08-29,45.552467346191406
2013-08-30,45.512603759765625
2013-09-03,45.27223587036133
2013-09-04,45.44248580932617
2013-09-05,45.21207046508789
2013-09-06,45.362361907958984
2013-09-09,45.477561950683594
2013-09-10,45.63784408569336
2013-09-11,45.697933197021484
2013-09-12,45.642822265625
2013-09-13,45.6077766418457
2013-09-16,45.85822296142578
2013-09-17,46.00844955444336
2013-09-18,46.44920349121094
2013-09-19,46.31401062011719
2013-09-20,46.258872985839844
2013-09-23,46.25387191772461
2013-09-24,46.15371322631836
2013-09-25,46.07356643676758
2013-09-26,46.04851531982422
2013-09-27,45.99843978881836
2013-09-30,45.86821746826172
2013-10-01,46.06703186035156
2013-10-02,46.08715057373047
2013-10-03,46.117374420166016
2013-10-04,46.19788360595703
2013-10-07,46.07708740234375
2013-10-08,46.05696105957031
2013-10-09,46.09721755981445
2013-10-10,46.308624267578125
2013-10-11,46.39418411254883
2013-10-14,46.464637756347656
2013-10-15,46.44953918457031
2013-10-16,46.69612121582031
2013-10-17,46.92263412475586
2013-10-18,47.018245697021484
2013-10-21,46.912574768066406
2013-10-22,47.053470611572266
2013-10-23,47.09375
2013-10-24,47.108848571777344
2013-10-25,47.12397003173828
2013-10-28,47.11390686035156
2013-10-29,47.189388275146484
2013-10-30,46.998146057128906
2013-10-31,47.023292541503906
2013-11-01,46.9423713684082
2013-11-04,47.023292541503906
2013-11-05,46.8968620300293
2013-11-06,47.03343200683594
2013-11-07,47.06373977661133
2013-11-08,46.98284912109375
2013-11-11,46.80583190917969
2013-11-12,46.74008560180664
2013-11-13,46.917083740234375
2013-11-14,47.053611755371094
2013-11-15,47.12444305419922
2013-11-18,46.987884521484375
2013-11-19,46.967681884765625
2013-11-20,46.92213821411133
2013-11-21,47.083988189697266
2013-11-22,47.11940383911133
2013-11-25,47.19019317626953
2013-11-26,47.22560501098633
2013-11-27,47.19523239135742
2013-11-29,47.245784759521484
2013-12-02,47.26107406616211
2013-12-03,47.21532440185547
2013-12-04,47.09336471557617
2013-12-05,47.057769775390625
2013-12-06,47.1899299621582
2013-12-09,47.36268615722656
2013-12-10,47.36268615722656
2013-12-11,47.220436096191406
2013-12-12,47.1340446472168
2013-12-13,47.210262298583984
2013-12-16,47.250877380371094
2013-12-17,47.25596618652344
2013-12-18,47.33727264404297
2013-12-19,47.28647994995117
2013-12-20,47.31697463989258
2013-12-23,47.3525276184082
2013-12-24,47.327152252197266
2013-12-26,47.37157440185547
2013-12-27,47.366455078125
2013-12-30,47.40729904174805
2013-12-31,47.43793869018555
2014-01-02,47.5196533203125
2014-01-03,47.50437927246094
2014-01-06,47.60648727416992
2014-01-07,47.60648727416992
2014-01-08,47.575836181640625
2014-01-09,47.647361755371094
2014-01-10,47.79037857055664
2014-01-13,47.73928451538086
2014-01-14,47.810787200927734
2014-01-15,47.90782928466797
2014-01-16,47.88740539550781
2014-01-17,47.89762496948242
2014-01-21,47.95893859863281
2014-01-22,47.88740539550781
2014-01-23,47.826133728027344
2014-01-24,47.509464263916016
2014-01-27,47.494144439697266
2014-01-28,47.70354080200195
2014-01-29,47.560546875
2014-01-30,47.642276763916016
2014-01-31,47.626949310302734
2014-02-03,47.484249114990234
2014-02-04,47.54072189331055
2014-02-05,47.54072189331055
2014-02-06,47.71007537841797
2014-02-07,47.951332092285156
2014-02-10,47.98214340209961
2014-02-11,48.06427001953125
2014-02-12,47.987274169921875
2014-02-13,48.12583541870117
2014-02-14,48.20281982421875
2014-02-18,48.269569396972656
2014-02-19,48.146366119384766
2014-02-20,48.29523468017578
2014-02-21,48.336307525634766
2014-02-24,48.44411087036133
2014-02-25,48.50055694580078
2014-02-26,48.58265686035156
2014-02-27,48.67506790161133
2014-02-28,48.72636032104492
2014-03-03,48.681541442871094
2014-03-04,48.85686111450195
2014-03-05,48.76920700073242
2014-03-06,48.69699478149414
2014-03-07,48.51131820678711
2014-03-10,48.51646423339844
2014-03-11,48.46486282348633
2014-03-12,48.54738998413086
2014-03-13,48.41844940185547
2014-03-14,48.38233947753906
2014-03-17,48.449398040771484
2014-03-18,48.593849182128906
2014-03-19,48.34624481201172
2014-03-20,48.51131820678711
2014-03-21,48.480323791503906
2014-03-24,48.495853424072266
2014-03-25,48.593849182128906
2014-03-26,48.60416030883789
2014-03-27,48.53193283081055
2014-03-28,48.61445617675781
2014-03-31,48.686668395996094
2014-04-01,48.7773323059082
2014-04-02,48.725547790527344
2014-04-03,48.746273040771484
2014-04-04,48.86030960083008
2014-04-07,48.75661087036133
2014-04-08,48.87065887451172
2014-04-09,48.94839096069336
2014-04-10,48.80844497680664
2014-04-11,48.60116195678711
2014-04-14,48.75661087036133
2014-04-15,48.80844497680664
2014-04-16,48.83439636230469
2014-04-17,48.7773323059082
2014-04-21,48.7773323059082
2014-04-22,48.82919692993164
2014-04-23,48.84476089477539
2014-04-24,48.855106353759766
2014-04-25,48.839561462402344
2014-04-28,48.82919692993164
2014-04-29,48.901763916015625
2014-04-30,48.89137268066406
2014-05-01,48.84086990356445
2014-05-02,48.955448150634766
2014-05-05,48.93458557128906
2014-05-06,48.94499588012695
2014-05-07,49.017879486083984
2014-05-08,49.007476806640625
2014-05-09,49.054351806640625
2014-05-12,49.10636901855469
2014-05-13,49.184471130371094
2014-05-14,49.21049880981445
2014-05-15,49.16365432739258
2014-05-16,49.26258850097656
2014-05-19,49.33543014526367
2014-05-20,49.2729606628418
2014-05-21,49.267791748046875
2014-05-22,49.30420684814453
2014-05-23,49.31980895996094
2014-05-27,49.366695404052734
2014-05-28,49.38230514526367
2014-05-29,49.42912673950195
2014-05-30,49.481204986572266
2014-06-02,49.32381057739258
2014-06-03,49.329044342041016
2014-06-04,49.329044342041016
2014-06-05,49.44930648803711
2014-06-06,49.59050750732422
2014-06-09,49.64799499511719
2014-06-10,49.62191390991211
2014-06-11,49.62709045410156
2014-06-12,49.59572982788086
2014-06-13,49.65325164794922
2014-06-16,49.62709045410156
2014-06-17,49.59050750732422
2014-06-18,49.815372467041016
2014-06-19,49.80491256713867
2014-06-20,49.851951599121094
2014-06-23,49.84674072265625
2014-06-24,49.80491256713867
2014-06-25,49.878150939941406
2014-06-26,49.8258056640625
2014-06-27,49.8258056640625
2014-06-30,49.78396224975586
2014-07-01,49.79713439941406
2014-07-02,49.82863235473633
2014-07-03,49.75511169433594
2014-07-07,49.71835708618164
2014-07-08,49.728858947753906
2014-07-09,49.69208908081055
2014-07-10,49.53977584838867
2014-07-11,49.62379837036133
2014-07-14,49.60804748535156
2014-07-15,49.529258728027344
2014-07-16,49.450477600097656
2014-07-17,49.103797912597656
2014-07-18,49.30864715576172
2014-07-21,49.224613189697266
2014-07-22,49.292869567871094
2014-07-23,49.38742446899414
2014-07-24,49.47671890258789
2014-07-25,49.392669677734375
2014-07-28,49.2456169128418
2014-07-29,49.1773681640625
2014-07-30,48.972469329833984
2014-07-31,48.573341369628906
2014-08-01,48.56858825683594
2014-08-04,48.86408615112305
2014-08-05,48.76908493041992
2014-08-06,48.885223388671875
2014-08-07,48.916873931884766
2014-08-08,49.06986618041992
2014-08-11,49.30206298828125
2014-08-12,49.29155731201172
2014-08-13,49.433998107910156
2014-08-14,49.528953552246094
2014-08-15,49.62923049926758
2014-08-18,49.771728515625
2014-08-19,49.75587463378906
2014-08-20,49.79281234741211
2014-08-21,49.79281234741211
2014-08-22,49.671470642089844
2014-08-25,49.77700424194336
2014-08-26,49.81393814086914
2014-08-27,49.766441345214844
2014-08-28,49.69257736206055
2014-08-29,49.729488372802734
2014-09-02,49.787818908691406
2014-09-03,49.66059112548828
2014-09-04,49.4962272644043
2014-09-05,49.43794631958008
2014-09-08,49.39023208618164
2014-09-09,49.16230010986328
2014-09-10,49.1834602355957
2014-09-11,49.1834602355957
2014-09-12,49.12516403198242
2014-09-15,49.035064697265625
2014-09-16,49.13576889038086
2014-09-17,49.294822692871094
2014-09-18,49.31071090698242
2014-09-19,49.38493728637695
2014-09-22,49.294822692871094
2014-09-23,49.04566192626953
2014-09-24,48.897216796875
2014-09-25,48.563255310058594
2014-09-26,48.531463623046875
2014-09-29,48.43075180053711
2014-09-30,48.743492126464844
2014-10-01,48.797264099121094
2014-10-02,48.8930778503418
2014-10-03,49.058143615722656
2014-10-06,49.11137390136719
2014-10-07,48.9250373840332
2014-10-08,49.159271240234375
2014-10-09,48.63755798339844
2014-10-10,48.24361038208008
2014-10-13,48.00404357910156
2014-10-14,48.163726806640625
2014-10-15,48.17439651489258
2014-10-16,48.44591522216797
2014-10-17,48.855831146240234
2014-10-20,49.20718002319336
2014-10-21,49.606483459472656
2014-10-22,49.28173828125
2014-10-23,49.26042938232422
2014-10-24,49.39883804321289
2014-10-27,49.196537017822266
2014-10-28,49.27638244628906
2014-10-29,49.23912048339844
2014-10-30,49.217838287353516
2014-10-31,49.26042938232422
2014-11-03,49.36417770385742
2014-11-04,49.20905685424805
2014-11-05,49.198421478271484
2014-11-06,49.32674789428711
2014-11-07,49.37485885620117
2014-11-10,49.39622497558594
2014-11-11,49.50855255126953
2014-11-12,49.348121643066406
2014-11-13,49.14493179321289
2014-11-14,48.89896774291992
2014-11-17,48.89366149902344
2014-11-18,48.7973747253418
2014-11-19,48.78668975830078
2014-11-20,48.792057037353516
2014-11-21,49.059356689453125
2014-11-24,49.054019927978516
2014-11-25,49.13425064086914
2014-11-26,49.198421478271484
2014-11-28,48.727874755859375
2014-12-01,48.237422943115234
2014-12-02,48.50062561035156
2014-12-03,48.58122634887695
2014-12-04,48.548973083496094
2014-12-05,48.51138687133789
2014-12-08,48.26426696777344
2014-12-09,48.237422943115234
2014-12-10,47.684165954589844
2014-12-11,47.51224136352539
2014-12-12,46.867671966552734
2014-12-15,46.8408088684082
2014-12-16,46.67426300048828
2014-12-17,47.62506866455078
2014-12-18,48.00643539428711
2014-12-19,48.468387603759766
2014-12-22,48.3502311706543
2014-12-23,48.52212142944336
2014-12-24,48.6872444152832
2014-12-26,48.536155700683594
2014-12-29,48.56313705444336
2014-12-30,48.46602249145508
2014-12-31,48.33656311035156
2015-01-02,48.33656311035156
2015-01-05,47.88880157470703
2015-01-06,47.705345153808594
2015-01-07,48.00206756591797
2015-01-08,48.36351776123047
2015-01-09,48.60629653930664
2015-01-12,48.54694747924805
2015-01-13,48.54694747924805
2015-01-14,48.43366241455078
2015-01-15,48.136924743652344
2015-01-16,48.32035446166992
2015-01-20,48.23405838012695
2015-01-21,48.49302291870117
2015-01-22,48.5577392578125
2015-01-23,48.5577392578125
2015-01-26,48.77890396118164
2015-01-27,48.741172790527344
2015-01-28,48.638668060302734
2015-01-29,48.81127166748047
2015-01-30,48.67642593383789
2015-02-02,48.86330032348633
2015-02-03,49.139549255371094
2015-02-04,48.9337158203125
2015-02-05,49.22076416015625
2015-02-06,49.258697509765625
2015-02-09,49.139549255371094
2015-02-10,49.30744171142578
2015-02-11,49.29117202758789
2015-02-12,49.28578567504883
2015-02-13,49.35621643066406
2015-02-17,49.323707580566406
2015-02-18,49.49159622192383
2015-02-19,49.377872467041016
2015-02-20,49.51327896118164
2015-02-23,49.55119705200195
2015-02-24,49.59994125366211
2015-02-25,49.7624626159668
2015-02-26,49.75160217285156
2015-02-27,49.7624626159668
2015-03-02,49.75319290161133
2015-03-03,49.611751556396484
2015-03-04,49.51927185058594
2015-03-05,49.611751556396484
2015-03-06,49.29625701904297
2015-03-09,49.192909240722656
2015-03-10,49.00251007080078
2015-03-11,49.13849639892578
2015-03-12,49.236427307128906
2015-03-13,49.06776809692383
2015-03-16,49.018821716308594
2015-03-17,48.7740364074707
2015-03-18,49.20920181274414
2015-03-19,48.817543029785156
2015-03-20,49.198341369628906
2015-03-23,49.236427307128906
2015-03-24,49.31257247924805
2015-03-25,49.181983947753906
2015-03-26,49.176551818847656
2015-03-27,49.21465301513672
2015-03-30,49.35065460205078
2015-03-31,49.29081344604492
2015-04-01,49.392433166503906
2015-04-02,49.43073272705078
2015-04-06,49.55638122558594
2015-04-07,49.81866455078125
2015-04-08,49.8077392578125
2015-04-09,49.75855255126953
2015-04-10,49.87329864501953
2015-04-13,49.780391693115234
2015-04-14,49.802303314208984
2015-04-15,49.99897003173828
2015-04-16,49.895145416259766
2015-04-17,49.74214553833008
2015-04-20,49.851436614990234
2015-04-21,49.884246826171875
2015-04-22,49.83504867553711
2015-04-23,49.81866455078125
2015-04-24,49.9006233215332
2015-04-27,49.91701889038086
2015-04-28,49.84053421020508
2015-04-29,49.74760818481445
2015-04-30,49.72029495239258
2015-05-01,49.83118438720703
2015-05-04,49.82016372680664
2015-05-05,49.75432586669922
2015-05-06,49.606136322021484
2015-05-07,49.60066604614258
2015-05-08,49.9903450012207
2015-05-11,49.67747497558594
2015-05-12,49.672035217285156
2015-05-13,49.60066604614258
2015-05-14,49.84213638305664
2015-05-15,49.951908111572266
2015-05-18,49.869598388671875
2015-05-19,49.79274368286133
2015-05-20,49.73234939575195
2015-05-21,49.80375671386719
2015-05-22,49.84213638305664
2015-05-26,49.73786926269531
2015-05-27,49.847660064697266
2015-05-28,49.82569122314453
2015-05-29,49.89704132080078
2015-06-01,49.980838775634766
2015-06-02,49.887115478515625
2015-06-03,49.617000579833984
2015-06-04,49.45711135864258
2015-06-05,49.308250427246094
2015-06-08,49.308250427246094
2015-06-09,49.22555923461914
2015-06-10,49.29172134399414
2015-06-11,49.39095687866211
2015-06-12,49.209014892578125
2015-06-15,48.977481842041016
2015-06-16,49.25311279296875
2015-06-17,49.209014892578125
2015-06-18,49.39095687866211
2015-06-19,49.418495178222656
2015-06-22,49.51772689819336
2015-06-23,49.48465347290039
2015-06-24,49.35237121582031
2015-06-25,49.2034797668457
2015-06-26,49.06017303466797
2015-06-29,48.723873138427734
2015-06-30,48.955440521240234
2015-07-01,48.9637336730957
2015-07-02,49.14646530151367
2015-07-06,48.98587417602539
2015-07-07,49.02464294433594
2015-07-08,48.78097915649414
2015-07-09,48.891761779785156
2015-07-10,49.17415237426758
2015-07-13,49.218467712402344
2015-07-14,49.168636322021484
2015-07-15,49.168636322021484
2015-07-16,49.24611282348633
2015-07-17,49.11324691772461
2015-07-20,48.8862190246582
2015-07-21,48.79758834838867
2015-07-22,48.481956481933594
2015-07-23,48.45425796508789
2015-07-24,48.31581115722656
2015-07-27,48.110939025878906
2015-07-28,48.37120819091797
2015-07-29,48.65363311767578
2015-07-30,48.79758834838867
2015-07-31,48.71453094482422
2015-08-03,48.62327194213867
2015-08-04,48.65111541748047
2015-08-05,48.5843505859375
2015-08-06,48.38410186767578
2015-08-07,48.23390579223633
2015-08-10,48.372962951660156
2015-08-11,48.15045166015625
2015-08-12,48.083740234375
2015-08-13,48.02255630493164
2015-08-14,48.05033493041992
2015-08-17,48.05033493041992
2015-08-18,47.98918151855469
2015-08-19,47.944671630859375
2015-08-20,47.711036682128906
2015-08-21,47.53858947753906
2015-08-24,47.149227142333984
2015-08-25,47.24375534057617
2015-08-26,47.638702392578125
2015-08-27,47.99473571777344
2015-08-28,48.039222717285156
2015-08-31,47.972503662109375
2015-09-01,47.81770324707031
2015-09-02,48.01327133178711
2015-09-03,48.080299377441406
2015-09-04,48.030029296875
2015-09-08,48.29264450073242
2015-09-09,48.231163024902344
2015-09-10,48.348487854003906
2015-09-11,48.331764221191406
2015-09-14,48.24793243408203
2015-09-15,48.236751556396484
2015-09-16,48.06354904174805
2015-09-17,48.102664947509766
2015-09-18,47.96855926513672
2015-09-21,47.879154205322266
2015-09-22,47.53274154663086
2015-09-23,47.448909759521484
2015-09-24,47.2142448425293
2015-09-25,46.9739875793457
2015-09-28,46.25319290161133
2015-09-29,46.24762725830078
2015-09-30,46.538116455078125
2015-10-01,46.23946762084961
2015-10-02,46.28439712524414
2015-10-05,46.840206146240234
2015-10-06,47.09846878051758
2015-10-07,47.581321716308594
2015-10-08,47.77780532836914
2015-10-09,47.7834358215332
2015-10-12,47.6935920715332
2015-10-13,47.581321716308594
2015-10-14,47.54762268066406
2015-10-15,47.659881591796875
2015-10-16,47.87886047363281
2015-10-19,48.007972717285156
2015-10-20,48.052921295166016
2015-10-21,48.00237274169922
2015-10-22,48.01919937133789
2015-10-23,48.187660217285156
2015-10-26,48.137115478515625
2015-10-27,47.97991943359375
2015-10-28,48.109073638916016
2015-10-29,47.985538482666016
2015-10-30,48.04166793823242
2015-11-02,48.190582275390625
2015-11-03,48.2413215637207
2015-11-04,48.10032653808594
2015-11-05,47.91419219970703
2015-11-06,47.68294906616211
2015-11-09,47.485557556152344
2015-11-10,47.378379821777344
2015-11-11,47.26560592651367
2015-11-12,46.94973373413086
2015-11-13,46.814361572265625
2015-11-16,47.03431701660156
2015-11-17,47.06817626953125
2015-11-18,47.158424377441406
2015-11-19,46.735389709472656
2015-11-20,46.7241096496582
2015-11-23,46.68463897705078
2015-11-24,46.74665832519531
2015-11-25,46.79740905761719
2015-11-27,46.870750427246094
2015-11-30,46.84257125854492
2015-12-01,47.17580795288086
2015-12-02,47.07946014404297
2015-12-03,46.95477294921875
2015-12-04,46.847084045410156
2015-12-07,46.51838684082031
2015-12-08,45.94029235839844
2015-12-09,46.17833709716797
2015-12-10,45.985652923583984
2015-12-11,45.0675163269043
2015-12-14,44.67647171020508
2015-12-15,45.40757369995117
2015-12-16,45.753292083740234
2015-12-17,45.24321365356445
2015-12-18,45.07317352294922
2015-12-21,44.931461334228516
2015-12-22,45.47555160522461
2015-12-23,45.764610290527344
2015-12-24,45.85802459716797
2015-12-28,45.5845947265625
2015-12-29,45.84662628173828
2015-12-30,45.88083267211914
2015-12-31,45.90932083129883
2016-01-04,45.63583755493164
2016-01-05,45.72129440307617
2016-01-06,45.72129440307617
2016-01-07,45.42502975463867
2016-01-08,45.30540466308594
2016-01-11,45.23700714111328
2016-01-12,45.28260803222656
2016-01-13,44.78123474121094
2016-01-14,44.98063659667969
2016-01-15,44.38812255859375
2016-01-19,44.23429870605469
2016-01-20,43.93802261352539
2016-01-21,44.23429870605469
2016-01-22,44.912254333496094
2016-01-25,44.46788787841797
2016-01-26,44.86671447753906
2016-01-27,44.79834747314453
2016-01-28,45.02622604370117
2016-01-29,45.174346923828125
2016-02-01,44.905826568603516
2016-02-02,44.585201263427734
2016-02-03,44.80274963378906
2016-02-04,44.65961456298828
2016-02-05,44.31608200073242
2016-02-08,43.80077362060547
2016-02-09,43.634742736816406
2016-02-10,43.571754455566406
2016-02-11,43.279781341552734
2016-02-12,43.9267692565918
2016-02-16,43.96684265136719
2016-02-17,44.327545166015625
2016-02-18,44.36760330200195
2016-02-19,44.45352554321289
2016-02-22,44.83710861206055
2016-02-23,44.74550247192383
2016-02-24,44.8199348449707
2016-02-25,45.060401916503906
2016-02-26,45.3638916015625
2016-02-29,45.850528717041016
2016-03-01,46.5751838684082
2016-03-02,46.25865173339844
2016-03-03,46.414024353027344
2016-03-04,46.546424865722656
2016-03-07,46.604007720947266
2016-03-08,46.27587890625
2016-03-09,46.39100646972656
2016-03-10,46.71333312988281
2016-03-11,47.27739715576172
2016-03-14,47.14503479003906
2016-03-15,46.70754623413086
2016-03-16,47.01839065551758
2016-03-17,47.317684173583984
2016-03-18,47.42705154418945
2016-03-21,47.37525177001953
2016-03-22,47.248600006103516
2016-03-23,47.02988815307617
2016-03-24,46.82270812988281
2016-03-28,46.60975646972656
2016-03-29,46.78818893432617
2016-03-30,46.955055236816406
2016-03-31,47.01839065551758
2016-04-01,47.0525016784668
2016-04-04,46.93685531616211
2016-04-05,46.76339340209961
2016-04-06,47.1566047668457
2016-04-07,46.92526626586914
2016-04-08,47.13922119140625
2016-04-11,47.20283889770508
2016-04-12,47.480411529541016
2016-04-13,47.792667388916016
2016-04-14,47.77531814575195
2016-04-15,47.700138092041016
2016-04-18,47.97193908691406
2016-04-19,48.1743049621582
2016-04-20,48.26682662963867
2016-04-21,48.116477966308594
2016-04-22,48.22636413574219
2016-04-25,48.04131317138672
2016-04-26,48.20323181152344
2016-04-27,48.4865608215332
2016-04-28,48.4056396484375
2016-04-29,48.4865608215332
2016-05-02,48.505165100097656
2016-05-03,48.19148254394531
2016-05-04,48.01136016845703
2016-05-05,47.9707145690918
2016-05-06,47.94169235229492
2016-05-09,47.854549407958984
2016-05-10,48.26120376586914
2016-05-11,48.226314544677734
2016-05-12,48.301849365234375
2016-05-13,48.086910247802734
2016-05-16,48.35410690307617
2016-05-17,48.255367279052734
2016-05-18,48.26120376586914
2016-05-19,48.127567291259766
2016-05-20,48.296043395996094
2016-05-23,48.30766677856445
2016-05-24,48.59810256958008
2016-05-25,48.673622131347656
2016-05-26,48.534202575683594
2016-05-27,48.61554718017578
2016-05-31,48.56905746459961
2016-06-01,48.64609146118164
2016-06-02,48.657779693603516
2016-06-03,48.7453498840332
2016-06-06,48.9613151550293
2016-06-07,49.17729568481445
2016-06-08,49.36407470703125
2016-06-09,49.171451568603516
2016-06-10,48.93213653564453
2016-06-13,48.605228424072266
2016-06-14,48.44181442260742
2016-06-15,48.46513366699219
2016-06-16,48.49434280395508
2016-06-17,48.52353286743164
2016-06-20,48.80952835083008
2016-06-21,48.99632263183594
2016-06-22,49.04302215576172
2016-06-23,49.40494155883789
2016-06-24,48.59358596801758
2016-06-27,47.89314651489258
2016-06-28,48.49434280395508
2016-06-29,49.10723876953125
2016-06-30,49.43995666503906
2016-07-01,49.53790283203125
2016-07-05,49.256385803222656
2016-07-06,49.47338104248047
2016-07-07,49.53790283203125
2016-07-08,50.1947135925293
2016-07-11,50.22404479980469
2016-07-12,50.36478805541992
2016-07-13,50.21818923950195
2016-07-14,50.31786346435547
2016-07-15,50.21818923950195
2016-07-18,50.38825988769531
2016-07-19,50.253353118896484
2016-07-20,50.38238525390625
2016-07-21,50.31198501586914
2016-07-22,50.53486633300781
2016-07-25,50.29439163208008
2016-07-26,50.10089111328125
2016-07-27,50.253353118896484
2016-07-28,50.04224395751953
2016-07-29,50.08916091918945
2016-08-01,49.808135986328125
2016-08-02,49.737457275390625
2016-08-03,49.961299896240234
2016-08-04,50.27942657470703
2016-08-05,50.391353607177734
2016-08-08,50.59754943847656
2016-08-09,50.774269104003906
2016-08-10,50.680015563964844
2016-08-11,50.8037223815918
2016-08-12,50.84496307373047
2016-08-15,50.99812316894531
2016-08-16,50.89208984375
2016-08-17,50.96278762817383
2016-08-18,51.16309356689453
2016-08-19,51.009918212890625
2016-08-22,50.927452087402344
2016-08-23,51.098304748535156
2016-08-24,50.9568977355957
2016-08-25,51.0511589050293
2016-08-26,50.99223327636719
2016-08-29,51.24555969238281
2016-08-30,51.27500915527344
2016-08-31,51.0747184753418
2016-09-01,51.17588424682617
2016-09-02,51.41250228881836
2016-09-06,51.47171401977539
2016-09-07,51.32972717285156
2016-09-08,51.23503494262695
2016-09-09,50.74395751953125
2016-09-12,50.92146682739258
2016-09-13,50.53099822998047
2016-09-14,50.5191764831543
2016-09-15,50.81501007080078
2016-09-16,50.82680130004883
2016-09-19,50.856388092041016
2016-09-20,50.79726028442383
2016-09-21,51.21730422973633
2016-09-22,51.388858795166016
2016-09-23,51.32972717285156
2016-09-26,51.10489273071289
2016-09-27,51.25279235839844
2016-09-28,51.59593963623047
2016-09-29,51.40068817138672
2016-09-30,51.62552261352539
2016-10-03,51.59343338012695
2016-10-04,51.504302978515625
2016-10-05,51.640960693359375
2016-10-06,51.670711517333984
2016-10-07,51.789546966552734
2016-10-10,51.938106536865234
2016-10-11,51.64689636230469
2016-10-12,51.62910079956055
2016-10-13,51.49836349487305
2016-10-14,51.617191314697266
2016-10-17,51.54589080810547
2016-10-18,51.75392150878906
2016-10-19,51.902462005615234
2016-10-20,51.90838623046875
2016-10-21,51.920249938964844
2016-10-24,51.94997787475586
2016-10-25,51.920249938964844
2016-10-26,51.71227264404297
2016-10-27,51.52212142944336
2016-10-28,51.27253723144531
2016-10-31,51.118038177490234
2016-11-01,50.91861343383789
2016-11-02,50.691810607910156
2016-11-03,50.703765869140625
2016-11-04,50.72764587402344
2016-11-07,51.43798828125
2016-11-08,51.3245735168457
2016-11-09,50.96641540527344
2016-11-10,50.297847747802734
2016-11-11,49.82624816894531
2016-11-14,50.19636154174805
2016-11-15,50.858943939208984
2016-11-16,50.656005859375
2016-11-17,50.51870346069336
2016-11-18,50.51870346069336
2016-11-21,50.92459487915039
2016-11-22,51.30070495605469
2016-11-23,51.10966110229492
2016-11-25,51.17529296875
2016-11-28,51.16936492919922
2016-11-29,51.10369110107422
2016-11-30,51.12759780883789
2016-12-01,50.888362884521484
2016-12-02,51.19409942626953
2016-12-05,51.326053619384766
2016-12-06,51.583866119384766
2016-12-07,51.8416862487793
2016-12-08,51.835716247558594
2016-12-09,51.85969543457031
2016-12-12,51.78775405883789
2016-12-13,51.91365051269531
2016-12-14,51.523895263671875
2016-12-15,51.547882080078125
2016-12-16,51.59588623046875
2016-12-19,51.727783203125
2016-12-20,51.799713134765625
2016-12-21,51.8896598815918
2016-12-22,52.00156021118164
2016-12-23,52.09782409667969
2016-12-27,52.04972839355469
2016-12-28,51.97749710083008
2016-12-29,52.04972839355469
2016-12-30,52.06773376464844
2017-01-03,52.28432083129883
2017-01-04,52.56708526611328
2017-01-05,52.488826751708984
2017-01-06,52.47682571411133
2017-01-09,52.464786529541016
2017-01-10,52.47079849243164
2017-01-11,52.50088119506836
2017-01-12,52.51292037963867
2017-01-13,52.53099822998047
2017-01-17,52.47682571411133
2017-01-18,52.52494812011719
2017-01-19,52.35650634765625
2017-01-20,52.458770751953125
2017-01-23,52.458770751953125
2017-01-24,52.494873046875
2017-01-25,52.68136978149414
2017-01-26,52.657291412353516
2017-01-27,52.705421447753906
2017-01-30,52.59714126586914
2017-01-31,52.54301452636719
2017-02-01,52.7375602722168
2017-02-02,52.76780319213867
2017-02-03,52.8584098815918
2017-02-06,52.8221549987793
2017-02-07,52.743587493896484
2017-02-08,52.779884338378906
2017-02-09,52.852352142333984
2017-02-10,52.88861083984375
2017-02-13,52.96718215942383
2017-02-14,53.003421783447266
2017-02-15,53.02155685424805
2017-02-16,52.979251861572266
2017-02-17,53.03364944458008
2017-02-21,53.208858489990234
2017-02-22,53.23303985595703
2017-02-23,53.281375885009766
2017-02-24,53.32368087768555
2017-02-27,53.390167236328125
2017-02-28,53.34783935546875
2017-03-01,53.54445266723633
2017-03-02,53.374534606933594
2017-03-03,53.3987922668457
2017-03-06,53.22888946533203
2017-03-07,52.88297653198242
2017-03-08,52.531009674072266
2017-03-09,52.3913688659668
2017-03-10,52.373199462890625
2017-03-13,52.41572189331055
2017-03-14,52.25790023803711
2017-03-15,52.98011779785156
2017-03-16,52.828346252441406
2017-03-17,52.84656524658203
2017-03-20,52.74340057373047
2017-03-21,52.367130279541016
2017-03-22,52.49456787109375
2017-03-23,52.512760162353516
2017-03-24,52.69483184814453
2017-03-27,52.64021301269531
2017-03-28,52.931541442871094
2017-03-29,53.040771484375
2017-03-30,53.28959655761719
2017-03-31,53.271385192871094
2017-04-03,53.242733001708984
2017-04-04,53.26103210449219
2017-04-05,53.21836471557617
2017-04-06,53.28539276123047
2017-04-07,53.26103210449219
2017-04-10,53.33415222167969
2017-04-11,53.23055648803711
2017-04-12,53.267112731933594
2017-04-13,53.157413482666016
2017-04-17,53.31584167480469
2017-04-18,53.30366134643555
2017-04-19,53.25495529174805
2017-04-20,53.43165969848633
2017-04-21,53.38901138305664
2017-04-24,53.63889694213867
2017-04-25,53.736392974853516
2017-04-26,53.687652587890625
2017-04-27,53.724205017089844
2017-04-28,53.70592498779297
2017-05-01,53.73348617553711
2017-05-02,53.751808166503906
2017-05-03,53.800811767578125
2017-05-04,53.51313781738281
2017-05-05,53.604923248291016
2017-05-08,53.66616439819336
2017-05-09,53.62941360473633
2017-05-10,53.86200714111328
2017-05-11,53.868125915527344
2017-05-12,53.84977722167969
2017-05-15,53.972164154052734
2017-05-16,54.0517463684082
2017-05-17,53.81304168701172
2017-05-18,53.874237060546875
2017-05-19,53.972164154052734
2017-05-22,54.13742446899414
2017-05-23,54.131309509277344
2017-05-24,54.223140716552734
2017-05-25,54.180259704589844
2017-05-26,54.21088409423828
2017-05-30,54.26595687866211
2017-05-31,54.25985336303711
2017-06-01,54.41779708862305
2017-06-02,54.44856643676758
2017-06-05,54.399349212646484
2017-06-06,54.31332015991211
2017-06-07,54.2026481628418
2017-06-08,54.245704650878906
2017-06-09,54.288734436035156
2017-06-12,54.38095474243164
2017-06-13,54.479286193847656
2017-06-14,54.485435485839844
2017-06-15,54.27641296386719
2017-06-16,54.184234619140625
2017-06-19,54.350189208984375
2017-06-20,54.1596565246582
2017-06-21,53.84614944458008
2017-06-22,53.993675231933594
2017-06-23,54.21498107910156
2017-06-26,54.288734436035156
2017-06-27,54.11663055419922
2017-06-28,54.33789825439453
2017-06-29,54.2026481628418
2017-06-30,54.331756591796875
2017-07-03,54.30519104003906
2017-07-05,54.26198959350586
2017-07-06,54.12620162963867
2017-07-07,54.076786041259766
2017-07-10,54.1385383605957
2017-07-11,54.10152053833008
2017-07-12,54.4533576965332
2017-07-13,54.49655532836914
2017-07-14,54.65089797973633
2017-07-17,54.669437408447266
2017-07-18,54.694095611572266
2017-07-19,54.78670883178711
2017-07-20,54.817604064941406
2017-07-21,54.77436447143555
2017-07-24,54.817604064941406
2017-07-25,54.84227752685547
2017-07-26,54.922542572021484
2017-07-27,54.87934494018555
2017-07-28,54.8854866027832
2017-07-31,54.8854866027832
2017-08-01,54.940032958984375
2017-08-02,54.952449798583984
2017-08-03,54.84708023071289
2017-08-04,54.85943603515625
2017-08-07,54.834659576416016
2017-08-08,54.5991096496582
2017-08-09,54.388328552246094
2017-08-10,54.04121398925781
2017-08-11,54.13420867919922
2017-08-14,54.419342041015625
2017-08-15,54.43790817260742
2017-08-16,54.444114685058594
2017-08-17,54.140380859375
2017-08-18,54.22099304199219
2017-08-21,54.27678298950195
2017-08-22,54.499900817871094
2017-08-23,54.50611877441406
2017-08-24,54.58669662475586
2017-08-25,54.68586730957031
2017-08-28,54.69209289550781
2017-08-29,54.6239128112793
2017-08-30,54.77267837524414
2017-08-31,54.92142105102539
2017-09-01,54.97747802734375
2017-09-05,54.85295867919922
2017-09-06,54.81562805175781
2017-09-07,54.82183837890625
2017-09-08,54.64753723144531
2017-09-11,54.82183837890625
2017-09-12,54.89033126831055
2017-09-13,54.90901565551758
2017-09-14,54.98371124267578
2017-09-15,55.03348922729492
2017-09-18,55.00859832763672
2017-09-19,55.06459426879883
2017-09-20,55.058406829833984
2017-09-21,54.98991394042969
2017-09-22,55.04591369628906
2017-09-25,55.077091217041016
2017-09-26,55.145530700683594
2017-09-27,55.17042922973633
2017-09-28,55.17042922973633
2017-09-29,55.25138473510742
2017-10-02,55.223236083984375
2017-10-03,55.32322692871094
2017-10-04,55.2669677734375
2017-10-05,55.33572769165039
2017-10-06,55.25448989868164
2017-10-09,55.260738372802734
2017-10-10,55.304500579833984
2017-10-11,55.24821472167969
2017-10-12,55.18572235107422
2017-10-13,55.21075439453125
2017-10-16,55.242000579833984
2017-10-17,55.32322692871094
2017-10-18,55.379486083984375
2017-10-19,55.38572692871094
2017-10-20,55.43571853637695
2017-10-23,55.373233795166016
2017-10-24,55.373233795166016
2017-10-25,55.21697998046875
2017-10-26,55.148216247558594
2017-10-27,55.298240661621094
2017-10-30,55.28575134277344
2017-10-31,55.298240661621094
2017-11-01,55.24551773071289
2017-11-02,55.2141227722168
2017-11-03,55.220401763916016
2017-11-06,55.226680755615234
2017-11-07,55.06976318359375
2017-11-08,54.82499694824219
2017-11-09,54.55511474609375
2017-11-10,54.67436599731445
2017-11-13,54.63668441772461
2017-11-14,54.40447998046875
2017-11-15,54.40447998046875
2017-11-16,54.937950134277344
2017-11-17,54.90032958984375
2017-11-20,54.9128532409668
2017-11-21,55.02582931518555
2017-11-22,55.11370086669922
2017-11-24,55.151363372802734
2017-11-27,54.98192596435547
2017-11-28,55.151363372802734
2017-11-29,55.082366943359375
2017-11-30,55.094871520996094
2017-12-01,55.07721710205078
2017-12-04,55.058326721191406
2017-12-05,55.02682876586914
2017-12-06,54.976375579833984
2017-12-07,55.001590728759766
2017-12-08,55.058326721191406
2017-12-11,55.07093811035156
2017-12-12,55.04571533203125
2017-12-13,55.07721710205078
2017-12-14,54.96377182006836
2017-12-15,54.97010803222656
2017-12-18,55.02682876586914
2017-12-19,54.91334915161133
2017-12-20,54.957489013671875
2017-12-21,55.01510238647461
2017-12-22,55.065704345703125
2017-12-26,55.14801025390625
2017-12-27,55.17329406738281
2017-12-28,55.14801025390625
2017-12-29,55.230255126953125
2018-01-02,55.28090286254883
2018-01-03,55.54673767089844
2018-01-04,55.641700744628906
2018-01-05,55.67966842651367
2018-01-08,55.63534164428711
2018-01-09,55.46446228027344
2018-01-10,55.34419631958008
2018-01-11,55.52776336669922
2018-01-12,55.43281555175781
2018-01-16,55.40113830566406
2018-01-17,55.40748977661133
2018-01-18,55.35050964355469
2018-01-19,55.40748977661133
2018-01-22,55.458126068115234
2018-01-23,55.622684478759766
2018-01-24,55.540409088134766
2018-01-25,55.50241470336914
2018-01-26,55.54673767089844
2018-01-29,55.35050964355469
2018-01-30,55.160648345947266
2018-01-31,55.25559616088867
2018-02-01,55.151336669921875
2018-02-02,54.8017463684082
2018-02-05,54.49668884277344
2018-02-06,54.827171325683594
2018-02-07,54.623817443847656
2018-02-08,54.1470947265625
2018-02-09,53.99453353881836
2018-02-12,54.363189697265625
2018-02-13,54.19158935546875
2018-02-14,54.286895751953125
2018-02-15,54.725502014160156
2018-02-16,54.947940826416016
2018-02-20,54.75725555419922
2018-02-21,54.50938415527344
2018-02-22,54.547515869140625
2018-02-23,54.909828186035156
2018-02-26,55.00515365600586
2018-02-27,54.858943939208984
2018-02-28,54.776329040527344
2018-03-01,54.41325759887695
2018-03-02,54.71955108642578
2018-03-05,54.71955108642578
2018-03-06,54.796142578125
2018-03-07,54.66210174560547
2018-03-08,54.72592544555664
2018-03-09,54.92375183105469
2018-03-12,54.834407806396484
2018-03-13,54.66210174560547
2018-03-14,54.59832000732422
2018-03-15,54.63658905029297
2018-03-16,54.75144577026367
2018-03-19,54.52809143066406
2018-03-20,54.63658905029297
2018-03-21,54.65574645996094
2018-03-22,54.330284118652344
2018-03-23,54.18988800048828
2018-03-26,54.540870666503906
2018-03-27,54.48983383178711
2018-03-28,54.46430587768555
2018-03-29,54.64936447143555
2018-04-02,54.43726348876953
2018-04-03,54.59100341796875
2018-04-04,54.71279525756836
2018-04-05,54.75766372680664
2018-04-06,54.63589859008789
2018-04-09,54.840904235839844
2018-04-10,55.03956604003906
2018-04-11,55.05876922607422
2018-04-12,55.25742721557617
2018-04-13,55.2894401550293
2018-04-16,55.37274932861328
2018-04-17,55.39834976196289
2018-04-18,55.34071350097656
2018-04-19,55.16767120361328
2018-04-20,55.03316116333008
2018-04-23,54.88579177856445
2018-04-24,54.77686309814453
2018-04-25,54.78326416015625
2018-04-26,54.9754753112793
2018-04-27,54.94987487792969
2018-04-30,54.91141891479492
2018-05-01,54.95195388793945
2018-05-02,54.93266296386719
2018-05-03,54.926204681396484
2018-05-04,54.964805603027344
2018-05-07,55.016300201416016
2018-05-08,54.93266296386719
2018-05-09,55.022705078125
2018-05-10,55.18362045288086
2018-05-11,55.16429138183594
2018-05-14,55.17717361450195
2018-05-15,54.906890869140625
2018-05-16,54.977684020996094
2018-05-17,55.00986862182617
2018-05-18,54.95195388793945
2018-05-21,55.02916717529297
2018-05-22,55.06779098510742
2018-05-23,55.112815856933594
2018-05-24,55.14500045776367
2018-05-25,55.0549201965332
2018-05-29,54.82322692871094
2018-05-30,54.99058151245117
2018-05-31,54.93909454345703
2018-06-01,55.064483642578125
2018-06-04,55.18083953857422
2018-06-05,55.245452880859375
2018-06-06,55.38119125366211
2018-06-07,55.400604248046875
2018-06-08,55.36826705932617
2018-06-11,55.4716796875
2018-06-12,55.51694107055664
2018-06-13,55.53632354736328
2018-06-14,55.697933197021484
2018-06-15,55.665592193603516
2018-06-18,55.65913772583008
2018-06-19,55.58157730102539
2018-06-20,55.639713287353516
2018-06-21,55.52340316772461
2018-06-22,55.52985382080078
2018-06-25,55.400604248046875
2018-06-26,55.39413833618164
2018-06-27,55.27777099609375
2018-06-28,55.12266159057617
2018-06-29,54.99335479736328
2018-07-02,55.04596710205078
2018-07-03,55.052452087402344
2018-07-05,55.26022720336914
2018-07-06,55.403038024902344
2018-07-09,55.487457275390625
2018-07-10,55.49397277832031
2018-07-11,55.40955352783203
2018-07-12,55.5848503112793
2018-07-13,55.5848503112793
2018-07-16,55.54593276977539
2018-07-17,55.565399169921875
2018-07-18,55.59135437011719
2018-07-19,55.565399169921875
2018-07-20,55.59135437011719
2018-07-23,55.57189178466797
2018-07-24,55.68875503540039
2018-07-25,55.79264831542969
2018-07-26,55.79916000366211
2018-07-27,55.7796630859375
2018-07-30,55.79916000366211
2018-07-31,55.91596603393555
2018-08-01,55.966209411621094
2018-08-02,55.998809814453125
2018-08-03,56.04445266723633
2018-08-06,56.1488037109375
2018-08-07,56.174861907958984
2018-08-08,56.14226531982422
2018-08-09,56.10313034057617
2018-08-10,56.00537872314453
2018-08-13,55.966209411621094
2018-08-14,56.06403732299805
2018-08-15,55.966209411621094
2018-08-16,56.0379638671875
2018-08-17,56.10313034057617
2018-08-20,56.12922286987305
2018-08-21,56.2139892578125
2018-08-22,56.233558654785156
2018-08-23,56.22703170776367
2018-08-24,56.32484817504883
2018-08-27,56.34440612792969
2018-08-28,56.31833267211914
2018-08-29,56.285728454589844
2018-08-30,56.24008560180664
2018-08-31,56.31180191040039
2018-09-04,56.19456100463867
2018-09-05,56.13565444946289
2018-09-06,56.18147659301758
2018-09-07,56.1225471496582
2018-09-10,56.23390579223633
2018-09-11,56.246971130371094
2018-09-12,56.3779182434082
2018-09-13,56.48271179199219
2018-09-14,56.53510665893555
2018-09-17,56.49579620361328
2018-09-18,56.489261627197266
2018-09-19,56.384498596191406
2018-09-20,56.463069915771484
2018-09-21,56.476165771484375
2018-09-24,56.44999313354492
2018-09-25,56.40410232543945
2018-09-26,56.463069915771484
2018-09-27,56.56787872314453
2018-09-28,56.60716247558594
2018-10-01,56.77091979980469
2018-10-02,56.724910736083984
2018-10-03,56.57358932495117
2018-10-04,56.363101959228516
2018-10-05,56.113121032714844
2018-10-08,55.98811721801758
2018-10-09,56.073638916015625
2018-10-10,55.672359466552734
2018-10-11,55.71840286254883
2018-10-12,56.01443862915039
2018-10-15,55.97496795654297
2018-10-16,56.16571807861328
2018-10-17,56.05390167236328
2018-10-18,55.81707763671875
2018-10-19,55.84996795654297
2018-10-22,55.87629699707031
2018-10-23,55.823673248291016
2018-10-24,55.54738998413086
2018-10-25,55.65924835205078
2018-10-26,55.40922927856445
2018-10-29,55.356605529785156
2018-10-30,55.48816680908203
2018-10-31,55.48816680908203
2018-11-01,55.74269485473633
2018-11-02,55.709632873535156
2018-11-05,55.75587844848633
2018-11-06,55.90135192871094
2018-11-07,56.225284576416016
2018-11-08,56.086456298828125
2018-11-09,55.76914978027344
2018-11-12,55.425350189208984
2018-11-13,55.33283615112305
2018-11-14,55.22703552246094
2018-11-15,55.213844299316406
2018-11-16,55.04854202270508
2018-11-19,54.87665557861328
2018-11-20,54.70479202270508
2018-11-21,54.982452392578125
2018-11-23,54.67835235595703
2018-11-26,54.936180114746094
2018-11-27,54.90971755981445
2018-11-28,55.36586380004883
2018-11-29,55.37908172607422
2018-11-30,55.2667236328125
2018-12-03,55.649234771728516
2018-12-04,55.303890228271484
2018-12-06,55.1113166809082
2018-12-07,55.00507354736328
2018-12-10,55.04491424560547
2018-12-11,55.14453125
2018-12-12,55.32379150390625
2018-12-13,55.45660400390625
2018-12-14,55.224220275878906
2018-12-17,54.8656120300293
2018-12-18,54.76620864868164
2018-12-19,54.272430419921875
2018-12-20,53.798728942871094
2018-12-21,53.531822204589844
2018-12-24,53.13147735595703
2018-12-26,54.025569915771484
2018-12-27,53.99219512939453
2018-12-28,54.07225799560547
2018-12-31,54.11232376098633
2019-01-02,54.03889846801758
2019-01-03,54.06557846069336
2019-01-04,54.97303771972656
2019-01-07,55.50680160522461
2019-01-08,55.86712646484375
2019-01-09,55.93383026123047
2019-01-10,56.1540412902832
2019-01-11,55.973880767822266
2019-01-14,55.79372024536133
2019-01-15,55.98055648803711
2019-01-16,56.06730270385742
2019-01-17,56.22075271606445
2019-01-18,56.38088607788086
2019-01-22,56.007240295410156
2019-01-23,56.12068176269531
2019-01-24,56.18071746826172
2019-01-25,56.32084274291992
2019-01-28,56.234107971191406
2019-01-29,56.20073699951172
2019-01-30,56.647769927978516
2019-01-31,56.78789520263672
2019-02-01,56.760414123535156
2019-02-04,56.89448928833008
2019-02-05,57.09553146362305
2019-02-06,57.041954040527344
2019-02-07,56.84757614135742
2019-02-08,56.83415985107422
2019-02-11,56.8609619140625
2019-02-12,57.135780334472656
2019-02-13,57.055362701416016
2019-02-14,57.06203842163086
2019-02-15,57.243045806884766
2019-02-19,57.263145446777344
2019-02-20,57.310089111328125
2019-02-21,57.256439208984375
2019-02-22,57.370391845703125
2019-02-25,57.41730880737305
2019-02-26,57.49101638793945
2019-02-27,57.511138916015625
2019-02-28,57.477622985839844
2019-03-01,57.64054870605469
2019-03-04,57.55302429199219
2019-03-05,57.5261116027832
2019-03-06,57.43181610107422
2019-03-07,57.391456604003906
2019-03-08,57.29717254638672
2019-03-11,57.485694885253906
2019-03-12,57.58671569824219
2019-03-13,57.7415885925293
2019-03-14,57.70115661621094
2019-03-15,57.75502395629883
2019-03-18,57.73483657836914
2019-03-19,57.76848220825195
2019-03-20,58.01762008666992
2019-03-21,58.004150390625
2019-03-22,57.79539489746094
2019-03-25,57.77518844604492
2019-03-26,57.916622161865234
2019-03-27,57.95698165893555
2019-03-28,58.07147216796875
2019-03-29,58.219581604003906
2019-04-01,58.20539093017578
2019-04-02,58.232444763183594
2019-04-03,58.25273132324219
2019-04-04,58.34063720703125
2019-04-05,58.4488525390625
2019-04-08,58.41503143310547
2019-04-09,58.37448501586914
2019-04-10,58.631431579589844
2019-04-11,58.719364166259766
2019-04-12,58.8072509765625
2019-04-15,58.76667785644531
2019-04-16,58.732887268066406
2019-04-17,58.59084701538086
2019-04-18,58.617923736572266
2019-04-22,58.51646041870117
2019-04-23,58.719364166259766
2019-04-24,58.63819122314453
2019-04-25,58.66526412963867
2019-04-26,58.814022064208984
2019-04-29,58.7869873046875
2019-04-30,58.79375076293945
2019-05-01,58.600887298583984
2019-05-02,58.6415901184082
2019-05-03,58.79102325439453
2019-05-06,58.81818771362305
2019-05-07,58.46504211425781
2019-05-08,58.48544692993164
2019-05-09,58.39715576171875
2019-05-10,58.56011962890625
2019-05-13,58.023624420166016
2019-05-14,58.15264892578125
2019-05-15,58.20699691772461
2019-05-16,58.38355255126953
2019-05-17,58.363182067871094
2019-05-20,58.308876037597656
2019-05-21,58.49217987060547
2019-05-22,58.539764404296875
2019-05-23,58.247718811035156
2019-05-24,58.16621398925781
2019-05-28,58.11191940307617
2019-05-29,57.95571517944336
2019-05-30,58.07796859741211
2019-05-31,57.656898498535156
2019-06-03,57.749664306640625
2019-06-04,58.329559326171875
2019-06-05,58.466007232666016
2019-06-06,58.58879470825195
2019-06-07,58.73889923095703
2019-06-10,58.827579498291016
2019-06-11,58.90943908691406
2019-06-12,58.77303695678711
2019-06-13,58.90943908691406
2019-06-14,58.86851119995117
2019-06-17,58.77980041503906
2019-06-18,59.189170837402344
2019-06-19,59.468833923339844
2019-06-20,59.7690315246582
2019-06-21,59.57805252075195
2019-06-24,59.57121276855469
2019-06-25,59.31879425048828
2019-06-26,59.291500091552734
2019-06-27,59.455238342285156
2019-06-28,59.47568130493164
2019-07-01,59.49347686767578
2019-07-02,59.623714447021484
2019-07-03,59.849853515625
2019-07-05,59.60999298095703
2019-07-08,59.49347686767578
2019-07-09,59.42497634887695
2019-07-10,59.58943557739258
2019-07-11,59.47292709350586
2019-07-12,59.56889724731445
2019-07-15,59.60999298095703
2019-07-16,59.48667526245117
2019-07-17,59.41130828857422
2019-07-18,59.43871307373047
2019-07-19,59.33590316772461
2019-07-22,59.53458786010742
2019-07-23,59.637413024902344
2019-07-24,59.68536376953125
2019-07-25,59.60315704345703
2019-07-26,59.73335266113281
2019-07-29,59.64426803588867
2019-07-30,59.67169189453125
2019-07-31,59.56889724731445
2019-08-01,59.539268493652344
2019-08-02,59.44983673095703
2019-08-05,58.83051300048828
2019-08-06,59.20896911621094
2019-08-07,59.202091217041016
2019-08-08,59.436092376708984
2019-08-09,59.353477478027344
2019-08-12,59.14704132080078
2019-08-13,59.40851974487305
2019-08-14,58.87866973876953
2019-08-15,59.050697326660156
2019-08-16,59.250274658203125
2019-08-19,59.42228698730469
2019-08-20,59.470489501953125
2019-08-21,59.7251091003418
2019-08-22,59.835182189941406
2019-08-23,59.5599250793457
2019-08-26,59.8558464050293
2019-08-27,59.82831954956055
2019-08-28,59.97285079956055
2019-08-29,60.03477096557617
2019-08-30,59.97970199584961
2019-09-03,59.807640075683594
2019-09-04,59.93202209472656
2019-09-05,60.16698455810547
2019-09-06,60.2223014831543
2019-09-09,60.28446578979492
2019-09-10,60.319034576416016
2019-09-11,60.312164306640625
2019-09-12,60.34669876098633
2019-09-13,60.236106872558594
2019-09-16,60.45036315917969
2019-09-17,60.484901428222656
2019-09-18,60.45036315917969
2019-09-19,60.381256103515625
2019-09-20,60.4572639465332
2019-09-23,60.429603576660156
2019-09-24,60.34669876098633
2019-09-25,60.28446578979492
2019-09-26,60.243045806884766
2019-09-27,60.17390441894531
2019-09-30,60.243045806884766
2019-10-01,60.1042366027832
2019-10-02,59.750335693359375
2019-10-03,59.785037994384766
2019-10-04,59.972408294677734
2019-10-07,59.9238395690918
2019-10-08,59.7017822265625
2019-10-09,59.882205963134766
2019-10-10,59.958534240722656
2019-10-11,60.208335876464844
2019-10-14,60.24998092651367
2019-10-15,60.381805419921875
2019-10-16,60.33322525024414
2019-10-17,60.41649627685547
2019-10-18,60.43037796020508
2019-10-21,60.4511833190918
2019-10-22,60.465087890625
2019-10-23,60.520591735839844
2019-10-24,60.5899772644043
2019-10-25,60.63853454589844
2019-10-28,60.63159942626953
2019-10-29,60.520591735839844
2019-10-30,60.444236755371094
2019-10-31,60.23609924316406
2019-11-01,60.494571685791016
2019-11-04,60.62002182006836
2019-11-05,60.55729675292969
2019-11-06,60.48762130737305
2019-11-07,60.45976257324219
2019-11-08,60.51551055908203
2019-11-11,60.48066711425781
2019-11-12,60.494571685791016
2019-11-13,60.43190383911133
2019-11-14,60.39703369140625
2019-11-15,60.57822036743164
2019-11-18,60.50156021118164
2019-11-19,60.28555679321289
2019-11-20,60.16011047363281
2019-11-21,60.174068450927734
2019-11-22,60.40400695800781
2019-11-25,60.564266204833984
2019-11-26,60.63394546508789
2019-11-27,60.710594177246094
2019-11-29,60.57822036743164
2019-12-02,60.53693771362305
2019-12-03,60.45298767089844
2019-12-04,60.63488006591797
2019-12-05,60.725799560546875
2019-12-06,60.80972671508789
2019-12-09,60.80972671508789
2019-12-10,60.95668029785156
2019-12-11,61.082550048828125
2019-12-12,61.22248458862305
2019-12-13,61.28544235229492
2019-12-16,61.40433120727539
2019-12-17,61.59321212768555
2019-12-18,61.705162048339844
2019-12-19,61.672855377197266
2019-12-20,61.58159255981445
2019-12-23,61.60966110229492
2019-12-24,61.658775329589844
2019-12-26,61.75007247924805
2019-12-27,61.72198486328125
2019-12-30,61.67987823486328
2019-12-31,61.73600769042969
2020-01-02,61.995758056640625
2020-01-03,61.93260192871094
2020-01-06,61.86940002441406
2020-01-07,61.81324768066406
2020-01-08,61.86940002441406
2020-01-09,62.0308952331543
2020-01-10,62.051910400390625
2020-01-13,62.051910400390625
2020-01-14,62.04490280151367
2020-01-15,62.05893325805664
2020-01-16,62.08002471923828
2020-01-17,62.0308952331543
2020-01-21,61.897457122802734
2020-01-22,62.00981903076172
2020-01-23,61.820289611816406
2020-01-24,61.56052780151367
2020-01-27,61.14635467529297
2020-01-28,61.672855377197266
2020-01-29,61.63774108886719
2020-01-30,61.70092010498047
2020-01-31,61.44817352294922
2020-02-03,61.43832778930664
2020-02-04,61.80491638183594
2020-02-05,62.05869674682617
2020-02-06,62.10803985595703
2020-02-07,62.016387939453125
2020-02-10,62.10101318359375
2020-02-11,62.1432991027832
2020-02-12,62.305419921875
2020-02-13,62.32658767700195
2020-02-14,62.31953430175781
2020-02-18,62.19265365600586
2020-02-19,62.220863342285156
2020-02-20,62.32658767700195
2020-02-21,62.27018356323242
2020-02-24,61.6004638671875
2020-02-25,61.17044448852539
2020-02-26,61.23389434814453
2020-02-27,60.409080505371094
2020-02-28,60.65579605102539
2020-03-02,61.11610412597656
2020-03-03,60.85408401489258
2020-03-04,61.68965530395508
2020-03-05,60.91073226928711
2020-03-06,60.22388458251953
2020-03-09,57.63221740722656
2020-03-10,58.517333984375
2020-03-11,57.24275207519531
2020-03-12,54.95563507080078
2020-03-13,56.683380126953125
2020-03-16,53.56772232055664
2020-03-17,54.070465087890625
2020-03-18,51.6841926574707
2020-03-19,50.52291488647461
2020-03-20,49.38994598388672
2020-03-23,48.596858978271484
2020-03-24,50.60078811645508
2020-03-25,52.02406692504883
2020-03-26,54.40328598022461
2020-03-27,54.544921875
2020-03-30,55.01224899291992
2020-03-31,54.57322692871094
2020-04-01,53.0751953125
2020-04-02,53.48797607421875
2020-04-03,52.34218978881836
2020-04-06,53.61606216430664
2020-04-07,53.61606216430664
2020-04-08,55.01091003417969
2020-04-09,58.611881256103516
2020-04-13,57.772132873535156
2020-04-14,58.01410675048828
2020-04-15,57.473243713378906
2020-04-16,57.416290283203125
2020-04-17,57.70807647705078
2020-04-20,56.83985900878906
2020-04-21,55.80085372924805
2020-04-22,56.291873931884766
2020-04-23,56.263404846191406
2020-04-24,55.73677444458008
2020-04-27,55.96453094482422
2020-04-28,56.13531494140625
2020-04-29,57.124507904052734
2020-04-30,57.23836898803711
2020-05-01,56.25105667114258
2020-05-04,56.17241668701172
2020-05-05,56.658607482910156
2020-05-06,56.33686065673828
2020-05-07,56.47982406616211
2020-05-08,57.0159912109375
2020-05-11,56.7586784362793
2020-05-12,56.68717575073242
2020-05-13,56.38688659667969
2020-05-14,56.193851470947266
2020-05-15,56.27250671386719
2020-05-18,57.26628494262695
2020-05-19,57.337764739990234
2020-05-20,57.945457458496094
2020-05-21,57.93115997314453
2020-05-22,58.07415771484375
2020-05-26,58.51026153564453
2020-05-27,58.631797790527344
2020-05-28,58.688968658447266
2020-05-29,58.924922943115234
2020-06-01,59.370643615722656
2020-06-02,59.95914840698242
2020-06-03,60.239078521728516
2020-06-04,60.0524787902832
2020-06-05,60.619483947753906
2020-06-08,60.69126510620117
2020-06-09,60.21754837036133
2020-06-10,60.131412506103516
2020-06-11,58.588279724121094
2020-06-12,59.16965103149414
2020-06-15,59.74383544921875
2020-06-16,59.98789596557617
2020-06-17,59.70795440673828
2020-06-18,59.68643569946289
2020-06-19,59.485450744628906
2020-06-22,59.442420959472656
2020-06-23,59.52851486206055
2020-06-24,58.918453216552734
2020-06-25,58.94001007080078
2020-06-26,58.380149841308594
2020-06-29,58.050010681152344
2020-06-30,58.58110809326172
2020-07-01,58.76348876953125
2020-07-02,59.19591522216797
2020-07-06,59.62115478515625
2020-07-07,59.224754333496094
2020-07-08,59.38330078125
2020-07-09,59.25355911254883
2020-07-10,59.45540237426758
2020-07-13,59.13106155395508
2020-07-14,59.635616302490234
2020-07-15,59.97434997558594
2020-07-16,60.032005310058594
2020-07-17,60.19779968261719
2020-07-20,60.558135986328125
2020-07-21,60.8392448425293
2020-07-22,60.961795806884766
2020-07-23,60.91851806640625
2020-07-24,60.9762077331543
2020-07-27,61.1203498840332
2020-07-28,60.961795806884766
2020-07-29,61.300567626953125
2020-07-30,61.43027877807617
2020-07-31,61.54560852050781
2020-08-03,61.560813903808594
2020-08-04,61.53907775878906
2020-08-05,61.64764404296875
2020-08-06,61.78511047363281
2020-08-07,61.63314437866211
2020-08-10,61.66211700439453
2020-08-11,61.104881286621094
2020-08-12,61.11935806274414
2020-08-13,60.95296859741211
2020-08-14,60.84440612792969
2020-08-17,61.206207275390625
2020-08-18,61.30029296875
2020-08-19,61.12662124633789
2020-08-20,61.3292350769043
2020-08-21,61.32200622558594
2020-08-24,61.60424041748047
2020-08-25,61.6693229675293
2020-08-26,61.66211700439453
2020-08-27,61.56803894042969
2020-08-28,61.61868667602539
2020-08-31,61.5318489074707
2020-09-01,61.86677169799805
2020-09-02,61.939449310302734
2020-09-03,61.55434799194336
2020-09-04,61.387271881103516
2020-09-08,61.045799255371094
2020-09-09,61.52530288696289
2020-09-10,61.234676361083984
2020-09-11,61.35820007324219
2020-09-14,61.29281997680664
2020-09-15,61.459896087646484
2020-09-16,61.459896087646484
2020-09-17,61.39453125
2020-09-18,61.24196243286133
2020-09-21,60.74787521362305
2020-09-22,60.95859146118164
2020-09-23,60.34103012084961
2020-09-24,60.37733459472656
2020-09-25,60.26836395263672
2020-09-28,60.66069793701172
2020-09-29,60.71155548095703
2020-09-30,60.95859146118164
2020-10-01,61.168006896972656
2020-10-02,61.168006896972656
2020-10-05,61.62771224975586
2020-10-06,61.489070892333984
2020-10-07,61.70796585083008
2020-10-08,61.84660339355469
2020-10-09,61.985206604003906
2020-10-12,62.29899597167969
2020-10-13,62.0217399597168
2020-10-14,61.86846160888672
2020-10-15,61.824703216552734
2020-10-16,61.75173568725586
2020-10-19,61.53288269042969
2020-10-20,61.75173568725586
2020-10-21,61.74444580078125
2020-10-22,61.85386276245117
2020-10-23,61.926876068115234
2020-10-26,61.379615783691406
2020-10-27,61.408775329589844
2020-10-28,60.89803695678711
2020-10-29,61.07314682006836
2020-10-30,61.20447540283203
2020-11-02,61.35033416748047
2020-11-03,61.87794494628906
2020-11-04,62.45686340332031
2020-11-05,62.67668151855469
2020-11-06,62.45686340332031
2020-11-09,62.933170318603516
2020-11-10,62.84520721435547
2020-11-11,62.82326126098633
2020-11-12,62.3982048034668
2020-11-13,62.61077117919922
2020-11-16,62.962501525878906
2020-11-17,62.98446273803711
2020-11-18,62.86721420288086
2020-11-19,63.07972717285156
2020-11-20,62.962501525878906
2020-11-23,63.0577278137207
2020-11-24,63.24827194213867
2020-11-25,63.21894836425781
2020-11-27,63.32155990600586
2020-11-30,63.255577087402344
2020-12-01,63.41819763183594
2020-12-02,63.59477996826172
2020-12-03,63.63151168823242
2020-12-04,63.89641571044922
2020-12-07,63.866981506347656
2020-12-08,63.815521240234375
2020-12-09,63.71983337402344
2020-12-10,63.837554931640625
2020-12-11,63.77135467529297
2020-12-14,63.786048889160156
2020-12-15,63.98466491699219
2020-12-16,63.88904571533203
2020-12-17,63.9843635559082
2020-12-18,64.03607940673828
2020-12-21,63.80704879760742
2020-12-22,63.88833999633789
2020-12-23,64.17640686035156
2020-12-24,64.30940246582031
2020-12-28,64.39068603515625
2020-12-29,64.30940246582031
2020-12-30,64.44239807128906
2020-12-31,64.49411010742188
2021-01-04,64.36114501953125
2021-01-05,64.3832778930664
2021-01-06,64.26508331298828
2021-01-07,64.44976806640625
2021-01-08,64.54582214355469
2021-01-11,64.19860076904297
2021-01-12,64.27986145019531
2021-01-13,64.47191619873047
2021-01-14,64.4571533203125
2021-01-15,64.35372924804688
2021-01-19,64.53844451904297
2021-01-20,64.65662384033203
2021-01-21,64.61966705322266
2021-01-22,64.49411010742188
2021-01-25,64.50886535644531
2021-01-26,64.4128189086914
2021-01-27,64.22814178466797
2021-01-28,64.42024993896484
2021-01-29,64.25032043457031
2021-02-01,64.4564437866211
2021-02-02,64.6121597290039
2021-02-03,64.66404724121094
2021-02-04,64.79751586914062
2021-02-05,64.8938980102539
2021-02-08,65.0866928100586
2021-02-09,64.96806335449219
2021-02-10,64.9532470703125
2021-02-11,64.98287963867188
2021-02-12,65.0866928100586
2021-02-16,64.98287963867188
2021-02-17,64.96064758300781
2021-02-18,64.87165069580078
2021-02-19,64.87907409667969
2021-02-22,64.67887115478516
2021-02-23,64.83464050292969
2021-02-24,64.90132904052734
2021-02-25,64.28588104248047
2021-02-26,64.09312438964844
2021-03-01,64.81267547607422
2021-03-02,64.71595001220703
2021-03-03,64.50760650634766
2021-03-04,64.26203155517578
2021-03-05,64.45550537109375
2021-03-08,63.9867057800293
2021-03-09,64.07599639892578
2021-03-10,64.27690887451172
2021-03-11,64.51500701904297
2021-03-12,64.33642578125
2021-03-15,64.34386444091797
2021-03-16,64.19503784179688
2021-03-17,64.2843246459961
2021-03-18,63.79322814941406
2021-03-19,64.03878021240234
2021-03-22,64.26946258544922
2021-03-23,64.33642578125
2021-03-24,64.3736572265625
2021-03-25,64.48527526855469
2021-03-26,64.67872619628906
2021-03-29,64.71595001220703
2021-03-30,64.5596694946289
2021-03-31,64.8722152709961
2021-04-01,65.00955963134766
2021-04-05,65.0394515991211
2021-04-06,65.15145111083984
2021-04-07,65.1290283203125
2021-04-08,65.15145111083984
2021-04-09,65.10662841796875
2021-04-12,65.0394515991211
2021-04-13,65.0842514038086
2021-04-14,65.05438995361328
2021-04-15,65.31570434570312
2021-04-16,65.18132781982422
2021-04-19,65.0767822265625
2021-04-20,64.96479034423828
2021-04-21,65.18132781982422
2021-04-22,65.0618667602539
2021-04-23,65.23356628417969
2021-04-26,65.20369720458984
2021-04-27,65.11410522460938
2021-04-28,65.24102783203125
2021-04-29,65.31570434570312
2021-04-30,65.28585815429688
2021-05-03,65.31133270263672
2021-05-04,65.27385711669922
2021-05-05,65.4012222290039
2021-05-06,65.37874603271484
2021-05-07,65.42366790771484
2021-05-10,65.27385711669922
2021-05-11,65.20643615722656
2021-05-12,64.89177703857422
2021-05-13,65.1240463256836
2021-05-14,65.33378601074219
2021-05-17,65.21392059326172
2021-05-18,65.05657958984375
2021-05-19,64.88426971435547
2021-05-20,65.16146850585938
2021-05-21,65.25886535644531
2021-05-24,65.33378601074219
2021-05-25,65.34127044677734
2021-05-26,65.36373138427734
2021-05-27,65.33378601074219
2021-05-28,65.31133270263672
2021-06-01,65.50749206542969
2021-06-02,65.59017181396484
2021-06-03,65.45487976074219
2021-06-04,65.59770202636719
2021-06-07,65.62025451660156
2021-06-08,65.66534423828125
2021-06-09,65.71797180175781
2021-06-10,65.83821105957031
2021-06-11,65.86078643798828
2021-06-14,65.80065155029297
2021-06-15,65.79312133789062
2021-06-16,65.70292663574219
2021-06-17,65.74800872802734
2021-06-18,65.71797180175781
2021-06-21,65.84575653076172
2021-06-22,65.89086151123047
2021-06-23,65.82318115234375
2021-06-24,66.02613067626953
2021-06-25,66.09378814697266
2021-06-28,66.08629608154297
2021-06-29,66.16896057128906
2021-06-30,66.1764907836914
2021-07-01,66.30619049072266
2021-07-02,66.41175842285156
2021-07-06,66.37406921386719
2021-07-07,66.3967056274414
2021-07-08,66.25338745117188
2021-07-09,66.36653900146484
2021-07-12,66.34391021728516
2021-07-13,66.14781188964844
2021-07-14,66.25338745117188
2021-07-15,66.2081298828125
2021-07-16,66.1176528930664
2021-07-19,65.6727066040039
2021-07-20,66.00453186035156
2021-07-21,66.16291809082031
2021-07-22,66.20061492919922
2021-07-23,66.3288345336914
2021-07-26,66.23080444335938
2021-07-27,66.14027404785156
2021-07-28,66.19306945800781
2021-07-29,66.33634185791016
2021-07-30,66.24584197998047
2021-08-02,66.08168029785156
2021-08-03,66.15733337402344
2021-08-04,66.03627014160156
2021-08-05,66.18758392333984
2021-08-06,66.1119384765625
2021-08-09,65.96063995361328
2021-08-10,65.8093032836914
2021-08-11,65.91524505615234
2021-08-12,66.02873992919922
2021-08-13,66.17247009277344
2021-08-16,66.19515991210938
2021-08-17,66.04385375976562
2021-08-18,65.89251708984375
2021-08-19,65.88495635986328
2021-08-20,66.04385375976562
2021-08-23,66.24811553955078
2021-08-24,66.33892822265625
2021-08-25,66.40701293945312
2021-08-26,66.36917877197266
2021-08-27,66.55075073242188
2021-08-30,66.6340103149414
2021-08-31,66.64910888671875
2021-09-01,66.70604705810547
2021-09-02,66.7895278930664
2021-09-03,66.79714965820312
2021-09-07,66.62254333496094
2021-09-08,66.69850158691406
2021-09-09,66.75920104980469
2021-09-10,66.66053009033203
2021-09-13,66.8275146484375
2021-09-14,66.79714965820312
2021-09-15,66.89578247070312
2021-09-16,66.87303161621094
2021-09-17,66.7895278930664
2021-09-20,66.55426788330078
2021-09-21,66.6680908203125
2021-09-22,66.7895278930664
2021-09-23,66.81990814208984
2021-09-24,66.72123718261719
2021-09-27,66.66053009033203
2021-09-28,66.35693359375
2021-09-29,66.47835540771484
2021-09-30,66.40247344970703
2021-10-01,66.56160736083984
2021-10-04,66.3255615234375
2021-10-05,66.29512023925781
2021-10-06,66.25701141357422
2021-10-07,66.26465606689453
2021-10-08,66.06666564941406
2021-10-11,65.86103057861328
2021-10-12,65.98289489746094
2021-10-13,66.15801239013672
2021-10-14,66.53116607666016
2021-10-15,66.41692352294922
2021-10-18,66.38648986816406
2021-10-19,66.43216705322266
2021-10-20,66.45503997802734
2021-10-21,66.28748321533203
2021-10-22,66.12757110595703
2021-10-25,66.24177551269531
2021-10-26,66.25701141357422
2021-10-27,66.20372772216797
2021-10-28,66.37123107910156
2021-10-29,66.1961441040039
2021-11-01,66.12503051757812
2021-11-02,66.28548431396484
2021-11-03,66.41535949707031
2021-11-04,66.59105682373047
2021-11-05,66.8431396484375
2021-11-08,66.7591323852539
2021-11-09,66.81259155273438
2021-11-10,66.43827819824219
2021-11-11,66.32367706298828
2021-11-12,66.34658813476562
2021-11-15,66.27021789550781
2021-11-16,66.30076599121094
2021-11-17,66.23200988769531
2021-11-18,66.17853546142578
2021-11-19,66.12503051757812
2021-11-22,65.87297058105469
2021-11-23,65.7812728881836
2021-11-24,65.76597595214844
2021-11-26,65.29236602783203
2021-11-29,65.6972885131836
2021-11-30,65.42223358154297
2021-12-01,65.43143463134766
2021-12-02,65.91431427001953
2021-12-03,65.91431427001953
2021-12-06,66.2055435180664
2021-12-07,66.55809783935547
2021-12-08,66.54280853271484
2021-12-09,66.243896484375
2021-12-10,66.39715576171875
2021-12-13,66.39715576171875
2021-12-14,66.28221893310547
2021-12-15,66.53512573242188
2021-12-16,66.48591613769531
2021-12-17,66.42437744140625
2021-12-20,66.30904388427734
2021-12-21,66.66277313232422
2021-12-22,66.83968353271484
2021-12-23,67.03193664550781
2021-12-27,67.10115051269531
2021-12-28,67.07040405273438
2021-12-29,66.96271514892578
2021-12-30,66.93199920654297
2021-12-31,66.91658020019531
2022-01-03,66.88581085205078
2022-01-04,66.71663665771484
2022-01-05,66.20133972167969
2022-01-06,66.20901489257812
2022-01-07,66.03982543945312
2022-01-10,66.09370422363281
2022-01-11,66.40132141113281
2022-01-12,66.50898742675781
2022-01-13,66.27058410644531
2022-01-14,66.20901489257812
2022-01-18,65.88602447509766
2022-01-19,65.82450866699219
2022-01-20,65.70145416259766
2022-01-21,65.70915222167969
2022-01-24,65.63990783691406
2022-01-25,65.44763946533203
2022-01-26,65.2246322631836
2022-01-27,64.94007873535156
2022-01-28,65.12464141845703
2022-01-31,65.14002227783203
2022-02-01,65.39859771728516
2022-02-02,65.49895477294922
2022-02-03,64.91236114501953
2022-02-04,64.6576156616211
2022-02-07,64.611328125
2022-02-08,64.5418472290039
2022-02-09,64.88146209716797
2022-02-10,64.02474975585938
2022-02-11,63.80088806152344
2022-02-14,63.69280242919922
2022-02-15,63.80088806152344
2022-02-16,64.15592956542969
2022-02-17,63.885780334472656
2022-02-18,63.978389739990234
2022-02-22,63.831748962402344
2022-02-23,63.71599197387695
2022-02-24,64.1713638305664
2022-02-25,64.53412628173828
2022-02-28,64.58045196533203
2022-03-01,64.39994812011719
2022-03-02,64.55487823486328
2022-03-03,64.36122131347656
2022-03-04,63.942874908447266
2022-03-07,63.38511276245117
2022-03-08,63.160465240478516
2022-03-09,63.687232971191406
2022-03-10,63.15268325805664
2022-03-11,62.69564437866211
2022-03-14,61.95193099975586
2022-03-15,62.41672897338867
2022-03-16,63.29214859008789
2022-03-17,63.72597885131836
2022-03-18,63.93515396118164
2022-03-21,63.199180603027344
2022-03-22,63.524532318115234
2022-03-23,63.3231315612793
2022-03-24,63.45484924316406
2022-03-25,62.9977912902832
2022-03-28,63.39285659790039
2022-03-29,64.17530059814453
2022-03-30,63.981597900390625
2022-03-31,63.74919891357422
2022-04-01,63.74456024169922
2022-04-04,64.2268295288086
2022-04-05,63.39450454711914
2022-04-06,62.89667892456055
2022-04-07,62.79557418823242
2022-04-08,62.41442108154297
2022-04-11,61.98661804199219
2022-04-12,62.461090087890625
2022-04-13,62.83449172973633
2022-04-14,62.41442108154297
2022-04-18,62.31330490112305
2022-04-19,62.258853912353516
2022-04-20,62.45332336425781
2022-04-21,62.0255241394043
2022-04-22,61.652130126953125
2022-04-25,62.17329406738281
2022-04-26,61.80769348144531
2022-04-27,61.50434494018555
2022-04-28,61.84661102294922
2022-04-29,61.08429718017578
2022-05-02,61.088218688964844
2022-05-03,61.40837860107422
2022-05-04,62.03307342529297
2022-05-05,60.932029724121094
2022-05-06,60.58843994140625
2022-05-09,59.948116302490234
2022-05-10,60.29173278808594
2022-05-11,59.93252182006836
2022-05-12,59.90908432006836
2022-05-13,59.97937774658203
2022-05-16,59.893463134765625
2022-05-17,59.83881378173828
2022-05-18,59.34684753417969
2022-05-19,59.745094299316406
2022-05-20,59.7060661315918
2022-05-23,59.9403076171875
2022-05-24,60.299537658691406
2022-05-25,61.21314239501953
2022-05-26,62.06431198120117
2022-05-27,62.61875534057617
2022-05-31,62.0799446105957
2022-06-01,61.85023880004883
2022-06-02,62.108924865722656
2022-06-03,61.64643478393555
2022-06-06,61.183929443359375
2022-06-07,61.32504653930664
2022-06-08,60.79981994628906
2022-06-09,60.31380844116211
2022-06-10,59.28688049316406
2022-06-13,57.3035774230957
2022-06-14,57.67985534667969
2022-06-15,58.80085754394531
2022-06-16,57.86799621582031
2022-06-17,58.04829406738281
2022-06-21,58.009117126464844
2022-06-22,57.9934196472168
2022-06-23,58.40890121459961
2022-06-24,58.82436752319336
2022-06-27,58.46376037597656
2022-06-28,57.82096862792969
2022-06-29,57.734737396240234
2022-06-30,57.70338439941406
2022-07-01,58.253780364990234
2022-07-05,58.19868469238281
2022-07-06,57.97819137573242
2022-07-07,58.9230842590332
2022-07-08,58.970340728759766
2022-07-11,58.63962173461914
2022-07-12,58.8758659362793
2022-07-13,58.812862396240234
2022-07-14,58.70262145996094
2022-07-15,59.4506721496582
2022-07-18,58.8758659362793
2022-07-19,59.65538787841797
2022-07-20,59.91523361206055
2022-07-21,60.623924255371094
2022-07-22,60.54520797729492
2022-07-25,60.52943801879883
2022-07-26,60.104244232177734
2022-07-27,60.765663146972656
2022-07-28,61.38773727416992
2022-07-29,61.56886291503906
2022-08-01,61.58782196044922
2022-08-02,61.30324935913086
2022-08-03,61.84078598022461
2022-08-04,62.00678634643555
2022-08-05,61.69057846069336
2022-08-08,61.74593734741211
2022-08-09,61.28744888305664
2022-08-10,62.20441818237305
2022-08-11,61.84868240356445
2022-08-12,62.40202713012695
2022-08-15,62.29136657714844
2022-08-16,61.99888610839844
2022-08-17,61.35857391357422
2022-08-18,61.453453063964844
2022-08-19,60.82895278930664
2022-08-22,60.14120101928711
2022-08-23,60.2913932800293
2022-08-24,60.362586975097656
2022-08-25,60.93172073364258
2022-08-26,59.927764892578125
2022-08-29,59.69852066040039
2022-08-30,59.24005126953125
2022-08-31,58.91592025756836
2022-09-01,59.0716438293457
2022-09-02,59.03190612792969
2022-09-06,58.87303161621094
2022-09-07,59.723052978515625
2022-09-08,59.985198974609375
2022-09-09,60.22349548339844
2022-09-12,60.40624237060547
2022-09-13,59.03190612792969
2022-09-14,59.119293212890625
2022-09-15,58.745933532714844
2022-09-16,58.94453811645508
2022-09-19,59.16695022583008
2022-09-20,58.56321334838867
2022-09-21,58.38844680786133
2022-09-22,58.03890609741211
2022-09-23,57.30012512207031
2022-09-26,56.624881744384766
2022-09-27,56.505733489990234
2022-09-28,57.514610290527344
2022-09-29,56.97444534301758
2022-09-30,56.712284088134766
2022-10-03,57.45551300048828
2022-10-04,58.69291305541992
2022-10-05,58.46139907836914
2022-10-06,58.28578186035156
2022-10-07,57.575260162353516
2022-10-10,56.872718811035156
2022-10-11,57.048377990722656
2022-10-12,57.1441764831543
2022-10-13,57.27190017700195
2022-10-14,57.088287353515625
2022-10-17,57.79081344604492
2022-10-18,58.19796371459961
2022-10-19,57.63911819458008
2022-10-20,57.319801330566406
2022-10-21,57.87063217163086
2022-10-24,57.910552978515625
2022-10-25,58.46939468383789
2022-10-26,58.62906265258789
2022-10-27,59.060142517089844
2022-10-28,59.515193939208984
2022-10-31,58.621063232421875
2022-11-01,58.973670959472656
2022-11-02,58.436763763427734
2022-11-03,58.02001190185547
2022-11-04,58.42070770263672
2022-11-07,58.41268539428711
2022-11-08,58.35658264160156
2022-11-09,57.659393310546875
2022-11-10,59.45451354980469
2022-11-11,59.66286087036133
2022-11-14,59.22209930419922
2022-11-15,59.74299621582031
2022-11-16,59.61478805541992
2022-11-17,59.35834884643555
2022-11-18,59.486568450927734
2022-11-21,59.46250915527344
2022-11-22,59.895259857177734
2022-11-23,60.231868743896484
2022-11-25,60.11164093017578
2022-11-28,59.47855758666992
2022-11-29,59.734981536865234
2022-11-30,60.63254928588867
2022-12-01,60.857059478759766
2022-12-02,60.80875778198242
2022-12-05,60.22933578491211
2022-12-06,60.012046813964844
2022-12-07,60.34199905395508
2022-12-08,60.39027786254883
2022-12-09,60.39027786254883
2022-12-12,60.62369918823242
2022-12-13,61.25141906738281
2022-12-14,60.905357360839844
2022-12-15,60.67561721801758
2022-12-16,60.351993560791016
2022-12-19,60.04458999633789
2022-12-20,59.8908576965332
2022-12-21,60.40053176879883
2022-12-22,60.02836990356445
2022-12-23,60.18210983276367
2022-12-27,59.55917739868164
2022-12-28,58.758216857910156
2022-12-29,59.518707275390625
2022-12-30,59.56726837158203
2023-01-03,59.680503845214844
2023-01-04,60.36818313598633
2023-01-05,60.246826171875
2023-01-06,61.10435485839844
2023-01-09,61.322792053222656
2023-01-10,61.249996185302734
2023-01-11,61.65447998046875
2023-01-12,62.00238037109375
2023-01-13,62.00238037109375
2023-01-17,61.79201889038086
2023-01-18,61.86484146118164
2023-01-19,61.50078201293945
2023-01-20,61.62211227416992
2023-01-23,61.61404037475586
2023-01-24,61.65447998046875
2023-01-25,61.646392822265625
2023-01-26,61.800132751464844
2023-01-27,61.61404037475586
2023-01-30,61.27427291870117
2023-01-31,61.75157928466797
2023-02-01,62.40027618408203
2023-02-02,62.757957458496094
2023-02-03,62.09951400756836
2023-02-06,61.70119094848633
2023-02-07,61.92064666748047
2023-02-08,61.660518646240234
2023-02-09,61.262184143066406
2023-02-10,60.79069137573242
2023-02-13,60.945152282714844
2023-02-14,60.9614143371582
2023-02-15,60.863868713378906
2023-02-16,60.376102447509766
2023-02-17,60.61186218261719
2023-02-21,59.6769905090332
2023-02-22,60.06719207763672
2023-02-23,60.66063690185547
2023-02-24,60.2947998046875
2023-02-27,60.70127868652344
2023-02-28,60.587459564208984
2023-03-01,60.41571807861328
2023-03-02,60.48931121826172
2023-03-03,61.11089324951172
2023-03-06,61.11089324951172
2023-03-07,60.67744064331055
2023-03-08,60.391170501708984
2023-03-09,60.05586242675781
2023-03-10,60.06403350830078
2023-03-13,59.73686981201172
2023-03-14,60.17033767700195
2023-03-15,59.974063873291016
2023-03-16,60.36665344238281
2023-03-17,60.006771087646484
2023-03-20,59.843196868896484
2023-03-21,60.497501373291016
2023-03-22,60.55474853515625
2023-03-23,60.31757736206055
2023-03-24,60.19486618041992
2023-03-27,60.047664642333984
2023-03-28,60.01494216918945
2023-03-29,60.76737594604492
2023-03-30,61.127254486083984
2023-03-31,61.78971862792969
2023-04-03,61.7420768737793
2023-04-04,61.561302185058594
2023-04-05,61.21625900268555
2023-04-06,61.487396240234375
2023-04-10,61.429866790771484
2023-04-11,61.561302185058594
2023-04-12,61.54489517211914
2023-04-13,61.96391296386719
2023-04-14,61.84890365600586
2023-04-17,61.68455505371094
2023-04-18,61.72562026977539
2023-04-19,61.47917556762695
2023-04-20,61.421669006347656
2023-04-21,61.61060333251953
2023-04-24,61.78315734863281
2023-04-25,61.68455505371094
2023-04-26,61.446292877197266
2023-04-27,61.651695251464844
2023-04-28,61.91459274291992
2023-05-01,61.630741119384766
2023-05-02,61.572998046875
2023-05-03,61.53998947143555
2023-05-04,61.358463287353516
2023-05-05,61.68852233886719
2023-05-08,61.51521301269531
2023-05-09,61.358463287353516
2023-05-10,61.72977066040039
2023-05-11,61.630741119384766
2023-05-12,61.40796661376953
2023-05-15,61.39147186279297
2023-05-16,60.96237564086914
2023-05-17,61.12742233276367
2023-05-18,61.160404205322266
2023-05-19,61.226444244384766
2023-05-22,61.49874496459961
2023-05-23,61.17692565917969
2023-05-24,60.74784851074219
2023-05-25,60.70658493041992
2023-05-26,61.077884674072266
2023-05-30,61.34193801879883
2023-05-31,61.15215301513672
2023-06-01,61.51945877075195
2023-06-02,61.834503173828125
2023-06-05,61.78475570678711
2023-06-06,61.884273529052734
2023-06-07,61.5443115234375
2023-06-08,61.933998107910156
2023-06-09,61.95060348510742
2023-06-12,61.884273529052734
2023-06-13,61.95887756347656
2023-06-14,61.98375701904297
2023-06-15,62.28221893310547
2023-06-16,62.12470245361328
2023-06-20,61.95887756347656
2023-06-21,61.80134582519531
2023-06-22,61.61895751953125
2023-06-23,61.511173248291016
2023-06-26,61.5443115234375
2023-06-27,61.751609802246094
2023-06-28,62.10814666748047
2023-06-29,61.94231414794922
2023-06-30,62.24077224731445
2023-07-03,62.14323806762695
2023-07-05,61.95153045654297
2023-07-06,61.50139617919922
2023-07-07,61.55974578857422
2023-07-10,61.868160247802734
2023-07-11,62.201622009277344
2023-07-12,62.68508529663086
2023-07-13,63.0601921081543
2023-07-14,62.60172653198242
2023-07-17,62.71840286254883
2023-07-18,62.893463134765625
2023-07-19,62.94348907470703
2023-07-20,62.66838836669922
2023-07-21,62.826805114746094
2023-07-24,62.71840286254883
2023-07-25,62.67674255371094
2023-07-26,62.92681121826172
2023-07-27,62.42666244506836
2023-07-28,62.78510665893555
2023-07-31,62.935150146484375
2023-08-01,62.62358856201172
2023-08-02,62.35555648803711
2023-08-03,62.154563903808594
2023-08-04,62.52309036254883
2023-08-07,62.640316009521484
2023-08-08,62.77434158325195
2023-08-09,62.7827262878418
2023-08-10,62.76597213745117
2023-08-11,62.673851013183594
2023-08-14,62.665462493896484
2023-08-15,62.464439392089844
2023-08-16,62.27180480957031
2023-08-17,62.01217269897461
2023-08-18,62.0540657043457
2023-08-21,62.037315368652344
2023-08-22,62.070804595947266
2023-08-23,62.573333740234375
2023-08-24,62.229949951171875
2023-08-25,62.48957443237305
2023-08-28,62.72406768798828
2023-08-29,63.11772918701172
2023-08-30,63.092613220214844
2023-08-31,63.05075454711914
2023-09-01,63.169395446777344
2023-09-05,62.757049560546875
2023-09-06,62.60559844970703
2023-09-07,62.815975189208984
2023-09-08,62.79071807861328
2023-09-11,62.90013122558594
2023-09-12,62.799129486083984
2023-09-13,62.96744155883789
2023-09-14,63.043155670166016
2023-09-15,62.807559967041016
2023-09-18,62.84961700439453
2023-09-19,62.65609359741211
2023-09-20,62.60559844970703
2023-09-21,62.15962600708008
2023-09-22,62.26901626586914
2023-09-25,62.184852600097656
2023-09-26,61.915592193603516
2023-09-27,61.83143615722656
2023-09-28,62.1259651184082
2023-09-29,62.03339385986328
2023-10-02,61.65699005126953
2023-10-03,61.03102111816406
2023-10-04,61.343994140625
2023-10-05,61.40320587158203
2023-10-06,61.487796783447266
2023-10-09,61.94458770751953
2023-10-10,61.92765426635742
2023-10-11,61.91919708251953
2023-10-12,61.589290618896484
2023-10-13,61.538551330566406
2023-10-16,61.52163314819336
2023-10-17,61.23402786254883
2023-10-18,60.937950134277344
2023-10-19,60.71804428100586
2023-10-20,60.84490203857422
2023-10-23,61.0902214050293
2023-10-24,61.40320587158203
2023-10-25,61.07330322265625
2023-10-26,61.284786224365234
2023-10-27,61.20863342285156
2023-10-30,61.225563049316406
2023-10-31,61.386287689208984
2023-11-01,61.97138977050781
2023-11-02,62.66872024536133
2023-11-03,63.28104782104492
2023-11-06,63.02592849731445
2023-11-07,63.034423828125
2023-11-08,63.06843185424805
2023-11-09,62.677242279052734
2023-11-10,62.98341369628906
2023-11-13,62.92385482788086
2023-11-14,63.561683654785156
2023-11-15,63.357601165771484
2023-11-16,63.44263458251953
2023-11-17,63.58720016479492
2023-11-20,63.6552619934082
2023-11-21,63.740272521972656
2023-11-22,63.85083770751953
2023-11-24,63.78282165527344
2023-11-27,63.876346588134766
2023-11-28,64.15701293945312
2023-11-29,64.50566101074219
2023-11-30,64.38660430908203
2023-12-01,64.91972351074219
2023-12-04,64.75739288330078
2023-12-05,64.81720733642578
2023-12-06,64.82574462890625
2023-12-07,64.9367904663086
2023-12-08,64.80865478515625
2023-12-11,64.76594543457031
2023-12-12,64.91117858886719
2023-12-13,65.90219116210938
2023-12-14,66.1932373046875
2023-12-15,66.04727935791016
2023-12-18,66.0902099609375
2023-12-19,66.2790756225586
2023-12-20,66.28768157958984
2023-12-21,66.58815002441406
2023-12-22,66.5108871459961
2023-12-26,66.6396713256836
2023-12-27,66.9144287109375
2023-12-28,66.69978332519531
2023-12-29,66.44221496582031
2024-01-02,66.21898651123047
2024-01-03,66.03868103027344
2024-01-04,65.78113555908203
2024-01-05,65.8326416015625
2024-01-08,66.20181274414062
2024-01-09,66.30484771728516
2024-01-10,66.42504119873047
2024-01-11,66.6396713256836
2024-01-12,66.70834350585938
2024-01-16,66.28768157958984
2024-01-17,66.00434112548828
2024-01-18,66.1417236328125
2024-01-19,66.25332641601562
2024-01-22,66.30484771728516
2024-01-23,66.22759246826172
2024-01-24,66.1932373046875
2024-01-25,66.69978332519531
2024-01-26,66.64826965332031
2024-01-29,66.79420471191406
2024-01-30,66.70834350585938
2024-01-31,66.51947021484375
2024-02-01,66.90257263183594
2024-02-02,66.60059356689453
2024-02-05,66.28997039794922
2024-02-06,66.53153991699219
2024-02-07,66.64372253417969
2024-02-08,66.60919189453125
2024-02-09,66.74725341796875
2024-02-12,66.60059356689453
2024-02-13,66.06564331054688
2024-02-14,66.32449340820312
2024-02-15,66.55744934082031
2024-02-16,66.35900115966797
2024-02-20,66.49705505371094
2024-02-21,66.37625885009766
2024-02-22,66.69548034667969
2024-02-23,66.7386245727539
2024-02-26,66.52294158935547
2024-02-27,66.60919189453125
2024-02-28,66.60059356689453
2024-02-29,66.72137451171875
2024-03-01,66.97126770019531
2024-03-04,66.95392608642578
2024-03-05,66.9018783569336
2024-03-06,67.0667495727539
2024-03-07,67.14485168457031
2024-03-08,67.16218566894531
2024-03-11,67.15349578857422
2024-03-12,67.21424102783203
2024-03-13,67.24026489257812
2024-03-14,66.9192123413086
2024-03-15,66.8758316040039
2024-03-18,67.03202819824219
2024-03-19,67.30098724365234
2024-03-20,67.52664184570312
2024-03-21,67.49190521240234
2024-03-22,67.42249298095703
2024-03-25,67.31836700439453
2024-03-26,67.24026489257812
2024-03-27,67.59606170654297
2024-03-28,67.44853210449219
2024-04-01,67.1738052368164
2024-04-02,67.06040954589844
2024-04-03,67.11273193359375
2024-04-04,67.06040954589844
2024-04-05,66.99938201904297
2024-04-08,67.15636444091797
2024-04-09,67.2959213256836
2024-04-10,66.70285034179688
2024-04-11,66.64179229736328
2024-04-12,66.60688781738281
2024-04-15,66.22315216064453
2024-04-16,66.0051040649414
2024-04-17,66.09233093261719
2024-04-18,66.14464569091797
2024-04-19,66.26676177978516
2024-04-22,66.63307189941406
2024-04-23,66.9034423828125
2024-04-24,66.75517272949219
2024-04-25,66.61561584472656
2024-04-26,66.82493591308594
2024-04-29,67.02554321289062
2024-04-30,66.53713989257812
2024-05-01,66.8878402709961
2024-05-02,67.2999038696289
2024-05-03,67.58045959472656
2024-05-06,67.65937042236328
2024-05-07,67.66812133789062
2024-05-08,67.51033020019531
2024-05-09,67.52786254882812
2024-05-10,67.42265319824219
2024-05-13,67.40509033203125
2024-05-14,67.51033020019531
2024-05-15,67.90486907958984
2024-05-16,67.7470474243164
2024-05-17,67.75581359863281
2024-05-20,67.79088592529297
2024-05-21,67.73827362060547
2024-05-22,67.58924865722656
2024-05-23,67.3525161743164
2024-05-24,67.58924865722656
2024-05-28,67.31742858886719
2024-05-29,67.11577606201172
2024-05-30,67.3875503540039
2024-05-31,67.62430572509766
2024-06-03,67.83392333984375
2024-06-04,67.79872131347656
2024-06-05,68.01892852783203
2024-06-06,67.90443420410156
2024-06-07,67.72824096679688
2024-06-10,67.78990173339844
2024-06-11,67.87799072265625
2024-06-12,68.15104675292969
2024-06-13,68.14224243164062
2024-06-14,67.87799072265625
2024-06-17,67.9220199584961
2024-06-18,68.1334228515625
2024-06-20,68.08938598632812
2024-06-21,68.16866302490234
2024-06-24,68.09820556640625
2024-06-25,68.18630981445312
2024-06-26,68.03655242919922
2024-06-27,68.11581420898438
2024-06-28,67.94845581054688
2024-07-01,67.9351806640625
2024-07-02,68.1211166381836
2024-07-03,68.36021423339844
2024-07-05,68.56388092041016
2024-07-08,68.54618072509766
2024-07-09,68.46646118164062
2024-07-10,68.62586975097656
2024-07-11,68.87382507324219
2024-07-12,69.05091094970703
2024-07-15,69.05973815917969
2024-07-16,69.3254165649414
2024-07-17,69.2457046508789
2024-07-18,69.10404205322266
2024-07-19,69.05091094970703
2024-07-22,69.30768585205078
2024-07-23,69.31655883789062
2024-07-24,69.09516143798828
2024-07-25,69.10404205322266
2024-07-26,69.3254165649414
2024-07-29,69.26343536376953
2024-07-30,69.298828125
2024-07-31,69.54678344726562
2024-08-01,69.3945541381836
2024-08-02,69.16311645507812
2024-08-05,68.73587799072266
2024-08-06,68.99403381347656
2024-08-07,69.12752532958984
2024-08-08,69.41236877441406
2024-08-09,69.40345764160156
2024-08-12,69.4479751586914
2024-08-13,69.76841735839844
2024-08-14,69.89302825927734
2024-08-15,69.9553451538086
2024-08-16,70.17787170410156
2024-08-19,70.29359436035156
2024-08-20,70.23128509521484
2024-08-21,70.39151000976562
2024-08-22,70.30249786376953
2024-08-23,70.67636108398438
2024-08-26,70.53392028808594
2024-08-27,70.57846069335938
2024-08-28,70.54283905029297
2024-08-29,70.61404418945312
2024-08-30,70.6229248046875
2024-09-03,70.37250518798828
2024-09-04,70.63188934326172
2024-09-05,70.87338256835938
2024-09-06,70.78392791748047
2024-09-09,70.95387268066406
2024-09-10,70.8197021484375
2024-09-11,70.92704772949219
2024-09-12,71.02542877197266
2024-09-13,71.22219848632812
2024-09-16,71.40109252929688
2024-09-17,71.4189682006836
2024-09-18,71.48160552978516
2024-09-19,71.69625091552734
2024-09-20,71.78568267822266
2024-09-23,71.65153503417969
2024-09-24,71.66045379638672
2024-09-25,71.57996368408203
2024-09-26,71.69625091552734
2024-09-27,71.87512969970703
2024-09-30,71.82148742675781
2024-10-01,71.78550720214844
2024-10-02,71.79447937011719
2024-10-03,71.62372589111328
2024-10-04,71.54283142089844
2024-10-07,71.23725128173828
2024-10-08,71.40800476074219
2024-10-09,71.36308288574219
2024-10-10,71.32713317871094
2024-10-11,71.51586151123047
2024-10-14,71.55182647705078
2024-10-15,71.5338363647461
2024-10-16,71.6596908569336
2024-10-17,71.55182647705078
2024-10-18,71.72260284423828
2024-10-21,71.43498229980469
2024-10-22,71.33613586425781
2024-10-23,71.12040710449219
2024-10-24,71.32713317871094
2024-10-25,71.25521850585938
2024-10-28,71.43498229980469
2024-10-29,71.45295715332031
2024-10-30,71.32713317871094
2024-10-31,71.12939453125
2024-11-01,71.13394165039062
2024-11-04,71.3326416015625
2024-11-05,71.5313720703125
2024-11-06,71.65782928466797
2024-11-07,71.9649429321289
2024-11-08,72.08238220214844
2024-11-11,72.00108337402344
2024-11-12,71.71202087402344
2024-11-13,71.73008728027344
2024-11-14,71.57652282714844
2024-11-15,71.56749725341797
2024-11-18,71.70298767089844
2024-11-19,71.81138610839844
2024-11-20,71.79332733154297
2024-11-21,71.82041931152344
2024-11-22,71.8023452758789
2024-11-25,72.07332611083984
2024-11-26,71.9378433227539
2024-11-27,72.15462493896484
2024-11-29,72.29915618896484
2024-12-02,72.2728500366211
2024-12-03,72.2728500366211
2024-12-04,72.44525909423828
2024-12-05,72.38172149658203
2024-12-06,72.49967193603516
2024-12-09,72.40895080566406
2024-12-10,72.44525909423828
2024-12-11,72.4634017944336
2024-12-12,72.2637710571289
2024-12-13,72.05506134033203
2024-12-16,72.19116973876953
2024-12-17,72.03693389892578
2024-12-18,71.29722595214844
2024-12-19,71.2242660522461
2024-12-20,71.67117309570312
2024-12-23,71.47965240478516
2024-12-24,71.7076644897461
2024-12-26,71.89007568359375
2024-12-27,71.64381408691406
2024-12-30,71.74414825439453
2024-12-31,71.73501586914062
2025-01-02,71.90830993652344
2025-01-03,72.01777648925781
2025-01-06,72.14546203613281
2025-01-07,71.90830993652344
2025-01-08,71.99951934814453
2025-01-10,71.62557220458984
2025-01-13,71.60734558105469
2025-01-14,71.69855499267578
2025-01-15,72.32787322998047
2025-01-16,72.40997314453125
2025-01-17,72.47381591796875
2025-01-21,72.66535186767578
2025-01-22,72.56501007080078
2025-01-23,72.6562271118164
2025-01-24,72.7383041381836
2025-01-27,72.79302978515625
2025-01-28,72.76567077636719
2025-01-29,72.7200698852539
2025-01-30,72.85688781738281
2025-01-31,72.7109375
2025-02-03,72.61932373046875
2025-02-04,72.84838104248047
2025-02-05,73.04077911376953
2025-02-06,72.93084716796875
2025-02-07,72.70178985595703
2025-02-10,72.84838104248047
2025-02-11,72.82091522216797
2025-02-12,72.66513061523438
2025-02-13,72.99498748779297
2025-02-14,73.07743835449219
2025-02-18,73.01329803466797
2025-02-19,73.06826782226562
2025-02-20,73.11409759521484
2025-02-21,72.97665405273438
2025-02-24,73.06826782226562
2025-02-25,73.25151062011719
2025-02-26,73.35230255126953
2025-02-27,73.21487426757812
2025-02-28,73.41645050048828
2025-03-03,73.26361846923828
2025-03-04,73.2544174194336
2025-03-05,73.29125213623047
2025-03-06,73.01509857177734
2025-03-07,73.134765625
2025-03-10,72.8586196899414
2025-03-11,72.60086059570312
2025-03-12,72.68370819091797
2025-03-13,72.27869415283203
2025-03-14,72.61006164550781
2025-03-17,72.78496551513672
2025-03-18,72.65608215332031
2025-03-19,73.134765625
2025-03-20,73.03350067138672
2025-03-21,72.92304992675781
2025-03-24,73.134765625
2025-03-25,73.0979232788086
2025-03-26,72.80337524414062
2025-03-27,72.66529083251953
2025-03-28,72.53643798828125
2025-03-31,72.61927032470703
2025-04-01,72.78761291503906
2025-04-02,72.93563079833984
2025-04-03,72.02912902832031
2025-04-04,71.00238037109375
2025-04-07,70.39190673828125
2025-04-08,70.0681381225586
2025-04-09,71.94588470458984
2025-04-10,70.7711410522461
2025-04-11,70.98387908935547
2025-04-14,71.33538055419922
2025-04-15,71.52963256835938
2025-04-16,71.5203628540039
2025-04-17,71.9366226196289
2025-04-21,71.51113891601562
2025-04-22,71.78862762451172
2025-04-23,72.14937591552734
2025-04-24,72.79685974121094
2025-04-25,72.86160278320312
2025-04-28,72.89859771728516
2025-04-29,73.09286499023438
2025-04-30,72.70436096191406
2025-05-01,72.79827880859375
2025-05-02,73.02143096923828
2025-05-05,72.99352264404297
2025-05-06,72.9377212524414
2025-05-07,73.00281524658203
2025-05-08,72.98420715332031
2025-05-09,73.03071594238281
2025-05-12,73.75590515136719
2025-05-13,73.88607025146484
2025-05-14,73.61643981933594
2025-05-15,73.75590515136719
2025-05-16,73.83959197998047
2025-05-19,73.80239868164062
2025-05-20,73.76519775390625
2025-05-21,73.27243041992188
2025-05-22,73.42120361328125
2025-05-23,73.4026107788086
2025-05-27,73.84886932373047
2025-05-28,73.80239868164062
2025-05-29,73.9139633178711
2025-05-30,73.97904205322266
2025-06-02,73.96595001220703
2025-06-03,74.1060791015625
2025-06-04,74.24620819091797
2025-06-05,74.0873794555664
2025-06-06,74.07807159423828
2025-06-09,74.11542510986328
2025-06-10,74.29292297363281
2025-06-11,74.27423858642578
2025-06-12,74.35831451416016
2025-06-13,74.13411712646484
2025-06-16,74.2835693359375
2025-06-17,74.19950103759766
2025-06-18,74.31160736083984
2025-06-20,74.54513549804688
2025-06-23,74.68524932861328
2025-06-24,74.8907699584961
2025-06-25,74.8720932006836
2025-06-26,75.08694458007812
2025-06-27,75.04956817626953
2025-06-30,75.33916473388672
2025-07-01,75.24435424804688
2025-07-02,75.3851547241211
2025-07-03,75.43207550048828
2025-07-07,75.17866516113281
2025-07-08,75.0754165649414
2025-07-09,75.28190612792969
2025-07-10,75.20681762695312
2025-07-11,75.11294555664062
2025-07-14,75.16928100585938
2025-07-15,74.94402313232422
2025-07-16,75.14112854003906
2025-07-17,75.2161865234375
2025-07-18,75.31944274902344
2025-07-21,75.42267608642578
2025-07-22,75.5540771484375
2025-07-23,75.59162902832031
2025-07-24,75.49779510498047
2025-07-25,75.54469299316406
2025-07-28,75.50716400146484
2025-07-29,75.5540771484375
2025-07-30,75.39453887939453
2025-07-31,75.44145965576172
2025-08-01,75.44522857666016
2025-08-04,75.69992065429688
2025-08-05,75.66219329833984
2025-08-06,75.7376708984375
2025-08-07,75.66219329833984
2025-08-08,75.671630859375
2025-08-11,75.671630859375
2025-08-12,75.84142303466797
2025-08-13,76.03950500488281
2025-08-14,75.84142303466797
2025-08-15,75.89801788330078
2025-08-18,75.84142303466797
2025-08-19,75.82254791259766
2025-08-20,75.79425048828125
2025-08-21,75.65276336669922
2025-08-22,76.26590728759766
2025-08-25,76.11497497558594
2025-08-26,76.2847900390625
2025-08-27,76.37910461425781
2025-08-28,76.41683197021484
2025-08-29,76.27535247802734
2025-09-02,76.19287872314453
2025-09-03,76.4013900756836
2025-09-04,76.60991668701172
2025-09-05,76.64784240722656
2025-09-08,76.64784240722656
2025-09-09,76.56253051757812
2025-09-10,76.61936950683594
2025-09-11,76.80894470214844
2025-09-12,76.7331314086914
2025-09-15,76.95111083984375
2025-09-16,76.89424896240234
2025-09-17,76.81842803955078
2025-09-18,76.98902893066406
2025-09-19,77.0174560546875
2025-09-22,77.07433319091797
2025-09-23,77.0174560546875
2025-09-24,76.91320037841797
2025-09-25,76.6952133178711
2025-09-26,76.84686279296875
2025-09-29,76.97955322265625
2025-09-30,76.95111083984375
2025-10-01,77.09490966796875
2025-10-02,77.06634521484375
2025-10-03,76.98062133789062
2025-10-06,76.99968719482422
2025-10-07,76.91397094726562
2025-10-08,76.79969787597656
2025-10-09,76.5806884765625
2025-10-10,76.13311004638672
2025-10-13,76.6092529296875
2025-10-14,76.69495391845703
2025-10-15,76.94254302978516
2025-10-16,76.6663818359375
2025-10-17,76.86637878417969
2025-10-20,77.01871490478516
2025-10-21,76.90446472167969
2025-10-22,76.82827758789062
2025-10-23,76.99968719482422
2025-10-24,77.20918273925781
2025-10-27,77.39962005615234
2025-10-28,77.32344818115234
2025-10-29,77.08537292480469
2025-10-30,76.94254302978516
2025-10-31,76.94254302978516
2025-11-03,76.7032470703125
2025-11-04,76.71282958984375
2025-11-05,76.78941345214844
2025-11-06,76.81812286376953
2025-11-07,76.88512420654297
2025-11-10,77.1435317993164
2025-11-11,77.22966766357422
2025-11-12,77.0765380859375
2025-11-13,76.76069641113281
2025-11-14,76.77983856201172
2025-11-17,76.65541076660156
2025-11-18,76.67455291748047
2025-11-19,76.71282958984375
2025-11-20,76.66497802734375
2025-11-21,76.92340087890625
2025-11-24,77.13397216796875
2025-11-25,77.4019775390625
2025-11-26,77.478515625
2025-11-28,77.51681518554688
2025-12-01,77.37738037109375
2025-12-02,77.5216293334961
2025-12-03,77.58892822265625
2025-12-04,77.6466293334961
2025-12-05,77.6466293334961
2025-12-08,77.45431518554688
2025-12-09,77.36776733398438
2025-12-10,77.62739562988281
2025-12-11,77.61779022216797
2025-12-12,77.47354125976562
2025-12-15,77.51200866699219
2025-12-16,77.5600814819336
2025-12-17,77.46392822265625
2025-12-18,77.67546844482422
2025-12-19,77.6377944946289
2025-12-22,77.7054214477539
2025-12-23,77.76338958740234
2025-12-24,77.90830993652344
2025-12-26,77.86965942382812
2025-12-29,77.89864349365234
2025-12-30,77.97594451904297
2025-12-31,77.89864349365234
2026-01-02,77.93728637695312
2026-01-05,78.14017486572266
2026-01-06,78.15950775146484
2026-01-07,78.14017486572266
2026-01-08,78.19815063476562
2026-01-09,78.25611114501953
2026-01-12,78.29476165771484
2026-01-13,78.29476165771484
2026-01-14,78.29476165771484
2026-01-15,78.29476165771484
2026-01-16,78.34306335449219
2026-01-20,78.14017486572266
2026-01-21,78.3720474243164
2026-01-22,78.43002319335938
2026-01-23,78.391357421875
2026-01-26,78.43002319335938
2026-01-27,78.42034912109375
2026-01-28,78.29476165771484
2026-01-29,78.28508758544922
2026-01-30,78.3720474243164
2026-02-02,78.41961669921875
2026-02-03,78.37108612060547
2026-02-04,78.27399444580078
2026-02-05,78.18660736083984
2026-02-06,78.45845794677734
2026-02-09,78.56525421142578
2026-02-10,78.48757934570312
2026-02-11,78.4778823852539
2026-02-12,78.43904113769531
2026-02-13,78.4972915649414
2026-02-17,78.45845794677734
2026-02-18,78.55554962158203
2026-02-19,78.58467864990234
2026-02-20,78.64292907714844
2026-02-23,78.5167236328125
2026-02-24,78.45845794677734
2026-02-25,78.56525421142578
2026-02-26,78.4972915649414
2026-02-27,78.37108612060547
2026-03-02,78.32618713378906
2026-03-03,78.17009735107422
2026-03-04,78.44328308105469
2026-03-05,78.13106536865234
2026-03-06,77.75055694580078
2026-03-09,78.21886444091797
2026-03-10,78.092041015625
2026-03-11,77.91641998291016
2026-03-12,77.41883087158203
2026-03-13,77.2724838256836
2026-03-16,77.51639556884766
2026-03-17,77.86763763427734
2026-03-18,77.46762084960938
2026-03-19,77.7212905883789
2026-03-20,76.9992904663086
2026-03-23,77.50663757324219
2026-03-24,77.24320983886719
2026-03-25,77.48712921142578
2026-03-26,76.9992904663086
2026-03-27,76.8041763305664
2026-03-30,76.8919677734375
2026-03-31,77.62371826171875
2026-04-01,77.81391906738281
2026-04-02,78.00018310546875
2026-04-06,78.137451171875
2026-04-07,78.15705871582031
2026-04-08,78.61784362792969
2026-04-09,78.70606994628906
2026-04-10,78.39234924316406
2026-04-13,78.68647003173828
2026-04-14,78.92176055908203
2026-04-15,78.88255310058594
2026-04-16,78.77469635009766
2026-04-17,79.0688247680664
2026-04-20,79.00019073486328
2026-04-21,78.79431915283203
2026-04-22,78.92176055908203
2026-04-23,78.79431915283203
2026-04-24,78.90215301513672
2026-04-27,78.93156433105469
2026-04-28,78.82373046875
2026-04-29,78.55902099609375
2026-04-30,78.80411529541016
2026-05-01,78.90167999267578
2026-05-04,78.64544677734375
2026-05-05,78.76370239257812
2026-05-06,79.00023651123047
2026-05-07,78.70457458496094
2026-05-08,78.98052215576172
2026-05-11,78.82283782958984
2026-05-12,78.71443939208984
2026-05-13,78.75385284423828
2026-05-14,78.69471740722656
2026-05-15,78.31036376953125
2026-05-18,78.38921356201172
2026-05-19,78.20195007324219
2026-05-20,78.70457458496094
2026-05-21,78.74400329589844
2026-05-22,78.75385284423828
2026-05-26,79.01994323730469
2026-05-27,78.97066497802734
2026-05-28,79.06922912597656
2026-05-29,79.14806365966797
2026-06-01,79.08763122558594
2026-06-02,79.1470718383789
2026-06-03,78.92914581298828
2026-06-04,79.07772827148438
2026-06-05,78.68150329589844
2026-06-08,78.79046630859375
2026-06-09,78.86971282958984
2026-06-10,78.72112274169922
2026-06-11,79.18669891357422
2026-06-12,79.18669891357422
2026-06-15,79.28575134277344
2026-06-16,79.27584838867188
2026-06-17,78.97868347167969
2026-06-18,79.25603485107422
2026-06-22,79.18669891357422
2026-06-23,79.11735534667969
2026-06-24,79.09754180908203
2026-06-25,79.12725830078125
2026-06-26,79.07772827148438
2026-06-29,79.25603485107422
2026-06-30,79.21641540527344
2026-07-01,79.20545959472656
2026-07-02,79.32488250732422
2026-07-06,79.48411560058594
2026-07-07,79.37464904785156
2026-07-08,79.27513122558594
2026-07-09,79.36469268798828
2026-07-10,79.32488250732422
2026-07-13,79.13580322265625
2026-07-14,79.29502868652344
2026-07-15,79.42440032958984
2026-07-16,79.4144515991211
2026-07-17,79.26517486572266
2026-07-20,79.29502868652344
2026-07-21,79.26517486572266
2026-07-22,79.13580322265625
2026-07-23,78.84720611572266
2026-07-24,78.84720611572266
2026-07-27,78.88700866699219
2026-07-28,79.03628540039062
2026-07-29,78.8571548461914
2026-07-30,79.08604431152344
2026-07-31,79.09600067138672
2026-08-03,79.30999755859375
2026-08-04,79.55000305175781
2026-08-05,79.5199966430664
2026-08-06,79.45999908447266
2026-08-07,79.61000061035156
2026-08-10,79.4800033569336
2026-08-11,79.51000213623047
2026-08-12,79.61000061035156
2026-08-13,79.79000091552734
