Date,IEF
2005-01-03,47.609275817871094
2005-01-04,47.312843322753906
2005-01-05,47.3911247253418
2005-01-06,47.43589401245117
2005-01-07,47.396732330322266
2005-01-10,47.3911247253418
2005-01-11,47.48622131347656
2005-01-12,47.55891418457031
2005-01-13,47.74909973144531
2005-01-14,47.721168518066406
2005-01-18,47.70439529418945
2005-01-19,47.732322692871094
2005-01-20,47.81622314453125
2005-01-21,47.911319732666016
2005-01-24,47.90574264526367
2005-01-25,47.726715087890625
2005-01-26,47.737911224365234
2005-01-27,47.665218353271484
2005-01-28,47.911319732666016
2005-01-31,47.92808151245117
2005-02-01,47.89498519897461
2005-02-02,47.90061950683594
2005-02-03,47.82206344604492
2005-02-04,48.06893539428711
2005-02-07,48.16425323486328
2005-02-08,48.209197998046875
2005-02-09,48.44480514526367
2005-02-10,48.14183044433594
2005-02-11,48.08012008666992
2005-02-14,48.14183044433594
2005-02-15,48.06893539428711
2005-02-16,47.89498519897461
2005-02-17,47.78840255737305
2005-02-18,47.547142028808594
2005-02-22,47.55278015136719
2005-02-23,47.59206008911133
2005-02-24,47.513492584228516
2005-02-25,47.5808219909668
2005-02-28,47.272220611572266
2005-03-01,47.27284240722656
2005-03-02,47.267181396484375
2005-03-03,47.239097595214844
2005-03-04,47.45284652709961
2005-03-07,47.46405792236328
2005-03-08,47.239097595214844
2005-03-09,46.878997802734375
2005-03-10,46.96340560913086
2005-03-11,46.766483306884766
2005-03-14,46.878997802734375
2005-03-15,46.78898620605469
2005-03-16,46.895904541015625
2005-03-17,47.07593536376953
2005-03-18,46.95779037475586
2005-03-21,46.901519775390625
2005-03-22,46.55833435058594
2005-03-23,46.66523742675781
2005-03-24,46.704586029052734
2005-03-28,46.55268859863281
2005-03-29,46.744014739990234
2005-03-30,46.85086441040039
2005-03-31,47.081539154052734
2005-04-01,47.176937103271484
2005-04-04,47.15434265136719
2005-04-05,47.1600227355957
2005-04-06,47.30112838745117
2005-04-07,47.12050247192383
2005-04-08,47.1712760925293
2005-04-11,47.31235885620117
2005-04-12,47.560760498046875
2005-04-13,47.58330535888672
2005-04-14,47.707523345947266
2005-04-15,48.01801681518555
2005-04-18,47.91636276245117
2005-04-19,48.19297409057617
2005-04-20,48.164730072021484
2005-04-21,47.820411682128906
2005-04-22,48.023582458496094
2005-04-25,48.023582458496094
2005-04-26,48.00101852416992
2005-04-27,48.14777374267578
2005-04-28,48.44133377075195
2005-04-29,48.26632308959961
2005-05-02,48.315582275390625
2005-05-03,48.37786102294922
2005-05-04,48.3665657043457
2005-05-05,48.519432067871094
2005-05-06,48.17401123046875
2005-05-09,48.16839599609375
2005-05-10,48.33820343017578
2005-05-11,48.400508880615234
2005-05-12,48.44580078125
2005-05-13,48.57036590576172
2005-05-16,48.57606506347656
2005-05-17,48.6383171081543
2005-05-18,48.79688262939453
2005-05-19,48.64961624145508
2005-05-20,48.643959045410156
2005-05-23,48.86482620239258
2005-05-24,48.99504852294922
2005-05-25,48.819549560546875
2005-05-26,48.84782791137695
2005-05-27,48.89884948730469
2005-05-31,49.1535758972168
2005-06-01,49.4569091796875
2005-06-02,49.439815521240234
2005-06-03,49.155860900878906
2005-06-06,49.286502838134766
2005-06-07,49.42849349975586
2005-06-08,49.33760452270508
2005-06-09,49.309261322021484
2005-06-10,48.9968376159668
2005-06-13,48.866233825683594
2005-06-14,48.80939865112305
2005-06-15,48.79234313964844
2005-06-16,48.94572830200195
2005-06-17,48.888912200927734
2005-06-20,48.815086364746094
2005-06-21,48.96845245361328
2005-06-22,49.33760452270508
2005-06-23,49.286502838134766
2005-06-24,49.405757904052734
2005-06-27,49.44548416137695
2005-06-28,49.235374450683594
2005-06-29,49.21832275390625
2005-06-30,49.38873291015625
2005-07-01,48.96372985839844
2005-07-05,48.76435089111328
2005-07-06,48.86687088012695
2005-07-07,48.98081588745117
2005-07-08,48.8042106628418
2005-07-11,48.781429290771484
2005-07-12,48.65614700317383
2005-07-13,48.610496520996094
2005-07-14,48.54789733886719
2005-07-15,48.55925369262695
2005-07-18,48.479522705078125
2005-07-19,48.54789733886719
2005-07-20,48.63905334472656
2005-07-21,48.28013229370117
2005-07-22,48.50799560546875
2005-07-25,48.42256546020508
2005-07-26,48.45674133300781
2005-07-27,48.38836669921875
2005-07-28,48.599151611328125
2005-07-29,48.30860137939453
2005-08-01,48.212066650390625
2005-08-02,48.166316986083984
2005-08-03,48.286319732666016
2005-08-04,48.25200271606445
2005-08-05,47.994869232177734
2005-08-08,47.86912536621094
2005-08-09,48.00627899169922
2005-08-10,47.98344039916992
2005-08-11,48.189125061035156
2005-08-12,48.38349533081055
2005-08-15,48.3206672668457
2005-08-16,48.5491943359375
2005-08-17,48.36064529418945
2005-08-18,48.61781311035156
2005-08-19,48.58918380737305
2005-08-22,48.62917709350586
2005-08-23,48.72067642211914
2005-08-24,48.74352264404297
2005-08-25,48.77210235595703
2005-08-26,48.692100524902344
2005-08-29,48.72639083862305
2005-08-30,48.954978942871094
2005-08-31,49.27509307861328
2005-09-01,49.32320022583008
2005-09-02,49.334625244140625
2005-09-06,49.17982482910156
2005-09-07,49.01934051513672
2005-09-08,49.01934051513672
2005-09-09,49.059444427490234
2005-09-12,48.9046516418457
2005-09-13,49.053733825683594
2005-09-14,48.950531005859375
2005-09-15,48.80147933959961
2005-09-16,48.612266540527344
2005-09-19,48.7097282409668
2005-09-20,48.66958999633789
2005-09-21,48.893211364746094
2005-09-22,48.927589416503906
2005-09-23,48.658164978027344
2005-09-26,48.531986236572266
2005-09-27,48.56064224243164
2005-09-28,48.658164978027344
2005-09-29,48.5491943359375
2005-09-30,48.411617279052734
2005-10-03,48.22579574584961
2005-10-04,48.24883270263672
2005-10-05,48.363861083984375
2005-10-06,48.30062484741211
2005-10-07,48.363861083984375
2005-10-10,48.375370025634766
2005-10-11,48.283329010009766
2005-10-12,48.099273681640625
2005-10-13,48.024505615234375
2005-10-14,48.024505615234375
2005-10-17,47.96694564819336
2005-10-18,48.03597640991211
2005-10-19,48.0935173034668
2005-10-20,48.122283935546875
2005-10-21,48.33506774902344
2005-10-24,48.1280632019043
2005-10-25,47.90366744995117
2005-10-26,47.71965026855469
2005-10-27,47.82894515991211
2005-10-28,47.77711486816406
2005-10-31,47.81165313720703
2005-11-01,47.78160858154297
2005-11-02,47.68352508544922
2005-11-03,47.5161247253418
2005-11-04,47.4930419921875
2005-11-07,47.579612731933594
2005-11-08,47.81631088256836
2005-11-09,47.56230163574219
2005-11-10,47.83358383178711
2005-11-11,47.891258239746094
2005-11-14,47.677772521972656
2005-11-15,47.839393615722656
2005-11-16,48.081787109375
2005-11-17,48.174163818359375
2005-11-18,48.058692932128906
2005-11-21,48.15102005004883
2005-11-22,48.31843185424805
2005-11-23,48.191471099853516
2005-11-25,48.33576583862305
2005-11-28,48.39920425415039
2005-11-29,48.13373565673828
2005-11-30,48.11066818237305
2005-12-01,48.00230407714844
2005-12-02,48.042869567871094
2005-12-05,47.89810562133789
2005-12-06,48.123939514160156
2005-12-07,48.09501266479492
2005-12-08,48.303550720214844
2005-12-09,48.08921813964844
2005-12-12,47.97920227050781
2005-12-13,48.09501266479492
2005-12-14,48.39616775512695
2005-12-15,48.332489013671875
2005-12-16,48.419342041015625
2005-12-19,48.44831848144531
2005-12-20,48.36725616455078
2005-12-21,48.303550720214844
2005-12-22,48.494625091552734
2005-12-23,48.61052322387695
2005-12-27,48.842159271240234
2005-12-28,48.692203521728516
2005-12-29,48.75033950805664
2005-12-30,48.76777267456055
2006-01-03,48.76197052001953
2006-01-04,48.84916687011719
2006-01-05,48.86075973510742
2006-01-06,48.79681396484375
2006-01-09,48.82008743286133
2006-01-10,48.62244415283203
2006-01-11,48.50046157836914
2006-01-12,48.674774169921875
2006-01-13,48.88982009887695
2006-01-17,48.947914123535156
2006-01-18,48.96539306640625
2006-01-19,48.84336471557617
2006-01-20,48.924686431884766
2006-01-23,48.91306686401367
2006-01-24,48.83171463012695
2006-01-25,48.52946853637695
2006-01-26,48.42484664916992
2006-01-27,48.45970916748047
2006-01-30,48.35512161254883
2006-01-31,48.42484664916992
2006-02-01,48.27558135986328
2006-02-02,48.27558135986328
2006-02-03,48.42135238647461
2006-02-06,48.35142135620117
2006-02-07,48.29311752319336
2006-02-08,48.263973236083984
2006-02-09,48.31059646606445
2006-02-10,48.1706428527832
2006-02-13,48.1706428527832
2006-02-14,48.10067367553711
2006-02-15,48.18811798095703
2006-02-16,48.164817810058594
2006-02-17,48.32805633544922
2006-02-21,48.26975631713867
2006-02-22,48.45048904418945
2006-02-23,48.333919525146484
2006-02-24,48.27558135986328
2006-02-27,48.182289123535156
2006-02-28,48.37473678588867
2006-03-01,48.279361724853516
2006-03-02,48.086334228515625
2006-03-03,47.9693603515625
2006-03-06,47.81728744506836
2006-03-07,47.840694427490234
2006-03-08,47.86408615112305
2006-03-09,47.91090393066406
2006-03-10,47.81728744506836
2006-03-13,47.776363372802734
2006-03-14,48.05126190185547
2006-03-15,47.963558197021484
2006-03-16,48.2677001953125
2006-03-17,48.168251037597656
2006-03-20,48.26182556152344
2006-03-21,48.06298828125
2006-03-22,48.12145233154297
2006-03-23,47.99861526489258
2006-03-24,48.209171295166016
2006-03-27,48.10391616821289
2006-03-28,47.869930267333984
2006-03-29,47.8231086730957
2006-03-30,47.682743072509766
2006-03-31,47.71784591674805
2006-04-03,47.66503143310547
2006-04-04,47.67090606689453
2006-04-05,47.78239440917969
2006-04-06,47.64741134643555
2006-04-07,47.430328369140625
2006-04-10,47.488990783691406
2006-04-11,47.577022552490234
2006-04-12,47.465538024902344
2006-04-13,47.21319580078125
2006-04-17,47.395084381103516
2006-04-18,47.54766845703125
2006-04-19,47.41272735595703
2006-04-20,47.37163162231445
2006-04-21,47.47138214111328
2006-04-24,47.53009033203125
2006-04-25,47.230777740478516
2006-04-26,47.207340240478516
2006-04-27,47.33645248413086
2006-04-28,47.41859436035156
2006-05-01,47.16178894042969
2006-05-02,47.238365173339844
2006-05-03,47.17355728149414
2006-05-04,47.14413833618164
2006-05-05,47.25602340698242
2006-05-08,47.279640197753906
2006-05-09,47.2619514465332
2006-05-10,47.28548049926758
2006-05-11,47.20303726196289
2006-05-12,47.0263786315918
2006-05-15,47.12648391723633
2006-05-16,47.30316925048828
2006-05-17,47.16769790649414
2006-05-18,47.503387451171875
2006-05-19,47.47392654418945
2006-05-22,47.53874969482422
2006-05-23,47.5210075378418
2006-05-24,47.59171676635742
2006-05-25,47.51518249511719
2006-05-26,47.55642318725586
2006-05-30,47.51518249511719
2006-05-31,47.367950439453125
2006-06-01,47.447174072265625
2006-06-02,47.81360626220703
2006-06-05,47.71903991699219
2006-06-06,47.76042175292969
2006-06-07,47.69535446166992
2006-06-08,47.76042175292969
2006-06-09,47.87870407104492
2006-06-12,47.85504150390625
2006-06-13,47.92000961303711
2006-06-14,47.600860595703125
2006-06-15,47.494441986083984
2006-06-16,47.46485137939453
2006-06-19,47.41167449951172
2006-06-20,47.37623596191406
2006-06-21,47.37030792236328
2006-06-22,47.21660232543945
2006-06-23,47.17525863647461
2006-06-26,47.14568328857422
2006-06-27,47.26984405517578
2006-06-28,47.11611557006836
2006-06-29,47.311187744140625
2006-06-30,47.47670364379883
2006-07-03,47.45415115356445
2006-07-05,47.28205490112305
2006-07-06,47.430423736572266
2006-07-07,47.57875442504883
2006-07-10,47.614383697509766
2006-07-11,47.66779708862305
2006-07-12,47.70930099487305
2006-07-13,47.816131591796875
2006-07-14,47.851722717285156
2006-07-17,47.81018829345703
2006-07-18,47.626220703125
2006-07-19,47.92887878417969
2006-07-20,48.029754638671875
2006-07-21,48.00008010864258
2006-07-24,48.00008010864258
2006-07-25,47.95259094238281
2006-07-26,48.071292877197266
2006-07-27,48.065372467041016
2006-07-28,48.19591522216797
2006-07-31,48.273048400878906
2006-08-01,48.28438186645508
2006-08-02,48.32606887817383
2006-08-03,48.337989807128906
2006-08-04,48.5762825012207
2006-08-07,48.5107536315918
2006-08-08,48.51669692993164
2006-08-09,48.49291229248047
2006-08-10,48.504783630371094
2006-08-11,48.349853515625
2006-08-14,48.266475677490234
2006-08-15,48.498809814453125
2006-08-16,48.70142364501953
2006-08-17,48.689476013183594
2006-08-18,48.820533752441406
2006-08-21,48.88010025024414
2006-08-22,48.89798355102539
2006-08-23,48.85030746459961
2006-08-24,48.89798355102539
2006-08-25,48.96346664428711
2006-08-28,48.95755386352539
2006-08-29,48.99925994873047
2006-08-30,49.05883026123047
2006-08-31,49.124332427978516
2006-09-01,49.19731521606445
2006-09-05,49.03585433959961
2006-09-06,49.00000762939453
2006-09-07,49.03585433959961
2006-09-08,49.083702087402344
2006-09-11,48.99400329589844
2006-09-12,49.131526947021484
2006-09-13,49.17937469482422
2006-09-14,49.083702087402344
2006-09-15,49.05376434326172
2006-09-18,48.98200988769531
2006-09-19,49.275054931640625
2006-09-20,49.28702163696289
2006-09-21,49.63982391357422
2006-09-22,49.789337158203125
2006-09-25,49.95680236816406
2006-09-26,49.8311882019043
2006-09-27,49.81926345825195
2006-09-28,49.771400451660156
2006-09-29,49.717552185058594
2006-10-02,49.80522155761719
2006-10-03,49.799232482910156
2006-10-04,50.02730941772461
2006-10-05,49.85326385498047
2006-10-06,49.583152770996094
2006-10-09,49.643123626708984
2006-10-10,49.34300231933594
2006-10-11,49.28298568725586
2006-10-12,49.31298065185547
2006-10-13,49.22894287109375
2006-10-16,49.31298065185547
2006-10-17,49.36701202392578
2006-10-18,49.35498809814453
2006-10-19,49.31298065185547
2006-10-20,49.30095291137695
2006-10-23,49.16292190551758
2006-10-24,49.22894287109375
2006-10-25,49.40899658203125
2006-10-26,49.57706832885742
2006-10-27,49.73916244506836
2006-10-30,49.7631950378418
2006-10-31,49.98524475097656
2006-11-01,50.15877914428711
2006-11-02,50.020240783691406
2006-11-03,49.64064407348633
2006-11-06,49.68888473510742
2006-11-07,49.857513427734375
2006-11-08,49.965999603271484
2006-11-09,49.95998001098633
2006-11-10,50.06842803955078
2006-11-13,50.0443000793457
2006-11-14,50.146732330322266
2006-11-15,50.00818634033203
2006-11-16,49.88167190551758
2006-11-17,50.06242370605469
2006-11-20,50.092529296875
2006-11-21,50.164825439453125
2006-11-22,50.24314880371094
2006-11-24,50.29740524291992
2006-11-27,50.345603942871094
2006-11-28,50.43592834472656
2006-11-29,50.375728607177734
2006-11-30,50.64079284667969
2006-12-01,50.75810623168945
2006-12-04,50.7520751953125
2006-12-05,50.685546875
2006-12-06,50.60694885253906
2006-12-07,50.58881378173828
2006-12-08,50.359031677246094
2006-12-11,50.516239166259766
2006-12-12,50.60694885253906
2006-12-13,50.34693908691406
2006-12-14,50.26835250854492
2006-12-15,50.28042984008789
2006-12-18,50.304649353027344
2006-12-19,50.292510986328125
2006-12-20,50.28042984008789
2006-12-21,50.46180725097656
2006-12-22,50.23200988769531
2006-12-26,50.26835250854492
2006-12-27,50.13432312011719
2006-12-28,50.019073486328125
2006-12-29,49.99481964111328
2007-01-03,50.14035415649414
2007-01-04,50.32231903076172
2007-01-05,50.15853500366211
2007-01-08,50.19498062133789
2007-01-09,50.182830810546875
2007-01-10,50.09792709350586
2007-01-11,49.96451187133789
2007-01-12,49.8614387512207
2007-01-16,49.95844268798828
2007-01-17,49.8614387512207
2007-01-18,49.92814636230469
2007-01-19,49.84931945800781
2007-01-22,49.94025421142578
2007-01-23,49.79472351074219
2007-01-24,49.80078125
2007-01-25,49.606712341308594
2007-01-26,49.600608825683594
2007-01-29,49.564247131347656
2007-01-30,49.612770080566406
2007-01-31,49.79472351074219
2007-02-01,49.7587776184082
2007-02-02,49.801429748535156
2007-02-05,49.85619354248047
2007-02-06,49.99618911743164
2007-02-07,50.10575485229492
2007-02-08,50.117958068847656
2007-02-09,49.965763092041016
2007-02-12,49.89876937866211
2007-02-13,49.86225509643555
2007-02-14,50.14834213256836
2007-02-15,50.227516174316406
2007-02-16,50.28230667114258
2007-02-20,50.343170166015625
2007-02-21,50.337066650390625
2007-02-22,50.20924377441406
2007-02-23,50.410125732421875
2007-02-26,50.56840515136719
2007-02-27,50.99454116821289
2007-02-28,50.81796646118164
2007-03-01,50.86378860473633
2007-03-02,51.02870178222656
2007-03-05,51.059295654296875
2007-03-06,50.99205780029297
2007-03-07,51.083709716796875
2007-03-08,51.07756423950195
2007-03-09,50.79051971435547
2007-03-12,50.93100357055664
2007-03-13,51.15696716308594
2007-03-14,51.089813232421875
2007-03-15,51.034847259521484
2007-03-16,51.02870178222656
2007-03-19,50.96150207519531
2007-03-20,51.034847259521484
2007-03-21,51.108116149902344
2007-03-22,50.93708801269531
2007-03-23,50.85768508911133
2007-03-26,50.90042495727539
2007-03-27,50.88821792602539
2007-03-28,50.882102966308594
2007-03-29,50.808841705322266
2007-03-30,50.747779846191406
2007-04-02,50.80421829223633
2007-04-03,50.761268615722656
2007-04-04,50.84096145629883
2007-04-05,50.712162017822266
2007-04-09,50.47919845581055
2007-04-10,50.58341979980469
2007-04-11,50.5221061706543
2007-04-12,50.57115936279297
2007-04-13,50.48536682128906
2007-04-16,50.540523529052734
2007-04-17,50.75511169433594
2007-04-18,50.871612548828125
2007-04-19,50.86552047729492
2007-04-20,50.810272216796875
2007-04-23,50.91451644897461
2007-04-24,51.01262664794922
2007-04-25,50.98198318481445
2007-04-26,50.8348388671875
2007-04-27,50.8348388671875
2007-04-30,51.05554962158203
2007-05-01,51.058048248291016
2007-05-02,50.996498107910156
2007-05-03,50.94105529785156
2007-05-04,51.070335388183594
2007-05-07,51.113372802734375
2007-05-08,51.113372802734375
2007-05-09,50.94722366333008
2007-05-10,51.076473236083984
2007-05-11,50.97183609008789
2007-05-14,50.89799880981445
2007-05-15,50.89185333251953
2007-05-16,50.86104965209961
2007-05-17,50.725650787353516
2007-05-18,50.57795715332031
2007-05-21,50.64567947387695
2007-05-22,50.50410842895508
2007-05-23,50.40565490722656
2007-05-24,50.47331619262695
2007-05-25,50.41794204711914
2007-05-29,50.31331253051758
2007-05-30,50.362613677978516
2007-05-31,50.34409713745117
2007-06-01,50.12718963623047
2007-06-04,50.207496643066406
2007-06-05,50.04685592651367
2007-06-06,50.071563720703125
2007-06-07,49.571022033691406
2007-06-08,49.66376876831055
2007-06-11,49.53397750854492
2007-06-12,49.181724548339844
2007-06-13,49.34244918823242
2007-06-14,49.35477828979492
2007-06-15,49.571022033691406
2007-06-18,49.54634475708008
2007-06-19,49.787330627441406
2007-06-20,49.62665939331055
2007-06-21,49.56485366821289
2007-06-22,49.71319580078125
2007-06-25,49.873844146728516
2007-06-26,49.88618850708008
2007-06-27,49.87997817993164
2007-06-28,49.849117279052734
2007-06-29,50.1086311340332
2007-07-02,50.18494415283203
2007-07-03,50.03607177734375
2007-07-05,49.75691223144531
2007-07-06,49.63905334472656
2007-07-09,49.81894302368164
2007-07-10,50.16014099121094
2007-07-11,49.98648452758789
2007-07-12,49.84378433227539
2007-07-13,49.95539855957031
2007-07-16,50.153953552246094
2007-07-17,50.04847717285156
2007-07-18,50.2283935546875
2007-07-19,50.222164154052734
2007-07-20,50.470306396484375
2007-07-23,50.45167922973633
2007-07-24,50.58818435668945
2007-07-25,50.65643310546875
2007-07-26,51.059635162353516
2007-07-27,51.15891647338867
2007-07-30,51.028656005859375
2007-07-31,51.239532470703125
2007-08-01,51.09750747680664
2007-08-02,51.13490676879883
2007-08-03,51.4649543762207
2007-08-06,51.259464263916016
2007-08-07,51.253211975097656
2007-08-08,50.898277282714844
2007-08-09,51.18470001220703
2007-08-10,51.1099967956543
2007-08-13,51.19093322753906
2007-08-14,51.37776565551758
2007-08-15,51.471168518066406
2007-08-16,51.670467376708984
2007-08-17,51.707855224609375
2007-08-20,51.81991958618164
2007-08-21,52.04408645629883
2007-08-22,51.876007080078125
2007-08-23,51.89466094970703
2007-08-24,51.913352966308594
2007-08-27,52.05661392211914
2007-08-28,52.32435989379883
2007-08-29,52.1251106262207
2007-08-30,52.38662338256836
2007-08-31,52.399105072021484
2007-09-04,52.301570892333984
2007-09-05,52.62670135498047
2007-09-06,52.51415252685547
2007-09-07,53.07685852050781
2007-09-10,53.19564437866211
2007-09-11,53.08314514160156
2007-09-12,52.951805114746094
2007-09-13,52.63924026489258
2007-09-14,52.7080192565918
2007-09-17,52.73923873901367
2007-09-18,52.68293762207031
2007-09-19,52.495418548583984
2007-09-20,51.901405334472656
2007-09-21,52.16402053833008
2007-09-24,52.23282241821289
2007-09-25,52.23907470703125
2007-09-26,52.25779342651367
2007-09-27,52.426605224609375
2007-09-28,52.445377349853516
2007-10-01,52.50811767578125
2007-10-02,52.621116638183594
2007-10-03,52.58341979980469
2007-10-04,52.67760467529297
2007-10-05,52.213130950927734
2007-10-08,52.40143585205078
2007-10-09,52.23824691772461
2007-10-10,52.288482666015625
2007-10-11,52.29473114013672
2007-10-12,52.119056701660156
2007-10-15,52.16925048828125
2007-10-16,52.313602447509766
2007-10-17,52.63363265991211
2007-10-18,52.834442138671875
2007-10-19,53.286319732666016
2007-10-22,53.18592071533203
2007-10-23,53.17334747314453
2007-10-24,53.44320297241211
2007-10-25,53.399269104003906
2007-10-26,53.267459869384766
2007-10-29,53.311378479003906
2007-10-30,53.367897033691406
2007-10-31,53.010189056396484
2007-11-01,53.442813873291016
2007-11-02,53.58768844604492
2007-11-05,53.52467727661133
2007-11-06,53.430240631103516
2007-11-07,53.62549591064453
2007-11-08,53.74513626098633
2007-11-09,54.06624984741211
2007-11-12,54.16077423095703
2007-11-13,53.883663177490234
2007-11-14,53.92146301269531
2007-11-15,54.223758697509766
2007-11-16,54.223758697509766
2007-11-19,54.61420440673828
2007-11-20,54.46938705444336
2007-11-21,54.89763259887695
2007-11-23,54.73389434814453
2007-11-26,55.48332977294922
2007-11-27,54.96691131591797
2007-11-28,54.77165603637695
2007-11-29,55.08027267456055
2007-11-30,55.15583419799805
2007-12-03,55.37382888793945
2007-12-04,55.424400329589844
2007-12-05,55.21587371826172
2007-12-06,54.925148010253906
2007-12-07,54.57133483886719
2007-12-10,54.4449348449707
2007-12-11,55.190589904785156
2007-12-12,54.7292594909668
2007-12-13,54.324851989746094
2007-12-14,54.16694259643555
2007-12-17,54.489219665527344
2007-12-18,54.596595764160156
2007-12-19,55.03258514404297
2007-12-20,54.94411087036133
2007-12-21,54.54603958129883
2007-12-24,54.3880500793457
2007-12-26,54.12898635864258
2007-12-27,54.492401123046875
2007-12-28,54.92997741699219
2007-12-31,55.18370056152344
2008-01-02,55.57686996459961
2008-01-03,55.691097259521484
2008-01-04,55.83696365356445
2008-01-07,55.938419342041016
2008-01-08,56.05890655517578
2008-01-09,55.97010040283203
2008-01-10,55.81792449951172
2008-01-11,56.173072814941406
2008-01-14,56.19847869873047
2008-01-15,56.566322326660156
2008-01-16,56.4584846496582
2008-01-17,56.915096282958984
2008-01-18,56.832637786865234
2008-01-22,57.46687698364258
2008-01-23,57.20052719116211
2008-01-24,56.68043518066406
2008-01-25,57.20687484741211
2008-01-28,56.9975471496582
2008-01-29,56.76927947998047
2008-01-30,56.743858337402344
2008-01-31,57.03561782836914
2008-02-01,57.220787048339844
2008-02-04,56.90269470214844
2008-02-05,57.303489685058594
2008-02-06,57.20165252685547
2008-02-07,56.55908966064453
2008-02-08,57.036285400390625
2008-02-11,57.16351318359375
2008-02-12,57.04265594482422
2008-02-13,56.80088424682617
2008-02-14,56.48910903930664
2008-02-15,56.6099967956543
2008-02-19,56.202850341796875
2008-02-20,56.151947021484375
2008-02-21,56.7308464050293
2008-02-22,56.57182693481445
2008-02-25,56.19648742675781
2008-02-26,56.33644104003906
2008-02-27,56.47004318237305
2008-02-28,57.13167953491211
2008-02-29,57.74244689941406
2008-03-03,57.595638275146484
2008-03-04,57.37870407104492
2008-03-05,57.129817962646484
2008-03-06,57.58931350708008
2008-03-07,57.787139892578125
2008-03-10,58.20193099975586
2008-03-11,57.57012939453125
2008-03-12,58.23382568359375
2008-03-13,57.927513122558594
2008-03-14,58.52741622924805
2008-03-17,58.82101058959961
2008-03-18,58.41893768310547
2008-03-19,58.923091888427734
2008-03-20,59.05071258544922
2008-03-24,58.010459899902344
2008-03-25,58.214717864990234
2008-03-26,58.2593994140625
2008-03-27,58.18282699584961
2008-03-28,58.412540435791016
2008-03-31,58.51469039916992
2008-04-01,58.00297164916992
2008-04-02,57.81089401245117
2008-04-03,57.81089401245117
2008-04-04,58.25278091430664
2008-04-07,57.8685417175293
2008-04-08,57.87496566772461
2008-04-09,58.220733642578125
2008-04-10,57.990203857421875
2008-04-11,58.23992156982422
2008-04-14,58.092655181884766
2008-04-15,57.8300895690918
2008-04-16,57.43949508666992
2008-04-17,57.30500030517578
2008-04-18,57.2474365234375
2008-04-21,57.25381088256836
2008-04-22,57.29864501953125
2008-04-23,57.240970611572266
2008-04-24,56.79276657104492
2008-04-25,56.71592712402344
2008-04-28,56.818363189697266
2008-04-29,56.920814514160156
2008-04-30,57.10009765625
2008-05-01,57.093727111816406
2008-05-02,56.63119125366211
2008-05-05,56.71471405029297
2008-05-06,56.534812927246094
2008-05-07,56.759674072265625
2008-05-08,57.125816345214844
2008-05-09,57.19005584716797
2008-05-12,57.093727111816406
2008-05-13,56.618350982666016
2008-05-14,56.59907913208008
2008-05-15,56.9138298034668
2008-05-16,56.81748962402344
2008-05-19,56.9459342956543
2008-05-20,57.119407653808594
2008-05-21,56.98450469970703
2008-05-22,56.61186218261719
2008-05-23,56.86241912841797
2008-05-27,56.58623504638672
2008-05-28,56.162288665771484
2008-05-29,55.898868560791016
2008-05-30,56.08515548706055
2008-06-02,56.418487548828125
2008-06-03,56.71499252319336
2008-06-04,56.50877380371094
2008-06-05,56.21217346191406
2008-06-06,56.70207214355469
2008-06-09,56.29594039916992
2008-06-10,55.96076202392578
2008-06-11,56.018760681152344
2008-06-12,55.52886962890625
2008-06-13,55.399940490722656
2008-06-16,55.406394958496094
2008-06-17,55.5932731628418
2008-06-18,55.89631652832031
2008-06-19,55.573997497558594
2008-06-20,55.83180618286133
2008-06-23,55.806060791015625
2008-06-24,56.102577209472656
2008-06-25,56.09615707397461
2008-06-26,56.41201400756836
2008-06-27,56.68922424316406
2008-06-30,56.72792434692383
2008-07-01,56.573909759521484
2008-07-02,56.70977020263672
2008-07-03,56.72920608520508
2008-07-07,56.994361877441406
2008-07-08,57.13666915893555
2008-07-09,57.40824890136719
2008-07-10,57.42763900756836
2008-07-11,56.8908576965332
2008-07-14,57.19481658935547
2008-07-15,57.40176773071289
2008-07-16,56.877967834472656
2008-07-17,56.60630798339844
2008-07-18,56.41225051879883
2008-07-21,56.54158020019531
2008-07-22,56.3475456237793
2008-07-23,56.25704574584961
2008-07-24,56.74211502075195
2008-07-25,56.41225051879883
2008-07-28,56.735652923583984
2008-07-29,56.573909759521484
2008-07-30,56.683895111083984
2008-07-31,57.13666915893555
2008-08-01,57.16523361206055
2008-08-04,57.12629318237305
2008-08-05,56.834171295166016
2008-08-06,56.85367202758789
2008-08-07,57.38584518432617
2008-08-08,57.35992431640625
2008-08-11,57.0808219909668
2008-08-12,57.4766960144043
2008-08-13,57.353458404541016
2008-08-14,57.52867126464844
2008-08-15,57.742820739746094
2008-08-18,57.88559341430664
2008-08-19,57.801300048828125
2008-08-20,57.96995162963867
2008-08-21,57.84666442871094
2008-08-22,57.67792892456055
2008-08-25,58.06083297729492
2008-08-26,58.08028793334961
2008-08-27,58.164676666259766
2008-08-28,58.08028793334961
2008-08-29,58.00892639160156
2008-09-02,58.3246955871582
2008-09-03,58.46799087524414
2008-09-04,58.76101303100586
2008-09-05,58.63077926635742
2008-09-08,58.637325286865234
2008-09-09,58.90431213378906
2008-09-10,58.75453186035156
2008-09-11,58.650367736816406
2008-09-12,58.35731887817383
2008-09-15,59.47731399536133
2008-09-16,59.30801773071289
2008-09-17,59.84194564819336
2008-09-18,59.138675689697266
2008-09-19,58.08379364013672
2008-09-22,57.960079193115234
2008-09-23,57.960079193115234
2008-09-24,58.10984802246094
2008-09-25,57.933998107910156
2008-09-26,57.89500045776367
2008-09-29,58.7024040222168
2008-09-30,57.92750930786133
2008-10-01,58.33592987060547
2008-10-02,58.662628173828125
2008-10-03,58.8847541809082
2008-10-06,59.36171340942383
2008-10-07,59.31599044799805
2008-10-08,58.55807113647461
2008-10-09,57.970001220703125
2008-10-10,57.290496826171875
2008-10-13,56.89838409423828
2008-10-14,56.63048553466797
2008-10-15,57.09442901611328
2008-10-16,57.10746765136719
2008-10-17,57.46686935424805
2008-10-20,57.52568817138672
2008-10-21,58.13332748413086
2008-10-22,58.577632904052734
2008-10-23,58.65602493286133
2008-10-24,58.40779495239258
2008-10-27,58.375160217285156
2008-10-28,57.90470886230469
2008-10-29,57.98957061767578
2008-10-30,57.545265197753906
2008-10-31,57.42765426635742
2008-11-03,57.51953125
2008-11-04,58.20804977416992
2008-11-05,58.51624298095703
2008-11-06,58.339237213134766
2008-11-07,58.12937545776367
2008-11-10,58.188331604003906
2008-11-11,58.40483093261719
2008-11-12,58.76552200317383
2008-11-13,58.339237213134766
2008-11-14,58.916316986083984
2008-11-17,59.165489196777344
2008-11-18,59.624542236328125
2008-11-19,60.26723861694336
2008-11-20,61.48044967651367
2008-11-21,60.91646194458008
2008-11-24,60.34597396850586
2008-11-25,61.3820915222168
2008-11-26,61.75587844848633
2008-11-28,61.88052749633789
2008-12-01,62.71810531616211
2008-12-02,63.047080993652344
2008-12-03,63.14575958251953
2008-12-04,63.540565490722656
2008-12-05,62.86943817138672
2008-12-08,62.63254928588867
2008-12-09,63.165550231933594
2008-12-10,63.106285095214844
2008-12-11,63.48789596557617
2008-12-12,63.66555404663086
2008-12-15,63.803836822509766
2008-12-16,64.81706237792969
2008-12-17,65.2579116821289
2008-12-18,65.69873046875
2008-12-19,65.48155212402344
2008-12-22,65.31048583984375
2008-12-23,65.27762603759766
2008-12-24,65.21183776855469
2008-12-26,65.56059265136719
2008-12-29,65.70516967773438
2008-12-30,65.79759979248047
2008-12-31,65.0711669921875
2009-01-02,64.1399917602539
2009-01-05,64.02770233154297
2009-01-06,63.98808288574219
2009-01-07,64.00129699707031
2009-01-08,64.17298126220703
2009-01-09,64.47020721435547
2009-01-12,64.87300872802734
2009-01-13,64.91925811767578
2009-01-14,65.28248596191406
2009-01-15,65.22972869873047
2009-01-16,64.62869262695312
2009-01-20,64.52957916259766
2009-01-21,63.955108642578125
2009-01-22,63.53236389160156
2009-01-23,63.54563903808594
2009-01-26,63.3870964050293
2009-01-27,63.803218841552734
2009-01-28,63.393699645996094
2009-01-29,62.56814193725586
2009-01-30,62.541690826416016
2009-02-02,63.04903793334961
2009-02-03,62.50597381591797
2009-02-04,62.18804931640625
2009-02-05,62.333770751953125
2009-02-06,61.956356048583984
2009-02-09,61.83048629760742
2009-02-10,62.65829849243164
2009-02-11,63.14179992675781
2009-02-12,63.1219482421875
2009-02-13,62.62520980834961
2009-02-17,63.678245544433594
2009-02-18,63.21461486816406
2009-02-19,62.8636360168457
2009-02-20,63.042476654052734
2009-02-23,63.10200119018555
2009-02-24,62.8636360168457
2009-02-25,62.29405212402344
2009-02-26,62.135101318359375
2009-02-27,62.08218002319336
2009-03-02,62.70502471923828
2009-03-03,62.625343322753906
2009-03-04,62.30657958984375
2009-03-05,63.03710174560547
2009-03-06,62.7381706237793
2009-03-09,62.76483917236328
2009-03-10,62.30657958984375
2009-03-11,62.7514762878418
2009-03-12,62.9307746887207
2009-03-13,62.88427734375
2009-03-16,62.52571487426758
2009-03-17,62.40620040893555
2009-03-18,64.54439544677734
2009-03-19,64.32528686523438
2009-03-20,64.32528686523438
2009-03-23,64.10610961914062
2009-03-24,64.01317596435547
2009-03-25,63.62799072265625
2009-03-26,63.79404830932617
2009-03-27,63.754173278808594
2009-03-30,64.02649688720703
2009-03-31,64.13932037353516
2009-04-01,64.29647827148438
2009-04-02,63.87693405151367
2009-04-03,63.14447784423828
2009-04-06,62.997928619384766
2009-04-07,63.15768051147461
2009-04-08,63.47078323364258
2009-04-09,63.09780502319336
2009-04-13,63.47078323364258
2009-04-14,63.797027587890625
2009-04-15,63.85695266723633
2009-04-16,63.603939056396484
2009-04-17,63.09112548828125
2009-04-20,63.53068161010742
2009-04-21,63.28425216674805
2009-04-22,63.13106155395508
2009-04-23,63.11781311035156
2009-04-24,62.871360778808594
2009-04-27,63.13106155395508
2009-04-28,62.824745178222656
2009-04-29,62.48512268066406
2009-04-30,62.37858200073242
2009-05-01,62.17816925048828
2009-05-04,62.23829650878906
2009-05-05,62.2249641418457
2009-05-06,62.25165939331055
2009-05-07,61.73067855834961
2009-05-08,61.80415344238281
2009-05-11,62.385250091552734
2009-05-12,62.34514617919922
2009-05-13,62.63239669799805
2009-05-14,62.6390495300293
2009-05-15,62.485477447509766
2009-05-18,62.11807632446289
2009-05-19,62.031272888183594
2009-05-20,62.2249641418457
2009-05-21,61.54366683959961
2009-05-22,61.18297576904297
2009-05-26,60.77553939819336
2009-05-27,60.087589263916016
2009-05-28,60.401466369628906
2009-05-29,61.082820892333984
2009-06-01,60.0859375
2009-06-02,60.28687286376953
2009-06-03,60.65535354614258
2009-06-04,59.95194625854492
2009-06-05,59.355690002441406
2009-06-08,59.05424118041992
2009-06-09,59.30881118774414
2009-06-10,58.953731536865234
2009-06-11,59.355690002441406
2009-06-12,59.670623779296875
2009-06-15,59.938507080078125
2009-06-16,60.27351760864258
2009-06-17,60.112735748291016
2009-06-18,59.38251495361328
2009-06-19,59.65715408325195
2009-06-22,59.97872543334961
2009-06-23,60.17299270629883
2009-06-24,59.945247650146484
2009-06-25,60.69558334350586
2009-06-26,60.77592849731445
2009-06-29,60.903221130371094
2009-06-30,60.74245071411133
2009-07-01,60.703529357910156
2009-07-02,60.90501022338867
2009-07-06,60.945350646972656
2009-07-07,61.187198638916016
2009-07-08,61.89264678955078
2009-07-09,61.529754638671875
2009-07-10,61.91274642944336
2009-07-13,61.6910285949707
2009-07-14,61.28127670288086
2009-07-15,60.488521575927734
2009-07-16,60.851287841796875
2009-07-17,60.44150924682617
2009-07-20,60.663204193115234
2009-07-21,61.34174346923828
2009-07-22,60.97893142700195
2009-07-23,60.387760162353516
2009-07-24,60.51544189453125
2009-07-27,60.233253479003906
2009-07-28,60.35414123535156
2009-07-29,60.39444351196289
2009-07-30,60.63632583618164
2009-07-31,61.247650146484375
2009-08-03,60.596824645996094
2009-08-04,60.421630859375
2009-08-05,60.078025817871094
2009-08-06,60.078025817871094
2009-08-07,59.680519104003906
2009-08-10,60.06455993652344
2009-08-11,60.4823112487793
2009-08-12,60.3138313293457
2009-08-13,60.78546142578125
2009-08-14,60.97414779663086
2009-08-17,61.39183044433594
2009-08-18,61.176204681396484
2009-08-19,61.405338287353516
2009-08-20,61.5670051574707
2009-08-21,60.94043731689453
2009-08-24,61.31772994995117
2009-08-25,61.47939682006836
2009-08-26,61.56026077270508
2009-08-27,61.39183044433594
2009-08-28,61.53333282470703
2009-08-31,61.7152099609375
2009-09-01,61.8753547668457
2009-09-02,62.213165283203125
2009-09-03,61.99022674560547
2009-09-04,61.61861801147461
2009-09-08,61.47675323486328
2009-09-09,61.530826568603516
2009-09-10,61.99022674560547
2009-09-11,62.17264938354492
2009-09-14,61.80778503417969
2009-09-15,61.67942428588867
2009-09-16,61.63209533691406
2009-09-17,61.936180114746094
2009-09-18,61.6051025390625
2009-09-21,61.564579010009766
2009-09-22,61.726654052734375
2009-09-23,61.86184310913086
2009-09-24,62.03077697753906
2009-09-25,62.28074264526367
2009-09-28,62.388824462890625
2009-09-29,62.36182403564453
2009-09-30,62.409114837646484
2009-10-01,62.878665924072266
2009-10-02,62.85157012939453
2009-10-05,62.844749450683594
2009-10-06,62.641483306884766
2009-10-07,63.041221618652344
2009-10-08,62.810909271240234
2009-10-09,62.207889556884766
2009-10-12,62.39085006713867
2009-10-13,62.53313064575195
2009-10-14,62.10626983642578
2009-10-15,61.90304946899414
2009-10-16,62.18757629394531
2009-10-19,62.28244400024414
2009-10-20,62.42471694946289
2009-10-21,62.28244400024414
2009-10-22,62.099483489990234
2009-10-23,61.794673919677734
2009-10-26,61.44234085083008
2009-10-27,61.970760345458984
2009-10-28,62.16050720214844
2009-10-29,61.86238479614258
2009-10-30,62.32309341430664
2009-11-02,62.15913772583008
2009-11-03,62.01559066772461
2009-11-04,61.84484100341797
2009-11-05,61.85848617553711
2009-11-06,62.04299545288086
2009-11-09,62.070308685302734
2009-11-10,62.11814880371094
2009-11-11,62.29581069946289
2009-11-12,62.3162841796875
2009-11-13,62.364070892333984
2009-11-16,62.69883346557617
2009-11-17,62.83544158935547
2009-11-18,62.678340911865234
2009-11-19,62.753482818603516
2009-11-20,62.746646881103516
2009-11-23,62.657833099365234
2009-11-24,62.978939056396484
2009-11-25,63.19074630737305
2009-11-27,63.4776496887207
2009-11-30,63.580177307128906
2009-12-01,63.229583740234375
2009-12-02,63.09951400756836
2009-12-03,62.8050651550293
2009-12-04,62.33948516845703
2009-12-07,62.5106315612793
2009-12-08,62.72975158691406
2009-12-09,62.606502532958984
2009-12-10,62.394229888916016
2009-12-11,62.086090087890625
2009-12-14,62.086090087890625
2009-12-15,61.88748550415039
2009-12-16,61.88748550415039
2009-12-17,62.43531036376953
2009-12-18,62.127193450927734
2009-12-21,61.490360260009766
2009-12-22,61.21647262573242
2009-12-23,61.18904113769531
2009-12-24,60.969905853271484
2009-12-28,60.80556869506836
2009-12-29,60.96611404418945
2009-12-30,61.07585906982422
2009-12-31,60.78091049194336
2010-01-04,60.93183135986328
2010-01-05,61.19938278198242
2010-01-06,60.952388763427734
2010-01-07,60.952388763427734
2010-01-08,61.027835845947266
2010-01-11,61.06904220581055
2010-01-12,61.50802993774414
2010-01-13,61.21303939819336
2010-01-14,61.50123977661133
2010-01-15,61.775604248046875
2010-01-19,61.665855407714844
2010-01-20,61.87853240966797
2010-01-21,62.10494613647461
2010-01-22,62.159786224365234
2010-01-25,62.0225715637207
2010-01-26,62.14610290527344
2010-01-27,62.00202941894531
2010-01-28,61.9814338684082
2010-01-29,62.22157287597656
2010-02-01,62.00812911987305
2010-02-02,62.11141586303711
2010-02-03,61.815460205078125
2010-02-04,62.324806213378906
2010-02-05,62.52436065673828
2010-02-08,62.4693603515625
2010-02-09,62.132022857666016
2010-02-10,61.95994186401367
2010-02-11,61.88424301147461
2010-02-12,62.02880096435547
2010-02-16,62.166465759277344
2010-02-17,61.83611297607422
2010-02-18,61.61581802368164
2010-02-19,61.65021514892578
2010-02-22,61.602073669433594
2010-02-23,62.070125579833984
2010-02-24,62.10452651977539
2010-02-25,62.33165740966797
2010-02-26,62.42801284790039
2010-03-01,62.49290084838867
2010-03-02,62.52738952636719
2010-03-03,62.46529769897461
2010-03-04,62.57573699951172
2010-03-05,62.27894592285156
2010-03-08,62.113311767578125
2010-03-09,62.27205276489258
2010-03-10,62.16857147216797
2010-03-11,62.113311767578125
2010-03-12,62.20991516113281
2010-03-15,62.20991516113281
2010-03-16,62.45146560668945
2010-03-17,62.52738952636719
2010-03-18,62.361759185791016
2010-03-19,62.27894592285156
2010-03-22,62.48602294921875
2010-03-23,62.3548583984375
2010-03-24,61.73371505737305
2010-03-25,61.506004333496094
2010-03-26,61.65093231201172
2010-03-29,61.56117248535156
2010-03-30,61.623287200927734
2010-03-31,61.76823043823242
2010-04-01,61.64015197753906
2010-04-05,61.086524963378906
2010-04-06,61.2664794921875
2010-04-07,61.64712905883789
2010-04-08,61.577877044677734
2010-04-09,61.64712905883789
2010-04-12,61.813228607177734
2010-04-13,61.93090057373047
2010-04-14,61.7647819519043
2010-04-15,61.86858367919922
2010-04-16,62.24234390258789
2010-04-19,62.09011459350586
2010-04-20,62.11772155761719
2010-04-21,62.31845474243164
2010-04-22,62.17314529418945
2010-04-23,62.000125885009766
2010-04-26,62.041648864746094
2010-04-27,62.62303924560547
2010-04-28,62.304656982421875
2010-04-29,62.4084358215332
2010-04-30,62.789100646972656
2010-05-03,62.624610900878906
2010-05-04,63.04806900024414
2010-05-05,63.291015625
2010-05-06,63.985252380371094
2010-05-07,63.81166458129883
2010-05-10,63.325721740722656
2010-05-11,63.402122497558594
2010-05-12,63.24239730834961
2010-05-13,63.41595458984375
2010-05-14,63.82551956176758
2010-05-17,63.68669891357422
2010-05-18,64.15188598632812
2010-05-19,64.20733642578125
2010-05-20,64.8321533203125
2010-05-21,64.86688232421875
2010-05-24,64.86688232421875
2010-05-25,65.08902740478516
2010-05-26,64.95713806152344
2010-05-27,64.33926391601562
2010-05-28,64.63091278076172
2010-06-01,64.71440887451172
2010-06-02,64.34544372558594
2010-06-03,64.25495147705078
2010-06-04,65.14604187011719
2010-06-07,65.4105224609375
2010-06-08,65.20864868164062
2010-06-09,65.2155990600586
2010-06-10,64.61001586914062
2010-06-11,65.02069091796875
2010-06-14,64.96501159667969
2010-06-15,64.76310729980469
2010-06-16,64.944091796875
2010-06-17,65.25045013427734
2010-06-18,65.1181869506836
2010-06-21,65.06941986083984
2010-06-22,65.4592514038086
2010-06-23,65.70298767089844
2010-06-24,65.64720153808594
2010-06-25,65.75164794921875
2010-06-28,66.21810150146484
2010-06-29,66.50350952148438
2010-06-30,66.6009750366211
2010-07-01,66.57161712646484
2010-07-02,66.45299530029297
2010-07-06,66.61355590820312
2010-07-07,66.40411376953125
2010-07-08,66.24358367919922
2010-07-09,66.06917572021484
2010-07-12,66.18080139160156
2010-07-13,65.85269927978516
2010-07-14,66.18080139160156
2010-07-15,66.52279663085938
2010-07-16,66.90667724609375
2010-07-19,66.73218536376953
2010-07-20,66.80196380615234
2010-07-21,67.22775268554688
2010-07-22,66.85783386230469
2010-07-23,66.64141845703125
2010-07-26,66.62049865722656
2010-07-27,66.39017486572266
2010-07-28,66.67633056640625
2010-07-29,66.81599426269531
2010-07-30,67.20679473876953
2010-08-02,66.99899291992188
2010-08-03,67.3138656616211
2010-08-04,67.0339584350586
2010-08-05,67.35581970214844
2010-08-06,67.7967300415039
2010-08-09,67.78275299072266
2010-08-10,68.12565612792969
2010-08-11,68.51054382324219
2010-08-12,68.3355712890625
2010-08-13,68.62948608398438
2010-08-16,69.12635803222656
2010-08-17,68.77642059326172
2010-08-18,68.70647430419922
2010-08-19,69.0143814086914
2010-08-20,68.79048919677734
2010-08-23,68.88143157958984
2010-08-24,69.42727661132812
2010-08-25,69.11235046386719
2010-08-26,69.42727661132812
2010-08-27,68.62948608398438
2010-08-30,69.15434265136719
2010-08-31,69.4623031616211
2010-09-01,68.96210479736328
2010-09-02,68.67440032958984
2010-09-03,68.28157043457031
2010-09-07,68.82178497314453
2010-09-08,68.63233947753906
2010-09-09,68.0921401977539
2010-09-10,67.89569854736328
2010-09-13,68.21842956542969
2010-09-14,68.56221008300781
2010-09-15,68.32369232177734
2010-09-16,68.08511352539062
2010-09-17,68.23941040039062
2010-09-20,68.44990539550781
2010-09-21,69.08833312988281
2010-09-22,69.19357299804688
2010-09-23,69.29179382324219
2010-09-24,68.94799041748047
2010-09-27,69.481201171875
2010-09-28,69.71271514892578
2010-09-29,69.54435729980469
2010-09-30,69.46015930175781
2010-10-01,69.4974136352539
2010-10-04,69.74353790283203
2010-10-05,69.75765228271484
2010-10-06,70.20768737792969
2010-10-07,70.27798461914062
2010-10-08,70.30610656738281
2010-10-11,70.37645721435547
2010-10-12,70.17250061035156
2010-10-13,70.17250061035156
2010-10-14,69.77167510986328
2010-10-15,69.46930694580078
2010-10-18,69.79985046386719
2010-10-19,70.03893280029297
2010-10-20,69.99666595458984
2010-10-21,69.60990905761719
2010-10-22,69.63106536865234
2010-10-25,69.60990905761719
2010-10-26,69.14581298828125
2010-10-27,68.7450180053711
2010-10-28,69.14581298828125
2010-10-29,69.45521545410156
2010-11-01,69.33893585205078
2010-11-02,69.57154846191406
2010-11-03,69.79710388183594
2010-11-04,70.36103057861328
2010-11-05,70.06492614746094
2010-11-08,70.0860824584961
2010-11-09,69.49403381347656
2010-11-10,69.75482177734375
2010-11-11,69.6772689819336
2010-11-12,69.09922790527344
2010-11-15,68.21115112304688
2010-11-16,68.7186050415039
2010-11-17,68.52127838134766
2010-11-18,68.35916137695312
2010-11-19,68.5000991821289
2010-11-22,68.86666870117188
2010-11-23,69.00760650634766
2010-11-24,68.26753234863281
2010-11-26,68.56354522705078
2010-11-29,68.71160125732422
2010-11-30,68.83140563964844
2010-12-01,67.92623901367188
2010-12-02,67.75664520263672
2010-12-03,67.76371002197266
2010-12-06,68.18773651123047
2010-12-07,67.0571060180664
2010-12-08,66.48478698730469
2010-12-09,66.62609100341797
2010-12-10,66.06076049804688
2010-12-13,66.2728042602539
2010-12-14,65.57322692871094
2010-12-15,65.30472564697266
2010-12-16,65.6933364868164
2010-12-17,66.25865936279297
2010-12-20,66.25160217285156
2010-12-21,66.39289093017578
2010-12-22,66.20918273925781
2010-12-23,65.97602844238281
2010-12-27,66.23040008544922
2010-12-28,65.53465270996094
2010-12-29,66.27153015136719
2010-12-30,66.13688659667969
2010-12-31,66.4698486328125
2011-01-03,66.26445007324219
2011-01-04,66.4201889038086
2011-01-05,65.70469665527344
2011-01-06,66.0447769165039
2011-01-07,66.48407745361328
2011-01-10,66.71076965332031
2011-01-11,66.44857788085938
2011-01-12,66.25736236572266
2011-01-13,66.70365905761719
2011-01-14,66.51945495605469
2011-01-18,66.35650634765625
2011-01-19,66.52649688720703
2011-01-20,66.00936126708984
2011-01-21,66.22898864746094
2011-01-24,66.23600006103516
2011-01-25,66.56903839111328
2011-01-26,66.1651840209961
2011-01-27,66.4132308959961
2011-01-28,66.71782684326172
2011-01-31,66.45570373535156
2011-02-01,66.14669799804688
2011-02-02,65.99050903320312
2011-02-03,65.614013671875
2011-02-04,65.20919799804688
2011-02-07,65.1807861328125
2011-02-08,64.73332214355469
2011-02-09,65.10258483886719
2011-02-10,64.88960266113281
2011-02-11,65.18785095214844
2011-02-14,65.20919799804688
2011-02-15,65.3583984375
2011-02-16,65.26596069335938
2011-02-17,65.5074462890625
2011-02-18,65.4932861328125
2011-02-22,66.12542724609375
2011-02-23,65.96206665039062
2011-02-24,66.13251495361328
2011-02-25,66.34558868408203
2011-02-28,66.31718444824219
2011-03-01,66.39266204833984
2011-03-02,66.0438003540039
2011-03-03,65.5953140258789
2011-03-04,66.06517791748047
2011-03-07,65.9014892578125
2011-03-08,65.74480438232422
2011-03-09,66.1292724609375
2011-03-10,66.69168853759766
2011-03-11,66.53504943847656
2011-03-14,66.68453979492188
2011-03-15,66.92654418945312
2011-03-16,67.49610137939453
2011-03-17,67.28968048095703
2011-03-18,67.24690246582031
2011-03-21,66.89808654785156
2011-03-22,66.93370056152344
2011-03-23,66.84825134277344
2011-03-24,66.50653839111328
2011-03-25,66.3285903930664
2011-03-28,66.34992980957031
2011-03-29,66.1577377319336
2011-03-30,66.38553619384766
2011-03-31,66.21463012695312
2011-04-01,66.35604095458984
2011-04-04,66.50594329833984
2011-04-05,66.17037200927734
2011-04-06,65.88491821289062
2011-04-07,65.8919677734375
2011-04-08,65.69930267333984
2011-04-11,65.78498077392578
2011-04-12,66.15614318847656
2011-04-13,66.41309356689453
2011-04-14,66.19182586669922
2011-04-15,66.6772232055664
2011-04-18,66.84142303466797
2011-04-19,66.92703247070312
2011-04-20,66.66294860839844
2011-04-21,66.71292114257812
2011-04-25,66.94847106933594
2011-04-26,67.23397064208984
2011-04-27,67.041259765625
2011-04-28,67.29825592041016
2011-04-29,67.433837890625
2011-05-02,67.4131088256836
2011-05-03,67.59198760986328
2011-05-04,67.76376342773438
2011-05-05,68.10011291503906
2011-05-06,68.13589477539062
2011-05-09,68.23603820800781
2011-05-10,67.90689086914062
2011-05-11,68.15023040771484
2011-05-12,67.99989318847656
2011-05-13,68.26472473144531
2011-05-16,68.42930603027344
2011-05-17,68.62966918945312
2011-05-18,68.23603820800781
2011-05-19,68.30766296386719
2011-05-20,68.47222137451172
2011-05-23,68.5653076171875
2011-05-24,68.63688659667969
2011-05-25,68.64401245117188
2011-05-26,69.02325439453125
2011-05-27,69.0160903930664
2011-05-31,69.1234359741211
2011-06-01,69.693115234375
2011-06-02,69.2770004272461
2011-06-03,69.54963684082031
2011-06-06,69.50659942626953
2011-06-07,69.63572692871094
2011-06-08,69.78640747070312
2011-06-09,69.50659942626953
2011-06-10,69.72898864746094
2011-06-13,69.57838439941406
2011-06-14,69.02589416503906
2011-06-15,69.7720718383789
2011-06-16,69.96578979492188
2011-06-17,69.91549682617188
2011-06-20,69.8079605102539
2011-06-21,69.71466827392578
2011-06-22,69.68595123291016
2011-06-23,70.0518569946289
2011-06-24,70.34603118896484
2011-06-27,70.07339477539062
2011-06-28,69.42770385742188
2011-06-29,69.01155090332031
2011-06-30,68.77478790283203
2011-07-01,68.6029052734375
2011-07-05,69.03443145751953
2011-07-06,69.15670776367188
2011-07-07,68.89057159423828
2011-07-08,69.62415313720703
2011-07-11,70.1563720703125
2011-07-12,70.25708770751953
2011-07-13,70.37217712402344
2011-07-14,69.96934509277344
2011-07-15,70.25708770751953
2011-07-18,70.2138442993164
2011-07-19,70.47998809814453
2011-07-20,70.13477325439453
2011-07-21,69.7464599609375
2011-07-22,70.01251983642578
2011-07-25,69.78956604003906
2011-07-26,70.08439636230469
2011-07-27,69.96934509277344
2011-07-28,70.10603332519531
2011-07-29,70.95465850830078
2011-08-01,71.21270751953125
2011-08-02,71.86878204345703
2011-08-03,71.92642974853516
2011-08-04,72.87801361083984
2011-08-05,72.03461456298828
2011-08-08,73.18086242675781
2011-08-09,73.6062240600586
2011-08-10,74.57948303222656
2011-08-11,73.4836196899414
2011-08-12,73.9955062866211
2011-08-15,73.7215576171875
2011-08-16,74.06035614013672
2011-08-17,74.57948303222656
2011-08-18,74.9687271118164
2011-08-19,75.04806518554688
2011-08-22,74.9111099243164
2011-08-23,74.6082534790039
2011-08-24,73.80805969238281
2011-08-25,74.26221466064453
2011-08-26,74.50011444091797
2011-08-29,74.00997161865234
2011-08-30,74.52178955078125
2011-08-31,74.25503540039062
2011-09-01,74.8467788696289
2011-09-02,75.5331802368164
2011-09-06,75.6343765258789
2011-09-07,75.22974395751953
2011-09-08,75.59825134277344
2011-09-09,75.96675109863281
2011-09-12,75.73556518554688
2011-09-13,75.5114517211914
2011-09-14,75.55490112304688
2011-09-15,74.99128723144531
2011-09-16,75.1358413696289
2011-09-19,75.74993896484375
2011-09-20,75.85110473632812
2011-09-21,76.17626190185547
2011-09-22,76.88429260253906
2011-09-23,76.24848175048828
2011-09-26,75.9305419921875
2011-09-27,75.42479705810547
2011-09-28,75.43927001953125
2011-09-29,75.43927001953125
2011-09-30,75.91613006591797
2011-10-03,76.619140625
2011-10-04,76.22815704345703
2011-10-05,75.90958404541016
2011-10-06,75.38109588623047
2011-10-07,74.99016571044922
2011-10-10,74.20101165771484
2011-10-11,74.44717407226562
2011-10-12,74.19374084472656
2011-10-13,74.49059295654297
2011-10-14,74.12140655517578
2011-10-17,74.60646057128906
2011-10-18,74.52678680419922
2011-10-19,74.64263916015625
2011-10-20,74.49059295654297
2011-10-21,74.35302734375
2011-10-24,74.31684875488281
2011-10-25,74.95396423339844
2011-10-26,74.40370178222656
2011-10-27,73.5060043334961
2011-10-28,73.9476318359375
2011-10-31,74.9394760131836
2011-11-01,75.8383560180664
2011-11-02,75.65696716308594
2011-11-03,75.30142974853516
2011-11-04,75.52635955810547
2011-11-07,75.6134033203125
2011-11-08,75.2724609375
2011-11-09,75.93988037109375
2011-11-10,75.56990051269531
2011-11-11,75.22171020507812
2011-11-14,75.69326782226562
2011-11-15,75.59161376953125
2011-11-16,75.86734008789062
2011-11-17,76.01971435546875
2011-11-18,75.73675537109375
2011-11-21,75.94715118408203
2011-11-22,76.17931365966797
2011-11-23,76.4404067993164
2011-11-25,75.95438385009766
2011-11-28,75.96161651611328
2011-11-29,75.8165283203125
2011-11-30,75.37403106689453
2011-12-01,75.3521728515625
2011-12-02,75.68653106689453
2011-12-05,75.64297485351562
2011-12-06,75.44669342041016
2011-12-07,75.788330078125
2011-12-08,76.173583984375
2011-12-09,75.65019226074219
2011-12-12,75.91190338134766
2011-12-13,76.26080322265625
2011-12-14,76.58056640625
2011-12-15,76.51518249511719
2011-12-16,76.88587951660156
2011-12-19,77.14750671386719
2011-12-20,76.44973754882812
2011-12-21,76.20264434814453
2011-12-22,76.29711151123047
2011-12-23,75.98460388183594
2011-12-27,76.02754974365234
2011-12-28,76.50812530517578
2011-12-29,76.60277557373047
2011-12-30,76.87217712402344
2012-01-03,76.38433837890625
2012-01-04,76.14405059814453
2012-01-05,76.15860748291016
2012-01-06,76.4571304321289
2012-01-09,76.47173309326172
2012-01-10,76.31878662109375
2012-01-11,76.76298522949219
2012-01-12,76.60277557373047
2012-01-13,76.94503021240234
2012-01-17,77.0177993774414
2012-01-18,76.77754211425781
2012-01-19,76.31878662109375
2012-01-20,76.0566635131836
2012-01-23,75.8891830444336
2012-01-24,75.97657775878906
2012-01-25,76.34062194824219
2012-01-26,76.7484130859375
2012-01-27,76.98143005371094
2012-01-30,77.24356842041016
2012-01-31,77.5347900390625
2012-02-01,77.26568603515625
2012-02-02,77.37506866455078
2012-02-03,76.76232147216797
2012-02-06,76.97384643554688
2012-02-07,76.4778060913086
2012-02-08,76.5143051147461
2012-02-09,76.3392333984375
2012-02-10,76.76962280273438
2012-02-13,76.71857452392578
2012-02-14,76.87903594970703
2012-02-15,76.93740844726562
2012-02-16,76.5872573852539
2012-02-17,76.50701141357422
2012-02-21,76.22978973388672
2012-02-22,76.52889251708984
2012-02-23,76.63829803466797
2012-02-24,76.69671630859375
2012-02-27,76.9520034790039
2012-02-28,76.98848724365234
2012-02-29,76.68206787109375
2012-03-01,76.43364715576172
2012-03-02,76.74050903320312
2012-03-05,76.58714294433594
2012-03-06,76.90857696533203
2012-03-07,76.7624282836914
2012-03-08,76.53595733642578
2012-03-09,76.47747802734375
2012-03-12,76.45559692382812
2012-03-13,75.90758514404297
2012-03-14,75.0380859375
2012-03-15,75.01612091064453
2012-03-16,74.99424743652344
2012-03-19,74.5339584350586
2012-03-20,74.57054138183594
2012-03-21,74.95040130615234
2012-03-22,75.04541015625
2012-03-23,75.32308197021484
2012-03-26,75.23539733886719
2012-03-27,75.65182495117188
2012-03-28,75.52030944824219
2012-03-29,75.83451843261719
2012-03-30,75.46192169189453
2012-04-02,75.64263916015625
2012-04-03,75.08646392822266
2012-04-04,75.46699523925781
2012-04-05,75.80364990234375
2012-04-09,76.57951354980469
2012-04-10,76.93814849853516
2012-04-11,76.63807678222656
2012-04-12,76.48431396484375
2012-04-13,76.94548797607422
2012-04-16,76.9234848022461
2012-04-17,76.84300994873047
2012-04-18,76.99669647216797
2012-04-19,77.08451843261719
2012-04-20,77.09188079833984
2012-04-23,77.24560546875
2012-04-24,77.0479507446289
2012-04-25,76.9527816772461
2012-04-26,77.20897674560547
2012-04-27,77.28941345214844
2012-04-30,77.35531616210938
2012-05-01,77.21456909179688
2012-05-02,77.3611831665039
2012-05-03,77.3538589477539
2012-05-04,77.66178131103516
2012-05-07,77.6397476196289
2012-05-08,77.81570434570312
2012-05-09,77.88167572021484
2012-05-10,77.77171325683594
2012-05-11,78.0283203125
2012-05-14,78.37281799316406
2012-05-15,78.39485168457031
2012-05-16,78.45345306396484
2012-05-17,78.7467269897461
2012-05-18,78.69541931152344
2012-05-21,78.4901351928711
2012-05-22,78.321533203125
2012-05-23,78.52676391601562
2012-05-24,78.3581771850586
2012-05-25,78.58541107177734
2012-05-29,78.51945495605469
2012-05-30,79.2672119140625
2012-05-31,79.5750961303711
2012-06-01,80.25862121582031
2012-06-04,79.79611206054688
2012-06-05,79.53174591064453
2012-06-06,79.01046752929688
2012-06-07,79.20138549804688
2012-06-08,79.26007843017578
2012-06-11,79.4730224609375
2012-06-12,79.04720306396484
2012-06-13,79.46564483642578
2012-06-14,79.2527847290039
2012-06-15,79.61983489990234
2012-06-18,79.59783935546875
2012-06-19,79.3261489868164
2012-06-20,79.1646499633789
2012-06-21,79.33350372314453
2012-06-22,78.98838806152344
2012-06-25,79.4216079711914
2012-06-26,79.24544525146484
2012-06-27,79.35550689697266
2012-06-28,79.61251068115234
2012-06-29,79.24544525146484
2012-07-02,79.61309814453125
2012-07-03,79.41455841064453
2012-07-05,79.62773895263672
2012-07-06,79.90718841552734
2012-07-09,80.1277847290039
2012-07-10,80.16451263427734
2012-07-11,80.09100341796875
2012-07-12,80.2748031616211
2012-07-13,80.20869445800781
2012-07-16,80.38513946533203
2012-07-17,80.17923736572266
2012-07-18,80.2601089477539
2012-07-19,80.14248657226562
2012-07-20,80.45867156982422
2012-07-23,80.59102630615234
2012-07-24,80.74545288085938
2012-07-25,80.7895736694336
2012-07-26,80.53954315185547
2012-07-27,79.95864868164062
2012-07-30,80.21599578857422
2012-07-31,80.35576629638672
2012-08-01,80.06263732910156
2012-08-02,80.25416564941406
2012-08-03,79.83438110351562
2012-08-06,79.88597869873047
2012-08-07,79.46613311767578
2012-08-08,79.35569763183594
2012-08-09,79.2967758178711
2012-08-10,79.52507781982422
2012-08-13,79.4734878540039
2012-08-14,79.08324432373047
2012-08-15,78.6855239868164
2012-08-16,78.49410247802734
2012-08-17,78.58973693847656
2012-08-20,78.63406372070312
2012-08-21,78.70027923583984
2012-08-22,79.3115005493164
2012-08-23,79.451416015625
2012-08-24,79.41460418701172
2012-08-27,79.62078094482422
2012-08-28,79.65025329589844
2012-08-29,79.59867858886719
2012-08-30,79.74597930908203
2012-08-31,80.2614517211914
2012-09-04,80.07786560058594
2012-09-05,80.04837799072266
2012-09-06,79.502685546875
2012-09-07,79.60586547851562
2012-09-10,79.6427993774414
2012-09-11,79.49528503417969
2012-09-12,79.10447692871094
2012-09-13,79.33306884765625
2012-09-14,78.5882339477539
2012-09-17,78.75049591064453
2012-09-18,78.9495849609375
2012-09-19,79.13394165039062
2012-09-20,79.17814636230469
2012-09-21,79.34779357910156
2012-09-24,79.52479553222656
2012-09-25,79.81975555419922
2012-09-26,80.15160369873047
2012-09-27,79.98196411132812
2012-09-28,79.98196411132812
2012-10-01,80.13038635253906
2012-10-02,80.07869720458984
2012-10-03,80.1599349975586
2012-10-04,79.8424072265625
2012-10-05,79.4806900024414
2012-10-08,79.73904418945312
2012-10-09,79.5766372680664
2012-10-10,79.76858520507812
2012-10-11,79.8424072265625
2012-10-12,79.84979248046875
2012-10-15,79.87196350097656
2012-10-16,79.49541473388672
2012-10-17,78.99330139160156
2012-10-18,78.85299682617188
2012-10-19,79.1852798461914
2012-10-22,78.9194564819336
2012-10-23,79.29602813720703
2012-10-24,79.12619018554688
2012-10-25,78.83819580078125
2012-10-26,79.34030151367188
2012-10-31,79.66522979736328
2012-11-01,79.50621032714844
2012-11-02,79.57283020019531
2012-11-05,79.76502990722656
2012-11-06,79.40277099609375
2012-11-07,80.06815338134766
2012-11-08,80.42308807373047
2012-11-09,80.43045806884766
2012-11-12,80.48223114013672
2012-11-13,80.57838439941406
2012-11-14,80.60051727294922
2012-11-15,80.56359100341797
2012-11-16,80.61527252197266
2012-11-19,80.45268249511719
2012-11-20,80.11995697021484
2012-11-21,80.0016098022461
2012-11-23,79.95722961425781
2012-11-26,80.09034729003906
2012-11-27,80.27519226074219
2012-11-28,80.37873077392578
2012-11-29,80.46009063720703
2012-11-30,80.4453125
2012-12-03,80.4134292602539
2012-12-04,80.55410766601562
2012-12-05,80.62069702148438
2012-12-06,80.66516876220703
2012-12-07,80.43563079833984
2012-12-10,80.50970458984375
2012-12-11,80.35421752929688
2012-12-12,80.01366424560547
2012-12-13,79.85823059082031
2012-12-14,80.03590393066406
2012-12-17,79.61392974853516
2012-12-18,79.30298614501953
2012-12-19,79.41401672363281
2012-12-20,79.46581268310547
2012-12-21,79.68052673339844
2012-12-24,79.59906768798828
2012-12-26,79.76287078857422
2012-12-27,79.92601013183594
2012-12-28,80.11138153076172
2012-12-31,79.6888427734375
2013-01-02,79.32555389404297
2013-01-03,78.91777801513672
2013-01-04,78.9548568725586
2013-01-07,78.99935150146484
2013-01-08,79.192138671875
2013-01-09,79.236572265625
2013-01-10,79.0067367553711
2013-01-11,79.25882720947266
2013-01-14,79.22911834716797
2013-01-15,79.42188262939453
2013-01-16,79.52568817138672
2013-01-17,79.16243743896484
2013-01-18,79.38481140136719
2013-01-22,79.4515380859375
2013-01-23,79.48858642578125
2013-01-24,79.3552017211914
2013-01-25,78.82881927490234
2013-01-28,78.66571044921875
2013-01-29,78.54710388183594
2013-01-30,78.59161376953125
2013-01-31,78.65833282470703
2013-02-01,78.39104461669922
2013-02-04,78.84390258789062
2013-02-05,78.5617904663086
2013-02-06,78.79930877685547
2013-02-07,78.83645629882812
2013-02-08,78.89588165283203
2013-02-11,78.81420135498047
2013-02-12,78.73252868652344
2013-02-13,78.45783233642578
2013-02-14,78.79193115234375
2013-02-15,78.71772003173828
2013-02-19,78.5915298461914
2013-02-20,78.76228332519531
2013-02-21,78.91810607910156
2013-02-22,79.01461791992188
2013-02-25,79.62334442138672
2013-02-26,79.474853515625
2013-02-27,79.4377670288086
2013-02-28,79.54911804199219
2013-03-01,79.74755859375
2013-03-04,79.5617904663086
2013-03-05,79.48001098632812
2013-03-06,79.2273178100586
2013-03-07,78.92256164550781
2013-03-08,78.52122497558594
2013-03-11,78.55840301513672
2013-03-12,78.77394104003906
2013-03-13,78.70702362060547
2013-03-14,78.72935485839844
2013-03-15,79.00431823730469
2013-03-18,79.26446533203125
2013-03-19,79.50971221923828
2013-03-20,79.2049789428711
2013-03-21,79.41310119628906
2013-03-22,79.44281768798828
2013-03-25,79.50230407714844
2013-03-26,79.58401489257812
2013-03-27,79.92591094970703
2013-03-28,79.77727508544922
2013-04-01,79.9893569946289
2013-04-02,79.83309173583984
2013-04-03,80.16797637939453
2013-04-04,80.4880142211914
2013-04-05,80.74107360839844
2013-04-08,80.48057556152344
2013-04-09,80.51036834716797
2013-04-10,80.17546081542969
2013-04-11,80.26471710205078
2013-04-12,80.7112808227539
2013-04-15,80.88990783691406
2013-04-16,80.65918731689453
2013-04-17,80.80807495117188
2013-04-18,80.85265350341797
2013-04-19,80.80807495117188
2013-04-22,80.85265350341797
2013-04-23,80.80055236816406
2013-04-24,80.83779907226562
2013-04-25,80.74848175048828
2013-04-26,81.03876495361328
2013-04-29,81.00894165039062
2013-04-30,80.99404907226562
2013-05-01,81.25859069824219
2013-05-02,81.25859069824219
2013-05-03,80.56559753417969
2013-05-06,80.46128845214844
2013-05-07,80.34957122802734
2013-05-08,80.4464111328125
2013-05-09,80.43151092529297
2013-05-10,79.97697448730469
2013-05-13,79.83538818359375
2013-05-14,79.51496887207031
2013-05-15,79.72364807128906
2013-05-16,80.1036376953125
2013-05-17,79.67145538330078
2013-05-20,79.61184692382812
2013-05-21,79.82048797607422
2013-05-22,79.18709564208984
2013-05-23,79.26909637451172
2013-05-24,79.29888916015625
2013-05-28,78.36743927001953
2013-05-29,78.6878433227539
2013-05-30,78.69527435302734
2013-05-31,78.47921752929688
2013-06-03,78.59263610839844
2013-06-04,78.3911361694336
2013-06-05,78.77172088623047
2013-06-06,78.86871337890625
2013-06-07,78.25686645507812
2013-06-10,78.06283569335938
2013-06-11,78.25686645507812
2013-06-12,77.90612030029297
2013-06-13,78.49561309814453
2013-06-14,78.60009002685547
2013-06-17,78.41357421875
2013-06-18,78.36878967285156
2013-06-19,77.29434967041016
2013-06-20,76.94363403320312
2013-06-21,76.13031768798828
2013-06-24,75.9437255859375
2013-06-25,75.85423278808594
2013-06-26,76.16014862060547
2013-06-27,76.57054901123047
2013-06-28,76.48104095458984
2013-07-01,76.51013946533203
2013-07-02,76.53998565673828
2013-07-03,76.39057159423828
2013-07-05,75.10542297363281
2013-07-08,75.54630279541016
2013-07-09,75.67332458496094
2013-07-10,75.40433502197266
2013-07-11,76.15894317626953
2013-07-12,76.09918212890625
2013-07-15,76.33826446533203
2013-07-16,76.37564086914062
2013-07-17,76.71186065673828
2013-07-18,76.35324096679688
2013-07-19,76.7716064453125
2013-07-22,76.76417541503906
2013-07-23,76.6745376586914
2013-07-24,76.15894317626953
2013-07-25,76.2710189819336
2013-07-26,76.33826446533203
2013-07-29,76.1813735961914
2013-07-30,76.15894317626953
2013-07-31,76.21125793457031
2013-08-01,75.53861999511719
2013-08-02,76.18213653564453
2013-08-05,75.9426498413086
2013-08-06,75.96512603759766
2013-08-07,76.241943359375
2013-08-08,76.35420227050781
2013-08-09,76.40656280517578
2013-08-12,76.25691223144531
2013-08-13,75.56857299804688
2013-08-14,75.63591766357422
2013-08-15,75.21693420410156
2013-08-16,74.92506408691406
2013-08-19,74.6033706665039
2013-08-20,75.00741577148438
2013-08-21,74.53606414794922
2013-08-22,74.50614166259766
2013-08-23,74.92506408691406
2013-08-26,75.07473754882812
2013-08-27,75.50122833251953
2013-08-28,75.19444274902344
2013-08-29,75.26927185058594
2013-08-30,75.12715148925781
2013-09-03,74.70073699951172
2013-09-04,74.45349884033203
2013-09-05,73.88394927978516
2013-09-06,74.33356475830078
2013-09-09,74.48343658447266
2013-09-10,74.13875579833984
2013-09-11,74.513427734375
2013-09-12,74.52092742919922
2013-09-13,74.61835479736328
2013-09-16,74.78316497802734
2013-09-17,74.93304443359375
2013-09-18,75.86216735839844
2013-09-19,75.5999526977539
2013-09-20,75.6749038696289
2013-09-23,75.95962524414062
2013-09-24,76.23692321777344
2013-09-25,76.44670104980469
2013-09-26,76.28185272216797
2013-09-27,76.38680267333984
2013-09-30,76.5141372680664
2013-10-01,76.3437728881836
2013-10-02,76.47135925292969
2013-10-03,76.57644653320312
2013-10-04,76.3663101196289
2013-10-07,76.433837890625
2013-10-08,76.39630126953125
2013-10-09,76.2612533569336
2013-10-10,76.09614562988281
2013-10-11,76.20869445800781
2013-10-14,75.95355987548828
2013-10-15,75.96855926513672
2013-10-16,76.33628845214844
2013-10-17,76.77152252197266
2013-10-18,76.779052734375
2013-10-21,76.72650909423828
2013-10-22,77.25931549072266
2013-10-23,77.39437866210938
2013-10-24,77.2367935180664
2013-10-25,77.37191772460938
2013-10-28,77.2968978881836
2013-10-29,77.40190124511719
2013-10-30,77.19926452636719
2013-10-31,77.10924530029297
2013-11-01,76.68157196044922
2013-11-04,76.8318862915039
2013-11-05,76.48614501953125
2013-11-06,76.71914672851562
2013-11-07,76.92206573486328
2013-11-08,76.05767059326172
2013-11-11,76.0201416015625
2013-11-12,75.95248413085938
2013-11-13,76.2681655883789
2013-11-14,76.63650512695312
2013-11-15,76.57633209228516
2013-11-18,76.84693145751953
2013-11-19,76.56128692626953
2013-11-20,76.14039611816406
2013-11-21,76.20802307128906
2013-11-22,76.42603302001953
2013-11-25,76.48614501953125
2013-11-26,76.6514892578125
2013-11-27,76.47865295410156
2013-11-29,76.43350219726562
2013-12-02,76.1053237915039
2013-12-03,76.24077606201172
2013-12-04,75.89446258544922
2013-12-05,75.70626831054688
2013-12-06,75.77396392822266
2013-12-09,75.86438751220703
2013-12-10,76.1805648803711
2013-12-11,75.88693237304688
2013-12-12,75.66861724853516
2013-12-13,75.7815933227539
2013-12-16,75.74392700195312
2013-12-17,75.98479461669922
2013-12-18,75.69869995117188
2013-12-19,75.38253021240234
2013-12-20,75.61593627929688
2013-12-23,75.37500762939453
2013-12-24,75.08143615722656
2013-12-26,75.01655578613281
2013-12-27,74.9713134765625
2013-12-30,75.17488098144531
2013-12-31,74.83560943603516
2014-01-02,75.12967681884766
2014-01-03,75.08440399169922
2014-01-06,75.29557037353516
2014-01-07,75.416259765625
2014-01-08,75.04676055908203
2014-01-09,75.24278259277344
2014-01-10,75.87628936767578
2014-01-13,76.09490966796875
2014-01-14,75.80833435058594
2014-01-15,75.74052429199219
2014-01-16,75.95162963867188
2014-01-17,76.13262176513672
2014-01-21,76.04963684082031
2014-01-22,75.83850860595703
2014-01-23,76.351318359375
2014-01-24,76.66047668457031
2014-01-27,76.42671966552734
2014-01-28,76.53982543945312
2014-01-29,76.9017562866211
2014-01-30,76.82637023925781
2014-01-31,77.12800598144531
2014-02-03,77.5472412109375
2014-02-04,77.31306457519531
2014-02-05,77.03359985351562
2014-02-06,76.8900375366211
2014-02-07,77.09404754638672
2014-02-10,77.13177490234375
2014-02-11,76.79187774658203
2014-02-12,76.61055755615234
2014-02-13,76.97315216064453
2014-02-14,76.9202880859375
2014-02-18,77.10912322998047
2014-02-19,76.95799255371094
2014-02-20,76.875
2014-02-21,76.97315216064453
2014-02-24,76.89759826660156
2014-02-25,77.16197967529297
2014-02-26,77.38859558105469
2014-02-27,77.47925567626953
2014-02-28,77.40373992919922
2014-03-03,77.78661346435547
2014-03-04,77.18880462646484
2014-03-05,77.2720718383789
2014-03-06,76.93917846679688
2014-03-07,76.60627746582031
2014-03-10,76.689453125
2014-03-11,76.76514434814453
2014-03-12,77.06781768798828
2014-03-13,77.5217514038086
2014-03-14,77.52930450439453
2014-03-17,77.2191162109375
2014-03-18,77.40827178955078
2014-03-19,76.689453125
2014-03-20,76.70462036132812
2014-03-21,76.8484115600586
2014-03-24,76.87867736816406
2014-03-25,76.833251953125
2014-03-26,77.15857696533203
2014-03-27,77.2342300415039
2014-03-28,76.96188354492188
2014-03-31,76.96943664550781
2014-04-01,76.81021881103516
2014-04-02,76.47673034667969
2014-04-03,76.52978515625
2014-04-04,76.99976348876953
2014-04-07,77.18165588378906
2014-04-08,77.28780364990234
2014-04-09,77.26509857177734
2014-04-10,77.59100341796875
2014-04-11,77.75018310546875
2014-04-14,77.62887573242188
2014-04-15,77.71985626220703
2014-04-16,77.59857177734375
2014-04-17,77.158935546875
2014-04-21,77.14378356933594
2014-04-22,77.11345672607422
2014-04-23,77.310546875
2014-04-24,77.28780364990234
2014-04-25,77.39392852783203
2014-04-28,77.28028869628906
2014-04-29,77.34843444824219
2014-04-30,77.55313873291016
2014-05-01,77.77640533447266
2014-05-02,77.89029693603516
2014-05-05,77.84474182128906
2014-05-06,77.9358901977539
2014-05-07,77.99659729003906
2014-05-08,78.08018493652344
2014-05-09,78.01945495605469
2014-05-12,77.81434631347656
2014-05-13,78.1181411743164
2014-05-14,78.47509002685547
2014-05-15,78.756103515625
2014-05-16,78.58898162841797
2014-05-19,78.49026489257812
2014-05-20,78.71808624267578
2014-05-21,78.59660339355469
2014-05-22,78.51304626464844
2014-05-23,78.67255401611328
2014-05-27,78.69539642333984
2014-05-28,79.12825012207031
2014-05-29,79.02949523925781
2014-05-30,78.96878051757812
2014-06-02,78.60741424560547
2014-06-03,78.2118148803711
2014-06-04,78.15097045898438
2014-06-05,78.26506042480469
2014-06-06,78.20418548583984
2014-06-09,78.09008026123047
2014-06-10,77.95313262939453
2014-06-11,78.05964660644531
2014-06-12,78.36396789550781
2014-06-13,78.2118148803711
2014-06-16,78.2118148803711
2014-06-17,77.88472747802734
2014-06-18,78.29548645019531
2014-06-19,78.09769439697266
2014-06-20,78.18900299072266
2014-06-23,78.13572692871094
2014-06-24,78.45524597167969
2014-06-25,78.53125762939453
2014-06-26,78.73670959472656
2014-06-27,78.73670959472656
2014-06-30,78.79754638671875
2014-07-01,78.53997802734375
2014-07-02,78.21983337402344
2014-07-03,78.05982971191406
2014-07-07,78.25033569335938
2014-07-08,78.60848999023438
2014-07-09,78.62380981445312
2014-07-10,78.79143524169922
2014-07-11,78.92105865478516
2014-07-14,78.74577331542969
2014-07-15,78.67716217041016
2014-07-16,78.79143524169922
2014-07-17,79.24874877929688
2014-07-18,79.0887451171875
2014-07-21,79.11160278320312
2014-07-22,79.21063995361328
2014-07-23,79.20305633544922
2014-07-24,78.88286590576172
2014-07-25,79.18782043457031
2014-07-28,79.0963363647461
2014-07-29,79.20305633544922
2014-07-30,78.64666748046875
2014-07-31,78.62380981445312
2014-08-01,79.08655548095703
2014-08-04,79.13235473632812
2014-08-05,79.17054748535156
2014-08-06,79.2392807006836
2014-08-07,79.59817504882812
2014-08-08,79.52941131591797
2014-08-11,79.49125671386719
2014-08-12,79.37671661376953
2014-08-13,79.63632202148438
2014-08-14,79.79669952392578
2014-08-15,80.11741638183594
2014-08-18,79.86543273925781
2014-08-19,79.7813949584961
2014-08-20,79.54470825195312
2014-08-21,79.71276092529297
2014-08-22,79.7203369140625
2014-08-25,79.7813949584961
2014-08-26,79.76615905761719
2014-08-27,79.98762512207031
2014-08-28,80.09449768066406
2014-08-29,80.1021499633789
2014-09-02,79.59041595458984
2014-09-03,79.70514678955078
2014-09-04,79.422119140625
2014-09-05,79.4450454711914
2014-09-08,79.36097717285156
2014-09-09,79.1773681640625
2014-09-10,78.97847747802734
2014-09-11,78.87899780273438
2014-09-12,78.5807113647461
2014-09-15,78.72602844238281
2014-09-16,78.70306396484375
2014-09-17,78.50422668457031
2014-09-18,78.45065307617188
2014-09-19,78.74894714355469
2014-09-22,78.91724395751953
2014-09-23,79.08555603027344
2014-09-24,78.8637466430664
2014-09-25,79.24617004394531
2014-09-26,79.0779037475586
2014-09-29,79.33029174804688
2014-09-30,79.26150512695312
2014-10-01,79.92742156982422
2014-10-02,79.68987274169922
2014-10-03,79.66688537597656
2014-10-06,79.79714965820312
2014-10-07,80.26461791992188
2014-10-08,80.54818725585938
2014-10-09,80.41022491455078
2014-10-10,80.72438049316406
2014-10-13,81.1458969116211
2014-10-14,81.3067855834961
2014-10-15,81.76657104492188
2014-10-16,81.54436492919922
2014-10-17,81.3067855834961
2014-10-20,81.42171478271484
2014-10-21,81.19954681396484
2014-10-22,81.1765365600586
2014-10-23,80.83932495117188
2014-10-24,80.9083251953125
2014-10-27,80.99262237548828
2014-10-28,80.79337310791016
2014-10-29,80.5251693725586
2014-10-30,80.60941314697266
2014-10-31,80.47918701171875
2014-11-03,80.44921875
2014-11-04,80.44155883789062
2014-11-05,80.4645767211914
2014-11-06,80.21897888183594
2014-11-07,80.73322296142578
2014-11-10,80.40315246582031
2014-11-11,80.41081237792969
2014-11-12,80.3801040649414
2014-11-13,80.51060485839844
2014-11-14,80.67952728271484
2014-11-17,80.5874252319336
2014-11-18,80.67952728271484
2014-11-19,80.4645767211914
2014-11-20,80.6104736328125
2014-11-21,80.7716293334961
2014-11-24,80.86378479003906
2014-11-25,81.06333923339844
2014-11-26,81.20155334472656
2014-11-28,81.5162582397461
2014-12-01,81.31632995605469
2014-12-02,80.95491027832031
2014-12-03,80.98565673828125
2014-12-04,81.27021789550781
2014-12-05,80.8165283203125
2014-12-08,81.08563995361328
2014-12-09,81.38555145263672
2014-12-10,81.75469970703125
2014-12-11,81.61624908447266
2014-12-12,82.28520965576172
2014-12-15,81.98533630371094
2014-12-16,82.40055084228516
2014-12-17,81.83150482177734
2014-12-18,81.37014770507812
2014-12-19,81.67005157470703
2014-12-22,81.67005157470703
2014-12-23,80.99334716796875
2014-12-24,81.0519027709961
2014-12-26,81.15971374511719
2014-12-29,81.43694305419922
2014-12-30,81.52938842773438
2014-12-31,81.62177276611328
2015-01-02,82.03760528564453
2015-01-05,82.5382080078125
2015-01-06,83.09264373779297
2015-01-07,83.07723236083984
2015-01-08,82.73839569091797
2015-01-09,83.14652252197266
2015-01-12,83.43917846679688
2015-01-13,83.51615905761719
2015-01-14,83.90119934082031
2015-01-15,84.61744689941406
2015-01-16,83.99366760253906
2015-01-20,84.1861801147461
2015-01-21,83.78572082519531
2015-01-22,83.5777587890625
2015-01-23,84.12454223632812
2015-01-26,83.93204498291016
2015-01-27,84.04756164550781
2015-01-28,84.69438171386719
2015-01-29,84.39405822753906
2015-01-30,85.13336181640625
2015-02-02,85.02692413330078
2015-02-03,84.30953216552734
2015-02-04,84.44841766357422
2015-02-05,84.13988494873047
2015-02-06,83.19882202148438
2015-02-09,83.16024780273438
2015-02-10,82.95194244384766
2015-02-11,82.92113494873047
2015-02-12,82.95194244384766
2015-02-13,82.6742935180664
2015-02-17,82.08802032470703
2015-02-18,82.4814224243164
2015-02-19,82.27323913574219
2015-02-20,82.22693634033203
2015-02-23,82.60491943359375
2015-02-24,83.15254974365234
2015-02-25,83.22964477539062
2015-02-26,82.73597717285156
2015-02-27,83.02912902832031
2015-03-02,82.4110336303711
2015-03-03,82.23334503173828
2015-03-04,82.29515075683594
2015-03-05,82.34149169921875
2015-03-06,81.49939727783203
2015-03-09,81.87799072265625
2015-03-10,82.22567749023438
2015-03-11,82.3724365234375
2015-03-12,82.44970703125
2015-03-13,82.3260726928711
2015-03-16,82.61190032958984
2015-03-17,82.78187561035156
2015-03-18,83.73216247558594
2015-03-19,83.33811950683594
2015-03-20,83.67808532714844
2015-03-23,83.7862319946289
2015-03-24,84.0411605834961
2015-03-25,83.67808532714844
2015-03-26,83.20680236816406
2015-03-27,83.5312728881836
2015-03-30,83.5235824584961
2015-03-31,83.73987579345703
2015-04-01,84.13845825195312
2015-04-02,83.89852142333984
2015-04-06,84.00684356689453
2015-04-07,84.0765151977539
2015-04-08,83.99906921386719
2015-04-09,83.65864562988281
2015-04-10,83.63543701171875
2015-04-13,83.80569458007812
2015-04-14,84.05329132080078
2015-04-15,84.09969329833984
2015-04-16,84.1615982055664
2015-04-17,84.33187103271484
2015-04-20,84.17705535888672
2015-04-21,83.99906921386719
2015-04-22,83.51156616210938
2015-04-23,83.76699829101562
2015-04-24,84.06101989746094
2015-04-27,83.92943572998047
2015-04-28,83.54254913330078
2015-04-29,83.2330093383789
2015-04-30,83.20983123779297
2015-05-01,82.75487518310547
2015-05-04,82.58439636230469
2015-05-05,82.44487762451172
2015-05-06,82.04186248779297
2015-05-07,82.39059448242188
2015-05-08,82.70842742919922
2015-05-11,81.89461517333984
2015-05-12,81.95664978027344
2015-05-13,81.84814453125
2015-05-14,82.12712097167969
2015-05-15,82.7161636352539
2015-05-18,82.15816497802734
2015-05-19,81.79387664794922
2015-05-20,81.97212982177734
2015-05-21,82.46038818359375
2015-05-22,82.27436828613281
2015-05-26,82.7858657836914
2015-05-27,82.73936462402344
2015-05-28,82.8168716430664
2015-05-29,82.86338806152344
2015-06-01,82.497802734375
2015-06-02,81.92332458496094
2015-06-03,81.22474670410156
2015-06-04,81.6206283569336
2015-06-05,81.03070068359375
2015-06-08,81.1470947265625
2015-06-09,80.8832015991211
2015-06-10,80.57270812988281
2015-06-11,81.20927429199219
2015-06-12,81.16267395019531
2015-06-15,81.35672760009766
2015-06-16,81.66725158691406
2015-06-17,81.71378326416016
2015-06-18,81.65171813964844
2015-06-19,82.08634948730469
2015-06-22,81.39554595947266
2015-06-23,81.1470947265625
2015-06-24,81.38776397705078
2015-06-25,81.18592071533203
2015-06-26,80.79784393310547
2015-06-29,81.7370834350586
2015-06-30,81.5119400024414
2015-07-01,81.08589935302734
2015-07-02,81.37357330322266
2015-07-06,81.94888305664062
2015-07-07,82.16655731201172
2015-07-08,82.4930419921875
2015-07-09,81.91780090332031
2015-07-10,81.35025787353516
2015-07-13,81.13253784179688
2015-07-14,81.38914489746094
2015-07-15,81.70010375976562
2015-07-16,81.66897583007812
2015-07-17,81.67676544189453
2015-07-20,81.51351928710938
2015-07-21,81.7389907836914
2015-07-22,81.84005737304688
2015-07-23,82.17432403564453
2015-07-24,82.25209045410156
2015-07-27,82.52420043945312
2015-07-28,82.29096221923828
2015-07-29,82.17432403564453
2015-07-30,82.26764678955078
2015-07-31,82.74966430664062
2015-08-03,83.00190734863281
2015-08-04,82.57365417480469
2015-08-05,82.25440216064453
2015-08-06,82.54252624511719
2015-08-07,82.86953735351562
2015-08-10,82.52690124511719
2015-08-11,83.07198333740234
2015-08-12,83.04081726074219
2015-08-13,82.82283020019531
2015-08-14,82.73719024658203
2015-08-17,82.8851089477539
2015-08-18,82.75276184082031
2015-08-19,83.25885009765625
2015-08-20,83.48464965820312
2015-08-21,83.8194808959961
2015-08-24,83.95960998535156
2015-08-25,83.50023651123047
2015-08-26,82.98634338378906
2015-08-27,82.9395980834961
2015-08-28,82.9551773071289
2015-08-31,82.81500244140625
2015-09-01,83.18705749511719
2015-09-02,82.96088409423828
2015-09-03,83.16363525390625
2015-09-04,83.42096710205078
2015-09-08,83.05447387695312
2015-09-09,83.08563995361328
2015-09-10,82.89848327636719
2015-09-11,83.11685943603516
2015-09-14,83.19483184814453
2015-09-15,82.53972625732422
2015-09-16,82.51634979248047
2015-09-17,83.20258331298828
2015-09-18,83.59259033203125
2015-09-21,83.11685943603516
2015-09-22,83.53021240234375
2015-09-23,83.43659210205078
2015-09-24,83.5613784790039
2015-09-25,83.34300231933594
2015-09-28,83.8187255859375
2015-09-29,84.10725402832031
2015-09-30,84.1228256225586
2015-10-01,84.1884536743164
2015-10-02,84.59461975097656
2015-10-05,84.1259536743164
2015-10-06,84.29783630371094
2015-10-07,84.08695220947266
2015-10-08,83.86824798583984
2015-10-09,83.91511535644531
2015-10-12,84.19625854492188
2015-10-13,84.27433776855469
2015-10-14,84.73517608642578
2015-10-15,84.44622039794922
2015-10-16,84.37591552734375
2015-10-19,84.33688354492188
2015-10-20,84.0478515625
2015-10-21,84.33688354492188
2015-10-22,84.42277526855469
2015-10-23,83.94634246826172
2015-10-26,84.16502380371094
2015-10-27,84.37591552734375
2015-10-28,83.93851470947266
2015-10-29,83.42304229736328
2015-10-30,83.58706665039062
2015-11-02,83.34693908691406
2015-11-03,83.12789154052734
2015-11-04,83.0418701171875
2015-11-05,82.9870376586914
2015-11-06,82.42390441894531
2015-11-09,82.2830810546875
2015-11-10,82.43952941894531
2015-11-11,82.400390625
2015-11-12,82.44734954833984
2015-11-13,82.76020050048828
2015-11-16,82.86980438232422
2015-11-17,82.84630584716797
2015-11-18,82.80717468261719
2015-11-19,82.9870376586914
2015-11-20,82.87759399414062
2015-11-23,82.9870376586914
2015-11-24,83.06531524658203
2015-11-25,83.11227416992188
2015-11-27,83.19831085205078
2015-11-30,83.22956848144531
2015-12-01,83.67221069335938
2015-12-02,83.43717956542969
2015-12-03,82.55973052978516
2015-12-04,82.86527252197266
2015-12-07,83.13166046142578
2015-12-08,83.17868041992188
2015-12-09,83.30400085449219
2015-12-10,83.12380981445312
2015-12-11,83.78974151611328
2015-12-14,83.17082214355469
2015-12-15,82.95928955078125
2015-12-16,82.73991394042969
2015-12-17,83.08465576171875
2015-12-18,83.38233947753906
2015-12-21,83.4215316772461
2015-12-22,83.18653106689453
2015-12-23,82.99853515625
2015-12-24,83.15070343017578
2015-12-28,83.16641998291016
2015-12-29,82.72696685791016
2015-12-30,82.75831604003906
2015-12-31,82.85248565673828
2016-01-04,83.20563507080078
2016-01-05,83.18207550048828
2016-01-06,83.68419647216797
2016-01-07,83.86473846435547
2016-01-08,84.07656860351562
2016-01-11,83.80979919433594
2016-01-12,84.18645477294922
2016-01-13,84.51597595214844
2016-01-14,84.34334564208984
2016-01-15,84.7356948852539
2016-01-19,84.62581634521484
2016-01-20,85.04170989990234
2016-01-21,84.82986450195312
2016-01-22,84.64154052734375
2016-01-25,84.924072265625
2016-01-26,84.98680877685547
2016-01-27,85.04949951171875
2016-01-28,85.159423828125
2016-01-29,85.61448669433594
2016-02-01,85.41727447509766
2016-02-02,86.02233123779297
2016-02-03,85.92804718017578
2016-02-04,86.13239288330078
2016-02-05,86.24239349365234
2016-02-08,86.88673400878906
2016-02-09,86.90243530273438
2016-02-10,87.1617431640625
2016-02-11,87.56253051757812
2016-02-12,86.8945541381836
2016-02-16,86.63531494140625
2016-02-17,86.42308807373047
2016-02-18,86.8238754272461
2016-02-19,86.8238754272461
2016-02-22,86.7374496459961
2016-02-23,86.91028594970703
2016-02-24,86.91028594970703
2016-02-25,87.16960144042969
2016-02-26,86.74530792236328
2016-02-29,86.88673400878906
2016-03-01,86.20765686035156
2016-03-02,86.05814361572266
2016-03-03,86.160400390625
2016-03-04,85.8692626953125
2016-03-07,85.69611358642578
2016-03-08,86.19194793701172
2016-03-09,85.85353088378906
2016-03-10,85.546630859375
2016-03-11,85.30268859863281
2016-03-14,85.3656234741211
2016-03-15,85.34988403320312
2016-03-16,85.7984619140625
2016-03-17,85.892822265625
2016-03-18,86.04237365722656
2016-03-21,85.7984619140625
2016-03-22,85.61741638183594
2016-03-23,86.01089477539062
2016-03-24,85.92435455322266
2016-03-28,86.05029296875
2016-03-29,86.6325454711914
2016-03-30,86.51451110839844
2016-03-31,86.82930755615234
2016-04-01,86.80408477783203
2016-04-04,86.90653991699219
2016-04-05,87.2533187866211
2016-04-06,87.06419372558594
2016-04-07,87.5134048461914
2016-04-08,87.37943267822266
2016-04-11,87.36363983154297
2016-04-12,87.0168685913086
2016-04-13,87.07994842529297
2016-04-14,86.87500762939453
2016-04-15,87.13510131835938
2016-04-18,87.04838562011719
2016-04-19,86.90653991699219
2016-04-20,86.46520233154297
2016-04-21,86.32331848144531
2016-04-22,86.2287826538086
2016-04-25,86.13417053222656
2016-04-26,85.95294189453125
2016-04-27,86.42581176757812
2016-04-28,86.72527313232422
2016-04-29,86.69375610351562
2016-05-02,86.44197082519531
2016-05-03,86.95503234863281
2016-05-04,87.11286926269531
2016-05-05,87.34963989257812
2016-05-06,87.14442443847656
2016-05-09,87.31017303466797
2016-05-10,87.29438018798828
2016-05-11,87.42857360839844
2016-05-12,87.19180297851562
2016-05-13,87.52330017089844
2016-05-16,87.20758056640625
2016-05-17,87.08917999267578
2016-05-18,86.38672637939453
2016-05-19,86.47351837158203
2016-05-20,86.52876281738281
2016-05-23,86.58403015136719
2016-05-24,86.44197082519531
2016-05-25,86.40251922607422
2016-05-26,86.67086791992188
2016-05-27,86.50509643554688
2016-05-31,86.60771942138672
2016-06-01,86.57849884033203
2016-06-02,86.84720611572266
2016-06-03,87.6534652709961
2016-06-06,87.42424774169922
2016-06-07,87.55072784423828
2016-06-08,87.6534652709961
2016-06-09,87.78782653808594
2016-06-10,88.09615325927734
2016-06-13,88.27001190185547
2016-06-14,88.24630737304688
2016-06-15,88.51508331298828
2016-06-16,88.60993957519531
2016-06-17,88.30958557128906
2016-06-20,87.93016052246094
2016-06-21,87.73251342773438
2016-06-22,87.90644836425781
2016-06-23,87.48748016357422
2016-06-24,88.69689178466797
2016-06-27,89.46359252929688
2016-06-28,89.44782257080078
2016-06-29,89.08422088623047
2016-06-30,89.28177642822266
2016-07-01,89.5177230834961
2016-07-05,90.00845336914062
2016-07-06,90.02433776855469
2016-07-07,89.90555572509766
2016-07-08,90.07971954345703
2016-07-11,89.60476684570312
2016-07-12,89.07444763183594
2016-07-13,89.30397033691406
2016-07-14,88.93197631835938
2016-07-15,88.59159851074219
2016-07-18,88.56782531738281
2016-07-19,88.80528259277344
2016-07-20,88.62326049804688
2016-07-21,88.82111358642578
2016-07-22,88.7499008178711
2016-07-25,88.67860412597656
2016-07-26,88.73404693603516
2016-07-27,89.11397552490234
2016-07-28,89.16148376464844
2016-07-29,89.50186157226562
2016-08-01,89.19112396240234
2016-08-02,88.97713470458984
2016-08-03,89.02468872070312
2016-08-04,89.23868560791016
2016-08-05,88.68379974365234
2016-08-08,88.63628387451172
2016-08-09,88.953369140625
2016-08-10,89.19112396240234
2016-08-11,88.76309967041016
2016-08-12,89.0801773071289
2016-08-15,88.8185806274414
2016-08-16,88.66799926757812
2016-08-17,88.81066131591797
2016-08-18,88.96920013427734
2016-08-19,88.66799926757812
2016-08-22,88.86614227294922
2016-08-23,88.85820770263672
2016-08-24,88.82649230957031
2016-08-25,88.68379974365234
2016-08-26,88.34296417236328
2016-08-29,88.70761108398438
2016-08-30,88.69971466064453
2016-08-31,88.59664916992188
2016-09-01,88.73555755615234
2016-09-02,88.50534057617188
2016-09-06,88.91810607910156
2016-09-07,88.9657211303711
2016-09-08,88.52920532226562
2016-09-09,88.10848999023438
2016-09-12,88.18787384033203
2016-09-13,87.8624267578125
2016-09-14,88.06086730957031
2016-09-15,88.08467864990234
2016-09-16,88.17991638183594
2016-09-19,88.02910614013672
2016-09-20,88.16402435302734
2016-09-21,88.30691528320312
2016-09-22,88.56890106201172
2016-09-23,88.60851287841797
2016-09-26,88.86255645751953
2016-09-27,89.01337432861328
2016-09-28,88.9736557006836
2016-09-29,89.02922058105469
2016-09-30,88.80696868896484
2016-10-03,88.6003646850586
2016-10-04,88.19498443603516
2016-10-05,87.99624633789062
2016-10-06,87.81342315673828
2016-10-07,87.94062042236328
2016-10-10,87.71012878417969
2016-10-11,87.686279296875
2016-10-12,87.686279296875
2016-10-13,87.86905670166016
2016-10-14,87.59881591796875
2016-10-17,87.78960418701172
2016-10-18,87.9644775390625
2016-10-19,88.00420379638672
2016-10-20,87.92472839355469
2016-10-21,88.02008819580078
2016-10-24,87.90084075927734
2016-10-25,87.88500213623047
2016-10-26,87.69422149658203
2016-10-27,87.39218139648438
2016-10-28,87.40809631347656
2016-10-31,87.47967529296875
2016-11-01,87.48280334472656
2016-11-02,87.74544525146484
2016-11-03,87.68975830078125
2016-11-04,87.96040344238281
2016-11-07,87.59423065185547
2016-11-08,87.2838134765625
2016-11-09,85.95457458496094
2016-11-10,85.43719482421875
2016-11-11,85.2621078491211
2016-11-14,84.76860046386719
2016-11-15,84.76860046386719
2016-11-16,84.84822082519531
2016-11-17,84.4741439819336
2016-11-18,84.10002899169922
2016-11-21,84.17166900634766
2016-11-22,84.25121307373047
2016-11-23,83.94876098632812
2016-11-25,83.87718200683594
2016-11-28,84.25920867919922
2016-11-29,84.34681701660156
2016-11-30,83.78167724609375
2016-12-01,83.46202087402344
2016-12-02,83.83663940429688
2016-12-05,83.80480194091797
2016-12-06,83.83663940429688
2016-12-07,84.11560821533203
2016-12-08,83.79679870605469
2016-12-09,83.36638641357422
2016-12-12,83.38228607177734
2016-12-13,83.43013000488281
2016-12-14,82.73665618896484
2016-12-15,82.50554656982422
2016-12-16,82.6091079711914
2016-12-19,82.9917221069336
2016-12-20,82.81635284423828
2016-12-21,82.9518814086914
2016-12-22,82.91595458984375
2016-12-23,82.99579620361328
2016-12-27,82.87602996826172
2016-12-28,83.1794204711914
2016-12-29,83.43489837646484
2016-12-30,83.682373046875
2017-01-03,83.6424560546875
2017-01-04,83.73827362060547
2017-01-05,84.2811050415039
2017-01-06,83.89794158935547
2017-01-09,84.21727752685547
2017-01-10,84.17733001708984
2017-01-11,84.27313995361328
2017-01-12,84.321044921875
2017-01-13,84.13745880126953
2017-01-17,84.56058502197266
2017-01-18,83.96177673339844
2017-01-19,83.6424560546875
2017-01-20,83.682373046875
2017-01-23,84.12147521972656
2017-01-24,83.8021011352539
2017-01-25,83.386962890625
2017-01-26,83.49873352050781
2017-01-27,83.6025390625
2017-01-30,83.57856750488281
2017-01-31,83.8659896850586
2017-02-01,83.70526885986328
2017-02-02,83.73725891113281
2017-02-03,83.80123138427734
2017-02-06,84.20096588134766
2017-02-07,84.3529281616211
2017-02-08,84.69670104980469
2017-02-09,84.19298553466797
2017-02-10,84.13709259033203
2017-02-13,84.00907135009766
2017-02-14,83.70526885986328
2017-02-15,83.54534149169922
2017-02-16,83.8811264038086
2017-02-17,84.10507202148438
2017-02-21,84.0650634765625
2017-02-22,84.20096588134766
2017-02-23,84.42486572265625
2017-02-24,84.81665802001953
2017-02-27,84.5128402709961
2017-02-28,84.47284698486328
2017-03-01,83.88441467285156
2017-03-02,83.6441650390625
2017-03-03,83.7242660522461
2017-03-06,83.70822143554688
2017-03-07,83.58815002441406
2017-03-08,83.30792236328125
2017-03-09,83.07569122314453
2017-03-10,83.2518539428711
2017-03-13,83.04367065429688
2017-03-14,83.13174438476562
2017-03-15,83.8603515625
2017-03-16,83.62814331054688
2017-03-17,83.85237884521484
2017-03-20,84.05250549316406
2017-03-21,84.33271789550781
2017-03-22,84.49285888671875
2017-03-23,84.40477752685547
2017-03-24,84.45281982421875
2017-03-27,84.66098022460938
2017-03-28,84.37277221679688
2017-03-29,84.61298370361328
2017-03-30,84.37277221679688
2017-03-31,84.54086303710938
2017-04-03,84.95706939697266
2017-04-04,84.83676147460938
2017-04-05,84.99716186523438
2017-04-06,84.9410400390625
2017-04-07,84.68440246582031
2017-04-10,84.83676147460938
2017-04-11,85.22969055175781
2017-04-12,85.49434661865234
2017-04-13,85.75092315673828
2017-04-17,85.6146011352539
2017-04-18,86.103759765625
2017-04-19,85.87923431396484
2017-04-20,85.68677520751953
2017-04-21,85.72683715820312
2017-04-24,85.55045318603516
2017-04-25,85.10943603515625
2017-04-26,85.33394622802734
2017-04-27,85.39006042480469
2017-04-28,85.47827911376953
2017-05-01,85.29360961914062
2017-05-02,85.47026062011719
2017-05-03,85.29360961914062
2017-05-04,85.10084533691406
2017-05-05,85.11687469482422
2017-05-08,84.90805053710938
2017-05-09,84.81171417236328
2017-05-10,84.77960968017578
2017-05-11,84.84383392333984
2017-05-12,85.27752685546875
2017-05-15,85.2213363647461
2017-05-16,85.333740234375
2017-05-17,86.01632690429688
2017-05-18,85.99227142333984
2017-05-19,85.96813201904297
2017-05-22,85.87175750732422
2017-05-23,85.64688110351562
2017-05-24,85.82361602783203
2017-05-25,85.87175750732422
2017-05-26,85.92794799804688
2017-05-30,86.14482879638672
2017-05-31,86.18497467041016
2017-06-01,86.13993072509766
2017-06-02,86.5179672241211
2017-06-05,86.37316131591797
2017-06-06,86.64664459228516
2017-06-07,86.48579406738281
2017-06-08,86.34906768798828
2017-06-09,86.26861572265625
2017-06-12,86.25253295898438
2017-06-13,86.28471374511719
2017-06-14,86.73511505126953
2017-06-15,86.58231353759766
2017-06-16,86.63055419921875
2017-06-19,86.3892822265625
2017-06-20,86.6064224243164
2017-06-21,86.598388671875
2017-06-22,86.6788101196289
2017-06-23,86.70295715332031
2017-06-26,86.77532958984375
2017-06-27,86.34906768798828
2017-06-28,86.26861572265625
2017-06-29,85.94692993164062
2017-06-30,85.7458267211914
2017-07-03,85.43089294433594
2017-07-05,85.49533081054688
2017-07-06,85.33424377441406
2017-07-07,85.197265625
2017-07-10,85.3100814819336
2017-07-11,85.42279815673828
2017-07-12,85.67253112792969
2017-07-13,85.58392333984375
2017-07-14,85.70475769042969
2017-07-17,85.80948638916016
2017-07-18,86.12364196777344
2017-07-19,86.12364196777344
2017-07-20,86.14775848388672
2017-07-21,86.30081939697266
2017-07-24,86.24440002441406
2017-07-25,85.76115417480469
2017-07-26,86.03498840332031
2017-07-27,85.89806365966797
2017-07-28,86.04306030273438
2017-07-31,86.06723022460938
2017-08-01,86.28099060058594
2017-08-02,86.20032501220703
2017-08-03,86.49881744384766
2017-08-04,86.26483154296875
2017-08-07,86.31327056884766
2017-08-08,86.24069213867188
2017-08-09,86.34554290771484
2017-08-10,86.66826629638672
2017-08-11,86.7650375366211
2017-08-14,86.55528259277344
2017-08-15,86.29718017578125
2017-08-16,86.45848846435547
2017-08-17,86.7650375366211
2017-08-18,86.78118133544922
2017-08-21,86.8376693725586
2017-08-22,86.66826629638672
2017-08-23,86.96674346923828
2017-08-24,86.82958221435547
2017-08-25,86.97481536865234
2017-08-28,87.05548095703125
2017-08-29,87.25714874267578
2017-08-30,87.18457794189453
2017-08-31,87.32168579101562
2017-09-01,87.06473541259766
2017-09-05,87.67074584960938
2017-09-06,87.46067810058594
2017-09-07,87.84041595458984
2017-09-08,87.77578735351562
2017-09-11,87.27482604980469
2017-09-12,87.06473541259766
2017-09-13,86.88702392578125
2017-09-14,86.90320587158203
2017-09-15,87.00824737548828
2017-09-18,86.66891479492188
2017-09-19,86.57196807861328
2017-09-20,86.40230560302734
2017-09-21,86.28914642333984
2017-09-22,86.44265747070312
2017-09-25,86.70120239257812
2017-09-26,86.6284408569336
2017-09-27,86.18412780761719
2017-09-28,86.16796112060547
2017-09-29,86.06295013427734
2017-10-02,85.96502685546875
2017-10-03,86.08641815185547
2017-10-04,86.0621109008789
2017-10-05,85.97309875488281
2017-10-06,85.86791229248047
2017-10-09,85.96502685546875
2017-10-10,85.99736785888672
2017-10-11,86.09449005126953
2017-10-12,86.17538452148438
2017-10-13,86.46669006347656
2017-10-16,86.32106018066406
2017-10-17,86.28868865966797
2017-10-18,86.07022857666016
2017-10-19,86.15923309326172
2017-10-20,85.80321502685547
2017-10-23,85.88409423828125
2017-10-24,85.62518310546875
2017-10-25,85.48761749267578
2017-10-26,85.3742904663086
2017-10-27,85.64942932128906
2017-10-30,85.95690155029297
2017-10-31,85.90026092529297
2017-11-01,85.9521484375
2017-11-02,86.06561279296875
2017-11-03,86.20340728759766
2017-11-06,86.3087158203125
2017-11-07,86.3411865234375
2017-11-08,86.23583221435547
2017-11-09,86.20340728759766
2017-11-10,85.76579284667969
2017-11-13,85.72525024414062
2017-11-14,85.8467788696289
2017-11-15,86.15477752685547
2017-11-16,85.93596649169922
2017-11-17,86.04942321777344
2017-11-20,85.91162872314453
2017-11-21,85.9278564453125
2017-11-22,86.20340728759766
2017-11-24,86.13043212890625
2017-11-27,86.18717193603516
2017-11-28,86.20340728759766
2017-11-29,85.9278564453125
2017-11-30,85.660400390625
2017-12-01,85.97693634033203
2017-12-04,85.93636322021484
2017-12-05,86.00129699707031
2017-12-06,86.17987060546875
2017-12-07,86.02561950683594
2017-12-08,85.96072387695312
2017-12-11,85.90392303466797
2017-12-12,85.83084106445312
2017-12-13,86.17987060546875
2017-12-14,86.14737701416016
2017-12-15,86.13114166259766
2017-12-18,85.93636322021484
2017-12-19,85.54676818847656
2017-12-20,85.29515075683594
2017-12-21,85.35533905029297
2017-12-22,85.38785552978516
2017-12-26,85.42034149169922
2017-12-27,85.78620910644531
2017-12-28,85.68041229248047
2017-12-29,85.81866455078125
2018-01-02,85.53414154052734
2018-01-03,85.62359619140625
2018-01-04,85.58292388916016
2018-01-05,85.47723388671875
2018-01-08,85.43658447265625
2018-01-09,85.03015899658203
2018-01-10,85.0057601928711
2018-01-11,85.06267547607422
2018-01-12,85.0057601928711
2018-01-16,85.04642486572266
2018-01-17,84.85942077636719
2018-01-18,84.5911865234375
2018-01-19,84.3717269897461
2018-01-22,84.33917999267578
2018-01-23,84.58304595947266
2018-01-24,84.42047119140625
2018-01-25,84.60740661621094
2018-01-26,84.3554458618164
2018-01-29,84.14412689208984
2018-01-30,83.94895935058594
2018-01-31,83.9733657836914
2018-02-01,83.5401840209961
2018-02-02,83.23079681396484
2018-02-05,83.91476440429688
2018-02-06,83.54837036132812
2018-02-07,83.30410766601562
2018-02-08,83.37735748291016
2018-02-09,83.23079681396484
2018-02-12,83.20638275146484
2018-02-13,83.34480285644531
2018-02-14,82.8399429321289
2018-02-15,82.86438751220703
2018-02-16,83.05979919433594
2018-02-20,82.97023010253906
2018-02-21,82.72599029541016
2018-02-22,82.8399429321289
2018-02-23,83.15746307373047
2018-02-26,83.25520324707031
2018-02-27,82.99466705322266
2018-02-28,83.19003295898438
2018-03-01,83.5480728149414
2018-03-02,83.23820495605469
2018-03-05,83.13219451904297
2018-03-06,83.12403106689453
2018-03-07,83.12403106689453
2018-03-08,83.29528045654297
2018-03-09,83.1158676147461
2018-03-12,83.31159973144531
2018-03-13,83.45022583007812
2018-03-14,83.61333465576172
2018-03-15,83.58070373535156
2018-03-16,83.48284149169922
2018-03-19,83.4013442993164
2018-03-20,83.23820495605469
2018-03-21,83.29528045654297
2018-03-22,83.6378173828125
2018-03-23,83.75193786621094
2018-03-26,83.52365112304688
2018-03-27,83.99662017822266
2018-03-28,83.98028564453125
2018-03-29,84.15157318115234
2018-04-02,84.23731231689453
2018-04-03,83.96772766113281
2018-04-04,83.91875457763672
2018-04-05,83.70632934570312
2018-04-06,84.07392120361328
2018-04-09,84.09030151367188
2018-04-10,83.94326782226562
2018-04-11,84.02493286132812
2018-04-12,83.72268676757812
2018-04-13,83.79621887207031
2018-04-16,83.75537872314453
2018-04-17,83.80438232421875
2018-04-18,83.4776382446289
2018-04-19,83.24889373779297
2018-04-20,82.97110748291016
2018-04-23,82.88949584960938
2018-04-24,82.79144287109375
2018-04-25,82.61174011230469
2018-04-26,82.84862518310547
2018-04-27,82.98747253417969
2018-04-30,83.07732391357422
2018-05-01,82.94722747802734
2018-05-02,82.96360778808594
2018-05-03,83.17636108398438
2018-05-04,83.1845932006836
2018-05-07,83.14363098144531
2018-05-08,83.00448608398438
2018-05-09,82.8162841796875
2018-05-10,82.98815155029297
2018-05-11,82.996337890625
2018-05-14,82.8162841796875
2018-05-15,82.3579330444336
2018-05-16,82.18611145019531
2018-05-17,82.13700103759766
2018-05-18,82.45613861083984
2018-05-21,82.51342010498047
2018-05-22,82.48074340820312
2018-05-23,82.85718536376953
2018-05-24,83.06996154785156
2018-05-25,83.3973388671875
2018-05-29,84.29763793945312
2018-05-30,83.93751525878906
2018-05-31,83.89659881591797
2018-06-01,83.58657836914062
2018-06-04,83.29136657714844
2018-06-05,83.50460815429688
2018-06-06,83.16836547851562
2018-06-07,83.52099609375
2018-06-08,83.40620422363281
2018-06-11,83.32418823242188
2018-06-12,83.2750015258789
2018-06-13,83.17662811279297
2018-06-14,83.43900299072266
2018-06-15,83.50460815429688
2018-06-18,83.54561614990234
2018-06-19,83.76702880859375
2018-06-20,83.49638366699219
2018-06-21,83.7177963256836
2018-06-22,83.73426055908203
2018-06-25,83.84903717041016
2018-06-26,83.8900375366211
2018-06-27,84.2098617553711
2018-06-28,84.12784576416016
2018-06-29,84.062255859375
2018-07-02,84.0047378540039
2018-07-03,84.21834564208984
2018-07-05,84.22651672363281
2018-07-06,84.30049896240234
2018-07-09,84.0868911743164
2018-07-10,84.02117919921875
2018-07-11,84.19371032714844
2018-07-12,84.16084289550781
2018-07-13,84.30049896240234
2018-07-16,84.16084289550781
2018-07-17,84.11156463623047
2018-07-18,84.04581451416016
2018-07-19,84.27584075927734
2018-07-20,83.98009490966797
2018-07-23,83.56928253173828
2018-07-24,83.62682342529297
2018-07-25,83.56928253173828
2018-07-26,83.47891998291016
2018-07-27,83.61035919189453
2018-07-30,83.50360870361328
2018-07-31,83.61861419677734
2018-08-01,83.42102813720703
2018-08-02,83.51982116699219
2018-08-03,83.73383331298828
2018-08-06,83.77500915527344
2018-08-07,83.60211181640625
2018-08-08,83.67621612548828
2018-08-09,83.90669250488281
2018-08-10,84.26891326904297
2018-08-13,84.24417877197266
2018-08-14,84.16191864013672
2018-08-15,84.36768341064453
2018-08-16,84.34300994873047
2018-08-17,84.37591552734375
2018-08-20,84.63935089111328
2018-08-21,84.52411651611328
2018-08-22,84.68048858642578
2018-08-23,84.67230987548828
2018-08-24,84.69699096679688
2018-08-27,84.50763702392578
2018-08-28,84.31830596923828
2018-08-29,84.2936019897461
2018-08-30,84.45000457763672
2018-08-31,84.46646881103516
2018-09-04,84.27348327636719
2018-09-05,84.26522064208984
2018-09-06,84.4384536743164
2018-09-07,84.05899810791016
2018-09-10,84.10844421386719
2018-09-11,83.80328369140625
2018-09-12,83.90228271484375
2018-09-13,83.89402770996094
2018-09-14,83.73731231689453
2018-09-17,83.75381469726562
2018-09-18,83.40735626220703
2018-09-19,83.26713562011719
2018-09-20,83.27540588378906
2018-09-21,83.30840301513672
2018-09-24,83.21766662597656
2018-09-25,83.13518524169922
2018-09-26,83.40735626220703
2018-09-27,83.40735626220703
2018-09-28,83.4486083984375
2018-10-01,83.23703002929688
2018-10-02,83.4519271850586
2018-10-03,82.83204650878906
2018-10-04,82.61715698242188
2018-10-05,82.41876983642578
2018-10-08,82.45185089111328
2018-10-09,82.60888671875
2018-10-10,82.65022277832031
2018-10-11,82.9891128540039
2018-10-12,82.8899154663086
2018-10-15,82.93950653076172
2018-10-16,82.93123626708984
2018-10-17,82.6915512084961
2018-10-18,82.84034729003906
2018-10-19,82.74120330810547
2018-10-22,82.75765228271484
2018-10-23,82.9725570678711
2018-10-24,83.41886901855469
2018-10-25,83.22048950195312
2018-10-26,83.59242248535156
2018-10-29,83.58416748046875
2018-10-30,83.40232849121094
2018-10-31,83.19569396972656
2018-11-01,83.26695251464844
2018-11-02,82.80314636230469
2018-11-05,82.85281372070312
2018-11-06,82.76170349121094
2018-11-07,82.76170349121094
2018-11-08,82.64575958251953
2018-11-09,82.96875762939453
2018-11-12,83.21726989746094
2018-11-13,83.28353118896484
2018-11-14,83.45745849609375
2018-11-15,83.5154037475586
2018-11-16,83.77217864990234
2018-11-19,83.89643859863281
2018-11-20,83.8799057006836
2018-11-21,83.8633041381836
2018-11-23,83.91300201416016
2018-11-26,83.84675598144531
2018-11-27,83.9295654296875
2018-11-28,83.92127990722656
2018-11-29,84.13664245605469
2018-11-30,84.30229187011719
2018-12-03,84.48655700683594
2018-12-04,84.87666320800781
2018-12-06,85.09247589111328
2018-12-07,85.34149932861328
2018-12-10,85.39128112792969
2018-12-11,85.17545318603516
2018-12-12,84.94304656982422
2018-12-13,84.99290466308594
2018-12-14,85.12568664550781
2018-12-17,85.37467193603516
2018-12-18,85.5851058959961
2018-12-19,85.88453674316406
2018-12-20,85.7763900756836
2018-12-21,85.85124969482422
2018-12-24,86.06753540039062
2018-12-26,85.65997314453125
2018-12-27,85.87620544433594
2018-12-28,86.3420181274414
2018-12-31,86.66633605957031
2019-01-02,86.84937286376953
2019-01-03,87.5396499633789
2019-01-04,86.83267974853516
2019-01-07,86.59148406982422
2019-01-08,86.37525177001953
2019-01-09,86.42517852783203
2019-01-10,86.38352966308594
2019-01-11,86.64143371582031
2019-01-14,86.59148406982422
2019-01-15,86.50831604003906
2019-01-16,86.45838928222656
2019-01-17,86.3003921508789
2019-01-18,86.02590942382812
2019-01-22,86.32535552978516
2019-01-23,86.28372955322266
2019-01-24,86.55819702148438
2019-01-25,86.35858917236328
2019-01-28,86.38352966308594
2019-01-29,86.63304138183594
2019-01-30,86.83267974853516
2019-01-31,87.23193359375
2019-02-01,86.76513671875
2019-02-04,86.57352447509766
2019-02-05,86.72352600097656
2019-02-06,86.79016876220703
2019-02-07,87.07353973388672
2019-02-08,87.19022369384766
2019-02-11,87.05687713623047
2019-02-12,86.94020080566406
2019-02-13,86.72352600097656
2019-02-14,87.13186645507812
2019-02-15,87.04855346679688
2019-02-19,87.19859313964844
2019-02-20,87.18191528320312
2019-02-21,86.92352294921875
2019-02-22,87.18191528320312
2019-02-25,87.04855346679688
2019-02-26,87.30695343017578
2019-02-27,86.9985580444336
2019-02-28,86.7735366821289
2019-03-01,86.48873138427734
2019-03-04,86.7559585571289
2019-03-05,86.80606842041016
2019-03-06,87.04823303222656
2019-03-07,87.34049987792969
2019-03-08,87.4657974243164
2019-03-11,87.39898681640625
2019-03-12,87.64118194580078
2019-03-13,87.60778045654297
2019-03-14,87.48249053955078
2019-03-15,87.75806427001953
2019-03-18,87.64118194580078
2019-03-19,87.58269500732422
2019-03-20,88.1922836303711
2019-03-21,88.15054321289062
2019-03-22,88.8019027709961
2019-03-25,89.02738189697266
2019-03-26,88.95220947265625
2019-03-27,89.21110534667969
2019-03-28,89.21942901611328
2019-03-29,89.07748413085938
2019-04-01,88.4649429321289
2019-04-02,88.61556243896484
2019-04-03,88.33944702148438
2019-04-04,88.43150329589844
2019-04-05,88.47334289550781
2019-04-08,88.33106994628906
2019-04-09,88.49005126953125
2019-04-10,88.69923400878906
2019-04-11,88.4984130859375
2019-04-12,88.0884017944336
2019-04-15,88.20559692382812
2019-04-16,87.904296875
2019-04-17,87.92103576660156
2019-04-18,88.13025665283203
2019-04-22,88.00470733642578
2019-04-23,88.1637191772461
2019-04-24,88.4984130859375
2019-04-25,88.38969421386719
2019-04-26,88.6239242553711
2019-04-29,88.43982696533203
2019-04-30,88.61556243896484
2019-05-01,88.5753402709961
2019-05-02,88.32379150390625
2019-05-03,88.4411849975586
2019-05-06,88.66757202148438
2019-05-07,88.9693832397461
2019-05-08,88.80168914794922
2019-05-09,89.03648376464844
2019-05-10,88.97781372070312
2019-05-13,89.4221420288086
2019-05-14,89.33834075927734
2019-05-15,89.6234359741211
2019-05-16,89.44733428955078
2019-05-17,89.4892349243164
2019-05-20,89.33834075927734
2019-05-21,89.23773193359375
2019-05-22,89.50599670410156
2019-05-23,90.05098724365234
2019-05-24,90.02588653564453
2019-05-28,90.4199447631836
2019-05-29,90.38641357421875
2019-05-30,90.71339416503906
2019-05-31,91.31710052490234
2019-06-03,91.75647735595703
2019-06-04,91.42042541503906
2019-06-05,91.42042541503906
2019-06-06,91.40367889404297
2019-06-07,91.76487731933594
2019-06-10,91.3111801147461
2019-06-11,91.3111801147461
2019-06-12,91.54646301269531
2019-06-13,91.77327728271484
2019-06-14,91.84046936035156
2019-06-17,91.82368469238281
2019-06-18,92.00013732910156
2019-06-19,92.25215911865234
2019-06-20,92.40338134765625
2019-06-21,92.02529907226562
2019-06-24,92.34455871582031
2019-06-25,92.48737335205078
2019-06-26,92.10932159423828
2019-06-27,92.3865966796875
2019-06-28,92.42855072021484
2019-07-01,92.31240844726562
2019-07-02,92.64063262939453
2019-07-03,92.81736755371094
2019-07-05,92.22827911376953
2019-07-08,92.13569641113281
2019-07-09,92.07679748535156
2019-07-10,92.12730407714844
2019-07-11,91.67290496826172
2019-07-12,91.77383422851562
2019-07-15,91.96737670898438
2019-07-16,91.7654037475586
2019-07-17,92.19462585449219
2019-07-18,92.42184448242188
2019-07-19,92.25350189208984
2019-07-22,92.29560089111328
2019-07-23,92.14409637451172
2019-07-24,92.2787857055664
2019-07-25,92.11888122558594
2019-07-26,92.10205078125
2019-07-29,92.1861801147461
2019-07-30,92.22827911376953
2019-07-31,92.46391296386719
2019-08-01,93.51271057128906
2019-08-02,93.70661163330078
2019-08-05,94.51593780517578
2019-08-06,94.66769409179688
2019-08-07,94.66769409179688
2019-08-08,94.6761245727539
2019-08-09,94.53276824951172
2019-08-12,95.1313705444336
2019-08-13,94.79414367675781
2019-08-14,95.42648315429688
2019-08-15,96.03346252441406
2019-08-16,95.78056335449219
2019-08-19,95.32527923583984
2019-08-20,95.746826171875
2019-08-21,95.49388122558594
2019-08-22,95.28314971923828
2019-08-23,95.92386627197266
2019-08-26,95.83112335205078
2019-08-27,96.24422454833984
2019-08-28,96.27793884277344
2019-08-29,96.09247589111328
2019-08-30,96.11775970458984
2019-09-03,96.32889556884766
2019-09-04,96.48087310791016
2019-09-05,95.70397186279297
2019-09-06,95.76310729980469
2019-09-09,95.17193603515625
2019-09-10,94.47952270507812
2019-09-11,94.38658905029297
2019-09-12,94.17546081542969
2019-09-13,93.31413269042969
2019-09-16,93.7195053100586
2019-09-17,93.96435546875
2019-09-18,93.99815368652344
2019-09-19,94.04035949707031
2019-09-20,94.58080291748047
2019-09-23,94.71595001220703
2019-09-24,95.1888656616211
2019-09-25,94.56394958496094
2019-09-26,94.76660919189453
2019-09-27,94.90171813964844
2019-09-30,94.97772216796875
2019-10-01,95.24078369140625
2019-10-02,95.57061004638672
2019-10-03,96.0696029663086
2019-10-04,96.25566864013672
2019-10-07,95.93428802490234
2019-10-08,96.13726806640625
2019-10-09,95.89199829101562
2019-10-10,95.29148864746094
2019-10-11,94.64026641845703
2019-10-14,94.90247344970703
2019-10-15,94.44574737548828
2019-10-16,94.63182067871094
2019-10-17,94.59800720214844
2019-10-18,94.68256378173828
2019-10-21,94.33580780029297
2019-10-22,94.55567932128906
2019-10-23,94.58952331542969
2019-10-24,94.57259368896484
2019-10-25,94.36962890625
2019-10-28,94.01441955566406
2019-10-29,94.09896850585938
2019-10-30,94.55567932128906
2019-10-31,95.15619659423828
2019-11-01,94.97662353515625
2019-11-04,94.49378204345703
2019-11-05,93.98558044433594
2019-11-06,94.25662231445312
2019-11-07,93.50277709960938
2019-11-08,93.37572479248047
2019-11-11,93.4773941040039
2019-11-12,93.51973724365234
2019-11-13,93.77381896972656
2019-11-14,94.2481689453125
2019-11-15,94.17193603515625
2019-11-18,94.33287048339844
2019-11-19,94.51072692871094
2019-11-20,94.85801696777344
2019-11-21,94.62090301513672
2019-11-22,94.60394287109375
2019-11-25,94.646240234375
2019-11-26,94.82415771484375
2019-11-27,94.57849884033203
2019-11-29,94.50227355957031
2019-12-02,94.16297912597656
2019-12-03,95.00273132324219
2019-12-04,94.63801574707031
2019-12-05,94.41747283935547
2019-12-06,94.12906646728516
2019-12-09,94.20540618896484
2019-12-10,94.09513854980469
2019-12-11,94.48529052734375
2019-12-12,93.7388687133789
2019-12-13,94.29021453857422
2019-12-16,93.84913635253906
2019-12-17,93.85762786865234
2019-12-18,93.60316467285156
2019-12-19,93.67619323730469
2019-12-20,93.67619323730469
2019-12-23,93.59123992919922
2019-12-24,93.75267028808594
2019-12-26,93.88858032226562
2019-12-27,94.02445220947266
2019-12-30,93.96501922607422
2019-12-31,93.62523651123047
2020-01-02,94.05845642089844
2020-01-03,94.6870346069336
2020-01-06,94.58509063720703
2020-01-07,94.4491958618164
2020-01-08,94.22835540771484
2020-01-09,94.2962875366211
2020-01-10,94.5001449584961
2020-01-13,94.38973236083984
2020-01-14,94.57659149169922
2020-01-15,94.814453125
2020-01-16,94.61904907226562
2020-01-17,94.5426254272461
2020-01-21,94.91639709472656
2020-01-22,94.93334197998047
2020-01-23,95.17122650146484
2020-01-24,95.51102447509766
2020-01-27,96.15654754638672
2020-01-28,95.83377075195312
2020-01-29,96.2924575805664
2020-01-30,96.38591766357422
2020-01-31,96.87006378173828
2020-02-03,96.78759002685547
2020-02-04,96.22618865966797
2020-02-05,95.80940246582031
2020-02-06,95.87747955322266
2020-02-07,96.33679962158203
2020-02-10,96.52391052246094
2020-02-11,96.29424285888672
2020-02-12,96.04761505126953
2020-02-13,96.13264465332031
2020-02-14,96.37078094482422
2020-02-18,96.52391052246094
2020-02-19,96.50689697265625
2020-02-20,96.78759002685547
2020-02-21,97.17884063720703
2020-02-24,97.93587493896484
2020-02-25,98.20806121826172
2020-02-26,98.15702819824219
2020-02-27,98.63336944580078
2020-02-28,99.73908233642578
2020-03-02,99.67097473144531
2020-03-03,100.82916259765625
2020-03-04,100.60771942138672
2020-03-05,101.50192260742188
2020-03-06,102.53233337402344
2020-03-09,103.45207214355469
2020-03-10,101.55299377441406
2020-03-11,100.53962707519531
2020-03-12,100.59072875976562
2020-03-13,99.93497467041016
2020-03-16,102.57489776611328
2020-03-17,100.0030746459961
2020-03-18,98.6149673461914
2020-03-19,98.93859100341797
2020-03-20,101.45931243896484
2020-03-23,102.66007995605469
2020-03-24,101.96175384521484
2020-03-25,102.0213851928711
2020-03-26,102.2683334350586
2020-03-27,103.02629852294922
2020-03-30,103.26469421386719
2020-03-31,103.45207214355469
2020-04-01,103.87326049804688
2020-04-02,103.89027404785156
2020-04-03,103.96707153320312
2020-04-06,103.49810791015625
2020-04-07,103.03772735595703
2020-04-08,102.90980529785156
2020-04-09,103.1314697265625
2020-04-13,102.90980529785156
2020-04-14,103.04622650146484
2020-04-15,103.96707153320312
2020-04-16,104.0779037475586
2020-04-17,103.80506896972656
2020-04-20,104.0779037475586
2020-04-21,104.3677749633789
2020-04-22,104.04377746582031
2020-04-23,104.11196899414062
2020-04-24,104.13753509521484
2020-04-27,103.58338928222656
2020-04-28,104.03524017333984
2020-04-29,103.98406219482422
2020-04-30,103.73684692382812
2020-05-01,103.88023376464844
2020-05-04,103.89730834960938
2020-05-05,103.82048797607422
2020-05-06,103.4364013671875
2020-05-07,104.06798553466797
2020-05-08,103.72660064697266
2020-05-11,103.4364013671875
2020-05-12,103.77779388427734
2020-05-13,103.99117279052734
2020-05-14,104.15332794189453
2020-05-15,104.08507537841797
2020-05-18,103.44490051269531
2020-05-19,103.73516082763672
2020-05-20,103.76073455810547
2020-05-21,103.82904052734375
2020-05-22,104.02532196044922
2020-05-26,103.75216674804688
2020-05-27,103.83757781982422
2020-05-28,103.7436752319336
2020-05-29,104.07656860351562
2020-06-01,104.03548431396484
2020-06-02,103.86465454101562
2020-06-03,103.24951934814453
2020-06-04,102.83943176269531
2020-06-05,102.32679748535156
2020-06-08,102.43782806396484
2020-06-09,102.80522155761719
2020-06-10,103.57418823242188
2020-06-11,103.9415283203125
2020-06-12,103.71086120605469
2020-06-15,103.62541961669922
2020-06-16,103.41185760498047
2020-06-17,103.57418823242188
2020-06-18,103.80487060546875
2020-06-19,103.8390121459961
2020-06-22,103.74506378173828
2020-06-23,103.71086120605469
2020-06-24,103.90739440917969
2020-06-25,103.92444610595703
2020-06-26,104.20640563964844
2020-06-29,104.30891418457031
2020-06-30,104.12100219726562
2020-07-01,103.95848846435547
2020-07-02,104.08675384521484
2020-07-06,103.93281555175781
2020-07-07,104.26631164550781
2020-07-08,104.10386657714844
2020-07-09,104.43733978271484
2020-07-10,104.23211669921875
2020-07-13,104.34329223632812
2020-07-14,104.33474731445312
2020-07-15,104.30054473876953
2020-07-16,104.37749481201172
2020-07-17,104.35182189941406
2020-07-20,104.42022705078125
2020-07-21,104.53141784667969
2020-07-22,104.56561279296875
2020-07-23,104.66825866699219
2020-07-24,104.61695098876953
2020-07-27,104.45445251464844
2020-07-28,104.70247650146484
2020-07-29,104.83930969238281
2020-07-30,104.98463439941406
2020-07-31,105.01028442382812
2020-08-03,104.95891571044922
2020-08-04,105.3183822631836
2020-08-05,104.96752166748047
2020-08-06,105.08733367919922
2020-08-07,104.86479187011719
2020-08-10,104.7535629272461
2020-08-11,104.39411926269531
2020-08-12,104.08602905273438
2020-08-13,103.87203216552734
2020-08-14,103.92340850830078
2020-08-17,104.09454345703125
2020-08-18,104.2742691040039
2020-08-19,104.1373291015625
2020-08-20,104.4368667602539
2020-08-21,104.5138931274414
2020-08-24,104.36840057373047
2020-08-25,104.12024688720703
2020-08-26,104.07747650146484
2020-08-27,103.70943450927734
2020-08-28,103.88059997558594
2020-08-31,103.99183654785156
2020-09-01,104.33271789550781
2020-09-02,104.47831726074219
2020-09-03,104.61534881591797
2020-09-04,104.032958984375
2020-09-08,104.25565338134766
2020-09-09,104.20425415039062
2020-09-10,104.33271789550781
2020-09-11,104.49545288085938
2020-09-14,104.4012222290039
2020-09-15,104.34984588623047
2020-09-16,104.28987121582031
2020-09-17,104.32413482666016
2020-09-18,104.22994995117188
2020-09-21,104.41836547851562
2020-09-22,104.41836547851562
2020-09-23,104.41836547851562
2020-09-24,104.46976470947266
2020-09-25,104.5553970336914
2020-09-28,104.53826904296875
2020-09-29,104.61534881591797
2020-09-30,104.33271789550781
2020-10-01,104.3918228149414
2020-10-02,104.28900909423828
2020-10-05,103.62913513183594
2020-10-06,103.86905670166016
2020-10-07,103.5691146850586
2020-10-08,103.75764465332031
2020-10-09,103.70626068115234
2020-10-12,103.81764221191406
2020-10-13,104.0490493774414
2020-10-14,104.08330535888672
2020-10-15,103.97190856933594
2020-10-16,103.91193389892578
2020-10-19,103.74052429199219
2020-10-20,103.51771545410156
2020-10-21,103.38054656982422
2020-10-22,103.0206527709961
2020-10-23,103.16635131835938
2020-10-26,103.44059753417969
2020-10-27,103.67194366455078
2020-10-28,103.66341400146484
2020-10-29,103.226318359375
2020-10-30,102.89212036132812
2020-11-02,103.06871795654297
2020-11-03,102.83721160888672
2020-11-04,103.70333099365234
2020-11-05,103.68619537353516
2020-11-06,103.33460998535156
2020-11-09,102.57137298583984
2020-11-10,102.2798080444336
2020-11-11,102.44270324707031
2020-11-12,103.02586364746094
2020-11-13,102.88867950439453
2020-11-16,102.81145477294922
2020-11-17,103.07731628417969
2020-11-18,103.04302978515625
2020-11-19,103.15451049804688
2020-11-20,103.33460998535156
2020-11-23,103.12876892089844
2020-11-24,102.96581268310547
2020-11-25,103.00015258789062
2020-11-27,103.30887603759766
2020-11-30,103.2402572631836
2020-12-01,102.69107818603516
2020-12-02,102.51945495605469
2020-12-03,102.79403686523438
2020-12-04,102.39073944091797
2020-12-07,102.70823669433594
2020-12-08,102.81120300292969
2020-12-09,102.66532135009766
2020-12-10,102.89700317382812
2020-12-11,103.10298919677734
2020-12-14,103.04291534423828
2020-12-15,102.93993377685547
2020-12-16,102.8541259765625
2020-12-17,102.77940368652344
2020-12-18,102.69355010986328
2020-12-21,102.76222229003906
2020-12-22,102.9339599609375
2020-12-23,102.71927642822266
2020-12-24,102.86528015136719
2020-12-28,102.87386322021484
2020-12-29,102.856689453125
2020-12-30,102.9253921508789
2020-12-31,102.99406433105469
2021-01-04,103.01983642578125
2021-01-05,102.77940368652344
2021-01-06,102.17837524414062
2021-01-07,101.81770324707031
2021-01-08,101.52578735351562
2021-01-11,101.32832336425781
2021-01-12,101.3111572265625
2021-01-13,101.66316986083984
2021-01-14,101.43133544921875
2021-01-15,101.70609283447266
2021-01-19,101.76618957519531
2021-01-20,101.80911254882812
2021-01-21,101.66316986083984
2021-01-22,101.81770324707031
2021-01-25,102.22987365722656
2021-01-26,102.19548797607422
2021-01-27,102.31571960449219
2021-01-28,102.04954528808594
2021-01-29,101.86922454833984
2021-02-01,101.99638366699219
2021-02-02,101.73865509033203
2021-02-03,101.48949432373047
2021-02-04,101.45510864257812
2021-02-05,101.24029541015625
2021-02-08,101.28327178955078
2021-02-09,101.36058807373047
2021-02-10,101.61833953857422
2021-02-11,101.541015625
2021-02-12,101.20594024658203
2021-02-16,100.47561645507812
2021-02-17,100.54435729980469
2021-02-18,100.53575134277344
2021-02-19,100.13195037841797
2021-02-22,99.96869659423828
2021-02-23,100.0460205078125
2021-02-24,99.90856170654297
2021-02-25,98.57679748535156
2021-02-26,99.46174621582031
2021-03-01,99.3499755859375
2021-03-02,99.53053283691406
2021-03-03,98.99748229980469
2021-03-04,98.50743103027344
2021-03-05,98.36990356445312
2021-03-08,97.98302459716797
2021-03-09,98.44727325439453
2021-03-10,98.65362548828125
2021-03-11,98.61920166015625
2021-03-12,97.9056167602539
2021-03-15,98.0259780883789
2021-03-16,98.00880432128906
2021-03-17,97.84546661376953
2021-03-18,97.23509216308594
2021-03-19,97.17485809326172
2021-03-22,97.49298858642578
2021-03-23,97.97442626953125
2021-03-24,98.10334777832031
2021-03-25,97.97442626953125
2021-03-26,97.64772033691406
2021-03-29,97.3124008178711
2021-03-30,97.22645568847656
2021-03-31,97.0888900756836
2021-04-01,97.51904296875
2021-04-05,97.2437744140625
2021-04-06,97.71686553955078
2021-04-07,97.65665435791016
2021-04-08,97.99217987060547
2021-04-09,97.73413848876953
2021-04-12,97.67387390136719
2021-04-13,98.07820892333984
2021-04-14,97.95777893066406
2021-04-15,98.58573913574219
2021-04-16,98.31906127929688
2021-04-19,98.2158203125
2021-04-20,98.50833129882812
2021-04-21,98.5599365234375
2021-04-22,98.63735961914062
2021-04-23,98.50833129882812
2021-04-26,98.40508270263672
2021-04-27,98.01799011230469
2021-04-28,98.14700317382812
2021-04-29,97.97496795654297
2021-04-30,98.06098937988281
2021-05-03,98.22797393798828
2021-05-04,98.35713195800781
2021-05-05,98.47765350341797
2021-05-06,98.52069854736328
2021-05-07,98.55509185791016
2021-05-10,98.35713195800781
2021-05-11,98.19355773925781
2021-05-12,97.7200927734375
2021-05-13,98.0472183227539
2021-05-14,98.26241302490234
2021-05-17,98.16770935058594
2021-05-18,98.16770935058594
2021-05-19,97.87503814697266
2021-05-20,98.27963256835938
2021-05-21,98.31407928466797
2021-05-24,98.40876007080078
2021-05-25,98.77030181884766
2021-05-26,98.6584243774414
2021-05-27,98.48623657226562
2021-05-28,98.47765350341797
2021-06-01,98.45953369140625
2021-06-02,98.5715103149414
2021-06-03,98.32173156738281
2021-06-04,98.86436462402344
2021-06-07,98.786865234375
2021-06-08,99.07112121582031
2021-06-09,99.38126373291016
2021-06-10,99.73443603515625
2021-06-11,99.58798217773438
2021-06-14,99.27789306640625
2021-06-15,99.29512023925781
2021-06-16,98.61460876464844
2021-06-17,98.96778106689453
2021-06-18,99.52767181396484
2021-06-21,99.20894622802734
2021-06-22,99.38985443115234
2021-06-23,99.19171905517578
2021-06-24,99.17452239990234
2021-06-25,98.96778106689453
2021-06-28,99.27789306640625
2021-06-29,99.3295669555664
2021-06-30,99.48461151123047
2021-07-01,99.41310119628906
2021-07-02,99.77510833740234
2021-07-06,100.3009262084961
2021-07-07,100.593994140625
2021-07-08,100.85260009765625
2021-07-09,100.34402465820312
2021-07-12,100.29231262207031
2021-07-13,99.98197937011719
2021-07-14,100.4129867553711
2021-07-15,100.8353500366211
2021-07-16,100.818115234375
2021-07-19,101.68010711669922
2021-07-20,101.55078887939453
2021-07-21,100.96466827392578
2021-07-22,101.19737243652344
2021-07-23,101.04224395751953
2021-07-26,100.97329711914062
2021-07-27,101.40428161621094
2021-07-28,101.49044036865234
2021-07-29,101.18017578125
2021-07-30,101.46461486816406
2021-08-02,101.9096908569336
2021-08-03,101.9355239868164
2021-08-04,101.9096908569336
2021-08-05,101.53878784179688
2021-08-06,100.94363403320312
2021-08-09,100.72796630859375
2021-08-10,100.53822326660156
2021-08-11,100.65032196044922
2021-08-12,100.54685974121094
2021-08-13,101.12477111816406
2021-08-16,101.34903717041016
2021-08-17,101.29730224609375
2021-08-18,101.24552917480469
2021-08-19,101.46978759765625
2021-08-20,101.37488555908203
2021-08-23,101.40077209472656
2021-08-24,101.12477111816406
2021-08-25,100.72796630859375
2021-08-26,100.72796630859375
2021-08-27,101.05574035644531
2021-08-30,101.25413513183594
2021-08-31,101.06437683105469
2021-09-01,101.10757446289062
2021-09-02,101.22837829589844
2021-09-03,100.9866943359375
2021-09-07,100.58968353271484
2021-09-08,100.86588287353516
2021-09-09,101.15068054199219
2021-09-10,100.8313217163086
2021-09-13,100.95217895507812
2021-09-14,101.33195495605469
2021-09-15,101.15933990478516
2021-09-16,100.83995819091797
2021-09-17,100.54651641845703
2021-09-20,101.05575561523438
2021-09-21,100.99530792236328
2021-09-22,101.09030151367188
2021-09-23,100.17533874511719
2021-09-24,99.87325286865234
2021-09-27,99.60568237304688
2021-09-28,99.22592163085938
2021-09-29,99.32950592041016
2021-09-30,99.45032501220703
2021-10-01,99.85626983642578
2021-10-04,99.73536682128906
2021-10-05,99.4244613647461
2021-10-06,99.45033264160156
2021-10-07,99.0530014038086
2021-10-08,98.83706665039062
2021-10-11,98.59520721435547
2021-10-12,99.04434967041016
2021-10-13,99.2343978881836
2021-10-14,99.46760559082031
2021-10-15,98.97526550292969
2021-10-18,98.83706665039062
2021-10-19,98.48294830322266
2021-10-20,98.43977355957031
2021-10-21,98.18061828613281
2021-10-22,98.43112182617188
2021-10-25,98.55200958251953
2021-10-26,98.67296600341797
2021-10-27,99.22572326660156
2021-10-28,98.96662139892578
2021-10-29,99.00981140136719
2021-11-01,99.00203704833984
2021-11-02,99.24405670166016
2021-11-03,98.9328842163086
2021-11-04,99.46881103515625
2021-11-05,100.0133285522461
2021-11-08,99.58118438720703
2021-11-09,100.03926849365234
2021-11-10,99.18356323242188
2021-11-11,98.86373138427734
2021-11-12,99.07118225097656
2021-11-15,98.68222045898438
2021-11-16,98.59581756591797
2021-11-17,98.95021057128906
2021-11-18,99.01068878173828
2021-11-19,99.27861022949219
2021-11-22,98.55258178710938
2021-11-23,98.14635467529297
2021-11-24,98.44886016845703
2021-11-26,99.7194595336914
2021-11-29,99.4947509765625
2021-11-30,100.09113311767578
2021-12-01,100.2796859741211
2021-12-02,100.06343078613281
2021-12-03,100.65164184570312
2021-12-06,100.14994049072266
2021-12-07,99.76931762695312
2021-12-08,99.44931030273438
2021-12-09,99.70013427734375
2021-12-10,99.76931762695312
2021-12-13,100.24510192871094
2021-12-14,100.07207489013672
2021-12-15,99.9250259399414
2021-12-16,100.2159423828125
2021-12-17,100.4410629272461
2021-12-20,100.3544692993164
2021-12-21,99.95624542236328
2021-12-22,100.05143737792969
2021-12-23,99.84364318847656
2021-12-27,99.87828063964844
2021-12-28,99.86093139648438
2021-12-29,99.35016632080078
2021-12-30,99.67916107177734
2021-12-31,99.56659698486328
2022-01-03,98.64019775390625
2022-01-04,98.58824157714844
2022-01-05,98.17269134521484
2022-01-06,97.93022918701172
2022-01-07,97.60987854003906
2022-01-10,97.58390808105469
2022-01-11,97.81768798828125
2022-01-12,97.83500671386719
2022-01-13,98.14666748046875
2022-01-14,97.47138214111328
2022-01-18,96.73546600341797
2022-01-19,96.96920013427734
2022-01-20,97.177001953125
2022-01-21,97.73974609375
2022-01-24,97.65316772460938
2022-01-25,97.52332305908203
2022-01-26,96.83065032958984
2022-01-27,97.23761749267578
2022-01-28,97.46273040771484
2022-01-31,97.46273040771484
2022-02-01,97.33099365234375
2022-02-02,97.53031158447266
2022-02-03,97.11429595947266
2022-02-04,96.3690414428711
2022-02-07,96.39505004882812
2022-02-08,96.08304595947266
2022-02-09,96.21305084228516
2022-02-10,95.3290786743164
2022-02-11,96.31703186035156
2022-02-14,95.64973449707031
2022-02-15,95.36373138427734
2022-02-16,95.5630874633789
2022-02-17,96.07437133789062
2022-02-18,96.38636016845703
2022-02-22,96.377685546875
2022-02-23,95.87503814697266
2022-02-24,96.10038757324219
2022-02-25,96.07437133789062
2022-02-28,97.16632843017578
2022-03-01,98.11265563964844
2022-03-02,96.6380615234375
2022-03-03,97.05442810058594
2022-03-04,98.01726531982422
2022-03-07,97.60089874267578
2022-03-08,96.96769714355469
2022-03-09,96.36917877197266
2022-03-10,95.92681121826172
2022-03-11,95.90077209472656
2022-03-14,94.6864013671875
2022-03-15,94.64303588867188
2022-03-16,94.5129165649414
2022-03-17,94.33074951171875
2022-03-18,94.60834503173828
2022-03-21,93.37662506103516
2022-03-22,92.86483764648438
2022-03-23,93.48937225341797
2022-03-24,92.96891021728516
2022-03-25,92.0147933959961
2022-03-28,92.22296905517578
2022-03-29,92.68269348144531
2022-03-30,93.04698944091797
2022-03-31,93.22049713134766
2022-04-01,92.61348724365234
2022-04-04,92.55268096923828
2022-04-05,91.44981384277344
2022-04-06,91.1285400390625
2022-04-07,90.90277099609375
2022-04-08,90.44248962402344
2022-04-11,90.00833129882812
2022-04-12,90.44248962402344
2022-04-13,90.64225769042969
2022-04-14,89.82597351074219
2022-04-18,89.56546020507812
2022-04-19,88.97493743896484
2022-04-20,89.66964721679688
2022-04-21,89.17466735839844
2022-04-22,89.21805572509766
2022-04-25,89.79119110107422
2022-04-26,90.39039611816406
2022-04-27,89.88674926757812
2022-04-28,89.75648498535156
2022-04-29,89.27887725830078
2022-05-02,88.61373901367188
2022-05-03,88.71807098388672
2022-05-04,89.2918930053711
2022-05-05,88.39636993408203
2022-05-06,87.89209747314453
2022-05-09,88.5441665649414
2022-05-10,88.83981323242188
2022-05-11,89.38755798339844
2022-05-12,89.68316650390625
2022-05-13,89.21367645263672
2022-05-16,89.5875244140625
2022-05-17,88.90934753417969
2022-05-18,89.54403686523438
2022-05-19,89.8657455444336
2022-05-20,90.2830810546875
2022-05-23,89.73531341552734
2022-05-24,90.5091323852539
2022-05-25,90.69170379638672
2022-05-26,90.64823913574219
2022-05-27,90.7786865234375
2022-05-31,89.83097839355469
2022-06-01,89.3251724243164
2022-06-02,89.45576477050781
2022-06-03,89.28164672851562
2022-06-06,88.61134338378906
2022-06-07,88.96826934814453
2022-06-08,88.63745880126953
2022-06-09,88.55912780761719
2022-06-10,87.68859100341797
2022-06-13,86.13032531738281
2022-06-14,85.44265747070312
2022-06-15,86.63524627685547
2022-06-16,87.20109558105469
2022-06-17,87.22721099853516
2022-06-21,86.77452850341797
2022-06-22,87.87140655517578
2022-06-23,88.36763000488281
2022-06-24,88.05422973632812
2022-06-27,87.55802154541016
2022-06-28,87.671142578125
2022-06-29,88.37630462646484
2022-06-30,89.05531311035156
2022-07-01,90.01000213623047
2022-07-05,90.34132385253906
2022-07-06,89.57408142089844
2022-07-07,89.02482604980469
2022-07-08,88.4842529296875
2022-07-11,89.18175506591797
2022-07-12,89.39100646972656
2022-07-13,89.77458190917969
2022-07-14,89.27764892578125
2022-07-15,89.58280181884766
2022-07-18,89.32121276855469
2022-07-19,88.91146850585938
2022-07-20,88.82429504394531
2022-07-21,89.83562469482422
2022-07-22,90.86442565917969
2022-07-25,90.54180908203125
2022-07-26,90.57669830322266
2022-07-27,90.75978088378906
2022-07-28,91.65777587890625
2022-07-29,91.69270324707031
2022-08-01,92.22893524169922
2022-08-02,90.95380401611328
2022-08-03,91.329345703125
2022-08-04,91.792236328125
2022-08-05,90.46468353271484
2022-08-08,90.99749755859375
2022-08-09,90.7267074584961
2022-08-10,90.77912902832031
2022-08-11,90.176513671875
2022-08-12,90.53457641601562
2022-08-15,90.82276153564453
2022-08-16,90.7179946899414
2022-08-17,90.10659790039062
2022-08-18,90.28130340576172
2022-08-19,89.50397491455078
2022-08-22,89.11099243164062
2022-08-23,88.8926010131836
2022-08-24,88.59566497802734
2022-08-25,89.16337585449219
2022-08-26,89.05854797363281
2022-08-29,88.55201721191406
2022-08-30,88.52582550048828
2022-08-31,88.15897369384766
2022-09-01,87.45818328857422
2022-09-02,87.94811248779297
2022-09-06,86.96817779541016
2022-09-07,87.53692626953125
2022-09-08,87.21319580078125
2022-09-09,87.22193908691406
2022-09-12,87.01195526123047
2022-09-13,86.52201843261719
2022-09-14,86.56572723388672
2022-09-15,86.26824951171875
2022-09-16,86.33824920654297
2022-09-19,86.09326171875
2022-09-20,85.55957794189453
2022-09-21,85.90076446533203
2022-09-22,84.60589599609375
2022-09-23,84.71087646484375
2022-09-26,83.30223846435547
2022-09-27,82.73355102539062
2022-09-28,84.59713745117188
2022-09-29,84.20343780517578
2022-09-30,83.98469543457031
2022-10-03,84.98143005371094
2022-10-04,85.1567611694336
2022-10-05,84.35023498535156
2022-10-06,83.8856201171875
2022-10-07,83.47361755371094
2022-10-10,82.98268127441406
2022-10-11,83.19306182861328
2022-10-12,83.46485900878906
2022-10-13,83.11418914794922
2022-10-14,82.64956665039062
2022-10-17,82.73724365234375
2022-10-18,82.94762420654297
2022-10-19,82.07974243164062
2022-10-20,81.4660873413086
2022-10-21,81.65019226074219
2022-10-24,81.54499053955078
2022-10-25,82.56187438964844
2022-10-26,82.98268127441406
2022-10-27,83.57003021240234
2022-10-28,83.1404800415039
2022-10-31,82.7635269165039
2022-11-01,82.74858093261719
2022-11-02,82.6080322265625
2022-11-03,82.24784088134766
2022-11-04,82.07213592529297
2022-11-07,81.78218078613281
2022-11-08,82.32689666748047
2022-11-09,82.6080322265625
2022-11-10,84.46171569824219
2022-11-11,84.28601837158203
2022-11-14,84.08395385742188
2022-11-15,84.70770263671875
2022-11-16,85.33147430419922
2022-11-17,84.75162506103516
2022-11-18,84.45294189453125
2022-11-21,84.40019226074219
2022-11-22,84.88343048095703
2022-11-23,85.3402328491211
2022-11-25,85.31391143798828
2022-11-28,85.3490219116211
2022-11-29,84.98883819580078
2022-11-30,85.75313568115234
2022-12-01,86.6897964477539
2022-12-02,86.86582946777344
2022-12-05,85.98553466796875
2022-12-06,86.51373291015625
2022-12-07,87.27074432373047
2022-12-08,86.77778625488281
2022-12-09,86.13518524169922
2022-12-12,86.01197052001953
2022-12-13,86.78659057617188
2022-12-14,87.02427673339844
2022-12-15,87.19361877441406
2022-12-16,86.97310638427734
2022-12-19,86.26751708984375
2022-12-20,85.64131927490234
2022-12-21,85.74714660644531
2022-12-22,85.72069549560547
2022-12-23,85.33260345458984
2022-12-27,84.61820983886719
2022-12-28,84.41535949707031
2022-12-29,84.82987976074219
2022-12-30,84.47708892822266
2023-01-03,85.13856506347656
2023-01-04,85.79124450683594
2023-01-05,85.66779327392578
2023-01-06,86.77027893066406
2023-01-09,86.99076843261719
2023-01-10,86.44395446777344
2023-01-11,86.99959564208984
2023-01-12,87.77574920654297
2023-01-13,87.30827331542969
2023-01-17,87.03485870361328
2023-01-18,88.21672058105469
2023-01-19,88.04918670654297
2023-01-20,87.467041015625
2023-01-23,87.1847915649414
2023-01-24,87.68754577636719
2023-01-25,87.78453063964844
2023-01-26,87.467041015625
2023-01-27,87.33474731445312
2023-01-30,87.0613021850586
2023-01-31,87.50231170654297
2023-02-01,88.13166046142578
2023-02-02,88.09628295898438
2023-02-03,87.15055084228516
2023-02-06,86.39924621582031
2023-02-07,86.18709564208984
2023-02-08,86.50530242919922
2023-02-09,86.11640167236328
2023-02-10,85.70096588134766
2023-02-13,85.9042739868164
2023-02-14,85.51533508300781
2023-02-15,85.25902557373047
2023-02-16,84.97620391845703
2023-02-17,85.21483612060547
2023-02-21,84.28677368164062
2023-02-22,84.43702697753906
2023-02-23,84.76406860351562
2023-02-24,84.25141143798828
2023-02-27,84.50775909423828
2023-02-28,84.64031219482422
2023-03-01,83.9636459350586
2023-03-02,83.61823272705078
2023-03-03,84.29132080078125
2023-03-06,84.14078521728516
2023-03-07,84.14962005615234
2023-03-08,84.12307739257812
2023-03-09,84.64561462402344
2023-03-10,86.2044677734375
2023-03-13,87.24958038330078
2023-03-14,86.42586517333984
2023-03-15,87.6746826171875
2023-03-16,86.88642120361328
2023-03-17,87.913818359375
2023-03-20,87.55958557128906
2023-03-21,86.79784393310547
2023-03-22,87.94039154052734
2023-03-23,88.44524383544922
2023-03-24,88.47180938720703
2023-03-27,87.3824234008789
2023-03-28,87.32925415039062
2023-03-29,87.1787109375
2023-03-30,87.31156921386719
2023-03-31,87.78983306884766
2023-04-03,88.20337677001953
2023-04-04,88.77135467529297
2023-04-05,89.14408874511719
2023-04-06,89.17071533203125
2023-04-10,88.2921371459961
2023-04-11,88.2566146850586
2023-04-12,88.51398468017578
2023-04-13,88.22114562988281
2023-04-14,87.78628540039062
2023-04-17,87.22716522216797
2023-04-18,87.36919403076172
2023-04-19,87.18283081054688
2023-04-20,87.68867492675781
2023-04-21,87.47566986083984
2023-04-24,87.90167236328125
2023-04-25,88.77135467529297
2023-04-26,88.42523956298828
2023-04-27,87.8484115600586
2023-04-28,88.50511932373047
2023-05-01,87.46342468261719
2023-05-02,88.60206604003906
2023-05-03,89.1803207397461
2023-05-04,89.16251373291016
2023-05-05,88.68213653564453
2023-05-08,88.13951110839844
2023-05-09,88.03275299072266
2023-05-10,88.69102478027344
2023-05-11,89.02017211914062
2023-05-12,88.4864501953125
2023-05-15,88.29071807861328
2023-05-16,88.00605773925781
2023-05-17,87.7214126586914
2023-05-18,87.17874908447266
2023-05-19,86.84959411621094
2023-05-22,86.68946838378906
2023-05-23,86.83181762695312
2023-05-24,86.60943603515625
2023-05-25,86.06680297851562
2023-05-26,86.22691345214844
2023-05-30,86.90299987792969
2023-05-31,87.23212432861328
2023-06-01,87.47467041015625
2023-06-02,86.77915954589844
2023-06-05,86.75240325927734
2023-06-06,86.80589294433594
2023-06-07,86.17281341552734
2023-06-08,86.75240325927734
2023-06-09,86.4403076171875
2023-06-12,86.58299255371094
2023-06-13,85.96770477294922
2023-06-14,86.0836410522461
2023-06-15,86.75240325927734
2023-06-16,86.37788391113281
2023-06-20,86.63648223876953
2023-06-21,86.71673583984375
2023-06-22,86.2262954711914
2023-06-23,86.58299255371094
2023-06-26,86.79700469970703
2023-06-27,86.49381256103516
2023-06-28,86.84156799316406
2023-06-29,85.94989013671875
2023-06-30,86.13712310791016
2023-07-03,85.76351165771484
2023-07-05,85.35236358642578
2023-07-06,84.65516662597656
2023-07-07,84.54788208007812
2023-07-10,84.98588562011719
2023-07-11,85.1646499633789
2023-07-12,85.99593353271484
2023-07-13,86.71099853515625
2023-07-14,86.2819595336914
2023-07-17,86.42495727539062
2023-07-18,86.52326965332031
2023-07-19,86.81825256347656
2023-07-20,86.12998962402344
2023-07-21,86.20150756835938
2023-07-24,85.99593353271484
2023-07-25,85.83502960205078
2023-07-26,86.12998962402344
2023-07-27,85.19148254394531
2023-07-28,85.46855926513672
2023-07-31,85.57579803466797
2023-08-01,85.0757827758789
2023-08-02,84.905517578125
2023-08-03,84.27825164794922
2023-08-04,85.17435455322266
2023-08-07,84.96825408935547
2023-08-08,85.39836120605469
2023-08-09,85.45214080810547
2023-08-10,84.79798889160156
2023-08-11,84.34993743896484
2023-08-14,84.21550750732422
2023-08-15,84.0542221069336
2023-08-16,83.73162841796875
2023-08-17,83.62408447265625
2023-08-18,83.8750228881836
2023-08-21,83.35526275634766
2023-08-22,83.3910903930664
2023-08-23,84.29617309570312
2023-08-24,83.98252868652344
2023-08-25,83.95567321777344
2023-08-28,84.18862915039062
2023-08-29,84.78903198242188
2023-08-30,84.78008270263672
2023-08-31,84.9503173828125
2023-09-01,84.43106079101562
2023-09-05,83.91898345947266
2023-09-06,83.70336151123047
2023-09-07,83.99085998535156
2023-09-08,84.00880432128906
2023-09-11,83.86505889892578
2023-09-12,83.98187255859375
2023-09-13,84.08069610595703
2023-09-14,83.89202117919922
2023-09-15,83.63148498535156
2023-09-18,83.71234893798828
2023-09-19,83.4068603515625
2023-09-20,83.3440170288086
2023-09-21,82.7240982055664
2023-09-22,83.04756164550781
2023-09-25,82.4366455078125
2023-09-26,82.4096450805664
2023-09-27,82.04133605957031
2023-09-28,82.26591491699219
2023-09-29,82.28388214111328
2023-10-02,81.616455078125
2023-10-03,80.9408950805664
2023-10-04,81.45430755615234
2023-10-05,81.60742950439453
2023-10-06,81.1300277709961
2023-10-09,82.1658935546875
2023-10-10,82.00374603271484
2023-10-11,82.45413208007812
2023-10-12,81.6614761352539
2023-10-13,82.18391418457031
2023-10-16,81.697509765625
2023-10-17,80.89583587646484
2023-10-18,80.51753234863281
2023-10-19,80.12120819091797
2023-10-20,80.5895767211914
2023-10-23,80.96788024902344
2023-10-24,81.11199951171875
2023-10-25,80.40044403076172
2023-10-26,81.0129623413086
2023-10-27,81.1390380859375
2023-10-30,80.86884307861328
2023-10-31,80.69768524169922
2023-11-01,81.62712860107422
2023-11-02,82.13294219970703
2023-11-03,82.76520538330078
2023-11-06,82.2864990234375
2023-11-07,82.75619506835938
2023-11-08,83.09037780761719
2023-11-09,82.26844024658203
2023-11-10,82.3587875366211
2023-11-13,82.31360626220703
2023-11-14,83.55104064941406
2023-11-15,82.90071868896484
2023-11-16,83.52397918701172
2023-11-17,83.57819366455078
2023-11-20,83.695556640625
2023-11-21,83.8039779663086
2023-11-22,83.77687072753906
2023-11-24,83.34333038330078
2023-11-27,83.9755859375
2023-11-28,84.34590911865234
2023-11-29,84.78854370117188
2023-11-30,84.37303924560547
2023-12-01,85.16911315917969
2023-12-04,84.81591033935547
2023-12-05,85.41364288330078
2023-12-06,85.766845703125
2023-12-07,85.64006042480469
2023-12-08,85.08760070800781
2023-12-11,85.09666442871094
2023-12-12,85.27778625488281
2023-12-13,86.54572296142578
2023-12-14,87.26515197753906
2023-12-15,87.19245910644531
2023-12-18,87.001708984375
2023-12-19,87.16523742675781
2023-12-20,87.5921401977539
2023-12-21,87.45589447021484
2023-12-22,87.3741455078125
2023-12-26,87.42862701416016
2023-12-27,88.10989379882812
2023-12-28,87.77381134033203
2023-12-29,87.5558090209961
2024-01-02,87.22879791259766
2024-01-03,87.43771362304688
2024-01-04,86.91090393066406
2024-01-05,86.59294891357422
2024-01-08,86.88362121582031
2024-01-09,86.84727478027344
2024-01-10,86.71104431152344
2024-01-11,87.17431640625
2024-01-12,87.41048431396484
2024-01-16,86.70195007324219
2024-01-17,86.42037963867188
2024-01-18,86.22962951660156
2024-01-19,86.23871612548828
2024-01-22,86.50212097167969
2024-01-23,86.28411865234375
2024-01-24,86.03887176513672
2024-01-25,86.4112777709961
2024-01-26,86.25687408447266
2024-01-29,86.77462005615234
2024-01-30,86.89271545410156
2024-01-31,87.61937713623047
2024-02-01,88.16211700439453
2024-02-02,87.01477813720703
2024-02-05,86.16792297363281
2024-02-06,86.63232421875
2024-02-07,86.47750854492188
2024-02-08,86.19524383544922
2024-02-09,86.04043579101562
2024-02-12,86.12240600585938
2024-02-13,85.17537689208984
2024-02-14,85.49410247802734
2024-02-15,85.73085021972656
2024-02-16,85.35751342773438
2024-02-20,85.5031967163086
2024-02-21,85.23003387451172
2024-02-22,85.23916625976562
2024-02-23,85.63069915771484
2024-02-26,85.5031967163086
2024-02-27,85.31197357177734
2024-02-28,85.62157440185547
2024-02-29,85.79460144042969
2024-03-01,86.18627166748047
2024-03-04,85.99454498291016
2024-03-05,86.52406311035156
2024-03-06,86.73406219482422
2024-03-07,86.88013458251953
2024-03-08,86.94407653808594
2024-03-11,86.83447265625
2024-03-12,86.47843170166016
2024-03-13,86.28671264648438
2024-03-14,85.64759826660156
2024-03-15,85.50151062011719
2024-03-18,85.40108489990234
2024-03-19,85.64759826660156
2024-03-20,85.84845733642578
2024-03-21,85.85760498046875
2024-03-22,86.27757263183594
2024-03-25,86.04930877685547
2024-03-26,86.1771240234375
2024-03-27,86.50580596923828
2024-03-28,86.42364501953125
2024-04-01,85.64167022705078
2024-04-02,85.45853424072266
2024-04-03,85.55926513671875
2024-04-04,85.85224151611328
2024-04-05,85.2845458984375
2024-04-08,85.09227752685547
2024-04-09,85.43106842041016
2024-04-10,84.29563903808594
2024-04-11,84.17660522460938
2024-04-12,84.5245590209961
2024-04-15,83.98434448242188
2024-04-16,83.65469360351562
2024-04-17,84.18577575683594
2024-04-18,83.89276885986328
2024-04-19,84.00261688232422
2024-04-22,84.01177215576172
2024-04-23,84.12166595458984
2024-04-24,83.8652572631836
2024-04-25,83.54480743408203
2024-04-26,83.77371215820312
2024-04-29,84.11253356933594
2024-04-30,83.71878814697266
2024-05-01,84.05029296875
2024-05-02,84.44522094726562
2024-05-03,84.9135971069336
2024-05-06,84.98706817626953
2024-05-07,85.20747375488281
2024-05-08,84.96869659423828
2024-05-09,85.22583770751953
2024-05-10,84.9503402709961
2024-05-13,85.05136108398438
2024-05-14,85.29928588867188
2024-05-15,85.94218444824219
2024-05-16,85.7768783569336
2024-05-17,85.51054382324219
2024-05-20,85.38196563720703
2024-05-21,85.60236358642578
2024-05-22,85.49217224121094
2024-05-23,85.18911743164062
2024-05-24,85.29928588867188
2024-05-28,84.82177734375
2024-05-29,84.40847778320312
2024-05-30,84.83094024658203
2024-05-31,85.22583770751953
2024-06-03,85.78402709960938
2024-06-04,86.25381469726562
2024-06-05,86.56700897216797
2024-06-06,86.53015899658203
2024-06-07,85.61824035644531
2024-06-10,85.43402099609375
2024-06-11,85.88536834716797
2024-06-12,86.36437225341797
2024-06-13,86.9354476928711
2024-06-14,87.1380844116211
2024-06-17,86.73280334472656
2024-06-18,87.1104736328125
2024-06-20,86.88941955566406
2024-06-21,86.90780639648438
2024-06-24,86.98149108886719
2024-06-25,87.0551986694336
2024-06-26,86.53015899658203
2024-06-27,86.72357177734375
2024-06-28,86.26300811767578
2024-07-01,85.62088012695312
2024-07-02,85.94426727294922
2024-07-03,86.51709747314453
2024-07-05,86.99755859375
2024-07-08,87.02528381347656
2024-07-09,86.90515899658203
2024-07-10,86.98829650878906
2024-07-11,87.54266357421875
2024-07-12,87.72746276855469
2024-07-15,87.45027923583984
2024-07-16,87.83834075927734
2024-07-17,87.91226196289062
2024-07-18,87.66279602050781
2024-07-19,87.3855972290039
2024-07-22,87.30245971679688
2024-07-23,87.36711883544922
2024-07-24,87.173095703125
2024-07-25,87.36711883544922
2024-07-26,87.78290557861328
2024-07-29,87.93074035644531
2024-07-30,88.11551666259766
2024-07-31,88.76228332519531
2024-08-01,89.14129638671875
2024-08-02,90.52210998535156
2024-08-05,90.61479187011719
2024-08-06,89.80853271484375
2024-08-07,89.48418426513672
2024-08-08,89.2154312133789
2024-08-09,89.57686614990234
2024-08-12,89.82707977294922
2024-08-13,90.22554016113281
2024-08-14,90.34603881835938
2024-08-15,89.78072357177734
2024-08-16,89.95681762695312
2024-08-19,90.07728576660156
2024-08-20,90.43870544433594
2024-08-21,90.62405395507812
2024-08-22,90.20702362060547
2024-08-23,90.62405395507812
2024-08-26,90.51284790039062
2024-08-27,90.47576141357422
2024-08-28,90.42945098876953
2024-08-29,90.27189636230469
2024-08-30,89.95681762695312
2024-09-03,90.54981231689453
2024-09-04,91.07962799072266
2024-09-05,91.29342651367188
2024-09-06,91.42351531982422
2024-09-09,91.55365753173828
2024-09-10,91.94404602050781
2024-09-11,91.87898254394531
2024-09-12,91.73027801513672
2024-09-13,91.90685272216797
2024-09-16,92.1485366821289
2024-09-17,91.98121643066406
2024-09-18,91.58155822753906
2024-09-19,91.5071792602539
2024-09-20,91.47931671142578
2024-09-23,91.42351531982422
2024-09-24,91.52579498291016
2024-09-25,91.15399169921875
2024-09-26,91.08891296386719
2024-09-27,91.451416015625
2024-09-30,91.20045471191406
2024-10-01,91.53231811523438
2024-10-02,91.27130889892578
2024-10-03,90.80521392822266
2024-10-04,89.9289321899414
2024-10-07,89.6026840209961
2024-10-08,89.67724609375
2024-10-09,89.3416519165039
2024-10-10,89.33233642578125
2024-10-11,89.36029815673828
2024-10-14,89.20184326171875
2024-10-15,89.65863800048828
2024-10-16,89.79844665527344
2024-10-17,89.33233642578125
2024-10-18,89.43487548828125
2024-10-21,88.74503326416016
2024-10-22,88.66116333007812
2024-10-23,88.4560546875
2024-10-24,88.65182495117188
2024-10-25,88.4560546875
2024-10-28,88.2509994506836
2024-10-29,88.28826904296875
2024-10-30,88.1577377319336
2024-10-31,88.11115264892578
2024-11-01,87.58937072753906
2024-11-04,88.05693817138672
2024-11-05,88.10368347167969
2024-11-06,87.19664764404297
2024-11-07,87.89796447753906
2024-11-08,88.08497619628906
2024-11-11,87.84185791015625
2024-11-12,87.29014587402344
2024-11-13,87.23405456542969
2024-11-14,87.22471618652344
2024-11-15,87.26209259033203
2024-11-18,87.45845794677734
2024-11-19,87.64549255371094
2024-11-20,87.51457214355469
2024-11-21,87.46782684326172
2024-11-22,87.52391815185547
2024-11-25,88.4683609008789
2024-11-26,88.28134155273438
2024-11-27,88.63668060302734
2024-11-29,89.01072692871094
2024-12-02,89.0031967163086
2024-12-03,88.74996185302734
2024-12-04,89.08763885498047
2024-12-05,89.07823944091797
2024-12-06,89.35963439941406
2024-12-09,89.05010986328125
2024-12-10,88.89063262939453
2024-12-11,88.62803649902344
2024-12-12,88.29035949707031
2024-12-13,87.87767028808594
2024-12-16,87.90579986572266
2024-12-17,87.90579986572266
2024-12-18,87.22634887695312
2024-12-19,86.83110809326172
2024-12-20,87.15106201171875
2024-12-23,86.76522064208984
2024-12-24,86.8122787475586
2024-12-26,86.87816619873047
2024-12-27,86.65229797363281
2024-12-30,87.16047668457031
2024-12-31,87.00050354003906
2025-01-02,87.04753875732422
2025-01-03,86.9063720703125
2025-01-06,86.82168579101562
2025-01-07,86.42645263671875
2025-01-08,86.5770263671875
2025-01-10,85.94650268554688
2025-01-13,85.79592895507812
2025-01-14,85.82418060302734
2025-01-15,86.72760009765625
2025-01-16,86.93460845947266
2025-01-17,87.00050354003906
2025-01-21,87.29222106933594
2025-01-22,87.06636047363281
2025-01-23,86.84052276611328
2025-01-24,87.01931762695312
2025-01-27,87.58393859863281
2025-01-28,87.5933609008789
2025-01-29,87.48985290527344
2025-01-30,87.67806243896484
2025-01-31,87.5368881225586
2025-02-03,87.59920501708984
2025-02-04,87.81632995605469
2025-02-05,88.32614135742188
2025-02-06,88.22227478027344
2025-02-07,87.92961120605469
2025-02-10,87.91075134277344
2025-02-11,87.68416595458984
2025-02-12,87.07996368408203
2025-02-13,87.73137664794922
2025-02-14,88.09954833984375
2025-02-18,87.62752532958984
2025-02-19,87.76913452148438
2025-02-20,87.9485092163086
2025-02-21,88.46774291992188
2025-02-24,88.65657043457031
2025-02-25,89.35514831542969
2025-02-26,89.6006088256836
2025-02-27,89.49676513671875
2025-02-28,89.98767852783203
2025-03-03,90.31432342529297
2025-03-04,90.03026580810547
2025-03-05,89.52848052978516
2025-03-06,89.48113250732422
2025-03-07,89.3675308227539
2025-03-10,89.99241638183594
2025-03-11,89.67051696777344
2025-03-12,89.40541076660156
2025-03-13,89.76517486572266
2025-03-14,89.45274353027344
2025-03-17,89.52848052978516
2025-03-18,89.63262939453125
2025-03-19,89.90718078613281
2025-03-20,90.03975677490234
2025-03-21,89.9640121459961
2025-03-24,89.44327545166016
2025-03-25,89.59475708007812
2025-03-26,89.386474609375
2025-03-27,89.31071472167969
2025-03-28,90.03026580810547
2025-03-31,90.2953872680664
2025-04-01,90.61261749267578
2025-04-02,90.52713012695312
2025-04-03,91.45796966552734
2025-04-04,91.71441650390625
2025-04-07,90.62213134765625
2025-04-08,90.16620635986328
2025-04-09,89.88126373291016
2025-04-10,89.32088470458984
2025-04-11,88.81746673583984
2025-04-14,89.52983856201172
2025-04-15,89.79576873779297
2025-04-16,90.18519592285156
2025-04-17,89.92875671386719
2025-04-21,89.44434356689453
2025-04-22,89.51082611083984
2025-04-23,89.60581970214844
2025-04-24,90.09021759033203
2025-04-25,90.43215942382812
2025-04-28,90.7930908203125
2025-04-29,91.10651397705078
2025-04-30,91.2490005493164
2025-05-01,90.85162353515625
2025-05-02,90.24175262451172
2025-05-05,90.07975769042969
2025-05-06,90.3084487915039
2025-05-07,90.54668426513672
2025-05-08,89.8415298461914
2025-05-09,89.90824127197266
2025-05-12,89.33649444580078
2025-05-13,89.2697982788086
2025-05-14,88.936279296875
2025-05-15,89.51752471923828
2025-05-16,89.54612731933594
2025-05-19,89.49848175048828
2025-05-20,89.38414001464844
2025-05-21,88.7647476196289
2025-05-22,89.0982437133789
2025-05-23,89.35553741455078
2025-05-27,89.72718048095703
2025-05-28,89.47943115234375
2025-05-29,89.85107421875
2025-05-30,90.1178970336914
2025-06-02,89.81193542480469
2025-06-03,89.72589874267578
2025-06-04,90.38557434082031
2025-06-05,90.11788940429688
2025-06-06,89.40084075927734
2025-06-09,89.56338500976562
2025-06-10,89.7163314819336
2025-06-11,90.08920288085938
2025-06-12,90.48117065429688
2025-06-13,90.14657592773438
2025-06-16,89.88842010498047
2025-06-17,90.32823181152344
2025-06-18,90.38557434082031
2025-06-20,90.44293975830078
2025-06-23,90.75843811035156
2025-06-24,91.0739517211914
2025-06-25,91.1121826171875
2025-06-26,91.43724060058594
2025-06-27,91.19821166992188
2025-06-30,91.56153869628906
2025-07-01,91.39175415039062
2025-07-02,91.19994354248047
2025-07-03,90.88345336914062
2025-07-07,90.5957260131836
2025-07-08,90.46144104003906
2025-07-09,90.931396484375
2025-07-10,90.88345336914062
2025-07-11,90.46144104003906
2025-07-14,90.42308044433594
2025-07-15,90.0682373046875
2025-07-16,90.31759643554688
2025-07-17,90.288818359375
2025-07-18,90.5381851196289
2025-07-21,90.85469055175781
2025-07-22,91.11363220214844
2025-07-23,90.78754425048828
2025-07-24,90.65327453613281
2025-07-25,90.86426544189453
2025-07-28,90.66285705566406
2025-07-29,91.25750732421875
2025-07-30,90.94099426269531
2025-07-31,91.0177230834961
2025-08-01,92.06558990478516
2025-08-04,92.19068145751953
2025-08-05,92.12332153320312
2025-08-06,92.05597686767578
2025-08-07,91.98860168457031
2025-08-08,91.77691650390625
2025-08-11,91.80579376220703
2025-08-12,91.78652954101562
2025-08-13,92.11370086669922
2025-08-14,91.8154067993164
2025-08-15,91.63258361816406
2025-08-18,91.54598999023438
2025-08-19,91.77691650390625
2025-08-20,91.91162109375
2025-08-21,91.64219665527344
2025-08-22,92.15219116210938
2025-08-25,91.96936798095703
2025-08-26,92.20993041992188
2025-08-27,92.38312530517578
2025-08-28,92.59480285644531
2025-08-29,92.51782989501953
2025-09-02,92.24175262451172
2025-09-03,92.560302734375
2025-09-04,92.97541809082031
2025-09-05,93.42914581298828
2025-09-08,93.71875762939453
2025-09-09,93.49671936035156
2025-09-10,93.74772644042969
2025-09-11,93.89253234863281
2025-09-12,93.62222290039062
2025-09-15,93.77668762207031
2025-09-16,93.8345947265625
2025-09-17,93.63187408447266
2025-09-18,93.32294464111328
2025-09-19,93.28433990478516
2025-09-22,93.12989044189453
2025-09-23,93.3905258178711
2025-09-24,93.1395492553711
2025-09-25,92.93679809570312
2025-09-26,92.8885498046875
2025-09-29,93.1588363647461
2025-09-30,93.1202163696289
2025-10-01,93.43396759033203
2025-10-02,93.53079986572266
2025-10-03,93.34681701660156
2025-10-06,93.07569122314453
2025-10-07,93.3080825805664
2025-10-08,93.32744598388672
2025-10-09,93.25965118408203
2025-10-10,93.8406753540039
2025-10-13,93.88907623291016
2025-10-14,94.13116455078125
2025-10-15,94.0246353149414
2025-10-16,94.46039581298828
2025-10-17,94.30545806884766
2025-10-20,94.43133544921875
2025-10-21,94.60564422607422
2025-10-22,94.62500762939453
2025-10-23,94.31514739990234
2025-10-24,94.40229797363281
2025-10-27,94.40229797363281
2025-10-28,94.48944854736328
2025-10-29,93.87940979003906
2025-10-30,93.74382781982422
2025-10-31,93.78254699707031
2025-11-03,93.73788452148438
2025-11-04,93.85446166992188
2025-11-05,93.40763092041016
2025-11-06,93.88359832763672
2025-11-07,93.92244720458984
2025-11-10,93.79615783691406
2025-11-11,94.08758544921875
2025-11-12,94.10700988769531
2025-11-13,93.83501434326172
2025-11-14,93.67959594726562
2025-11-17,93.78645324707031
2025-11-18,93.9418716430664
2025-11-19,93.8738784790039
2025-11-20,94.09730529785156
2025-11-21,94.40813446044922
2025-11-24,94.5538330078125
2025-11-25,94.79666900634766
2025-11-26,94.8743896484375
2025-11-28,94.70924377441406
2025-12-01,94.20069885253906
2025-12-02,94.27864837646484
2025-12-03,94.4734878540039
2025-12-04,94.18121337890625
2025-12-05,93.98636627197266
2025-12-08,93.79151153564453
2025-12-09,93.65512084960938
2025-12-10,93.9571304321289
2025-12-11,93.96687316894531
2025-12-12,93.71356201171875
2025-12-15,93.79151153564453
2025-12-16,94.05455780029297
2025-12-17,94.03507232666016
2025-12-18,94.27864837646484
2025-12-19,94.06652069091797
2025-12-22,93.96878051757812
2025-12-23,93.92967987060547
2025-12-24,94.17404174804688
2025-12-26,94.26202392578125
2025-12-29,94.39885711669922
2025-12-30,94.3011245727539
2025-12-31,93.98834991455078
2026-01-02,93.91014862060547
2026-01-05,94.193603515625
2026-01-06,94.12519073486328
2026-01-07,94.3011245727539
2026-01-08,94.01766204833984
2026-01-09,94.12519073486328
2026-01-12,94.00788879394531
2026-01-13,94.12519073486328
2026-01-14,94.32066345214844
2026-01-15,94.12519073486328
2026-01-16,93.76353454589844
2026-01-20,93.39212799072266
2026-01-21,93.63646697998047
2026-01-22,93.62670135498047
2026-01-23,93.78308868408203
2026-01-26,93.91992950439453
2026-01-27,93.81240844726562
2026-01-28,93.73420715332031
2026-01-29,93.83195495605469
2026-01-30,93.7733154296875
2026-02-02,93.58895111083984
2026-02-03,93.67720794677734
2026-02-04,93.65760040283203
2026-02-05,94.20672607421875
2026-02-06,94.20672607421875
2026-02-09,94.22635650634766
2026-02-10,94.6382064819336
2026-02-11,94.37342834472656
2026-02-12,94.9520034790039
2026-02-13,95.32462310791016
2026-02-17,95.31481170654297
2026-02-18,95.11869812011719
2026-02-19,95.20693969726562
2026-02-20,95.20693969726562
2026-02-23,95.55016326904297
2026-02-24,95.53055572509766
2026-02-25,95.45209503173828
2026-02-26,95.70706176757812
2026-02-27,96.0895004272461
2026-03-02,95.51222229003906
2026-03-03,95.4040298461914
2026-03-04,95.20733642578125
2026-03-05,94.91231536865234
2026-03-06,94.85330963134766
2026-03-09,95.1483383178711
2026-03-10,94.84347534179688
2026-03-11,94.41075134277344
2026-03-12,94.10588073730469
2026-03-13,94.00753784179688
2026-03-16,94.43042755126953
2026-03-17,94.59761810302734
2026-03-18,94.16490173339844
2026-03-19,94.15505981445312
2026-03-20,93.30928802490234
2026-03-23,93.60432434082031
2026-03-24,93.28963470458984
2026-03-25,93.7813491821289
2026-03-26,93.02409362792969
2026-03-27,93.03394317626953
2026-03-30,93.69284057617188
2026-03-31,93.86003112792969
2026-04-01,93.77813720703125
2026-04-02,93.9952163696289
2026-04-06,93.74853515625
2026-04-07,93.98533630371094
2026-04-08,94.19255828857422
2026-04-09,94.16294860839844
2026-04-10,94.00507354736328
2026-04-13,94.21229553222656
2026-04-14,94.51817321777344
2026-04-15,94.31096649169922
2026-04-16,94.14322662353516
2026-04-17,94.65631103515625
2026-04-20,94.5675048828125
2026-04-21,94.153076171875
2026-04-22,94.25175476074219
2026-04-23,94.10375213623047
2026-04-24,94.29122161865234
2026-04-27,94.07414245605469
2026-04-28,93.98533630371094
2026-04-29,93.54132843017578
2026-04-30,93.71892547607422
2026-05-01,93.79019927978516
2026-05-04,93.44371795654297
2026-05-05,93.58231353759766
2026-05-06,94.04759979248047
2026-05-07,93.76050567626953
2026-05-08,94.00800323486328
2026-05-11,93.69120788574219
2026-05-12,93.3744125366211
2026-05-13,93.3744125366211
2026-05-14,93.31502532958984
2026-05-15,92.57254791259766
2026-05-18,92.53294372558594
2026-05-19,92.17655181884766
2026-05-20,92.80022430419922
2026-05-21,92.85963439941406
2026-05-22,92.93882751464844
2026-05-26,93.33482360839844
2026-05-27,93.3744125366211
2026-05-28,93.59221649169922
2026-05-29,93.70110321044922
2026-06-01,93.53919982910156
2026-06-02,93.60873413085938
2026-06-03,93.3703384399414
2026-06-04,93.48954010009766
2026-06-05,92.99288940429688
2026-06-08,92.89354705810547
2026-06-09,93.15180969238281
2026-06-10,93.06242370605469
2026-06-11,93.70806121826172
2026-06-12,93.54914093017578
2026-06-15,93.64846801757812
2026-06-16,93.88685607910156
2026-06-17,93.39020538330078
2026-06-18,93.7279281616211
2026-06-22,93.3703384399414
2026-06-23,93.48954010009766
2026-06-24,94.095458984375
2026-06-25,94.1550521850586
2026-06-26,94.39344024658203
2026-06-29,94.42323303222656
2026-06-30,93.9365234375
2026-07-01,93.70830535888672
2026-07-02,93.79800415039062
2026-07-06,93.85779571533203
2026-07-07,93.37943267822266
2026-07-08,93.1900863647461
2026-07-09,93.38939666748047
2026-07-10,93.3096694946289
2026-07-13,92.97084045410156
2026-07-14,93.22994995117188
2026-07-15,93.45915985107422
2026-07-16,93.39936828613281
2026-07-17,93.51895141601562
2026-07-20,93.21998596191406
2026-07-21,92.99076843261719
2026-07-22,92.78148651123047
2026-07-23,92.53234100341797
2026-07-24,92.71172332763672
2026-07-27,92.96086883544922
2026-07-28,93.23991394042969
2026-07-29,92.85124969482422
2026-07-30,92.89111328125
2026-07-31,92.63199615478516
2026-08-03,92.81999969482422
2026-08-04,93.25
2026-08-05,93.30999755859375
2026-08-06,92.94999694824219
2026-08-07,93.16999816894531
2026-08-10,92.76000213623047
2026-08-11,92.87000274658203
2026-08-12,92.95999908447266
2026-08-13,93.30000305175781
