Date,QQQ
2005-01-03,33.61601257324219
2005-01-04,33.00326156616211
2005-01-05,32.79902267456055
2005-01-06,32.637298583984375
2005-01-07,32.8075065612793
2005-01-10,32.790496826171875
2005-01-11,32.56072998046875
2005-01-12,32.833045959472656
2005-01-13,32.39903259277344
2005-01-14,32.70538330078125
2005-01-18,32.95219039916992
2005-01-19,32.40754318237305
2005-01-20,31.786264419555664
2005-01-21,31.530977249145508
2005-01-24,31.088438034057617
2005-01-25,31.241601943969727
2005-01-26,31.616052627563477
2005-01-27,31.57350730895996
2005-01-28,31.420316696166992
2005-01-31,31.828826904296875
2005-02-01,31.930957794189453
2005-02-02,31.982009887695312
2005-02-03,31.616052627563477
2005-02-04,32.126705169677734
2005-02-07,32.05860137939453
2005-02-08,32.11817169189453
2005-02-09,31.582014083862305
2005-02-10,31.616052627563477
2005-02-11,32.08415222167969
2005-02-14,32.22876739501953
2005-02-15,32.441566467285156
2005-02-16,32.322425842285156
2005-02-17,31.888383865356445
2005-02-18,31.786264419555664
2005-02-22,31.394805908203125
2005-02-23,31.437345504760742
2005-02-24,31.83735466003418
2005-02-25,32.01605987548828
2005-02-28,31.675640106201172
2005-03-01,32.024559020996094
2005-03-02,32.00754165649414
2005-03-03,31.743715286254883
2005-03-04,31.930957794189453
2005-03-07,32.3905143737793
2005-03-08,32.067108154296875
2005-03-09,31.973514556884766
2005-03-10,31.930957794189453
2005-03-11,31.633079528808594
2005-03-14,31.77775764465332
2005-03-15,31.522445678710938
2005-03-16,31.16501808166504
2005-03-17,31.241601943969727
2005-03-18,31.071399688720703
2005-03-21,31.130971908569336
2005-03-22,30.748003005981445
2005-03-23,30.858642578125
2005-03-24,30.867158889770508
2005-03-28,30.926715850830078
2005-03-29,30.67991065979004
2005-03-30,31.258634567260742
2005-03-31,31.122467041015625
2005-04-01,30.807567596435547
2005-04-04,31.028852462768555
2005-04-05,31.113954544067383
2005-04-06,31.06290054321289
2005-04-07,31.437345504760742
2005-04-08,31.18205451965332
2005-04-11,31.045873641967773
2005-04-12,31.199052810668945
2005-04-13,30.688417434692383
2005-04-14,30.254405975341797
2005-04-15,29.565067291259766
2005-04-18,29.573570251464844
2005-04-19,29.77781867980957
2005-04-20,29.531023025512695
2005-04-21,30.313966751098633
2005-04-22,29.86292266845703
2005-04-25,30.109725952148438
2005-04-26,29.828886032104492
2005-04-27,29.871442794799805
2005-04-28,29.573570251464844
2005-04-29,29.769317626953125
2005-05-02,29.88846206665039
2005-05-03,30.041635513305664
2005-05-04,30.407602310180664
2005-05-05,30.43311882019043
2005-05-06,30.518224716186523
2005-05-09,30.66289710998535
2005-05-10,30.441627502441406
2005-05-11,30.594823837280273
2005-05-12,30.50970458984375
2005-05-13,30.841632843017578
2005-05-16,31.045873641967773
2005-05-17,31.23309898376465
2005-05-18,31.658615112304688
2005-05-19,31.922439575195312
2005-05-20,32.05009078979492
2005-05-23,32.211788177490234
2005-05-24,32.313926696777344
2005-05-25,32.17774200439453
2005-05-26,32.50114440917969
2005-05-27,32.518150329589844
2005-05-31,32.40754318237305
2005-06-01,32.67134475708008
2005-06-02,32.901126861572266
2005-06-03,32.424556732177734
2005-06-06,32.433067321777344
2005-06-07,32.16072082519531
2005-06-08,32.09264373779297
2005-06-09,32.29689407348633
2005-06-10,31.956464767456055
2005-06-13,32.10966873168945
2005-06-14,31.982009887695312
2005-06-15,32.08415222167969
2005-06-16,32.254364013671875
2005-06-17,32.25855255126953
2005-06-20,32.25855255126953
2005-06-21,32.24156188964844
2005-06-22,32.20748519897461
2005-06-23,31.849735260009766
2005-06-24,31.49195671081543
2005-06-27,31.347166061401367
2005-06-28,31.645275115966797
2005-06-29,31.577133178710938
2005-06-30,31.330116271972656
2005-07-01,31.287525177001953
2005-07-05,31.611204147338867
2005-07-06,31.457895278930664
2005-07-07,31.568622589111328
2005-07-08,32.17342758178711
2005-07-11,32.47154235839844
2005-07-12,32.62489318847656
2005-07-13,32.701541900634766
2005-07-14,33.025245666503906
2005-07-15,33.12746810913086
2005-07-18,32.99116897583008
2005-07-19,33.374488830566406
2005-07-20,33.613006591796875
2005-07-21,33.62151336669922
2005-07-22,33.57891845703125
2005-07-25,33.451175689697266
2005-07-26,33.57891845703125
2005-07-27,33.8344841003418
2005-07-28,33.996307373046875
2005-07-29,33.7152099609375
2005-08-01,33.77485275268555
2005-08-02,34.1411247253418
2005-08-03,34.12408447265625
2005-08-04,33.79189682006836
2005-08-05,33.630035400390625
2005-08-08,33.383018493652344
2005-08-09,33.604469299316406
2005-08-10,33.31486892700195
2005-08-11,33.58745574951172
2005-08-12,33.400062561035156
2005-08-15,33.604469299316406
2005-08-16,33.05931854248047
2005-08-17,33.25522994995117
2005-08-18,33.08488464355469
2005-08-19,33.06782150268555
2005-08-22,33.08488464355469
2005-08-23,32.99116897583008
2005-08-24,32.79525375366211
2005-08-25,32.871910095214844
2005-08-26,32.761173248291016
2005-08-29,33.0167121887207
2005-08-30,32.8974723815918
2005-08-31,33.20412826538086
2005-09-01,33.153018951416016
2005-09-02,33.025245666503906
2005-09-06,33.51078414916992
2005-09-07,33.5704231262207
2005-09-08,33.5619010925293
2005-09-09,33.749298095703125
2005-09-12,33.8430061340332
2005-09-13,33.75782775878906
2005-09-14,33.374488830566406
2005-09-15,33.35743713378906
2005-09-16,33.5619010925293
2005-09-19,33.297828674316406
2005-09-20,33.16154098510742
2005-09-21,32.79525375366211
2005-09-22,32.914512634277344
2005-09-23,33.00821304321289
2005-09-26,33.0167121887207
2005-09-27,32.9400634765625
2005-09-28,32.948570251464844
2005-09-29,33.39153289794922
2005-09-30,33.613006591796875
2005-10-03,33.698204040527344
2005-10-04,33.476707458496094
2005-10-05,33.0167121887207
2005-10-06,32.58226013183594
2005-10-07,32.65895462036133
2005-10-10,32.48007583618164
2005-10-11,32.318233489990234
2005-10-12,31.934900283813477
2005-10-13,32.181941986083984
2005-10-14,32.42045974731445
2005-10-17,32.52265930175781
2005-10-18,32.292667388916016
2005-10-19,32.9400634765625
2005-10-20,32.633399963378906
2005-10-21,32.837833404541016
2005-10-24,33.35743713378906
2005-10-25,33.229679107666016
2005-10-26,33.05931854248047
2005-10-27,32.39488983154297
2005-10-28,32.64194107055664
2005-10-31,33.11043167114258
2005-11-01,33.08488464355469
2005-11-02,33.519309997558594
2005-11-03,34.02186965942383
2005-11-04,34.1411247253418
2005-11-07,34.183719635009766
2005-11-08,34.192237854003906
2005-11-09,34.20928192138672
2005-11-10,34.58407974243164
2005-11-11,34.67778015136719
2005-11-14,34.67778015136719
2005-11-15,34.51594924926758
2005-11-16,34.7288932800293
2005-11-17,35.188880920410156
2005-11-18,35.308143615722656
2005-11-21,35.39332580566406
2005-11-22,35.52109909057617
2005-11-23,35.60627365112305
2005-11-25,35.68293380737305
2005-11-28,35.384796142578125
2005-11-29,35.21442413330078
2005-11-30,35.129249572753906
2005-12-01,35.78514862060547
2005-12-02,35.870357513427734
2005-12-05,35.60627365112305
2005-12-06,35.725521087646484
2005-12-07,35.657379150390625
2005-12-08,35.40183639526367
2005-12-09,35.53813171386719
2005-12-12,35.6659049987793
2005-12-13,35.810707092285156
2005-12-14,35.69145584106445
2005-12-15,35.75108337402344
2005-12-16,35.504310607910156
2005-12-19,34.94075012207031
2005-12-20,34.96636962890625
2005-12-21,35.12007141113281
2005-12-22,35.35062026977539
2005-12-23,35.35062026977539
2005-12-27,35.0432243347168
2005-12-28,35.00053024291992
2005-12-29,34.76996612548828
2005-12-30,34.50527572631836
2006-01-03,35.27377700805664
2006-01-04,35.64093017578125
2006-01-05,35.79461669921875
2006-01-06,36.4435920715332
2006-01-09,36.58872985839844
2006-01-10,36.61435317993164
2006-01-11,36.89613723754883
2006-01-12,36.716827392578125
2006-01-13,36.69974136352539
2006-01-17,36.460662841796875
2006-01-18,36.04225540161133
2006-01-19,36.30696487426758
2006-01-20,35.222530364990234
2006-01-23,35.2310676574707
2006-01-24,35.384765625
2006-01-25,35.2310676574707
2006-01-26,35.47871017456055
2006-01-27,35.95687484741211
2006-01-30,36.02516555786133
2006-01-31,35.86293411254883
2006-02-01,35.991024017333984
2006-02-02,35.3762321472168
2006-02-03,34.94075012207031
2006-02-06,34.846839904785156
2006-02-07,34.6931266784668
2006-02-08,35.09444808959961
2006-02-09,34.76144027709961
2006-02-10,34.97490692138672
2006-02-13,34.573570251464844
2006-02-14,34.923683166503906
2006-02-15,35.14567184448242
2006-02-16,35.47015380859375
2006-02-17,35.18837356567383
2006-02-21,34.795589447021484
2006-02-22,35.2310676574707
2006-02-23,35.13714599609375
2006-02-24,35.2310676574707
2006-02-27,35.62385940551758
2006-02-28,35.09444808959961
2006-03-01,35.57260513305664
2006-03-02,35.59824752807617
2006-03-03,35.393314361572266
2006-03-06,35.085906982421875
2006-03-07,34.8809928894043
2006-03-08,34.89805603027344
2006-03-09,34.59919738769531
2006-03-10,34.63336181640625
2006-03-13,34.73580551147461
2006-03-14,35.32500076293945
2006-03-15,35.62385940551758
2006-03-16,35.32500076293945
2006-03-17,35.41813659667969
2006-03-20,35.50358581542969
2006-03-21,35.12760925292969
2006-03-22,35.21305465698242
2006-03-23,35.11052703857422
2006-03-24,35.28997802734375
2006-03-27,35.29851531982422
2006-03-28,35.15324401855469
2006-03-29,35.819732666015625
2006-03-30,35.93081283569336
2006-03-31,35.828285217285156
2006-04-03,35.87101364135742
2006-04-04,36.067535400390625
2006-04-05,36.409324645996094
2006-04-06,36.51187515258789
2006-04-07,36.161529541015625
2006-04-10,36.110260009765625
2006-04-11,35.819732666015625
2006-04-12,35.828285217285156
2006-04-13,35.97354507446289
2006-04-17,35.59756851196289
2006-04-18,36.28117370605469
2006-04-19,36.44350814819336
2006-04-20,36.31536102294922
2006-04-21,35.888092041015625
2006-04-24,35.85390853881836
2006-04-25,35.77701950073242
2006-04-26,35.76848220825195
2006-04-27,36.110260009765625
2006-04-28,35.75994110107422
2006-05-01,35.40958786010742
2006-05-02,35.50358581542969
2006-05-03,35.45231246948242
2006-05-04,35.74283981323242
2006-05-05,36.024810791015625
2006-05-08,36.05900573730469
2006-05-09,35.922279357910156
2006-05-10,35.606117248535156
2006-05-11,34.811458587646484
2006-05-12,34.34149169921875
2006-05-15,34.31584167480469
2006-05-16,34.059513092041016
2006-05-17,33.59809494018555
2006-05-18,33.36738967895508
2006-05-19,33.623722076416016
2006-05-22,33.29903030395508
2006-05-23,32.974327087402344
2006-05-24,33.19648742675781
2006-05-25,33.63228225708008
2006-05-26,33.74335861206055
2006-05-30,33.01705551147461
2006-05-31,33.17086410522461
2006-06-01,33.95697784423828
2006-06-02,33.87153625488281
2006-06-05,33.13667297363281
2006-06-06,33.111053466796875
2006-06-07,32.863250732421875
2006-06-08,32.811973571777344
2006-06-09,32.598358154296875
2006-06-12,31.957481384277344
2006-06-13,31.829320907592773
2006-06-14,32.154029846191406
2006-06-15,33.02558517456055
2006-06-16,32.78275680541992
2006-06-19,32.51768112182617
2006-06-20,32.560455322265625
2006-06-21,33.07346725463867
2006-06-22,32.654502868652344
2006-06-23,32.62030792236328
2006-06-26,32.705806732177734
2006-06-27,32.09016799926758
2006-06-28,32.3295783996582
2006-06-29,33.31290054321289
2006-06-30,33.15043258666992
2006-07-03,33.34709930419922
2006-07-05,32.62030792236328
2006-07-06,32.58610153198242
2006-07-07,32.226959228515625
2006-07-10,31.944805145263672
2006-07-11,32.18421936035156
2006-07-12,31.577125549316406
2006-07-13,31.046998977661133
2006-07-14,30.730642318725586
2006-07-17,30.807579040527344
2006-07-18,30.910198211669922
2006-07-19,31.312055587768555
2006-07-20,30.850330352783203
2006-07-21,30.525419235229492
2006-07-24,31.132490158081055
2006-07-25,31.312055587768555
2006-07-26,31.286413192749023
2006-07-27,31.081199645996094
2006-07-28,31.731033325195312
2006-07-31,31.72246551513672
2006-08-01,31.192354202270508
2006-08-02,31.542932510375977
2006-08-03,31.739591598510742
2006-08-04,31.59422492980957
2006-08-07,31.38901710510254
2006-08-08,31.192354202270508
2006-08-09,31.235130310058594
2006-08-10,31.457427978515625
2006-08-11,31.235130310058594
2006-08-14,31.44032096862793
2006-08-15,32.235530853271484
2006-08-16,32.99652099609375
2006-08-17,33.11623001098633
2006-08-18,33.16753005981445
2006-08-21,32.851158142089844
2006-08-22,32.859710693359375
2006-08-23,32.61174392700195
2006-08-24,32.705806732177734
2006-08-25,32.76564025878906
2006-08-28,33.013614654541016
2006-08-29,33.11623001098633
2006-08-30,33.270137786865234
2006-08-31,33.235923767089844
2006-09-01,33.41551208496094
2006-09-05,33.740413665771484
2006-09-06,33.0649299621582
2006-09-07,32.91101837158203
2006-09-08,33.1076774597168
2006-09-11,33.31290054321289
2006-09-12,33.928531646728516
2006-09-13,34.15941619873047
2006-09-14,34.193599700927734
2006-09-15,34.31592559814453
2006-09-18,34.32449722290039
2006-09-19,34.09349822998047
2006-09-20,34.58971405029297
2006-09-21,34.37583541870117
2006-09-22,34.110618591308594
2006-09-25,34.70949935913086
2006-09-26,34.880611419677734
2006-09-27,34.837833404541016
2006-09-28,34.93193054199219
2006-09-29,34.77792739868164
2006-10-02,34.34160232543945
2006-10-03,34.48704528808594
2006-10-04,35.334049224853516
2006-10-05,35.50513458251953
2006-10-06,35.428138732910156
2006-10-09,35.547943115234375
2006-10-10,35.60782241821289
2006-10-11,35.539371490478516
2006-10-12,36.104034423828125
2006-10-13,36.300819396972656
2006-10-16,36.33504867553711
2006-10-17,35.93292999267578
2006-10-18,35.76180648803711
2006-10-19,35.84737777709961
2006-10-20,35.93292999267578
2006-10-23,36.300819396972656
2006-10-24,36.05268859863281
2006-10-25,36.300819396972656
2006-10-26,36.63447189331055
2006-10-27,36.112579345703125
2006-10-30,36.34358596801758
2006-10-31,36.42914581298828
2006-11-01,35.93292999267578
2006-11-02,35.967132568359375
2006-11-03,35.873043060302734
2006-11-06,36.3949089050293
2006-11-07,36.64302062988281
2006-11-08,36.81414794921875
2006-11-09,36.64302062988281
2006-11-10,36.81414794921875
2006-11-13,37.19057846069336
2006-11-14,37.5841178894043
2006-11-15,37.73811340332031
2006-11-16,37.90066909790039
2006-11-17,37.90066909790039
2006-11-20,37.977664947509766
2006-11-21,38.029014587402344
2006-11-22,38.268558502197266
2006-11-24,38.200111389160156
2006-11-27,37.336002349853516
2006-11-28,37.44724655151367
2006-11-29,37.70390701293945
2006-11-30,37.67824172973633
2006-12-01,37.35313034057617
2006-12-04,37.866455078125
2006-12-05,38.00333786010742
2006-12-06,37.866455078125
2006-12-07,37.387359619140625
2006-12-08,37.55845642089844
2006-12-11,37.695335388183594
2006-12-12,37.47291564941406
2006-12-13,37.541343688964844
2006-12-14,37.96058654785156
2006-12-15,38.058223724365234
2006-12-18,37.68131637573242
2006-12-19,37.561378479003906
2006-12-20,37.42433547973633
2006-12-21,37.15879821777344
2006-12-22,36.773345947265625
2006-12-26,36.927520751953125
2006-12-27,37.115989685058594
2006-12-28,36.93609619140625
2006-12-29,36.97036361694336
2007-01-03,37.03887939453125
2007-01-04,37.74127197265625
2007-01-05,37.561378479003906
2007-01-08,37.587100982666016
2007-01-09,37.77556228637695
2007-01-10,38.2209587097168
2007-01-11,38.61499786376953
2007-01-12,38.81201934814453
2007-01-16,38.786319732666016
2007-01-17,38.469398498535156
2007-01-18,37.75843048095703
2007-01-19,37.83550262451172
2007-01-22,37.42433547973633
2007-01-23,37.330101013183594
2007-01-24,37.94685363769531
2007-01-25,37.4586067199707
2007-01-26,37.32154846191406
2007-01-29,37.35582733154297
2007-01-30,37.372962951660156
2007-01-31,37.7498664855957
2007-02-01,37.689876556396484
2007-02-02,37.826942443847656
2007-02-05,37.79267883300781
2007-02-06,37.74127197265625
2007-02-07,38.083919525146484
2007-02-08,38.07534408569336
2007-02-09,37.587100982666016
2007-02-12,37.44145202636719
2007-02-13,37.56996154785156
2007-02-14,38.203857421875
2007-02-15,38.426551818847656
2007-02-16,38.29804992675781
2007-02-20,38.58930969238281
2007-02-21,38.70922088623047
2007-02-22,38.90624237060547
2007-02-23,38.769187927246094
2007-02-26,38.58073425292969
2007-02-27,36.99605941772461
2007-02-28,37.115989685058594
2007-03-01,36.944637298583984
2007-03-02,36.38786315917969
2007-03-05,36.105201721191406
2007-03-06,36.704803466796875
2007-03-07,36.5591926574707
2007-03-08,36.80760192871094
2007-03-09,36.773345947265625
2007-03-12,37.01316833496094
2007-03-13,36.293643951416016
2007-03-14,36.824729919433594
2007-03-15,36.73908996582031
2007-03-16,36.710777282714844
2007-03-19,37.087921142578125
2007-03-20,37.35362243652344
2007-03-21,38.073612213134766
2007-03-22,37.936485290527344
2007-03-23,37.81647872924805
2007-03-26,37.97076416015625
2007-03-27,37.70505905151367
2007-03-28,37.30221176147461
2007-03-29,37.34506607055664
2007-03-30,37.31077575683594
2007-04-02,37.362205505371094
2007-04-03,37.850772857666016
2007-04-04,38.00505447387695
2007-04-05,38.19362258911133
2007-04-09,38.099334716796875
2007-04-10,38.29645919799805
2007-04-11,37.893638610839844
2007-04-12,38.19362258911133
2007-04-13,38.270751953125
2007-04-16,38.6221923828125
2007-04-17,38.70790481567383
2007-04-18,38.579315185546875
2007-04-19,38.699317932128906
2007-04-20,38.91361999511719
2007-04-23,38.973602294921875
2007-04-24,39.170745849609375
2007-04-25,39.69359588623047
2007-04-26,39.89931106567383
2007-04-27,39.91643524169922
2007-04-30,39.39361572265625
2007-05-01,39.359310150146484
2007-05-02,39.787864685058594
2007-05-03,39.93359375
2007-05-04,39.96787643432617
2007-05-07,39.96787643432617
2007-05-08,40.053592681884766
2007-05-09,40.13930130004883
2007-05-10,39.59074401855469
2007-05-11,40.096439361572266
2007-05-14,39.822166442871094
2007-05-15,39.513607025146484
2007-05-16,39.89931106567383
2007-05-17,39.71073913574219
2007-05-18,40.03644943237305
2007-05-21,40.2935791015625
2007-05-22,40.327884674072266
2007-05-23,40.13930130004883
2007-05-24,39.56503677368164
2007-05-25,39.8135871887207
2007-05-29,40.122154235839844
2007-05-30,40.447872161865234
2007-05-31,40.63642501831055
2007-06-01,40.662139892578125
2007-06-04,40.78214645385742
2007-06-05,40.78214645385742
2007-06-06,40.34502029418945
2007-06-07,39.719303131103516
2007-06-08,40.20787811279297
2007-06-11,40.130733489990234
2007-06-12,39.89073944091797
2007-06-13,40.327884674072266
2007-06-14,40.593589782714844
2007-06-15,40.968441009521484
2007-06-18,40.977012634277344
2007-06-19,40.968441009521484
2007-06-20,40.58242416381836
2007-06-21,40.9512825012207
2007-06-22,40.565277099609375
2007-06-25,40.393707275390625
2007-06-26,40.16210174560547
2007-06-27,40.77973175048828
2007-06-28,40.7625846862793
2007-06-29,40.83118438720703
2007-07-02,41.200042724609375
2007-07-03,41.44023132324219
2007-07-05,41.740455627441406
2007-07-06,41.912010192871094
2007-07-09,41.9377555847168
2007-07-10,41.5860595703125
2007-07-11,41.869117736816406
2007-07-12,42.5124626159668
2007-07-13,42.80412673950195
2007-07-16,42.761226654052734
2007-07-17,43.08718490600586
2007-07-18,43.03572463989258
2007-07-19,43.16439437866211
2007-07-20,42.93278884887695
2007-07-23,42.949954986572266
2007-07-24,42.315185546875
2007-07-25,42.375221252441406
2007-07-26,42.01494598388672
2007-07-27,41.16572952270508
2007-07-30,41.64609909057617
2007-07-31,40.771141052246094
2007-08-01,41.08853530883789
2007-08-02,41.46596145629883
2007-08-03,40.676780700683594
2007-08-06,41.1485595703125
2007-08-07,41.44023132324219
2007-08-08,41.894866943359375
2007-08-09,40.9255485534668
2007-08-10,40.55669021606445
2007-08-13,40.83118438720703
2007-08-14,40.1363525390625
2007-08-15,39.372928619384766
2007-08-16,38.98691940307617
2007-08-17,39.72463607788086
2007-08-20,39.91334533691406
2007-08-21,40.33367919921875
2007-08-22,40.88265609741211
2007-08-23,40.771141052246094
2007-08-24,41.345882415771484
2007-08-27,41.07137680053711
2007-08-28,40.09347152709961
2007-08-29,41.242950439453125
2007-08-30,41.45738983154297
2007-08-31,41.920589447021484
2007-09-04,42.61540985107422
2007-09-05,42.18651580810547
2007-09-06,42.15219497680664
2007-09-07,41.37162780761719
2007-09-10,41.345882415771484
2007-09-11,41.9720573425293
2007-09-12,41.98061752319336
2007-09-13,42.18651580810547
2007-09-14,42.220821380615234
2007-09-17,41.869117736816406
2007-09-18,42.924224853515625
2007-09-19,43.03572463989258
2007-09-20,42.91565704345703
2007-09-21,43.221168518066406
2007-09-24,43.41856384277344
2007-09-25,43.83053207397461
2007-09-26,44.04508972167969
2007-09-27,44.26822280883789
2007-09-28,44.12232208251953
2007-10-01,44.628700256347656
2007-10-02,44.63725662231445
2007-10-03,44.32831573486328
2007-10-04,44.43129348754883
2007-10-05,45.33244323730469
2007-10-08,45.61566925048828
2007-10-09,45.813053131103516
2007-10-10,45.92463684082031
2007-10-11,45.195125579833984
2007-10-12,45.94179916381836
2007-10-15,45.589935302734375
2007-10-16,45.375362396240234
2007-10-17,45.95896911621094
2007-10-18,46.1563606262207
2007-10-19,45.00632095336914
2007-10-22,45.54701614379883
2007-10-23,46.49967575073242
2007-10-24,46.14777755737305
2007-10-25,45.52983474731445
2007-10-26,46.28511428833008
2007-10-29,46.47393035888672
2007-10-30,46.56831741333008
2007-10-31,47.229164123535156
2007-11-01,46.34517288208008
2007-11-02,46.70563888549805
2007-11-05,46.4052619934082
2007-11-06,46.928794860839844
2007-11-07,45.78732681274414
2007-11-08,44.39695739746094
2007-11-09,42.912200927734375
2007-11-12,41.822227478027344
2007-11-13,43.54729461669922
2007-11-14,42.98944091796875
2007-11-15,42.757728576660156
2007-11-16,43.15251541137695
2007-11-19,42.65473175048828
2007-11-20,42.826377868652344
2007-11-21,42.32001876831055
2007-11-23,42.77489471435547
2007-11-26,42.03679275512695
2007-11-27,42.877899169921875
2007-11-28,44.182403564453125
2007-11-29,44.37123489379883
2007-11-30,44.0364990234375
2007-12-03,43.66746520996094
2007-12-04,43.487220764160156
2007-12-05,44.26822280883789
2007-12-06,44.90333557128906
2007-12-07,44.91191482543945
2007-12-10,45.092159271240234
2007-12-11,44.04508972167969
2007-12-12,44.43987274169922
2007-12-13,44.199562072753906
2007-12-14,43.74470138549805
2007-12-17,42.68046569824219
2007-12-18,42.81779861450195
2007-12-19,42.80921936035156
2007-12-20,43.68462371826172
2007-12-21,44.54634475708008
2007-12-24,44.88140869140625
2007-12-26,45.10478591918945
2007-12-27,44.56351089477539
2007-12-28,44.52056121826172
2007-12-31,44.00508499145508
2008-01-02,43.309173583984375
2008-01-03,43.48959732055664
2008-01-04,41.582313537597656
2008-01-07,41.384708404541016
2008-01-08,40.310787200927734
2008-01-09,41.16992950439453
2008-01-10,41.23006057739258
2008-01-11,40.42247009277344
2008-01-14,41.126949310302734
2008-01-15,39.992897033691406
2008-01-16,39.563316345214844
2008-01-17,39.013484954833984
2008-01-18,38.96194076538086
2008-01-22,37.956729888916016
2008-01-23,37.81068801879883
2008-01-24,38.58393096923828
2008-01-25,37.79351043701172
2008-01-28,38.08561706542969
2008-01-29,38.15435791015625
2008-01-30,38.119991302490234
2008-01-31,38.772926330566406
2008-02-01,39.16814041137695
2008-02-04,38.6182861328125
2008-02-05,37.51858139038086
2008-02-06,36.77972412109375
2008-02-07,37.03746032714844
2008-02-08,37.45842361450195
2008-02-11,37.86225509643555
2008-02-12,37.64745330810547
2008-02-13,38.47221755981445
2008-02-14,37.77632141113281
2008-02-15,37.64745330810547
2008-02-19,37.578731536865234
2008-02-20,37.75054168701172
2008-02-21,37.389713287353516
2008-02-22,37.527183532714844
2008-02-25,37.71617889404297
2008-02-26,37.86225509643555
2008-02-27,38.05126190185547
2008-02-28,37.90519714355469
2008-02-29,36.89999771118164
2008-03-03,36.65943908691406
2008-03-04,36.86565399169922
2008-03-05,37.04606628417969
2008-03-06,36.2298698425293
2008-03-07,36.14397430419922
2008-03-10,35.448055267333984
2008-03-11,36.79690170288086
2008-03-12,36.693809509277344
2008-03-13,36.97732925415039
2008-03-14,36.29861068725586
2008-03-17,35.63706588745117
2008-03-18,37.22648620605469
2008-03-19,36.30719757080078
2008-03-20,37.04921340942383
2008-03-24,38.330345153808594
2008-03-25,38.54526138305664
2008-03-26,38.43350601196289
2008-03-27,37.582275390625
2008-03-28,37.39315414428711
2008-03-31,37.59090805053711
2008-04-01,39.19873809814453
2008-04-02,39.11275863647461
2008-04-03,39.19873809814453
2008-04-04,39.43088150024414
2008-04-07,39.34490203857422
2008-04-08,39.043975830078125
2008-04-09,38.60546875
2008-04-10,39.15575408935547
2008-04-11,38.072391510009766
2008-04-14,37.90043258666992
2008-04-15,37.95201873779297
2008-04-16,39.009578704833984
2008-04-17,38.923606872558594
2008-04-18,40.161720275878906
2008-04-21,40.44546890258789
2008-04-22,39.843597412109375
2008-04-23,40.282108306884766
2008-04-24,40.64322280883789
2008-04-25,40.540035247802734
2008-04-28,40.61744689941406
2008-04-29,40.926971435546875
2008-04-30,40.591636657714844
2008-05-01,41.87275695800781
2008-05-02,41.93292999267578
2008-05-05,41.81257247924805
2008-05-06,42.07050323486328
2008-05-07,41.30527114868164
2008-05-08,41.61480712890625
2008-05-09,41.451454162597656
2008-05-12,42.20807647705078
2008-05-13,42.319847106933594
2008-05-14,42.22527313232422
2008-05-15,42.9647102355957
2008-05-16,42.999114990234375
2008-05-19,42.68955612182617
2008-05-20,42.36284255981445
2008-05-21,41.4256591796875
2008-05-22,41.57183074951172
2008-05-23,41.44286346435547
2008-05-27,42.17367172241211
2008-05-28,42.34565353393555
2008-05-29,42.72395706176758
2008-05-30,42.999114990234375
2008-06-02,42.47461700439453
2008-06-03,42.242462158203125
2008-06-04,42.78413772583008
2008-06-05,43.46339416503906
2008-06-06,42.15647888183594
2008-06-09,41.93292999267578
2008-06-10,41.73516845703125
2008-06-11,40.72920227050781
2008-06-12,40.772186279296875
2008-06-13,41.589019775390625
2008-06-16,41.9587287902832
2008-06-17,41.73516845703125
2008-06-18,41.2880973815918
2008-06-19,41.93292999267578
2008-06-20,40.80062484741211
2008-06-23,40.48229217529297
2008-06-24,40.27577590942383
2008-06-25,40.929710388183594
2008-06-26,39.277713775634766
2008-06-27,39.277713775634766
2008-06-30,38.864715576171875
2008-07-01,39.41538619995117
2008-07-02,38.468929290771484
2008-07-03,38.40010452270508
2008-07-07,38.63240051269531
2008-07-08,39.55305099487305
2008-07-09,38.50334930419922
2008-07-10,38.95936584472656
2008-07-11,38.33987045288086
2008-07-14,38.05593490600586
2008-07-15,38.064544677734375
2008-07-16,39.010986328125
2008-07-17,39.26911544799805
2008-07-18,38.36568069458008
2008-07-21,38.52915954589844
2008-07-22,38.52915954589844
2008-07-23,39.036800384521484
2008-07-24,38.45172119140625
2008-07-25,38.95076370239258
2008-07-28,38.219390869140625
2008-07-29,39.010986328125
2008-07-30,39.2088737487793
2008-07-31,39.11423110961914
2008-08-01,38.61518859863281
2008-08-04,38.22801208496094
2008-08-05,39.51862716674805
2008-08-06,40.12091827392578
2008-08-07,39.811161041259766
2008-08-08,40.714576721191406
2008-08-11,41.084571838378906
2008-08-12,41.12757873535156
2008-08-13,41.04155731201172
2008-08-14,41.5147590637207
2008-08-15,41.437339782714844
2008-08-18,40.95551300048828
2008-08-19,40.447879791259766
2008-08-20,40.51670455932617
2008-08-21,40.327415466308594
2008-08-22,40.860870361328125
2008-08-25,40.00045394897461
2008-08-26,39.94883728027344
2008-08-27,40.20695114135742
2008-08-28,40.533912658691406
2008-08-29,39.68210983276367
2008-09-02,39.19166946411133
2008-09-03,38.82169723510742
2008-09-04,37.56550216674805
2008-09-05,37.38481903076172
2008-09-08,37.31597137451172
2008-09-09,36.52439498901367
2008-09-10,36.82555389404297
2008-09-11,37.51385498046875
2008-09-12,37.36759948730469
2008-09-15,36.2060546875
2008-09-16,36.48999786376953
2008-09-17,34.597084045410156
2008-09-18,35.767250061035156
2008-09-19,36.93647003173828
2008-09-22,35.19728469848633
2008-09-23,34.930355072021484
2008-09-24,35.171424865722656
2008-09-25,35.73107147216797
2008-09-26,35.369468688964844
2008-09-29,32.56264114379883
2008-09-30,33.501121520996094
2008-10-01,33.14809799194336
2008-10-02,31.641372680664062
2008-10-03,31.15061378479004
2008-10-06,30.014114379882812
2008-10-07,28.111310958862305
2008-10-08,27.88745880126953
2008-10-09,27.138404846191406
2008-10-10,26.966203689575195
2008-10-13,30.246566772460938
2008-10-14,28.937868118286133
2008-10-15,26.346288681030273
2008-10-16,27.775531768798828
2008-10-17,27.809968948364258
2008-10-20,28.584856033325195
2008-10-21,27.10396385192871
2008-10-22,26.354894638061523
2008-10-23,26.25157356262207
2008-10-24,25.407808303833008
2008-10-27,24.701793670654297
2008-10-28,27.431140899658203
2008-10-29,27.36224937438965
2008-10-30,28.274904251098633
2008-10-31,28.317956924438477
2008-11-03,28.257686614990234
2008-11-04,29.058406829833984
2008-11-05,27.543067932128906
2008-11-06,26.311843872070312
2008-11-07,26.854272842407227
2008-11-10,26.492664337158203
2008-11-11,25.91579246520996
2008-11-12,24.719017028808594
2008-11-13,26.225753784179688
2008-11-14,24.951486587524414
2008-11-17,24.42629051208496
2008-11-18,24.400455474853516
2008-11-19,23.126182556152344
2008-11-20,22.00689697265625
2008-11-21,22.96259307861328
2008-11-24,24.36601448059082
2008-11-25,24.25408363342285
2008-11-26,25.270048141479492
2008-11-28,25.072023391723633
2008-12-01,23.186450958251953
2008-12-02,23.96134376525879
2008-12-03,24.641529083251953
2008-12-04,23.944129943847656
2008-12-05,24.91704559326172
2008-12-08,25.898578643798828
2008-12-09,25.838308334350586
2008-12-10,25.752212524414062
2008-12-11,25.046186447143555
2008-12-12,25.554183959960938
2008-12-15,25.106464385986328
2008-12-16,26.311843872070312
2008-12-17,25.993284225463867
2008-12-18,25.53695297241211
2008-12-19,25.74648094177246
2008-12-22,25.18602752685547
2008-12-23,25.056692123413086
2008-12-24,25.125661849975586
2008-12-26,25.117042541503906
2008-12-29,24.91010856628418
2008-12-30,25.427453994750977
2008-12-31,25.643009185791016
2009-01-02,26.75530433654785
2009-01-05,26.746681213378906
2009-01-06,27.01397132873535
2009-01-07,26.2465877532959
2009-01-08,26.522504806518555
2009-01-09,25.92754364013672
2009-01-12,25.45331573486328
2009-01-13,25.461942672729492
2009-01-14,24.685930252075195
2009-01-15,25.091175079345703
2009-01-16,25.367088317871094
2009-01-20,24.10822868347168
2009-01-21,25.134286880493164
2009-01-22,24.798017501831055
2009-01-23,24.918729782104492
2009-01-26,25.09980583190918
2009-01-27,25.28087615966797
2009-01-28,26.168977737426758
2009-01-29,25.505056381225586
2009-01-30,25.056692123413086
2009-02-02,25.358476638793945
2009-02-03,25.755109786987305
2009-02-04,25.789596557617188
2009-02-05,26.358671188354492
2009-02-06,27.048465728759766
2009-02-09,27.16055679321289
2009-02-10,26.160358428955078
2009-02-11,26.039649963378906
2009-02-12,26.358671188354492
2009-02-13,26.23796272277832
2009-02-17,25.19464683532715
2009-02-18,25.211896896362305
2009-02-19,24.823888778686523
2009-02-20,24.892864227294922
2009-02-23,24.022005081176758
2009-02-24,24.81525993347168
2009-02-25,24.651443481445312
2009-02-26,23.961647033691406
2009-02-27,23.737464904785156
2009-03-02,22.970067977905273
2009-03-03,22.95282745361328
2009-03-04,23.565017700195312
2009-03-05,22.85798454284668
2009-03-06,22.676908493041992
2009-03-09,22.194046020507812
2009-03-10,23.565017700195312
2009-03-11,23.927148818969727
2009-03-12,24.720415115356445
2009-03-13,24.780778884887695
2009-03-16,24.36690902709961
2009-03-17,25.289493560791016
2009-03-18,25.608531951904297
2009-03-19,25.591283798217773
2009-03-20,25.201766967773438
2009-03-23,26.687273025512695
2009-03-24,26.19498062133789
2009-03-25,26.315898895263672
2009-03-26,27.12773895263672
2009-03-27,26.618167877197266
2009-03-30,25.961803436279297
2009-03-31,26.18634605407715
2009-04-01,26.574996948242188
2009-04-02,27.430023193359375
2009-04-03,27.939586639404297
2009-04-06,27.870487213134766
2009-04-07,27.13637924194336
2009-04-08,27.594125747680664
2009-04-09,28.44914436340332
2009-04-13,28.405969619750977
2009-04-14,28.060504913330078
2009-04-15,27.98276710510254
2009-04-16,28.708242416381836
2009-04-17,28.768714904785156
2009-04-20,27.844587326049805
2009-04-21,28.233230590820312
2009-04-22,28.319602966308594
2009-04-23,28.595977783203125
2009-04-24,29.096895217895508
2009-04-27,29.131446838378906
2009-04-28,28.915525436401367
2009-04-29,29.31280517578125
2009-04-30,29.606456756591797
2009-05-01,29.68419075012207
2009-05-04,30.271469116210938
2009-05-05,30.24557113647461
2009-05-06,30.25420570373535
2009-05-07,29.546009063720703
2009-05-08,29.563276290893555
2009-05-11,29.66691017150879
2009-05-12,29.304182052612305
2009-05-13,28.51824378967285
2009-05-14,28.837800979614258
2009-05-15,28.820518493652344
2009-05-18,29.571922302246094
2009-05-19,29.710102081298828
2009-05-20,29.606456756591797
2009-05-21,29.062347412109375
2009-05-22,28.96734046936035
2009-05-26,30.04693031311035
2009-05-27,29.839649200439453
2009-05-28,30.185115814208984
2009-05-29,30.556486129760742
2009-06-01,31.428789138793945
2009-06-02,31.471982955932617
2009-06-03,31.376977920532227
2009-06-04,31.731075286865234
2009-06-05,31.765613555908203
2009-06-08,31.670616149902344
2009-06-09,31.91245460510254
2009-06-10,31.800168991088867
2009-06-11,31.800168991088867
2009-06-12,31.653345108032227
2009-06-15,31.005615234375
2009-06-16,30.703306198120117
2009-06-17,30.996971130371094
2009-06-18,30.936508178710938
2009-06-19,31.268564224243164
2009-06-22,30.33466148376465
2009-06-23,30.265472412109375
2009-06-24,30.775676727294922
2009-06-25,31.380971908569336
2009-06-26,31.45016098022461
2009-06-29,31.519332885742188
2009-06-30,31.458803176879883
2009-07-01,31.47610092163086
2009-07-02,30.7843074798584
2009-07-06,30.62000274658203
2009-07-07,29.859054565429688
2009-07-08,30.014713287353516
2009-07-09,30.066591262817383
2009-07-10,30.196304321289062
2009-07-13,30.775676727294922
2009-07-14,30.888078689575195
2009-07-15,31.925762176513672
2009-07-16,32.30624008178711
2009-07-17,32.47918701171875
2009-07-20,32.79048156738281
2009-07-21,33.015323638916016
2009-07-22,33.292030334472656
2009-07-23,34.02705001831055
2009-07-24,33.76762771606445
2009-07-27,34.02705001831055
2009-07-28,33.79357147216797
2009-07-29,34.018402099609375
2009-07-30,34.217288970947266
2009-07-31,34.11351776123047
2009-08-03,34.62369918823242
2009-08-04,34.62369918823242
2009-08-05,34.35564422607422
2009-08-06,34.052974700927734
2009-08-07,34.48534393310547
2009-08-10,34.243221282958984
2009-08-11,33.949222564697266
2009-08-12,34.47671127319336
2009-08-13,34.66694259643555
2009-08-14,34.2691764831543
2009-08-17,33.27472686767578
2009-08-18,33.750328063964844
2009-08-19,33.983802795410156
2009-08-20,34.3815803527832
2009-08-21,34.839881896972656
2009-08-24,34.8053092956543
2009-08-25,34.90906524658203
2009-08-26,34.84852600097656
2009-08-27,34.93500518798828
2009-08-28,34.9696044921875
2009-08-31,34.61507034301758
2009-09-01,33.966514587402344
2009-09-02,33.94057846069336
2009-09-03,34.16539764404297
2009-09-04,34.900421142578125
2009-09-08,35.22901916503906
2009-09-09,35.531673431396484
2009-09-10,35.868919372558594
2009-09-11,35.90349578857422
2009-09-14,36.0418701171875
2009-09-15,36.15428161621094
2009-09-16,36.68175506591797
2009-09-17,36.67313003540039
2009-09-18,36.73456954956055
2009-09-21,36.84709548950195
2009-09-22,36.91633605957031
2009-09-23,36.74323272705078
2009-09-24,36.4142951965332
2009-09-25,36.09404754638672
2009-09-28,36.708621978759766
2009-09-29,36.544151306152344
2009-09-30,36.57012176513672
2009-10-01,35.48815155029297
2009-10-02,35.384281158447266
2009-10-05,35.66991424560547
2009-10-06,36.30179214477539
2009-10-07,36.40565872192383
2009-10-08,36.561458587646484
2009-10-09,36.769187927246094
2009-10-12,36.84709548950195
2009-10-13,36.85574722290039
2009-10-14,37.35777282714844
2009-10-15,37.27120590209961
2009-10-16,37.02885437011719
2009-10-19,37.40104675292969
2009-10-20,37.40970230102539
2009-10-21,37.34046173095703
2009-10-22,37.48760986328125
2009-10-23,37.331809997558594
2009-10-26,37.21062469482422
2009-10-27,36.648014068603516
2009-10-28,35.825721740722656
2009-10-29,36.43163299560547
2009-10-30,35.45351028442383
2009-11-02,35.600685119628906
2009-11-03,35.713191986083984
2009-11-04,35.77378463745117
2009-11-05,36.65666580200195
2009-11-06,36.873046875
2009-11-09,37.66073226928711
2009-11-10,37.755924224853516
2009-11-11,37.998291015625
2009-11-12,37.781898498535156
2009-11-13,38.093502044677734
2009-11-16,38.48301315307617
2009-11-17,38.60417938232422
2009-11-18,38.387794494628906
2009-11-19,37.790550231933594
2009-11-20,37.60014343261719
2009-11-23,38.206016540527344
2009-11-24,38.07619857788086
2009-11-25,38.24065399169922
2009-11-27,37.66073226928711
2009-11-30,37.704002380371094
2009-12-01,38.093502044677734
2009-12-02,38.14543914794922
2009-12-03,37.9896354675293
2009-12-04,38.18870544433594
2009-12-07,38.0069465637207
2009-12-08,37.773231506347656
2009-12-09,38.15410232543945
2009-12-10,38.34450912475586
2009-12-11,38.1973762512207
2009-12-14,38.5609016418457
2009-12-15,38.34450912475586
2009-12-16,38.39645767211914
2009-12-17,37.92905044555664
2009-12-18,38.54722595214844
2009-12-21,38.980716705322266
2009-12-22,39.214820861816406
2009-12-23,39.50093078613281
2009-12-24,39.865081787109375
2009-12-28,40.07315444946289
2009-12-29,39.908424377441406
2009-12-30,40.029823303222656
2009-12-31,39.66566467285156
2010-01-04,40.246559143066406
2010-01-05,40.246559143066406
2010-01-06,40.00377655029297
2010-01-07,40.029823303222656
2010-01-08,40.359256744384766
2010-01-11,40.19452667236328
2010-01-12,39.691673278808594
2010-01-13,40.185874938964844
2010-01-14,40.22054672241211
2010-01-15,39.75237274169922
2010-01-19,40.393951416015625
2010-01-20,39.813053131103516
2010-01-21,39.44023132324219
2010-01-22,38.28712463378906
2010-01-25,38.41717529296875
2010-01-26,38.45185089111328
2010-01-27,38.75530242919922
2010-01-28,37.75823211669922
2010-01-29,37.09931564331055
2010-02-01,37.50680160522461
2010-02-02,37.844947814941406
2010-02-03,38.05303192138672
2010-02-04,36.95193099975586
2010-02-05,37.2640380859375
2010-02-08,36.995269775390625
2010-02-09,37.37675094604492
2010-02-10,37.29873275756836
2010-02-11,37.86229705810547
2010-02-12,37.940311431884766
2010-02-16,38.42584228515625
2010-02-17,38.64259719848633
2010-02-18,38.88534927368164
2010-02-19,38.868003845214844
2010-02-22,38.78998947143555
2010-02-23,38.28712463378906
2010-02-24,38.67728042602539
2010-02-25,38.66859436035156
2010-02-26,38.80733871459961
2010-03-01,39.370880126953125
2010-03-02,39.49225997924805
2010-03-03,39.535621643066406
2010-03-04,39.66566467285156
2010-03-05,40.26388931274414
2010-03-08,40.34194564819336
2010-03-09,40.567352294921875
2010-03-10,40.89680862426758
2010-03-11,41.052879333496094
2010-03-12,41.06155776977539
2010-03-15,40.95750427246094
2010-03-16,41.21763229370117
2010-03-17,41.33032989501953
2010-03-18,41.46904754638672
2010-03-19,41.21820831298828
2010-03-22,41.59141540527344
2010-03-23,41.877845764160156
2010-03-24,41.67822265625
2010-03-25,41.617462158203125
2010-03-26,41.660865783691406
2010-03-29,41.8604736328125
2010-03-30,41.999359130859375
2010-03-31,41.799720764160156
2010-04-01,41.799720764160156
2010-04-05,42.19029998779297
2010-04-06,42.311805725097656
2010-04-07,42.20765686035156
2010-04-08,42.30312728881836
2010-04-09,42.55482864379883
2010-04-12,42.58955001831055
2010-04-13,42.8065185546875
2010-04-14,43.318607330322266
2010-04-15,43.509559631347656
2010-04-16,42.98880386352539
2010-04-19,42.96275329589844
2010-04-20,43.17973327636719
2010-04-21,43.422786712646484
2010-04-22,43.665775299072266
2010-04-23,43.84805679321289
2010-04-26,43.75257873535156
2010-04-27,42.82389450073242
2010-04-28,42.849937438964844
2010-04-29,43.59634780883789
2010-04-30,42.73708724975586
2010-05-03,43.33597183227539
2010-05-04,42.03404998779297
2010-05-05,41.817073822021484
2010-05-06,40.419715881347656
2010-05-07,39.412906646728516
2010-05-10,41.46122360229492
2010-05-11,41.417842864990234
2010-05-12,42.1989631652832
2010-05-13,41.53066635131836
2010-05-14,40.7321662902832
2010-05-17,40.862361907958984
2010-05-18,40.29820251464844
2010-05-19,39.97706985473633
2010-05-20,38.492889404296875
2010-05-21,38.91818618774414
2010-05-24,38.761959075927734
2010-05-25,38.79667663574219
2010-05-26,38.36271667480469
2010-05-27,39.81216049194336
2010-05-28,39.57782745361328
2010-06-01,39.213294982910156
2010-06-02,40.14197540283203
2010-06-03,40.52385330200195
2010-06-04,39.13517379760742
2010-06-07,38.423458099365234
2010-06-08,38.3540153503418
2010-06-09,38.03289031982422
2010-06-10,39.1177978515625
2010-06-11,39.491004943847656
2010-06-14,39.482330322265625
2010-06-15,40.54121780395508
2010-06-16,40.70612335205078
2010-06-17,40.83631896972656
2010-06-18,40.870216369628906
2010-06-21,40.52239990234375
2010-06-22,40.2093620300293
2010-06-23,40.04412841796875
2010-06-24,39.435420989990234
2010-06-25,39.44327163696289
2010-06-28,39.30386734008789
2010-06-29,37.78782272338867
2010-06-30,37.212764739990234
2010-07-01,37.10821533203125
2010-07-02,37.00366973876953
2010-07-06,37.116920471191406
2010-07-07,38.301876068115234
2010-07-08,38.51101303100586
2010-07-09,38.87691879272461
2010-07-12,38.99021530151367
2010-07-13,39.495548248291016
2010-07-14,39.69594192504883
2010-07-15,39.73080062866211
2010-07-16,38.63295364379883
2010-07-19,38.964073181152344
2010-07-20,39.4345588684082
2010-07-21,38.894351959228516
2010-07-22,39.878910064697266
2010-07-23,40.131591796875
2010-07-26,40.46267318725586
2010-07-27,40.445247650146484
2010-07-28,40.12287521362305
2010-07-29,39.82663345336914
2010-07-30,39.91377639770508
2010-08-02,40.6630744934082
2010-08-03,40.488826751708984
2010-08-04,40.898319244384766
2010-08-05,40.80247116088867
2010-08-06,40.741485595703125
2010-08-09,41.02031326293945
2010-08-10,40.6630744934082
2010-08-11,39.55654525756836
2010-08-12,39.242889404296875
2010-08-13,38.964073181152344
2010-08-16,39.033775329589844
2010-08-17,39.530391693115234
2010-08-18,39.687232971191406
2010-08-19,39.08605194091797
2010-08-20,39.13832473754883
2010-08-23,38.75493240356445
2010-08-24,38.03178787231445
2010-08-25,38.397727966308594
2010-08-26,37.935943603515625
2010-08-27,38.397727966308594
2010-08-30,37.99694061279297
2010-08-31,37.866233825683594
2010-09-01,38.99891662597656
2010-09-02,39.4345588684082
2010-09-03,40.0880241394043
2010-09-07,39.81791305541992
2010-09-08,40.29713439941406
2010-09-09,40.453975677490234
2010-09-10,40.602081298828125
2010-09-13,41.16841506958008
2010-09-14,41.342681884765625
2010-09-15,41.60407257080078
2010-09-16,41.76961898803711
2010-09-17,41.91107940673828
2010-09-20,42.64468765258789
2010-09-21,42.635963439941406
2010-09-22,42.522422790527344
2010-09-23,42.50495529174805
2010-09-24,43.36956024169922
2010-09-27,43.133750915527344
2010-09-28,43.11628341674805
2010-09-29,43.04642868041992
2010-09-30,42.854286193847656
2010-10-01,42.8018913269043
2010-10-04,42.33902359008789
2010-10-05,43.36956024169922
2010-10-06,42.9940185546875
2010-10-07,43.15122985839844
2010-10-08,43.44813537597656
2010-10-11,43.46562194824219
2010-10-12,43.762542724609375
2010-10-13,44.1206169128418
2010-10-14,44.03328323364258
2010-10-15,44.967750549316406
2010-10-18,44.80180740356445
2010-10-19,44.38261795043945
2010-10-20,44.705772399902344
2010-10-21,44.793087005615234
2010-10-22,45.0987434387207
2010-10-25,45.31709671020508
2010-10-26,45.43933868408203
2010-10-27,45.57907485961914
2010-10-28,45.67515182495117
2010-10-29,45.570335388183594
2010-11-01,45.605281829833984
2010-11-02,46.09435272216797
2010-11-03,46.30393600463867
2010-11-04,46.87161636352539
2010-11-05,46.87161636352539
2010-11-08,46.9327392578125
2010-11-09,46.67946243286133
2010-11-10,46.915260314941406
2010-11-11,46.618343353271484
2010-11-12,45.85852813720703
2010-11-15,45.683860778808594
2010-11-16,44.93280029296875
2010-11-17,45.063819885253906
2010-11-18,45.78868103027344
2010-11-19,45.8235969543457
2010-11-22,46.207881927490234
2010-11-23,45.474281311035156
2010-11-24,46.39127731323242
2010-11-26,46.085609436035156
2010-11-29,46.050662994384766
2010-11-30,45.49174499511719
2010-12-01,46.4524040222168
2010-12-02,46.923988342285156
2010-12-03,47.04627990722656
2010-12-06,47.0287971496582
2010-12-07,47.05501174926758
2010-12-08,47.22966766357422
2010-12-09,47.27333450317383
2010-12-10,47.58773422241211
2010-12-13,47.42179489135742
2010-12-14,47.509132385253906
2010-12-15,47.29953384399414
2010-12-16,47.66633224487305
2010-12-17,47.70832824707031
2010-12-20,47.74334716796875
2010-12-21,48.0321159362793
2010-12-22,48.02336120605469
2010-12-23,47.900856018066406
2010-12-27,47.927120208740234
2010-12-28,47.839599609375
2010-12-29,47.94462585449219
2010-12-30,47.83085250854492
2010-12-31,47.655826568603516
2011-01-03,48.39964294433594
2011-01-04,48.36463165283203
2011-01-05,48.77589797973633
2011-01-06,48.93341827392578
2011-01-07,48.88968276977539
2011-01-10,49.07343673706055
2011-01-11,49.14344787597656
2011-01-12,49.49345779418945
2011-01-13,49.51096725463867
2011-01-14,49.87849807739258
2011-01-18,50.018497467041016
2011-01-19,49.44969940185547
2011-01-20,49.09968185424805
2011-01-21,48.7234001159668
2011-01-24,49.3972053527832
2011-01-25,49.46720886230469
2011-01-26,49.729736328125
2011-01-27,50.0359992980957
2011-01-28,48.76716613769531
2011-01-31,49.00342559814453
2011-02-01,49.9222526550293
2011-02-02,49.84347915649414
2011-02-03,49.930999755859375
2011-02-04,50.21100616455078
2011-02-07,50.44727325439453
2011-02-08,50.77981185913086
2011-02-09,50.692291259765625
2011-02-10,50.77106475830078
2011-02-11,51.13856887817383
2011-02-14,51.261077880859375
2011-02-15,51.19107437133789
2011-02-16,51.52360534667969
2011-02-17,51.50608444213867
2011-02-18,51.392337799072266
2011-02-22,49.904747009277344
2011-02-23,49.49345779418945
2011-02-24,49.755977630615234
2011-02-25,50.44727325439453
2011-02-28,50.55228805541992
2011-03-01,49.73847198486328
2011-03-02,50.001007080078125
2011-03-03,50.989810943603516
2011-03-04,50.7273063659668
2011-03-07,50.04475402832031
2011-03-08,50.24601364135742
2011-03-09,49.904747009277344
2011-03-10,49.12592697143555
2011-03-11,49.43220138549805
2011-03-14,49.25718688964844
2011-03-15,48.55714797973633
2011-03-16,47.38457489013672
2011-03-17,47.82210922241211
2011-03-18,47.71431350708008
2011-03-21,48.63441467285156
2011-03-22,48.54678726196289
2011-03-23,48.81846237182617
2011-03-24,49.68596267700195
2011-03-25,49.80866622924805
2011-03-28,49.537010192871094
2011-03-29,50.01897430419922
2011-03-30,50.25557327270508
2011-03-31,50.3256721496582
2011-04-01,50.35195541381836
2011-04-04,50.18547058105469
2011-04-05,50.05403518676758
2011-04-06,50.176692962646484
2011-04-07,50.14165496826172
2011-04-08,49.905059814453125
2011-04-11,49.73855209350586
2011-04-12,49.396793365478516
2011-04-13,49.81742858886719
2011-04-14,49.729801177978516
2011-04-15,49.64216995239258
2011-04-18,49.29164505004883
2011-04-19,49.59835433959961
2011-04-20,50.72001266479492
2011-04-21,51.123085021972656
2011-04-25,51.25454330444336
2011-04-26,51.54372024536133
2011-04-27,51.89423751831055
2011-04-28,51.815372467041016
2011-04-29,51.771575927734375
2011-05-02,51.6751708984375
2011-05-03,51.4297981262207
2011-05-04,51.35093688964844
2011-05-05,51.07050704956055
2011-05-06,51.23703384399414
2011-05-09,51.4297981262207
2011-05-10,51.86796569824219
2011-05-11,51.491153717041016
2011-05-12,51.7978515625
2011-05-13,51.18442916870117
2011-05-16,50.29938888549805
2011-05-17,50.43959426879883
2011-05-18,50.86021423339844
2011-05-19,51.00918197631836
2011-05-20,50.62361526489258
2011-05-23,49.87876510620117
2011-05-24,49.57204818725586
2011-05-25,49.76484298706055
2011-05-26,50.0715446472168
2011-05-27,50.3256721496582
2011-05-31,51.140628814697266
2011-06-01,50.02772521972656
2011-06-02,50.13288497924805
2011-06-03,49.379276275634766
2011-06-06,48.97617721557617
2011-06-07,48.888553619384766
2011-06-08,48.53804016113281
2011-06-09,48.62567138671875
2011-06-10,47.88080596923828
2011-06-13,47.88080596923828
2011-06-14,48.49422073364258
2011-06-15,47.574092864990234
2011-06-16,47.39008712768555
2011-06-17,47.24166488647461
2011-06-20,47.48756790161133
2011-06-21,48.5063591003418
2011-06-22,48.1550407409668
2011-06-23,48.60295104980469
2011-06-24,47.75983428955078
2011-06-27,48.52392578125
2011-06-28,49.24408721923828
2011-06-29,49.44608688354492
2011-06-30,50.104793548583984
2011-07-01,50.86009216308594
2011-07-05,51.11479949951172
2011-07-06,51.281654357910156
2011-07-07,51.984275817871094
2011-07-08,51.84374237060547
2011-07-11,50.90401077270508
2011-07-12,50.51759338378906
2011-07-13,50.72835922241211
2011-07-14,50.139923095703125
2011-07-15,50.8073844909668
2011-07-18,50.53514099121094
2011-07-19,51.685665130615234
2011-07-20,51.466094970703125
2011-07-21,51.808616638183594
2011-07-22,52.344356536865234
2011-07-25,52.23896789550781
2011-07-26,52.370697021484375
2011-07-27,51.018184661865234
2011-07-28,51.10600280761719
2011-07-29,50.93912887573242
2011-08-01,50.70201873779297
2011-08-02,49.41975021362305
2011-08-03,49.89399337768555
2011-08-04,47.575401306152344
2011-08-05,47.27678680419922
2011-08-08,44.43123245239258
2011-08-09,46.57419204711914
2011-08-10,44.668357849121094
2011-08-11,46.63565444946289
2011-08-12,47.04843521118164
2011-08-15,47.74226760864258
2011-08-16,47.338260650634766
2011-08-17,47.05723571777344
2011-08-18,44.74740219116211
2011-08-19,43.93939208984375
2011-08-22,44.09748458862305
2011-08-23,45.91548538208008
2011-08-24,46.275569915771484
2011-08-25,45.52027893066406
2011-08-26,46.66200256347656
2011-08-29,47.96183395385742
2011-08-30,48.27799606323242
2011-08-31,48.35706329345703
2011-09-01,47.91790008544922
2011-09-02,46.79372787475586
2011-09-06,46.80253982543945
2011-09-07,47.98817825317383
2011-09-08,47.76860809326172
2011-09-09,46.705928802490234
2011-09-12,47.30311965942383
2011-09-13,47.93547439575195
2011-09-14,48.62053680419922
2011-09-15,49.340702056884766
2011-09-16,49.792964935302734
2011-09-19,49.8105583190918
2011-09-20,49.590606689453125
2011-09-21,48.72830581665039
2011-09-22,47.144508361816406
2011-09-23,47.646034240722656
2011-09-26,48.200340270996094
2011-09-27,48.701900482177734
2011-09-28,47.98039627075195
2011-09-29,47.40846633911133
2011-09-30,46.18540573120117
2011-10-03,44.997562408447266
2011-10-04,45.92145919799805
2011-10-05,47.100502014160156
2011-10-06,47.89241027832031
2011-10-07,47.57564163208008
2011-10-10,49.22102737426758
2011-10-11,49.5554084777832
2011-10-12,49.8017692565918
2011-10-13,50.25930404663086
2011-10-14,51.191978454589844
2011-10-17,50.40008544921875
2011-10-18,51.02480697631836
2011-10-19,50.03934097290039
2011-10-20,49.792964935302734
2011-10-21,50.41767883300781
2011-10-24,51.46475601196289
2011-10-25,50.45288848876953
2011-10-26,50.39130401611328
2011-10-27,51.781524658203125
2011-10-28,51.86071014404297
2011-10-31,50.98961639404297
2011-11-01,49.660980224609375
2011-11-02,50.08332443237305
2011-11-03,51.12159729003906
2011-11-04,50.857635498046875
2011-11-07,51.218379974365234
2011-11-08,51.80791473388672
2011-11-09,49.98653030395508
2011-11-10,49.960147857666016
2011-11-11,50.901615142822266
2011-11-14,50.58487319946289
2011-11-15,51.14799880981445
2011-11-16,50.30329895019531
2011-11-17,49.12424850463867
2011-11-18,48.74589538574219
2011-11-21,47.81321334838867
2011-11-22,47.97159194946289
2011-11-23,46.88934326171875
2011-11-25,46.52857971191406
2011-11-28,48.1475715637207
2011-11-29,47.848411560058594
2011-11-30,49.616981506347656
2011-12-01,49.960147857666016
2011-12-02,49.81936264038086
2011-12-05,50.364891052246094
2011-12-06,50.22411346435547
2011-12-07,50.22411346435547
2011-12-08,49.379425048828125
2011-12-09,50.17131042480469
2011-12-12,49.608192443847656
2011-12-13,49.06265640258789
2011-12-14,48.297176361083984
2011-12-15,48.1651725769043
2011-12-16,48.41316223144531
2011-12-19,47.93661117553711
2011-12-20,49.357418060302734
2011-12-21,48.65141677856445
2011-12-22,49.06618881225586
2011-12-23,49.489784240722656
2011-12-27,49.674381256103516
2011-12-28,49.10026168823242
2011-12-29,49.453575134277344
2011-12-30,49.312252044677734
2012-01-03,50.257328033447266
2012-01-04,50.46931076049805
2012-01-05,50.88444900512695
2012-01-06,51.06110763549805
2012-01-09,50.89328384399414
2012-01-10,51.26424026489258
2012-01-11,51.3702278137207
2012-01-12,51.5733757019043
2012-01-13,51.387901306152344
2012-01-17,51.856021881103516
2012-01-18,52.54497146606445
2012-01-19,52.87178039550781
2012-01-20,52.79227828979492
2012-01-23,52.8099479675293
2012-01-24,52.7127799987793
2012-01-25,53.37521743774414
2012-01-26,53.18974304199219
2012-01-27,53.348731994628906
2012-01-30,53.392887115478516
2012-01-31,53.46354675292969
2012-02-01,53.8963508605957
2012-02-02,54.06415557861328
2012-02-03,54.80610656738281
2012-02-06,54.761924743652344
2012-02-07,54.876773834228516
2012-02-08,55.168235778808594
2012-02-09,55.56570816040039
2012-02-10,55.17707824707031
2012-02-13,55.68935012817383
2012-02-14,55.8306770324707
2012-02-15,55.442054748535156
2012-02-16,56.20164489746094
2012-02-17,56.02499008178711
2012-02-21,56.183990478515625
2012-02-22,55.9278450012207
2012-02-23,56.29881286621094
2012-02-24,56.49312210083008
2012-02-27,56.57262420654297
2012-02-28,57.146728515625
2012-02-29,56.89059066772461
2012-03-01,57.34105682373047
2012-03-02,57.2968864440918
2012-03-05,56.70510482788086
2012-03-06,56.148651123046875
2012-03-07,56.58143997192383
2012-03-08,57.19091033935547
2012-03-09,57.429378509521484
2012-03-12,57.45588302612305
2012-03-13,58.524635314941406
2012-03-14,58.72776412963867
2012-03-15,58.895591735839844
2012-03-16,58.854000091552734
2012-03-19,59.26984405517578
2012-03-20,59.37602996826172
2012-03-21,59.38485336303711
2012-03-22,59.2609977722168
2012-03-23,59.225589752197266
2012-03-26,60.26077651977539
2012-03-27,60.349239349365234
2012-03-28,60.11035919189453
2012-03-29,59.88032150268555
2012-03-30,59.765316009521484
2012-04-02,60.384639739990234
2012-04-03,60.3669548034668
2012-04-04,59.54411697387695
2012-04-05,59.91571044921875
2012-04-09,59.46449661254883
2012-04-10,58.508934020996094
2012-04-11,58.792057037353516
2012-04-12,59.46449661254883
2012-04-13,58.562049865722656
2012-04-16,57.90729904174805
2012-04-17,59.08403396606445
2012-04-18,58.93363571166992
2012-04-19,58.27005386352539
2012-04-20,58.1108283996582
2012-04-23,57.57994079589844
2012-04-24,57.270286560058594
2012-04-25,58.792057037353516
2012-04-26,59.13711166381836
2012-04-27,59.49101257324219
2012-04-30,59.066349029541016
2012-05-01,59.1636848449707
2012-05-02,59.331783294677734
2012-05-03,58.703582763671875
2012-05-04,57.24374008178711
2012-05-07,57.29682159423828
2012-05-08,57.08449935913086
2012-05-09,56.90753936767578
2012-05-10,56.792518615722656
2012-05-11,56.7836799621582
2012-05-14,56.252830505371094
2012-05-15,56.06700897216797
2012-05-16,55.68656921386719
2012-05-17,54.509857177734375
2012-05-18,53.80204772949219
2012-05-21,55.306114196777344
2012-05-22,55.244197845458984
2012-05-23,55.35036087036133
2012-05-24,54.98762512207031
2012-05-25,54.91683578491211
2012-05-29,55.615779876708984
2012-05-30,55.146873474121094
2012-05-31,54.907981872558594
2012-06-01,53.44814682006836
2012-06-04,53.855125427246094
2012-06-05,54.076324462890625
2012-06-06,55.31498718261719
2012-06-07,55.093780517578125
2012-06-08,55.62464904785156
2012-06-11,54.68681716918945
2012-06-12,55.35036087036133
2012-06-13,54.96992874145508
2012-06-14,55.173404693603516
2012-06-15,55.85890579223633
2012-06-18,56.38211441040039
2012-06-19,56.9673957824707
2012-06-20,57.0117301940918
2012-06-21,55.592872619628906
2012-06-22,56.17815017700195
2012-06-25,55.096256256103516
2012-06-26,55.44211959838867
2012-06-27,55.77909851074219
2012-06-28,55.15835189819336
2012-06-29,56.89645004272461
2012-07-02,57.064937591552734
2012-07-03,57.54379653930664
2012-07-05,57.579280853271484
2012-07-06,56.86098098754883
2012-07-09,56.75456619262695
2012-07-10,56.19587326049805
2012-07-11,55.88551712036133
2012-07-12,55.36228942871094
2012-07-13,56.20475387573242
2012-07-16,56.045127868652344
2012-07-17,56.3377685546875
2012-07-18,57.10039138793945
2012-07-19,57.73004150390625
2012-07-20,56.9673957824707
2012-07-23,56.275699615478516
2012-07-24,55.8322868347168
2012-07-25,55.45984649658203
2012-07-26,56.19587326049805
2012-07-27,57.52607345581055
2012-07-30,57.48172378540039
2012-07-31,57.46400833129883
2012-08-01,57.29550552368164
2012-08-02,57.09154510498047
2012-08-03,58.17342758178711
2012-08-06,58.61681365966797
2012-08-07,59.10456085205078
2012-08-08,59.07794952392578
2012-08-09,59.25529861450195
2012-08-10,59.29076385498047
2012-08-13,59.43267059326172
2012-08-14,59.45928192138672
2012-08-15,59.61002731323242
2012-08-16,60.31948471069336
2012-08-17,60.58549499511719
2012-08-20,60.67417907714844
2012-08-21,60.43473434448242
2012-08-22,60.68301773071289
2012-08-23,60.186458587646484
2012-08-24,60.558895111083984
2012-08-27,60.65644454956055
2012-08-28,60.65644454956055
2012-08-29,60.65644454956055
2012-08-30,60.04454040527344
2012-08-31,60.443599700927734
2012-09-04,60.38151550292969
2012-09-05,60.31948471069336
2012-09-06,61.65850067138672
2012-09-07,61.569828033447266
2012-09-10,60.78059768676758
2012-09-11,60.68301773071289
2012-09-12,60.86038589477539
2012-09-13,61.685123443603516
2012-09-14,62.234954833984375
2012-09-17,62.261539459228516
2012-09-18,62.31472396850586
2012-09-19,62.43000793457031
2012-09-20,62.36793518066406
2012-09-21,62.38573455810547
2012-09-24,62.02110290527344
2012-09-25,61.14957809448242
2012-09-26,60.651554107666016
2012-09-27,61.48754119873047
2012-09-28,60.9806022644043
2012-10-01,60.891666412353516
2012-10-02,61.069522857666016
2012-10-03,61.460838317871094
2012-10-04,61.674259185791016
2012-10-05,61.34524154663086
2012-10-08,60.78495788574219
2012-10-09,59.81557846069336
2012-10-10,59.513248443603516
2012-10-11,59.32645797729492
2012-10-12,59.299800872802734
2012-10-15,59.735557556152344
2012-10-16,60.580413818359375
2012-10-17,60.54484176635742
2012-10-18,59.84227752685547
2012-10-19,58.41046142578125
2012-10-22,58.71284484863281
2012-10-23,58.15255355834961
2012-10-24,57.948028564453125
2012-10-25,57.948028564453125
2012-10-26,58.11699295043945
2012-10-31,57.76126480102539
2012-11-01,58.579444885253906
2012-11-02,57.95692443847656
2012-11-05,58.33932113647461
2012-11-06,58.4460334777832
2012-11-07,57.067596435546875
2012-11-08,56.16938018798828
2012-11-09,56.40950393676758
2012-11-12,56.40060806274414
2012-11-13,56.00930404663086
2012-11-14,55.35121154785156
2012-11-15,55.16445541381836
2012-11-16,55.404579162597656
2012-11-19,56.720767974853516
2012-11-20,56.73855972290039
2012-11-21,56.854164123535156
2012-11-23,57.716800689697266
2012-11-26,57.9658088684082
2012-11-27,57.77015686035156
2012-11-28,58.268184661865234
2012-11-29,58.61502456665039
2012-11-30,58.517208099365234
2012-12-03,58.40156173706055
2012-12-04,58.366004943847656
2012-12-05,57.716800689697266
2012-12-06,58.09032440185547
2012-12-07,57.74348068237305
2012-12-10,57.912471771240234
2012-12-11,58.668365478515625
2012-12-12,58.54384231567383
2012-12-13,58.08140563964844
2012-12-14,57.530052185058594
2012-12-17,58.29486846923828
2012-12-18,59.18418502807617
2012-12-19,58.92628479003906
2012-12-20,58.92628479003906
2012-12-21,58.306541442871094
2012-12-24,58.19028091430664
2012-12-26,57.68055725097656
2012-12-27,57.59112548828125
2012-12-28,57.036678314208984
2012-12-31,58.243953704833984
2013-01-02,60.095088958740234
2013-01-03,59.78207015991211
2013-01-04,59.585357666015625
2013-01-07,59.60322952270508
2013-01-08,59.48698043823242
2013-01-09,59.71054458618164
2013-01-10,60.06825256347656
2013-01-11,60.148738861083984
2013-01-14,59.880470275878906
2013-01-15,59.585357666015625
2013-01-16,59.826812744140625
2013-01-17,60.112953186035156
2013-01-18,59.978843688964844
2013-01-22,60.07720947265625
2013-01-23,60.443870544433594
2013-01-24,59.61219787597656
2013-01-25,59.916229248046875
2013-01-28,60.05037307739258
2013-01-29,60.059326171875
2013-01-30,59.93412399291992
2013-01-31,59.79998779296875
2013-02-01,60.506446838378906
2013-02-04,59.45122528076172
2013-02-05,60.32761001586914
2013-02-06,60.13085174560547
2013-02-07,60.18451690673828
2013-02-08,60.801551818847656
2013-02-11,60.8194580078125
2013-02-12,60.56907272338867
2013-02-13,60.78369140625
2013-02-14,60.76579284667969
2013-02-15,60.5869255065918
2013-02-19,61.02511978149414
2013-02-20,60.08612823486328
2013-02-21,59.44228744506836
2013-02-22,60.041412353515625
2013-02-25,59.299190521240234
2013-02-26,59.52275085449219
2013-02-27,60.13085174560547
2013-02-28,60.00563049316406
2013-03-01,60.25605773925781
2013-03-04,60.52434539794922
2013-03-05,61.41862106323242
2013-03-06,61.266605377197266
2013-03-07,61.42756271362305
2013-03-08,61.499114990234375
2013-03-11,61.67794418334961
2013-03-12,61.454368591308594
2013-03-13,61.3738899230957
2013-03-14,61.57958984375
2013-03-15,61.40840148925781
2013-03-18,61.2739372253418
2013-03-19,61.15743637084961
2013-03-20,61.587650299072266
2013-03-21,60.888519287109375
2013-03-22,61.480064392089844
2013-03-25,61.25596618652344
2013-03-26,61.587650299072266
2013-03-27,61.66831970214844
2013-03-28,61.82069778442383
2013-04-01,61.399410247802734
2013-04-02,61.88344955444336
2013-04-03,61.318748474121094
2013-04-04,61.336669921875
2013-04-05,60.82577133178711
2013-04-08,61.1484489440918
2013-04-09,61.56075668334961
2013-04-10,62.7618408203125
2013-04-11,62.73493957519531
2013-04-12,62.69013595581055
2013-04-15,61.45320510864258
2013-04-16,62.26886749267578
2013-04-17,61.049835205078125
2013-04-18,60.2072639465332
2013-04-19,61.03192901611328
2013-04-22,61.65936279296875
2013-04-23,62.25096130371094
2013-04-24,62.22406768798828
2013-04-25,62.55570983886719
2013-04-26,62.35847091674805
2013-04-29,62.93217468261719
2013-04-30,63.3892822265625
2013-05-01,63.09347152709961
2013-05-02,63.891258239746094
2013-05-03,64.6441879272461
2013-05-06,64.8951416015625
2013-05-07,64.85929870605469
2013-05-08,65.17301940917969
2013-05-09,65.08338165283203
2013-05-10,65.47777557373047
2013-05-13,65.55842590332031
2013-05-14,65.89903259277344
2013-05-15,66.03347778320312
2013-05-16,65.96177673339844
2013-05-17,66.59817504882812
2013-05-20,66.49958038330078
2013-05-21,66.5712890625
2013-05-22,65.98867797851562
2013-05-23,65.83628845214844
2013-05-24,65.80044555664062
2013-05-28,66.2306900024414
2013-05-29,65.91698455810547
2013-05-30,66.26657104492188
2013-05-31,65.65704345703125
2013-06-03,65.7735366821289
2013-06-04,65.43294525146484
2013-06-05,64.58143615722656
2013-06-06,64.8951416015625
2013-06-07,65.78256225585938
2013-06-10,65.80943298339844
2013-06-11,65.15509796142578
2013-06-12,64.40216064453125
2013-06-13,65.21781921386719
2013-06-14,64.78756713867188
2013-06-17,65.41505432128906
2013-06-18,65.95285034179688
2013-06-19,65.21781921386719
2013-06-20,63.667171478271484
2013-06-21,63.329063415527344
2013-06-24,62.69965362548828
2013-06-25,63.158199310302734
2013-06-26,63.724708557128906
2013-06-27,63.99444580078125
2013-06-28,64.08438873291016
2013-07-01,64.48004150390625
2013-07-02,64.50698852539062
2013-07-03,64.76774597167969
2013-07-05,65.2623291015625
2013-07-08,65.32525634765625
2013-07-09,65.72087860107422
2013-07-10,66.09854125976562
2013-07-11,67.41133117675781
2013-07-12,67.70806121826172
2013-07-15,67.8609390258789
2013-07-16,67.77101135253906
2013-07-17,67.94183349609375
2013-07-18,67.77101135253906
2013-07-19,67.06964874267578
2013-07-22,67.26748657226562
2013-07-23,66.7729263305664
2013-07-24,66.98873138427734
2013-07-25,67.41133117675781
2013-07-26,67.77101135253906
2013-07-29,67.64514923095703
2013-07-30,68.00480651855469
2013-07-31,68.13068389892578
2013-08-01,68.82300567626953
2013-08-02,69.20970153808594
2013-08-05,69.25465393066406
2013-08-06,68.84103393554688
2013-08-07,68.71515655517578
2013-08-08,69.05687713623047
2013-08-09,68.77806091308594
2013-08-12,68.93990325927734
2013-08-13,69.32657623291016
2013-08-14,69.0657958984375
2013-08-15,67.89691162109375
2013-08-16,67.86992645263672
2013-08-19,67.75302124023438
2013-08-20,68.04975891113281
2013-08-21,67.81597137451172
2013-08-22,68.48136901855469
2013-08-23,68.93990325927734
2013-08-26,68.97592163085938
2013-08-27,67.5642318725586
2013-08-28,67.82495880126953
2013-08-29,68.30154418945312
2013-08-30,67.8609390258789
2013-09-03,68.24759674072266
2013-09-04,68.97592163085938
2013-09-05,69.09278869628906
2013-09-06,69.1737289428711
2013-09-09,69.9830093383789
2013-09-10,70.3246841430664
2013-09-11,70.18978881835938
2013-09-12,70.14484405517578
2013-09-13,70.18978881835938
2013-09-16,70.0009765625
2013-09-17,70.46854400634766
2013-09-18,71.31376647949219
2013-09-19,71.484619140625
2013-09-20,71.23931121826172
2013-09-23,71.0949935913086
2013-09-24,71.0949935913086
2013-09-25,70.85147857666016
2013-09-26,71.4016342163086
2013-09-27,71.31147003173828
2013-09-30,71.14009857177734
2013-10-01,71.8615951538086
2013-10-02,71.83454895019531
2013-10-03,70.99581146240234
2013-10-04,71.60906982421875
2013-10-07,71.01383209228516
2013-10-08,69.64299011230469
2013-10-09,69.42654418945312
2013-10-10,70.89659881591797
2013-10-11,71.45574951171875
2013-10-14,71.96080780029297
2013-10-15,71.68124389648438
2013-10-16,72.49288177490234
2013-10-17,72.90776824951172
2013-10-18,74.08924102783203
2013-10-21,74.25157165527344
2013-10-22,74.35979461669922
2013-10-23,73.9088363647461
2013-10-24,74.23353576660156
2013-10-25,74.76563262939453
2013-10-28,74.7836685180664
2013-10-29,74.90991973876953
2013-10-30,74.83778381347656
2013-10-31,74.66643524169922
2013-11-01,74.6844711303711
2013-11-04,74.79268646240234
2013-11-05,74.87387084960938
2013-11-06,74.8558349609375
2013-11-07,73.44891357421875
2013-11-08,74.44097900390625
2013-11-11,74.32371520996094
2013-11-12,74.44097900390625
2013-11-13,75.34283447265625
2013-11-14,75.57734680175781
2013-11-15,75.72161865234375
2013-11-18,74.98210144042969
2013-11-19,74.76563262939453
2013-11-20,74.58525085449219
2013-11-21,75.34283447265625
2013-11-22,75.74869537353516
2013-11-25,75.92909240722656
2013-11-26,76.32587432861328
2013-11-27,76.85798645019531
2013-11-29,77.31797790527344
2013-12-02,77.09246826171875
2013-12-03,77.02935028076172
2013-12-04,77.10153198242188
2013-12-05,77.00230407714844
2013-12-06,77.56146240234375
2013-12-09,77.87711334228516
2013-12-10,77.82301330566406
2013-12-11,76.82191467285156
2013-12-12,76.62351989746094
2013-12-13,76.52429962158203
2013-12-16,76.94818878173828
2013-12-17,76.79486083984375
2013-12-18,77.68772888183594
2013-12-19,77.47127532958984
2013-12-20,78.26020812988281
2013-12-23,79.08356475830078
2013-12-24,79.11969757080078
2013-12-26,79.38207244873047
2013-12-27,79.18304443359375
2013-12-30,79.06544494628906
2013-12-31,79.58111572265625
2014-01-02,78.95687866210938
2014-01-03,78.3868637084961
2014-01-06,78.09736633300781
2014-01-07,78.8211669921875
2014-01-08,78.99304962158203
2014-01-09,78.7306900024414
2014-01-10,78.98401641845703
2014-01-13,77.81688690185547
2014-01-14,79.30066680908203
2014-01-15,79.95207977294922
2014-01-16,79.96109771728516
2014-01-17,79.50875091552734
2014-01-21,80.11494445800781
2014-01-22,80.32303619384766
2014-01-23,80.05160522460938
2014-01-24,78.47735595703125
2014-01-27,77.71733856201172
2014-01-28,77.67216491699219
2014-01-29,76.83977508544922
2014-01-30,78.26020812988281
2014-01-31,78.0521011352539
2014-02-03,76.26074981689453
2014-02-04,76.82170104980469
2014-02-05,76.62263488769531
2014-02-06,77.59976196289062
2014-02-07,78.98401641845703
2014-02-10,79.4363784790039
2014-02-11,80.34111785888672
2014-02-12,80.49494171142578
2014-02-13,81.09207916259766
2014-02-14,81.2549057006836
2014-02-18,81.6529769897461
2014-02-19,81.09207916259766
2014-02-20,81.47203826904297
2014-02-21,81.3635025024414
2014-02-24,81.79776000976562
2014-02-25,81.70728302001953
2014-02-26,81.63490295410156
2014-02-27,82.16455841064453
2014-02-28,82.07369232177734
2014-03-03,81.46502685546875
2014-03-04,82.50070190429688
2014-03-05,82.72779846191406
2014-03-06,82.65514373779297
2014-03-07,82.24630737304688
2014-03-10,82.31900787353516
2014-03-11,81.96468353271484
2014-03-12,82.27359008789062
2014-03-13,81.11068725585938
2014-03-14,80.55650329589844
2014-03-17,81.26514434814453
2014-03-18,82.24630737304688
2014-03-19,81.80113983154297
2014-03-20,82.02830505371094
2014-03-21,81.04120635986328
2014-03-24,80.33097076416016
2014-03-25,80.59503173828125
2014-03-26,79.55699157714844
2014-03-27,79.11079406738281
2014-03-28,79.2656021118164
2014-03-31,79.83014678955078
2014-04-01,81.23245239257812
2014-04-02,81.44190216064453
2014-04-03,80.79537200927734
2014-04-04,78.6463851928711
2014-04-07,77.89974212646484
2014-04-08,78.61907196044922
2014-04-09,79.96675109863281
2014-04-10,77.4899673461914
2014-04-11,76.58851623535156
2014-04-14,77.1894760131836
2014-04-15,77.44444274902344
2014-04-16,78.47340393066406
2014-04-17,78.4915771484375
2014-04-21,79.07435607910156
2014-04-22,79.70266723632812
2014-04-23,79.00154113769531
2014-04-24,79.75729370117188
2014-04-25,78.48250579833984
2014-04-28,78.73746490478516
2014-04-29,79.3657455444336
2014-04-30,79.5751724243164
2014-05-01,79.81195068359375
2014-05-02,79.66624450683594
2014-05-05,80.0851058959961
2014-05-06,79.04706573486328
2014-05-07,78.81941986083984
2014-05-08,78.74656677246094
2014-05-09,79.03800201416016
2014-05-12,80.340087890625
2014-05-13,80.39469146728516
2014-05-14,79.97586059570312
2014-05-15,79.3475570678711
2014-05-16,79.8665771484375
2014-05-19,80.42204284667969
2014-05-20,80.13064575195312
2014-05-21,80.89553833007812
2014-05-22,81.25062561035156
2014-05-23,81.842529296875
2014-05-27,82.86236572265625
2014-05-28,82.60739135742188
2014-05-29,83.13552856445312
2014-05-30,83.14464569091797
2014-06-02,83.0627212524414
2014-06-03,83.02626037597656
2014-06-04,83.33586120605469
2014-06-05,84.03699493408203
2014-06-06,84.51959228515625
2014-06-09,84.45587921142578
2014-06-10,84.60157012939453
2014-06-11,84.58336639404297
2014-06-12,83.81846618652344
2014-06-13,84.06433868408203
2014-06-16,84.13719177246094
2014-06-17,84.18270111083984
2014-06-18,84.65621185302734
2014-06-19,84.60157012939453
2014-06-20,84.70105743408203
2014-06-23,84.71932220458984
2014-06-24,84.63716888427734
2014-06-25,85.1758804321289
2014-06-26,85.22149658203125
2014-06-27,85.59584045410156
2014-06-30,85.74192810058594
2014-07-01,86.68234252929688
2014-07-02,86.82844543457031
2014-07-03,87.376220703125
2014-07-07,87.11148071289062
2014-07-08,86.06147766113281
2014-07-09,86.70059967041016
2014-07-10,86.42671203613281
2014-07-11,86.98362731933594
2014-07-14,87.50406646728516
2014-07-15,87.20277404785156
2014-07-16,87.54971313476562
2014-07-17,86.39019012451172
2014-07-18,87.75969696044922
2014-07-21,87.65013885498047
2014-07-22,88.20709991455078
2014-07-23,88.77316284179688
2014-07-24,88.67271423339844
2014-07-25,88.3257827758789
2014-07-28,88.3531723022461
2014-07-29,88.19795989990234
2014-07-30,88.544921875
2014-07-31,86.7553482055664
2014-08-01,86.43582153320312
2014-08-04,87.02928924560547
2014-08-05,86.36278533935547
2014-08-06,86.29889678955078
2014-08-07,86.02497863769531
2014-08-08,86.64581298828125
2014-08-11,87.15708923339844
2014-08-12,87.12060546875
2014-08-13,88.0427474975586
2014-08-14,88.49928283691406
2014-08-15,88.92837524414062
2014-08-18,89.6131362915039
2014-08-19,90.11531066894531
2014-08-20,90.11531066894531
2014-08-21,90.29792022705078
2014-08-22,90.43487548828125
2014-08-25,90.75442504882812
2014-08-26,90.8457260131836
2014-08-27,90.864013671875
2014-08-28,90.76354217529297
2014-08-29,91.10139465332031
2014-09-02,91.36613464355469
2014-09-03,90.82746887207031
2014-09-04,90.74530029296875
2014-09-05,91.20181274414062
2014-09-08,91.37528228759766
2014-09-09,90.6174545288086
2014-09-10,91.36613464355469
2014-09-11,91.29310607910156
2014-09-12,90.82746887207031
2014-09-15,89.95095825195312
2014-09-16,90.73616027832031
2014-09-17,90.87311553955078
2014-09-18,91.55786895751953
2014-09-19,91.50113677978516
2014-09-22,90.65001678466797
2014-09-23,90.40290069580078
2014-09-24,91.37300109863281
2014-09-25,89.45109558105469
2014-09-26,90.40290069580078
2014-09-29,90.283935546875
2014-09-30,90.41204833984375
2014-10-01,88.96602630615234
2014-10-02,88.96602630615234
2014-10-03,89.8446273803711
2014-10-06,89.65245819091797
2014-10-07,88.38031005859375
2014-10-08,90.10090637207031
2014-10-09,88.64573669433594
2014-10-10,86.43094635009766
2014-10-13,85.07647705078125
2014-10-14,85.08563995361328
2014-10-15,84.5365219116211
2014-10-16,84.00569152832031
2014-10-17,85.11309814453125
2014-10-20,86.38517761230469
2014-10-21,88.65486907958984
2014-10-22,88.19729614257812
2014-10-23,89.52435302734375
2014-10-24,90.25647735595703
2014-10-27,90.3205337524414
2014-10-28,91.68416595458984
2014-10-29,91.34554290771484
2014-10-30,91.53773498535156
2014-10-31,92.80072784423828
2014-11-03,93.07527160644531
2014-11-04,92.76412200927734
2014-11-05,92.77323913574219
2014-11-06,93.06609344482422
2014-11-07,92.9837417602539
2014-11-10,93.31324005126953
2014-11-11,93.6060562133789
2014-11-12,93.77081298828125
2014-11-13,94.1734848022461
2014-11-14,94.46637725830078
2014-11-17,94.18270111083984
2014-11-18,94.88739013671875
2014-11-19,94.45722961425781
2014-11-20,94.87820434570312
2014-11-21,95.061279296875
2014-11-24,95.80256652832031
2014-11-25,95.94896697998047
2014-11-26,96.57130432128906
2014-11-28,97.019775390625
2014-12-01,95.92152404785156
2014-12-02,96.305908203125
2014-12-03,96.47980499267578
2014-12-04,96.43402862548828
2014-12-05,96.44319152832031
2014-12-08,95.75679779052734
2014-12-09,96.05880737304688
2014-12-10,94.5487289428711
2014-12-11,94.99718475341797
2014-12-12,93.96300506591797
2014-12-15,92.99292755126953
2014-12-16,91.50113677978516
2014-12-17,93.16680145263672
2014-12-18,95.40900421142578
2014-12-19,95.8288345336914
2014-12-22,96.06767272949219
2014-12-23,95.72775268554688
2014-12-24,95.81044006347656
2014-12-26,96.49022674560547
2014-12-29,96.47183990478516
2014-12-30,95.8288345336914
2014-12-31,94.84593200683594
2015-01-02,94.5611343383789
2015-01-05,93.17406463623047
2015-01-06,91.92474365234375
2015-01-07,93.10977935791016
2015-01-08,94.89185333251953
2015-01-09,94.26719665527344
2015-01-12,93.2843017578125
2015-01-13,93.2567367553711
2015-01-14,92.74234008789062
2015-01-15,91.5389404296875
2015-01-16,92.61373138427734
2015-01-20,93.34856414794922
2015-01-21,93.82627868652344
2015-01-22,95.56242370605469
2015-01-23,95.7737045288086
2015-01-26,95.66349792480469
2015-01-27,93.18323516845703
2015-01-28,92.70555114746094
2015-01-29,93.59660339355469
2015-01-30,92.87091064453125
2015-02-02,93.6792984008789
2015-02-03,94.57951354980469
2015-02-04,94.49683380126953
2015-02-05,95.31444549560547
2015-02-06,94.73567962646484
2015-02-09,94.43254089355469
2015-02-10,95.90229797363281
2015-02-11,96.25138092041016
2015-02-12,97.37207794189453
2015-02-13,98.20800018310547
2015-02-17,98.29988098144531
2015-02-18,98.43766784667969
2015-02-19,98.9245376586914
2015-02-20,99.58592224121094
2015-02-23,99.68695831298828
2015-02-24,99.76045989990234
2015-02-25,99.5124282836914
2015-02-26,100.01763153076172
2015-02-27,99.57672882080078
2015-03-02,100.47696685791016
2015-03-03,100.00846862792969
2015-03-04,99.62267303466797
2015-03-05,99.79719543457031
2015-03-06,98.66729736328125
2015-03-09,98.95210266113281
2015-03-10,97.11485290527344
2015-03-11,96.55450439453125
2015-03-12,97.18838500976562
2015-03-13,96.76576232910156
2015-03-16,98.01509094238281
2015-03-17,98.17125701904297
2015-03-18,99.13580322265625
2015-03-19,99.28280639648438
2015-03-20,99.9254379272461
2015-03-23,99.73207092285156
2015-03-24,99.37300109863281
2015-03-25,97.09883880615234
2015-03-26,96.76738739013672
2015-03-27,97.1540756225586
2015-03-30,98.26814270019531
2015-03-31,97.22772216796875
2015-04-01,96.72132873535156
2015-04-02,96.78578186035156
2015-04-06,97.57764434814453
2015-04-07,97.41189575195312
2015-04-08,98.18529510498047
2015-04-09,98.80215454101562
2015-04-10,99.20729064941406
2015-04-13,98.95867156982422
2015-04-14,98.67326354980469
2015-04-15,99.2901382446289
2015-04-16,99.15205383300781
2015-04-17,97.605224609375
2015-04-20,99.06915283203125
2015-04-21,99.4926986694336
2015-04-22,100.03589630126953
2015-04-23,100.4134292602539
2015-04-24,101.77606201171875
2015-04-27,101.51830291748047
2015-04-28,101.31572723388672
2015-04-29,100.68042755126953
2015-04-30,99.09678649902344
2015-05-01,100.40419006347656
2015-05-04,100.56993103027344
2015-05-05,98.93106079101562
2015-05-06,98.2497329711914
2015-05-07,98.8390121459961
2015-05-08,100.07273864746094
2015-05-11,99.68602752685547
2015-05-12,99.23489379882812
2015-05-13,99.43744659423828
2015-05-14,100.89216613769531
2015-05-15,100.89216613769531
2015-05-18,101.3341064453125
2015-05-19,101.2236557006836
2015-05-20,101.28810119628906
2015-05-21,101.81291198730469
2015-05-22,101.71161651611328
2015-05-26,100.5423355102539
2015-05-27,102.16279602050781
2015-05-28,101.93258666992188
2015-05-29,101.32490539550781
2015-06-01,101.66558837890625
2015-06-02,101.34333038330078
2015-06-03,101.64718627929688
2015-06-04,100.8737564086914
2015-06-05,100.6343765258789
2015-06-08,99.61238098144531
2015-06-09,99.4466552734375
2015-06-10,100.80934143066406
2015-06-11,100.95664978027344
2015-06-12,100.12798309326172
2015-06-15,99.63079833984375
2015-06-16,100.1740493774414
2015-06-17,100.45024871826172
2015-06-18,101.91419982910156
2015-06-19,101.41033172607422
2015-06-22,102.1578140258789
2015-06-23,102.24085235595703
2015-06-24,101.7148666381836
2015-06-25,101.51182556152344
2015-06-26,100.83816528320312
2015-06-29,98.457275390625
2015-06-30,98.80792236328125
2015-07-01,99.59233093261719
2015-07-02,99.62001037597656
2015-07-06,99.38931274414062
2015-07-07,99.63847351074219
2015-07-08,97.90354919433594
2015-07-09,97.84819030761719
2015-07-10,99.34317779541016
2015-07-13,101.08732604980469
2015-07-14,101.75177764892578
2015-07-15,101.8625259399414
2015-07-16,103.3021469116211
2015-07-17,104.82478332519531
2015-07-20,105.18472290039062
2015-07-21,105.12012481689453
2015-07-22,103.9296875
2015-07-23,103.54209899902344
2015-07-24,102.52691650390625
2015-07-27,101.67792510986328
2015-07-28,102.55463409423828
2015-07-29,102.94220733642578
2015-07-30,103.43133544921875
2015-07-31,103.31134796142578
2015-08-03,102.9883804321289
2015-08-04,102.79458618164062
2015-08-05,103.58818817138672
2015-08-06,101.92711639404297
2015-08-07,101.79789733886719
2015-08-10,102.96068572998047
2015-08-11,101.6410140991211
2015-08-12,101.99169921875
2015-08-13,101.8255844116211
2015-08-14,101.98246765136719
2015-08-17,102.83148193359375
2015-08-18,102.30548095703125
2015-08-19,101.63177490234375
2015-08-20,98.81712341308594
2015-08-21,94.49827575683594
2015-08-24,90.86234283447266
2015-08-25,90.52086639404297
2015-08-26,95.07965850830078
2015-08-27,97.4882583618164
2015-08-28,97.46980285644531
2015-08-31,96.26091003417969
2015-09-01,93.25247192382812
2015-09-02,95.88252258300781
2015-09-03,95.41188049316406
2015-09-04,94.27680969238281
2015-09-08,96.93458557128906
2015-09-09,95.84561920166016
2015-09-10,96.88841247558594
2015-09-11,97.42366790771484
2015-09-14,97.12836456298828
2015-09-15,98.2726821899414
2015-09-16,98.82638549804688
2015-09-17,98.8633041381836
2015-09-18,97.45714569091797
2015-09-21,97.76245880126953
2015-09-22,96.30082702636719
2015-09-23,96.37482452392578
2015-09-24,96.02330017089844
2015-09-25,95.209228515625
2015-09-28,92.49873352050781
2015-09-29,92.01769256591797
2015-09-30,94.1361312866211
2015-10-01,94.56167602539062
2015-10-02,96.2175521850586
2015-10-05,97.595947265625
2015-10-06,97.1333999633789
2015-10-07,97.71619415283203
2015-10-08,98.10475158691406
2015-10-09,98.54875946044922
2015-10-12,98.78926849365234
2015-10-13,98.15098571777344
2015-10-14,97.99370574951172
2015-10-15,99.6033706665039
2015-10-16,100.01963806152344
2015-10-19,100.59318542480469
2015-10-20,100.07513427734375
2015-10-21,99.46461486816406
2015-10-22,101.49052429199219
2015-10-23,104.33052062988281
2015-10-26,104.3952865600586
2015-10-27,104.6080551147461
2015-10-28,105.47760772705078
2015-10-29,105.31110382080078
2015-10-30,104.8393325805664
2015-11-02,106.02344512939453
2015-11-03,106.39346313476562
2015-11-04,106.40269470214844
2015-11-05,106.11592864990234
2015-11-06,106.18992614746094
2015-11-09,105.06134796142578
2015-11-10,104.7930908203125
2015-11-11,104.6635513305664
2015-11-12,103.64596557617188
2015-11-13,101.61078643798828
2015-11-16,103.07243347167969
2015-11-17,103.13717651367188
2015-11-18,105.11683654785156
2015-11-19,105.19085693359375
2015-11-20,105.90316009521484
2015-11-23,105.59786987304688
2015-11-24,105.50536346435547
2015-11-25,105.59786987304688
2015-11-27,105.74590301513672
2015-11-30,105.47760772705078
2015-12-01,106.53221893310547
2015-12-02,105.8753890991211
2015-12-03,104.08074188232422
2015-12-04,106.51368713378906
2015-12-07,106.03267669677734
2015-12-08,106.04193878173828
2015-12-09,104.43228912353516
2015-12-10,104.90406036376953
2015-12-11,102.48959350585938
2015-12-14,103.26669311523438
2015-12-15,103.89573669433594
2015-12-16,105.44062805175781
2015-12-17,103.90497589111328
2015-12-18,101.91183471679688
2015-12-21,103.04391479492188
2015-12-22,103.72126770019531
2015-12-23,104.49140930175781
2015-12-24,104.47283935546875
2015-12-28,104.41716766357422
2015-12-29,106.05960083007812
2015-12-30,105.10382080078125
2015-12-31,103.79547119140625
2016-01-04,101.60563659667969
2016-01-05,101.42935180664062
2016-01-06,100.45503234863281
2016-01-07,97.3094253540039
2016-01-08,96.51141357421875
2016-01-11,96.80835723876953
2016-01-12,97.93113708496094
2016-01-13,94.55355072021484
2016-01-14,96.56713104248047
2016-01-15,93.56997680664062
2016-01-19,93.77410125732422
2016-01-20,93.48648834228516
2016-01-21,93.57923889160156
2016-01-22,96.28873443603516
2016-01-25,94.85975646972656
2016-01-26,95.71342468261719
2016-01-27,93.32872772216797
2016-01-28,94.64635467529297
2016-01-29,96.62276458740234
2016-02-01,96.88259887695312
2016-02-02,94.7855453491211
2016-02-03,94.33087158203125
2016-02-04,94.32158660888672
2016-02-05,91.04605865478516
2016-02-08,89.65421295166016
2016-02-09,89.37584686279297
2016-02-10,89.71915435791016
2016-02-11,89.58929443359375
2016-02-12,90.95327758789062
2016-02-16,93.00395202636719
2016-02-17,95.11029052734375
2016-02-18,94.0246353149414
2016-02-19,94.30300903320312
2016-02-22,95.83406066894531
2016-02-23,94.2566146850586
2016-02-24,95.15666961669922
2016-02-25,96.0938720703125
2016-02-26,95.97323608398438
2016-02-29,95.11029052734375
2016-03-01,98.1631088256836
2016-03-02,98.20023345947266
2016-03-03,98.0146484375
2016-03-04,98.05175018310547
2016-03-07,97.44861602783203
2016-03-08,96.6413345336914
2016-03-09,97.26303100585938
2016-03-10,97.11457824707031
2016-03-11,98.81263732910156
2016-03-14,98.97966003417969
2016-03-15,98.94253540039062
2016-03-16,99.82406616210938
2016-03-17,99.76837921142578
2016-03-18,99.92472076416016
2016-03-21,100.31560516357422
2016-03-22,100.62272644042969
2016-03-23,99.79444122314453
2016-03-24,99.82235717773438
2016-03-28,99.68274688720703
2016-03-29,101.28348541259766
2016-03-30,101.77671813964844
2016-03-31,101.62783813476562
2016-04-01,102.70740509033203
2016-04-04,102.31653594970703
2016-04-05,101.33003997802734
2016-04-06,102.99588775634766
2016-04-07,101.51616668701172
2016-04-08,101.44168853759766
2016-04-11,101.06944274902344
2016-04-12,101.91635131835938
2016-04-13,103.21925354003906
2016-04-14,103.22855377197266
2016-04-15,102.96800231933594
2016-04-18,103.5170669555664
2016-04-19,102.88422393798828
2016-04-20,102.96800231933594
2016-04-21,102.97728729248047
2016-04-22,101.42310333251953
2016-04-25,101.42310333251953
2016-04-26,100.92985534667969
2016-04-27,100.12019348144531
2016-04-28,98.91030883789062
2016-04-29,98.38914489746094
2016-05-02,99.31980895996094
2016-05-03,98.3984375
2016-05-04,97.765625
2016-05-05,97.73767852783203
2016-05-06,98.25885009765625
2016-05-09,98.53804779052734
2016-05-10,99.88751220703125
2016-05-11,98.98477172851562
2016-05-12,98.5473403930664
2016-05-13,98.18437957763672
2016-05-16,99.41284942626953
2016-05-17,98.165771484375
2016-05-18,98.51944732666016
2016-05-19,98.00757598876953
2016-05-20,99.08712005615234
2016-05-23,98.95685577392578
2016-05-24,100.93914794921875
2016-05-25,101.66505432128906
2016-05-26,101.96287536621094
2016-05-27,102.49335479736328
2016-05-31,102.68878936767578
2016-06-01,102.69806671142578
2016-06-02,102.91217041015625
2016-06-03,102.42817687988281
2016-06-06,102.80046081542969
2016-06-07,102.5398941040039
2016-06-08,102.71671295166016
2016-06-09,102.54920196533203
2016-06-10,101.38585662841797
2016-06-13,100.53897094726562
2016-06-14,100.53897094726562
2016-06-15,100.2504653930664
2016-06-16,100.54826354980469
2016-06-17,99.36971282958984
2016-06-20,99.99491119384766
2016-06-21,100.31218719482422
2016-06-22,100.06954956054688
2016-06-23,101.49727630615234
2016-06-24,97.31682586669922
2016-06-27,95.38520812988281
2016-06-28,97.47543334960938
2016-06-29,99.20174407958984
2016-06-30,100.34950256347656
2016-07-01,100.85340881347656
2016-07-05,100.23750305175781
2016-07-06,101.05870056152344
2016-07-07,101.3572998046875
2016-07-08,102.92497253417969
2016-07-11,103.51285552978516
2016-07-12,104.03539276123047
2016-07-13,103.78343200683594
2016-07-14,104.49263763427734
2016-07-15,104.32464599609375
2016-07-18,105.01519012451172
2016-07-19,104.63260650634766
2016-07-20,105.8550033569336
2016-07-21,105.6124038696289
2016-07-22,106.05097961425781
2016-07-25,106.06031799316406
2016-07-26,106.1816177368164
2016-07-27,106.91879272460938
2016-07-28,107.29205322265625
2016-07-29,107.52536010742188
2016-08-01,108.09453582763672
2016-08-02,107.27339172363281
2016-08-03,107.62799072265625
2016-08-04,107.9358901977539
2016-08-05,108.97168731689453
2016-08-08,108.85041046142578
2016-08-09,109.1023178100586
2016-08-10,108.8223876953125
2016-08-11,109.2889404296875
2016-08-12,109.36358642578125
2016-08-15,109.83016204833984
2016-08-16,109.22362518310547
2016-08-17,109.41960144042969
2016-08-18,109.44757843017578
2016-08-19,109.41960144042969
2016-08-22,109.50357818603516
2016-08-23,109.69954681396484
2016-08-24,108.99034881591797
2016-08-25,108.81304931640625
2016-08-26,108.97168731689453
2016-08-29,109.1209945678711
2016-08-30,108.76638793945312
2016-08-31,108.65443420410156
2016-09-01,108.93437957763672
2016-09-02,109.2889404296875
2016-09-06,109.97014617919922
2016-09-07,110.03547668457031
2016-09-08,109.3916015625
2016-09-09,106.63883972167969
2016-09-12,108.55178833007812
2016-09-13,107.58133697509766
2016-09-14,108.09453582763672
2016-09-15,109.77418518066406
2016-09-16,109.72180938720703
2016-09-19,109.2447509765625
2016-09-20,109.45052337646484
2016-09-21,110.52629089355469
2016-09-22,111.4056625366211
2016-09-23,110.69467163085938
2016-09-26,109.7685546875
2016-09-27,110.8537368774414
2016-09-28,111.04083251953125
2016-09-29,110.236328125
2016-09-30,111.05953216552734
2016-10-03,110.9005126953125
2016-10-04,110.73210144042969
2016-10-05,111.125
2016-10-06,111.06887817382812
2016-10-07,110.8256607055664
2016-10-10,111.52727508544922
2016-10-11,109.93696594238281
2016-10-12,109.84339904785156
2016-10-13,109.45052337646484
2016-10-14,109.58148193359375
2016-10-17,109.28211212158203
2016-10-18,110.2550277709961
2016-10-19,110.24568939208984
2016-10-20,110.11466979980469
2016-10-21,110.52629089355469
2016-10-24,111.85472869873047
2016-10-25,111.49922180175781
2016-10-26,110.74146270751953
2016-10-27,110.236328125
2016-10-28,109.54405975341797
2016-10-31,109.44116973876953
2016-11-01,108.61795043945312
2016-11-02,107.74795532226562
2016-11-03,106.69086456298828
2016-11-04,106.31668853759766
2016-11-07,108.84244537353516
2016-11-08,109.55341339111328
2016-11-09,110.05857849121094
2016-11-10,108.28117370605469
2016-11-11,108.32794952392578
2016-11-14,107.23345184326172
2016-11-15,108.72085571289062
2016-11-16,109.36634063720703
2016-11-17,110.16149139404297
2016-11-18,109.7498779296875
2016-11-21,110.8911361694336
2016-11-22,111.22791290283203
2016-11-23,110.77888488769531
2016-11-25,111.13439178466797
2016-11-28,110.88180541992188
2016-11-29,111.26532745361328
2016-11-30,109.91825866699219
2016-12-01,108.01924896240234
2016-12-02,108.2343978881836
2016-12-05,109.07633209228516
2016-12-06,109.33824920654297
2016-12-07,110.7227783203125
2016-12-08,110.91920471191406
2016-12-09,111.78921508789062
2016-12-12,111.28404235839844
2016-12-13,112.6872787475586
2016-12-14,112.45338439941406
2016-12-15,112.63116455078125
2016-12-16,112.213623046875
2016-12-19,112.67333984375
2016-12-20,113.10493469238281
2016-12-21,113.02050018310547
2016-12-22,112.70153045654297
2016-12-23,112.77655029296875
2016-12-27,113.3582763671875
2016-12-28,112.47632598876953
2016-12-29,112.31682586669922
2016-12-30,111.16276550292969
2017-01-03,112.1573257446289
2017-01-04,112.76719665527344
2017-01-05,113.40518188476562
2017-01-06,114.39972686767578
2017-01-09,114.77499389648438
2017-01-10,115.02835845947266
2017-01-11,115.33796691894531
2017-01-12,115.15967559814453
2017-01-13,115.55374908447266
2017-01-17,115.20659637451172
2017-01-18,115.44114685058594
2017-01-19,115.3848876953125
2017-01-20,115.63819122314453
2017-01-23,115.73202514648438
2017-01-24,116.51077270507812
2017-01-25,117.68354797363281
2017-01-26,117.80552673339844
2017-01-27,118.03073120117188
2017-01-30,117.11122131347656
2017-01-31,116.87664794921875
2017-02-01,117.68354797363281
2017-02-02,117.58036041259766
2017-02-03,117.91810607910156
2017-02-06,118.05886840820312
2017-02-07,118.49043273925781
2017-02-08,118.68746185302734
2017-02-09,119.11906433105469
2017-02-10,119.51313018798828
2017-02-13,120.18867492675781
2017-02-14,120.59210205078125
2017-02-15,121.30514526367188
2017-02-16,121.26763916015625
2017-02-17,121.79302978515625
2017-02-21,122.39353942871094
2017-02-22,122.44044494628906
2017-02-23,121.9806900024414
2017-02-24,122.21528625488281
2017-02-27,122.3653793334961
2017-02-28,121.9900894165039
2017-03-01,123.3224105834961
2017-03-02,122.70315551757812
2017-03-03,122.92833709716797
2017-03-06,122.65625
2017-03-07,122.44981384277344
2017-03-08,122.66565704345703
2017-03-09,122.75942993164062
2017-03-10,123.27547454833984
2017-03-13,123.48189544677734
2017-03-14,123.18164825439453
2017-03-15,123.94161987304688
2017-03-16,123.85720825195312
2017-03-17,123.81394958496094
2017-03-20,123.9267349243164
2017-03-21,122.04635620117188
2017-03-22,122.87376403808594
2017-03-23,122.56350708007812
2017-03-24,122.81735229492188
2017-03-27,123.01476287841797
2017-03-28,123.76690673828125
2017-03-29,124.34039306640625
2017-03-30,124.54730987548828
2017-03-31,124.46268463134766
2017-04-03,124.38740539550781
2017-04-04,124.5848617553711
2017-04-05,124.07720947265625
2017-04-06,124.14299011230469
2017-04-07,124.07720947265625
2017-04-10,124.12422943115234
2017-04-11,123.5882797241211
2017-04-12,123.0899887084961
2017-04-13,122.60106658935547
2017-04-17,123.61650085449219
2017-04-18,123.42842864990234
2017-04-19,123.62591552734375
2017-04-20,124.66010284423828
2017-04-21,124.63189697265625
2017-04-24,126.1362533569336
2017-04-25,127.04817199707031
2017-04-26,126.8694839477539
2017-04-27,127.63114166259766
2017-04-28,127.85679626464844
2017-05-01,128.99440002441406
2017-05-02,129.2106475830078
2017-05-03,128.7969970703125
2017-05-04,128.843994140625
2017-05-05,129.3140869140625
2017-05-08,129.5961151123047
2017-05-09,130.0474090576172
2017-05-10,130.12261962890625
2017-05-11,130.0191650390625
2017-05-12,130.31063842773438
2017-05-15,130.724365234375
2017-05-16,131.2696533203125
2017-05-17,127.9319839477539
2017-05-18,129.05079650878906
2017-05-19,129.5961151123047
2017-05-22,130.68679809570312
2017-05-23,130.81838989257812
2017-05-24,131.4201202392578
2017-05-25,132.53890991210938
2017-05-26,132.77398681640625
2017-05-30,132.88681030273438
2017-05-31,132.8397216796875
2017-06-01,133.35687255859375
2017-06-02,134.87997436523438
2017-06-05,134.851806640625
2017-06-06,134.31593322753906
2017-06-07,134.84242248535156
2017-06-08,134.98341369628906
2017-06-09,131.608154296875
2017-06-12,130.90293884277344
2017-06-13,131.96543884277344
2017-06-14,131.39186096191406
2017-06-15,130.80894470214844
2017-06-16,130.2414093017578
2017-06-19,132.41915893554688
2017-06-20,131.3822021484375
2017-06-21,132.68316650390625
2017-06-22,132.6454620361328
2017-06-23,133.15457153320312
2017-06-26,132.53233337402344
2017-06-27,130.12831115722656
2017-06-28,132.00437927246094
2017-06-29,129.71347045898438
2017-06-30,129.76060485839844
2017-07-03,128.39361572265625
2017-07-05,129.6569061279297
2017-07-06,128.48793029785156
2017-07-07,129.873779296875
2017-07-10,130.72219848632812
2017-07-11,131.08993530273438
2017-07-12,132.6454620361328
2017-07-13,132.93771362304688
2017-07-14,133.98410034179688
2017-07-17,134.05018615722656
2017-07-18,134.94577026367188
2017-07-19,135.73768615722656
2017-07-20,135.9167938232422
2017-07-21,135.86026000976562
2017-07-24,136.48245239257812
2017-07-25,136.13360595703125
2017-07-26,136.57672119140625
2017-07-27,135.71884155273438
2017-07-28,135.6056671142578
2017-07-31,135.03067016601562
2017-08-01,135.34173583984375
2017-08-02,135.7093505859375
2017-08-03,135.18145751953125
2017-08-04,135.42654418945312
2017-08-07,136.284423828125
2017-08-08,136.0487823486328
2017-08-09,135.8696746826172
2017-08-10,132.95652770996094
2017-08-11,133.96531677246094
2017-08-14,135.69052124023438
2017-08-15,135.78480529785156
2017-08-16,136.0205078125
2017-08-17,133.23941040039062
2017-08-18,133.1451416015625
2017-08-21,132.9753875732422
2017-08-22,135.00230407714844
2017-08-23,134.5215301513672
2017-08-24,134.12557983398438
2017-08-25,133.84275817871094
2017-08-28,134.2576141357422
2017-08-29,134.78553771972656
2017-08-30,136.3693389892578
2017-08-31,137.83059692382812
2017-09-01,137.64205932617188
2017-09-05,136.4070281982422
2017-09-06,136.82183837890625
2017-09-07,137.14239501953125
2017-09-08,135.95452880859375
2017-09-11,137.51947021484375
2017-09-12,137.84945678710938
2017-09-13,138.0380096435547
2017-09-14,137.2272186279297
2017-09-15,137.69857788085938
2017-09-18,137.51817321777344
2017-09-19,137.75436401367188
2017-09-20,137.32925415039062
2017-09-21,136.4883270263672
2017-09-22,136.35598754882812
2017-09-25,134.91990661621094
2017-09-26,135.2694854736328
2017-09-27,136.4883270263672
2017-09-28,136.4410400390625
2017-09-29,137.4237060546875
2017-10-02,137.54653930664062
2017-10-03,137.83938598632812
2017-10-04,137.9716796875
2017-10-05,139.32278442382812
2017-10-06,139.5117645263672
2017-10-09,139.35113525390625
2017-10-10,139.455078125
2017-10-11,139.8707275390625
2017-10-12,139.6156005859375
2017-10-13,140.15420532226562
2017-10-16,140.63604736328125
2017-10-17,140.8155517578125
2017-10-18,140.64549255371094
2017-10-19,140.12583923339844
2017-10-20,140.50379943847656
2017-10-23,139.58729553222656
2017-10-24,139.823486328125
2017-10-25,139.29446411132812
2017-10-26,138.85037231445312
2017-10-27,142.8941650390625
2017-10-30,143.2154083251953
2017-10-31,143.75392150878906
2017-11-01,143.7067108154297
2017-11-02,143.43270874023438
2017-11-03,144.81211853027344
2017-11-06,145.30340576171875
2017-11-07,145.3885040283203
2017-11-08,145.9742431640625
2017-11-09,145.20892333984375
2017-11-10,145.19952392578125
2017-11-13,145.3790283203125
2017-11-14,144.8499298095703
2017-11-15,144.169677734375
2017-11-16,146.01205444335938
2017-11-17,145.45460510253906
2017-11-20,145.34124755859375
2017-11-21,146.91909790039062
2017-11-22,147.09860229492188
2017-11-24,147.6370849609375
2017-11-27,147.57102966308594
2017-11-28,147.9489288330078
2017-11-29,145.36956787109375
2017-11-30,146.58840942382812
2017-12-01,145.96481323242188
2017-12-04,144.2830810546875
2017-12-05,144.37757873535156
2017-12-06,145.02944946289062
2017-12-07,145.5207061767578
2017-12-08,146.16322326660156
2017-12-11,147.2970428466797
2017-12-12,147.09860229492188
2017-12-13,147.38204956054688
2017-12-14,147.27809143066406
2017-12-15,148.950439453125
2017-12-18,150.19923400878906
2017-12-19,149.30921936035156
2017-12-20,149.1482696533203
2017-12-21,149.16726684570312
2017-12-22,148.99684143066406
2017-12-26,148.19203186035156
2017-12-27,148.2109832763672
2017-12-28,148.390869140625
2017-12-29,147.47250366210938
2018-01-02,150.0572052001953
2018-01-03,151.5153045654297
2018-01-04,151.78041076660156
2018-01-05,153.30467224121094
2018-01-08,153.9011993408203
2018-01-09,153.91065979003906
2018-01-10,153.5509033203125
2018-01-11,154.60186767578125
2018-01-12,155.738037109375
2018-01-16,155.29302978515625
2018-01-17,156.96885681152344
2018-01-18,156.99725341796875
2018-01-19,157.4895477294922
2018-01-22,159.1748504638672
2018-01-23,160.49090576171875
2018-01-24,159.44944763183594
2018-01-25,159.39260864257812
2018-01-26,161.8354034423828
2018-01-29,161.049560546875
2018-01-30,159.7240447998047
2018-01-31,160.38671875
2018-02-01,159.02340698242188
2018-02-02,155.85162353515625
2018-02-05,149.70693969726562
2018-02-06,153.6739959716797
2018-02-07,151.6857147216797
2018-02-08,145.2854461669922
2018-02-09,147.79440307617188
2018-02-12,150.41700744628906
2018-02-13,151.19337463378906
2018-02-14,154.0242919921875
2018-02-15,156.8836212158203
2018-02-16,156.18304443359375
2018-02-20,156.4954071044922
2018-02-21,156.05047607421875
2018-02-22,156.03152465820312
2018-02-23,159.22216796875
2018-02-26,161.33348083496094
2018-02-27,159.3358154296875
2018-02-28,158.31324768066406
2018-03-01,155.72853088378906
2018-03-02,157.158203125
2018-03-05,158.90029907226562
2018-03-06,159.57252502441406
2018-03-07,159.94174194335938
2018-03-08,160.82229614257812
2018-03-09,163.9467315673828
2018-03-12,164.81773376464844
2018-03-13,162.5738525390625
2018-03-14,162.54539489746094
2018-03-15,162.40342712402344
2018-03-16,161.92056274414062
2018-03-19,158.46578979492188
2018-03-20,158.9873809814453
2018-03-21,158.2950897216797
2018-03-22,154.38796997070312
2018-03-23,150.31967163085938
2018-03-26,155.90533447265625
2018-03-27,150.86019897460938
2018-03-28,149.12474060058594
2018-03-29,151.85592651367188
2018-04-02,147.4746856689453
2018-04-03,149.13426208496094
2018-04-04,151.48611450195312
2018-04-05,152.3490753173828
2018-04-06,148.5368194580078
2018-04-09,149.57997131347656
2018-04-10,152.880126953125
2018-04-11,151.99818420410156
2018-04-12,153.82846069335938
2018-04-13,153.03184509277344
2018-04-16,154.1983642578125
2018-04-17,157.51748657226562
2018-04-18,157.83987426757812
2018-04-19,156.38897705078125
2018-04-20,153.91384887695312
2018-04-23,153.52499389648438
2018-04-24,150.2722625732422
2018-04-25,150.45242309570312
2018-04-26,153.61984252929688
2018-04-27,153.71469116210938
2018-04-30,152.62411499023438
2018-05-01,154.3690185546875
2018-05-02,153.45860290527344
2018-05-03,153.43963623046875
2018-05-04,156.35101318359375
2018-05-07,157.65023803710938
2018-05-08,157.48902893066406
2018-05-09,159.20547485351562
2018-05-10,160.85556030273438
2018-05-11,160.7038116455078
2018-05-14,160.9788360595703
2018-05-15,159.19598388671875
2018-05-16,160.24862670898438
2018-05-17,159.6322479248047
2018-05-18,158.80718994140625
2018-05-21,159.69863891601562
2018-05-22,159.48995971679688
2018-05-23,160.83660888671875
2018-05-24,160.78921508789062
2018-05-25,160.9503936767578
2018-05-29,160.23916625976562
2018-05-30,161.3866424560547
2018-05-31,161.2823486328125
2018-06-01,163.81436157226562
2018-06-04,165.29376220703125
2018-06-05,165.80587768554688
2018-06-06,166.773193359375
2018-06-07,165.4170684814453
2018-06-08,165.42654418945312
2018-06-11,165.87222290039062
2018-06-12,166.7447052001953
2018-06-13,166.73521423339844
2018-06-14,168.4232940673828
2018-06-15,167.83529663085938
2018-06-18,167.73834228515625
2018-06-19,167.2631378173828
2018-06-20,168.4511260986328
2018-06-21,166.9875946044922
2018-06-22,166.61692810058594
2018-06-25,162.86300659179688
2018-06-26,163.52822875976562
2018-06-27,161.30445861816406
2018-06-28,162.6919403076172
2018-06-29,163.12911987304688
2018-07-02,164.2220001220703
2018-07-03,162.32135009765625
2018-07-05,164.33602905273438
2018-07-06,166.8925323486328
2018-07-09,168.3940887451172
2018-07-10,168.5176544189453
2018-07-11,167.662353515625
2018-07-12,170.55145263671875
2018-07-13,170.69393920898438
2018-07-16,170.28529357910156
2018-07-17,171.32122802734375
2018-07-18,170.99807739257812
2018-07-19,170.14276123046875
2018-07-20,170.10475158691406
2018-07-23,170.64646911621094
2018-07-24,171.34970092773438
2018-07-25,173.74462890625
2018-07-26,171.11215209960938
2018-07-27,168.80274963378906
2018-07-30,166.41738891601562
2018-07-31,167.69082641601562
2018-08-01,168.3275604248047
2018-08-02,170.617919921875
2018-08-03,171.14064025878906
2018-08-06,172.14794921875
2018-08-07,172.77523803710938
2018-08-08,172.984375
2018-08-09,172.8797607421875
2018-08-10,171.55877685546875
2018-08-13,171.36875915527344
2018-08-14,172.44264221191406
2018-08-15,170.33279418945312
2018-08-16,170.8935546875
2018-08-17,170.9315643310547
2018-08-20,170.77951049804688
2018-08-21,171.40673828125
2018-08-22,172.072021484375
2018-08-23,171.82489013671875
2018-08-24,173.42149353027344
2018-08-27,175.1891326904297
2018-08-28,175.4457550048828
2018-08-29,177.47003173828125
2018-08-30,177.15640258789062
2018-08-31,177.38449096679688
2018-09-04,176.6241912841797
2018-09-05,174.34336853027344
2018-09-06,172.7847442626953
2018-09-07,172.1195068359375
2018-09-10,172.69924926757812
2018-09-11,174.02976989746094
2018-09-12,173.51646423339844
2018-09-13,175.3697052001953
2018-09-14,174.8565673828125
2018-09-17,172.3380889892578
2018-09-18,173.76361083984375
2018-09-19,173.6305694580078
2018-09-20,175.55030822753906
2018-09-21,174.5904541015625
2018-09-24,175.0760040283203
2018-09-25,175.31402587890625
2018-09-26,175.437744140625
2018-09-27,176.92300415039062
2018-09-28,176.8849334716797
2018-10-01,177.2467041015625
2018-10-02,176.8468017578125
2018-10-03,177.0372772216797
2018-10-04,173.63839721679688
2018-10-05,171.51524353027344
2018-10-08,170.4679718017578
2018-10-09,171.0202178955078
2018-10-10,163.4988250732422
2018-10-11,161.470947265625
2018-10-12,165.96469116210938
2018-10-15,163.95582580566406
2018-10-16,168.72567749023438
2018-10-17,168.7923126220703
2018-10-18,164.87928771972656
2018-10-19,164.72698974609375
2018-10-22,165.57437133789062
2018-10-23,164.96507263183594
2018-10-24,157.4151153564453
2018-10-25,162.86093139648438
2018-10-26,158.67184448242188
2018-10-29,155.40626525878906
2018-10-30,157.96731567382812
2018-10-31,161.6803741455078
2018-11-01,163.81300354003906
2018-11-02,161.26150512695312
2018-11-05,160.8616180419922
2018-11-06,162.08023071289062
2018-11-07,167.16432189941406
2018-11-08,166.0979766845703
2018-11-09,163.2989044189453
2018-11-12,158.357666015625
2018-11-13,158.49098205566406
2018-11-14,157.2818145751953
2018-11-15,160.03330993652344
2018-11-16,159.47157287597656
2018-11-19,154.29234313964844
2018-11-20,151.53134155273438
2018-11-21,152.68331909179688
2018-11-23,151.5789031982422
2018-11-26,155.08253479003906
2018-11-27,155.6061553955078
2018-11-28,160.61402893066406
2018-11-29,160.09042358398438
2018-11-30,161.25196838378906
2018-12-03,164.070068359375
2018-12-04,157.77691650390625
2018-12-06,158.8908233642578
2018-12-07,153.6448974609375
2018-12-10,155.25393676757812
2018-12-11,155.76803588867188
2018-12-12,157.13897705078125
2018-12-13,157.18663024902344
2018-12-14,153.3593292236328
2018-12-17,149.88424682617188
2018-12-18,150.8267822265625
2018-12-19,147.1232147216797
2018-12-20,144.9906005859375
2018-12-21,140.4968719482422
2018-12-24,137.01278686523438
2018-12-26,145.56776428222656
2018-12-27,146.13107299804688
2018-12-28,146.05470275878906
2018-12-31,147.286376953125
2019-01-02,147.8783416748047
2019-01-03,143.047119140625
2019-01-04,149.1672821044922
2019-01-07,150.9432373046875
2019-01-08,152.30857849121094
2019-01-09,153.5498504638672
2019-01-10,153.98902893066406
2019-01-11,153.42567443847656
2019-01-14,152.06988525390625
2019-01-15,155.03929138183594
2019-01-16,155.01063537597656
2019-01-17,156.23275756835938
2019-01-18,157.77952575683594
2019-01-22,154.6191864013672
2019-01-23,154.8196563720703
2019-01-24,155.82217407226562
2019-01-25,157.68408203125
2019-01-28,155.73629760742188
2019-01-29,154.26588439941406
2019-01-30,158.19007873535156
2019-01-31,160.5579833984375
2019-02-01,159.8800506591797
2019-02-04,161.86607360839844
2019-02-05,163.29827880859375
2019-02-06,162.811279296875
2019-02-07,160.6248321533203
2019-02-08,160.93991088867188
2019-02-11,160.7871551513672
2019-02-12,163.16456604003906
2019-02-13,163.27919006347656
2019-02-14,163.47962951660156
2019-02-15,164.16709899902344
2019-02-19,164.49172973632812
2019-02-20,164.46307373046875
2019-02-21,163.86154174804688
2019-02-22,165.07415771484375
2019-02-25,165.67568969726562
2019-02-26,165.84751892089844
2019-02-27,165.7424774169922
2019-02-28,165.36062622070312
2019-03-01,166.50634765625
2019-03-04,166.5350341796875
2019-03-05,166.65911865234375
2019-03-06,165.71385192871094
2019-03-07,163.68016052246094
2019-03-08,163.43194580078125
2019-03-11,166.8310089111328
2019-03-12,167.7476043701172
2019-03-13,169.00791931152344
2019-03-14,168.72152709960938
2019-03-15,170.28733825683594
2019-03-18,170.69290161132812
2019-03-19,171.2667999267578
2019-03-20,171.94595336914062
2019-03-21,174.63385009765625
2019-03-22,170.79808044433594
2019-03-25,170.472900390625
2019-03-26,171.2667999267578
2019-03-27,170.16680908203125
2019-03-28,170.55899047851562
2019-03-29,171.85028076171875
2019-04-01,174.12686157226562
2019-04-02,174.78680419921875
2019-04-03,175.79124450683594
2019-04-04,175.7242431640625
2019-04-05,176.63296508789062
2019-04-08,177.08253479003906
2019-04-09,176.46078491210938
2019-04-10,177.40773010253906
2019-04-11,176.98690795898438
2019-04-12,177.75209045410156
2019-04-15,177.78079223632812
2019-04-16,178.39297485351562
2019-04-17,179.0147247314453
2019-04-18,179.24427795410156
2019-04-22,179.75128173828125
2019-04-23,182.03733825683594
2019-04-24,181.46340942382812
2019-04-25,182.19996643066406
2019-04-26,182.36257934570312
2019-04-29,182.7165069580078
2019-04-30,181.30076599121094
2019-05-01,180.7173309326172
2019-05-02,179.93296813964844
2019-05-03,182.8025360107422
2019-05-06,181.6834259033203
2019-05-07,178.14430236816406
2019-05-08,177.6947021484375
2019-05-09,176.73817443847656
2019-05-10,176.9581756591797
2019-05-13,170.8172607421875
2019-05-14,172.69203186035156
2019-05-15,175.1312255859375
2019-05-16,176.89120483398438
2019-05-17,175.08335876464844
2019-05-20,172.127685546875
2019-05-21,173.92599487304688
2019-05-22,173.1511688232422
2019-05-23,170.50157165527344
2019-05-24,170.41554260253906
2019-05-28,169.7746124267578
2019-05-29,168.3780517578125
2019-05-30,169.08592224121094
2019-05-31,166.38851928710938
2019-06-03,162.72499084472656
2019-06-04,167.30674743652344
2019-06-05,168.5502471923828
2019-06-06,169.88941955566406
2019-06-07,173.17030334472656
2019-06-10,175.1885986328125
2019-06-11,175.42774963378906
2019-06-12,174.413818359375
2019-06-13,175.44688415527344
2019-06-14,174.70079040527344
2019-06-17,175.7529754638672
2019-06-18,178.306884765625
2019-06-19,178.9764404296875
2019-06-20,180.64085388183594
2019-06-21,180.37301635742188
2019-06-24,180.37876892089844
2019-06-25,177.2823486328125
2019-06-26,178.1067352294922
2019-06-27,178.78736877441406
2019-06-28,179.01747131347656
2019-07-01,181.4332733154297
2019-07-02,182.15223693847656
2019-07-03,183.52310180664062
2019-07-05,183.14923095703125
2019-07-08,181.86463928222656
2019-07-09,182.775390625
2019-07-10,184.5967559814453
2019-07-11,184.46255493164062
2019-07-12,185.52667236328125
2019-07-15,186.1210479736328
2019-07-16,185.162353515625
2019-07-17,184.251708984375
2019-07-18,184.46255493164062
2019-07-19,183.11080932617188
2019-07-22,184.56797790527344
2019-07-23,185.77593994140625
2019-07-24,187.07965087890625
2019-07-25,185.3061981201172
2019-07-26,187.21388244628906
2019-07-29,186.57156372070312
2019-07-30,185.766357421875
2019-07-31,183.1971435546875
2019-08-01,182.28643798828125
2019-08-02,179.60223388671875
2019-08-05,173.25596618652344
2019-08-06,175.68133544921875
2019-08-07,176.63047790527344
2019-08-08,180.474609375
2019-08-09,178.7777862548828
2019-08-12,176.72630310058594
2019-08-13,180.59921264648438
2019-08-14,175.20205688476562
2019-08-15,175.00074768066406
2019-08-16,177.8095703125
2019-08-19,180.63755798339844
2019-08-20,179.23793029785156
2019-08-21,180.82931518554688
2019-08-22,180.2445526123047
2019-08-23,174.54058837890625
2019-08-26,177.17686462402344
2019-08-27,176.80299377441406
2019-08-28,177.43565368652344
2019-08-29,180.14869689941406
2019-08-30,179.71728515625
2019-09-03,177.97251892089844
2019-09-04,180.54171752929688
2019-09-05,183.8490447998047
2019-09-06,183.6668701171875
2019-09-09,183.28343200683594
2019-09-10,182.75616455078125
2019-09-11,184.47213745117188
2019-09-12,185.23907470703125
2019-09-13,184.57760620117188
2019-09-16,183.75314331054688
2019-09-17,184.6351318359375
2019-09-18,184.55844116210938
2019-09-19,184.8651885986328
2019-09-20,182.90957641601562
2019-09-23,182.99024963378906
2019-09-24,180.55996704101562
2019-09-25,182.58682250976562
2019-09-26,181.91441345214844
2019-09-27,179.65707397460938
2019-09-30,181.36685180664062
2019-10-01,179.8876190185547
2019-10-02,176.79446411132812
2019-10-03,178.73489379882812
2019-10-04,181.36685180664062
2019-10-07,180.8193359375
2019-10-08,178.11048889160156
2019-10-09,179.84912109375
2019-10-10,181.24197387695312
2019-10-11,183.5762176513672
2019-10-14,183.55699157714844
2019-10-15,185.89120483398438
2019-10-16,185.43008422851562
2019-10-17,185.92001342773438
2019-10-18,184.1333465576172
2019-10-21,185.766357421875
2019-10-22,184.2870330810547
2019-10-23,184.64248657226562
2019-10-24,186.43870544433594
2019-10-25,187.92762756347656
2019-10-28,189.7815399169922
2019-10-29,188.3118133544922
2019-10-30,189.22439575195312
2019-10-31,189.31089782714844
2019-11-01,191.0303192138672
2019-11-04,192.21182250976562
2019-11-05,192.3174591064453
2019-11-06,191.88523864746094
2019-11-07,192.52880859375
2019-11-08,193.2972412109375
2019-11-11,193.03794860839844
2019-11-12,193.5950469970703
2019-11-13,193.64305114746094
2019-11-14,193.4893798828125
2019-11-15,194.91102600097656
2019-11-18,195.064697265625
2019-11-19,195.3529052734375
2019-11-20,194.18101501464844
2019-11-21,193.7487030029297
2019-11-22,193.87362670898438
2019-11-25,196.16940307617188
2019-11-26,196.5439910888672
2019-11-27,197.9176788330078
2019-11-29,197.01473999023438
2019-12-02,194.99745178222656
2019-12-03,193.47015380859375
2019-12-04,194.449951171875
2019-12-05,194.8341827392578
2019-12-06,196.9186553955078
2019-12-09,196.02528381347656
2019-12-10,195.86199951171875
2019-12-11,196.8994140625
2019-12-12,198.36911010742188
2019-12-13,199.0223388671875
2019-12-16,201.02032470703125
2019-12-17,201.13558959960938
2019-12-18,201.2892608642578
2019-12-19,202.54762268066406
2019-12-20,203.36412048339844
2019-12-23,203.90130615234375
2019-12-24,204.00718688964844
2019-12-26,205.80734252929688
2019-12-27,205.63409423828125
2019-12-30,204.286376953125
2019-12-31,204.67140197753906
2020-01-02,208.0888671875
2020-01-03,206.1828155517578
2020-01-06,207.5112762451172
2020-01-07,207.48236083984375
2020-01-08,209.04188537597656
2020-01-09,210.813232421875
2020-01-10,210.27410888671875
2020-01-13,212.69998168945312
2020-01-14,211.86248779296875
2020-01-15,211.9490966796875
2020-01-16,213.98033142089844
2020-01-17,215.03932189941406
2020-01-21,214.9430389404297
2020-01-22,215.51095581054688
2020-01-23,216.2040557861328
2020-01-24,214.3846893310547
2020-01-27,209.95643615722656
2020-01-28,213.18133544921875
2020-01-29,213.52789306640625
2020-01-30,214.2884063720703
2020-01-31,210.89019775390625
2020-02-03,214.07659912109375
2020-02-04,218.97659301757812
2020-02-05,219.6985321044922
2020-02-06,221.59498596191406
2020-02-07,220.64193725585938
2020-02-10,223.30853271484375
2020-02-11,223.3470458984375
2020-02-12,225.52264404296875
2020-02-13,225.23387145996094
2020-02-14,225.87887573242188
2020-02-18,225.9654998779297
2020-02-19,228.13148498535156
2020-02-20,226.01358032226562
2020-02-21,221.67201232910156
2020-02-24,213.12359619140625
2020-02-25,207.32838439941406
2020-02-26,208.3968963623047
2020-02-27,197.96168518066406
2020-02-28,198.11569213867188
2020-03-02,208.33917236328125
2020-03-03,201.65829467773438
2020-03-04,210.0719451904297
2020-03-05,203.68948364257812
2020-03-06,200.2528076171875
2020-03-09,186.34234619140625
2020-03-10,196.48880004882812
2020-03-11,187.9307098388672
2020-03-12,170.6991424560547
2020-03-13,185.15826416015625
2020-03-16,162.97857666015625
2020-03-17,175.339111328125
2020-03-18,170.00599670410156
2020-03-19,171.02642822265625
2020-03-20,164.3262939453125
2020-03-23,164.44497680664062
2020-03-24,177.17916870117188
2020-03-25,175.8671417236328
2020-03-26,185.12841796875
2020-03-27,178.76126098632812
2020-03-30,185.263427734375
2020-03-31,183.68130493164062
2020-04-01,175.8767852783203
2020-04-02,179.44619750976562
2020-04-03,176.89935302734375
2020-04-06,189.5467987060547
2020-04-07,189.46958923339844
2020-04-08,193.49244689941406
2020-04-09,193.77220153808594
2020-04-13,195.86563110351562
2020-04-14,204.38406372070312
2020-04-15,202.03976440429688
2020-04-16,205.7250213623047
2020-04-17,207.6929931640625
2020-04-20,205.2330322265625
2020-04-21,197.6600341796875
2020-04-22,203.5254669189453
2020-04-23,203.09132385253906
2020-04-24,206.294189453125
2020-04-27,207.95347595214844
2020-04-28,204.0367431640625
2020-04-29,211.27210998535156
2020-04-30,211.1852569580078
2020-05-01,205.2330322265625
2020-05-04,207.62550354003906
2020-05-05,209.97938537597656
2020-05-06,211.27210998535156
2020-05-07,213.99256896972656
2020-05-08,216.92532348632812
2020-05-11,218.86436462402344
2020-05-12,214.281982421875
2020-05-13,211.60008239746094
2020-05-14,214.00221252441406
2020-05-15,215.3914031982422
2020-05-18,219.40464782714844
2020-05-19,218.85472106933594
2020-05-20,223.2248992919922
2020-05-21,220.7937774658203
2020-05-22,221.555908203125
2020-05-26,220.95782470703125
2020-05-27,222.1636962890625
2020-05-28,221.8743133544922
2020-05-29,225.12538146972656
2020-06-01,225.8007049560547
2020-06-02,227.31529235839844
2020-06-03,228.33786010742188
2020-06-04,226.73641967773438
2020-06-05,231.23202514648438
2020-06-08,233.02635192871094
2020-06-09,234.714599609375
2020-06-10,237.53158569335938
2020-06-11,225.76210021972656
2020-06-12,227.5564422607422
2020-06-15,230.32518005371094
2020-06-16,234.28050231933594
2020-06-17,235.02330017089844
2020-06-18,235.66001892089844
2020-06-19,235.62144470214844
2020-06-22,238.44712829589844
2020-06-23,240.4766082763672
2020-06-24,235.51901245117188
2020-06-25,237.76107788085938
2020-06-26,232.1463165283203
2020-06-29,234.6781768798828
2020-06-30,239.27830505371094
2020-07-01,242.0711212158203
2020-07-02,243.71401977539062
2020-07-06,249.7056121826172
2020-07-07,247.9854278564453
2020-07-08,251.25181579589844
2020-07-09,253.36825561523438
2020-07-10,255.09808349609375
2020-07-13,249.8505859375
2020-07-14,251.61904907226562
2020-07-15,252.13125610351562
2020-07-16,250.41107177734375
2020-07-17,250.70103454589844
2020-07-20,257.81365966796875
2020-07-21,255.1271209716797
2020-07-22,256.0257873535156
2020-07-23,249.33837890625
2020-07-24,246.97073364257812
2020-07-27,251.37747192382812
2020-07-28,248.1787109375
2020-07-29,251.03921508789062
2020-07-30,252.3535919189453
2020-07-31,256.8569030761719
2020-08-03,260.3262939453125
2020-08-04,261.29266357421875
2020-08-05,261.9401550292969
2020-08-06,265.409423828125
2020-08-07,262.3460693359375
2020-08-10,261.2250061035156
2020-08-11,256.277099609375
2020-08-12,262.7228698730469
2020-08-13,263.3220520019531
2020-08-14,263.0128173828125
2020-08-17,266.06658935546875
2020-08-18,268.6275939941406
2020-08-19,266.8204040527344
2020-08-20,270.52166748046875
2020-08-21,272.3964538574219
2020-08-24,274.0972595214844
2020-08-25,276.2523498535156
2020-08-26,282.14739990234375
2020-08-27,281.2679138183594
2020-08-28,282.69818115234375
2020-08-31,284.96929931640625
2020-09-01,289.83984375
2020-09-02,292.5843811035156
2020-09-03,277.75030517578125
2020-09-04,274.04901123046875
2020-09-08,260.8771057128906
2020-09-09,268.54052734375
2020-09-10,263.186767578125
2020-09-11,261.3603515625
2020-09-14,265.9119873046875
2020-09-15,269.6808776855469
2020-09-16,265.3804626464844
2020-09-17,261.23468017578125
2020-09-18,257.900634765625
2020-09-21,258.51904296875
2020-09-22,263.3220520019531
2020-09-23,255.28170776367188
2020-09-24,256.4703369140625
2020-09-25,262.43292236328125
2020-09-28,267.8834533691406
2020-09-29,266.67547607421875
2020-09-30,268.5018310546875
2020-10-01,272.7636413574219
2020-10-02,265.0905456542969
2020-10-05,270.7439270019531
2020-10-06,265.9119873046875
2020-10-07,270.5121154785156
2020-10-08,271.9519348144531
2020-10-09,276.10736083984375
2020-10-12,284.6310729980469
2020-10-13,284.6212463378906
2020-10-14,282.2439880371094
2020-10-15,280.3498840332031
2020-10-16,278.8133544921875
2020-10-19,274.2615966796875
2020-10-20,274.8511047363281
2020-10-21,274.63848876953125
2020-10-22,274.62884521484375
2020-10-23,275.1699523925781
2020-10-26,271.0434875488281
2020-10-27,273.1599426269531
2020-10-28,262.51031494140625
2020-10-29,267.10064697265625
2020-10-30,260.3262939453125
2020-11-02,260.9061584472656
2020-11-03,265.4191589355469
2020-11-04,277.2669372558594
2020-11-05,284.4956970214844
2020-11-06,284.7082214355469
2020-11-09,278.8905944824219
2020-11-10,273.8943786621094
2020-11-11,280.0212707519531
2020-11-12,278.70703125
2020-11-13,281.1518859863281
2020-11-16,283.34564208984375
2020-11-17,282.4469299316406
2020-11-18,280.3594970703125
2020-11-19,282.5532531738281
2020-11-20,280.62042236328125
2020-11-23,280.630126953125
2020-11-24,284.5730285644531
2020-11-25,286.3221740722656
2020-11-27,288.96038818359375
2020-11-30,289.5498352050781
2020-12-01,293.26080322265625
2020-12-02,293.63763427734375
2020-12-03,294.05328369140625
2020-12-04,295.2515563964844
2020-12-07,296.9234313964844
2020-12-08,297.9284973144531
2020-12-09,291.18304443359375
2020-12-10,292.35247802734375
2020-12-11,291.7049255371094
2020-12-14,293.82147216796875
2020-12-15,296.9621276855469
2020-12-16,298.59527587890625
2020-12-17,300.54742431640625
2020-12-18,299.6390380859375
2020-12-21,299.0784606933594
2020-12-22,299.8916931152344
2020-12-23,298.38140869140625
2020-12-24,299.6980285644531
2020-12-28,302.71868896484375
2020-12-29,302.98974609375
2020-12-30,302.99951171875
2020-12-31,303.7449951171875
2021-01-04,299.45599365234375
2021-01-05,301.9247131347656
2021-01-06,297.7424621582031
2021-01-07,304.9454345703125
2021-01-08,308.8663330078125
2021-01-11,304.4032287597656
2021-01-12,303.9192199707031
2021-01-13,305.9716491699219
2021-01-14,304.3354797363281
2021-01-15,301.9247131347656
2021-01-19,306.32977294921875
2021-01-20,313.4554138183594
2021-01-21,315.9627990722656
2021-01-22,315.05279541015625
2021-01-25,317.6570739746094
2021-01-26,318.1218566894531
2021-01-27,309.2536315917969
2021-01-28,311.0833740234375
2021-01-29,304.5387268066406
2021-02-01,312.1483459472656
2021-02-02,317.2408447265625
2021-02-03,315.9822692871094
2021-02-04,319.7192077636719
2021-02-05,320.8035583496094
2021-02-08,322.95281982421875
2021-02-09,322.8850402832031
2021-02-10,322.149169921875
2021-02-11,323.92095947265625
2021-02-12,325.7314453125
2021-02-16,324.85040283203125
2021-02-17,323.2916259765625
2021-02-18,321.87823486328125
2021-02-19,320.4743347167969
2021-02-22,312.1676940917969
2021-02-23,311.2383728027344
2021-02-24,313.8039245605469
2021-02-25,302.8638610839844
2021-02-26,304.1322021484375
2021-03-01,313.28106689453125
2021-03-02,308.2564697265625
2021-03-03,299.3108215332031
2021-03-04,294.4120178222656
2021-03-05,298.8460693359375
2021-03-08,290.3845520019531
2021-03-09,301.8376770019531
2021-03-10,300.97607421875
2021-03-11,307.9078369140625
2021-03-12,305.4100341796875
2021-03-15,308.67266845703125
2021-03-16,310.3669738769531
2021-03-17,311.6449279785156
2021-03-18,302.0990905761719
2021-03-19,303.1639709472656
2021-03-22,308.8493347167969
2021-03-23,307.5018615722656
2021-03-24,302.31585693359375
2021-03-25,301.7923278808594
2021-03-26,306.3193054199219
2021-03-29,306.2320251464844
2021-03-30,304.6907958984375
2021-03-31,309.3533935546875
2021-04-01,314.62677001953125
2021-04-05,320.9082946777344
2021-04-06,320.6853332519531
2021-04-07,321.4608154296875
2021-04-08,324.814697265625
2021-04-09,326.7825927734375
2021-04-12,326.35614013671875
2021-04-13,330.1657409667969
2021-04-14,326.2010192871094
2021-04-15,331.14471435546875
2021-04-16,331.532470703125
2021-04-19,328.4984130859375
2021-04-20,326.10400390625
2021-04-21,328.895751953125
2021-04-22,324.93109130859375
2021-04-23,329.0218505859375
2021-04-26,331.1640930175781
2021-04-27,329.7293701171875
2021-04-28,328.6147155761719
2021-04-29,329.79730224609375
2021-04-30,327.6356506347656
2021-05-03,325.8907775878906
2021-05-04,320.02618408203125
2021-05-05,318.9500732421875
2021-05-06,321.3542175292969
2021-05-07,323.9617614746094
2021-05-10,315.7803649902344
2021-05-11,315.34405517578125
2021-05-12,307.1820373535156
2021-05-13,309.5569763183594
2021-05-14,316.3910217285156
2021-05-17,314.4717102050781
2021-05-18,312.3487548828125
2021-05-19,312.7073974609375
2021-05-20,318.7562255859375
2021-05-21,316.99200439453125
2021-05-24,322.323486328125
2021-05-25,322.7693786621094
2021-05-26,323.8939208984375
2021-05-27,322.6822204589844
2021-05-28,323.70001220703125
2021-06-01,322.6240539550781
2021-06-02,323.2541198730469
2021-06-03,319.89044189453125
2021-06-04,325.31884765625
2021-06-07,326.28814697265625
2021-06-08,326.44329833984375
2021-06-09,326.5208435058594
2021-06-10,329.92340087890625
2021-06-11,330.78607177734375
2021-06-14,333.9559326171875
2021-06-15,331.77484130859375
2021-06-16,330.5631408691406
2021-06-17,334.7604064941406
2021-06-18,332.13348388671875
2021-06-21,334.1976623535156
2021-06-22,337.3129577636719
2021-06-23,337.47802734375
2021-06-24,339.5644836425781
2021-06-25,339.14715576171875
2021-06-28,343.2718200683594
2021-06-29,344.51397705078125
2021-06-30,343.9705810546875
2021-07-01,344.1064453125
2021-07-02,348.0563049316406
2021-07-06,349.560546875
2021-07-07,350.298095703125
2021-07-08,348.1824035644531
2021-07-09,350.3562927246094
2021-07-12,351.7247619628906
2021-07-13,351.7247619628906
2021-07-14,352.3555603027344
2021-07-15,349.8807678222656
2021-07-16,347.0469665527344
2021-07-19,344.20343017578125
2021-07-20,348.20184326171875
2021-07-21,350.89013671875
2021-07-22,353.2096252441406
2021-07-23,357.33416748046875
2021-07-26,357.6156005859375
2021-07-27,353.6753845214844
2021-07-28,355.0340881347656
2021-07-29,355.6649169921875
2021-07-30,353.811279296875
2021-08-02,353.84039306640625
2021-08-03,355.9851989746094
2021-08-04,356.4996337890625
2021-08-05,358.76080322265625
2021-08-06,357.1885681152344
2021-08-09,357.8485412597656
2021-08-10,356.0143127441406
2021-08-11,355.40289306640625
2021-08-12,356.68389892578125
2021-08-13,357.9358215332031
2021-08-16,358.09112548828125
2021-08-17,354.9371032714844
2021-08-18,351.5208740234375
2021-08-19,353.2192077636719
2021-08-20,356.8780517578125
2021-08-23,362.2157897949219
2021-08-24,363.3220520019531
2021-08-25,363.7394714355469
2021-08-26,361.4296569824219
2021-08-27,364.94281005859375
2021-08-30,369.038330078125
2021-08-31,368.73748779296875
2021-09-01,369.3487548828125
2021-09-02,369.1742248535156
2021-09-03,370.30963134765625
2021-09-07,370.8336486816406
2021-09-08,369.54296875
2021-09-09,368.271484375
2021-09-10,365.4765625
2021-09-13,365.22418212890625
2021-09-14,364.1857604980469
2021-09-15,366.89349365234375
2021-09-16,367.14581298828125
2021-09-17,362.79803466796875
2021-09-20,355.30145263671875
2021-09-21,355.73858642578125
2021-09-22,359.0613708496094
2021-09-23,362.3743591308594
2021-09-24,362.7144470214844
2021-09-27,359.8192138671875
2021-09-28,349.63720703125
2021-09-29,349.06396484375
2021-09-30,347.781494140625
2021-10-01,349.9383239746094
2021-10-04,342.5933532714844
2021-10-05,347.2178955078125
2021-10-06,349.4428405761719
2021-10-07,352.6490478515625
2021-10-08,350.8905334472656
2021-10-11,348.1993103027344
2021-10-12,346.9848327636719
2021-10-13,349.76348876953125
2021-10-14,356.20489501953125
2021-10-15,358.44927978515625
2021-10-18,362.05377197265625
2021-10-19,364.7936096191406
2021-10-20,364.31756591796875
2021-10-21,366.54241943359375
2021-10-22,363.46258544921875
2021-10-25,367.1837158203125
2021-10-26,368.3398742675781
2021-10-27,369.19488525390625
2021-10-28,373.2947998046875
2021-10-29,375.1310729980469
2021-11-01,376.4135437011719
2021-11-02,377.9874267578125
2021-11-03,382.0000915527344
2021-11-04,386.8967590332031
2021-11-05,387.2659606933594
2021-11-08,386.7412414550781
2021-11-09,384.0792236328125
2021-11-10,378.43438720703125
2021-11-11,379.483642578125
2021-11-12,383.4768371582031
2021-11-15,383.38934326171875
2021-11-16,386.1194763183594
2021-11-17,386.32354736328125
2021-11-18,390.32635498046875
2021-11-19,392.5026550292969
2021-11-22,387.946044921875
2021-11-23,386.1777648925781
2021-11-24,387.4213562011719
2021-11-26,380.0763244628906
2021-11-29,388.3249206542969
2021-11-30,382.621826171875
2021-12-01,376.1123352050781
2021-12-02,378.8230285644531
2021-12-03,372.23583984375
2021-12-06,375.2184753417969
2021-12-07,386.517822265625
2021-12-08,388.2471618652344
2021-12-09,382.5343933105469
2021-12-10,386.69268798828125
2021-12-13,381.1061096191406
2021-12-14,377.1615905761719
2021-12-15,385.7599792480469
2021-12-16,375.84033203125
2021-12-17,373.9651794433594
2021-12-20,370.3375244140625
2021-12-21,378.6258544921875
2021-12-22,383.2370300292969
2021-12-23,386.126220703125
2021-12-27,392.5079040527344
2021-12-28,390.6886901855469
2021-12-29,390.6303405761719
2021-12-30,389.4629821777344
2021-12-31,387.03094482421875
2022-01-03,390.75677490234375
2022-01-04,385.68841552734375
2022-01-05,373.8396911621094
2022-01-06,373.57708740234375
2022-01-07,369.5301818847656
2022-01-10,369.7733459472656
2022-01-11,375.328125
2022-01-12,376.81646728515625
2022-01-13,367.38995361328125
2022-01-14,369.6760559082031
2022-01-18,360.4733581542969
2022-01-19,356.51397705078125
2022-01-20,351.8834533691406
2022-01-21,342.12628173828125
2022-01-24,343.6924133300781
2022-01-25,335.7251892089844
2022-01-26,335.19976806640625
2022-01-27,331.82427978515625
2022-01-28,342.233154296875
2022-01-31,353.17724609375
2022-02-01,355.5801086425781
2022-02-02,358.4693298339844
2022-02-03,343.9355773925781
2022-02-04,348.27435302734375
2022-02-07,345.4726867675781
2022-02-08,349.3540954589844
2022-02-09,356.7572021484375
2022-02-10,348.68292236328125
2022-02-11,337.6221008300781
2022-02-14,338.0403747558594
2022-02-15,346.4455261230469
2022-02-16,346.3579406738281
2022-02-17,336.05584716796875
2022-02-18,332.2230529785156
2022-02-22,328.88629150390625
2022-02-23,320.4619140625
2022-02-24,331.2308044433594
2022-02-25,336.3671875
2022-02-28,337.3692321777344
2022-03-01,332.2035827636719
2022-03-02,337.7777404785156
2022-03-03,332.9526672363281
2022-03-04,328.1275634765625
2022-03-07,316.0257568359375
2022-03-08,314.5569152832031
2022-03-09,325.88031005859375
2022-03-10,322.2615051269531
2022-03-11,315.5783386230469
2022-03-14,309.51788330078125
2022-03-15,319.2263488769531
2022-03-16,331.0653991699219
2022-03-17,335.0733337402344
2022-03-18,341.9316101074219
2022-03-21,340.98101806640625
2022-03-22,347.6822204589844
2022-03-23,342.6855773925781
2022-03-24,350.30224609375
2022-03-25,350.01007080078125
2022-03-28,355.4255065917969
2022-03-29,361.5423583984375
2022-03-30,357.5489501953125
2022-03-31,353.1171875
2022-04-01,352.4450988769531
2022-04-04,359.70147705078125
2022-04-05,351.7146301269531
2022-04-06,344.0783386230469
2022-04-07,344.8965759277344
2022-04-08,340.07513427734375
2022-04-11,332.0299072265625
2022-04-12,330.6273193359375
2022-04-13,337.3480224609375
2022-04-14,329.6338195800781
2022-04-18,329.88702392578125
2022-04-19,337.2604064941406
2022-04-20,332.341552734375
2022-04-21,325.4650573730469
2022-04-22,316.9424743652344
2022-04-25,321.0138244628906
2022-04-26,308.8971252441406
2022-04-27,308.52703857421875
2022-04-28,319.4846496582031
2022-04-29,305.1082763671875
2022-05-02,310.20233154296875
2022-05-03,310.53350830078125
2022-05-04,321.03338623046875
2022-05-05,304.86474609375
2022-05-06,301.2122497558594
2022-05-09,289.4267272949219
2022-05-10,292.94293212890625
2022-05-11,284.2547302246094
2022-05-12,283.5826721191406
2022-05-13,294.09228515625
2022-05-16,290.6831970214844
2022-05-17,298.2122497558594
2022-05-18,283.57293701171875
2022-05-19,282.053466796875
2022-05-20,281.1768493652344
2022-05-23,285.8521423339844
2022-05-24,279.77435302734375
2022-05-25,283.6898193359375
2022-05-26,291.550048828125
2022-05-27,301.0661315917969
2022-05-31,300.2674560546875
2022-06-01,298.0466613769531
2022-06-02,306.2089538574219
2022-06-03,298.24151611328125
2022-06-06,299.2349548339844
2022-06-07,301.816162109375
2022-06-08,299.64404296875
2022-06-09,291.6182861328125
2022-06-10,281.3327941894531
2022-06-13,268.2518005371094
2022-06-14,268.7388000488281
2022-06-15,275.4496765136719
2022-06-16,264.33624267578125
2022-06-17,267.550537109375
2022-06-21,274.3006896972656
2022-06-22,273.9005126953125
2022-06-23,277.97979736328125
2022-06-24,287.5043640136719
2022-06-27,285.396484375
2022-06-28,276.7013244628906
2022-06-29,276.955078125
2022-06-30,273.5199279785156
2022-07-01,275.3253173828125
2022-07-05,280.03887939453125
2022-07-06,281.8344421386719
2022-07-07,287.86541748046875
2022-07-08,288.2264709472656
2022-07-11,282.0686950683594
2022-07-12,279.3362731933594
2022-07-13,278.7604675292969
2022-07-14,279.75592041015625
2022-07-15,284.8304138183594
2022-07-18,282.41998291015625
2022-07-19,291.1053771972656
2022-07-20,295.7212219238281
2022-07-21,299.9663391113281
2022-07-22,294.706298828125
2022-07-25,293.0278625488281
2022-07-26,287.2701416015625
2022-07-27,299.4100341796875
2022-07-28,302.3377380371094
2022-07-29,307.8514404296875
2022-08-01,307.6660461425781
2022-08-02,306.7487487792969
2022-08-03,315.1023254394531
2022-08-04,316.57586669921875
2022-08-05,313.9897766113281
2022-08-08,312.97491455078125
2022-08-09,309.432373046875
2022-08-10,318.06890869140625
2022-08-11,316.2635192871094
2022-08-12,322.42132568359375
2022-08-15,325.0269775390625
2022-08-16,324.26580810546875
2022-08-17,320.5672302246094
2022-08-18,321.338134765625
2022-08-19,315.0729675292969
2022-08-22,306.7779541015625
2022-08-23,306.5242614746094
2022-08-24,307.412353515625
2022-08-25,312.84796142578125
2022-08-26,300.02490234375
2022-08-29,297.0680236816406
2022-08-30,293.759765625
2022-08-31,292.0519104003906
2022-09-01,292.1788330078125
2022-09-02,288.0508728027344
2022-09-06,285.98193359375
2022-09-07,291.7591857910156
2022-09-08,293.2718200683594
2022-09-09,299.68328857421875
2022-09-12,303.2452697753906
2022-09-13,286.6163024902344
2022-09-14,288.8901672363281
2022-09-15,284.0790100097656
2022-09-16,282.3419189453125
2022-09-19,284.5406494140625
2022-09-20,282.2725524902344
2022-09-21,277.2181396484375
2022-09-22,273.8061828613281
2022-09-23,269.34820556640625
2022-09-26,268.23370361328125
2022-09-27,268.34124755859375
2022-09-28,273.67913818359375
2022-09-29,265.78961181640625
2022-09-30,261.2827453613281
2022-10-03,267.4125061035156
2022-10-04,275.8201599121094
2022-10-05,275.6734313964844
2022-10-06,273.5032043457031
2022-10-07,263.0815734863281
2022-10-10,260.45172119140625
2022-10-11,256.8735656738281
2022-10-12,256.78558349609375
2022-10-13,262.80780029296875
2022-10-14,254.908447265625
2022-10-17,263.325927734375
2022-10-18,265.40838623046875
2022-10-19,264.4404296875
2022-10-20,263.0912780761719
2022-10-21,269.26019287109375
2022-10-24,272.2224426269531
2022-10-25,277.8536071777344
2022-10-26,271.7140197753906
2022-10-27,266.7671813964844
2022-10-28,274.9305114746094
2022-10-31,271.7336120605469
2022-11-01,268.9571533203125
2022-11-02,259.738037109375
2022-11-03,254.66409301757812
2022-11-04,258.7603454589844
2022-11-07,261.60528564453125
2022-11-08,263.5116882324219
2022-11-09,257.43084716796875
2022-11-10,276.42626953125
2022-11-11,281.519775390625
2022-11-14,279.05615234375
2022-11-15,282.9177551269531
2022-11-16,279.05615234375
2022-11-17,278.4401550292969
2022-11-18,278.45001220703125
2022-11-21,275.5855712890625
2022-11-22,279.5546569824219
2022-11-23,282.3605041503906
2022-11-25,280.5030212402344
2022-11-28,276.38714599609375
2022-11-29,274.2950439453125
2022-11-30,286.79901123046875
2022-12-01,287.1509704589844
2022-12-02,286.007080078125
2022-12-05,281.20697021484375
2022-12-06,275.38018798828125
2022-12-07,274.25592041015625
2022-12-08,277.50164794921875
2022-12-09,275.73211669921875
2022-12-12,279.1929626464844
2022-12-13,282.19427490234375
2022-12-14,280.1021423339844
2022-12-15,270.6973876953125
2022-12-16,268.1164245605469
2022-12-19,264.348388671875
2022-12-20,264.1425476074219
2022-12-21,267.9742736816406
2022-12-22,261.4182434082031
2022-12-23,262.0062255859375
2022-12-27,258.3019104003906
2022-12-28,254.8916015625
2022-12-29,261.1046447753906
2022-12-30,260.9478454589844
2023-01-03,259.1838684082031
2023-01-04,260.4186706542969
2023-01-05,256.34197998046875
2023-01-06,263.4173278808594
2023-01-09,265.12255859375
2023-01-10,267.3666687011719
2023-01-11,271.9922180175781
2023-01-12,273.462158203125
2023-01-13,275.3437194824219
2023-01-17,275.9022521972656
2023-01-18,272.3155212402344
2023-01-19,269.64031982421875
2023-01-20,277.0194396972656
2023-01-23,283.17376708984375
2023-01-24,282.5955505371094
2023-01-25,281.9683532714844
2023-01-26,287.4659423828125
2023-01-27,290.3275451660156
2023-01-30,284.4574890136719
2023-01-31,288.7203674316406
2023-02-01,294.89422607421875
2023-02-02,305.4779357910156
2023-02-03,300.048828125
2023-02-06,297.5107116699219
2023-02-07,303.6747741699219
2023-02-08,298.2751159667969
2023-02-09,295.638916015625
2023-02-10,293.6986083984375
2023-02-13,298.4025573730469
2023-02-14,300.6074523925781
2023-02-15,302.9104309082031
2023-02-16,297.2264404296875
2023-02-17,295.1294860839844
2023-02-21,288.14215087890625
2023-02-22,288.3577575683594
2023-02-23,290.8763427734375
2023-02-24,286.005859375
2023-02-27,288.05401611328125
2023-02-28,287.68157958984375
2023-03-01,285.36883544921875
2023-03-02,287.73052978515625
2023-03-03,293.6789855957031
2023-03-06,294.0122375488281
2023-03-07,290.4059143066406
2023-03-08,291.8563232421875
2023-03-09,286.7995910644531
2023-03-10,282.7719421386719
2023-03-13,284.8690185546875
2023-03-14,291.4153137207031
2023-03-15,292.94403076171875
2023-03-16,300.6662292480469
2023-03-17,299.2453308105469
2023-03-20,300.3072814941406
2023-03-21,304.59637451171875
2023-03-22,300.45452880859375
2023-03-23,304.017333984375
2023-03-24,305.1362609863281
2023-03-27,303.0456237792969
2023-03-28,301.4360046386719
2023-03-29,306.93231201171875
2023-03-30,309.83758544921875
2023-03-31,314.99041748046875
2023-04-03,314.224853515625
2023-04-04,313.1648254394531
2023-04-05,310.0731506347656
2023-04-06,312.1636962890625
2023-04-10,311.9870300292969
2023-04-11,309.98480224609375
2023-04-12,307.2464294433594
2023-04-13,313.2630310058594
2023-04-14,312.67413330078125
2023-04-17,312.9391174316406
2023-04-18,312.958740234375
2023-04-19,312.81146240234375
2023-04-20,310.4264831542969
2023-04-21,310.7503356933594
2023-04-24,310.1025695800781
2023-04-25,304.25286865234375
2023-04-26,306.09808349609375
2023-04-27,314.42108154296875
2023-04-28,316.5901794433594
2023-05-01,316.2271728515625
2023-05-02,313.4691467285156
2023-05-03,311.4177551269531
2023-05-04,310.3184814453125
2023-05-05,316.9141540527344
2023-05-08,317.6993408203125
2023-05-09,315.687255859375
2023-05-10,319.1224670410156
2023-05-11,320.1628723144531
2023-05-12,319.0144958496094
2023-05-15,320.741943359375
2023-05-16,321.1050720214844
2023-05-17,324.9918212890625
2023-05-18,331.02801513671875
2023-05-19,330.2820739746094
2023-05-22,331.3911437988281
2023-05-23,327.1903381347656
2023-05-24,325.5120544433594
2023-05-25,333.43267822265625
2023-05-26,341.9520263671875
2023-05-30,343.5027160644531
2023-05-31,341.5495910644531
2023-06-01,345.49517822265625
2023-06-02,348.0863037109375
2023-06-05,348.3316650390625
2023-06-06,348.2727355957031
2023-06-07,342.36419677734375
2023-06-08,346.6141052246094
2023-06-09,347.93914794921875
2023-06-12,353.8182373046875
2023-06-13,356.5369567871094
2023-06-14,359.1280822753906
2023-06-15,363.4074401855469
2023-06-16,361.1205749511719
2023-06-20,360.6035461425781
2023-06-21,355.68939208984375
2023-06-22,359.8861083984375
2023-06-23,356.31842041015625
2023-06-26,351.54180908203125
2023-06-27,357.5862731933594
2023-06-28,358.2840576171875
2023-06-29,357.56658935546875
2023-06-30,363.080322265625
2023-07-03,363.93548583984375
2023-07-05,363.9255676269531
2023-07-06,361.1539611816406
2023-07-07,359.954833984375
2023-07-10,360.07281494140625
2023-07-11,361.851806640625
2023-07-12,366.4219665527344
2023-07-13,372.6434020996094
2023-07-14,372.5647888183594
2023-07-17,376.04400634765625
2023-07-18,379.1202697753906
2023-07-19,379.03173828125
2023-07-20,370.29437255859375
2023-07-21,369.18377685546875
2023-07-24,369.77349853515625
2023-07-25,372.27972412109375
2023-07-26,371.0413513183594
2023-07-27,370.15679931640625
2023-07-28,376.8990173339844
2023-07-31,377.09564208984375
2023-08-01,376.220947265625
2023-08-02,367.96502685546875
2023-08-03,367.3753662109375
2023-08-04,365.6554260253906
2023-08-07,368.7513122558594
2023-08-08,365.6160583496094
2023-08-09,361.59625244140625
2023-08-10,362.26458740234375
2023-08-11,359.954833984375
2023-08-14,363.994384765625
2023-08-15,360.1318359375
2023-08-16,356.31842041015625
2023-08-17,352.4263000488281
2023-08-18,351.98406982421875
2023-08-21,357.655029296875
2023-08-22,357.1440124511719
2023-08-23,362.775634765625
2023-08-24,355.0210876464844
2023-08-25,357.77294921875
2023-08-28,360.4659729003906
2023-08-29,368.3385009765625
2023-08-30,370.3927001953125
2023-08-31,371.50323486328125
2023-09-01,371.1101379394531
2023-09-05,371.5818786621094
2023-09-06,368.3089904785156
2023-09-07,365.6750183105469
2023-09-08,366.18609619140625
2023-09-11,370.50079345703125
2023-09-12,366.3924865722656
2023-09-13,367.7881164550781
2023-09-14,370.79559326171875
2023-09-15,364.446533203125
2023-09-18,364.8263854980469
2023-09-19,364.0488586425781
2023-09-20,358.80267333984375
2023-09-21,352.227783203125
2023-09-22,352.2770690917969
2023-09-25,353.9502868652344
2023-09-26,348.6353454589844
2023-09-27,349.4522705078125
2023-09-28,352.37554931640625
2023-09-29,352.63134765625
2023-10-02,355.5743408203125
2023-10-03,349.3341369628906
2023-10-04,354.0881042480469
2023-10-05,353.0447692871094
2023-10-06,358.96026611328125
2023-10-09,360.7909240722656
2023-10-10,362.7889709472656
2023-10-11,365.3775939941406
2023-10-12,364.10791015625
2023-10-13,359.5310974121094
2023-10-16,363.5960693359375
2023-10-17,362.4051208496094
2023-10-18,357.6510925292969
2023-10-19,354.3046569824219
2023-10-20,349.0191345214844
2023-10-23,350.0723571777344
2023-10-24,353.4778747558594
2023-10-25,344.826171875
2023-10-26,338.2513427734375
2023-10-27,339.8753356933594
2023-10-30,343.70416259765625
2023-10-31,345.3478698730469
2023-11-01,351.3420104980469
2023-11-02,357.72003173828125
2023-11-03,361.9228210449219
2023-11-06,363.3991394042969
2023-11-07,366.83428955078125
2023-11-08,367.070556640625
2023-11-09,364.2456970214844
2023-11-10,372.4347839355469
2023-11-13,371.2733154296875
2023-11-14,379.2655334472656
2023-11-15,379.55096435546875
2023-11-16,379.87579345703125
2023-11-17,379.9643249511719
2023-11-20,384.59039306640625
2023-11-21,382.3560485839844
2023-11-22,383.92108154296875
2023-11-24,383.3797302246094
2023-11-27,383.0450744628906
2023-11-28,384.0491027832031
2023-11-29,383.6750183105469
2023-11-30,382.7104187011719
2023-12-01,383.802978515625
2023-12-04,380.2398986816406
2023-12-05,381.19476318359375
2023-12-06,378.9899597167969
2023-12-07,384.2853088378906
2023-12-08,385.9978942871094
2023-12-11,389.2950744628906
2023-12-12,392.39556884765625
2023-12-13,397.38580322265625
2023-12-14,397.04132080078125
2023-12-15,398.9605712890625
2023-12-18,401.4735107421875
2023-12-19,403.52490234375
2023-12-20,397.5285949707031
2023-12-21,402.154052734375
2023-12-22,402.755615234375
2023-12-26,405.22119140625
2023-12-27,406.0460510253906
2023-12-28,405.8487548828125
2023-12-29,404.0923156738281
2024-01-02,397.2541809082031
2024-01-03,393.0506286621094
2024-01-04,391.0278015136719
2024-01-05,391.4916076660156
2024-01-08,399.5829162597656
2024-01-09,400.3722839355469
2024-01-10,403.08587646484375
2024-01-11,403.9245910644531
2024-01-12,404.1318054199219
2024-01-16,404.0923156738281
2024-01-17,401.81298828125
2024-01-18,407.5163269042969
2024-01-19,415.5977783203125
2024-01-22,416.1405334472656
2024-01-23,417.86724853515625
2024-01-24,420.1861877441406
2024-01-25,420.6993103027344
2024-01-26,418.19293212890625
2024-01-29,422.4754333496094
2024-01-30,419.6631774902344
2024-01-31,411.4436340332031
2024-02-01,416.28857421875
2024-02-02,423.3240051269531
2024-02-05,422.7714538574219
2024-02-06,421.9228820800781
2024-02-07,426.2645568847656
2024-02-08,427.0539245605469
2024-02-09,431.2574462890625
2024-02-12,429.5700988769531
2024-02-13,422.8701477050781
2024-02-14,427.47821044921875
2024-02-15,428.7511291503906
2024-02-16,424.8634033203125
2024-02-20,421.65643310546875
2024-02-21,419.9691162109375
2024-02-22,432.2639465332031
2024-02-23,430.9910888671875
2024-02-26,430.7640686035156
2024-02-27,431.8002014160156
2024-02-28,429.50103759765625
2024-02-29,433.1816711425781
2024-03-01,439.7039489746094
2024-03-04,438.13507080078125
2024-03-05,430.2707214355469
2024-03-06,432.9743957519531
2024-03-07,439.546142578125
2024-03-08,433.20135498046875
2024-03-11,431.5929260253906
2024-03-12,437.7798767089844
2024-03-13,434.4150390625
2024-03-14,433.31982421875
2024-03-15,428.1689453125
2024-03-18,432.2525939941406
2024-03-19,433.3295593261719
2024-03-20,438.4673767089844
2024-03-21,440.54229736328125
2024-03-22,441.0462646484375
2024-03-25,439.4455871582031
2024-03-26,438.02276611328125
2024-03-27,439.51470947265625
2024-03-28,438.70452880859375
2024-04-01,439.63336181640625
2024-04-02,435.8392333984375
2024-04-03,436.8173828125
2024-04-04,430.13812255859375
2024-04-05,435.20684814453125
2024-04-08,435.3352966308594
2024-04-09,436.94580078125
2024-04-10,433.1319885253906
2024-04-11,440.04827880859375
2024-04-12,433.03314208984375
2024-04-15,425.9092712402344
2024-04-16,425.9487609863281
2024-04-17,420.75164794921875
2024-04-18,418.3507080078125
2024-04-19,409.6954040527344
2024-04-22,413.8155822753906
2024-04-23,419.9908752441406
2024-04-24,421.41363525390625
2024-04-25,419.3782653808594
2024-04-26,425.85003662109375
2024-04-29,427.5791015625
2024-04-30,419.5166015625
2024-05-01,416.4832458496094
2024-05-02,421.79901123046875
2024-05-03,430.2765197753906
2024-05-06,434.9894714355469
2024-05-07,435.0585632324219
2024-05-08,434.8017578125
2024-05-09,435.750244140625
2024-05-10,436.7778625488281
2024-05-13,437.78564453125
2024-05-14,440.6016540527344
2024-05-15,447.48834228515625
2024-05-16,446.579345703125
2024-05-17,446.36199951171875
2024-05-20,449.47430419921875
2024-05-21,450.3536376953125
2024-05-22,450.2647399902344
2024-05-23,448.2392578125
2024-05-24,452.47802734375
2024-05-28,454.1872863769531
2024-05-29,450.98602294921875
2024-05-30,446.15447998046875
2024-05-31,445.32452392578125
2024-06-03,447.7155456542969
2024-06-04,448.9407043457031
2024-06-05,457.9913024902344
2024-06-06,457.8332214355469
2024-06-07,457.42816162109375
2024-06-10,459.2757263183594
2024-06-11,462.4276428222656
2024-06-12,468.4844055175781
2024-06-13,471.0237121582031
2024-06-14,473.4642028808594
2024-06-17,479.2640686035156
2024-06-18,479.4122009277344
2024-06-20,475.7169494628906
2024-06-21,474.4423522949219
2024-06-24,469.041015625
2024-06-25,474.40478515625
2024-06-26,475.3844909667969
2024-06-27,476.61163330078125
2024-06-28,474.1375732421875
2024-07-01,476.9184265136719
2024-07-02,481.9259033203125
2024-07-03,485.9437561035156
2024-07-05,491.0106506347656
2024-07-08,492.1783142089844
2024-07-09,492.6038513183594
2024-07-10,497.7400207519531
2024-07-11,486.82452392578125
2024-07-12,489.6845397949219
2024-07-15,491.0007019042969
2024-07-16,491.188720703125
2024-07-17,476.76995849609375
2024-07-18,474.51361083984375
2024-07-19,470.3077087402344
2024-07-22,477.31427001953125
2024-07-23,475.63189697265625
2024-07-24,458.57080078125
2024-07-25,453.51385498046875
2024-07-26,458.1650085449219
2024-07-29,459.08538818359375
2024-07-30,452.7815246582031
2024-07-31,466.1809387207031
2024-08-01,454.889404296875
2024-08-02,444.0926818847656
2024-08-05,430.8514709472656
2024-08-06,434.96832275390625
2024-08-07,430.2577209472656
2024-08-08,443.4197082519531
2024-08-09,445.73541259765625
2024-08-12,446.69537353515625
2024-08-13,457.77911376953125
2024-08-14,457.92755126953125
2024-08-15,469.4962158203125
2024-08-16,470.0998840332031
2024-08-19,476.27508544921875
2024-08-20,475.2756042480469
2024-08-21,477.49237060546875
2024-08-22,469.9217834472656
2024-08-23,475.018310546875
2024-08-26,470.40667724609375
2024-08-27,471.81195068359375
2024-08-28,466.45806884765625
2024-08-29,465.7752380371094
2024-08-30,471.3270568847656
2024-09-03,457.0171203613281
2024-09-04,455.8294982910156
2024-09-05,456.2550964355469
2024-09-06,444.0332946777344
2024-09-09,449.743408203125
2024-09-10,453.8998107910156
2024-09-11,463.7564697265625
2024-09-12,468.3087158203125
2024-09-13,470.40667724609375
2024-09-16,468.3284912109375
2024-09-17,468.5758972167969
2024-09-18,466.54718017578125
2024-09-19,478.34344482421875
2024-09-20,477.4329528808594
2024-09-23,478.69854736328125
2024-09-24,481.0075378417969
2024-09-25,481.4534912109375
2024-09-26,485.0707092285156
2024-09-27,482.37518310546875
2024-09-30,483.6833801269531
2024-10-01,476.94439697265625
2024-10-02,477.6183166503906
2024-10-03,477.2615661621094
2024-10-04,482.9400329589844
2024-10-07,477.7669677734375
2024-10-08,484.9022521972656
2024-10-09,488.7176818847656
2024-10-10,488.16265869140625
2024-10-11,488.92578125
2024-10-14,493.028564453125
2024-10-15,486.4383544921875
2024-10-16,486.4977722167969
2024-10-17,486.834716796875
2024-10-18,490.0257873535156
2024-10-21,490.9672546386719
2024-10-22,491.5024108886719
2024-10-23,483.9706726074219
2024-10-24,487.89508056640625
2024-10-25,490.8681640625
2024-10-28,490.9474182128906
2024-10-29,495.6646423339844
2024-10-30,491.91864013671875
2024-10-31,479.50128173828125
2024-11-01,483.0490417480469
2024-11-04,481.6418151855469
2024-11-05,487.78607177734375
2024-11-06,501.035888671875
2024-11-07,508.9243469238281
2024-11-08,509.51910400390625
2024-11-11,509.2217102050781
2024-11-12,508.300048828125
2024-11-13,507.64599609375
2024-11-14,504.11798095703125
2024-11-15,492.10693359375
2024-11-18,495.5259094238281
2024-11-19,498.9349670410156
2024-11-20,498.6476135253906
2024-11-21,500.44134521484375
2024-11-22,501.2440490722656
2024-11-25,502.0368347167969
2024-11-26,504.7323913574219
2024-11-27,500.7584228515625
2024-11-29,505.15850830078125
2024-12-02,510.6586608886719
2024-12-03,512.224365234375
2024-12-04,518.5570678710938
2024-12-05,517.1200561523438
2024-12-06,521.748046875
2024-12-09,517.6849365234375
2024-12-10,515.9209594726562
2024-12-11,525.1572265625
2024-12-12,521.7679443359375
2024-12-13,525.7617797851562
2024-12-16,533.3330688476562
2024-12-17,530.9842529296875
2024-12-18,511.828125
2024-12-19,509.5486755371094
2024-12-20,513.9984130859375
2024-12-23,519.006103515625
2024-12-24,526.043701171875
2024-12-26,525.6863403320312
2024-12-27,518.6983642578125
2024-12-30,511.79974365234375
2024-12-31,507.4521484375
2025-01-02,506.4595031738281
2025-01-03,514.7477416992188
2025-01-06,520.6636962890625
2025-01-07,511.3728942871094
2025-01-08,511.4622497558594
2025-01-10,503.4420166015625
2025-01-13,501.8240051269531
2025-01-14,501.3475341796875
2025-01-15,512.8816528320312
2025-01-16,509.2884826660156
2025-01-17,517.8843994140625
2025-01-21,520.921875
2025-01-22,527.5822143554688
2025-01-23,528.7039184570312
2025-01-24,525.7161865234375
2025-01-27,510.41009521484375
2025-01-28,517.9539184570312
2025-01-29,516.981201171875
2025-01-30,519.1847534179688
2025-01-31,518.4303588867188
2025-02-03,514.28125
2025-02-04,520.59423828125
2025-02-05,522.9566650390625
2025-02-06,525.6863403320312
2025-02-07,519.0557250976562
2025-02-10,525.3389282226562
2025-02-11,524.0881958007812
2025-02-12,524.39599609375
2025-02-13,531.9398193359375
2025-02-14,534.1732177734375
2025-02-18,535.3840942382812
2025-02-19,535.5330810546875
2025-02-20,533.2598876953125
2025-02-21,522.1923828125
2025-02-24,516.0283203125
2025-02-25,509.52667236328125
2025-02-26,510.7575378417969
2025-02-27,496.5730895996094
2025-02-28,504.4147033691406
2025-03-03,493.3768615722656
2025-03-04,491.8879699707031
2025-03-05,498.30023193359375
2025-03-06,484.5923156738281
2025-03-07,488.15576171875
2025-03-10,469.2366638183594
2025-03-11,468.114990234375
2025-03-12,473.3956604003906
2025-03-13,464.8789978027344
2025-03-14,476.11541748046875
2025-03-17,479.2023620605469
2025-03-18,471.0332336425781
2025-03-19,477.3363037109375
2025-03-20,475.7183532714844
2025-03-21,477.28668212890625
2025-03-24,487.76043701171875
2025-03-25,490.54388427734375
2025-03-26,481.51751708984375
2025-03-27,478.77386474609375
2025-03-28,466.16876220703125
2025-03-31,466.1488952636719
2025-04-01,469.90655517578125
2025-04-02,473.3361511230469
2025-04-03,447.9967956542969
2025-04-04,420.1722106933594
2025-04-07,421.1861572265625
2025-04-08,413.6012268066406
2025-04-09,463.2461242675781
2025-04-10,443.5432434082031
2025-04-11,451.7147216796875
2025-04-14,454.7764892578125
2025-04-15,455.28350830078125
2025-04-16,441.5550537109375
2025-04-17,441.4755859375
2025-04-21,430.55047607421875
2025-04-22,441.8533020019531
2025-04-23,451.8737487792969
2025-04-24,464.58819580078125
2025-04-25,469.76739501953125
2025-04-28,469.6182556152344
2025-04-29,472.7198181152344
2025-04-30,472.6601867675781
2025-05-01,478.8334655761719
2025-05-02,485.9411926269531
2025-05-05,483.058349609375
2025-05-06,478.5650634765625
2025-05-07,480.44390869140625
2025-05-08,485.4044494628906
2025-05-09,485.0863342285156
2025-05-12,504.84881591796875
2025-05-13,512.5431518554688
2025-05-14,515.6148071289062
2025-05-15,516.1814575195312
2025-05-16,518.4281005859375
2025-05-19,518.9251098632812
2025-05-20,517.1954345703125
2025-05-21,510.0081481933594
2025-05-22,510.96246337890625
2025-05-23,506.2306213378906
2025-05-27,518.1398315429688
2025-05-28,515.8433837890625
2025-05-29,516.8574829101562
2025-05-30,516.042236328125
2025-06-02,520.1181030273438
2025-06-03,524.183837890625
2025-06-04,525.6452026367188
2025-06-05,521.6886596679688
2025-06-06,526.788330078125
2025-06-09,527.5637817382812
2025-06-10,531.0530395507812
2025-06-11,529.263671875
2025-06-12,530.5062866210938
2025-06-13,523.845947265625
2025-06-16,531.132568359375
2025-06-17,525.9534301757812
2025-06-18,525.8638916015625
2025-06-20,523.7166748046875
2025-06-23,529.1017456054688
2025-06-24,537.19287109375
2025-06-25,538.566162109375
2025-06-26,543.6018676757812
2025-06-27,545.4629516601562
2025-06-30,548.9959716796875
2025-07-01,544.3681640625
2025-07-02,548.159912109375
2025-07-03,553.5540161132812
2025-07-07,549.3840942382812
2025-07-08,549.6925659179688
2025-07-09,553.5838012695312
2025-07-10,552.7877197265625
2025-07-11,551.5436401367188
2025-07-14,553.5440673828125
2025-07-15,554.0515747070312
2025-07-16,554.6188354492188
2025-07-17,559.1072387695312
2025-07-18,558.56982421875
2025-07-21,561.4658813476562
2025-07-22,558.5598754882812
2025-07-23,561.1076049804688
2025-07-24,562.3018188476562
2025-07-25,563.6553344726562
2025-07-28,565.4169311523438
2025-07-29,564.5410766601562
2025-07-30,565.2974243164062
2025-07-31,562.3018188476562
2025-08-01,551.2252197265625
2025-08-04,561.3961791992188
2025-08-05,557.5845336914062
2025-08-06,564.600830078125
2025-08-07,566.5115356445312
2025-08-08,571.7960815429688
2025-08-11,570.1041870117188
2025-08-12,577.269775390625
2025-08-13,577.5584106445312
2025-08-14,577.1105346679688
2025-08-15,574.5728149414062
2025-08-18,574.3438720703125
2025-08-19,566.5513916015625
2025-08-20,563.1876220703125
2025-08-21,560.5802001953125
2025-08-22,569.2284545898438
2025-08-25,567.58642578125
2025-08-26,569.8653564453125
2025-08-27,570.7412109375
2025-08-28,574.31396484375
2025-08-29,567.666015625
2025-09-02,562.908935546875
2025-09-03,567.3375854492188
2025-09-04,572.4728393554688
2025-09-05,573.2988891601562
2025-09-08,576.0953979492188
2025-09-09,577.7275390625
2025-09-10,577.9166259765625
2025-09-11,581.2804565429688
2025-09-12,583.84814453125
2025-09-15,588.8440551757812
2025-09-16,588.3463134765625
2025-09-17,587.1720581054688
2025-09-18,592.466552734375
2025-09-19,596.4772338867188
2025-09-22,600.0083618164062
2025-09-23,596.02294921875
2025-09-24,593.9305419921875
2025-09-25,591.3699340820312
2025-09-26,593.801025390625
2025-09-29,596.5509643554688
2025-09-30,598.18505859375
2025-10-01,601.0545043945312
2025-10-02,603.5254516601562
2025-10-03,600.9848022460938
2025-10-06,605.498291015625
2025-10-07,602.3099365234375
2025-10-08,609.2147216796875
2025-10-09,608.4774169921875
2025-10-10,587.3546142578125
2025-10-13,599.8190307617188
2025-10-14,595.8236694335938
2025-10-15,600.0282592773438
2025-10-16,597.806396484375
2025-10-17,601.7320556640625
2025-10-20,609.3143310546875
2025-10-21,609.1549682617188
2025-10-22,603.286376953125
2025-10-23,608.3578491210938
2025-10-24,614.8540649414062
2025-10-27,625.8041381835938
2025-10-28,630.6165771484375
2025-10-29,633.4562377929688
2025-10-30,623.7715454101562
2025-10-31,626.7806396484375
2025-11-03,629.7796020507812
2025-11-04,616.9962768554688
2025-11-05,621.01171875
2025-11-06,609.4439086914062
2025-11-07,607.5209350585938
2025-11-10,620.9618530273438
2025-11-11,619.307861328125
2025-11-12,618.8196411132812
2025-11-13,606.1858520507812
2025-11-14,606.6441040039062
2025-11-17,601.4630737304688
2025-11-18,594.1397094726562
2025-11-19,597.6868286132812
2025-11-20,583.5384521484375
2025-11-21,587.9224853515625
2025-11-24,602.9575805664062
2025-11-25,606.674072265625
2025-11-26,612.034423828125
2025-11-28,616.9962768554688
2025-12-01,614.923828125
2025-12-02,619.7362670898438
2025-12-03,621.250732421875
2025-12-04,620.6729125976562
2025-12-05,623.20361328125
2025-12-08,622.0079956054688
2025-12-09,622.775146484375
2025-12-10,625.3258666992188
2025-12-11,623.3032836914062
2025-12-12,611.3867797851562
2025-12-15,608.3179931640625
2025-12-16,609.5235595703125
2025-12-17,598.224853515625
2025-12-18,606.8931884765625
2025-12-19,614.8043212890625
2025-12-22,617.7513427734375
2025-12-23,620.6444702148438
2025-12-24,622.4602661132812
2025-12-26,622.4202880859375
2025-12-29,619.4074096679688
2025-12-30,617.9707641601562
2025-12-31,612.8628540039062
2026-01-02,611.6757202148438
2026-01-05,616.5341796875
2026-01-06,621.951416015625
2026-01-07,622.550048828125
2026-01-08,619.0083618164062
2026-01-09,625.173828125
2026-01-12,625.6925659179688
2026-01-13,624.7647705078125
2026-01-14,618.0905151367188
2026-01-15,620.3153076171875
2026-01-16,619.7965087890625
2026-01-20,606.6276245117188
2026-01-21,614.8282470703125
2026-01-22,619.2976684570312
2026-01-23,621.2530517578125
2026-01-26,623.9866333007812
2026-01-27,629.6432495117188
2026-01-28,631.7283325195312
2026-01-29,627.947265625
2026-01-30,620.4050903320312
2026-02-02,624.6650390625
2026-02-03,615.0676879882812
2026-02-04,604.3230590820312
2026-02-05,595.6236572265625
2026-02-06,608.2138671875
2026-02-09,612.8728637695312
2026-02-10,610.029541015625
2026-02-11,611.6657104492188
2026-02-12,599.22509765625
2026-02-13,600.5020751953125
2026-02-17,599.8834838867188
2026-02-18,604.3629150390625
2026-02-19,602.0484008789062
2026-02-20,607.3758544921875
2026-02-23,599.9932250976562
2026-02-24,606.4380493164062
2026-02-25,615.227294921875
2026-02-26,607.8048095703125
2026-02-27,605.859375
2026-03-02,606.6575317382812
2026-03-03,600.1629028320312
2026-03-04,609.311279296875
2026-03-05,607.4755249023438
2026-03-06,598.337158203125
2026-03-09,606.3283081054688
2026-03-10,606.3383178710938
2026-03-11,606.2584838867188
2026-03-12,595.8530883789062
2026-03-13,592.3213500976562
2026-03-16,598.9656982421875
2026-03-17,601.8887939453125
2026-03-18,593.4986572265625
2026-03-19,591.623046875
2026-03-20,580.6888427734375
2026-03-23,587.3545532226562
2026-03-24,583.3389282226562
2026-03-25,587.1747436523438
2026-03-26,573.1600952148438
2026-03-27,561.9624633789062
2026-03-30,557.6671752929688
2026-03-31,576.54638671875
2026-04-01,583.6685791015625
2026-04-02,584.3378295898438
2026-04-06,587.85400390625
2026-04-07,587.9439086914062
2026-04-08,605.4246826171875
2026-04-09,609.5202026367188
2026-04-10,610.3992309570312
2026-04-13,616.7122802734375
2026-04-14,627.909912109375
2026-04-15,636.7003173828125
2026-04-16,639.7669067382812
2026-04-17,648.1376953125
2026-04-20,646.0799560546875
2026-04-21,643.6226806640625
2026-04-22,654.390869140625
2026-04-23,650.7048950195312
2026-04-24,663.1512451171875
2026-04-27,663.5008544921875
2026-04-28,656.8281860351562
2026-04-29,660.84375
2026-04-30,667.0069580078125
2026-05-01,673.4099731445312
2026-05-04,672.141357421875
2026-05-05,680.8617553710938
2026-05-06,695.0062255859375
2026-05-07,694.1771240234375
2026-05-08,710.44921875
2026-05-11,712.5069580078125
2026-05-12,706.463623046875
2026-05-13,713.9254760742188
2026-05-14,718.9998168945312
2026-05-15,708.1517944335938
2026-05-18,705.1051025390625
2026-05-19,700.7599487304688
2026-05-20,712.3671875
2026-05-21,713.7256469726562
2026-05-22,716.7523193359375
2026-05-26,729.4783935546875
2026-05-27,728.6492919921875
2026-05-28,734.79248046875
2026-05-29,737.49951171875
2026-06-01,741.9246826171875
2026-06-02,745.3408813476562
2026-06-03,743.39306640625
2026-06-04,739.7969970703125
2026-06-05,704.2860107421875
2026-06-08,715.283935546875
2026-06-09,707.052978515625
2026-06-10,692.9285278320312
2026-06-11,716.332763671875
2026-06-12,720.5481567382812
2026-06-15,743.1832885742188
2026-06-16,729.0587768554688
2026-06-17,721.7168579101562
2026-06-18,739.8070068359375
2026-06-22,737.9500122070312
2026-06-23,713.6500244140625
2026-06-24,710.6199951171875
2026-06-25,716.3800048828125
2026-06-26,706.52001953125
2026-06-29,724.0800170898438
2026-06-30,736.4000244140625
2026-07-01,725.1699829101562
2026-07-02,712.5999755859375
2026-07-06,722.8200073242188
2026-07-07,709.4299926757812
2026-07-08,711.4400024414062
2026-07-09,723.280029296875
2026-07-10,725.510009765625
2026-07-13,711.739990234375
2026-07-14,719.6900024414062
2026-07-15,717.739990234375
2026-07-16,705.9400024414062
2026-07-17,695.3300170898438
2026-07-20,696.0599975585938
2026-07-21,708.969970703125
2026-07-22,705.3499755859375
2026-07-23,691.9600219726562
2026-07-24,684.22998046875
2026-07-27,682.1199951171875
2026-07-28,675.489990234375
2026-07-29,661.72998046875
2026-07-30,683.5499877929688
2026-07-31,687.989990234375
2026-08-03,700.0700073242188
2026-08-04,723.8499755859375
2026-08-05,717.2999877929688
2026-08-06,714.6500244140625
2026-08-07,723.030029296875
2026-08-10,720.8699951171875
2026-08-11,718.4500122070312
2026-08-12,723.7000122070312
2026-08-13,732.0700073242188
