Date,TLT
2005-01-03,43.883056640625
2005-01-04,43.423160552978516
2005-01-05,43.65559005737305
2005-01-06,43.685245513916016
2005-01-07,43.784156799316406
2005-01-10,43.85337829589844
2005-01-11,44.11054229736328
2005-01-12,44.169864654541016
2005-01-13,44.59511947631836
2005-01-14,44.5902099609375
2005-01-18,44.73855209350586
2005-01-19,44.86712646484375
2005-01-20,44.95610809326172
2005-01-21,45.00557327270508
2005-01-24,45.19843673706055
2005-01-25,44.77316665649414
2005-01-26,44.85725784301758
2005-01-27,44.77316665649414
2005-01-28,45.22319030761719
2005-01-31,45.35169982910156
2005-02-01,45.27975845336914
2005-02-02,45.38399887084961
2005-02-03,45.35923385620117
2005-02-04,45.98960494995117
2005-02-07,46.33211135864258
2005-02-08,46.59518814086914
2005-02-09,46.71925735473633
2005-02-10,46.0888671875
2005-02-11,46.05908203125
2005-02-14,46.203041076660156
2005-02-15,45.969757080078125
2005-02-16,45.79599380493164
2005-02-17,45.508121490478516
2005-02-18,45.10105514526367
2005-02-22,44.90250015258789
2005-02-23,45.05146026611328
2005-02-24,44.95215606689453
2005-02-25,45.170589447021484
2005-02-28,44.684139251708984
2005-03-01,44.67018508911133
2005-03-02,44.61040115356445
2005-03-03,44.585506439208984
2005-03-04,45.06854248046875
2005-03-07,45.2478141784668
2005-03-08,44.819557189941406
2005-03-09,44.087581634521484
2005-03-10,44.35642623901367
2005-03-11,44.0328254699707
2005-03-14,44.296714782714844
2005-03-15,44.01787185668945
2005-03-16,44.28675842285156
2005-03-17,44.431148529052734
2005-03-18,44.152313232421875
2005-03-21,44.02783966064453
2005-03-22,43.65438461303711
2005-03-23,43.86351776123047
2005-03-24,43.953163146972656
2005-03-28,43.684261322021484
2005-03-29,43.94321823120117
2005-03-30,44.16223907470703
2005-03-31,44.480960845947266
2005-04-01,44.630897521972656
2005-04-04,44.62090301513672
2005-04-05,44.505977630615234
2005-04-06,44.6608772277832
2005-04-07,44.30104064941406
2005-04-08,44.45595169067383
2005-04-11,44.69588851928711
2005-04-12,45.1107063293457
2005-04-13,45.00070571899414
2005-04-14,44.93074417114258
2005-04-15,45.525508880615234
2005-04-18,45.490501403808594
2005-04-19,45.93033981323242
2005-04-20,45.815391540527344
2005-04-21,45.33561706542969
2005-04-22,45.715457916259766
2005-04-25,45.850341796875
2005-04-26,45.780399322509766
2005-04-27,45.940338134765625
2005-04-28,46.2801628112793
2005-04-29,46.20022964477539
2005-05-02,46.190162658691406
2005-05-03,46.31559371948242
2005-05-04,45.90929412841797
2005-05-05,46.014610290527344
2005-05-06,45.673580169677734
2005-05-09,45.71870422363281
2005-05-10,46.04475021362305
2005-05-11,46.185176849365234
2005-05-12,46.36574935913086
2005-05-13,46.54631423950195
2005-05-16,46.49116897583008
2005-05-17,46.621551513671875
2005-05-18,46.93256378173828
2005-05-19,46.812110900878906
2005-05-20,46.86732864379883
2005-05-23,47.23347854614258
2005-05-24,47.363853454589844
2005-05-25,47.032840728759766
2005-05-26,47.017799377441406
2005-05-27,47.06794738769531
2005-05-31,47.64976119995117
2005-06-01,48.233253479003906
2005-06-02,48.348995208740234
2005-06-03,47.95137023925781
2005-06-06,48.20303726196289
2005-06-07,48.58564376831055
2005-06-08,48.35405731201172
2005-06-09,48.31380844116211
2005-06-10,47.77008056640625
2005-06-13,47.4831428527832
2005-06-14,47.1710319519043
2005-06-15,47.25659942626953
2005-06-16,47.493194580078125
2005-06-17,47.488189697265625
2005-06-20,47.407649993896484
2005-06-21,47.754974365234375
2005-06-22,48.33392333984375
2005-06-23,48.28358840942383
2005-06-24,48.52525329589844
2005-06-27,48.656124114990234
2005-06-28,48.3238525390625
2005-06-29,48.24833297729492
2005-06-30,48.681312561035156
2005-07-01,48.09130096435547
2005-07-05,47.636634826660156
2005-07-06,47.89933776855469
2005-07-07,48.000343322753906
2005-07-08,47.80332565307617
2005-07-11,47.80332565307617
2005-07-12,47.53555679321289
2005-07-13,47.46492385864258
2005-07-14,47.34364700317383
2005-07-15,47.469947814941406
2005-07-18,47.11632537841797
2005-07-19,47.28303146362305
2005-07-20,47.54069900512695
2005-07-21,46.8940315246582
2005-07-22,47.25776672363281
2005-07-25,47.08602523803711
2005-07-26,47.16176223754883
2005-07-27,47.08602523803711
2005-07-28,47.505306243896484
2005-07-29,47.03544616699219
2005-08-01,46.860591888427734
2005-08-02,46.70846939086914
2005-08-03,46.93660354614258
2005-08-04,46.84027099609375
2005-08-05,46.475242614746094
2005-08-08,46.38901138305664
2005-08-09,46.56139373779297
2005-08-10,46.510704040527344
2005-08-11,46.83518981933594
2005-08-12,47.31181335449219
2005-08-15,47.19010925292969
2005-08-16,47.519710540771484
2005-08-17,47.205345153808594
2005-08-18,47.5551872253418
2005-08-19,47.55014419555664
2005-08-22,47.499446868896484
2005-08-23,47.71749496459961
2005-08-24,47.763092041015625
2005-08-25,47.915225982666016
2005-08-26,47.9000358581543
2005-08-29,47.9608039855957
2005-08-30,48.26506805419922
2005-08-31,48.670650482177734
2005-09-01,48.377620697021484
2005-09-02,48.41828536987305
2005-09-06,48.077449798583984
2005-09-07,47.62458419799805
2005-09-08,47.67547607421875
2005-09-09,47.828094482421875
2005-09-12,47.49739074707031
2005-09-13,47.7466926574707
2005-09-14,47.56352615356445
2005-09-15,47.17176055908203
2005-09-16,46.86137008666992
2005-09-19,46.9631233215332
2005-09-20,47.085208892822266
2005-09-21,47.522804260253906
2005-09-22,47.47697448730469
2005-09-23,47.12086486816406
2005-09-26,46.90715026855469
2005-09-27,46.97330856323242
2005-09-28,47.28876495361328
2005-09-29,47.07504653930664
2005-09-30,46.91223907470703
2005-10-03,46.54549026489258
2005-10-04,46.69871520996094
2005-10-05,46.90304946899414
2005-10-06,46.72427749633789
2005-10-07,46.913307189941406
2005-10-10,46.882633209228516
2005-10-11,46.78553771972656
2005-10-12,46.33091735839844
2005-10-13,46.16237258911133
2005-10-14,46.090824127197266
2005-10-17,46.080665588378906
2005-10-18,46.131717681884766
2005-10-19,46.15216827392578
2005-10-20,46.274742126464844
2005-10-21,46.703819274902344
2005-10-24,46.34114456176758
2005-10-25,45.942745208740234
2005-10-26,45.6055908203125
2005-10-27,45.769046783447266
2005-10-28,45.77412414550781
2005-10-31,45.86099624633789
2005-11-01,45.80812454223633
2005-11-02,45.592628479003906
2005-11-03,45.284812927246094
2005-11-04,45.21296310424805
2005-11-07,45.366886138916016
2005-11-08,45.80812454223633
2005-11-09,45.33612060546875
2005-11-10,45.89022445678711
2005-11-11,45.915897369384766
2005-11-14,45.57210159301758
2005-11-15,45.86970138549805
2005-11-16,46.352020263671875
2005-11-17,46.464874267578125
2005-11-18,46.249412536621094
2005-11-21,46.38792419433594
2005-11-22,46.44945526123047
2005-11-23,46.26992416381836
2005-11-25,46.4391975402832
2005-11-28,46.670127868652344
2005-11-29,46.22884750366211
2005-11-30,46.17754364013672
2005-12-01,46.10539627075195
2005-12-02,46.12086868286133
2005-12-05,45.914791107177734
2005-12-06,46.3836784362793
2005-12-07,46.20847702026367
2005-12-08,46.50735855102539
2005-12-09,46.141483306884766
2005-12-12,46.053897857666016
2005-12-13,46.22391891479492
2005-12-14,46.69803237915039
2005-12-15,46.58465576171875
2005-12-16,46.73922348022461
2005-12-19,46.785648345947266
2005-12-20,46.728919982910156
2005-12-21,46.64649963378906
2005-12-22,47.01749038696289
2005-12-23,47.30609893798828
2005-12-27,47.69260025024414
2005-12-28,47.55961227416992
2005-12-29,47.66310501098633
2005-12-30,47.5544319152832
2006-01-03,47.49232864379883
2006-01-04,47.60618209838867
2006-01-05,47.54927062988281
2006-01-06,47.46131134033203
2006-01-09,47.49232864379883
2006-01-10,47.10940933227539
2006-01-11,47.031829833984375
2006-01-12,47.34745788574219
2006-01-13,47.621726989746094
2006-01-17,47.833831787109375
2006-01-18,47.81834030151367
2006-01-19,47.67860794067383
2006-01-20,47.802833557128906
2006-01-23,47.78730010986328
2006-01-24,47.5544319152832
2006-01-25,47.0369873046875
2006-01-26,46.83514404296875
2006-01-27,46.83514404296875
2006-01-30,46.7885856628418
2006-01-31,46.917938232421875
2006-02-01,46.757476806640625
2006-02-02,46.845787048339844
2006-02-03,47.178131103515625
2006-02-06,47.2715950012207
2006-02-07,47.048301696777344
2006-02-08,46.93925857543945
2006-02-09,47.152137756347656
2006-02-10,46.89250564575195
2006-02-13,46.89769744873047
2006-02-14,46.731544494628906
2006-02-15,46.845787048339844
2006-02-16,46.85615158081055
2006-02-17,47.23003005981445
2006-02-21,47.152137756347656
2006-02-22,47.47411346435547
2006-02-23,47.354698181152344
2006-02-24,47.281944274902344
2006-02-27,47.204105377197266
2006-02-28,47.437747955322266
2006-03-01,47.1511344909668
2006-03-02,46.82285690307617
2006-03-03,46.55188751220703
2006-03-06,46.14540100097656
2006-03-07,46.176658630371094
2006-03-08,46.16102600097656
2006-03-09,46.176658630371094
2006-03-10,46.00469207763672
2006-03-13,45.96820831298828
2006-03-14,46.275657653808594
2006-03-15,46.0255241394043
2006-03-16,46.44245147705078
2006-03-17,46.301753997802734
2006-03-20,46.374671936035156
2006-03-21,46.134979248046875
2006-03-22,46.23397445678711
2006-03-23,46.08806228637695
2006-03-24,46.42679977416992
2006-03-27,46.254852294921875
2006-03-28,45.822269439697266
2006-03-29,45.603424072265625
2006-03-30,45.285579681396484
2006-03-31,45.26993179321289
2006-04-03,45.28453063964844
2006-04-04,45.23746109008789
2006-04-05,45.300235748291016
2006-04-06,44.95497512817383
2006-04-07,44.51560592651367
2006-04-10,44.599281311035156
2006-04-11,44.75619888305664
2006-04-12,44.48423385620117
2006-04-13,44.17034149169922
2006-04-17,44.332523345947266
2006-04-18,44.41099548339844
2006-04-19,44.13895797729492
2006-04-20,44.102352142333984
2006-04-21,44.35866165161133
2006-04-24,44.5365104675293
2006-04-25,44.0081901550293
2006-04-26,43.93495559692383
2006-04-27,43.99251174926758
2006-04-28,44.02385711669922
2006-05-01,43.69302749633789
2006-05-02,43.8085823059082
2006-05-03,43.71405029296875
2006-05-04,43.640480041503906
2006-05-05,43.90311050415039
2006-05-08,43.9293327331543
2006-05-09,43.90311050415039
2006-05-10,43.981876373291016
2006-05-11,43.76654815673828
2006-05-12,43.404232025146484
2006-05-15,43.57749557495117
2006-05-16,43.90311050415039
2006-05-17,43.63002014160156
2006-05-18,44.223419189453125
2006-05-19,44.338966369628906
2006-05-22,44.43350601196289
2006-05-23,44.40725326538086
2006-05-24,44.428245544433594
2006-05-25,44.25495910644531
2006-05-26,44.223419189453125
2006-05-30,44.202457427978516
2006-05-31,43.93986129760742
2006-06-01,44.13597869873047
2006-06-02,44.70542526245117
2006-06-05,44.64743423461914
2006-06-06,44.85834503173828
2006-06-07,44.86885452270508
2006-06-08,44.95851135253906
2006-06-09,45.19578170776367
2006-06-12,45.23268127441406
2006-06-13,45.26430892944336
2006-06-14,44.810882568359375
2006-06-15,44.55254364013672
2006-06-16,44.45234680175781
2006-06-19,44.389068603515625
2006-06-20,44.315250396728516
2006-06-21,44.3257942199707
2006-06-22,44.07271957397461
2006-06-23,43.98310470581055
2006-06-26,43.89873504638672
2006-06-27,44.11491012573242
2006-06-28,43.88292694091797
2006-06-29,44.030540466308594
2006-06-30,44.4576301574707
2006-07-03,44.4136962890625
2006-07-05,44.0590705871582
2006-07-06,44.32898712158203
2006-07-07,44.61482238769531
2006-07-10,44.65717315673828
2006-07-11,44.80009078979492
2006-07-12,44.8106803894043
2006-07-13,44.9853401184082
2006-07-14,45.01178741455078
2006-07-17,45.080596923828125
2006-07-18,44.69419860839844
2006-07-19,45.11763381958008
2006-07-20,45.249996185302734
2006-07-21,45.16531753540039
2006-07-24,45.13881301879883
2006-07-25,45.00651550292969
2006-07-26,45.17060852050781
2006-07-27,45.101783752441406
2006-07-28,45.361175537109375
2006-07-31,45.419376373291016
2006-08-01,45.415077209472656
2006-08-02,45.585147857666016
2006-08-03,45.5958251953125
2006-08-04,45.87208557128906
2006-08-07,45.89865493774414
2006-08-08,45.79777526855469
2006-08-09,45.648956298828125
2006-08-10,45.579833984375
2006-08-11,45.383201599121094
2006-08-14,45.30349349975586
2006-08-15,45.68613052368164
2006-08-16,45.99435806274414
2006-08-17,45.978431701660156
2006-08-18,46.11125564575195
2006-08-21,46.275997161865234
2006-08-22,46.29191207885742
2006-08-23,46.31315994262695
2006-08-24,46.39824295043945
2006-08-25,46.46731948852539
2006-08-28,46.50984573364258
2006-08-29,46.57362365722656
2006-08-30,46.695823669433594
2006-08-31,46.80739212036133
2006-09-01,46.82342529296875
2006-09-05,46.529991149902344
2006-09-06,46.46596908569336
2006-09-07,46.55667495727539
2006-09-08,46.5940055847168
2006-09-11,46.551361083984375
2006-09-12,46.78605270385742
2006-09-13,46.807376861572266
2006-09-14,46.70072937011719
2006-09-15,46.66337966918945
2006-09-18,46.58865737915039
2006-09-19,47.11156463623047
2006-09-20,47.180877685546875
2006-09-21,47.61307144165039
2006-09-22,47.847816467285156
2006-09-25,48.18394470214844
2006-09-26,47.9811897277832
2006-09-27,47.84249496459961
2006-09-28,47.76246643066406
2006-09-29,47.70376968383789
2006-10-02,47.834476470947266
2006-10-03,47.77019500732422
2006-10-04,48.1183967590332
2006-10-05,47.7808952331543
2006-10-06,47.28273010253906
2006-10-09,47.41129684448242
2006-10-10,47.03634262084961
2006-10-11,46.897056579589844
2006-10-12,46.9238395690918
2006-10-13,46.68817901611328
2006-10-16,46.897056579589844
2006-10-17,46.93455505371094
2006-10-18,47.03097152709961
2006-10-19,46.945289611816406
2006-10-20,46.897056579589844
2006-10-23,46.709590911865234
2006-10-24,46.709590911865234
2006-10-25,47.07917404174805
2006-10-26,47.38451385498047
2006-10-27,47.604148864746094
2006-10-30,47.738033294677734
2006-10-31,48.107669830322266
2006-11-01,48.37384033203125
2006-11-02,48.17488479614258
2006-11-03,47.6048698425293
2006-11-06,47.74472427368164
2006-11-07,47.965152740478516
2006-11-08,48.13725280761719
2006-11-09,48.1103515625
2006-11-10,48.32005310058594
2006-11-13,48.30931854248047
2006-11-14,48.49750518798828
2006-11-15,48.314701080322266
2006-11-16,48.09422302246094
2006-11-17,48.36848831176758
2006-11-20,48.44371032714844
2006-11-21,48.56200408935547
2006-11-22,48.6426887512207
2006-11-24,48.72872543334961
2006-11-27,48.90616989135742
2006-11-28,49.00837707519531
2006-11-29,48.89543914794922
2006-11-30,49.21807098388672
2006-12-01,49.3432731628418
2006-12-04,49.429649353027344
2006-12-05,49.19755172729492
2006-12-06,49.10039520263672
2006-12-07,49.0626220703125
2006-12-08,48.70637130737305
2006-12-11,48.916866302490234
2006-12-12,49.019432067871094
2006-12-13,48.58224105834961
2006-12-14,48.40414810180664
2006-12-15,48.431129455566406
2006-12-18,48.44728469848633
2006-12-19,48.382537841796875
2006-12-20,48.37712478637695
2006-12-21,48.620018005371094
2006-12-22,48.24762725830078
2006-12-26,48.39337158203125
2006-12-27,48.037540435791016
2006-12-28,47.929195404052734
2006-12-29,47.89128112792969
2007-01-03,48.23251724243164
2007-01-04,48.52494812011719
2007-01-05,48.31371307373047
2007-01-08,48.400360107421875
2007-01-09,48.400360107421875
2007-01-10,48.18376159667969
2007-01-11,47.90213394165039
2007-01-12,47.68009567260742
2007-01-16,47.782958984375
2007-01-17,47.63674545288086
2007-01-18,47.782958984375
2007-01-19,47.653011322021484
2007-01-22,47.7667350769043
2007-01-23,47.452606201171875
2007-01-24,47.44721603393555
2007-01-25,47.10601043701172
2007-01-26,47.0681266784668
2007-01-29,46.96523666381836
2007-01-30,47.019378662109375
2007-01-31,47.41471481323242
2007-02-01,47.35762023925781
2007-02-02,47.417449951171875
2007-02-05,47.482666015625
2007-02-06,47.74370193481445
2007-02-07,47.885093688964844
2007-02-08,47.92313003540039
2007-02-09,47.651275634765625
2007-02-12,47.542518615722656
2007-02-13,47.439212799072266
2007-02-14,47.8905143737793
2007-02-15,48.03191375732422
2007-02-16,48.20046615600586
2007-02-20,48.30923080444336
2007-02-21,48.22768020629883
2007-02-22,47.96663284301758
2007-02-23,48.30923080444336
2007-02-26,48.63007736206055
2007-02-27,49.24455642700195
2007-02-28,49.021575927734375
2007-03-01,48.9904899597168
2007-03-02,49.23606491088867
2007-03-05,49.317970275878906
2007-03-06,49.170597076416016
2007-03-07,49.36164093017578
2007-03-08,49.317970275878906
2007-03-09,48.79940414428711
2007-03-12,48.9904899597168
2007-03-13,49.285221099853516
2007-03-14,49.06140899658203
2007-03-15,49.055965423583984
2007-03-16,49.045047760009766
2007-03-19,48.94135665893555
2007-03-20,48.968631744384766
2007-03-21,48.9904899597168
2007-03-22,48.60292434692383
2007-03-23,48.466487884521484
2007-03-26,48.5265007019043
2007-03-27,48.44460678100586
2007-03-28,48.34638977050781
2007-03-29,48.28085708618164
2007-03-30,48.188045501708984
2007-04-02,48.268062591552734
2007-04-03,48.20779037475586
2007-04-04,48.257118225097656
2007-04-05,48.076297760009766
2007-04-09,47.75848388671875
2007-04-10,47.9009895324707
2007-04-11,47.86810302734375
2007-04-12,47.87906265258789
2007-04-13,47.73112106323242
2007-04-16,47.99409103393555
2007-04-17,48.262542724609375
2007-04-18,48.50363540649414
2007-04-19,48.42142868041992
2007-04-20,48.29544448852539
2007-04-23,48.47077178955078
2007-04-24,48.651546478271484
2007-04-25,48.481727600097656
2007-04-26,48.13105773925781
2007-04-27,48.120094299316406
2007-04-30,48.62417984008789
2007-05-01,48.659366607666016
2007-05-02,48.631858825683594
2007-05-03,48.52190399169922
2007-05-04,48.71985626220703
2007-05-07,48.851806640625
2007-05-08,48.74184799194336
2007-05-09,48.549346923828125
2007-05-10,48.66483688354492
2007-05-11,48.494384765625
2007-05-14,48.36794662475586
2007-05-15,48.351409912109375
2007-05-16,48.31843948364258
2007-05-17,48.120487213134766
2007-05-18,47.80155563354492
2007-05-21,47.94451904296875
2007-05-22,47.69708251953125
2007-05-23,47.55960464477539
2007-05-24,47.603553771972656
2007-05-25,47.49359130859375
2007-05-29,47.48809051513672
2007-05-30,47.587074279785156
2007-05-31,47.49909973144531
2007-06-01,47.24958801269531
2007-06-04,47.46487808227539
2007-06-05,47.16675567626953
2007-06-06,47.144691467285156
2007-06-07,46.300052642822266
2007-06-08,46.26144027709961
2007-06-11,46.1289176940918
2007-06-12,45.460933685302734
2007-06-13,46.0019645690918
2007-06-14,45.886043548583984
2007-06-15,46.20066452026367
2007-06-18,46.106834411621094
2007-06-19,46.537445068359375
2007-06-20,46.162052154541016
2007-06-21,45.94120788574219
2007-06-22,46.23933410644531
2007-06-25,46.4932861328125
2007-06-26,46.50431823730469
2007-06-27,46.54850769042969
2007-06-28,46.537445068359375
2007-06-29,47.017730712890625
2007-07-02,47.264827728271484
2007-07-03,46.97671890258789
2007-07-05,46.45024108886719
2007-07-06,46.26184844970703
2007-07-09,46.42808532714844
2007-07-10,47.21501922607422
2007-07-11,46.72734451293945
2007-07-12,46.566654205322266
2007-07-13,46.694091796875
2007-07-16,47.14297866821289
2007-07-17,47.0432243347168
2007-07-18,47.22054672241211
2007-07-19,47.20946502685547
2007-07-20,47.636192321777344
2007-07-23,47.55857467651367
2007-07-24,47.73591613769531
2007-07-25,47.830101013183594
2007-07-26,48.229164123535156
2007-07-27,48.36766815185547
2007-07-30,48.229164123535156
2007-07-31,48.578243255615234
2007-08-01,48.47312927246094
2007-08-02,48.595497131347656
2007-08-03,48.91817855834961
2007-08-06,48.56211853027344
2007-08-07,48.52320098876953
2007-08-08,47.933441162109375
2007-08-09,48.00025939941406
2007-08-10,47.88892364501953
2007-08-13,48.02803421020508
2007-08-14,48.156028747558594
2007-08-15,47.98353958129883
2007-08-16,48.478660583496094
2007-08-17,48.283958435058594
2007-08-20,48.311767578125
2007-08-21,48.54545593261719
2007-08-22,48.4675407409668
2007-08-23,48.634422302246094
2007-08-24,48.87364959716797
2007-08-27,49.12958908081055
2007-08-28,49.21302032470703
2007-08-29,49.07952117919922
2007-08-30,49.407752990722656
2007-08-31,49.446678161621094
2007-09-04,49.47014236450195
2007-09-05,49.86675262451172
2007-09-06,49.73824691772461
2007-09-07,50.44212341308594
2007-09-10,50.8331413269043
2007-09-11,50.794044494628906
2007-09-12,50.604095458984375
2007-09-13,50.15163803100586
2007-09-14,50.2242431640625
2007-09-17,50.46446990966797
2007-09-18,50.08461380004883
2007-09-19,49.621002197265625
2007-09-20,48.68252944946289
2007-09-21,49.09589767456055
2007-09-24,49.235530853271484
2007-09-25,49.062374114990234
2007-09-26,49.107086181640625
2007-09-27,49.44780731201172
2007-09-28,49.559513092041016
2007-10-01,49.84272003173828
2007-10-02,49.99971389770508
2007-10-03,49.85395812988281
2007-10-04,50.044578552246094
2007-10-05,49.50619125366211
2007-10-08,49.467010498046875
2007-10-09,49.40530014038086
2007-10-10,49.4333381652832
2007-10-11,49.382869720458984
2007-10-12,49.14175033569336
2007-10-15,49.152931213378906
2007-10-16,49.16976547241211
2007-10-17,49.70814514160156
2007-10-18,49.98289489746094
2007-10-19,50.72882080078125
2007-10-22,50.73439025878906
2007-10-23,50.667083740234375
2007-10-24,51.04282760620117
2007-10-25,50.868988037109375
2007-10-26,50.751220703125
2007-10-29,50.947509765625
2007-10-30,50.919429779052734
2007-10-31,50.459598541259766
2007-11-01,51.11521530151367
2007-11-02,51.278568267822266
2007-11-05,51.256038665771484
2007-11-06,51.00819778442383
2007-11-07,51.098304748535156
2007-11-08,51.00819778442383
2007-11-09,51.44190979003906
2007-11-12,51.627803802490234
2007-11-13,51.43626403808594
2007-11-14,51.492591857910156
2007-11-15,51.97697067260742
2007-11-16,52.05021286010742
2007-11-19,52.38816452026367
2007-11-20,52.33182144165039
2007-11-21,52.63601303100586
2007-11-23,52.79368591308594
2007-11-26,53.83573532104492
2007-11-27,53.323177337646484
2007-11-28,52.96267318725586
2007-11-29,53.41893768310547
2007-11-30,53.15979766845703
2007-12-03,53.581661224365234
2007-12-04,53.576053619384766
2007-12-05,52.937015533447266
2007-12-06,52.47328186035156
2007-12-07,51.88515090942383
2007-12-10,51.574119567871094
2007-12-11,52.58639907836914
2007-12-12,52.04350662231445
2007-12-13,51.4780158996582
2007-12-14,51.240509033203125
2007-12-17,51.69856643676758
2007-12-18,52.032169342041016
2007-12-19,52.722145080566406
2007-12-20,52.60902786254883
2007-12-21,51.839935302734375
2007-12-24,51.5968017578125
2007-12-26,51.14434814453125
2007-12-27,51.70191192626953
2007-12-28,52.5081672668457
2007-12-31,52.82611083984375
2008-01-02,53.586910247802734
2008-01-03,53.51314163208008
2008-01-04,53.52448654174805
2008-01-07,53.75730514526367
2008-01-08,53.69485092163086
2008-01-09,53.797035217285156
2008-01-10,53.07026290893555
2008-01-11,53.48474884033203
2008-01-14,53.6834716796875
2008-01-15,54.28529739379883
2008-01-16,53.8935432434082
2008-01-17,54.59192657470703
2008-01-18,54.2171630859375
2008-01-22,54.79631042480469
2008-01-23,54.67140197753906
2008-01-24,53.57560348510742
2008-01-25,54.478355407714844
2008-01-28,54.27399444580078
2008-01-29,53.90489959716797
2008-01-30,53.55286407470703
2008-01-31,53.93328094482422
2008-02-01,54.257503509521484
2008-02-04,53.69911193847656
2008-02-05,54.10932159423828
2008-02-06,53.94414520263672
2008-02-07,52.78181838989258
2008-02-08,53.38576889038086
2008-02-11,53.60798263549805
2008-02-12,53.288883209228516
2008-02-13,52.724822998046875
2008-02-14,51.94998550415039
2008-02-15,52.34882354736328
2008-02-19,51.818946838378906
2008-02-20,52.17786407470703
2008-02-21,52.73054122924805
2008-02-22,52.42854690551758
2008-02-25,51.893062591552734
2008-02-26,51.91008758544922
2008-02-27,51.95566177368164
2008-02-28,52.87860870361328
2008-02-29,53.687721252441406
2008-03-03,53.549346923828125
2008-03-04,53.028934478759766
2008-03-05,52.394203186035156
2008-03-06,52.67438888549805
2008-03-07,52.74302291870117
2008-03-10,53.52072525024414
2008-03-11,53.063209533691406
2008-03-12,54.08687210083008
2008-03-13,53.66367721557617
2008-03-14,54.327083587646484
2008-03-17,54.74456024169922
2008-03-18,54.53295135498047
2008-03-19,55.436492919921875
2008-03-20,55.5737419128418
2008-03-24,54.4986686706543
2008-03-25,54.727386474609375
2008-03-26,54.4986686706543
2008-03-27,54.11546325683594
2008-03-28,54.64155197143555
2008-03-31,54.83601379394531
2008-04-01,53.94355773925781
2008-04-02,54.05840301513672
2008-04-03,54.17900848388672
2008-04-04,54.67292404174805
2008-04-07,54.38578796386719
2008-04-08,54.196231842041016
2008-04-09,54.759124755859375
2008-04-10,54.575313568115234
2008-04-11,54.9428596496582
2008-04-14,54.62126541137695
2008-04-15,53.94355773925781
2008-04-16,53.41522979736328
2008-04-17,53.323368072509766
2008-04-18,53.277400970458984
2008-04-21,53.48988342285156
2008-04-22,53.67367172241211
2008-04-23,53.495601654052734
2008-04-24,53.04191207885742
2008-04-25,52.73182678222656
2008-04-28,52.892616271972656
2008-04-29,53.0936393737793
2008-04-30,53.47264862060547
2008-05-01,53.47611999511719
2008-05-02,52.801700592041016
2008-05-05,52.801700592041016
2008-05-06,52.421321868896484
2008-05-07,52.646148681640625
2008-05-08,53.118751525878906
2008-05-09,53.314735412597656
2008-05-12,53.234039306640625
2008-05-13,52.651912689208984
2008-05-14,52.67494201660156
2008-05-15,53.1533088684082
2008-05-16,52.93434524536133
2008-05-19,53.00346374511719
2008-05-20,53.28014373779297
2008-05-21,53.29167175292969
2008-05-22,52.66340637207031
2008-05-23,52.894004821777344
2008-05-27,52.53660583496094
2008-05-28,52.06975173950195
2008-05-29,51.69510269165039
2008-05-30,52.03512191772461
2008-06-02,52.235904693603516
2008-06-03,52.611881256103516
2008-06-04,52.14332580566406
2008-06-05,51.831016540527344
2008-06-06,52.50203323364258
2008-06-09,52.50203323364258
2008-06-10,52.160709381103516
2008-06-11,52.039241790771484
2008-06-12,51.518585205078125
2008-06-13,51.40871810913086
2008-06-16,51.420265197753906
2008-06-17,51.52436447143555
2008-06-18,51.95823669433594
2008-06-19,51.65162658691406
2008-06-20,51.952457427978516
2008-06-23,52.06236267089844
2008-06-24,52.40944290161133
2008-06-25,52.43259048461914
2008-06-26,52.78546142578125
2008-06-27,53.40442657470703
2008-06-30,53.41595458984375
2008-07-01,53.28943634033203
2008-07-02,53.56807327270508
2008-07-03,53.451969146728516
2008-07-07,53.69581985473633
2008-07-08,54.04417037963867
2008-07-09,54.282169342041016
2008-07-10,54.27637481689453
2008-07-11,53.50422668457031
2008-07-14,53.974449157714844
2008-07-15,53.95705795288086
2008-07-16,52.981719970703125
2008-07-17,52.7088737487793
2008-07-18,52.511444091796875
2008-07-21,52.71464920043945
2008-07-22,52.45341110229492
2008-07-23,52.34892654418945
2008-07-24,52.859798431396484
2008-07-25,52.33149337768555
2008-07-28,52.859798431396484
2008-07-29,52.645015716552734
2008-07-30,52.69723129272461
2008-07-31,53.2197380065918
2008-08-01,53.33742904663086
2008-08-04,53.21510696411133
2008-08-05,52.81886291503906
2008-08-06,52.60325241088867
2008-08-07,53.45983123779297
2008-08-08,53.60547637939453
2008-08-11,53.09272003173828
2008-08-12,53.5880241394043
2008-08-13,53.40152359008789
2008-08-14,53.74533462524414
2008-08-15,54.21144104003906
2008-08-18,54.42706298828125
2008-08-19,54.217281341552734
2008-08-20,54.368736267089844
2008-08-21,54.26971435546875
2008-08-22,54.234737396240234
2008-08-25,54.776634216308594
2008-08-26,54.823238372802734
2008-08-27,54.91648483276367
2008-08-28,54.922298431396484
2008-08-29,54.67756652832031
2008-09-02,55.18634796142578
2008-09-03,55.420257568359375
2008-09-04,55.86465072631836
2008-09-05,55.83549118041992
2008-09-08,56.06943893432617
2008-09-09,56.62495040893555
2008-09-10,56.274070739746094
2008-09-11,56.24486541748047
2008-09-12,55.519683837890625
2008-09-15,57.320838928222656
2008-09-16,57.309085845947266
2008-09-17,57.59571075439453
2008-09-18,56.75360107421875
2008-09-19,54.95243453979492
2008-09-22,54.94659423828125
2008-09-23,54.73606872558594
2008-09-24,54.975826263427734
2008-09-25,54.86474609375
2008-09-26,55.26237869262695
2008-09-29,56.8704948425293
2008-09-30,55.484622955322266
2008-10-01,56.18264389038086
2008-10-02,56.63428497314453
2008-10-03,57.13287353515625
2008-10-06,58.171142578125
2008-10-07,57.995155334472656
2008-10-08,57.16219711303711
2008-10-09,56.68120574951172
2008-10-10,56.28232192993164
2008-10-13,55.56081008911133
2008-10-14,55.203006744384766
2008-10-15,55.73093032836914
2008-10-16,55.443504333496094
2008-10-17,55.062286376953125
2008-10-20,55.5021858215332
2008-10-21,55.795440673828125
2008-10-22,56.92756271362305
2008-10-23,57.34994125366211
2008-10-24,56.73988723754883
2008-10-27,56.78095626831055
2008-10-28,55.9538459777832
2008-10-29,55.672325134277344
2008-10-30,55.16779327392578
2008-10-31,54.45220184326172
2008-11-03,54.599430084228516
2008-11-04,55.6241455078125
2008-11-05,56.28377151489258
2008-11-06,55.87741470336914
2008-11-07,55.51229476928711
2008-11-10,55.78315734863281
2008-11-11,55.94807052612305
2008-11-12,56.30732345581055
2008-11-13,54.95871353149414
2008-11-14,56.04816818237305
2008-11-17,56.295562744140625
2008-11-18,57.01995849609375
2008-11-19,58.48046875
2008-11-20,61.501670837402344
2008-11-21,60.612422943115234
2008-11-24,59.66419982910156
2008-11-25,61.419227600097656
2008-11-26,61.501670837402344
2008-11-28,62.26136016845703
2008-12-01,64.6457290649414
2008-12-02,64.89381408691406
2008-12-03,65.07708740234375
2008-12-04,66.3593521118164
2008-12-05,65.28390502929688
2008-12-08,65.14210510253906
2008-12-09,66.43025970458984
2008-12-10,66.27074432373047
2008-12-11,66.4007339477539
2008-12-12,66.4007339477539
2008-12-15,67.15711975097656
2008-12-16,68.81756591796875
2008-12-17,70.684814453125
2008-12-18,72.16799926757812
2008-12-19,72.24483489990234
2008-12-22,71.68940734863281
2008-12-23,71.5948257446289
2008-12-24,71.44122314453125
2008-12-26,71.67761993408203
2008-12-29,71.591552734375
2008-12-30,72.27338409423828
2008-12-31,70.76156616210938
2009-01-02,68.98282623291016
2009-01-05,67.20421600341797
2009-01-06,66.5283203125
2009-01-07,66.78922271728516
2009-01-08,66.73579406738281
2009-01-09,66.83662414550781
2009-01-12,67.5302505493164
2009-01-13,67.60142517089844
2009-01-14,68.716064453125
2009-01-15,68.82869720458984
2009-01-16,67.76744842529297
2009-01-20,67.75560760498047
2009-01-21,65.61529541015625
2009-01-22,64.35240173339844
2009-01-23,63.84840393066406
2009-01-26,63.29111862182617
2009-01-27,64.77925872802734
2009-01-28,63.160682678222656
2009-01-29,61.70811080932617
2009-01-30,61.512428283691406
2009-02-02,62.65689468383789
2009-02-03,61.164649963378906
2009-02-04,60.95060348510742
2009-02-05,61.00413513183594
2009-02-06,60.813865661621094
2009-02-09,61.010093688964844
2009-02-10,62.3358154296875
2009-02-11,63.144386291503906
2009-02-12,62.549896240234375
2009-02-13,60.885250091552734
2009-02-17,62.781742095947266
2009-02-18,62.246639251708984
2009-02-19,61.18843460083008
2009-02-20,61.78290939331055
2009-02-23,62.353729248046875
2009-02-24,62.28830337524414
2009-02-25,61.56890106201172
2009-02-26,60.92088317871094
2009-02-27,60.57012939453125
2009-03-02,61.572879791259766
2009-03-03,61.1614990234375
2009-03-04,60.88132858276367
2009-03-05,62.57442092895508
2009-03-06,62.157135009765625
2009-03-09,61.793479919433594
2009-03-10,60.607093811035156
2009-03-11,61.262855529785156
2009-03-12,61.555023193359375
2009-03-13,61.24501419067383
2009-03-16,60.27922439575195
2009-03-17,59.95124816894531
2009-03-18,62.222713470458984
2009-03-19,62.30023956298828
2009-03-20,61.95439147949219
2009-03-23,61.417877197265625
2009-03-24,62.00212860107422
2009-03-25,61.16752624511719
2009-03-26,61.876953125
2009-03-27,62.33595657348633
2009-03-30,62.57442092895508
2009-03-31,63.021583557128906
2009-04-01,63.59673309326172
2009-04-02,62.81952667236328
2009-04-03,61.534061431884766
2009-04-06,61.27101135253906
2009-04-07,61.42641830444336
2009-04-08,61.97052001953125
2009-04-09,61.193267822265625
2009-04-13,61.75530242919922
2009-04-14,62.07815170288086
2009-04-15,61.97052001953125
2009-04-16,61.480247497558594
2009-04-17,60.804683685302734
2009-04-20,61.72536849975586
2009-04-21,61.115604400634766
2009-04-22,60.74483871459961
2009-04-23,60.738895416259766
2009-04-24,60.12906265258789
2009-04-27,60.38607406616211
2009-04-28,59.39964294433594
2009-04-29,58.87348175048828
2009-04-30,58.6402587890625
2009-05-01,58.23671340942383
2009-05-04,58.42863082885742
2009-05-05,58.356651306152344
2009-05-06,58.2187385559082
2009-05-07,56.79743576049805
2009-05-08,56.935394287109375
2009-05-11,57.744937896728516
2009-05-12,57.95489501953125
2009-05-13,58.58452606201172
2009-05-14,58.812416076660156
2009-05-15,58.79441452026367
2009-05-18,57.88287353515625
2009-05-19,57.57710647583008
2009-05-20,58.182735443115234
2009-05-21,56.719459533691406
2009-05-22,56.08979415893555
2009-05-26,55.244205474853516
2009-05-27,54.266727447509766
2009-05-28,55.052303314208984
2009-05-29,56.473567962646484
2009-06-01,54.804039001464844
2009-06-02,55.0988655090332
2009-06-03,55.616275787353516
2009-06-04,54.467071533203125
2009-06-05,54.051971435546875
2009-06-08,53.91361999511719
2009-06-09,53.90758514404297
2009-06-10,53.05924987792969
2009-06-11,53.64887619018555
2009-06-12,54.13024139404297
2009-06-15,54.617523193359375
2009-06-16,55.56816482543945
2009-06-17,55.255287170410156
2009-06-18,54.41895294189453
2009-06-19,55.16502380371094
2009-06-22,55.7004508972168
2009-06-23,56.356266021728516
2009-06-24,55.79071044921875
2009-06-25,56.81354904174805
2009-06-26,56.90979766845703
2009-06-29,56.99394989013672
2009-06-30,56.89777374267578
2009-07-01,56.784912109375
2009-07-02,56.917667388916016
2009-07-06,56.80903625488281
2009-07-07,57.18925094604492
2009-07-08,58.24555969238281
2009-07-09,57.55141830444336
2009-07-10,58.08256530761719
2009-07-13,57.756690979003906
2009-07-14,56.797000885009766
2009-07-15,55.336299896240234
2009-07-16,55.93383026123047
2009-07-17,55.070743560791016
2009-07-20,55.360443115234375
2009-07-21,56.46498489379883
2009-07-22,55.957984924316406
2009-07-23,54.93190002441406
2009-07-24,55.19749450683594
2009-07-27,54.56373977661133
2009-07-28,55.04655456542969
2009-07-29,55.34834289550781
2009-07-30,56.13304138183594
2009-07-31,57.2254638671875
2009-08-03,56.35826873779297
2009-08-04,55.9101448059082
2009-08-05,55.07436752319336
2009-08-06,55.26210021972656
2009-08-07,54.80184555053711
2009-08-10,55.48616409301758
2009-08-11,56.12816619873047
2009-08-12,55.52858352661133
2009-08-13,56.31591796875
2009-08-14,56.53389358520508
2009-08-17,57.36960220336914
2009-08-18,57.036590576171875
2009-08-19,57.5088996887207
2009-08-20,57.98133087158203
2009-08-21,56.788246154785156
2009-08-24,57.81781768798828
2009-08-25,58.14487838745117
2009-08-26,58.41130447387695
2009-08-27,58.181129455566406
2009-08-28,58.44761276245117
2009-08-31,58.50211715698242
2009-09-01,58.3605842590332
2009-09-02,59.211143493652344
2009-09-03,58.84658432006836
2009-09-04,57.844154357910156
2009-09-08,57.43709945678711
2009-09-09,57.37029266357422
2009-09-10,58.42742156982422
2009-09-11,58.749446868896484
2009-09-14,58.16619873046875
2009-09-15,57.86848449707031
2009-09-16,57.97175979614258
2009-09-17,58.700801849365234
2009-09-18,58.17829895019531
2009-09-21,58.31195068359375
2009-09-22,58.43350601196289
2009-09-23,58.60972213745117
2009-09-24,58.779788970947266
2009-09-25,59.52706527709961
2009-09-28,60.04949951171875
2009-09-29,59.99488830566406
2009-09-30,59.9401969909668
2009-10-01,60.7611083984375
2009-10-02,60.34059143066406
2009-10-05,60.34672927856445
2009-10-06,59.74946212768555
2009-10-07,60.450286865234375
2009-10-08,59.816490173339844
2009-10-09,58.445255279541016
2009-10-12,58.53667449951172
2009-10-13,58.84137725830078
2009-10-14,57.969844818115234
2009-10-15,57.70169448852539
2009-10-16,58.17097854614258
2009-10-19,58.62807846069336
2009-10-20,58.945003509521484
2009-10-21,58.59148025512695
2009-10-22,58.30506896972656
2009-10-23,57.86625671386719
2009-10-26,57.11665725708008
2009-10-27,57.89677047729492
2009-10-28,58.17097854614258
2009-10-29,57.53717803955078
2009-10-30,58.37210464477539
2009-11-02,58.114051818847656
2009-11-03,57.533233642578125
2009-11-04,57.00745391845703
2009-11-05,57.00745391845703
2009-11-06,57.06246566772461
2009-11-09,57.12970733642578
2009-11-10,57.02579879760742
2009-11-11,57.264225006103516
2009-11-12,57.16030502319336
2009-11-13,57.4232177734375
2009-11-16,58.09577178955078
2009-11-17,58.40753173828125
2009-11-18,58.065208435058594
2009-11-19,58.16910171508789
2009-11-20,58.15681838989258
2009-11-23,58.083526611328125
2009-11-24,58.45035934448242
2009-11-25,58.71937942504883
2009-11-27,58.93952178955078
2009-11-30,59.08007049560547
2009-12-01,58.421958923339844
2009-12-02,58.4710578918457
2009-12-03,57.86382293701172
2009-12-04,57.25048828125
2009-12-07,57.3241081237793
2009-12-08,57.40994644165039
2009-12-09,57.146217346191406
2009-12-10,56.48995590209961
2009-12-11,56.48381042480469
2009-12-14,56.55126190185547
2009-12-15,56.29972457885742
2009-12-16,56.2322998046875
2009-12-17,57.15848922729492
2009-12-18,56.91313934326172
2009-12-21,55.901100158691406
2009-12-22,55.58827590942383
2009-12-23,55.600589752197266
2009-12-24,55.02400207519531
2009-12-28,54.87065887451172
2009-12-29,55.23259735107422
2009-12-30,55.595741271972656
2009-12-31,55.33111572265625
2010-01-04,55.28184127807617
2010-01-05,55.638851165771484
2010-01-06,54.89402770996094
2010-01-07,54.98637771606445
2010-01-08,54.96178436279297
2010-01-11,54.66019058227539
2010-01-12,55.595741271972656
2010-01-13,54.94944763183594
2010-01-14,55.71885681152344
2010-01-15,56.06357955932617
2010-01-19,55.90353012084961
2010-01-20,56.46983337402344
2010-01-21,56.72837829589844
2010-01-22,56.62986373901367
2010-01-25,56.371368408203125
2010-01-26,56.38985824584961
2010-01-27,56.35902786254883
2010-01-28,56.32829666137695
2010-01-29,56.82069778442383
2010-02-01,56.304908752441406
2010-02-02,56.46548080444336
2010-02-03,55.81073760986328
2010-02-04,56.694053649902344
2010-02-05,56.81760025024414
2010-02-08,56.8917350769043
2010-02-09,56.323429107666016
2010-02-10,55.78600311279297
2010-02-11,55.48334503173828
2010-02-12,55.71188735961914
2010-02-16,55.816890716552734
2010-02-17,55.1806526184082
2010-02-18,54.958290100097656
2010-02-19,55.254783630371094
2010-02-22,55.026222229003906
2010-02-23,55.884857177734375
2010-02-24,56.02073669433594
2010-02-25,56.335819244384766
2010-02-26,56.62611770629883
2010-03-01,56.601318359375
2010-03-02,56.52700424194336
2010-03-03,56.38448715209961
2010-03-04,56.681884765625
2010-03-05,55.938255310058594
2010-03-08,55.64702224731445
2010-03-09,55.6594123840332
2010-03-10,55.51688003540039
2010-03-11,55.72139358520508
2010-03-12,56.068397521972656
2010-03-15,55.99404525756836
2010-03-16,56.440216064453125
2010-03-17,56.681884765625
2010-03-18,56.49595642089844
2010-03-19,56.551753997802734
2010-03-22,56.613704681396484
2010-03-23,56.34729766845703
2010-03-24,55.31859588623047
2010-03-25,54.96538543701172
2010-03-26,55.120277404785156
2010-03-29,54.90960693359375
2010-03-30,55.0831184387207
2010-03-31,55.46113204956055
2010-04-01,55.32551574707031
2010-04-05,54.40497589111328
2010-04-06,54.4920539855957
2010-04-07,55.188690185546875
2010-04-08,55.21357727050781
2010-04-09,55.34421920776367
2010-04-12,55.636531829833984
2010-04-13,55.81692123413086
2010-04-14,55.42506408691406
2010-04-15,55.48722457885742
2010-04-16,55.89155578613281
2010-04-19,55.75471115112305
2010-04-20,55.953758239746094
2010-04-21,56.41400909423828
2010-04-22,56.24608612060547
2010-04-23,56.047035217285156
2010-04-26,56.10921096801758
2010-04-27,56.899169921875
2010-04-28,56.41400909423828
2010-04-29,56.650352478027344
2010-04-30,57.303428649902344
2010-05-03,57.228519439697266
2010-05-04,58.258365631103516
2010-05-05,58.601646423339844
2010-05-06,60.4117431640625
2010-05-07,59.656471252441406
2010-05-10,58.42064666748047
2010-05-11,58.27085876464844
2010-05-12,57.827720642089844
2010-05-13,58.20843505859375
2010-05-14,59.219573974609375
2010-05-17,59.001121520996094
2010-05-18,59.90617370605469
2010-05-19,60.105892181396484
2010-05-20,61.3729248046875
2010-05-21,61.435333251953125
2010-05-24,61.22315979003906
2010-05-25,61.522705078125
2010-05-26,61.34797668457031
2010-05-27,59.956111907958984
2010-05-28,60.23072052001953
2010-06-01,60.65400695800781
2010-06-02,60.07793426513672
2010-06-03,59.63953399658203
2010-06-04,61.242794036865234
2010-06-07,61.71245574951172
2010-06-08,61.405582427978516
2010-06-09,61.33668518066406
2010-06-10,60.24073791503906
2010-06-11,61.00480270385742
2010-06-14,60.6916618347168
2010-06-15,60.441158294677734
2010-06-16,60.78555679321289
2010-06-17,61.28035354614258
2010-06-18,61.1801643371582
2010-06-21,61.00480270385742
2010-06-22,61.731239318847656
2010-06-23,62.15086364746094
2010-06-24,61.78133010864258
2010-06-25,62.031890869140625
2010-06-28,62.6142463684082
2010-06-29,63.296913146972656
2010-06-30,63.7227783203125
2010-07-01,63.82331848144531
2010-07-02,63.31446838378906
2010-07-06,63.83586883544922
2010-07-07,63.088314056396484
2010-07-08,62.686309814453125
2010-07-09,62.328216552734375
2010-07-12,62.30303955078125
2010-07-13,61.76912307739258
2010-07-14,62.391075134277344
2010-07-15,63.012908935546875
2010-07-16,63.320709228515625
2010-07-19,62.931304931640625
2010-07-20,63.025482177734375
2010-07-21,64.09341430664062
2010-07-22,63.35214614868164
2010-07-23,62.68001937866211
2010-07-26,62.573177337646484
2010-07-27,61.970149993896484
2010-07-28,62.17121124267578
2010-07-29,62.1523323059082
2010-07-30,63.11968994140625
2010-08-02,62.23366928100586
2010-08-03,62.59291076660156
2010-08-04,62.113914489746094
2010-08-05,62.40380859375
2010-08-06,63.08441925048828
2010-08-09,62.85129165649414
2010-08-10,62.98357391357422
2010-08-11,63.82809066772461
2010-08-12,63.67054748535156
2010-08-13,64.46456146240234
2010-08-16,66.07792663574219
2010-08-17,65.6998291015625
2010-08-18,65.87629699707031
2010-08-19,66.90357208251953
2010-08-20,66.8279037475586
2010-08-23,66.84053802490234
2010-08-24,67.91189575195312
2010-08-25,67.69136047363281
2010-08-26,68.32778930664062
2010-08-27,66.39307403564453
2010-08-30,67.66609191894531
2010-08-31,68.41606140136719
2010-09-01,67.0014419555664
2010-09-02,66.29347229003906
2010-09-03,65.47175598144531
2010-09-07,66.81178283691406
2010-09-08,66.28089904785156
2010-09-09,64.97244262695312
2010-09-10,64.6753158569336
2010-09-13,64.99138641357422
2010-09-14,65.61715698242188
2010-09-15,64.64378356933594
2010-09-16,64.00537872314453
2010-09-17,64.26446533203125
2010-09-20,64.63744354248047
2010-09-21,65.53502655029297
2010-09-22,66.1228256225586
2010-09-23,66.3124771118164
2010-09-24,65.42118835449219
2010-09-27,66.55899047851562
2010-09-28,67.01406860351562
2010-09-29,66.7359390258789
2010-09-30,66.69175720214844
2010-10-01,66.36943054199219
2010-10-04,66.54067993164062
2010-10-05,66.14102935791016
2010-10-06,66.97215270996094
2010-10-07,66.41383361816406
2010-10-08,66.12199401855469
2010-10-11,66.1346664428711
2010-10-12,65.48119354248047
2010-10-13,65.37966918945312
2010-10-14,64.40263366699219
2010-10-15,63.61593246459961
2010-10-18,64.12985229492188
2010-10-19,64.51680755615234
2010-10-20,64.65643310546875
2010-10-21,63.88875961303711
2010-10-22,64.32011413574219
2010-10-25,64.5041275024414
2010-10-26,63.5080451965332
2010-10-27,62.94972229003906
2010-10-28,63.121028900146484
2010-10-29,63.71109390258789
2010-11-01,63.436744689941406
2010-11-02,64.27056884765625
2010-11-03,62.95940017700195
2010-11-04,63.449493408203125
2010-11-05,62.36113357543945
2010-11-08,62.64118957519531
2010-11-09,61.260066986083984
2010-11-10,61.34278106689453
2010-11-11,61.31093978881836
2010-11-12,60.97998809814453
2010-11-15,59.707088470458984
2010-11-16,61.190040588378906
2010-11-17,60.85271453857422
2010-11-18,61.100975036621094
2010-11-19,61.47644805908203
2010-11-22,61.737403869628906
2010-11-23,62.04290771484375
2010-11-24,60.93543243408203
2010-11-26,61.78199005126953
2010-11-29,62.31019592285156
2010-11-30,62.634830474853516
2010-12-01,61.24253845214844
2010-12-02,61.08282470703125
2010-12-03,60.60381317138672
2010-12-06,61.45962142944336
2010-12-07,60.14400100708008
2010-12-08,59.56277847290039
2010-12-09,59.85657501220703
2010-12-10,59.49254608154297
2010-12-13,59.716102600097656
2010-12-14,58.847469329833984
2010-12-15,58.08103942871094
2010-12-16,58.48342514038086
2010-12-17,59.55002975463867
2010-12-20,59.48617172241211
2010-12-21,59.901275634765625
2010-12-22,59.473392486572266
2010-12-23,59.35206604003906
2010-12-27,59.882144927978516
2010-12-28,58.70937728881836
2010-12-29,59.70264434814453
2010-12-30,59.65782928466797
2010-12-31,60.31791687011719
2011-01-03,59.862945556640625
2011-01-04,59.933433532714844
2011-01-05,58.613216400146484
2011-01-06,58.86955261230469
2011-01-07,59.183563232421875
2011-01-10,59.504024505615234
2011-01-11,59.17079162597656
2011-01-12,58.70937728881836
2011-01-13,59.234832763671875
2011-01-14,58.85674285888672
2011-01-18,58.581199645996094
2011-01-19,59.00413131713867
2011-01-20,58.19025421142578
2011-01-21,58.65167999267578
2011-01-24,58.677284240722656
2011-01-25,59.234832763671875
2011-01-26,58.3376579284668
2011-01-27,58.60039520263672
2011-01-28,58.90802764892578
2011-01-31,58.45938491821289
2011-02-01,58.1700325012207
2011-02-02,58.18290710449219
2011-02-03,57.700538635253906
2011-02-04,57.11532211303711
2011-02-07,57.41114044189453
2011-02-08,56.883758544921875
2011-02-09,57.37895202636719
2011-02-10,56.71651077270508
2011-02-11,57.53337097167969
2011-02-14,57.571937561035156
2011-02-15,57.829139709472656
2011-02-16,57.64264678955078
2011-02-17,57.73269271850586
2011-02-18,57.552589416503906
2011-02-22,58.41438293457031
2011-02-23,58.62661361694336
2011-02-24,58.99961471557617
2011-02-25,59.34694290161133
2011-02-28,59.424095153808594
2011-03-01,59.59634780883789
2011-03-02,58.68019104003906
2011-03-03,58.10598373413086
2011-03-04,58.58985900878906
2011-03-07,58.215660095214844
2011-03-08,57.860816955566406
2011-03-09,58.422096252441406
2011-03-10,59.402767181396484
2011-03-11,59.06727981567383
2011-03-14,59.04151916503906
2011-03-15,59.92543029785156
2011-03-16,60.602909088134766
2011-03-17,60.13833999633789
2011-03-18,60.299644470214844
2011-03-21,59.94474411010742
2011-03-22,60.144775390625
2011-03-23,60.06734848022461
2011-03-24,59.615692138671875
2011-03-25,59.467323303222656
2011-03-28,59.55117416381836
2011-03-29,59.09313201904297
2011-03-30,59.5640754699707
2011-03-31,59.44154739379883
2011-04-01,59.73046875
2011-04-04,59.79528045654297
2011-04-05,59.5555534362793
2011-04-06,58.66143798828125
2011-04-07,58.54479217529297
2011-04-08,58.23379898071289
2011-04-11,58.285640716552734
2011-04-12,58.91410827636719
2011-04-13,59.28341293334961
2011-04-14,59.23808288574219
2011-04-15,60.041473388671875
2011-04-18,60.177547454833984
2011-04-19,60.436702728271484
2011-04-20,60.0479736328125
2011-04-21,59.99612045288086
2011-04-25,60.22288131713867
2011-04-26,60.80603790283203
2011-04-27,60.184043884277344
2011-04-28,60.64399337768555
2011-04-29,60.83195114135742
2011-05-02,60.92950439453125
2011-05-03,61.27434158325195
2011-05-04,61.54765319824219
2011-05-05,62.133304595947266
2011-05-06,61.859962463378906
2011-05-09,61.794925689697266
2011-05-10,61.352455139160156
2011-05-11,61.70384216308594
2011-05-12,61.31343460083008
2011-05-13,61.866519927978516
2011-05-16,62.21133041381836
2011-05-17,62.8490104675293
2011-05-18,62.01617431640625
2011-05-19,61.9901237487793
2011-05-20,62.02265548706055
2011-05-23,62.32198715209961
2011-05-24,62.55623245239258
2011-05-25,62.26338577270508
2011-05-26,62.796993255615234
2011-05-27,62.77093505859375
2011-05-31,62.914093017578125
2011-06-01,63.76439666748047
2011-06-02,62.54971694946289
2011-06-03,62.90882873535156
2011-06-06,62.43214797973633
2011-06-07,62.71944808959961
2011-06-08,63.20925521850586
2011-06-09,62.954551696777344
2011-06-10,63.4378776550293
2011-06-13,63.11781692504883
2011-06-14,62.164390563964844
2011-06-15,63.294158935546875
2011-06-16,63.58152389526367
2011-06-17,63.28113555908203
2011-06-20,63.35950469970703
2011-06-21,63.07866668701172
2011-06-22,63.11781692504883
2011-06-23,63.60106658935547
2011-06-24,63.333377838134766
2011-06-27,62.46473693847656
2011-06-28,61.961944580078125
2011-06-29,61.55051803588867
2011-06-30,61.45258331298828
2011-07-01,61.354305267333984
2011-07-05,61.49186706542969
2011-07-06,61.806396484375
2011-07-07,61.6229248046875
2011-07-08,62.49443435668945
2011-07-11,63.43156051635742
2011-07-12,63.647743225097656
2011-07-13,63.8247184753418
2011-07-14,62.9138069152832
2011-07-15,63.018699645996094
2011-07-18,62.4093017578125
2011-07-19,63.70674514770508
2011-07-20,62.95314407348633
2011-07-21,62.46827697753906
2011-07-22,62.94004821777344
2011-07-25,62.25204849243164
2011-07-26,62.67792510986328
2011-07-27,62.68450927734375
2011-07-28,62.92040252685547
2011-07-29,64.16545104980469
2011-08-01,64.81303405761719
2011-08-02,66.75907897949219
2011-08-03,66.89063262939453
2011-08-04,69.2706298828125
2011-08-05,67.27194213867188
2011-08-08,69.39554595947266
2011-08-09,69.60595703125
2011-08-10,71.67699432373047
2011-08-11,68.06088256835938
2011-08-12,69.40872192382812
2011-08-15,68.7052001953125
2011-08-16,69.84266662597656
2011-08-17,71.0655288696289
2011-08-18,72.52510833740234
2011-08-19,73.11028289794922
2011-08-22,72.92617797851562
2011-08-23,71.92025756835938
2011-08-24,69.87553405761719
2011-08-25,70.63159942626953
2011-08-26,71.32852172851562
2011-08-29,70.34231567382812
2011-08-30,71.47315979003906
2011-08-31,70.36863708496094
2011-09-01,71.86028289794922
2011-09-02,74.19469451904297
2011-09-06,74.96632385253906
2011-09-07,73.5353775024414
2011-09-08,74.19469451904297
2011-09-09,74.98611450195312
2011-09-12,75.06524658203125
2011-09-13,73.99693298339844
2011-09-14,74.6233901977539
2011-09-15,73.48255920410156
2011-09-16,74.0167007446289
2011-09-19,75.42793273925781
2011-09-20,75.74446105957031
2011-09-21,78.25038146972656
2011-09-22,81.19152069091797
2011-09-23,79.68138122558594
2011-09-26,78.40204620361328
2011-09-27,77.20183563232422
2011-09-28,77.17542266845703
2011-09-29,77.70962524414062
2011-09-30,79.66156005859375
2011-10-03,81.85387420654297
2011-10-04,80.81591796875
2011-10-05,80.23412322998047
2011-10-06,78.75322723388672
2011-10-07,78.17140197753906
2011-10-10,77.06732940673828
2011-10-11,76.80950927734375
2011-10-12,75.69219207763672
2011-10-13,76.44584655761719
2011-10-14,75.33522033691406
2011-10-17,76.63761901855469
2011-10-18,76.16162109375
2011-10-19,76.13516998291016
2011-10-20,75.59304809570312
2011-10-21,74.79305267333984
2011-10-24,74.91868591308594
2011-10-25,76.82270812988281
2011-10-26,75.48062896728516
2011-10-27,72.92212677001953
2011-10-28,73.68901062011719
2011-10-31,76.61119842529297
2011-11-01,79.17564392089844
2011-11-02,78.18804931640625
2011-11-03,77.11425018310547
2011-11-04,77.20706176757812
2011-11-07,77.6975326538086
2011-11-08,76.70328521728516
2011-11-09,78.29412841796875
2011-11-10,77.12747955322266
2011-11-11,76.65689086914062
2011-11-14,77.88982391357422
2011-11-15,77.78378295898438
2011-11-16,78.49295806884766
2011-11-17,79.1226577758789
2011-11-18,79.10277557373047
2011-11-21,79.57340240478516
2011-11-22,80.46157836914062
2011-11-23,81.25031280517578
2011-11-25,80.07048797607422
2011-11-28,80.03070068359375
2011-11-29,79.3745346069336
2011-11-30,78.1350326538086
2011-12-01,77.74297332763672
2011-12-02,78.83274841308594
2011-12-05,78.67321014404297
2011-12-06,77.92237091064453
2011-12-07,78.20145416259766
2011-12-08,79.17823791503906
2011-12-09,77.55025482177734
2011-12-12,78.41409301757812
2011-12-13,79.14502716064453
2011-12-14,80.64006805419922
2011-12-15,80.34104919433594
2011-12-16,81.2779769897461
2011-12-19,82.307861328125
2011-12-20,80.25469970703125
2011-12-21,79.13838195800781
2011-12-22,79.47061920166016
2011-12-23,78.58687591552734
2011-12-27,78.96019744873047
2011-12-28,80.42008209228516
2011-12-29,80.56665802001953
2011-12-30,80.8266372680664
2012-01-03,79.61341094970703
2012-01-04,78.66687774658203
2012-01-05,78.52687072753906
2012-01-06,79.14681243896484
2012-01-09,79.00679779052734
2012-01-10,78.87354278564453
2012-01-11,79.90009307861328
2012-01-12,79.7867660522461
2012-01-13,80.58002471923828
2012-01-17,80.95335388183594
2012-01-18,79.97340393066406
2012-01-19,78.87354278564453
2012-01-20,77.98025512695312
2012-01-23,77.4869613647461
2012-01-24,77.62693786621094
2012-01-25,77.44025421142578
2012-01-26,78.46684265136719
2012-01-27,78.71353149414062
2012-01-30,79.64010620117188
2012-01-31,80.56002807617188
2012-02-01,79.63724517822266
2012-02-02,79.60382080078125
2012-02-03,77.89319610595703
2012-02-06,78.66838073730469
2012-02-07,77.69277954101562
2012-02-08,77.75288391113281
2012-02-09,77.17155456542969
2012-02-10,78.17385864257812
2012-02-13,78.27407836914062
2012-02-14,78.68840026855469
2012-02-15,78.54805755615234
2012-02-16,77.91998291015625
2012-02-17,77.8998794555664
2012-02-21,77.03791046142578
2012-02-22,78.00682067871094
2012-02-23,78.00682067871094
2012-02-24,78.51464080810547
2012-02-27,79.2096176147461
2012-02-28,78.94901275634766
2012-02-29,78.4678955078125
2012-03-01,77.72918701171875
2012-03-02,78.45917510986328
2012-03-05,77.83625793457031
2012-03-06,78.78063201904297
2012-03-07,78.2984390258789
2012-03-08,77.51483154296875
2012-03-09,77.66886901855469
2012-03-12,77.6554946899414
2012-03-13,76.28923034667969
2012-03-14,74.36712646484375
2012-03-15,74.48096466064453
2012-03-16,74.62824249267578
2012-03-19,73.737548828125
2012-03-20,74.0322036743164
2012-03-21,74.86941528320312
2012-03-22,75.1104736328125
2012-03-23,75.82041931152344
2012-03-26,75.4319839477539
2012-03-27,75.97445678710938
2012-03-28,75.86732482910156
2012-03-29,76.43659973144531
2012-03-30,75.14396667480469
2012-04-02,75.56028747558594
2012-04-03,74.25090789794922
2012-04-04,75.2715835571289
2012-04-05,75.81546020507812
2012-04-09,77.58811950683594
2012-04-10,78.46774291992188
2012-04-11,77.52769470214844
2012-04-12,77.20541381835938
2012-04-13,78.45431518554688
2012-04-16,78.34017181396484
2012-04-17,78.2931900024414
2012-04-18,78.52149963378906
2012-04-19,78.59532165527344
2012-04-20,78.60874938964844
2012-04-23,79.17948150634766
2012-04-24,78.62218475341797
2012-04-25,78.21928405761719
2012-04-26,78.6893310546875
2012-04-27,78.75648498535156
2012-04-30,78.77660369873047
2012-05-01,78.36807250976562
2012-05-02,78.91999053955078
2012-05-03,78.89983367919922
2012-05-04,79.51903533935547
2012-05-07,79.53252410888672
2012-05-08,79.95657348632812
2012-05-09,80.01040649414062
2012-05-10,79.77481079101562
2012-05-11,80.4344482421875
2012-05-14,81.55846405029297
2012-05-15,81.8883285522461
2012-05-16,82.1239242553711
2012-05-17,83.57776641845703
2012-05-18,83.59797668457031
2012-05-21,83.42300415039062
2012-05-22,82.49413299560547
2012-05-23,83.0662612915039
2012-05-24,82.74988555908203
2012-05-25,83.05953216552734
2012-05-29,82.80374145507812
2012-05-30,84.90375518798828
2012-05-31,85.88652038574219
2012-06-01,87.92545318603516
2012-06-04,87.23072814941406
2012-06-05,86.06390380859375
2012-06-06,84.343994140625
2012-06-07,84.47207641601562
2012-06-08,84.45191192626953
2012-06-11,84.8363265991211
2012-06-12,84.06068420410156
2012-06-13,84.8902816772461
2012-06-14,84.78237915039062
2012-06-15,85.25447082519531
2012-06-18,85.71315002441406
2012-06-19,84.59351348876953
2012-06-20,85.0116958618164
2012-06-21,85.46359252929688
2012-06-22,84.32369232177734
2012-06-25,85.5512924194336
2012-06-26,85.21406555175781
2012-06-27,85.3489761352539
2012-06-28,85.55804443359375
2012-06-29,84.44511413574219
2012-07-02,85.31641387939453
2012-07-03,84.66075134277344
2012-07-05,85.09335327148438
2012-07-06,85.88420104980469
2012-07-09,86.64122009277344
2012-07-10,86.81697845458984
2012-07-11,86.92510223388672
2012-07-12,87.54025268554688
2012-07-13,87.31040954589844
2012-07-16,87.71593475341797
2012-07-17,87.02648162841797
2012-07-18,87.0738296508789
2012-07-19,86.85077667236328
2012-07-20,87.91199493408203
2012-07-23,88.40538787841797
2012-07-24,89.10163879394531
2012-07-25,89.33148193359375
2012-07-26,88.5135498046875
2012-07-27,86.84400939941406
2012-07-30,87.49291229248047
2012-07-31,87.66863250732422
2012-08-01,87.23043823242188
2012-08-02,87.72488403320312
2012-08-03,86.30921173095703
2012-08-06,86.34305572509766
2012-08-07,85.23221588134766
2012-08-08,84.77836608886719
2012-08-09,84.71743774414062
2012-08-10,85.1441421508789
2012-08-13,85.00186920166016
2012-08-14,83.85039520263672
2012-08-15,82.67179107666016
2012-08-16,81.9673080444336
2012-08-17,82.36698150634766
2012-08-20,82.53630828857422
2012-08-21,82.90206146240234
2012-08-22,84.2703628540039
2012-08-23,84.62257385253906
2012-08-24,84.54129791259766
2012-08-27,85.0357666015625
2012-08-28,85.2389907836914
2012-08-29,84.86647033691406
2012-08-30,85.30673217773438
2012-08-31,86.51238250732422
2012-09-04,86.42552947998047
2012-09-05,86.01824188232422
2012-09-06,84.58599853515625
2012-09-07,84.19224548339844
2012-09-10,84.39588165283203
2012-09-11,83.86646270751953
2012-09-12,82.82109069824219
2012-09-13,82.49525451660156
2012-09-14,80.30271911621094
2012-09-17,81.26661682128906
2012-09-18,81.67390441894531
2012-09-19,82.21012115478516
2012-09-20,82.41380310058594
2012-09-21,82.50881958007812
2012-09-24,83.15367126464844
2012-09-25,83.97502899169922
2012-09-26,84.87785339355469
2012-09-27,84.27371978759766
2012-09-28,84.32122802734375
2012-10-01,84.63414001464844
2012-10-02,84.51850128173828
2012-10-03,84.54570007324219
2012-10-04,83.49134063720703
2012-10-05,82.40980529785156
2012-10-08,83.10363006591797
2012-10-09,82.95397186279297
2012-10-10,83.53894805908203
2012-10-11,84.11713409423828
2012-10-12,84.32804870605469
2012-10-15,84.13755798339844
2012-10-16,82.97437286376953
2012-10-17,82.20574188232422
2012-10-18,81.70235443115234
2012-10-19,82.81112670898438
2012-10-22,82.28053283691406
2012-10-23,83.45735931396484
2012-10-24,82.63424682617188
2012-10-25,82.2125015258789
2012-10-26,83.42329406738281
2012-10-31,83.91307067871094
2012-11-01,83.22605895996094
2012-11-02,83.16484832763672
2012-11-05,83.63419342041016
2012-11-06,82.84514617919922
2012-11-07,84.34844207763672
2012-11-08,85.60009002685547
2012-11-09,85.69525146484375
2012-11-12,85.83816528320312
2012-11-13,86.12380981445312
2012-11-14,86.20542907714844
2012-11-15,86.03543090820312
2012-11-16,85.96055603027344
2012-11-19,85.4776382446289
2012-11-20,84.62055969238281
2012-11-21,84.57291412353516
2012-11-23,84.49130249023438
2012-11-26,84.89263916015625
2012-11-27,85.22593688964844
2012-11-28,85.10350799560547
2012-11-29,85.11711120605469
2012-11-30,84.8857650756836
2012-12-03,84.96419525146484
2012-12-04,85.45491027832031
2012-12-05,85.41400146484375
2012-12-06,85.59803009033203
2012-12-07,84.80741882324219
2012-12-10,85.18231964111328
2012-12-11,84.53480529785156
2012-12-12,83.55339050292969
2012-12-13,83.61466979980469
2012-12-14,84.24171447753906
2012-12-17,82.9808349609375
2012-12-18,82.13571166992188
2012-12-19,82.40833282470703
2012-12-20,82.42193603515625
2012-12-21,83.3216323852539
2012-12-24,83.17168426513672
2012-12-26,83.47084045410156
2012-12-27,83.75090026855469
2012-12-28,84.22907257080078
2012-12-31,82.77409362792969
2013-01-02,81.66759490966797
2013-01-03,80.56098937988281
2013-01-04,80.87520599365234
2013-01-07,80.90935516357422
2013-01-08,81.44215393066406
2013-01-09,81.36702728271484
2013-01-10,81.14163208007812
2013-01-11,81.86566925048828
2013-01-14,81.64025115966797
2013-01-15,82.0158920288086
2013-01-16,82.18675231933594
2013-01-17,81.36702728271484
2013-01-18,81.99547576904297
2013-01-22,82.15252685546875
2013-01-23,82.0296401977539
2013-01-24,81.74268341064453
2013-01-25,80.6224594116211
2013-01-28,80.3287582397461
2013-01-29,79.8847427368164
2013-01-30,79.74813079833984
2013-01-31,80.13748168945312
2013-02-01,79.09695434570312
2013-02-04,80.11011505126953
2013-02-05,79.39811706542969
2013-02-06,80.0484848022461
2013-02-07,79.87045288085938
2013-02-08,80.17854309082031
2013-02-11,80.1169662475586
2013-02-12,79.91842651367188
2013-02-13,79.2680892944336
2013-02-14,79.98689270019531
2013-02-15,79.754150390625
2013-02-19,79.35704803466797
2013-02-20,79.59664916992188
2013-02-21,80.06221008300781
2013-02-22,80.1169662475586
2013-02-25,81.69149017333984
2013-02-26,81.21916961669922
2013-02-27,80.97953033447266
2013-02-28,81.13014221191406
2013-03-01,81.57193756103516
2013-03-04,81.13975524902344
2013-03-05,80.90648651123047
2013-03-06,80.17242431640625
2013-03-07,79.55498504638672
2013-03-08,78.72481536865234
2013-03-11,78.8002700805664
2013-03-12,79.3697509765625
2013-03-13,79.28739166259766
2013-03-14,79.04729461669922
2013-03-15,79.41770935058594
2013-03-18,80.02146911621094
2013-03-19,80.56346130371094
2013-03-20,79.66474914550781
2013-03-21,80.43311309814453
2013-03-22,80.49482727050781
2013-03-25,80.41939544677734
2013-03-26,80.51544952392578
2013-03-27,81.20146942138672
2013-03-28,80.78988647460938
2013-04-01,81.39830780029297
2013-04-02,81.06834411621094
2013-04-03,81.797119140625
2013-04-04,82.77342224121094
2013-04-05,84.44416809082031
2013-04-08,83.79784393310547
2013-04-09,83.59160614013672
2013-04-10,82.44342041015625
2013-04-11,82.6015396118164
2013-04-12,83.83223724365234
2013-04-15,84.56106567382812
2013-04-16,83.86662292480469
2013-04-17,84.42352294921875
2013-04-18,84.62982940673828
2013-04-19,84.45103454589844
2013-04-22,84.51290893554688
2013-04-23,84.2172622680664
2013-04-24,84.43038940429688
2013-04-25,84.06597137451172
2013-04-26,84.8360366821289
2013-04-29,84.52664947509766
2013-04-30,84.5748062133789
2013-05-01,85.44366455078125
2013-05-02,85.33338165283203
2013-05-03,83.32151794433594
2013-05-06,83.11479187011719
2013-05-07,82.7909927368164
2013-05-08,82.92186737060547
2013-05-09,82.7082748413086
2013-05-10,81.8194580078125
2013-05-13,81.19242095947266
2013-05-14,80.31053924560547
2013-05-15,80.8479232788086
2013-05-16,81.68853759765625
2013-05-17,80.65504455566406
2013-05-20,80.55856323242188
2013-05-21,81.19242095947266
2013-05-22,79.9866943359375
2013-05-23,80.36566162109375
2013-05-24,80.47588348388672
2013-05-28,78.4364242553711
2013-05-29,79.31835174560547
2013-05-30,79.1254653930664
2013-05-31,78.85671997070312
2013-06-03,79.27459716796875
2013-06-04,78.54244995117188
2013-06-05,79.62681579589844
2013-06-06,79.5784683227539
2013-06-07,78.15573120117188
2013-06-10,77.78273010253906
2013-06-11,78.70822143554688
2013-06-12,77.5824203491211
2013-06-13,78.79804229736328
2013-06-14,78.61156463623047
2013-06-17,78.1971206665039
2013-06-18,78.23858642578125
2013-06-19,77.43047332763672
2013-06-20,76.15965270996094
2013-06-21,74.86813354492188
2013-06-24,75.17893981933594
2013-06-25,74.50898742675781
2013-06-26,74.99240112304688
2013-06-27,75.75907897949219
2013-06-28,76.27708435058594
2013-07-01,76.43079376220703
2013-07-02,76.38233184814453
2013-07-03,76.15386199951172
2013-07-05,73.55789947509766
2013-07-08,74.27099609375
2013-07-09,74.34710693359375
2013-07-10,73.765625
2013-07-11,74.63096618652344
2013-07-12,74.56866455078125
2013-07-15,74.96322631835938
2013-07-16,75.21934509277344
2013-07-17,75.35778045654297
2013-07-18,74.41632080078125
2013-07-19,75.59312438964844
2013-07-22,75.70390319824219
2013-07-23,75.38544464111328
2013-07-24,74.43019104003906
2013-07-25,74.4024887084961
2013-07-26,74.85934448242188
2013-07-29,74.31250762939453
2013-07-30,74.2848129272461
2013-07-31,74.55475616455078
2013-08-01,73.11821746826172
2013-08-02,73.92326354980469
2013-08-05,73.35420227050781
2013-08-06,73.56930541992188
2013-08-07,74.11756134033203
2013-08-08,74.3188247680664
2013-08-09,74.43680572509766
2013-08-12,73.93022155761719
2013-08-13,72.86148071289062
2013-08-14,72.97250366210938
2013-08-15,71.98701477050781
2013-08-16,71.73724365234375
2013-08-19,71.11260986328125
2013-08-20,71.66082763671875
2013-08-21,70.87666320800781
2013-08-22,71.59838104248047
2013-08-23,72.375732421875
2013-08-26,72.73652648925781
2013-08-27,73.65264129638672
2013-08-28,73.05577087402344
2013-08-29,73.63871765136719
2013-08-30,73.55542755126953
2013-09-03,72.51798248291016
2013-09-04,72.35797119140625
2013-09-05,71.34902954101562
2013-09-06,71.70387268066406
2013-09-09,71.7386245727539
2013-09-10,71.2376708984375
2013-09-11,71.87088012695312
2013-09-12,71.77347564697266
2013-09-13,72.05184936523438
2013-09-16,71.57167053222656
2013-09-17,72.16310119628906
2013-09-18,73.05374908447266
2013-09-19,72.62236785888672
2013-09-20,73.00505828857422
2013-09-23,73.54077911376953
2013-09-24,74.33406066894531
2013-09-25,74.4871597290039
2013-09-26,73.9653549194336
2013-09-27,74.14622497558594
2013-09-30,74.03487396240234
2013-10-01,73.81021118164062
2013-10-02,73.92182922363281
2013-10-03,73.80326843261719
2013-10-04,73.7474365234375
2013-10-07,74.04739379882812
2013-10-08,74.06835174560547
2013-10-09,73.47534942626953
2013-10-10,73.593994140625
2013-10-11,73.57302856445312
2013-10-14,72.98001861572266
2013-10-15,72.93119812011719
2013-10-16,73.84507751464844
2013-10-17,74.51488494873047
2013-10-18,74.67529296875
2013-10-21,74.43810272216797
2013-10-22,75.26829528808594
2013-10-23,75.56130981445312
2013-10-24,75.26829528808594
2013-10-25,75.5473403930664
2013-10-28,75.28916931152344
2013-10-29,75.38685607910156
2013-10-30,74.93344116210938
2013-10-31,75.09388732910156
2013-11-01,74.28105926513672
2013-11-04,74.35099792480469
2013-11-05,73.4626235961914
2013-11-06,73.49758911132812
2013-11-07,74.1201400756836
2013-11-08,72.33641052246094
2013-11-11,72.06359100341797
2013-11-12,72.39937591552734
2013-11-13,72.66515350341797
2013-11-14,73.1128921508789
2013-11-15,73.25981140136719
2013-11-18,73.7004165649414
2013-11-19,73.140869140625
2013-11-20,71.89569091796875
2013-11-21,72.01464080810547
2013-11-22,72.6861572265625
2013-11-25,72.89602661132812
2013-11-26,73.16881561279297
2013-11-27,73.04290771484375
2013-11-29,73.06389617919922
2013-12-02,72.49562072753906
2013-12-03,72.76225280761719
2013-12-04,72.0676498413086
2013-12-05,71.86414337158203
2013-12-06,72.20794677734375
2013-12-09,72.3763427734375
2013-12-10,72.89550018310547
2013-12-11,72.33422088623047
2013-12-12,72.06065368652344
2013-12-13,72.41143798828125
2013-12-16,72.14479064941406
2013-12-17,72.46754455566406
2013-12-18,72.10274505615234
2013-12-19,72.03257751464844
2013-12-20,73.14109802246094
2013-12-23,72.72716522216797
2013-12-24,72.14479064941406
2013-12-26,71.86678314208984
2013-12-27,71.66264343261719
2013-12-30,72.15538787841797
2013-12-31,71.6978759765625
2014-01-02,71.91607666015625
2014-01-03,71.91607666015625
2014-01-06,72.21871185302734
2014-01-07,72.40171813964844
2014-01-08,72.20466613769531
2014-01-09,72.62699890136719
2014-01-10,73.49273681640625
2014-01-13,73.85875701904297
2014-01-14,73.5209732055664
2014-01-15,73.4435043334961
2014-01-16,73.93621826171875
2014-01-17,74.2459487915039
2014-01-21,74.30216979980469
2014-01-22,74.11920928955078
2014-01-23,75.16799926757812
2014-01-24,75.65371704101562
2014-01-27,75.12577056884766
2014-01-28,75.30877685546875
2014-01-29,75.92823791503906
2014-01-30,75.70997619628906
2014-01-31,76.21680450439453
2014-02-03,77.14542388916016
2014-02-04,76.32686614990234
2014-02-05,75.62120056152344
2014-02-06,75.2966079711914
2014-02-07,75.36012268066406
2014-02-10,75.5718002319336
2014-02-11,75.13423156738281
2014-02-12,74.74616241455078
2014-02-13,75.1695327758789
2014-02-14,75.21190643310547
2014-02-18,75.38126373291016
2014-02-19,75.0637435913086
2014-02-20,74.88021087646484
2014-02-21,75.27542877197266
2014-02-24,75.08489227294922
2014-02-25,75.7552490234375
2014-02-26,76.15753936767578
2014-02-27,76.57388305664062
2014-02-28,76.61624145507812
2014-03-03,77.127685546875
2014-03-04,75.96752166748047
2014-03-05,76.13020324707031
2014-03-06,75.38041687011719
2014-03-07,74.90644073486328
2014-03-10,75.01254272460938
2014-03-11,75.21057891845703
2014-03-12,75.73408508300781
2014-03-13,76.75271606445312
2014-03-14,76.76687622070312
2014-03-17,76.19389343261719
2014-03-18,76.46976470947266
2014-03-19,75.87554931640625
2014-03-20,75.74119567871094
2014-03-21,76.5617904663086
2014-03-24,77.10645294189453
2014-03-25,76.81644439697266
2014-03-26,77.41767883300781
2014-03-27,77.80675506591797
2014-03-28,77.36821746826172
2014-03-31,77.17719268798828
2014-04-01,76.51761627197266
2014-04-02,76.0779037475586
2014-04-03,76.41120910644531
2014-04-04,76.92181396484375
2014-04-07,77.38285064697266
2014-04-08,77.56725311279297
2014-04-09,77.18427276611328
2014-04-10,77.90058135986328
2014-04-11,78.53177642822266
2014-04-14,78.32616424560547
2014-04-15,78.81544494628906
2014-04-16,78.91476440429688
2014-04-17,78.04952239990234
2014-04-21,77.98571014404297
2014-04-22,78.24812316894531
2014-04-23,78.69490814208984
2014-04-24,78.84380340576172
2014-04-25,78.95732879638672
2014-04-28,78.57430267333984
2014-04-29,78.46800231933594
2014-04-30,78.79420471191406
2014-05-01,79.6395263671875
2014-05-02,80.13007354736328
2014-05-05,79.64664459228516
2014-05-06,79.96652221679688
2014-05-07,79.68217468261719
2014-05-08,79.34088134765625
2014-05-09,79.08494567871094
2014-05-12,78.76502227783203
2014-05-13,79.44754791259766
2014-05-14,80.30774688720703
2014-05-15,80.94763946533203
2014-05-16,80.72014617919922
2014-05-19,80.12293243408203
2014-05-20,80.30068969726562
2014-05-21,79.81010437011719
2014-05-22,79.69638061523438
2014-05-23,80.12293243408203
2014-05-27,80.5921401977539
2014-05-28,81.58747863769531
2014-05-29,81.15383911132812
2014-05-30,81.11824798583984
2014-06-02,80.51520538330078
2014-06-03,79.52452850341797
2014-06-04,79.50311279296875
2014-06-05,79.53875732421875
2014-06-06,79.53875732421875
2014-06-09,79.42472076416016
2014-06-10,79.13247680664062
2014-06-11,79.27503204345703
2014-06-12,79.98068237304688
2014-06-13,79.93794250488281
2014-06-16,80.13746643066406
2014-06-17,79.50311279296875
2014-06-18,80.11607360839844
2014-06-19,79.08965301513672
2014-06-20,79.68843078613281
2014-06-23,79.43895721435547
2014-06-24,80.2444076538086
2014-06-25,80.45111083984375
2014-06-26,80.83599853515625
2014-06-27,80.7148208618164
2014-06-30,80.91443634033203
2014-07-01,80.23696899414062
2014-07-02,79.3794174194336
2014-07-03,79.09357452392578
2014-07-07,79.67243957519531
2014-07-08,80.5656967163086
2014-07-09,80.62997436523438
2014-07-10,80.65143585205078
2014-07-11,81.16596221923828
2014-07-14,80.81578826904297
2014-07-15,80.65143585205078
2014-07-16,81.08020782470703
2014-07-17,82.10210418701172
2014-07-18,81.83771514892578
2014-07-21,82.24500274658203
2014-07-22,82.41656494140625
2014-07-23,82.309326171875
2014-07-24,81.69477081298828
2014-07-25,82.65945434570312
2014-07-28,82.54517364501953
2014-07-29,82.84528350830078
2014-07-30,81.69477081298828
2014-07-31,81.4517822265625
2014-08-01,82.082275390625
2014-08-04,81.86737823486328
2014-08-05,82.13245391845703
2014-08-06,82.18260192871094
2014-08-07,82.94928741455078
2014-08-08,82.77015686035156
2014-08-11,82.76301574707031
2014-08-12,82.22559356689453
2014-08-13,82.76301574707031
2014-08-14,83.4293441772461
2014-08-15,84.33928680419922
2014-08-18,83.5009765625
2014-08-19,83.2430648803711
2014-08-20,83.10691833496094
2014-08-21,83.5726318359375
2014-08-22,84.03836822509766
2014-08-25,84.35359954833984
2014-08-26,84.08139038085938
2014-08-27,84.79788208007812
2014-08-28,85.24213409423828
2014-08-29,85.29942321777344
2014-09-02,83.82791900634766
2014-09-03,84.29474639892578
2014-09-04,83.26776885986328
2014-09-05,83.1098403930664
2014-09-08,83.1457290649414
2014-09-09,83.08111572265625
2014-09-10,82.55681610107422
2014-09-11,82.28396606445312
2014-09-12,81.42218780517578
2014-09-15,81.54427337646484
2014-09-16,81.21394348144531
2014-09-17,81.00569915771484
2014-09-18,81.26419067382812
2014-09-19,82.29830932617188
2014-09-22,82.39883422851562
2014-09-23,82.90876007080078
2014-09-24,82.44911193847656
2014-09-25,83.4258041381836
2014-09-26,83.30372619628906
2014-09-29,83.97157287597656
2014-09-30,83.49761962890625
2014-10-01,85.11670684814453
2014-10-02,84.37519836425781
2014-10-03,84.73514556884766
2014-10-06,84.78553771972656
2014-10-07,85.93025207519531
2014-10-08,85.95185089111328
2014-10-09,85.57744598388672
2014-10-10,86.42698669433594
2014-10-13,86.95248413085938
2014-10-14,87.52130126953125
2014-10-15,88.21237182617188
2014-10-16,87.65083312988281
2014-10-17,87.16130065917969
2014-10-20,87.47807312011719
2014-10-21,86.77972412109375
2014-10-22,86.87332916259766
2014-10-23,86.10298919677734
2014-10-24,86.1894302368164
2014-10-27,86.34777069091797
2014-10-28,85.807861328125
2014-10-29,86.00227355957031
2014-10-30,86.07422637939453
2014-10-31,85.85103607177734
2014-11-03,85.85106658935547
2014-11-04,86.1180648803711
2014-11-05,85.99541473388672
2014-11-06,85.43968963623047
2014-11-07,86.421142578125
2014-11-10,85.62734985351562
2014-11-11,85.68498992919922
2014-11-12,85.6128921508789
2014-11-13,85.81494903564453
2014-11-14,86.2335433959961
2014-11-17,86.01705932617188
2014-11-18,86.25518798828125
2014-11-19,85.70673370361328
2014-11-20,86.15415954589844
2014-11-21,86.67375183105469
2014-11-24,86.74593353271484
2014-11-25,87.46760559082031
2014-11-26,87.70578002929688
2014-11-28,88.39859008789062
2014-12-01,87.88285064697266
2014-12-02,87.02933502197266
2014-12-03,87.36929321289062
2014-12-04,88.099853515625
2014-12-05,87.5862808227539
2014-12-08,88.65682983398438
2014-12-09,89.11246490478516
2014-12-10,89.76351928710938
2014-12-11,90.13240814208984
2014-12-12,91.35476684570312
2014-12-15,91.16670989990234
2014-12-16,92.29502868652344
2014-12-17,91.46324920654297
2014-12-18,89.83580780029297
2014-12-19,91.04373168945312
2014-12-22,91.16670989990234
2014-12-23,89.3584213256836
2014-12-24,89.84477996826172
2014-12-26,90.1782455444336
2014-12-29,90.85235595703125
2014-12-30,91.09880065917969
2014-12-31,91.27274322509766
2015-01-02,92.28753662109375
2015-01-05,93.73719024658203
2015-01-06,95.42609405517578
2015-01-07,95.23764038085938
2015-01-08,93.97639465332031
2015-01-09,95.00566864013672
2015-01-12,95.54936218261719
2015-01-13,95.54936218261719
2015-01-14,96.274169921875
2015-01-15,97.78910827636719
2015-01-16,96.5423812866211
2015-01-20,97.82542419433594
2015-01-21,96.69454193115234
2015-01-22,96.3466567993164
2015-01-23,97.68761444091797
2015-01-26,97.39045715332031
2015-01-27,97.54267883300781
2015-01-28,99.13732147216797
2015-01-29,98.48493194580078
2015-01-30,100.23184204101562
2015-02-02,99.85343933105469
2015-02-03,97.73988342285156
2015-02-04,97.90684509277344
2015-02-05,96.83196258544922
2015-02-06,95.11786651611328
2015-02-09,94.96533203125
2015-02-10,94.20999145507812
2015-02-11,94.3843002319336
2015-02-12,94.07197570800781
2015-02-13,93.10595703125
2015-02-17,91.70418548583984
2015-02-18,92.2489242553711
2015-02-19,91.6388168334961
2015-02-20,91.90752410888672
2015-02-23,92.96072387695312
2015-02-24,94.1809310913086
2015-02-25,94.58769226074219
2015-02-26,93.29484558105469
2015-02-27,94.0792465209961
2015-03-02,92.32689666748047
2015-03-03,91.99211883544922
2015-03-04,92.02119445800781
2015-03-05,91.9048080444336
2015-03-06,89.87443542480469
2015-03-09,90.7040023803711
2015-03-10,91.89750671386719
2015-03-11,92.56707000732422
2015-03-12,92.50154113769531
2015-03-13,92.21772766113281
2015-03-16,93.10556030273438
2015-03-17,93.87694549560547
2015-03-18,95.6889877319336
2015-03-19,95.20140838623047
2015-03-20,95.7035140991211
2015-03-23,95.5870590209961
2015-03-24,96.51136016845703
2015-03-25,95.69628143310547
2015-03-26,94.20443725585938
2015-03-27,95.3760757446289
2015-03-30,94.9030532836914
2015-03-31,95.10674285888672
2015-04-01,96.35603332519531
2015-04-02,95.3350601196289
2015-04-06,94.8027114868164
2015-04-07,95.59756469726562
2015-04-08,95.6267318725586
2015-04-09,94.38701629638672
2015-04-10,94.52555847167969
2015-04-13,94.65687561035156
2015-04-14,95.32780456542969
2015-04-15,95.2475357055664
2015-04-16,94.7735366821289
2015-04-17,95.86014556884766
2015-04-20,95.01419830322266
2015-04-21,94.58392333984375
2015-04-22,93.14004516601562
2015-04-23,93.54110717773438
2015-04-24,94.12447357177734
2015-04-27,94.12447357177734
2015-04-28,92.82642364501953
2015-04-29,91.68879699707031
2015-04-30,91.84921264648438
2015-05-01,90.61280822753906
2015-05-04,89.75785064697266
2015-05-05,89.63359069824219
2015-05-06,88.09905242919922
2015-05-07,89.28284454345703
2015-05-08,89.52399444580078
2015-05-11,87.34635162353516
2015-05-12,87.57291412353516
2015-05-13,86.87135314941406
2015-05-14,87.10521697998047
2015-05-15,88.85169982910156
2015-05-18,87.36101531982422
2015-05-19,86.58638000488281
2015-05-20,86.73255157470703
2015-05-21,87.94559478759766
2015-05-22,87.98211669921875
2015-05-26,89.48746490478516
2015-05-27,89.69207000732422
2015-05-28,89.47285461425781
2015-05-29,89.670166015625
2015-06-01,88.70636749267578
2015-06-02,87.46879577636719
2015-06-03,86.06269836425781
2015-06-04,87.18309783935547
2015-06-05,86.12128448486328
2015-06-08,86.02611541748047
2015-06-09,85.34502410888672
2015-06-10,84.59808349609375
2015-06-11,86.37765502929688
2015-06-12,86.37765502929688
2015-06-15,86.51673889160156
2015-06-16,87.19786071777344
2015-06-17,86.5240707397461
2015-06-18,86.09931945800781
2015-06-19,87.20510864257812
2015-06-22,85.42559051513672
2015-06-23,84.91297912597656
2015-06-24,85.64530944824219
2015-06-25,85.34502410888672
2015-06-26,84.38570404052734
2015-06-29,86.6192626953125
2015-06-30,86.01879119873047
2015-07-01,84.8576431274414
2015-07-02,85.13655853271484
2015-07-06,86.71455383300781
2015-07-07,87.52919006347656
2015-07-08,88.28517150878906
2015-07-09,86.54572296142578
2015-07-10,85.17330169677734
2015-07-13,84.90907287597656
2015-07-14,85.18794250488281
2015-07-15,86.0906753540039
2015-07-16,86.68518829345703
2015-07-17,87.13288116455078
2015-07-20,86.76598358154297
2015-07-21,87.23567199707031
2015-07-22,87.77877044677734
2015-07-23,88.87230682373047
2015-07-24,89.09247589111328
2015-07-27,89.56957244873047
2015-07-28,88.9163589477539
2015-07-29,88.58606719970703
2015-07-30,89.26866912841797
2015-07-31,89.92921447753906
2015-08-03,90.87580871582031
2015-08-04,90.15502166748047
2015-08-05,89.4782943725586
2015-08-06,90.27267456054688
2015-08-07,91.45690155029297
2015-08-10,90.32418823242188
2015-08-11,91.75847625732422
2015-08-12,91.2582778930664
2015-08-13,90.96405029296875
2015-08-14,91.17742919921875
2015-08-17,91.58928680419922
2015-08-18,90.86844635009766
2015-08-19,91.7658462524414
2015-08-20,92.69259643554688
2015-08-21,92.97211456298828
2015-08-24,92.94268035888672
2015-08-25,91.44955444335938
2015-08-26,89.68424224853516
2015-08-27,89.73574829101562
2015-08-28,90.00054931640625
2015-08-31,89.30908203125
2015-09-01,89.95263671875
2015-09-02,89.17868041992188
2015-09-03,89.6135482788086
2015-09-04,90.43175506591797
2015-09-08,89.09757995605469
2015-09-09,89.52509307861328
2015-09-10,88.92070007324219
2015-09-11,89.4808578491211
2015-09-14,89.62094116210938
2015-09-15,87.9034194946289
2015-09-16,87.57173156738281
2015-09-17,88.64054870605469
2015-09-18,90.00418853759766
2015-09-21,88.537353515625
2015-09-22,89.76836395263672
2015-09-23,89.76099395751953
2015-09-24,90.37284851074219
2015-09-25,89.59148406982422
2015-09-28,91.1247329711914
2015-09-29,91.38270568847656
2015-09-30,91.0656967163086
2015-10-01,91.45426940917969
2015-10-02,92.00827026367188
2015-10-05,90.75994110107422
2015-10-06,91.15140533447266
2015-10-07,90.8485336303711
2015-10-08,90.08775329589844
2015-10-09,90.32408905029297
2015-10-12,91.01110076904297
2015-10-13,91.16620635986328
2015-10-14,91.96388244628906
2015-10-15,91.51335906982422
2015-10-16,91.54288482666016
2015-10-19,91.291748046875
2015-10-20,90.73039245605469
2015-10-21,91.63154602050781
2015-10-22,91.78668212890625
2015-10-23,91.0036849975586
2015-10-26,91.60936737060547
2015-10-27,91.83838653564453
2015-10-28,91.46904754638672
2015-10-29,90.01380157470703
2015-10-30,90.6934585571289
2015-11-02,90.27668762207031
2015-11-03,89.53633880615234
2015-11-04,89.64000701904297
2015-11-05,89.40313720703125
2015-11-06,88.09284210205078
2015-11-09,87.59683227539062
2015-11-10,87.85600280761719
2015-11-11,87.67089080810547
2015-11-12,88.09284210205078
2015-11-13,88.5962142944336
2015-11-16,88.51480865478516
2015-11-17,88.662841796875
2015-11-18,88.84793090820312
2015-11-19,89.44014739990234
2015-11-20,89.1662368774414
2015-11-23,89.44014739990234
2015-11-24,89.43274688720703
2015-11-25,89.64000701904297
2015-11-27,89.55117797851562
2015-11-30,89.90654754638672
2015-12-01,91.12091064453125
2015-12-02,91.15057373046875
2015-12-03,88.67283630371094
2015-12-04,89.4518051147461
2015-12-07,90.31970977783203
2015-12-08,90.36424255371094
2015-12-09,90.26783752441406
2015-12-10,90.38645935058594
2015-12-11,91.81082153320312
2015-12-14,90.62384033203125
2015-12-15,90.08979797363281
2015-12-16,89.89688110351562
2015-12-17,90.91323852539062
2015-12-18,91.41768646240234
2015-12-21,91.39539337158203
2015-12-22,90.7351303100586
2015-12-23,90.05265045166016
2015-12-24,90.56857299804688
2015-12-28,90.83618927001953
2015-12-29,89.32708740234375
2015-12-30,89.2378921508789
2015-12-31,89.63935089111328
2016-01-04,90.28608703613281
2016-01-05,89.92181396484375
2016-01-06,91.133544921875
2016-01-07,91.29712677001953
2016-01-08,91.70598602294922
2016-01-11,90.70240020751953
2016-01-12,92.0107650756836
2016-01-13,92.91775512695312
2016-01-14,92.04793548583984
2016-01-15,93.48271942138672
2016-01-19,93.19280242919922
2016-01-20,94.17405700683594
2016-01-21,93.53473663330078
2016-01-22,93.17790222167969
2016-01-25,93.68342590332031
2016-01-26,93.72804260253906
2016-01-27,93.70576477050781
2016-01-28,93.83953857421875
2016-01-29,94.63497924804688
2016-02-01,94.34526824951172
2016-02-02,96.09555053710938
2016-02-03,95.29862213134766
2016-02-04,95.76041412353516
2016-02-05,95.87214660644531
2016-02-08,97.93527221679688
2016-02-09,98.03948974609375
2016-02-10,98.90350341796875
2016-02-11,99.59619140625
2016-02-12,97.94268798828125
2016-02-16,96.90741729736328
2016-02-17,96.31157684326172
2016-02-18,97.49581146240234
2016-02-19,97.57768249511719
2016-02-22,97.52565002441406
2016-02-23,97.9203872680664
2016-02-24,97.72671508789062
2016-02-25,98.07670593261719
2016-02-26,97.1308822631836
2016-02-29,97.55538177490234
2016-03-01,95.83759307861328
2016-03-02,96.23309326171875
2016-03-03,96.58380889892578
2016-03-04,95.96450805664062
2016-03-07,95.93463897705078
2016-03-08,96.99422454833984
2016-03-09,96.40473175048828
2016-03-10,96.00923156738281
2016-03-11,95.03910827636719
2016-03-14,95.33761596679688
2016-03-15,95.42717742919922
2016-03-16,95.71073150634766
2016-03-17,96.10619354248047
2016-03-18,96.30772399902344
2016-03-21,95.56893157958984
2016-03-22,95.54656982421875
2016-03-23,96.62857818603516
2016-03-24,96.66588592529297
2016-03-28,96.79278564453125
2016-03-29,97.80762481689453
2016-03-30,96.77787780761719
2016-03-31,97.46436309814453
2016-04-01,97.7186279296875
2016-04-04,97.77842712402344
2016-04-05,98.84770202636719
2016-04-06,98.12986755371094
2016-04-07,99.34122467041016
2016-04-08,98.71307373046875
2016-04-11,98.58600616455078
2016-04-12,97.90553283691406
2016-04-13,98.24949645996094
2016-04-14,97.77842712402344
2016-04-15,98.61592102050781
2016-04-18,98.1897201538086
2016-04-19,97.8830795288086
2016-04-20,96.80632019042969
2016-04-21,96.23056030273438
2016-04-22,95.9837646484375
2016-04-25,95.58743286132812
2016-04-26,95.15375518798828
2016-04-27,96.1034164428711
2016-04-28,96.49974822998047
2016-04-29,96.7464828491211
2016-05-02,95.77240753173828
2016-05-03,96.978759765625
2016-05-04,97.51075744628906
2016-05-05,98.16259002685547
2016-05-06,97.74298858642578
2016-05-09,98.05024719238281
2016-05-10,98.05772399902344
2016-05-11,98.6121597290039
2016-05-12,98.16259002685547
2016-05-13,99.1141586303711
2016-05-16,98.25997924804688
2016-05-17,98.42483520507812
2016-05-18,97.02373504638672
2016-05-19,97.44331359863281
2016-05-20,97.51824188232422
2016-05-23,97.73552703857422
2016-05-24,97.3010025024414
2016-05-25,96.93380737304688
2016-05-26,97.43579864501953
2016-05-27,97.29345703125
2016-05-31,97.52574157714844
2016-06-01,97.92142486572266
2016-06-02,98.6271743774414
2016-06-03,100.03120422363281
2016-06-06,99.28788757324219
2016-06-07,99.5281753540039
2016-06-08,100.061279296875
2016-06-09,100.70694732666016
2016-06-10,101.19493103027344
2016-06-13,101.64545440673828
2016-06-14,101.57038116455078
2016-06-15,101.9608383178711
2016-06-16,102.45633697509766
2016-06-17,101.81815338134766
2016-06-20,100.72943115234375
2016-06-21,100.26395416259766
2016-06-22,100.42913055419922
2016-06-23,99.2803955078125
2016-06-24,101.9457778930664
2016-06-27,104.49105072021484
2016-06-28,104.7087173461914
2016-06-29,103.9054183959961
2016-06-30,104.288330078125
2016-07-01,105.73632049560547
2016-07-05,107.06018829345703
2016-07-06,107.23318481445312
2016-07-07,107.22566223144531
2016-07-08,108.01544952392578
2016-07-11,107.06771087646484
2016-07-12,105.3075942993164
2016-07-13,106.54872131347656
2016-07-14,104.99910736083984
2016-07-15,104.09651947021484
2016-07-18,103.9988021850586
2016-07-19,104.58544921875
2016-07-20,104.01376342773438
2016-07-21,104.22443389892578
2016-07-22,104.40493774414062
2016-07-25,104.32975006103516
2016-07-26,104.49520874023438
2016-07-27,105.79650115966797
2016-07-28,105.60083770751953
2016-07-29,106.48102569580078
2016-08-01,105.32647705078125
2016-08-02,104.2413558959961
2016-08-03,104.30169677734375
2016-08-04,105.0853500366211
2016-08-05,103.99267578125
2016-08-08,104.18867492675781
2016-08-09,105.21348571777344
2016-08-10,105.62042999267578
2016-08-11,104.67850494384766
2016-08-12,105.56007385253906
2016-08-15,104.56542205810547
2016-08-16,104.2865982055664
2016-08-17,104.91204833984375
2016-08-18,105.07780456542969
2016-08-19,104.52774810791016
2016-08-22,105.40943145751953
2016-08-23,105.5224380493164
2016-08-24,105.27379608154297
2016-08-25,104.87435913085938
2016-08-26,104.26395416259766
2016-08-29,105.65809631347656
2016-08-30,105.25110626220703
2016-08-31,105.40188598632812
2016-09-01,105.51812744140625
2016-09-02,104.65747833251953
2016-09-06,105.42002868652344
2016-09-07,105.3445053100586
2016-09-08,104.0233383178711
2016-09-09,102.30967712402344
2016-09-12,102.36243438720703
2016-09-13,101.1998519897461
2016-09-14,101.3509292602539
2016-09-15,100.91297149658203
2016-09-16,101.72834014892578
2016-09-19,101.39615631103516
2016-09-20,101.75099182128906
2016-09-21,102.57384490966797
2016-09-22,103.38920593261719
2016-09-23,103.2910385131836
2016-09-26,103.94786834716797
2016-09-27,104.71036529541016
2016-09-28,104.48387908935547
2016-09-29,104.74809265136719
2016-09-30,103.81195831298828
2016-10-03,103.4693832397461
2016-10-04,102.25926208496094
2016-10-05,101.7828369140625
2016-10-06,101.21556091308594
2016-10-07,101.28366088867188
2016-10-10,100.68612670898438
2016-10-11,100.4593276977539
2016-10-12,100.5576400756836
2016-10-13,100.93578338623047
2016-10-14,99.5215072631836
2016-10-17,100.15677642822266
2016-10-18,100.48199462890625
2016-10-19,100.5652084350586
2016-10-20,100.67107391357422
2016-10-21,100.82234954833984
2016-10-24,100.38368225097656
2016-10-25,100.64838409423828
2016-10-26,99.96772003173828
2016-10-27,98.87864685058594
2016-10-28,98.65930938720703
2016-10-31,99.26436614990234
2016-11-01,99.27191925048828
2016-11-02,99.70384216308594
2016-11-03,98.93851470947266
2016-11-04,99.82506561279297
2016-11-07,98.97638702392578
2016-11-08,98.57479858398438
2016-11-09,94.39204406738281
2016-11-10,92.99781799316406
2016-11-11,92.47494506835938
2016-11-14,91.92182922363281
2016-11-15,92.37645721435547
2016-11-16,93.2099838256836
2016-11-17,91.83846282958984
2016-11-18,91.57323455810547
2016-11-21,91.80058288574219
2016-11-22,91.77024841308594
2016-11-23,91.41412353515625
2016-11-25,91.55050659179688
2016-11-28,92.22489166259766
2016-11-29,92.6113510131836
2016-11-30,91.11103057861328
2016-12-01,90.14900970458984
2016-12-02,90.80958557128906
2016-12-05,90.71088409423828
2016-12-06,90.64253234863281
2016-12-07,91.41704559326172
2016-12-08,90.33885192871094
2016-12-09,89.21514892578125
2016-12-12,89.38211822509766
2016-12-13,89.70098876953125
2016-12-14,88.69879150390625
2016-12-15,89.14680480957031
2016-12-16,88.9417724609375
2016-12-19,89.89842987060547
2016-12-20,89.45047760009766
2016-12-21,89.84532928466797
2016-12-22,89.68468475341797
2016-12-23,89.86737060546875
2016-12-27,89.57809448242188
2016-12-28,90.23279571533203
2016-12-29,90.55249786376953
2016-12-30,90.68953704833984
2017-01-03,91.07781982421875
2017-01-04,91.42798614501953
2017-01-05,92.85916900634766
2017-01-06,92.00656127929688
2017-01-09,92.74497985839844
2017-01-10,92.68408203125
2017-01-11,92.99615478515625
2017-01-12,92.79063415527344
2017-01-13,92.34912109375
2017-01-17,93.31591033935547
2017-01-18,92.12071228027344
2017-01-19,91.4888687133789
2017-01-20,91.30613708496094
2017-01-23,92.2197265625
2017-01-24,91.58783721923828
2017-01-25,90.4383544921875
2017-01-26,90.74282836914062
2017-01-27,91.0701675415039
2017-01-30,90.79611206054688
2017-01-31,91.42798614501953
2017-02-01,90.8626480102539
2017-02-02,90.82453918457031
2017-02-03,90.78633117675781
2017-02-06,91.335693359375
2017-02-07,92.00704193115234
2017-02-08,93.25822448730469
2017-02-09,92.18254089355469
2017-02-10,92.1291275024414
2017-02-13,91.83920288085938
2017-02-14,91.17542266845703
2017-02-15,90.75585174560547
2017-02-16,91.25178527832031
2017-02-17,91.79344177246094
2017-02-21,91.63321685791016
2017-02-22,91.78583526611328
2017-02-23,92.06043243408203
2017-02-24,93.08273315429688
2017-02-27,92.53350067138672
2017-02-28,92.87675476074219
2017-03-01,91.32048034667969
2017-03-02,90.99179077148438
2017-03-03,91.22871398925781
2017-03-06,90.79302978515625
2017-03-07,90.51786041259766
2017-03-08,90.02867889404297
2017-03-09,89.3101806640625
2017-03-10,89.6235122680664
2017-03-13,89.05791473388672
2017-03-14,89.48597717285156
2017-03-15,90.57902526855469
2017-03-16,90.12042236328125
2017-03-17,90.6860580444336
2017-03-20,91.07584381103516
2017-03-21,91.83260345458984
2017-03-22,92.19950866699219
2017-03-23,92.06953430175781
2017-03-24,92.39828491210938
2017-03-27,92.81866455078125
2017-03-28,92.19950866699219
2017-03-29,92.74984741210938
2017-03-30,92.00078582763672
2017-03-31,92.26831817626953
2017-04-03,93.1989974975586
2017-04-04,92.69344329833984
2017-04-05,92.9769058227539
2017-04-06,92.83899688720703
2017-04-07,92.46365356445312
2017-04-10,92.89261627197266
2017-04-11,93.77351379394531
2017-04-12,94.28671264648438
2017-04-13,94.57779693603516
2017-04-17,94.28671264648438
2017-04-18,95.51997375488281
2017-04-19,94.99908447265625
2017-04-20,94.63141632080078
2017-04-21,94.63141632080078
2017-04-24,94.1641616821289
2017-04-25,93.03047180175781
2017-04-26,93.54371643066406
2017-04-27,93.5130386352539
2017-04-28,93.7198486328125
2017-05-01,92.94078063964844
2017-05-02,93.41670227050781
2017-05-03,93.47806549072266
2017-05-04,93.01754760742188
2017-05-05,93.10196685791016
2017-05-08,92.59535217285156
2017-05-09,92.58765411376953
2017-05-10,92.4802017211914
2017-05-11,92.4802017211914
2017-05-12,93.17872619628906
2017-05-15,92.9254150390625
2017-05-16,93.27079772949219
2017-05-17,94.62953186035156
2017-05-18,94.73695373535156
2017-05-19,94.95951843261719
2017-05-22,94.69857788085938
2017-05-23,94.06143951416016
2017-05-24,94.59110260009766
2017-05-25,94.62181091308594
2017-05-26,94.78302001953125
2017-05-30,95.251220703125
2017-05-31,95.48918151855469
2017-06-01,95.49918365478516
2017-06-02,96.6299819946289
2017-06-05,96.02996826171875
2017-06-06,96.55299377441406
2017-06-07,96.09151458740234
2017-06-08,95.83763122558594
2017-06-09,95.69149780273438
2017-06-12,95.66075897216797
2017-06-13,95.67610931396484
2017-06-14,97.15302276611328
2017-06-15,96.99919891357422
2017-06-16,97.19149780273438
2017-06-19,97.05301666259766
2017-06-20,97.92224884033203
2017-06-21,98.12223052978516
2017-06-22,98.33758544921875
2017-06-23,98.29146575927734
2017-06-26,98.66071319580078
2017-06-27,97.60688018798828
2017-06-28,97.28379821777344
2017-06-29,96.46839141845703
2017-06-30,96.245361328125
2017-07-03,95.93548583984375
2017-07-05,95.95858001708984
2017-07-06,95.1646728515625
2017-07-07,94.5942611694336
2017-07-10,94.73302459716797
2017-07-11,94.89485931396484
2017-07-12,95.55009460449219
2017-07-13,94.9488525390625
2017-07-14,95.06449127197266
2017-07-17,95.32653045654297
2017-07-18,96.15900421142578
2017-07-19,96.19755554199219
2017-07-20,96.47500610351562
2017-07-21,96.88359069824219
2017-07-24,96.50585174560547
2017-07-25,95.24945068359375
2017-07-26,95.40360260009766
2017-07-27,94.93342590332031
2017-07-28,95.49610900878906
2017-07-31,95.61176300048828
2017-08-01,96.28302764892578
2017-08-02,96.33707427978516
2017-08-03,97.33361053466797
2017-08-04,96.5070571899414
2017-08-07,96.6152114868164
2017-08-08,96.26758575439453
2017-08-09,96.79288482666016
2017-08-10,97.61944580078125
2017-08-11,97.66580200195312
2017-08-14,97.16362762451172
2017-08-15,96.7542495727539
2017-08-16,97.10960388183594
2017-08-17,97.8357162475586
2017-08-18,97.81256866455078
2017-08-21,98.05198669433594
2017-08-22,97.67347717285156
2017-08-23,98.33782196044922
2017-08-24,97.9747543334961
2017-08-25,98.35328674316406
2017-08-28,98.29147338867188
2017-08-29,98.60821533203125
2017-08-30,98.57733154296875
2017-08-31,98.87085723876953
2017-09-01,98.11457061767578
2017-09-05,99.67047119140625
2017-09-06,99.05900573730469
2017-09-07,100.07302856445312
2017-09-08,99.85627746582031
2017-09-11,98.66416931152344
2017-09-12,98.14555358886719
2017-09-13,97.75850677490234
2017-09-14,98.16102600097656
2017-09-15,98.19972229003906
2017-09-18,97.63465881347656
2017-09-19,97.39469146728516
2017-09-20,97.46435546875
2017-09-21,97.41016387939453
2017-09-22,97.6888198852539
2017-09-25,98.30036163330078
2017-09-26,98.1223373413086
2017-09-27,96.64386749267578
2017-09-28,96.35743713378906
2017-09-29,96.57414245605469
2017-10-02,96.39734649658203
2017-10-03,96.49040222167969
2017-10-04,96.4981460571289
2017-10-05,96.13359069824219
2017-10-06,95.86209869384766
2017-10-09,96.16461181640625
2017-10-10,96.31977081298828
2017-10-11,96.50587463378906
2017-10-12,96.9170150756836
2017-10-13,97.61509704589844
2017-10-16,97.54529571533203
2017-10-17,97.66936492919922
2017-10-18,97.02559661865234
2017-10-19,97.19622802734375
2017-10-20,96.16461181640625
2017-10-23,96.33525085449219
2017-10-24,95.738037109375
2017-10-25,95.28036499023438
2017-10-26,94.96239471435547
2017-10-27,95.59062194824219
2017-10-30,96.50587463378906
2017-10-31,96.53694152832031
2017-11-01,96.96680450439453
2017-11-02,97.394287109375
2017-11-03,97.65856170654297
2017-11-06,98.02388763427734
2017-11-07,98.43585205078125
2017-11-08,98.21821594238281
2017-11-09,97.93840026855469
2017-11-10,96.46150207519531
2017-11-13,96.66361236572266
2017-11-14,97.3165512084961
2017-11-15,98.37367248535156
2017-11-16,97.51863098144531
2017-11-17,98.24153137207031
2017-11-20,98.20269775390625
2017-11-21,98.51358795166016
2017-11-22,98.83229064941406
2017-11-24,98.56021881103516
2017-11-27,98.42031860351562
2017-11-28,98.55243682861328
2017-11-29,97.58086395263672
2017-11-30,97.25434875488281
2017-12-01,98.5667724609375
2017-12-04,98.61351776123047
2017-12-05,99.10416412353516
2017-12-06,99.4468994140625
2017-12-07,98.66802978515625
2017-12-08,98.67578887939453
2017-12-11,98.47332000732422
2017-12-12,98.4343490600586
2017-12-13,99.17431640625
2017-12-14,99.59488677978516
2017-12-15,99.96875
2017-12-18,99.05745697021484
2017-12-19,97.77233123779297
2017-12-20,96.6896743774414
2017-12-21,97.25320434570312
2017-12-22,97.38594055175781
2017-12-26,97.67475128173828
2017-12-27,98.94696807861328
2017-12-28,98.86109924316406
2017-12-29,99.01725006103516
2018-01-02,97.94786834716797
2018-01-03,98.41620635986328
2018-01-04,98.40059661865234
2018-01-05,98.11959838867188
2018-01-08,98.0571517944336
2018-01-09,96.74590301513672
2018-01-10,96.6288070678711
2018-01-11,97.02684783935547
2018-01-12,97.1907958984375
2018-01-16,97.59661865234375
2018-01-17,97.46394348144531
2018-01-18,96.55852508544922
2018-01-19,96.05125427246094
2018-01-22,96.14491271972656
2018-01-23,96.55852508544922
2018-01-24,96.03560638427734
2018-01-25,96.82392883300781
2018-01-26,96.46488189697266
2018-01-29,95.79368591308594
2018-01-30,95.23164367675781
2018-01-31,95.79368591308594
2018-02-01,94.40532684326172
2018-02-02,93.5293197631836
2018-02-05,94.41315460205078
2018-02-06,93.82656860351562
2018-02-07,92.9349136352539
2018-02-08,92.83317565917969
2018-02-09,92.24662017822266
2018-02-12,92.65331268310547
2018-02-13,93.06790924072266
2018-02-14,92.03543090820312
2018-02-15,92.34827423095703
2018-02-16,92.8488540649414
2018-02-20,92.44214630126953
2018-02-21,91.30801391601562
2018-02-22,91.581787109375
2018-02-23,92.39521789550781
2018-02-26,92.42650604248047
2018-02-27,92.29351043701172
2018-02-28,92.88016510009766
2018-03-01,93.51417541503906
2018-03-02,92.75396728515625
2018-03-05,92.5031967163086
2018-03-06,92.58936309814453
2018-03-07,92.48746490478516
2018-03-08,93.0204086303711
2018-03-09,92.40911865234375
2018-03-12,92.94204711914062
2018-03-13,93.41226196289062
2018-03-14,94.2352294921875
2018-03-15,94.2352294921875
2018-03-16,93.89824676513672
2018-03-19,93.6003646850586
2018-03-20,93.22418212890625
2018-03-21,93.3260726928711
2018-03-22,94.2508773803711
2018-03-23,94.18036651611328
2018-03-26,93.81983947753906
2018-03-27,94.82299041748047
2018-03-28,95.07381439208984
2018-03-29,95.53620147705078
2018-04-02,95.72469329833984
2018-04-03,94.98643493652344
2018-04-04,94.79007720947266
2018-04-05,94.08316040039062
2018-04-06,95.11209869384766
2018-04-09,95.26918029785156
2018-04-10,95.09637451171875
2018-04-11,95.43411254882812
2018-04-12,94.735107421875
2018-04-13,94.95500946044922
2018-04-16,94.98643493652344
2018-04-17,95.24559020996094
2018-04-18,94.48374938964844
2018-04-19,93.7140884399414
2018-04-20,93.03863525390625
2018-04-23,93.06221008300781
2018-04-24,92.63805389404297
2018-04-25,92.017578125
2018-04-26,92.6615982055664
2018-04-27,93.37631225585938
2018-04-30,93.54125213623047
2018-05-01,93.2043228149414
2018-05-02,93.10204315185547
2018-05-03,93.51924896240234
2018-05-04,93.66094207763672
2018-05-07,93.5113754272461
2018-05-08,93.42474365234375
2018-05-09,92.86589813232422
2018-05-10,93.61368560791016
2018-05-11,93.849853515625
2018-05-14,93.35391235351562
2018-05-15,92.29134368896484
2018-05-16,91.93708801269531
2018-05-17,91.47265625
2018-05-18,92.25984954833984
2018-05-21,92.30703735351562
2018-05-22,92.16537475585938
2018-05-23,92.83441925048828
2018-05-24,93.5743408203125
2018-05-25,94.15684509277344
2018-05-29,96.21910095214844
2018-05-30,95.57364654541016
2018-05-31,95.41622924804688
2018-06-01,94.9120864868164
2018-06-04,94.22566223144531
2018-06-05,94.44658660888672
2018-06-06,93.68126678466797
2018-06-07,94.58859252929688
2018-06-08,94.30461883544922
2018-06-11,94.1309814453125
2018-06-12,94.15463256835938
2018-06-13,94.10733032226562
2018-06-14,94.888427734375
2018-06-15,94.9751968383789
2018-06-18,94.888427734375
2018-06-19,95.44065856933594
2018-06-20,94.60437774658203
2018-06-21,95.10142517089844
2018-06-22,95.09352111816406
2018-06-25,95.30653381347656
2018-06-26,95.44065856933594
2018-06-27,96.340087890625
2018-06-28,96.36376190185547
2018-06-29,96.03242492675781
2018-07-02,95.95728302001953
2018-07-03,96.47125244140625
2018-07-05,96.74800109863281
2018-07-06,97.0643310546875
2018-07-09,96.43965148925781
2018-07-10,96.4317398071289
2018-07-11,96.80337524414062
2018-07-12,96.79546356201172
2018-07-13,97.0406265258789
2018-07-16,96.6373291015625
2018-07-17,96.4554214477539
2018-07-18,96.06796264648438
2018-07-19,96.67683410644531
2018-07-20,95.49071502685547
2018-07-23,94.31250762939453
2018-07-24,94.63672637939453
2018-07-25,94.4864730834961
2018-07-26,94.30464172363281
2018-07-27,94.46276092529297
2018-07-30,94.13856506347656
2018-07-31,94.65254974365234
2018-08-01,93.88142395019531
2018-08-02,94.0161361694336
2018-08-03,94.48372650146484
2018-08-06,94.5392074584961
2018-08-07,94.04783630371094
2018-08-08,94.14299011230469
2018-08-09,94.9354476928711
2018-08-10,95.62498474121094
2018-08-13,95.42684173583984
2018-08-14,95.21285247802734
2018-08-15,95.76760864257812
2018-08-16,95.7596664428711
2018-08-17,95.87854766845703
2018-08-20,96.52051544189453
2018-08-21,96.19559478759766
2018-08-22,96.5760269165039
2018-08-23,96.72657012939453
2018-08-24,96.91677856445312
2018-08-27,96.36199951171875
2018-08-28,95.78347778320312
2018-08-29,95.91024780273438
2018-08-30,96.11634063720703
2018-08-31,95.8944091796875
2018-09-04,95.33999633789062
2018-09-05,95.08582305908203
2018-09-06,95.43529510498047
2018-09-07,94.62509155273438
2018-09-10,94.97465515136719
2018-09-11,94.2518539428711
2018-09-12,94.47420501708984
2018-09-13,94.6172103881836
2018-09-14,94.16446685791016
2018-09-17,94.16446685791016
2018-09-18,93.17951965332031
2018-09-19,92.62348175048828
2018-09-20,93.05239868164062
2018-09-21,93.01268768310547
2018-09-24,92.77439880371094
2018-09-25,92.67911529541016
2018-09-26,93.33039855957031
2018-09-27,93.39398956298828
2018-09-28,93.14768981933594
2018-10-01,92.46392059326172
2018-10-02,93.02909088134766
2018-10-03,91.4130630493164
2018-10-04,90.76822662353516
2018-10-05,89.9881362915039
2018-10-08,89.68562316894531
2018-10-09,90.59313201904297
2018-10-10,90.34635925292969
2018-10-11,91.44490051269531
2018-10-12,91.12651824951172
2018-10-15,91.0866928100586
2018-10-16,91.29367065429688
2018-10-17,90.75235748291016
2018-10-18,90.72049713134766
2018-10-19,90.52146911621094
2018-10-22,90.4020767211914
2018-10-23,90.68864440917969
2018-10-24,91.37326049804688
2018-10-25,90.99115753173828
2018-10-26,91.54044342041016
2018-10-29,91.33348083496094
2018-10-30,90.87967681884766
2018-10-31,90.41800689697266
2018-11-01,90.50174713134766
2018-11-02,89.37659454345703
2018-11-05,89.72770690917969
2018-11-06,89.67185974121094
2018-11-07,89.79155731201172
2018-11-08,89.78355407714844
2018-11-09,90.45388793945312
2018-11-12,91.04444885253906
2018-11-13,90.98853302001953
2018-11-14,91.04444885253906
2018-11-15,91.00455474853516
2018-11-16,91.53121185302734
2018-11-19,91.78655242919922
2018-11-20,91.81849670410156
2018-11-21,91.78655242919922
2018-11-23,91.8823013305664
2018-11-26,91.67481994628906
2018-11-27,91.7785873413086
2018-11-28,91.3316650390625
2018-11-29,91.69080352783203
2018-11-30,92.03392028808594
2018-12-03,92.68740844726562
2018-12-04,94.23918151855469
2018-12-06,94.53507232666016
2018-12-07,94.7110595703125
2018-12-10,95.1030044555664
2018-12-11,95.08702087402344
2018-12-12,94.6630630493164
2018-12-13,94.43912506103516
2018-12-14,94.7670669555664
2018-12-17,95.31892395019531
2018-12-18,95.88980102539062
2018-12-19,97.15657043457031
2018-12-20,96.80378723144531
2018-12-21,96.78777313232422
2018-12-24,97.26881408691406
2018-12-26,96.2265396118164
2018-12-27,96.2425765991211
2018-12-28,97.0523681640625
2018-12-31,97.42113494873047
2019-01-02,97.93427276611328
2019-01-03,99.0487060546875
2019-01-04,97.90220642089844
2019-01-07,97.61359405517578
2019-01-08,97.35700225830078
2019-01-09,97.20469665527344
2019-01-10,96.57929992675781
2019-01-11,96.95614624023438
2019-01-14,96.5953598022461
2019-01-15,96.2425765991211
2019-01-16,96.33882141113281
2019-01-17,96.36283111572266
2019-01-18,95.85770416259766
2019-01-22,96.50714874267578
2019-01-23,96.46707916259766
2019-01-24,97.10047912597656
2019-01-25,96.63543701171875
2019-01-28,96.53923797607422
2019-01-29,97.02827453613281
2019-01-30,96.95614624023438
2019-01-31,97.78999328613281
2019-02-01,97.19935607910156
2019-02-04,96.76545715332031
2019-02-05,97.20740509033203
2019-02-06,97.25560760498047
2019-02-07,97.89847564697266
2019-02-08,98.3162841796875
2019-02-11,97.93060302734375
2019-02-12,97.68151092529297
2019-02-13,97.31182098388672
2019-02-14,97.8663330078125
2019-02-15,98.01897430419922
2019-02-19,98.26811218261719
2019-02-20,97.98680877685547
2019-02-21,97.11097717285156
2019-02-22,97.68952941894531
2019-02-25,97.4002456665039
2019-02-26,97.88241577148438
2019-02-27,96.7734603881836
2019-02-28,96.44400024414062
2019-03-01,95.55254364013672
2019-03-04,96.3014144897461
2019-03-05,96.50277709960938
2019-03-06,96.85713958740234
2019-03-07,97.48521423339844
2019-03-08,97.89588165283203
2019-03-11,97.60600280761719
2019-03-12,98.29048919677734
2019-03-13,98.10527038574219
2019-03-14,97.3966064453125
2019-03-15,98.04087829589844
2019-03-18,97.9844741821289
2019-03-19,97.76702880859375
2019-03-20,98.78971099853516
2019-03-21,99.00712585449219
2019-03-22,100.54521942138672
2019-03-25,100.70624542236328
2019-03-26,100.6337661743164
2019-03-27,101.5598373413086
2019-03-28,101.91415405273438
2019-03-29,101.81749725341797
2019-04-01,100.37133026123047
2019-04-02,100.55695343017578
2019-04-03,99.68531799316406
2019-04-04,99.96778869628906
2019-04-05,100.09689331054688
2019-04-08,99.7417984008789
2019-04-09,100.05656433105469
2019-04-10,100.2987060546875
2019-04-11,99.70956420898438
2019-04-12,98.99933624267578
2019-04-15,99.24950408935547
2019-04-16,98.6280746459961
2019-04-17,98.66845703125
2019-04-18,99.18496704101562
2019-04-22,98.70880889892578
2019-04-23,98.91864013671875
2019-04-24,99.72569274902344
2019-04-25,99.58040618896484
2019-04-26,99.91938018798828
2019-04-29,99.28179931640625
2019-04-30,99.79022216796875
2019-05-01,100.20188903808594
2019-05-02,99.72474670410156
2019-05-03,100.0077896118164
2019-05-06,100.28276062011719
2019-05-07,101.05103302001953
2019-05-08,100.61434173583984
2019-05-09,101.02679443359375
2019-05-10,100.8893051147461
2019-05-13,101.68186950683594
2019-05-14,101.38263702392578
2019-05-15,102.00537872314453
2019-05-16,101.66568756103516
2019-05-17,101.89208984375
2019-05-20,101.68186950683594
2019-05-21,101.52012634277344
2019-05-22,102.10240936279297
2019-05-23,103.25080108642578
2019-05-24,103.33976745605469
2019-05-28,104.08378601074219
2019-05-29,104.39918518066406
2019-05-30,105.2968978881836
2019-05-31,106.61514282226562
2019-06-03,107.32825469970703
2019-06-04,106.10457611083984
2019-06-05,105.50489807128906
2019-06-06,105.84525299072266
2019-06-07,106.76100158691406
2019-06-10,105.7561264038086
2019-06-11,105.82096862792969
2019-06-12,105.9019775390625
2019-06-13,106.26667022705078
2019-06-14,106.53413391113281
2019-06-17,106.72048950195312
2019-06-18,107.2553482055664
2019-06-19,107.40933227539062
2019-06-20,107.69296264648438
2019-06-21,106.5097885131836
2019-06-24,107.30398559570312
2019-06-25,107.63624572753906
2019-06-26,106.9473876953125
2019-06-27,107.70104217529297
2019-06-28,107.62812042236328
2019-07-01,107.37641143798828
2019-07-02,108.20462799072266
2019-07-03,108.97606658935547
2019-07-05,107.53067016601562
2019-07-08,107.67687225341797
2019-07-09,107.6362533569336
2019-07-10,107.04346466064453
2019-07-11,105.61441040039062
2019-07-12,105.73622131347656
2019-07-15,106.34518432617188
2019-07-16,106.02853393554688
2019-07-17,107.1734848022461
2019-07-18,107.18156433105469
2019-07-19,106.92985534667969
2019-07-22,107.13280487060547
2019-07-23,106.54817199707031
2019-07-24,107.01097106933594
2019-07-25,106.49944305419922
2019-07-26,106.7511978149414
2019-07-29,106.78366088867188
2019-07-30,107.04346466064453
2019-07-31,107.90420532226562
2019-08-01,110.04717254638672
2019-08-02,111.06422424316406
2019-08-05,112.98432159423828
2019-08-06,113.88735961914062
2019-08-07,113.92807006835938
2019-08-08,114.17213439941406
2019-08-09,113.94435119628906
2019-08-12,116.32012939453125
2019-08-13,115.92134857177734
2019-08-14,118.53302001953125
2019-08-15,119.85104370117188
2019-08-16,118.89104461669922
2019-08-19,117.19053649902344
2019-08-20,118.40287780761719
2019-08-21,117.61367797851562
2019-08-22,116.83262634277344
2019-08-23,118.75270080566406
2019-08-26,118.27267456054688
2019-08-27,120.09514617919922
2019-08-28,120.2496566772461
2019-08-29,119.79412078857422
2019-08-30,119.8266830444336
2019-09-03,119.98149108886719
2019-09-04,120.16082763671875
2019-09-05,117.98468017578125
2019-09-06,118.82416534423828
2019-09-09,116.71321868896484
2019-09-10,114.66753387451172
2019-09-11,114.46376037597656
2019-09-12,113.71390533447266
2019-09-13,111.28504943847656
2019-09-16,112.7032241821289
2019-09-17,113.31446838378906
2019-09-18,113.79539489746094
2019-09-19,114.13766479492188
2019-09-20,115.64546203613281
2019-09-23,115.62109375
2019-09-24,117.01477813720703
2019-09-25,115.30320739746094
2019-09-26,116.04492950439453
2019-09-27,116.33016967773438
2019-09-30,116.61543273925781
2019-10-01,116.96653747558594
2019-10-02,117.25226593017578
2019-10-03,118.32181549072266
2019-10-04,119.19548034667969
2019-10-07,118.20751190185547
2019-10-08,118.52593231201172
2019-10-09,117.8564453125
2019-10-10,116.10107421875
2019-10-11,114.66410827636719
2019-10-14,115.49687194824219
2019-10-15,114.10070037841797
2019-10-16,114.23949432373047
2019-10-17,113.9619140625
2019-10-18,113.9619140625
2019-10-21,113.10462188720703
2019-10-22,113.76594543457031
2019-10-23,113.88026428222656
2019-10-24,113.651611328125
2019-10-25,113.0964584350586
2019-10-28,112.06775665283203
2019-10-29,112.1412124633789
2019-10-30,113.7823257446289
2019-10-31,115.3172607421875
2019-11-01,114.96224975585938
2019-11-04,113.4491958618164
2019-11-05,112.17329406738281
2019-11-06,112.8520736694336
2019-11-07,110.8073959350586
2019-11-08,110.34120178222656
2019-11-11,110.41486358642578
2019-11-12,110.92191314697266
2019-11-13,111.64163970947266
2019-11-14,112.7948226928711
2019-11-15,112.67219543457031
2019-11-18,112.87661743164062
2019-11-19,113.81719970703125
2019-11-20,114.9949722290039
2019-11-21,114.27522277832031
2019-11-22,114.42244720458984
2019-11-25,114.75776672363281
2019-11-26,115.42852783203125
2019-11-27,115.09313201904297
2019-11-29,114.84779357910156
2019-12-02,113.31648254394531
2019-12-03,115.69248962402344
2019-12-04,114.53723907470703
2019-12-05,113.98014068603516
2019-12-06,113.3492660522461
2019-12-09,113.59506225585938
2019-12-10,113.60327911376953
2019-12-11,114.49630737304688
2019-12-12,112.61190795898438
2019-12-13,113.91460418701172
2019-12-16,112.89046478271484
2019-12-17,112.73478698730469
2019-12-18,111.80899810791016
2019-12-19,111.9878921508789
2019-12-20,112.13558959960938
2019-12-23,111.97148895263672
2019-12-24,112.29148864746094
2019-12-26,112.56231689453125
2019-12-27,112.68547821044922
2019-12-30,112.27510833740234
2019-12-31,111.1755142211914
2020-01-02,112.43099212646484
2020-01-03,114.1624984741211
2020-01-06,113.51423645019531
2020-01-07,112.95616912841797
2020-01-08,112.2094497680664
2020-01-09,112.60333251953125
2020-01-10,113.6044692993164
2020-01-13,113.25981903076172
2020-01-14,113.84244537353516
2020-01-15,114.597412109375
2020-01-16,114.23635864257812
2020-01-17,113.25981903076172
2020-01-21,114.44966888427734
2020-01-22,114.85177612304688
2020-01-23,115.65597534179688
2020-01-24,116.59146118164062
2020-01-27,118.40502166748047
2020-01-28,117.47769927978516
2020-01-29,118.62664794921875
2020-01-30,118.64295196533203
2020-01-31,119.72615814208984
2020-02-03,119.62913513183594
2020-02-04,118.01807403564453
2020-02-05,116.7276382446289
2020-02-06,117.25372314453125
2020-02-07,118.716796875
2020-02-10,119.04558563232422
2020-02-11,118.44561767578125
2020-02-12,117.84556579589844
2020-02-13,118.29753112792969
2020-02-14,118.81549835205078
2020-02-18,119.62913513183594
2020-02-19,119.6209945678711
2020-02-20,120.55806732177734
2020-02-21,121.68414306640625
2020-02-24,123.50067138671875
2020-02-25,124.15826416015625
2020-02-26,123.50067138671875
2020-02-27,124.8404769897461
2020-02-28,127.65987396240234
2020-03-02,126.72061157226562
2020-03-03,128.68797302246094
2020-03-04,127.32146453857422
2020-03-05,130.49075317382812
2020-03-06,137.2820281982422
2020-03-09,141.00283813476562
2020-03-10,133.7751922607422
2020-03-11,128.8526153564453
2020-03-12,129.65115356445312
2020-03-13,126.72061157226562
2020-03-16,134.92771911621094
2020-03-17,125.93035125732422
2020-03-18,118.8262939453125
2020-03-19,122.06141662597656
2020-03-20,131.23985290527344
2020-03-23,136.648193359375
2020-03-24,134.10450744628906
2020-03-25,133.7999267578125
2020-03-26,134.45855712890625
2020-03-27,138.04754638671875
2020-03-30,136.91156005859375
2020-03-31,135.8002471923828
2020-04-01,137.702880859375
2020-04-02,138.57676696777344
2020-04-03,138.9065399169922
2020-04-06,138.5438232421875
2020-04-07,137.09283447265625
2020-04-08,136.09535217285156
2020-04-09,136.34268188476562
2020-04-13,135.09793090820312
2020-04-14,135.06488037109375
2020-04-15,138.64276123046875
2020-04-16,140.2172088623047
2020-04-17,138.3377227783203
2020-04-20,139.45054626464844
2020-04-21,141.20645141601562
2020-04-22,139.76385498046875
2020-04-23,140.505859375
2020-04-24,140.8355255126953
2020-04-27,138.21401977539062
2020-04-28,139.80506896972656
2020-04-29,139.07965087890625
2020-04-30,137.45562744140625
2020-05-01,138.63270568847656
2020-05-04,137.98057556152344
2020-05-05,137.097412109375
2020-05-06,134.88519287109375
2020-05-07,137.13865661621094
2020-05-08,135.3556671142578
2020-05-11,134.29913330078125
2020-05-12,135.6775665283203
2020-05-13,136.6268768310547
2020-05-14,137.9640655517578
2020-05-15,137.609130859375
2020-05-18,134.58799743652344
2020-05-19,135.09153747558594
2020-05-20,135.49603271484375
2020-05-21,135.83445739746094
2020-05-22,136.65158081054688
2020-05-26,134.8191375732422
2020-05-27,134.571533203125
2020-05-28,134.0762939453125
2020-05-29,135.03370666503906
2020-06-01,134.12460327148438
2020-06-02,133.63699340820312
2020-06-03,131.8599853515625
2020-06-04,129.95077514648438
2020-06-05,129.0251007080078
2020-06-08,129.5210418701172
2020-06-09,130.99217224121094
2020-06-10,132.9344482421875
2020-06-11,135.447021484375
2020-06-12,134.14122009277344
2020-06-15,134.21554565429688
2020-06-16,132.157470703125
2020-06-17,132.7030487060547
2020-06-18,134.10806274414062
2020-06-19,134.21554565429688
2020-06-22,134.2321014404297
2020-06-23,133.3146514892578
2020-06-24,134.74447631835938
2020-06-25,135.13296508789062
2020-06-26,136.579345703125
2020-06-29,136.1495819091797
2020-06-30,135.4883270263672
2020-07-01,135.22525024414062
2020-07-02,135.36585998535156
2020-07-06,134.81143188476562
2020-07-07,136.7063751220703
2020-07-08,136.1602325439453
2020-07-09,138.32823181152344
2020-07-10,137.63311767578125
2020-07-13,138.08824157714844
2020-07-14,138.28688049316406
2020-07-15,137.6414031982422
2020-07-16,138.295166015625
2020-07-17,138.0054473876953
2020-07-20,138.3447723388672
2020-07-21,138.427490234375
2020-07-22,138.84124755859375
2020-07-23,140.4630889892578
2020-07-24,140.4548797607422
2020-07-27,139.93353271484375
2020-07-28,140.90167236328125
2020-07-29,140.6616668701172
2020-07-30,141.58848571777344
2020-07-31,141.49737548828125
2020-08-03,140.7849578857422
2020-08-04,142.12701416015625
2020-08-05,140.8844451904297
2020-08-06,141.67144775390625
2020-08-07,140.72698974609375
2020-08-10,140.09742736816406
2020-08-11,138.43234252929688
2020-08-12,137.17318725585938
2020-08-13,135.70697021484375
2020-08-14,135.17684936523438
2020-08-17,135.51641845703125
2020-08-18,136.4857177734375
2020-08-19,135.6324920654297
2020-08-20,136.8584747314453
2020-08-21,137.67849731445312
2020-08-24,137.4548797607422
2020-08-25,136.40286254882812
2020-08-26,135.88088989257812
2020-08-27,133.5697479248047
2020-08-28,133.47035217285156
2020-08-31,134.356689453125
2020-09-01,135.8934326171875
2020-09-02,137.18722534179688
2020-09-03,137.57699584960938
2020-09-04,134.96456909179688
2020-09-08,135.7940216064453
2020-09-09,135.4290771484375
2020-09-10,136.11737060546875
2020-09-11,136.4075927734375
2020-09-14,136.39935302734375
2020-09-15,136.06761169433594
2020-09-16,135.66122436523438
2020-09-17,136.07589721679688
2020-09-18,135.65296936035156
2020-09-21,136.34129333496094
2020-09-22,136.2333984375
2020-09-23,136.41592407226562
2020-09-24,136.93838500976562
2020-09-25,136.93838500976562
2020-09-28,136.54859924316406
2020-09-29,136.7061767578125
2020-09-30,135.3958740234375
2020-10-01,135.61920166015625
2020-10-02,135.1127471923828
2020-10-05,132.4727783203125
2020-10-06,133.18673706054688
2020-10-07,132.2154083251953
2020-10-08,132.9293670654297
2020-10-09,132.9044647216797
2020-10-12,133.32786560058594
2020-10-13,134.2825927734375
2020-10-14,134.58970642089844
2020-10-15,134.35728454589844
2020-10-16,133.9836883544922
2020-10-19,133.4772491455078
2020-10-20,132.2071533203125
2020-10-21,131.75050354003906
2020-10-22,130.38072204589844
2020-10-23,131.17764282226562
2020-10-26,132.3980255126953
2020-10-27,133.2863006591797
2020-10-28,133.41090393066406
2020-10-29,132.1157684326172
2020-10-30,130.81234741210938
2020-11-02,131.792236328125
2020-11-03,131.02757263183594
2020-11-04,133.86996459960938
2020-11-05,134.10263061523438
2020-11-06,132.48202514648438
2020-11-09,129.6978759765625
2020-11-10,128.9499969482422
2020-11-11,129.41529846191406
2020-11-12,131.61770629882812
2020-11-13,131.44322204589844
2020-11-16,131.12733459472656
2020-11-17,131.9834442138672
2020-11-18,132.36572265625
2020-11-19,133.0471649169922
2020-11-20,134.22727966308594
2020-11-23,133.61233520507812
2020-11-24,132.2825469970703
2020-11-25,131.87533569335938
2020-11-27,133.1551971435547
2020-11-30,132.98899841308594
2020-12-01,131.0281524658203
2020-12-02,129.98818969726562
2020-12-03,131.0364990234375
2020-12-04,129.11474609375
2020-12-07,130.27944946289062
2020-12-08,130.89498901367188
2020-12-09,130.4624786376953
2020-12-10,131.61878967285156
2020-12-11,132.0846710205078
2020-12-14,131.7186279296875
2020-12-15,131.27769470214844
2020-12-16,130.92832946777344
2020-12-17,130.58184814453125
2020-12-18,130.19039916992188
2020-12-21,130.70681762695312
2020-12-22,131.38131713867188
2020-12-23,130.47357177734375
2020-12-24,130.98988342285156
2020-12-28,131.0481719970703
2020-12-29,130.88160705566406
2020-12-30,131.1648406982422
2020-12-31,131.3563690185547
2021-01-04,131.1980743408203
2021-01-05,130.22377014160156
2021-01-06,127.5505142211914
2021-01-07,126.42630767822266
2021-01-08,126.01813507080078
2021-01-11,125.8099594116211
2021-01-12,125.71003723144531
2021-01-13,127.12578582763672
2021-01-14,125.93486785888672
2021-01-15,126.43457794189453
2021-01-19,126.84262084960938
2021-01-20,126.96757507324219
2021-01-21,126.07646942138672
2021-01-22,126.48461151123047
2021-01-25,127.9752426147461
2021-01-26,127.73371887207031
2021-01-27,128.05853271484375
2021-01-28,127.35061645507812
2021-01-29,126.58447265625
2021-02-01,126.73124694824219
2021-02-02,125.91409301757812
2021-02-03,124.79690551757812
2021-02-04,124.46333312988281
2021-02-05,123.42121887207031
2021-02-08,123.96317291259766
2021-02-09,124.05485534667969
2021-02-10,124.8802490234375
2021-02-11,124.19657135009766
2021-02-12,122.65413665771484
2021-02-16,120.78651428222656
2021-02-17,121.55351257324219
2021-02-18,121.06168365478516
2021-02-19,119.4525375366211
2021-02-22,118.54368591308594
2021-02-23,118.20191192626953
2021-02-24,117.426513671875
2021-02-25,115.50878143310547
2021-02-26,119.32740783691406
2021-03-01,117.75138854980469
2021-03-02,117.7597885131836
2021-03-03,116.4825439453125
2021-03-04,115.73124694824219
2021-03-05,115.9566650390625
2021-03-08,115.05511474609375
2021-03-09,116.64954376220703
2021-03-10,116.88321685791016
2021-03-11,116.04016876220703
2021-03-12,113.57757568359375
2021-03-15,114.24541473388672
2021-03-16,113.7862777709961
2021-03-17,112.93482208251953
2021-03-18,111.79119110107422
2021-03-19,112.48406982421875
2021-03-22,113.74459838867188
2021-03-23,114.77133178710938
2021-03-24,115.38899993896484
2021-03-25,114.47916412353516
2021-03-26,114.07843780517578
2021-03-29,113.11018371582031
2021-03-30,113.70283508300781
2021-03-31,113.0683822631836
2021-04-01,114.94498443603516
2021-04-05,114.4434585571289
2021-04-06,115.22085571289062
2021-04-07,114.41840362548828
2021-04-08,115.36298370361328
2021-04-09,114.94498443603516
2021-04-12,114.89485931396484
2021-04-13,115.75581359863281
2021-04-14,115.38804626464844
2021-04-15,117.3189926147461
2021-04-16,116.4078598022461
2021-04-19,116.07344055175781
2021-04-20,116.60845184326172
2021-04-21,116.84249114990234
2021-04-22,117.35242462158203
2021-04-23,117.0765609741211
2021-04-26,116.90943145751953
2021-04-27,115.88956451416016
2021-04-28,115.96481323242188
2021-04-29,115.6220932006836
2021-04-30,115.88956451416016
2021-05-03,115.95904541015625
2021-05-04,116.74597930908203
2021-05-05,116.9384765625
2021-05-06,117.13102722167969
2021-05-07,116.55342864990234
2021-05-10,115.37303924560547
2021-05-11,114.7200927734375
2021-05-12,113.5146255493164
2021-05-13,113.69043731689453
2021-05-14,114.75362396240234
2021-05-17,114.5108413696289
2021-05-18,114.21784973144531
2021-05-19,113.94158935546875
2021-05-20,114.87918090820312
2021-05-21,115.24752044677734
2021-05-24,115.6744155883789
2021-05-25,116.74597930908203
2021-05-26,116.5450439453125
2021-05-27,116.07625579833984
2021-05-28,115.89214324951172
2021-06-01,115.8660888671875
2021-06-02,116.13436889648438
2021-06-03,115.69844818115234
2021-06-04,117.2828598022461
2021-06-07,116.92241668701172
2021-06-08,117.74393463134766
2021-06-09,118.78355407714844
2021-06-10,119.49605560302734
2021-06-11,119.30325317382812
2021-06-14,118.38946533203125
2021-06-15,118.24700927734375
2021-06-16,118.14637756347656
2021-06-17,119.91526794433594
2021-06-18,122.17035675048828
2021-06-21,120.12484741210938
2021-06-22,120.41828918457031
2021-06-23,120.1080551147461
2021-06-24,120.30088806152344
2021-06-25,119.05175018310547
2021-06-28,120.27572631835938
2021-06-29,120.47698211669922
2021-06-30,121.01345825195312
2021-07-01,121.02020263671875
2021-07-02,121.7504653930664
2021-07-06,123.17750549316406
2021-07-07,124.26869201660156
2021-07-08,124.75558471679688
2021-07-09,123.00123596191406
2021-07-12,122.84172058105469
2021-07-13,121.90154266357422
2021-07-14,123.28658294677734
2021-07-15,124.64652252197266
2021-07-16,124.41146850585938
2021-07-19,127.1396255493164
2021-07-20,125.91399383544922
2021-07-21,124.319091796875
2021-07-22,125.49434661865234
2021-07-23,124.65485382080078
2021-07-26,124.28550720214844
2021-07-27,125.61178588867188
2021-07-28,125.62019348144531
2021-07-29,124.92350769042969
2021-07-30,125.51110076904297
2021-08-02,126.63065338134766
2021-08-03,126.69783782958984
2021-08-04,126.95835876464844
2021-08-05,126.31122589111328
2021-08-06,124.20173645019531
2021-08-09,123.75627899169922
2021-08-10,123.18474578857422
2021-08-11,123.10911560058594
2021-08-12,122.9074478149414
2021-08-13,124.84882354736328
2021-08-16,125.15139770507812
2021-08-17,125.10098266601562
2021-08-18,125.52120208740234
2021-08-19,126.44569396972656
2021-08-20,126.52970886230469
2021-08-23,126.44569396972656
2021-08-24,125.46240234375
2021-08-25,124.4201431274414
2021-08-26,124.76476287841797
2021-08-27,125.61368560791016
2021-08-30,125.94145202636719
2021-08-31,125.08417510986328
2021-09-01,125.29364776611328
2021-09-02,125.84072875976562
2021-09-03,124.69621276855469
2021-09-07,123.64432525634766
2021-09-08,124.4858169555664
2021-09-09,125.99217987060547
2021-09-10,124.8813247680664
2021-09-13,125.63873291015625
2021-09-14,127.1618881225586
2021-09-15,126.71587371826172
2021-09-16,126.13521575927734
2021-09-17,125.52932739257812
2021-09-20,127.08609771728516
2021-09-21,126.97676849365234
2021-09-22,127.734130859375
2021-09-23,124.84769439697266
2021-09-24,123.62752532958984
2021-09-27,123.17308044433594
2021-09-28,121.2544174194336
2021-09-29,121.46478271484375
2021-09-30,121.44795227050781
2021-10-01,122.47003173828125
2021-10-04,122.15829467773438
2021-10-05,120.9786376953125
2021-10-06,121.66112518310547
2021-10-07,120.38887023925781
2021-10-08,119.5462417602539
2021-10-11,119.2428970336914
2021-10-12,121.281982421875
2021-10-13,122.4616470336914
2021-10-14,122.91664123535156
2021-10-15,122.20036315917969
2021-10-18,122.7733383178711
2021-10-19,121.07975769042969
2021-10-20,120.26240539550781
2021-10-21,120.11917877197266
2021-10-22,121.44207000732422
2021-10-25,121.25662994384766
2021-10-26,122.25939178466797
2021-10-27,124.48381042480469
2021-10-28,124.06253814697266
2021-10-29,124.44165802001953
2021-11-01,123.54571533203125
2021-11-02,124.09407043457031
2021-11-03,122.81171417236328
2021-11-04,124.1025619506836
2021-11-05,125.9585952758789
2021-11-08,125.72232818603516
2021-11-09,127.35907745361328
2021-11-10,125.03059387207031
2021-11-11,124.84495544433594
2021-11-12,124.29656982421875
2021-11-15,122.73577117919922
2021-11-16,122.42363739013672
2021-11-17,123.39388275146484
2021-11-18,123.85784912109375
2021-11-19,125.16553497314453
2021-11-22,123.6975326538086
2021-11-23,121.90902709960938
2021-11-24,123.86630249023438
2021-11-26,126.99626922607422
2021-11-29,125.97545623779297
2021-11-30,127.8905258178711
2021-12-01,128.67945861816406
2021-12-02,128.8400115966797
2021-12-03,130.3772735595703
2021-12-06,128.5866241455078
2021-12-07,127.54756164550781
2021-12-08,125.34294891357422
2021-12-09,126.04405212402344
2021-12-10,125.73998260498047
2021-12-13,127.59828186035156
2021-12-14,127.29422760009766
2021-12-15,126.06937408447266
2021-12-16,126.11851501464844
2021-12-17,127.54754638671875
2021-12-20,126.59194946289062
2021-12-21,126.11001586914062
2021-12-22,126.69351959228516
2021-12-23,125.59420013427734
2021-12-27,125.89860534667969
2021-12-28,125.39968872070312
2021-12-29,124.02975463867188
2021-12-30,125.06985473632812
2021-12-31,125.3150863647461
2022-01-03,122.0256118774414
2022-01-04,121.5181655883789
2022-01-05,120.85856628417969
2022-01-06,121.17145538330078
2022-01-07,120.30046081542969
2022-01-10,120.59640502929688
2022-01-11,121.3997573852539
2022-01-12,120.9346923828125
2022-01-13,122.00867462158203
2022-01-14,120.16517639160156
2022-01-18,118.47390747070312
2022-01-19,119.29413604736328
2022-01-20,120.02989196777344
2022-01-21,121.45901489257812
2022-01-24,120.46115112304688
2022-01-25,120.2666015625
2022-01-26,118.81214141845703
2022-01-27,120.99388122558594
2022-01-28,121.0361557006836
2022-01-31,120.41035461425781
2022-02-01,120.01073455810547
2022-02-02,120.41719055175781
2022-02-03,119.47721862792969
2022-02-04,117.7158432006836
2022-02-07,117.79206848144531
2022-02-08,117.00455474853516
2022-02-09,117.22467041015625
2022-02-10,115.36170196533203
2022-02-11,117.0722885131836
2022-02-14,115.6157455444336
2022-02-15,114.30318450927734
2022-02-16,114.9805679321289
2022-02-17,115.83587646484375
2022-02-18,117.05532836914062
2022-02-22,117.36016082763672
2022-02-23,115.74276733398438
2022-02-24,115.8189697265625
2022-02-25,115.90362548828125
2022-02-28,118.444091796875
2022-03-01,119.81350708007812
2022-03-02,115.71795654296875
2022-03-03,116.89663696289062
2022-03-04,118.9146957397461
2022-03-07,118.00739288330078
2022-03-08,116.82025909423828
2022-03-09,115.67559051513672
2022-03-10,114.01359558105469
2022-03-11,114.39522552490234
2022-03-14,111.72415161132812
2022-03-15,111.52919006347656
2022-03-16,112.62300109863281
2022-03-17,111.78356170654297
2022-03-18,113.14869689941406
2022-03-21,110.52860260009766
2022-03-22,109.1125259399414
2022-03-23,111.50370025634766
2022-03-24,110.63037109375
2022-03-25,109.0956039428711
2022-03-28,110.02832794189453
2022-03-29,110.85931396484375
2022-03-30,111.72415161132812
2022-03-31,111.99552917480469
2022-04-01,112.421875
2022-04-04,111.64056396484375
2022-04-05,109.11833953857422
2022-04-06,108.23511505126953
2022-04-07,107.41983032226562
2022-04-08,106.25638580322266
2022-04-11,104.57490539550781
2022-04-12,104.43050384521484
2022-04-13,104.6428451538086
2022-04-14,102.54521942138672
2022-04-18,102.03569793701172
2022-04-19,101.27137756347656
2022-04-20,103.30957794189453
2022-04-21,102.54521942138672
2022-04-22,101.89982604980469
2022-04-25,102.91889190673828
2022-04-26,103.95498657226562
2022-04-27,102.62165069580078
2022-04-28,102.77449798583984
2022-04-29,101.44124603271484
2022-05-02,99.68287658691406
2022-05-03,100.35489654541016
2022-05-04,100.9078369140625
2022-05-05,98.14311218261719
2022-05-06,96.69696807861328
2022-05-09,97.54766082763672
2022-05-10,98.43235778808594
2022-05-11,100.32936096191406
2022-05-12,100.14222717285156
2022-05-13,98.66205596923828
2022-05-16,98.5599594116211
2022-05-17,97.3690185546875
2022-05-18,99.44469451904297
2022-05-19,99.68287658691406
2022-05-20,100.81427001953125
2022-05-23,99.15544128417969
2022-05-24,101.11202239990234
2022-05-25,101.5118408203125
2022-05-26,101.0524673461914
2022-05-27,101.29917907714844
2022-05-31,99.15544128417969
2022-06-01,99.04212188720703
2022-06-02,99.09324645996094
2022-06-03,98.88019561767578
2022-06-06,97.05648803710938
2022-06-07,98.10469818115234
2022-06-08,97.23543548583984
2022-06-09,97.55928802490234
2022-06-10,96.95423889160156
2022-06-13,93.91188049316406
2022-06-14,92.72732543945312
2022-06-15,94.45730590820312
2022-06-16,95.20724487304688
2022-06-17,95.5140380859375
2022-06-21,93.89485168457031
2022-06-22,96.47698974609375
2022-06-23,97.2695541381836
2022-06-24,95.92305755615234
2022-06-27,95.10496520996094
2022-06-28,95.5481185913086
2022-06-29,97.0394515991211
2022-06-30,97.89163970947266
2022-07-01,98.89666748046875
2022-07-05,99.6737060546875
2022-07-06,98.00007629394531
2022-07-07,97.1376724243164
2022-07-08,96.06178283691406
2022-07-11,97.71831512451172
2022-07-12,98.29894256591797
2022-07-13,99.42607879638672
2022-07-14,98.6148681640625
2022-07-15,99.16990661621094
2022-07-18,98.13670349121094
2022-07-19,97.60730743408203
2022-07-20,97.86347198486328
2022-07-21,99.55413818359375
2022-07-22,101.22776794433594
2022-07-25,100.23727416992188
2022-07-26,100.3140869140625
2022-07-27,99.75054168701172
2022-07-28,100.54466247558594
2022-07-29,100.27143096923828
2022-08-01,102.6863021850586
2022-08-02,100.5135269165039
2022-08-03,102.09606170654297
2022-08-04,102.06183624267578
2022-08-05,99.63240814208984
2022-08-08,101.2406234741211
2022-08-09,100.84710693359375
2022-08-10,100.18843841552734
2022-08-11,97.85309600830078
2022-08-12,98.84538269042969
2022-08-15,98.7598648071289
2022-08-16,99.17046356201172
2022-08-17,98.1353988647461
2022-08-18,98.28082275390625
2022-08-19,96.69828033447266
2022-08-22,96.37322998046875
2022-08-23,95.84282684326172
2022-08-24,95.14137268066406
2022-08-25,96.46728515625
2022-08-26,97.19441223144531
2022-08-29,96.39030456542969
2022-08-30,96.62982177734375
2022-08-31,95.70596313476562
2022-09-01,93.95375061035156
2022-09-02,94.48524475097656
2022-09-06,92.14498901367188
2022-09-07,93.60231018066406
2022-09-08,92.64215850830078
2022-09-09,92.84790802001953
2022-09-12,92.0849609375
2022-09-13,92.29928588867188
2022-09-14,92.61646270751953
2022-09-15,92.55645751953125
2022-09-16,91.78496551513672
2022-09-19,91.99922180175781
2022-09-20,91.08199310302734
2022-09-21,92.60787963867188
2022-09-22,90.24187469482422
2022-09-23,90.61051940917969
2022-09-26,88.8788833618164
2022-09-27,86.5385971069336
2022-09-28,89.43608856201172
2022-09-29,88.97321319580078
2022-09-30,87.82447052001953
2022-10-03,89.21997833251953
2022-10-04,88.97076416015625
2022-10-05,88.12007141113281
2022-10-06,87.63026428222656
2022-10-07,86.7795639038086
2022-10-10,85.43049621582031
2022-10-11,85.80859375
2022-10-12,86.22962951660156
2022-10-13,85.40472412109375
2022-10-14,84.7000961303711
2022-10-17,84.28764343261719
2022-10-18,84.48529052734375
2022-10-19,82.9471435546875
2022-10-20,81.5293197631836
2022-10-21,80.0599365234375
2022-10-24,79.39830780029297
2022-10-25,81.7097396850586
2022-10-26,82.88699340820312
2022-10-27,83.75487518310547
2022-10-28,83.17916107177734
2022-10-31,82.58625030517578
2022-11-01,83.35804748535156
2022-11-02,82.99627685546875
2022-11-03,82.54834747314453
2022-11-04,81.16150665283203
2022-11-07,80.35176849365234
2022-11-08,81.23037719726562
2022-11-09,81.49742889404297
2022-11-10,84.63292694091797
2022-11-11,84.32284545898438
2022-11-14,84.11611938476562
2022-11-15,85.47711944580078
2022-11-16,87.34638214111328
2022-11-17,86.42465209960938
2022-11-18,85.8302993774414
2022-11-21,86.19209289550781
2022-11-22,87.41529846191406
2022-11-23,88.93999481201172
2022-11-25,88.63847351074219
2022-11-28,88.88826751708984
2022-11-29,87.8459701538086
2022-11-30,88.4920425415039
2022-12-01,91.31897735595703
2022-12-02,92.46736907958984
2022-12-05,91.17218017578125
2022-12-06,92.34649658203125
2022-12-07,94.52239990234375
2022-12-08,94.26335906982422
2022-12-09,91.81114959716797
2022-12-12,92.10475158691406
2022-12-13,92.99410247802734
2022-12-14,93.39128875732422
2022-12-15,93.75567626953125
2022-12-16,92.70838928222656
2022-12-19,91.15039825439453
2022-12-20,89.5318374633789
2022-12-21,89.75686645507812
2022-12-22,89.73954772949219
2022-12-23,88.4239501953125
2022-12-27,86.67552947998047
2022-12-28,86.16487884521484
2022-12-29,87.1429214477539
2022-12-30,86.17353820800781
2023-01-03,87.81803131103516
2023-01-04,89.0211181640625
2023-01-05,89.3933334350586
2023-01-06,91.0378646850586
2023-01-09,91.52256774902344
2023-01-10,90.00787353515625
2023-01-11,91.47064208984375
2023-01-12,93.27095031738281
2023-01-13,92.39676666259766
2023-01-17,91.7995376586914
2023-01-18,94.02397918701172
2023-01-19,93.43539428710938
2023-01-20,91.92072296142578
2023-01-23,91.48794555664062
2023-01-24,92.80358123779297
2023-01-25,93.02864074707031
2023-01-26,92.5958480834961
2023-01-27,92.36214447021484
2023-01-30,92.02461242675781
2023-01-31,92.76029968261719
2023-02-01,93.87539672851562
2023-02-02,93.99689483642578
2023-02-03,92.59107971191406
2023-02-06,91.90554809570312
2023-02-07,91.16793823242188
2023-02-08,91.60183715820312
2023-02-09,90.73405456542969
2023-02-10,89.71876525878906
2023-02-13,90.47371673583984
2023-02-14,90.26545715332031
2023-02-15,89.42373657226562
2023-02-16,88.15677642822266
2023-02-17,88.84233093261719
2023-02-21,87.11544036865234
2023-02-22,87.91381072998047
2023-02-23,88.77288055419922
2023-02-24,87.61878967285156
2023-02-27,87.86172485351562
2023-02-28,88.2608871459961
2023-03-01,87.31268310546875
2023-03-02,86.53850555419922
2023-03-03,88.63495635986328
2023-03-06,87.94775390625
2023-03-07,88.48710632324219
2023-03-08,88.57405853271484
2023-03-09,88.79155731201172
2023-03-10,91.85360717773438
2023-03-13,92.06242370605469
2023-03-14,90.54877471923828
2023-03-15,92.29727935791016
2023-03-16,91.57526397705078
2023-03-17,92.94971466064453
2023-03-20,92.13200378417969
2023-03-21,91.34037780761719
2023-03-22,92.55823516845703
2023-03-23,92.55823516845703
2023-03-24,92.94971466064453
2023-03-27,90.76622772216797
2023-03-28,90.93154907226562
2023-03-29,90.74884033203125
2023-03-30,91.16639709472656
2023-03-31,92.53215789794922
2023-04-03,92.96735382080078
2023-04-04,93.42958068847656
2023-04-05,94.40631866455078
2023-04-06,94.65052032470703
2023-04-10,93.12432098388672
2023-04-11,93.31620025634766
2023-04-12,93.22026062011719
2023-04-13,92.48768615722656
2023-04-14,91.6417465209961
2023-04-17,90.55159759521484
2023-04-18,90.8742904663086
2023-04-19,90.78705596923828
2023-04-20,91.563232421875
2023-04-21,91.04869842529297
2023-04-24,91.92955017089844
2023-04-25,93.28131866455078
2023-04-26,92.28707885742188
2023-04-27,91.37137603759766
2023-04-28,92.84524536132812
2023-05-01,90.16810607910156
2023-05-02,92.41510772705078
2023-05-03,92.93093872070312
2023-05-04,92.01292419433594
2023-05-05,91.7068862915039
2023-05-08,90.42166137695312
2023-05-09,90.09815216064453
2023-05-10,90.97248077392578
2023-05-11,91.93424224853516
2023-05-12,91.16481018066406
2023-05-15,90.22057342529297
2023-05-16,89.94953155517578
2023-05-17,89.68721771240234
2023-05-18,89.0227279663086
2023-05-19,88.39324951171875
2023-05-22,88.07847595214844
2023-05-23,88.33203125
2023-05-24,87.89488220214844
2023-05-25,87.67630004882812
2023-05-26,88.38448333740234
2023-05-30,89.26756286621094
2023-05-31,90.04569244384766
2023-06-01,90.39897918701172
2023-06-02,89.40837860107422
2023-06-05,89.2418212890625
2023-06-06,89.7677993774414
2023-06-07,88.43531799316406
2023-06-08,89.4697494506836
2023-06-09,89.34703826904297
2023-06-12,89.61000061035156
2023-06-13,88.72459411621094
2023-06-14,89.43466186523438
2023-06-15,90.2938003540039
2023-06-16,89.94313049316406
2023-06-20,90.56555938720703
2023-06-21,90.78470611572266
2023-06-22,89.68891906738281
2023-06-23,90.58309173583984
2023-06-26,90.67951202392578
2023-06-27,90.44281005859375
2023-06-28,90.82853698730469
2023-06-29,89.18921661376953
2023-06-30,90.24119567871094
2023-07-03,89.7296142578125
2023-07-05,88.8769760131836
2023-07-06,87.61996459960938
2023-07-07,87.09255981445312
2023-07-10,87.20683288574219
2023-07-11,87.65513610839844
2023-07-12,88.6308364868164
2023-07-13,89.56257629394531
2023-07-14,89.0351791381836
2023-07-17,89.07913970947266
2023-07-18,89.48347473144531
2023-07-19,90.49436950683594
2023-07-20,89.39556884765625
2023-07-21,89.42193603515625
2023-07-24,89.09672546386719
2023-07-25,88.92971801757812
2023-07-26,89.01762390136719
2023-07-27,87.28595733642578
2023-07-28,87.73424530029297
2023-07-31,87.94522094726562
2023-08-01,86.5040512084961
2023-08-02,85.57855987548828
2023-08-03,83.60411071777344
2023-08-04,85.08494567871094
2023-08-07,84.2475814819336
2023-08-08,85.2259750366211
2023-08-09,85.66670227050781
2023-08-10,84.25640869140625
2023-08-11,84.0624771118164
2023-08-14,83.87737274169922
2023-08-15,83.36613464355469
2023-08-16,82.7138671875
2023-08-17,82.361328125
2023-08-18,82.65218353271484
2023-08-21,81.55040740966797
2023-08-22,82.17622375488281
2023-08-23,84.21231079101562
2023-08-24,83.65703582763672
2023-08-25,83.93028259277344
2023-08-28,84.01840209960938
2023-08-29,84.89105224609375
2023-08-30,84.80288696289062
2023-08-31,85.18191528320312
2023-09-01,83.8548812866211
2023-09-05,82.67911529541016
2023-09-06,82.88240814208984
2023-09-07,83.11227416992188
2023-09-08,83.4305648803711
2023-09-11,82.82936096191406
2023-09-12,83.30677795410156
2023-09-13,83.28910827636719
2023-09-14,82.68791961669922
2023-09-15,82.18396759033203
2023-09-18,82.65255737304688
2023-09-19,82.04251861572266
2023-09-20,82.29890441894531
2023-09-21,80.18597412109375
2023-09-22,80.83136749267578
2023-09-25,78.84217834472656
2023-09-26,78.56812286376953
2023-09-27,78.16143798828125
2023-09-28,78.40013885498047
2023-09-29,78.40898132324219
2023-10-02,77.09640502929688
2023-10-03,75.43792724609375
2023-10-04,76.50218200683594
2023-10-05,76.1208267211914
2023-10-06,75.19847869873047
2023-10-09,76.96337127685547
2023-10-10,76.8569564819336
2023-10-11,78.46220397949219
2023-10-12,76.33369445800781
2023-10-13,77.6994857788086
2023-10-16,76.44895935058594
2023-10-17,75.60643768310547
2023-10-18,74.94129943847656
2023-10-19,73.40697479248047
2023-10-20,73.82381439208984
2023-10-23,74.71067810058594
2023-10-24,75.69514465332031
2023-10-25,74.01006317138672
2023-10-26,75.145263671875
2023-10-27,74.82600402832031
2023-10-30,74.48898315429688
2023-10-31,74.12535858154297
2023-11-01,75.7325668334961
2023-11-02,77.45901489257812
2023-11-03,77.98404693603516
2023-11-06,77.22762298583984
2023-11-07,78.3667221069336
2023-11-08,79.70162963867188
2023-11-09,77.86835479736328
2023-11-10,78.30442810058594
2023-11-13,78.12644958496094
2023-11-14,79.89740753173828
2023-11-15,78.77610778808594
2023-11-16,79.75501251220703
2023-11-17,80.12879180908203
2023-11-20,80.61824035644531
2023-11-21,80.5826416015625
2023-11-22,80.86741638183594
2023-11-24,79.91520690917969
2023-11-27,81.25007629394531
2023-11-28,81.41027069091797
2023-11-29,82.43367767333984
2023-11-30,81.4814682006836
2023-12-01,83.01611328125
2023-12-04,82.68577575683594
2023-12-05,84.46232604980469
2023-12-06,85.58719635009766
2023-12-07,85.09616088867188
2023-12-08,84.39984893798828
2023-12-11,84.22130584716797
2023-12-12,84.47126007080078
2023-12-13,86.45313262939453
2023-12-14,88.70207214355469
2023-12-15,88.80058288574219
2023-12-18,88.0930404663086
2023-12-19,88.56770324707031
2023-12-20,89.1677474975586
2023-12-21,88.6035385131836
2023-12-22,88.20050811767578
2023-12-26,88.45128631591797
2023-12-27,90.01860046386719
2023-12-28,89.36480712890625
2023-12-29,88.5587387084961
2024-01-02,88.04823303222656
2024-01-03,88.41545867919922
2024-01-04,87.072021484375
2024-01-05,86.23909759521484
2024-01-08,87.08993530273438
2024-01-09,86.53467559814453
2024-01-10,86.13163757324219
2024-01-11,86.61524200439453
2024-01-12,86.44508361816406
2024-01-16,84.92254638671875
2024-01-17,84.78816986083984
2024-01-18,84.00006103515625
2024-01-19,84.26872253417969
2024-01-22,84.770263671875
2024-01-23,84.09857177734375
2024-01-24,83.60597229003906
2024-01-25,84.15230560302734
2024-01-26,83.99108123779297
2024-01-29,84.9583511352539
2024-01-30,85.72859191894531
2024-01-31,86.57048797607422
2024-02-01,88.26864624023438
2024-02-02,86.31889343261719
2024-02-05,84.5757827758789
2024-02-06,85.40243530273438
2024-02-07,84.9891128540039
2024-02-08,84.49496459960938
2024-02-09,84.32421875
2024-02-12,84.42306518554688
2024-02-13,82.9764633178711
2024-02-14,83.39876556396484
2024-02-15,83.83007049560547
2024-02-16,83.34488677978516
2024-02-20,83.4167709350586
2024-02-21,82.82373809814453
2024-02-22,83.22807312011719
2024-02-23,84.34219360351562
2024-02-26,84.0905990600586
2024-02-27,83.49761199951172
2024-02-28,84.02774810791016
2024-02-29,84.6207504272461
2024-03-01,85.14801788330078
2024-03-04,84.80548858642578
2024-03-05,86.01327514648438
2024-03-06,86.51802825927734
2024-03-07,86.43688201904297
2024-03-08,86.2836685180664
2024-03-11,86.23858642578125
2024-03-12,85.5175552368164
2024-03-13,85.10293579101562
2024-03-14,83.79601287841797
2024-03-15,83.76897430419922
2024-03-18,83.51660919189453
2024-03-19,83.75096893310547
2024-03-20,83.72392272949219
2024-03-21,83.90416717529297
2024-03-22,84.70634460449219
2024-03-25,84.2827377319336
2024-03-26,84.51708984375
2024-03-27,85.35530853271484
2024-03-28,85.283203125
2024-04-01,83.69344329833984
2024-04-02,83.23224639892578
2024-04-03,83.21415710449219
2024-04-04,83.81098175048828
2024-04-05,82.6444320678711
2024-04-08,82.63539123535156
2024-04-09,83.40404510498047
2024-04-10,81.58641815185547
2024-04-11,81.21562957763672
2024-04-12,81.64970397949219
2024-04-15,80.3836669921875
2024-04-16,79.85013580322266
2024-04-17,80.73637390136719
2024-04-18,80.32942199707031
2024-04-19,80.61881256103516
2024-04-22,80.483154296875
2024-04-23,80.5102767944336
2024-04-24,79.94058227539062
2024-04-25,79.3798828125
2024-04-26,79.79586791992188
2024-04-29,80.46508026123047
2024-04-30,79.77778625488281
2024-05-01,80.36582946777344
2024-05-02,80.71068572998047
2024-05-03,81.52738952636719
2024-05-06,81.84503173828125
2024-05-07,82.34413146972656
2024-05-08,81.84503173828125
2024-05-09,82.24430847167969
2024-05-10,81.781494140625
2024-05-13,81.990234375
2024-05-14,82.4530258178711
2024-05-15,83.57830047607422
2024-05-16,83.49662780761719
2024-05-17,82.93399810791016
2024-05-20,82.68897247314453
2024-05-21,83.11548614501953
2024-05-22,83.21530151367188
2024-05-23,82.67990112304688
2024-05-24,82.92491912841797
2024-05-28,81.73611450195312
2024-05-29,80.74697875976562
2024-05-30,81.52738952636719
2024-05-31,82.08096313476562
2024-06-03,83.40857696533203
2024-06-04,84.38287353515625
2024-06-05,85.00208282470703
2024-06-06,84.87460327148438
2024-06-07,83.31752014160156
2024-06-10,82.76206970214844
2024-06-11,83.61800384521484
2024-06-12,84.24632263183594
2024-06-13,85.48468017578125
2024-06-14,86.20405578613281
2024-06-17,85.34811401367188
2024-06-18,86.13119506835938
2024-06-20,85.55752563476562
2024-06-21,85.55752563476562
2024-06-24,85.90354919433594
2024-06-25,86.04924011230469
2024-06-26,84.81997680664062
2024-06-27,85.15689849853516
2024-06-28,83.57249450683594
2024-07-01,82.13011932373047
2024-07-02,82.76954650878906
2024-07-03,83.8565673828125
2024-07-05,84.55078887939453
2024-07-08,84.73351287841797
2024-07-09,84.35897064208984
2024-07-10,84.62386322021484
2024-07-11,85.44600677490234
2024-07-12,85.8114242553711
2024-07-15,84.82485961914062
2024-07-16,86.02149963378906
2024-07-17,86.0397720336914
2024-07-18,85.38206481933594
2024-07-19,84.87965393066406
2024-07-22,84.63304138183594
2024-07-23,84.5142822265625
2024-07-24,83.60079956054688
2024-07-25,84.28590393066406
2024-07-26,84.94359588623047
2024-07-29,85.40032958984375
2024-07-30,85.72919464111328
2024-07-31,86.60610961914062
2024-08-01,87.35307312011719
2024-08-02,90.07511901855469
2024-08-05,90.55171966552734
2024-08-06,88.52620697021484
2024-08-07,87.9029769897461
2024-08-08,87.36223602294922
2024-08-09,88.2237777709961
2024-08-12,88.5445556640625
2024-08-13,89.15861511230469
2024-08-14,89.71768188476562
2024-08-15,88.99365234375
2024-08-16,89.30525970458984
2024-08-19,89.71768188476562
2024-08-20,90.43257141113281
2024-08-21,90.48755645751953
2024-08-22,89.58937072753906
2024-08-23,90.17594146728516
2024-08-26,89.94680786132812
2024-08-27,89.79100799560547
2024-08-28,89.6810302734375
2024-08-29,89.38774108886719
2024-08-30,88.43455505371094
2024-09-03,89.88091278076172
2024-09-04,91.03950500488281
2024-09-05,91.55441284179688
2024-09-06,91.54521942138672
2024-09-09,91.94060516357422
2024-09-10,92.58427429199219
2024-09-11,92.51070404052734
2024-09-12,92.07852935791016
2024-09-13,92.3268051147461
2024-09-16,93.1727523803711
2024-09-17,92.72217559814453
2024-09-18,91.57281494140625
2024-09-19,91.2693862915039
2024-09-20,90.91996765136719
2024-09-23,90.72689056396484
2024-09-24,90.7084732055664
2024-09-25,89.95449829101562
2024-09-26,90.16597747802734
2024-09-27,90.63491821289062
2024-09-30,90.20275115966797
2024-10-01,90.85401916503906
2024-10-02,90.08837890625
2024-10-03,89.23967742919922
2024-10-04,88.14196014404297
2024-10-07,87.47779083251953
2024-10-08,87.62539672851562
2024-10-09,87.12725067138672
2024-10-10,86.78594970703125
2024-10-11,86.43537902832031
2024-10-14,86.49996948242188
2024-10-15,87.55158233642578
2024-10-16,87.92056274414062
2024-10-17,86.52764129638672
2024-10-18,86.59221649169922
2024-10-21,85.07936096191406
2024-10-22,85.16239166259766
2024-10-23,84.93177795410156
2024-10-24,85.47602844238281
2024-10-25,84.99635314941406
2024-10-28,84.76571655273438
2024-10-29,84.8948745727539
2024-10-30,85.1439437866211
2024-10-31,85.28233337402344
2024-11-01,84.07997131347656
2024-11-04,85.38504791259766
2024-11-05,85.83856964111328
2024-11-06,83.48761749267578
2024-11-07,84.53350067138672
2024-11-08,85.60719299316406
2024-11-11,85.19068908691406
2024-11-12,83.91336822509766
2024-11-13,83.11738586425781
2024-11-14,83.59867858886719
2024-11-15,83.37654876708984
2024-11-18,83.52462768554688
2024-11-19,83.95038604736328
2024-11-20,83.68199157714844
2024-11-21,83.61717987060547
2024-11-22,83.66345977783203
2024-11-25,85.82933807373047
2024-11-26,85.49612426757812
2024-11-27,86.08849334716797
2024-11-29,86.97703552246094
2024-12-02,87.18601989746094
2024-12-03,86.43370819091797
2024-12-04,87.36248779296875
2024-12-05,87.53897857666016
2024-12-06,87.66901397705078
2024-12-09,86.86095428466797
2024-12-10,86.4522933959961
2024-12-11,85.63493347167969
2024-12-12,84.59468078613281
2024-12-13,83.73090362548828
2024-12-16,83.98169708251953
2024-12-17,84.18601989746094
2024-12-18,83.13334655761719
2024-12-19,81.87457275390625
2024-12-20,82.3407974243164
2024-12-23,81.58554077148438
2024-12-24,81.93053436279297
2024-12-26,81.88392639160156
2024-12-27,81.21258544921875
2024-12-30,81.86526489257812
2024-12-31,81.4270248413086
2025-01-02,81.65081787109375
2025-01-03,81.38973236083984
2025-01-06,81.02608489990234
2025-01-07,80.1123275756836
2025-01-08,80.21492004394531
2025-01-10,79.68341827392578
2025-01-13,79.65546417236328
2025-01-14,79.5249252319336
2025-01-15,80.89556884765625
2025-01-16,81.15663146972656
2025-01-17,81.2964859008789
2025-01-21,82.02378845214844
2025-01-22,81.59486389160156
2025-01-23,80.96083068847656
2025-01-24,81.324462890625
2025-01-27,82.28484344482422
2025-01-28,82.22889709472656
2025-01-29,82.0610580444336
2025-01-30,82.36875915527344
2025-01-31,81.82795715332031
2025-02-03,82.49420166015625
2025-02-04,82.74683380126953
2025-02-05,84.11302947998047
2025-02-06,84.0755844116211
2025-02-07,83.53287506103516
2025-02-10,83.28024291992188
2025-02-11,82.74683380126953
2025-02-12,81.62399291992188
2025-02-13,82.98080444335938
2025-02-14,83.42057800292969
2025-02-18,82.43805694580078
2025-02-19,82.54098510742188
2025-02-20,82.84978485107422
2025-02-21,83.85101318359375
2025-02-24,84.09432220458984
2025-02-25,85.54469299316406
2025-02-26,86.05000305175781
2025-02-27,85.44176483154297
2025-02-28,86.48979187011719
2025-03-03,86.89341735839844
2025-03-04,85.82332611083984
2025-03-05,85.13809967041016
2025-03-06,84.85650634765625
2025-03-07,84.58428192138672
2025-03-10,85.46663665771484
2025-03-11,84.85650634765625
2025-03-12,84.349609375
2025-03-13,85.09117126464844
2025-03-14,84.64059448242188
2025-03-17,85.06300354003906
2025-03-18,85.1474838256836
2025-03-19,85.58865356445312
2025-03-20,85.64497375488281
2025-03-21,85.13809967041016
2025-03-24,84.26512908935547
2025-03-25,84.25572967529297
2025-03-26,83.70191192626953
2025-03-27,83.45785522460938
2025-03-28,84.61244201660156
2025-03-31,85.44786834716797
2025-04-01,86.18830871582031
2025-04-02,86.13178253173828
2025-04-03,86.52743530273438
2025-04-04,87.46949768066406
2025-04-07,84.83177185058594
2025-04-08,83.23026275634766
2025-04-09,83.72013854980469
2025-04-10,81.41210174560547
2025-04-11,81.8548583984375
2025-04-14,82.4389419555664
2025-04-15,82.73098754882812
2025-04-16,83.19258117675781
2025-04-17,82.4577865600586
2025-04-21,81.0164566040039
2025-04-22,81.4686279296875
2025-04-23,82.25994110107422
2025-04-24,83.12663269042969
2025-04-25,83.73897552490234
2025-04-28,84.26652526855469
2025-04-29,84.97306823730469
2025-04-30,84.28536987304688
2025-05-01,83.85797882080078
2025-05-02,82.95030212402344
2025-05-05,82.48697662353516
2025-05-06,82.76118469238281
2025-05-07,83.11102294921875
2025-05-08,82.1844253540039
2025-05-09,82.3073501586914
2025-05-12,81.54145812988281
2025-05-13,81.21054077148438
2025-05-14,80.67159271240234
2025-05-15,81.3807373046875
2025-05-16,81.59819793701172
2025-05-19,81.36182403564453
2025-05-20,80.7756118774414
2025-05-21,79.39514923095703
2025-05-22,79.81118774414062
2025-05-23,79.94354248046875
2025-05-27,81.05924987792969
2025-05-28,80.70942687988281
2025-05-29,81.45636749267578
2025-05-30,81.57929229736328
2025-06-02,80.82008361816406
2025-06-03,80.67770385742188
2025-06-04,81.98738861083984
2025-06-05,82.04431915283203
2025-06-06,81.00038146972656
2025-06-09,81.08580017089844
2025-06-10,81.50336456298828
2025-06-11,81.7501220703125
2025-06-12,82.72762298583984
2025-06-13,81.9304428100586
2025-06-16,81.10476684570312
2025-06-17,82.09178924560547
2025-06-18,82.234130859375
2025-06-20,82.08229064941406
2025-06-23,82.34800720214844
2025-06-24,82.9458999633789
2025-06-25,83.05029296875
2025-06-26,83.4678726196289
2025-06-27,82.9364242553711
2025-06-30,83.75260162353516
2025-07-01,83.96025848388672
2025-07-02,83.42679595947266
2025-07-03,82.84573364257812
2025-07-07,82.05509185791016
2025-07-08,81.95030975341797
2025-07-09,82.80763244628906
2025-07-10,82.86478424072266
2025-07-11,81.72169494628906
2025-07-14,81.55022430419922
2025-07-15,80.97867584228516
2025-07-16,81.09300231933594
2025-07-17,81.07392120361328
2025-07-18,81.19776916503906
2025-07-21,81.92174530029297
2025-07-22,82.41705322265625
2025-07-23,81.95983123779297
2025-07-24,81.81694793701172
2025-07-25,82.33134460449219
2025-07-28,81.79788970947266
2025-07-29,83.17913818359375
2025-07-30,82.75048065185547
2025-07-31,82.79810333251953
2025-08-01,83.97521209716797
2025-08-04,84.20469665527344
2025-08-05,84.46287536621094
2025-08-06,83.97521209716797
2025-08-07,83.83177185058594
2025-08-08,83.46841430664062
2025-08-11,83.56404113769531
2025-08-12,83.14330291748047
2025-08-13,83.83177185058594
2025-08-14,83.21023559570312
2025-08-15,82.61738586425781
2025-08-18,82.37832641601562
2025-08-19,82.8564224243164
2025-08-20,83.03810119628906
2025-08-21,82.62694549560547
2025-08-22,83.2389144897461
2025-08-25,82.9998550415039
2025-08-26,82.9520492553711
2025-08-27,82.8564224243164
2025-08-28,83.40148162841797
2025-08-29,82.80862426757812
2025-09-02,82.19239044189453
2025-09-03,83.09466552734375
2025-09-04,83.72816467285156
2025-09-05,85.00475311279297
2025-09-08,86.13739776611328
2025-09-09,85.64786529541016
2025-09-10,86.13739776611328
2025-09-11,86.71331787109375
2025-09-12,86.33897399902344
2025-09-15,86.54054260253906
2025-09-16,86.72290802001953
2025-09-17,86.50215148925781
2025-09-18,85.60948181152344
2025-09-19,85.44628143310547
2025-09-22,85.13914489746094
2025-09-23,85.73424530029297
2025-09-24,85.40790557861328
2025-09-25,85.40790557861328
2025-09-26,85.33112335205078
2025-09-29,86.03181457519531
2025-09-30,85.7822494506836
2025-10-01,86.0037841796875
2025-10-02,86.25422668457031
2025-10-03,86.09046936035156
2025-10-06,85.40660858154297
2025-10-07,85.89784240722656
2025-10-08,85.96524810791016
2025-10-09,85.89784240722656
2025-10-10,87.28485107421875
2025-10-13,87.2366714477539
2025-10-14,87.5160140991211
2025-10-15,87.3233642578125
2025-10-16,87.97833251953125
2025-10-17,87.84349822998047
2025-10-20,88.18061065673828
2025-10-21,88.6140365600586
2025-10-22,88.67184448242188
2025-10-23,88.06502532958984
2025-10-24,88.10355377197266
2025-10-27,88.40214538574219
2025-10-28,88.63330841064453
2025-10-29,87.7375259399414
2025-10-30,87.22704315185547
2025-10-31,86.96697998046875
2025-11-03,86.74948120117188
2025-11-04,86.94281768798828
2025-11-05,85.99547576904297
2025-11-06,86.7688217163086
2025-11-07,86.58513641357422
2025-11-10,86.5658187866211
2025-11-11,86.962158203125
2025-11-12,87.11682891845703
2025-11-13,86.40147399902344
2025-11-14,85.90848541259766
2025-11-17,86.12115478515625
2025-11-18,86.0921401977539
2025-11-19,85.91813659667969
2025-11-20,86.25647735595703
2025-11-21,86.51748657226562
2025-11-24,87.01049041748047
2025-11-25,87.23281860351562
2025-11-26,87.61949920654297
2025-11-28,87.20382690429688
2025-12-01,86.11824035644531
2025-12-02,86.15705108642578
2025-12-03,86.39957427978516
2025-12-04,85.93392181396484
2025-12-05,85.53616333007812
2025-12-08,85.25482177734375
2025-12-09,85.3421401977539
2025-12-10,85.67198181152344
2025-12-11,85.55557250976562
2025-12-12,84.73095703125
2025-12-15,84.78916931152344
2025-12-16,85.25482177734375
2025-12-17,85.1772232055664
2025-12-18,85.58467102050781
2025-12-19,85.2652359008789
2025-12-22,85.0802001953125
2025-12-23,85.21654510498047
2025-12-24,85.73271179199219
2025-12-26,85.45028686523438
2025-12-29,85.77166748046875
2025-12-30,85.56714630126953
2025-12-31,84.88542938232422
2026-01-02,84.75880432128906
2026-01-05,85.1775894165039
2026-01-06,85.00228118896484
2026-01-07,85.49897003173828
2026-01-08,85.0704574584961
2026-01-09,85.63531494140625
2026-01-12,85.38209533691406
2026-01-13,85.52819061279297
2026-01-14,86.02489471435547
2026-01-15,86.0053939819336
2026-01-16,85.50870513916016
2026-01-20,84.38874053955078
2026-01-21,85.031494140625
2026-01-22,85.40157318115234
2026-01-23,85.63531494140625
2026-01-26,86.04435729980469
2026-01-27,85.50870513916016
2026-01-28,85.31393432617188
2026-01-29,85.33341217041016
2026-01-30,84.85619354248047
2026-02-02,84.61375427246094
2026-02-03,84.81903839111328
2026-02-04,84.60395812988281
2026-02-05,85.52294158935547
2026-02-06,85.58159637451172
2026-02-09,85.56204986572266
2026-02-10,86.54944610595703
2026-02-11,86.08995819091797
2026-02-12,87.23379516601562
2026-02-13,87.71282958984375
2026-02-17,87.85946655273438
2026-02-18,87.5270767211914
2026-02-19,87.61507415771484
2026-02-20,87.4097671508789
2026-02-23,87.73237609863281
2026-02-24,87.88880157470703
2026-02-25,87.8985824584961
2026-02-26,88.25052642822266
2026-02-27,88.78821563720703
2026-03-02,87.89659118652344
2026-03-03,87.72004699707031
2026-03-04,87.44539642333984
2026-03-05,87.09229278564453
2026-03-06,86.76860046386719
2026-03-09,87.52387237548828
2026-03-10,86.59202575683594
2026-03-11,85.47382354736328
2026-03-12,85.30707550048828
2026-03-13,84.88529968261719
2026-03-16,85.54248809814453
2026-03-17,85.77790069580078
2026-03-18,85.2972640991211
2026-03-19,85.817138671875
2026-03-20,84.18888092041016
2026-03-23,84.73816680908203
2026-03-24,84.36544036865234
2026-03-25,85.1795654296875
2026-03-26,84.4635238647461
2026-03-27,84.00251770019531
2026-03-30,85.12071228027344
2026-03-31,85.03243255615234
2026-04-01,84.94873046875
2026-04-02,85.47066497802734
2026-04-06,85.33280181884766
2026-04-07,85.32294464111328
2026-04-08,85.59868621826172
2026-04-09,85.38204193115234
2026-04-10,85.17523193359375
2026-04-13,85.4312744140625
2026-04-14,85.88428497314453
2026-04-15,85.51005554199219
2026-04-16,84.96842193603516
2026-04-17,85.74641418457031
2026-04-20,85.72671508789062
2026-04-21,85.25402069091797
2026-04-22,85.42142486572266
2026-04-23,85.23431396484375
2026-04-24,85.39188385009766
2026-04-27,84.96842193603516
2026-04-28,85.05704498291016
2026-04-29,84.39722442626953
2026-04-30,84.31845092773438
2026-05-01,84.61993408203125
2026-05-04,83.9774398803711
2026-05-05,84.44200897216797
2026-05-06,85.08448791503906
2026-05-07,84.65946960449219
2026-05-08,85.08448791503906
2026-05-11,84.57050323486328
2026-05-12,84.00708770751953
2026-05-13,83.81929779052734
2026-05-14,83.93790435791016
2026-05-15,82.6924819946289
2026-05-18,82.5936279296875
2026-05-19,82.05987548828125
2026-05-20,82.93959045410156
2026-05-21,83.24600219726562
2026-05-22,83.70068359375
2026-05-26,84.1158218383789
2026-05-27,84.31351470947266
2026-05-28,84.7484130859375
2026-05-29,84.76819610595703
2026-06-01,84.8138427734375
2026-06-02,84.9924545288086
2026-06-03,84.65506744384766
2026-06-04,84.8436050415039
2026-06-05,84.406982421875
2026-06-08,83.97036743164062
2026-06-09,84.4665298461914
2026-06-10,84.22836303710938
2026-06-11,85.31993103027344
2026-06-12,85.11153411865234
2026-06-15,85.06192016601562
2026-06-16,85.52831268310547
2026-06-17,85.66724395751953
2026-06-18,86.08401489257812
2026-06-22,85.4290771484375
2026-06-23,85.5382308959961
2026-06-24,86.70916748046875
2026-06-25,86.67940521240234
2026-06-26,86.6893310546875
2026-06-29,86.77864074707031
2026-06-30,85.75653839111328
2026-07-01,85.1768798828125
2026-07-02,85.16692352294922
2026-07-06,85.1071548461914
2026-07-07,84.21077728271484
2026-07-08,84.02153778076172
2026-07-09,84.15100860595703
2026-07-10,84.13109588623047
2026-07-13,83.63310241699219
2026-07-14,83.74266052246094
2026-07-15,83.90201568603516
2026-07-16,83.87213134765625
2026-07-17,84.1808853149414
2026-07-20,83.55342102050781
2026-07-21,83.32434844970703
2026-07-22,83.105224609375
2026-07-23,82.8363037109375
2026-07-24,82.91598510742188
2026-07-27,83.41397857666016
2026-07-28,83.90201568603516
2026-07-29,82.51759338378906
2026-07-30,82.4677963256836
2026-07-31,81.91999816894531
2026-08-03,82.19000244140625
2026-08-04,82.81999969482422
2026-08-05,83.0
2026-08-06,82.5199966430664
2026-08-07,82.76000213623047
2026-08-10,82.05999755859375
2026-08-11,82.19000244140625
2026-08-12,82.11000061035156
2026-08-13,82.58999633789062
