source_id,source_url,reason,detail
fraser_fomc_participant_archive,https://fraser.stlouisfed.org/title/statements-speeches-loretta-j-mester-9033/inflation-monetary-policy-six-research-questions-669838,OUTSIDE_QUALIFYING_POLICY_TENURE,Loretta J. Mester|2014-05-29|Inflation and Monetary Policy: Six Research Questions
fraser_fomc_participant_archive,https://fraser.stlouisfed.org/title/statements-speeches-mark-l-mullinix-9268/feds-interest-workforce-development-678769,OUTSIDE_QUALIFYING_POLICY_TENURE,Mark L. Mullinix|2018-04-24|The Fed's Interest in Workforce Development
atlanta_public_communications,https://www.atlantafed.org/news-and-events/speeches/2019/07/18/bostic-speaks-in-clarksville,EXCLUDED_EVENT_LISTING_WITHOUT_COMMUNICATION,"A Visit to Tennessee - July 18, 2019"
atlanta_public_communications,https://www.atlantafed.org/news-and-events/speeches/2020/04/20/johnson-pandemic-response,NO_IN_SCOPE_POLICYMAKER,Johnson Talks on Pandemic Response Webinar Series
atlanta_public_communications,https://www.atlantafed.org/news-and-events/speeches/2020/04/27/venable-devine-pandemic-webinar-financial-services,NO_IN_SCOPE_POLICYMAKER,"Venable and Devine Talk about Cash Processing, Other Financial Services"
atlanta_public_communications,https://www.atlantafed.org/news-and-events/speeches/2020/05/04/tkac-monetary-policy,KNOWN_GAP_FETCH_FAILED,HTTPError:Not Found
atlanta_public_communications,https://www.atlantafed.org/news-and-events/speeches/2020/05/07/stein-purviance-pandemic-webinar-housing-policies,NO_IN_SCOPE_POLICYMAKER,Stein and Purviance Talk about Housing Policies
atlanta_public_communications,https://www.atlantafed.org/news-and-events/speeches/2020/05/11/andreason-discusses-workforce,NO_IN_SCOPE_POLICYMAKER,Andreason Discusses Workforce
atlanta_public_communications,https://www.atlantafed.org/news-and-events/speeches/2020/05/21/leone-de-nie-survey-results,NO_IN_SCOPE_POLICYMAKER,Leone de Nie Shares National Survey Results
boston_public_communications,https://www.bostonfed.org/news-and-events/events/presidents-speeches/2023/0531.aspx,NO_IN_SCOPE_POLICYMAKER,Remarks at FedListens 2023: Transitioning to the Post-Pandemic Economy
boston_public_communications,https://www.bostonfed.org/news-and-events/events/presidents-speeches/2024/0228.aspx,NO_IN_SCOPE_POLICYMAKER,Remarks at the Tuck School of Business at Dartmouth College
boston_public_communications,https://www.bostonfed.org/news-and-events/events/presidents-speeches/2024/0305.aspx,NO_IN_SCOPE_POLICYMAKER,Remarks to the Retail Industry Leaders Association
boston_public_communications,https://www.bostonfed.org/news-and-events/events/presidents-speeches/2024/0405.aspx,NO_IN_SCOPE_POLICYMAKER,Welcoming Remarks at the “Conference on the Financial Stability Implications of Stablecoins”
boston_public_communications,https://www.bostonfed.org/news-and-events/events/presidents-speeches/2024/0618.aspx,NO_IN_SCOPE_POLICYMAKER,Remarks at the Lawrence Partnership’s 2024 Annual Meeting &amp; 10th Year Anniversary
boston_public_communications,https://www.bostonfed.org/news-and-events/events/presidents-speeches/2024/1008.aspx,NO_IN_SCOPE_POLICYMAKER,Remarks at the 23rd Annual Regional and Community Banker’s Conference
chicago_public_communications,https://www.chicagofed.org/events/2023/ag-conference,EXCLUDED_EVENT_LISTING_WITHOUT_COMMUNICATION,Midwest Agriculture Conference
chicago_public_communications,https://www.chicagofed.org/events/2023/community-bankers-symposium,EXCLUDED_EVENT_LISTING_WITHOUT_COMMUNICATION,Community Bankers Symposium
chicago_public_communications,https://www.chicagofed.org/events/2023/economic-outlook-symposium,EXCLUDED_EVENT_LISTING_WITHOUT_COMMUNICATION,Economic Outlook Symposium
chicago_public_communications,https://www.chicagofed.org/events/2024/ag-conference,EXCLUDED_EVENT_LISTING_WITHOUT_COMMUNICATION,Midwest Agriculture Conference
chicago_public_communications,https://www.chicagofed.org/events/2024/annual-community-bankers-symposium-18th,EXCLUDED_EVENT_LISTING_WITHOUT_COMMUNICATION,Community Banking: Navigating a Changing Landscape
chicago_public_communications,https://www.chicagofed.org/events/2024/chicago-payments-symposium,EXCLUDED_EVENT_LISTING_WITHOUT_COMMUNICATION,Chicago Payments Symposium
chicago_public_communications,https://www.chicagofed.org/events/2024/economic-outlook-symposium,EXCLUDED_EVENT_LISTING_WITHOUT_COMMUNICATION,38th Annual Economic Outlook Symposium
chicago_public_communications,https://www.chicagofed.org/events/2024/elder-financial-exploitation,EXCLUDED_EVENT_LISTING_WITHOUT_COMMUNICATION,"Preventing Elder Financial Exploitation: Research, Policies, and Strategies"
chicago_public_communications,https://www.chicagofed.org/events/2024/exploring-career-pathways,EXCLUDED_EVENT_LISTING_WITHOUT_COMMUNICATION,Exploring Career Pathways
chicago_public_communications,https://www.chicagofed.org/events/2024/fed-listens,EXCLUDED_EVENT_LISTING_WITHOUT_COMMUNICATION,"Fed Listens: Exploring Challenges Facing the Childcare Industry, Working Parents, and Employers"
chicago_public_communications,https://www.chicagofed.org/events/2024/financial-markets-group-fall-conference,EXCLUDED_EVENT_LISTING_WITHOUT_COMMUNICATION,Financial Markets Group Fall Conference
chicago_public_communications,https://www.chicagofed.org/events/2025/economic-outlook-symposium,EXCLUDED_EVENT_LISTING_WITHOUT_COMMUNICATION,2025 Economic Outlook Symposium
chicago_public_communications,https://www.chicagofed.org/events/2025/fed-listens,EXCLUDED_EVENT_LISTING_WITHOUT_COMMUNICATION,Fed Listens: Perspectives from the Midwest
chicago_public_communications,https://www.chicagofed.org/events/2025/midwest-agriculture-conference,EXCLUDED_EVENT_LISTING_WITHOUT_COMMUNICATION,2025 Midwest Agriculture Conference
chicago_public_communications,https://www.chicagofed.org/events/index,EXCLUDED_EVENT_LISTING_WITHOUT_COMMUNICATION,Events
chicago_public_communications,https://www.chicagofed.org/events/past-events,EXCLUDED_EVENT_LISTING_WITHOUT_COMMUNICATION,Past Events
chicago_public_communications,https://www.chicagofed.org/events/upcoming-events,EXCLUDED_EVENT_LISTING_WITHOUT_COMMUNICATION,Upcoming Events
chicago_public_communications,https://www.chicagofed.org/publications/speeches/2004/02-03-economic-outlook,OUTSIDE_COVERAGE,2004-02-03
chicago_public_communications,https://www.chicagofed.org/publications/speeches/2004/02-19-regional-and-national-economic-conditions,OUTSIDE_COVERAGE,2004-02-19
chicago_public_communications,https://www.chicagofed.org/publications/speeches/2004/03-22-economic-outlook,OUTSIDE_COVERAGE,2004-03-22
chicago_public_communications,https://www.chicagofed.org/publications/speeches/2004/04-01-jobless-recovery-puzzle,OUTSIDE_COVERAGE,2004-04-01
chicago_public_communications,https://www.chicagofed.org/publications/speeches/2004/04-15-opening-remarks,OUTSIDE_COVERAGE,2004-04-15
chicago_public_communications,https://www.chicagofed.org/publications/speeches/2004/04-23-economic-outlook,OUTSIDE_COVERAGE,2004-04-23
chicago_public_communications,https://www.chicagofed.org/publications/speeches/2004/04-26-euro-opening-remarks,OUTSIDE_COVERAGE,2004-04-26
chicago_public_communications,https://www.chicagofed.org/publications/speeches/2004/04-27-importance-of-personal-financial-management,OUTSIDE_COVERAGE,2004-04-27
chicago_public_communications,https://www.chicagofed.org/publications/speeches/2004/04-27-welcoming-remarks,OUTSIDE_COVERAGE,2004-04-27
chicago_public_communications,https://www.chicagofed.org/publications/speeches/2004/05-06-welcoming-remarks,OUTSIDE_COVERAGE,2004-05-06
chicago_public_communications,https://www.chicagofed.org/publications/speeches/2004/05-07-moskow-bank-structure-conference,OUTSIDE_COVERAGE,2004-05-07
chicago_public_communications,https://www.chicagofed.org/publications/speeches/2004/05-11-us-economic-outlook,OUTSIDE_COVERAGE,2004-05-11
chicago_public_communications,https://www.chicagofed.org/publications/speeches/2004/06-17-us-economic-outlook-economic-club-sheboygan,OUTSIDE_COVERAGE,2004-06-17
chicago_public_communications,https://www.chicagofed.org/publications/speeches/2004/07-23-us-economic-outlook,OUTSIDE_COVERAGE,2004-07-23
chicago_public_communications,https://www.chicagofed.org/publications/speeches/2004/11-16-wbbm,OUTSIDE_COVERAGE,2004-11-16
chicago_public_communications,https://www.chicagofed.org/publications/speeches/2004/11-19-job-loss,OUTSIDE_COVERAGE,2004-11-19
chicago_public_communications,https://www.chicagofed.org/publications/speeches/2004/11-5-cdfi,OUTSIDE_COVERAGE,2004-11-05
chicago_public_communications,https://www.chicagofed.org/publications/speeches/2004/12-07-hopi,OUTSIDE_COVERAGE,2004-12-07
chicago_public_communications,https://www.chicagofed.org/publications/speeches/2005/03-01-naswa,OUTSIDE_COVERAGE,2005-03-01
chicago_public_communications,https://www.chicagofed.org/publications/speeches/2005/03-04-mohimi,OUTSIDE_COVERAGE,2005-03-04
chicago_public_communications,https://www.chicagofed.org/publications/speeches/2005/03-09-iasc,OUTSIDE_COVERAGE,2005-03-09
chicago_public_communications,https://www.chicagofed.org/publications/speeches/2005/04-26-tech-commercialization,OUTSIDE_COVERAGE,2005-04-26
chicago_public_communications,https://www.chicagofed.org/publications/speeches/2005/05-05-welcoming-remarks,OUTSIDE_COVERAGE,2005-05-05
chicago_public_communications,https://www.chicagofed.org/publications/speeches/2005/05-06-conference-summary,OUTSIDE_COVERAGE,2005-05-06
chicago_public_communications,https://www.chicagofed.org/publications/speeches/2005/05-24-newman-lecture,OUTSIDE_COVERAGE,2005-05-24
chicago_public_communications,https://www.chicagofed.org/publications/speeches/2005/06-09-engaging-the-boardroom,OUTSIDE_COVERAGE,2005-06-09
chicago_public_communications,https://www.chicagofed.org/publications/speeches/2005/08-24-illinois-cpa-society,OUTSIDE_COVERAGE,2005-08-24
chicago_public_communications,https://www.chicagofed.org/publications/speeches/2005/09-07-fia-chicago,OUTSIDE_COVERAGE,2005-09-07
chicago_public_communications,https://www.chicagofed.org/publications/speeches/2005/09-26-nabe,OUTSIDE_COVERAGE,2005-09-26
chicago_public_communications,https://www.chicagofed.org/publications/speeches/2005/11-02-higher-ed,OUTSIDE_COVERAGE,2005-11-02
chicago_public_communications,https://www.chicagofed.org/publications/speeches/2005/11-15-outlook,OUTSIDE_COVERAGE,2005-11-15
chicago_public_communications,https://www.chicagofed.org/publications/speeches/2005/11-17-innovation-in-education,OUTSIDE_COVERAGE,2005-11-17
chicago_public_communications,https://www.chicagofed.org/publications/speeches/2005/11-21-outlook,OUTSIDE_COVERAGE,2005-11-21
chicago_public_communications,https://www.chicagofed.org/publications/speeches/2006/01-12-outlook,OUTSIDE_COVERAGE,2006-01-12
chicago_public_communications,https://www.chicagofed.org/publications/speeches/2006/02-09-rma-chicago,OUTSIDE_COVERAGE,2006-02-09
chicago_public_communications,https://www.chicagofed.org/publications/speeches/2006/02-28-pension-issues,OUTSIDE_COVERAGE,2006-02-28
chicago_public_communications,https://www.chicagofed.org/publications/speeches/2006/03-07-chicago-gsb,OUTSIDE_COVERAGE,2006-03-07
chicago_public_communications,https://www.chicagofed.org/publications/speeches/2006/03-08-mohimi-award,OUTSIDE_COVERAGE,2006-03-08
chicago_public_communications,https://www.chicagofed.org/publications/speeches/2006/04-04-central-counterparties,OUTSIDE_COVERAGE,2006-04-04
chicago_public_communications,https://www.chicagofed.org/publications/speeches/2006/04-06-eefc,OUTSIDE_COVERAGE,2006-04-06
chicago_public_communications,https://www.chicagofed.org/publications/speeches/2006/04-17-iowa,OUTSIDE_COVERAGE,2006-04-17
chicago_public_communications,https://www.chicagofed.org/publications/speeches/2006/04-18-auto-suppliers,OUTSIDE_COVERAGE,2006-04-18
chicago_public_communications,https://www.chicagofed.org/publications/speeches/2006/05-03-wilmette-rotary,OUTSIDE_COVERAGE,2006-05-03
chicago_public_communications,https://www.chicagofed.org/publications/speeches/2006/05-18-bsc-welcome,OUTSIDE_COVERAGE,2006-05-18
chicago_public_communications,https://www.chicagofed.org/publications/speeches/2006/06-02-lacc-luncheon,OUTSIDE_COVERAGE,2006-06-02
chicago_public_communications,https://www.chicagofed.org/publications/speeches/2006/08-22-mclean-county,OUTSIDE_COVERAGE,2006-08-22
chicago_public_communications,https://www.chicagofed.org/publications/speeches/2006/10-12-real-estate,OUTSIDE_COVERAGE,2006-10-12
chicago_public_communications,https://www.chicagofed.org/publications/speeches/2006/10-30-higher-ed,OUTSIDE_COVERAGE,2006-10-30
chicago_public_communications,https://www.chicagofed.org/publications/speeches/2006/11-06-outlook,OUTSIDE_COVERAGE,2006-11-06
chicago_public_communications,https://www.chicagofed.org/publications/speeches/2006/11-08-ball-state,OUTSIDE_COVERAGE,2006-11-08
chicago_public_communications,https://www.chicagofed.org/publications/speeches/2006/11-16-abm-top-mgmt-meeting,OUTSIDE_COVERAGE,2006-11-16
chicago_public_communications,https://www.chicagofed.org/publications/speeches/2006/12-01-carthage,OUTSIDE_COVERAGE,2006-12-01
chicago_public_communications,https://www.chicagofed.org/publications/speeches/2007/01-05-lera,OUTSIDE_COVERAGE,2007-01-05
chicago_public_communications,https://www.chicagofed.org/publications/speeches/2007/01-10-corridor,OUTSIDE_COVERAGE,2007-01-10
chicago_public_communications,https://www.chicagofed.org/publications/speeches/2007/02-06-cmap,OUTSIDE_COVERAGE,2007-02-06
chicago_public_communications,https://www.chicagofed.org/publications/speeches/2007/02-16-university-club-of-chicago,OUTSIDE_COVERAGE,2007-02-16
chicago_public_communications,https://www.chicagofed.org/publications/speeches/2007/03-01-nhs,OUTSIDE_COVERAGE,2007-03-01
chicago_public_communications,https://www.chicagofed.org/publications/speeches/2007/03-07-juf,OUTSIDE_COVERAGE,2007-03-07
chicago_public_communications,https://www.chicagofed.org/publications/speeches/2007/03-26-china,OUTSIDE_COVERAGE,2007-03-26
chicago_public_communications,https://www.chicagofed.org/publications/speeches/2007/03-27-china,OUTSIDE_COVERAGE,2007-03-27
chicago_public_communications,https://www.chicagofed.org/publications/speeches/2007/03-28-china,OUTSIDE_COVERAGE,2007-03-28
chicago_public_communications,https://www.chicagofed.org/publications/speeches/2007/05-10-welcoming-remarks,OUTSIDE_COVERAGE,2007-05-10
chicago_public_communications,https://www.chicagofed.org/publications/speeches/2007/05-17-welcoming-remarks,OUTSIDE_COVERAGE,2007-05-17
chicago_public_communications,https://www.chicagofed.org/publications/speeches/2007/06-11-welcoming-remarks,OUTSIDE_COVERAGE,2007-06-11
chicago_public_communications,https://www.chicagofed.org/publications/speeches/2007/06-12-welcoming-remarks,OUTSIDE_COVERAGE,2007-06-12
chicago_public_communications,https://www.chicagofed.org/publications/speeches/2007/07-19-gic-remarks,OUTSIDE_COVERAGE,2007-07-19
chicago_public_communications,https://www.chicagofed.org/publications/speeches/2007/10-22-uc-remarks,OUTSIDE_COVERAGE,2007-10-22
chicago_public_communications,https://www.chicagofed.org/publications/speeches/2007/11-27-fia-remarks,OUTSIDE_COVERAGE,2007-11-27
chicago_public_communications,https://www.chicagofed.org/publications/speeches/2008/02-14-cfa-remarks,OUTSIDE_COVERAGE,2008-02-14
chicago_public_communications,https://www.chicagofed.org/publications/speeches/2008/02-29-mpa-remarks,OUTSIDE_COVERAGE,2008-02-29
chicago_public_communications,https://www.chicagofed.org/publications/speeches/2008/03-26-nyabe-remarks,OUTSIDE_COVERAGE,2008-03-26
chicago_public_communications,https://www.chicagofed.org/publications/speeches/2008/05-12-harper,OUTSIDE_COVERAGE,2008-05-12
chicago_public_communications,https://www.chicagofed.org/publications/speeches/2008/08-15-mclean-speech,OUTSIDE_COVERAGE,2008-08-15
chicago_public_communications,https://www.chicagofed.org/publications/speeches/2008/10-17-fond-du-lac-speech,OUTSIDE_COVERAGE,2008-10-17
chicago_public_communications,https://www.chicagofed.org/publications/speeches/2008/11-21-indy-speech,OUTSIDE_COVERAGE,2008-11-21
chicago_public_communications,https://www.chicagofed.org/publications/speeches/2008/12-04-mba-speech,OUTSIDE_COVERAGE,2008-12-04
chicago_public_communications,https://www.chicagofed.org/publications/speeches/2008/9-19-snb-speech,NO_AUDITABLE_EVENT_DATE,Challenges that the Recent Financial Market Turmoil Places on our Macroeconomic Toolkit
chicago_public_communications,https://www.chicagofed.org/publications/speeches/2009/01-03-nabe-speech,OUTSIDE_COVERAGE,2009-01-03
chicago_public_communications,https://www.chicagofed.org/publications/speeches/2009/01-15-wba-speech,OUTSIDE_COVERAGE,2009-01-15
chicago_public_communications,https://www.chicagofed.org/publications/speeches/2009/02-11-iowa-speech,OUTSIDE_COVERAGE,2009-02-11
chicago_public_communications,https://www.chicagofed.org/publications/speeches/2009/02-18-rockford-speech,OUTSIDE_COVERAGE,2009-02-18
chicago_public_communications,https://www.chicagofed.org/publications/speeches/2009/03-24-cr-speech,OUTSIDE_COVERAGE,2009-03-24
chicago_public_communications,https://www.chicagofed.org/publications/speeches/2009/06-15-executivesclub,OUTSIDE_COVERAGE,2009-06-15
chicago_public_communications,https://www.chicagofed.org/publications/speeches/2009/07-01-eefc-speech,OUTSIDE_COVERAGE,2009-07-01
chicago_public_communications,https://www.chicagofed.org/publications/speeches/2009/07-08-ccstjoe-speech,OUTSIDE_COVERAGE,2009-07-08
chicago_public_communications,https://www.chicagofed.org/publications/speeches/2009/09-09-cfrny-speech,OUTSIDE_COVERAGE,2009-09-09
chicago_public_communications,https://www.chicagofed.org/publications/speeches/2009/09-11-fined-speech,OUTSIDE_COVERAGE,2009-09-11
chicago_public_communications,https://www.chicagofed.org/publications/speeches/2009/09-24-ibc-speech,OUTSIDE_COVERAGE,2009-09-24
chicago_public_communications,https://www.chicagofed.org/publications/speeches/2009/11-13-bof-speech,OUTSIDE_COVERAGE,2009-11-13
chicago_public_communications,https://www.chicagofed.org/publications/speeches/2010/01-13-corridor-speech,OUTSIDE_COVERAGE,2010-01-13
chicago_public_communications,https://www.chicagofed.org/publications/speeches/2010/03-04-cfa-speech,OUTSIDE_COVERAGE,2010-03-04
chicago_public_communications,https://www.chicagofed.org/publications/speeches/2010/03-09-nabe3-speech,OUTSIDE_COVERAGE,2010-03-09
chicago_public_communications,https://www.chicagofed.org/publications/speeches/2010/03-30-irrna-speech,OUTSIDE_COVERAGE,2010-03-30
chicago_public_communications,https://www.chicagofed.org/publications/speeches/2010/05-14-wesleyan-speech,OUTSIDE_COVERAGE,2010-05-14
chicago_public_communications,https://www.chicagofed.org/publications/speeches/2010/06-03-korea-speech,OUTSIDE_COVERAGE,2010-06-03
chicago_public_communications,https://www.chicagofed.org/publications/speeches/2010/06-08-ucc-speech,OUTSIDE_COVERAGE,2010-06-08
chicago_public_communications,https://www.chicagofed.org/publications/speeches/2010/08-24-indianapolis-speech,OUTSIDE_COVERAGE,2010-08-24
chicago_public_communications,https://www.chicagofed.org/publications/speeches/2010/09-01-reo-speech,OUTSIDE_COVERAGE,2010-09-01
chicago_public_communications,https://www.chicagofed.org/publications/speeches/2010/09-03-otc-speech,OUTSIDE_COVERAGE,2010-09-03
chicago_public_communications,https://www.chicagofed.org/publications/speeches/2010/09-23-international-conference-speech,OUTSIDE_COVERAGE,2010-09-23
chicago_public_communications,https://www.chicagofed.org/publications/speeches/2010/10-01-bank-of-france-speech,OUTSIDE_COVERAGE,2010-10-01
chicago_public_communications,https://www.chicagofed.org/publications/speeches/2010/10-16-boston-speech,OUTSIDE_COVERAGE,2010-10-16
chicago_public_communications,https://www.chicagofed.org/publications/speeches/2010/10-19-evanston-speech,OUTSIDE_COVERAGE,2010-10-19
chicago_public_communications,https://www.chicagofed.org/publications/speeches/2011/01-07-aea-denver,OUTSIDE_COVERAGE,2011-01-07
chicago_public_communications,https://www.chicagofed.org/publications/speeches/2011/02-17-rockford,OUTSIDE_COVERAGE,2011-02-17
chicago_public_communications,https://www.chicagofed.org/publications/speeches/2011/03-28-usc,OUTSIDE_COVERAGE,2011-03-28
chicago_public_communications,https://www.chicagofed.org/publications/speeches/2011/04-15-minsky,OUTSIDE_COVERAGE,2011-04-15
chicago_public_communications,https://www.chicagofed.org/publications/speeches/2011/05-19-global-corporate-treasurers,OUTSIDE_COVERAGE,2011-05-19
chicago_public_communications,https://www.chicagofed.org/publications/speeches/2011/09-07-dual-mandate,OUTSIDE_COVERAGE,2011-09-07
chicago_public_communications,https://www.chicagofed.org/publications/speeches/2011/10-17-11-mcee,OUTSIDE_COVERAGE,2011-10-17
chicago_public_communications,https://www.chicagofed.org/publications/speeches/2011/12-05-11-muncie,OUTSIDE_COVERAGE,2011-12-05
chicago_public_communications,https://www.chicagofed.org/publications/speeches/2012/01-11-12-lflb-rotary,NO_IN_SCOPE_POLICYMAKER,Managing Monetary Policy Risks
chicago_public_communications,https://www.chicagofed.org/publications/speeches/2012/01-13-12-indy-outlook,NO_IN_SCOPE_POLICYMAKER,Managing Monetary Policy Risks
chicago_public_communications,https://www.chicagofed.org/publications/speeches/2012/03-16-12-frankfurt,NO_IN_SCOPE_POLICYMAKER,Monetary Policy Communications and Forward Guidance
chicago_public_communications,https://www.chicagofed.org/publications/speeches/2012/03-22-12-brookings,NO_IN_SCOPE_POLICYMAKER,Macroeconomic Effects of FOMC Forward Guidance
chicago_public_communications,https://www.chicagofed.org/publications/speeches/2012/06-05-12-new-york-university,NO_IN_SCOPE_POLICYMAKER,Monetary Policy: Recurring Themes
chicago_public_communications,https://www.chicagofed.org/publications/speeches/2012/07-09-12-bangkok,NO_IN_SCOPE_POLICYMAKER,A Perspective on the Future of Monetary Policy and the Implications for Asia
chicago_public_communications,https://www.chicagofed.org/publications/speeches/2012/08-27-12-hongkong,NO_IN_SCOPE_POLICYMAKER,Some Thoughts on Global Risks and Monetary Policy
chicago_public_communications,https://www.chicagofed.org/publications/speeches/2012/09-18-12-ann-arbor,NO_IN_SCOPE_POLICYMAKER,Perspectives on Current Economic Issues
chicago_public_communications,https://www.chicagofed.org/publications/speeches/2012/09-26-12-hammond,NO_IN_SCOPE_POLICYMAKER,Perspectives on Current Economic Issues
chicago_public_communications,https://www.chicagofed.org/publications/speeches/2012/11-27-12-cdhowe,NO_IN_SCOPE_POLICYMAKER,Monetary Policy in Challenging Times
chicago_public_communications,https://www.chicagofed.org/publications/speeches/2013/01-14-13-aff,NO_IN_SCOPE_POLICYMAKER,Monetary Policy at the Zero Lower Bound
chicago_public_communications,https://www.chicagofed.org/publications/speeches/2013/02-28-13-cfa-desmoines,NO_IN_SCOPE_POLICYMAKER,Economic Conditions and Conditionality
chicago_public_communications,https://www.chicagofed.org/publications/speeches/2013/09-06-13-agfirst,NO_IN_SCOPE_POLICYMAKER,Are We There Yet?
chicago_public_communications,https://www.chicagofed.org/publications/speeches/2013/10-17-13-how-much-longer-university-wisconsin,NO_IN_SCOPE_POLICYMAKER,How Much Longer? (Only the Data Know)
chicago_public_communications,https://www.chicagofed.org/publications/speeches/2013/10-18-13-financial-stability-monetary-policy-fma-chicago,NO_IN_SCOPE_POLICYMAKER,"Financial Stability and Monetary Policy: Multiple Goals, Multiple Tools"
chicago_public_communications,https://www.chicagofed.org/publications/speeches/2013/11-13-13-national-community-development-conference-chicago,NO_IN_SCOPE_POLICYMAKER,Challenges and Hopes for the U.S. Economy
chicago_public_communications,https://www.chicagofed.org/publications/speeches/2014/01-15-14-themes-new-year,NO_IN_SCOPE_POLICYMAKER,Recurring Themes for the New Year
chicago_public_communications,https://www.chicagofed.org/publications/speeches/2014/02-04-14-detroit-economic-club-monetary-policy-macroprudential-safeguards,NO_IN_SCOPE_POLICYMAKER,Accommodative Monetary Policy and Macroprudential Safeguards
chicago_public_communications,https://www.chicagofed.org/publications/speeches/2014/03-28-14-thoughts-accommodative-policy-hong-kong,NO_IN_SCOPE_POLICYMAKER,"Thoughts on Accommodative Monetary Policy, Inflation and Financial Instability"
chicago_public_communications,https://www.chicagofed.org/publications/speeches/2023/august-1-chicago-business-week,NO_AUDITABLE_EVENT_DATE,Chicago’s Business Smart Week
chicago_public_communications,https://www.chicagofed.org/publications/speeches/2023/june-21-wsj-food-forum,NO_AUDITABLE_EVENT_DATE,The Wall Street Journal’s Global Food Forum
chicago_public_communications,https://www.chicagofed.org/publications/speeches/2023/may-16-financial-markets-conference,NO_AUDITABLE_EVENT_DATE,Atlanta Fed’s Financial Markets Conference
chicago_public_communications,https://www.chicagofed.org/publications/speeches/2023/sept-7-exploring-career-pathways,NO_AUDITABLE_EVENT_DATE,Fourth Annual Exploring Career Pathways in Economics and Related Fields Conference
chicago_public_communications,https://www.chicagofed.org/publications/speeches/2024/nov-21-central-indiana-corporate-partnership,NO_AUDITABLE_EVENT_DATE,Central Indiana Corporate Partnership Moderated Q&A
chicago_public_communications,https://www.chicagofed.org/publications/speeches/2024/sept-23-national-association-state-treasurers,NO_AUDITABLE_EVENT_DATE,National Association of State Treasurers Annual Conference
chicago_public_communications,https://www.chicagofed.org/publications/speeches/2025/april-10-austan-goolsbee-economic-club-new-york,NO_AUDITABLE_EVENT_DATE,Economic Club of New York
chicago_public_communications,https://www.chicagofed.org/publications/speeches/2025/april-23-austan-goolsbee-philadelphia-economic-mobility-summit,NO_AUDITABLE_EVENT_DATE,Philadelphia Economic Mobility Summit
chicago_public_communications,https://www.chicagofed.org/publications/speeches/2025/aug-13-monetary-policy-luncheon,NO_AUDITABLE_EVENT_DATE,"Regional Insight, National Impact: A Monetary Policy Luncheon with the Chicago Fed"
chicago_public_communications,https://www.chicagofed.org/publications/speeches/2025/dec-12-chicago-fed-annual-economic-outlook-symposium,NO_AUDITABLE_EVENT_DATE,Chicago Fed Annual Economic Outlook Symposium
chicago_public_communications,https://www.chicagofed.org/publications/speeches/2025/feb-20-chicagoland-chamber-of-commerce,NO_AUDITABLE_EVENT_DATE,Navigating the Year Ahead: A Conversation with Austan Goolsbee on the Midwest Economy
chicago_public_communications,https://www.chicagofed.org/publications/speeches/2025/feb-28-siepr-economic-summit,NO_AUDITABLE_EVENT_DATE,2025 SIEPR Economic Summit
chicago_public_communications,https://www.chicagofed.org/publications/speeches/2025/jan-15-midwest-economic-forecast,NO_AUDITABLE_EVENT_DATE,2025 Midwest Economic Forecast Forum Moderated Q&A
chicago_public_communications,https://www.chicagofed.org/publications/speeches/2025/june-2-quad-cities-business-journal,NO_AUDITABLE_EVENT_DATE,2025 Quad Cities Business Journal Mid-Year Economic Review
chicago_public_communications,https://www.chicagofed.org/publications/speeches/2025/june-23-milwaukee-business-journal,NO_AUDITABLE_EVENT_DATE,Milwaukee Business Journal Mid-Year Outlook 2025
chicago_public_communications,https://www.chicagofed.org/publications/speeches/2025/june-3-corridor-business-journal,NO_AUDITABLE_EVENT_DATE,2025 Corridor Business Journal Mid-Year Economic Review
chicago_public_communications,https://www.chicagofed.org/publications/speeches/2025/june-30-aspen-ideas-festival,NO_AUDITABLE_EVENT_DATE,Aspen Ideas Festival 2025
chicago_public_communications,https://www.chicagofed.org/publications/speeches/2025/oct-10-19th-annual-community-bankers-symposium,NO_AUDITABLE_EVENT_DATE,19th Annual Community Bankers Symposium
chicago_public_communications,https://www.chicagofed.org/publications/speeches/2025/sept-25-crains-power-breakfast,NO_AUDITABLE_EVENT_DATE,Crain’s Power Breakfast | The Fed and The Economy: Trends for West Michigan
chicago_public_communications,https://www.chicagofed.org/publications/speeches/2025/sept-30-midwest-agriculture-conference,NO_AUDITABLE_EVENT_DATE,Midwest Agriculture Conference
chicago_public_communications,https://www.chicagofed.org/publications/speeches/2026/apr-14-semafor-world-economy,NO_AUDITABLE_EVENT_DATE,Semafor World Economy 2026
chicago_public_communications,https://www.chicagofed.org/publications/speeches/2026/apr-7-detroit-economic-club,NO_AUDITABLE_EVENT_DATE,Detroit Economic Club: A Conversation on The Economy and Monetary Policy
chicago_public_communications,https://www.chicagofed.org/publications/speeches/2026/feb-19-joint-conference-financial-crises,NO_AUDITABLE_EVENT_DATE,2026 Joint Conference on Financial Crises
chicago_public_communications,https://www.chicagofed.org/publications/speeches/2026/feb-24-nabe-economic-policy-conference,NO_AUDITABLE_EVENT_DATE,42nd Annual NABE Economic Policy Conference
chicago_public_communications,https://www.chicagofed.org/publications/speeches/2026/jul-14-kenosha-business-alliance,NO_AUDITABLE_EVENT_DATE,Business Lunch | Kenosha Area Business Alliance
chicago_public_communications,https://www.chicagofed.org/publications/speeches/2026/june-25-chicago-council,NO_AUDITABLE_EVENT_DATE,Chicago Council on Global Affairs | Global Economy Dialogue Series
chicago_public_communications,https://www.chicagofed.org/publications/speeches/2026/mar-31-economic-mobility-project,NO_AUDITABLE_EVENT_DATE,Economic Mobility Project: Human Capital in a Time of Low Real Rates
chicago_public_communications,https://www.chicagofed.org/publications/speeches/2026/mar-5-foreign-policy-association-financial-services-dinner,NO_AUDITABLE_EVENT_DATE,2026 Foreign Policy Association Financial Services Dinner
chicago_public_communications,https://www.chicagofed.org/publications/speeches/2026/may-12-greater-rockford-chamber-commerce-luncheon,NO_AUDITABLE_EVENT_DATE,Greater Rockford Chamber of Commerce Luncheon
chicago_public_communications,https://www.chicagofed.org/publications/speeches/2026/may-27-bank-of-japan,NO_AUDITABLE_EVENT_DATE,Bank of Japan Institute for Monetary and Economic Studies Conference 2026
chicago_public_communications,https://www.chicagofed.org/publications/speeches/2026/may-6-milken-institute,NO_AUDITABLE_EVENT_DATE,Milken Institute Global Conference 2026
chicago_public_communications,https://www.chicagofed.org/publications/speeches/2026/may-8-hoover-institution-monetary-policy,NO_AUDITABLE_EVENT_DATE,Hoover Institution Monetary Policy Conference 2026
chicago_public_communications,https://www.chicagofed.org/publications/speeches/2026/sept-21-omfif,NO_AUDITABLE_EVENT_DATE,Monetary Policy in an Uncertain World
chicago_public_communications,https://www.chicagofed.org/publications/speeches/2026/sept-30-norc,NO_AUDITABLE_EVENT_DATE,Why Consumers and Economists See Different Economies
cleveland_public_communications,https://www.clevelandfed.org/collections/speeches/2012/sp-20121203-monetary-policy-from-there-to-here-to-where,NO_IN_SCOPE_POLICYMAKER,Monetary Policy: From There to Here to Where?
cleveland_public_communications,https://www.clevelandfed.org/collections/speeches/2014/sp-20140530-inflation-and-monetary-policy-six-research-questions,NO_IN_SCOPE_POLICYMAKER,Inflation and Monetary Policy: Six Research Questions
cleveland_public_communications,https://www.clevelandfed.org/collections/speeches/2020/sp-20200922-wright-mcgowan,NO_IN_SCOPE_POLICYMAKER,The Stakes Are High and There’re No Second Chances When It Comes to Preparing Students for Success
cleveland_public_communications,https://www.clevelandfed.org/collections/speeches/2022/sp-20221115-get-to-know-the-cleveland-feds-center-for-inflation-research,NO_IN_SCOPE_POLICYMAKER,Get to Know the Cleveland Fed’s Center for Inflation Research - YouTube
cleveland_public_communications,https://www.clevelandfed.org/collections/speeches/2024/sp-20131205-examining-the-post-recession-small-business-lending-environment,NO_IN_SCOPE_POLICYMAKER,Where Are We Now? Examining the Post-Recession Small Business Lending Environment
dallas_public_communications,https://www.dallasfed.org/news/speeches/fisher/2005/fs040609.aspx,OUTSIDE_COVERAGE,2004-06-09
dallas_public_communications,https://www.dallasfed.org/news/speeches/fisher/2005/fs050510.aspx,OUTSIDE_COVERAGE,2005-05-10
dallas_public_communications,https://www.dallasfed.org/news/speeches/fisher/2005/fs050614.aspx,OUTSIDE_COVERAGE,2005-06-14
dallas_public_communications,https://www.dallasfed.org/news/speeches/fisher/2005/fs050729.aspx,OUTSIDE_COVERAGE,2005-07-29
dallas_public_communications,https://www.dallasfed.org/news/speeches/fisher/2005/fs050912.aspx,OUTSIDE_COVERAGE,2005-09-12
dallas_public_communications,https://www.dallasfed.org/news/speeches/fisher/2005/fs051004.aspx,OUTSIDE_COVERAGE,2005-10-04
dallas_public_communications,https://www.dallasfed.org/news/speeches/fisher/2005/fs051006.aspx,OUTSIDE_COVERAGE,2005-10-06
dallas_public_communications,https://www.dallasfed.org/news/speeches/fisher/2005/fs051019.aspx,OUTSIDE_COVERAGE,2005-10-19
dallas_public_communications,https://www.dallasfed.org/news/speeches/fisher/2005/fs051103.aspx,OUTSIDE_COVERAGE,2005-11-03
dallas_public_communications,https://www.dallasfed.org/news/speeches/fisher/2005/fs051202.aspx,OUTSIDE_COVERAGE,2005-12-02
dallas_public_communications,https://www.dallasfed.org/news/speeches/fisher/2006/fs060106.aspx,OUTSIDE_COVERAGE,2006-01-06
dallas_public_communications,https://www.dallasfed.org/news/speeches/fisher/2006/fs060119.aspx,OUTSIDE_COVERAGE,2006-01-19
dallas_public_communications,https://www.dallasfed.org/news/speeches/fisher/2006/fs060206.aspx,OUTSIDE_COVERAGE,2006-02-06
dallas_public_communications,https://www.dallasfed.org/news/speeches/fisher/2006/fs060214.aspx,OUTSIDE_COVERAGE,2006-02-14
dallas_public_communications,https://www.dallasfed.org/news/speeches/fisher/2006/fs060223.aspx,OUTSIDE_COVERAGE,2006-02-23
dallas_public_communications,https://www.dallasfed.org/news/speeches/fisher/2006/fs060404.aspx,OUTSIDE_COVERAGE,2006-04-04
dallas_public_communications,https://www.dallasfed.org/news/speeches/fisher/2006/fs060405.aspx,OUTSIDE_COVERAGE,2006-04-05
dallas_public_communications,https://www.dallasfed.org/news/speeches/fisher/2006/fs060405sp.aspx,OUTSIDE_COVERAGE,2006-04-05
dallas_public_communications,https://www.dallasfed.org/news/speeches/fisher/2006/fs060411.aspx,OUTSIDE_COVERAGE,2006-04-11
dallas_public_communications,https://www.dallasfed.org/news/speeches/fisher/2006/fs060419.aspx,OUTSIDE_COVERAGE,2006-04-19
dallas_public_communications,https://www.dallasfed.org/news/speeches/fisher/2006/fs060419sp.aspx,OUTSIDE_COVERAGE,2006-04-19
dallas_public_communications,https://www.dallasfed.org/news/speeches/fisher/2006/fs060520.aspx,OUTSIDE_COVERAGE,2006-05-20
dallas_public_communications,https://www.dallasfed.org/news/speeches/fisher/2006/fs060522.aspx,OUTSIDE_COVERAGE,2006-05-22
dallas_public_communications,https://www.dallasfed.org/news/speeches/fisher/2006/fs060614.aspx,OUTSIDE_COVERAGE,2006-06-14
dallas_public_communications,https://www.dallasfed.org/news/speeches/fisher/2006/fs060816.aspx,OUTSIDE_COVERAGE,2006-08-16
dallas_public_communications,https://www.dallasfed.org/news/speeches/fisher/2006/fs060829.aspx,OUTSIDE_COVERAGE,2006-08-29
dallas_public_communications,https://www.dallasfed.org/news/speeches/fisher/2006/fs060830.aspx,OUTSIDE_COVERAGE,2006-08-30
dallas_public_communications,https://www.dallasfed.org/news/speeches/fisher/2006/fs060925.aspx,OUTSIDE_COVERAGE,2006-09-25
dallas_public_communications,https://www.dallasfed.org/news/speeches/fisher/2006/fs060925sp.aspx,OUTSIDE_COVERAGE,2006-09-25
dallas_public_communications,https://www.dallasfed.org/news/speeches/fisher/2006/fs061010.aspx,OUTSIDE_COVERAGE,2006-10-10
dallas_public_communications,https://www.dallasfed.org/news/speeches/fisher/2006/fs061018.aspx,OUTSIDE_COVERAGE,2006-10-18
dallas_public_communications,https://www.dallasfed.org/news/speeches/fisher/2006/fs061102.aspx,OUTSIDE_COVERAGE,2006-11-02
dallas_public_communications,https://www.dallasfed.org/news/speeches/fisher/2006/fs061117.aspx,OUTSIDE_COVERAGE,2006-11-17
dallas_public_communications,https://www.dallasfed.org/news/speeches/fisher/2006/fs061120.aspx,OUTSIDE_COVERAGE,2006-11-20
dallas_public_communications,https://www.dallasfed.org/news/speeches/fisher/2006/fs061219.aspx,OUTSIDE_COVERAGE,2006-12-19
dallas_public_communications,https://www.dallasfed.org/news/speeches/fisher/2007/fs070209.aspx,OUTSIDE_COVERAGE,2007-02-09
dallas_public_communications,https://www.dallasfed.org/news/speeches/fisher/2007/fs070216.aspx,OUTSIDE_COVERAGE,2007-02-16
dallas_public_communications,https://www.dallasfed.org/news/speeches/fisher/2007/fs070227.aspx,OUTSIDE_COVERAGE,2007-02-27
dallas_public_communications,https://www.dallasfed.org/news/speeches/fisher/2007/fs070404.aspx,OUTSIDE_COVERAGE,2007-04-04
dallas_public_communications,https://www.dallasfed.org/news/speeches/fisher/2007/fs070413.aspx,OUTSIDE_COVERAGE,2007-04-13
dallas_public_communications,https://www.dallasfed.org/news/speeches/fisher/2007/fs070416.aspx,OUTSIDE_COVERAGE,2007-04-16
dallas_public_communications,https://www.dallasfed.org/news/speeches/fisher/2007/fs070419.aspx,OUTSIDE_COVERAGE,2007-04-19
dallas_public_communications,https://www.dallasfed.org/news/speeches/fisher/2007/fs070426.aspx,OUTSIDE_COVERAGE,2007-04-26
dallas_public_communications,https://www.dallasfed.org/news/speeches/fisher/2007/fs070514.aspx,OUTSIDE_COVERAGE,2007-05-14
dallas_public_communications,https://www.dallasfed.org/news/speeches/fisher/2007/fs070524.aspx,OUTSIDE_COVERAGE,2007-05-24
dallas_public_communications,https://www.dallasfed.org/news/speeches/fisher/2007/fs070602.aspx,OUTSIDE_COVERAGE,2007-06-02
dallas_public_communications,https://www.dallasfed.org/news/speeches/fisher/2007/fs070613.aspx,OUTSIDE_COVERAGE,2007-06-13
dallas_public_communications,https://www.dallasfed.org/news/speeches/fisher/2007/fs070825.aspx,OUTSIDE_COVERAGE,2007-08-25
dallas_public_communications,https://www.dallasfed.org/news/speeches/fisher/2007/fs070910.aspx,OUTSIDE_COVERAGE,2007-09-10
dallas_public_communications,https://www.dallasfed.org/news/speeches/fisher/2007/fs070910sp.aspx,OUTSIDE_COVERAGE,2007-09-10
dallas_public_communications,https://www.dallasfed.org/news/speeches/fisher/2007/fs070924.aspx,OUTSIDE_COVERAGE,2007-09-24
dallas_public_communications,https://www.dallasfed.org/news/speeches/fisher/2007/fs071002.aspx,OUTSIDE_COVERAGE,2007-10-02
dallas_public_communications,https://www.dallasfed.org/news/speeches/fisher/2007/fs071004.aspx,OUTSIDE_COVERAGE,2007-10-04
dallas_public_communications,https://www.dallasfed.org/news/speeches/fisher/2007/fs071012.aspx,OUTSIDE_COVERAGE,2007-10-12
dallas_public_communications,https://www.dallasfed.org/news/speeches/fisher/2007/fs071114.aspx,OUTSIDE_COVERAGE,2007-11-14
dallas_public_communications,https://www.dallasfed.org/news/speeches/fisher/2008/fs080117.aspx,OUTSIDE_COVERAGE,2008-01-17
dallas_public_communications,https://www.dallasfed.org/news/speeches/fisher/2008/fs080207.aspx,OUTSIDE_COVERAGE,2008-02-07
dallas_public_communications,https://www.dallasfed.org/news/speeches/fisher/2008/fs080207sp.aspx,OUTSIDE_COVERAGE,2008-02-07
dallas_public_communications,https://www.dallasfed.org/news/speeches/fisher/2008/fs080304.aspx,OUTSIDE_COVERAGE,2008-03-04
dallas_public_communications,https://www.dallasfed.org/news/speeches/fisher/2008/fs080307.aspx,OUTSIDE_COVERAGE,2008-03-07
dallas_public_communications,https://www.dallasfed.org/news/speeches/fisher/2008/fs080409.aspx,OUTSIDE_COVERAGE,2008-04-09
dallas_public_communications,https://www.dallasfed.org/news/speeches/fisher/2008/fs080417.aspx,OUTSIDE_COVERAGE,2008-04-17
dallas_public_communications,https://www.dallasfed.org/news/speeches/fisher/2008/fs080517.aspx,OUTSIDE_COVERAGE,2008-05-17
dallas_public_communications,https://www.dallasfed.org/news/speeches/fisher/2008/fs080528.aspx,OUTSIDE_COVERAGE,2008-05-28
dallas_public_communications,https://www.dallasfed.org/news/speeches/fisher/2008/fs080818.aspx,OUTSIDE_COVERAGE,2008-08-18
dallas_public_communications,https://www.dallasfed.org/news/speeches/fisher/2008/fs080819.aspx,OUTSIDE_COVERAGE,2008-08-19
dallas_public_communications,https://www.dallasfed.org/news/speeches/fisher/2008/fs080904.aspx,OUTSIDE_COVERAGE,2008-09-04
dallas_public_communications,https://www.dallasfed.org/news/speeches/fisher/2008/fs080925.aspx,OUTSIDE_COVERAGE,2008-09-25
dallas_public_communications,https://www.dallasfed.org/news/speeches/fisher/2008/fs081012.aspx,OUTSIDE_COVERAGE,2008-10-12
dallas_public_communications,https://www.dallasfed.org/news/speeches/fisher/2008/fs081104.aspx,OUTSIDE_COVERAGE,2008-11-04
dallas_public_communications,https://www.dallasfed.org/news/speeches/fisher/2008/fs081218.aspx,OUTSIDE_COVERAGE,2008-12-18
dallas_public_communications,https://www.dallasfed.org/news/speeches/fisher/2009/fs090209.aspx,OUTSIDE_COVERAGE,2009-02-09
dallas_public_communications,https://www.dallasfed.org/news/speeches/fisher/2009/fs090223.aspx,OUTSIDE_COVERAGE,2009-02-23
dallas_public_communications,https://www.dallasfed.org/news/speeches/fisher/2009/fs090304.aspx,OUTSIDE_COVERAGE,2009-03-04
dallas_public_communications,https://www.dallasfed.org/news/speeches/fisher/2009/fs090326.aspx,OUTSIDE_COVERAGE,2009-03-26
dallas_public_communications,https://www.dallasfed.org/news/speeches/fisher/2009/fs090408.aspx,OUTSIDE_COVERAGE,2009-04-08
dallas_public_communications,https://www.dallasfed.org/news/speeches/fisher/2009/fs090417.aspx,OUTSIDE_COVERAGE,2009-04-17
dallas_public_communications,https://www.dallasfed.org/news/speeches/fisher/2009/fs090515.aspx,OUTSIDE_COVERAGE,2009-05-15
dallas_public_communications,https://www.dallasfed.org/news/speeches/fisher/2009/fs090528.aspx,OUTSIDE_COVERAGE,2009-05-28
dallas_public_communications,https://www.dallasfed.org/news/speeches/fisher/2009/fs090723.aspx,OUTSIDE_COVERAGE,2009-07-23
dallas_public_communications,https://www.dallasfed.org/news/speeches/fisher/2009/fs090903.aspx,OUTSIDE_COVERAGE,2009-09-03
dallas_public_communications,https://www.dallasfed.org/news/speeches/fisher/2009/fs090909.aspx,OUTSIDE_COVERAGE,2009-09-09
dallas_public_communications,https://www.dallasfed.org/news/speeches/fisher/2009/fs090929.aspx,OUTSIDE_COVERAGE,2009-09-29
dallas_public_communications,https://www.dallasfed.org/news/speeches/fisher/2009/fs091016.aspx,OUTSIDE_COVERAGE,2009-10-16
dallas_public_communications,https://www.dallasfed.org/news/speeches/fisher/2009/fs091110.aspx,OUTSIDE_COVERAGE,2009-11-10
dallas_public_communications,https://www.dallasfed.org/news/speeches/fisher/2009/fs091119.aspx,OUTSIDE_COVERAGE,2009-11-19
dallas_public_communications,https://www.dallasfed.org/news/speeches/fisher/2009/fs091208.aspx,OUTSIDE_COVERAGE,2009-12-08
dallas_public_communications,https://www.dallasfed.org/news/speeches/fisher/2010/fs100112.aspx,OUTSIDE_COVERAGE,2010-01-12
dallas_public_communications,https://www.dallasfed.org/news/speeches/fisher/2010/fs100210.aspx,OUTSIDE_COVERAGE,2010-02-10
dallas_public_communications,https://www.dallasfed.org/news/speeches/fisher/2010/fs100303.aspx,OUTSIDE_COVERAGE,2010-03-03
dallas_public_communications,https://www.dallasfed.org/news/speeches/fisher/2010/fs100330.aspx,OUTSIDE_COVERAGE,2010-03-30
dallas_public_communications,https://www.dallasfed.org/news/speeches/fisher/2010/fs100414.aspx,OUTSIDE_COVERAGE,2010-04-14
dallas_public_communications,https://www.dallasfed.org/news/speeches/fisher/2010/fs100603.aspx,OUTSIDE_COVERAGE,2010-06-03
dallas_public_communications,https://www.dallasfed.org/news/speeches/fisher/2010/fs100729.aspx,OUTSIDE_COVERAGE,2010-07-29
dallas_public_communications,https://www.dallasfed.org/news/speeches/fisher/2010/fs100901.aspx,OUTSIDE_COVERAGE,2010-09-01
dallas_public_communications,https://www.dallasfed.org/news/speeches/fisher/2010/fs101001.aspx,OUTSIDE_COVERAGE,2010-10-01
dallas_public_communications,https://www.dallasfed.org/news/speeches/fisher/2010/fs101007.aspx,OUTSIDE_COVERAGE,2010-10-07
dallas_public_communications,https://www.dallasfed.org/news/speeches/fisher/2010/fs101019.aspx,OUTSIDE_COVERAGE,2010-10-19
dallas_public_communications,https://www.dallasfed.org/news/speeches/fisher/2010/fs101108.aspx,OUTSIDE_COVERAGE,2010-11-08
dallas_public_communications,https://www.dallasfed.org/news/speeches/fisher/2010/fs101202.aspx,OUTSIDE_COVERAGE,2010-12-02
dallas_public_communications,https://www.dallasfed.org/news/speeches/fisher/2011/fs110112.aspx,OUTSIDE_COVERAGE,2011-01-12
dallas_public_communications,https://www.dallasfed.org/news/speeches/fisher/2011/fs110208.aspx,OUTSIDE_COVERAGE,2011-02-08
dallas_public_communications,https://www.dallasfed.org/news/speeches/fisher/2011/fs110307.aspx,OUTSIDE_COVERAGE,2011-03-07
dallas_public_communications,https://www.dallasfed.org/news/speeches/fisher/2011/fs110408.aspx,OUTSIDE_COVERAGE,2011-04-08
dallas_public_communications,https://www.dallasfed.org/news/speeches/fisher/2011/fs110504.aspx,OUTSIDE_COVERAGE,2011-05-04
dallas_public_communications,https://www.dallasfed.org/news/speeches/fisher/2011/fs110606.aspx,OUTSIDE_COVERAGE,2011-06-06
dallas_public_communications,https://www.dallasfed.org/news/speeches/fisher/2011/fs110616.aspx,OUTSIDE_COVERAGE,2011-06-16
dallas_public_communications,https://www.dallasfed.org/news/speeches/fisher/2011/fs110713.aspx,OUTSIDE_COVERAGE,2011-07-13
dallas_public_communications,https://www.dallasfed.org/news/speeches/fisher/2011/fs110817.aspx,OUTSIDE_COVERAGE,2011-08-17
dallas_public_communications,https://www.dallasfed.org/news/speeches/fisher/2011/fs110912.aspx,OUTSIDE_COVERAGE,2011-09-12
dallas_public_communications,https://www.dallasfed.org/news/speeches/fisher/2011/fs110927.aspx,OUTSIDE_COVERAGE,2011-09-27
dallas_public_communications,https://www.dallasfed.org/news/speeches/fisher/2011/fs111006.aspx,OUTSIDE_COVERAGE,2011-10-06
dallas_public_communications,https://www.dallasfed.org/news/speeches/fisher/2011/fs111007.aspx,OUTSIDE_COVERAGE,2011-10-07
dallas_public_communications,https://www.dallasfed.org/news/speeches/fisher/2011/fs111021.aspx,OUTSIDE_COVERAGE,2011-10-21
dallas_public_communications,https://www.dallasfed.org/news/speeches/fisher/2011/fs111102.aspx,OUTSIDE_COVERAGE,2011-11-02
dallas_public_communications,https://www.dallasfed.org/news/speeches/fisher/2011/fs111115.aspx,OUTSIDE_COVERAGE,2011-11-15
dallas_public_communications,https://www.dallasfed.org/news/speeches/fisher/2011/fs111216.aspx,OUTSIDE_COVERAGE,2011-12-16
dallas_public_communications,https://www.dallasfed.org/news/speeches/fisher/2013/fs131008_sp.aspx,NO_AUDITABLE_EVENT_DATE,Speech in Spanish
dallas_public_communications,https://www.dallasfed.org/news/speeches/fisher/2014/fs140305_sp.aspx,NO_AUDITABLE_EVENT_DATE,Speech in Spanish
dallas_public_communications,https://www.dallasfed.org/news/speeches/fisher/2015/fs150217sp.aspx,NO_AUDITABLE_EVENT_DATE,Speech in Spanish
dallas_public_communications,https://www.dallasfed.org/news/speeches/kaplan/2017/rsk170713sp,NO_AUDITABLE_EVENT_DATE,Spanish Version
dallas_public_communications,https://www.dallasfed.org/news/speeches/logan/2022/lkl221110,NO_AUDITABLE_EVENT_DATE,Opening Remarks for ‘Energy and the Economy: The New Energy Landscape’ Conference
kansas_city_public_communications,https://www.kansascityfed.org/speeches/2012-George-PanamaCity-FSI-11-16,SOURCE_URL_DEAD_RECONCILED_FRASER,2012-11-16
kansas_city_public_communications,https://www.kansascityfed.org/speeches/2012-george-ga-csbs-05-22,SOURCE_URL_DEAD_RECONCILED_FRASER,2012-05-22
kansas_city_public_communications,https://www.kansascityfed.org/speeches/2012-george-ny-levyeconinstitute-04-11,SOURCE_URL_DEAD_RECONCILED_FRASER,2012-04-11
kansas_city_public_communications,https://www.kansascityfed.org/speeches/2013-George-OklahomaCity-OHS-10-16,SOURCE_URL_DEAD_RECONCILED_FRASER,2013-10-16
kansas_city_public_communications,https://www.kansascityfed.org/speeches/2013-George-Paris-11-22,SOURCE_URL_DEAD_RECONCILED_FRASER,2013-11-22
kansas_city_public_communications,https://www.kansascityfed.org/speeches/2013-George-SantaFe-06-04,SOURCE_URL_DEAD_RECONCILED_FRASER,2013-06-04
kansas_city_public_communications,https://www.kansascityfed.org/speeches/2014-George-Madison-WBA-01-09,SOURCE_URL_DEAD_RECONCILED_FRASER,2014-01-09
kansas_city_public_communications,https://www.kansascityfed.org/speeches/2014-George-Stanford-Hoover-05-29,SOURCE_URL_DEAD_RECONCILED_FRASER,2014-05-29
kansas_city_public_communications,https://www.kansascityfed.org/speeches/2014-George-Washington-Exchequer-05-21,SOURCE_URL_DEAD_RECONCILED_FRASER,2014-05-21
kansas_city_public_communications,https://www.kansascityfed.org/speeches/2015-George-KansasCity-CentralExchange-03-04,SOURCE_URL_DEAD_RECONCILED_FRASER,2015-03-04
kansas_city_public_communications,https://www.kansascityfed.org/speeches/2015-george-chicago-collaboration-10-06,SOURCE_URL_DEAD_RECONCILED_FRASER,2015-10-06
kansas_city_public_communications,https://www.kansascityfed.org/speeches/2015-george-kansascity-payments-06-26,SOURCE_URL_DEAD_RECONCILED_FRASER,2015-06-26
kansas_city_public_communications,https://www.kansascityfed.org/speeches/2015-george-ok-econ-forum-07-09,SOURCE_URL_DEAD_RECONCILED_FRASER,2015-07-09
kansas_city_public_communications,https://www.kansascityfed.org/speeches/2016-Conley-WIB-11-16,UNKNOWN_AUTHOR_ON_DEAD_ARCHIVE_URL,HTTPError:Not Found
kansas_city_public_communications,https://www.kansascityfed.org/speeches/2016-Edmiston-Brown-StateDept-5-5,UNKNOWN_AUTHOR_ON_DEAD_ARCHIVE_URL,HTTPError:Not Found
kansas_city_public_communications,https://www.kansascityfed.org/speeches/2016-Edmiston-CDAC-3-31,UNKNOWN_AUTHOR_ON_DEAD_ARCHIVE_URL,HTTPError:Not Found
kansas_city_public_communications,https://www.kansascityfed.org/speeches/2016-Edmiston-KCPublicSchools-1-26,UNKNOWN_AUTHOR_ON_DEAD_ARCHIVE_URL,HTTPError:Not Found
kansas_city_public_communications,https://www.kansascityfed.org/speeches/2016-Edmiston-KHC-8-24,UNKNOWN_AUTHOR_ON_DEAD_ARCHIVE_URL,HTTPError:Not Found
kansas_city_public_communications,https://www.kansascityfed.org/speeches/2016-Edmiston-MWPFC-4-28,UNKNOWN_AUTHOR_ON_DEAD_ARCHIVE_URL,HTTPError:Not Found
kansas_city_public_communications,https://www.kansascityfed.org/speeches/2016-Edmiston-NIFA-3-22,UNKNOWN_AUTHOR_ON_DEAD_ARCHIVE_URL,HTTPError:Not Found
kansas_city_public_communications,https://www.kansascityfed.org/speeches/2016-Edmiston-OHEC-11-9,UNKNOWN_AUTHOR_ON_DEAD_ARCHIVE_URL,HTTPError:Not Found
kansas_city_public_communications,https://www.kansascityfed.org/speeches/2016-Edmiston-PARH-12-08,UNKNOWN_AUTHOR_ON_DEAD_ARCHIVE_URL,HTTPError:Not Found
kansas_city_public_communications,https://www.kansascityfed.org/speeches/2016-Edmiston-ProfessionalDevelopmentTeachers-6-8,UNKNOWN_AUTHOR_ON_DEAD_ARCHIVE_URL,HTTPError:Not Found
kansas_city_public_communications,https://www.kansascityfed.org/speeches/2016-Felix-CCV-12-01,UNKNOWN_AUTHOR_ON_DEAD_ARCHIVE_URL,HTTPError:Not Found
kansas_city_public_communications,https://www.kansascityfed.org/speeches/2016-Felix-CFA-01-19,UNKNOWN_AUTHOR_ON_DEAD_ARCHIVE_URL,HTTPError:Not Found
kansas_city_public_communications,https://www.kansascityfed.org/speeches/2016-Felix-COAssocRealtors-02-10,UNKNOWN_AUTHOR_ON_DEAD_ARCHIVE_URL,HTTPError:Not Found
kansas_city_public_communications,https://www.kansascityfed.org/speeches/2016-Felix-DABE-02-17,UNKNOWN_AUTHOR_ON_DEAD_ARCHIVE_URL,HTTPError:Not Found
kansas_city_public_communications,https://www.kansascityfed.org/speeches/2016-Felix-EnFin-01-12,UNKNOWN_AUTHOR_ON_DEAD_ARCHIVE_URL,HTTPError:Not Found
kansas_city_public_communications,https://www.kansascityfed.org/speeches/2016-Felix-IBCANM-09-22,UNKNOWN_AUTHOR_ON_DEAD_ARCHIVE_URL,HTTPError:Not Found
kansas_city_public_communications,https://www.kansascityfed.org/speeches/2016-Felix-IERG-12-02,UNKNOWN_AUTHOR_ON_DEAD_ARCHIVE_URL,HTTPError:Not Found
kansas_city_public_communications,https://www.kansascityfed.org/speeches/2016-Felix-ISMDV-03-31,UNKNOWN_AUTHOR_ON_DEAD_ARCHIVE_URL,HTTPError:Not Found
kansas_city_public_communications,https://www.kansascityfed.org/speeches/2016-Felix-MetroDNVExe-02-10,UNKNOWN_AUTHOR_ON_DEAD_ARCHIVE_URL,HTTPError:Not Found
kansas_city_public_communications,https://www.kansascityfed.org/speeches/2016-Felix-Nar-04-12,UNKNOWN_AUTHOR_ON_DEAD_ARCHIVE_URL,HTTPError:Not Found
kansas_city_public_communications,https://www.kansascityfed.org/speeches/2016-Felix-NoCORMA-02-11,UNKNOWN_AUTHOR_ON_DEAD_ARCHIVE_URL,HTTPError:Not Found
kansas_city_public_communications,https://www.kansascityfed.org/speeches/2016-Felix-PPRA-02-29,UNKNOWN_AUTHOR_ON_DEAD_ARCHIVE_URL,HTTPError:Not Found
kansas_city_public_communications,https://www.kansascityfed.org/speeches/2016-Felix-RMACFAP-09-23,UNKNOWN_AUTHOR_ON_DEAD_ARCHIVE_URL,HTTPError:Not Found
kansas_city_public_communications,https://www.kansascityfed.org/speeches/2016-Felix-RegUpdateCO-03-30,UNKNOWN_AUTHOR_ON_DEAD_ARCHIVE_URL,HTTPError:Not Found
kansas_city_public_communications,https://www.kansascityfed.org/speeches/2016-Felix-RockSpringsEconForum-10-06,UNKNOWN_AUTHOR_ON_DEAD_ARCHIVE_URL,HTTPError:Not Found
kansas_city_public_communications,https://www.kansascityfed.org/speeches/2016-Felix-SBDC-04-12,UNKNOWN_AUTHOR_ON_DEAD_ARCHIVE_URL,HTTPError:Not Found
kansas_city_public_communications,https://www.kansascityfed.org/speeches/2016-Felix-SFebankers-01-28,UNKNOWN_AUTHOR_ON_DEAD_ARCHIVE_URL,HTTPError:Not Found
kansas_city_public_communications,https://www.kansascityfed.org/speeches/2016-Felix-SheridanEconForum-10-05,UNKNOWN_AUTHOR_ON_DEAD_ARCHIVE_URL,HTTPError:Not Found
kansas_city_public_communications,https://www.kansascityfed.org/speeches/2016-Felix-WIB-11-16,UNKNOWN_AUTHOR_ON_DEAD_ARCHIVE_URL,HTTPError:Not Found
kansas_city_public_communications,https://www.kansascityfed.org/speeches/2016-Felix-WTA-05-20,UNKNOWN_AUTHOR_ON_DEAD_ARCHIVE_URL,HTTPError:Not Found
kansas_city_public_communications,https://www.kansascityfed.org/speeches/2016-Felix-WYReg-03-31,UNKNOWN_AUTHOR_ON_DEAD_ARCHIVE_URL,HTTPError:Not Found
kansas_city_public_communications,https://www.kansascityfed.org/speeches/2016-Felix-WomeninFinance-10-19,UNKNOWN_AUTHOR_ON_DEAD_ARCHIVE_URL,HTTPError:Not Found
kansas_city_public_communications,https://www.kansascityfed.org/speeches/2016-Hakkio-WYEconForum-10-05and06,UNKNOWN_AUTHOR_ON_DEAD_ARCHIVE_URL,HTTPError:Not Found
kansas_city_public_communications,https://www.kansascityfed.org/speeches/2016-Kauffman-ABA-11-15,UNKNOWN_AUTHOR_ON_DEAD_ARCHIVE_URL,HTTPError:Not Found
kansas_city_public_communications,https://www.kansascityfed.org/speeches/2016-Kauffman-AFB-01-11,UNKNOWN_AUTHOR_ON_DEAD_ARCHIVE_URL,HTTPError:Not Found
kansas_city_public_communications,https://www.kansascityfed.org/speeches/2016-Kauffman-AgAppropriations-03-01,UNKNOWN_AUTHOR_ON_DEAD_ARCHIVE_URL,HTTPError:Not Found
kansas_city_public_communications,https://www.kansascityfed.org/speeches/2016-Kauffman-CFA-01-13,UNKNOWN_AUTHOR_ON_DEAD_ARCHIVE_URL,HTTPError:Not Found
kansas_city_public_communications,https://www.kansascityfed.org/speeches/2016-Kauffman-ChicagoAgConf-11-29,UNKNOWN_AUTHOR_ON_DEAD_ARCHIVE_URL,HTTPError:Not Found
kansas_city_public_communications,https://www.kansascityfed.org/speeches/2016-Kauffman-IFBF-06-27,UNKNOWN_AUTHOR_ON_DEAD_ARCHIVE_URL,HTTPError:Not Found
kansas_city_public_communications,https://www.kansascityfed.org/speeches/2016-Kauffman-NBA-11-04,UNKNOWN_AUTHOR_ON_DEAD_ARCHIVE_URL,HTTPError:Not Found
kansas_city_public_communications,https://www.kansascityfed.org/speeches/2016-Kauffman-NICB-11-10,UNKNOWN_AUTHOR_ON_DEAD_ARCHIVE_URL,HTTPError:Not Found
kansas_city_public_communications,https://www.kansascityfed.org/speeches/2016-Kauffman-Scottsbluff-Forum-08-23,UNKNOWN_AUTHOR_ON_DEAD_ARCHIVE_URL,HTTPError:Not Found
kansas_city_public_communications,https://www.kansascityfed.org/speeches/2016-Kauffman-TopFarmer-07-07,UNKNOWN_AUTHOR_ON_DEAD_ARCHIVE_URL,HTTPError:Not Found
kansas_city_public_communications,https://www.kansascityfed.org/speeches/2016-Kauffman-USDAAgOutlook-2-26,UNKNOWN_AUTHOR_ON_DEAD_ARCHIVE_URL,HTTPError:Not Found
kansas_city_public_communications,https://www.kansascityfed.org/speeches/2016-Kauffman-York-Forum-04-07,UNKNOWN_AUTHOR_ON_DEAD_ARCHIVE_URL,HTTPError:Not Found
kansas_city_public_communications,https://www.kansascityfed.org/speeches/2016-Wilkerson-BKD-06-22,UNKNOWN_AUTHOR_ON_DEAD_ARCHIVE_URL,HTTPError:Not Found
kansas_city_public_communications,https://www.kansascityfed.org/speeches/2016-Wilkerson-Broken-Arrow-05-04,UNKNOWN_AUTHOR_ON_DEAD_ARCHIVE_URL,HTTPError:Not Found
kansas_city_public_communications,https://www.kansascityfed.org/speeches/2016-Wilkerson-CBAO-03-01,UNKNOWN_AUTHOR_ON_DEAD_ARCHIVE_URL,HTTPError:Not Found
kansas_city_public_communications,https://www.kansascityfed.org/speeches/2016-Wilkerson-Central-Oklahoma-Workforce-Board-02-16,UNKNOWN_AUTHOR_ON_DEAD_ARCHIVE_URL,HTTPError:Not Found
kansas_city_public_communications,https://www.kansascityfed.org/speeches/2016-Wilkerson-Elk-City-08-10,UNKNOWN_AUTHOR_ON_DEAD_ARCHIVE_URL,HTTPError:Not Found
kansas_city_public_communications,https://www.kansascityfed.org/speeches/2016-Wilkerson-Funders-Roundtable-03-23,UNKNOWN_AUTHOR_ON_DEAD_ARCHIVE_URL,HTTPError:Not Found
kansas_city_public_communications,https://www.kansascityfed.org/speeches/2016-Wilkerson-OBA-05-24,UNKNOWN_AUTHOR_ON_DEAD_ARCHIVE_URL,HTTPError:Not Found
kansas_city_public_communications,https://www.kansascityfed.org/speeches/2016-Wilkerson-OBA-Banking-School-06-06,UNKNOWN_AUTHOR_ON_DEAD_ARCHIVE_URL,HTTPError:Not Found
kansas_city_public_communications,https://www.kansascityfed.org/speeches/2016-Wilkerson-Payne-County-09-26,UNKNOWN_AUTHOR_ON_DEAD_ARCHIVE_URL,HTTPError:Not Found
kansas_city_public_communications,https://www.kansascityfed.org/speeches/2016-Wilkerson-Pension-Trustee-07-29,UNKNOWN_AUTHOR_ON_DEAD_ARCHIVE_URL,HTTPError:Not Found
kansas_city_public_communications,https://www.kansascityfed.org/speeches/2016-Wilkerson-Pryor-07-29,UNKNOWN_AUTHOR_ON_DEAD_ARCHIVE_URL,HTTPError:Not Found
kansas_city_public_communications,https://www.kansascityfed.org/speeches/2016-Wilkerson-RMA-12-16,UNKNOWN_AUTHOR_ON_DEAD_ARCHIVE_URL,HTTPError:Not Found
kansas_city_public_communications,https://www.kansascityfed.org/speeches/2016-Wilkerson-RMAOKC-12-16,UNKNOWN_AUTHOR_ON_DEAD_ARCHIVE_URL,HTTPError:Not Found
kansas_city_public_communications,https://www.kansascityfed.org/speeches/2016-Wilkerson-Real-Estate-Commission-06-02,UNKNOWN_AUTHOR_ON_DEAD_ARCHIVE_URL,HTTPError:Not Found
kansas_city_public_communications,https://www.kansascityfed.org/speeches/2016-Wilkerson-Reg-Updates-OKC-04-06,UNKNOWN_AUTHOR_ON_DEAD_ARCHIVE_URL,HTTPError:Not Found
kansas_city_public_communications,https://www.kansascityfed.org/speeches/2016-Wilkerson-Reg-Updates-Tulsa-04-05,UNKNOWN_AUTHOR_ON_DEAD_ARCHIVE_URL,HTTPError:Not Found
kansas_city_public_communications,https://www.kansascityfed.org/speeches/2016-Wilkerson-Sapulpa-Chamber-09-27,UNKNOWN_AUTHOR_ON_DEAD_ARCHIVE_URL,HTTPError:Not Found
kansas_city_public_communications,https://www.kansascityfed.org/speeches/2016-Wilkerson-Stillwater-Chamber-12-16,UNKNOWN_AUTHOR_ON_DEAD_ARCHIVE_URL,HTTPError:Not Found
kansas_city_public_communications,https://www.kansascityfed.org/speeches/2016-Wilkerson-Tahlequah-10-19,UNKNOWN_AUTHOR_ON_DEAD_ARCHIVE_URL,HTTPError:Not Found
kansas_city_public_communications,https://www.kansascityfed.org/speeches/2016-Wilkerson-UW-Agency-Directors-04-06,UNKNOWN_AUTHOR_ON_DEAD_ARCHIVE_URL,HTTPError:Not Found
kansas_city_public_communications,https://www.kansascityfed.org/speeches/2016-Wilkerson-United-Way-05-04,UNKNOWN_AUTHOR_ON_DEAD_ARCHIVE_URL,HTTPError:Not Found
kansas_city_public_communications,https://www.kansascityfed.org/speeches/2016-Williams-Financial-Planning-Association-11-17,UNKNOWN_AUTHOR_ON_DEAD_ARCHIVE_URL,HTTPError:Not Found
kansas_city_public_communications,https://www.kansascityfed.org/speeches/2016-Williams-Harding-Charter-Prep-12-2-16,UNKNOWN_AUTHOR_ON_DEAD_ARCHIVE_URL,HTTPError:Not Found
kansas_city_public_communications,https://www.kansascityfed.org/speeches/2016-Williams-Harding-Charter-Prep-12-9-16,UNKNOWN_AUTHOR_ON_DEAD_ARCHIVE_URL,HTTPError:Not Found
kansas_city_public_communications,https://www.kansascityfed.org/speeches/2016-Williams-Lawton-Economic-Forum-02-18,UNKNOWN_AUTHOR_ON_DEAD_ARCHIVE_URL,HTTPError:Not Found
kansas_city_public_communications,https://www.kansascityfed.org/speeches/2016-Williams-OECU-09-16,UNKNOWN_AUTHOR_ON_DEAD_ARCHIVE_URL,HTTPError:Not Found
kansas_city_public_communications,https://www.kansascityfed.org/speeches/2016-Williams-OSU-Economic-Club-04-06,UNKNOWN_AUTHOR_ON_DEAD_ARCHIVE_URL,HTTPError:Not Found
kansas_city_public_communications,https://www.kansascityfed.org/speeches/2016-Williams-OU-Economic-Club-11-16,UNKNOWN_AUTHOR_ON_DEAD_ARCHIVE_URL,HTTPError:Not Found
kansas_city_public_communications,https://www.kansascityfed.org/speeches/2016-brown-ks-economic-outlook-01-13,UNKNOWN_AUTHOR_ON_DEAD_ARCHIVE_URL,HTTPError:Not Found
kansas_city_public_communications,https://www.kansascityfed.org/speeches/2016-brown-topeka-governorcouncil-05-24,UNKNOWN_AUTHOR_ON_DEAD_ARCHIVE_URL,HTTPError:Not Found
kansas_city_public_communications,https://www.kansascityfed.org/speeches/2016-davig-oil-price-volatility-01-04,UNKNOWN_AUTHOR_ON_DEAD_ARCHIVE_URL,HTTPError:Not Found
kansas_city_public_communications,https://www.kansascityfed.org/speeches/2016-george-alb-05-12,SOURCE_URL_DEAD_RECONCILED_FRASER,2016-05-12
kansas_city_public_communications,https://www.kansascityfed.org/speeches/2016-george-chicago-10-12,SOURCE_URL_DEAD_RECONCILED_FRASER,2016-10-12
kansas_city_public_communications,https://www.kansascityfed.org/speeches/2016-george-dc-09-06,KNOWN_GAP_DEAD_IN_SCOPE_SOURCE_URL,2016-09-06
kansas_city_public_communications,https://www.kansascityfed.org/speeches/2016-george-houston-11-18,SOURCE_URL_DEAD_RECONCILED_FRASER,2016-11-18
kansas_city_public_communications,https://www.kansascityfed.org/speeches/2016-george-kc-07-01,SOURCE_URL_DEAD_RECONCILED_FRASER,2016-07-01
kansas_city_public_communications,https://www.kansascityfed.org/speeches/2016-george-kc-outlook-monetary-policy-02-02,SOURCE_URL_DEAD_RECONCILED_FRASER,2016-02-02
kansas_city_public_communications,https://www.kansascityfed.org/speeches/2016-george-york-04-07,SOURCE_URL_DEAD_RECONCILED_FRASER,2016-04-07
kansas_city_public_communications,https://www.kansascityfed.org/speeches/2016-gines-gyo-03-08,UNKNOWN_AUTHOR_ON_DEAD_ARCHIVE_URL,HTTPError:Not Found
kansas_city_public_communications,https://www.kansascityfed.org/speeches/2017-Brown-Congressional-06-07,UNKNOWN_AUTHOR_ON_DEAD_ARCHIVE_URL,HTTPError:Not Found
kansas_city_public_communications,https://www.kansascityfed.org/speeches/2017-Brown-EOHispanicChamber-03-02,UNKNOWN_AUTHOR_ON_DEAD_ARCHIVE_URL,HTTPError:Not Found
kansas_city_public_communications,https://www.kansascityfed.org/speeches/2017-Brown-statebank-officials-08-10,UNKNOWN_AUTHOR_ON_DEAD_ARCHIVE_URL,HTTPError:Not Found
kansas_city_public_communications,https://www.kansascityfed.org/speeches/2017-CO-EmergingLeaders-05-11,UNKNOWN_AUTHOR_ON_DEAD_ARCHIVE_URL,HTTPError:Not Found
kansas_city_public_communications,https://www.kansascityfed.org/speeches/2017-Chapman-CO-PensionCoalition-05-09,UNKNOWN_AUTHOR_ON_DEAD_ARCHIVE_URL,HTTPError:Not Found
kansas_city_public_communications,https://www.kansascityfed.org/speeches/2017-Chapman-ICBANM-09-25,UNKNOWN_AUTHOR_ON_DEAD_ARCHIVE_URL,HTTPError:Not Found
kansas_city_public_communications,https://www.kansascityfed.org/speeches/2017-Chapman-ISM-03-21,UNKNOWN_AUTHOR_ON_DEAD_ARCHIVE_URL,HTTPError:Not Found
kansas_city_public_communications,https://www.kansascityfed.org/speeches/2017-Chapman-SteamboatEconSummit-10-20,UNKNOWN_AUTHOR_ON_DEAD_ARCHIVE_URL,HTTPError:Not Found
kansas_city_public_communications,https://www.kansascityfed.org/speeches/2017-Edmiston-CDAC-04-11,UNKNOWN_AUTHOR_ON_DEAD_ARCHIVE_URL,HTTPError:Not Found
kansas_city_public_communications,https://www.kansascityfed.org/speeches/2017-Edmiston-LL-09-27,UNKNOWN_AUTHOR_ON_DEAD_ARCHIVE_URL,HTTPError:Not Found
kansas_city_public_communications,https://www.kansascityfed.org/speeches/2017-Edmiston-MAGPC-01-20,UNKNOWN_AUTHOR_ON_DEAD_ARCHIVE_URL,HTTPError:Not Found
kansas_city_public_communications,https://www.kansascityfed.org/speeches/2017-Edmiston-MWPFC-04-21,UNKNOWN_AUTHOR_ON_DEAD_ARCHIVE_URL,HTTPError:Not Found
kansas_city_public_communications,https://www.kansascityfed.org/speeches/2017-Edmiston-NCHER-06-06,UNKNOWN_AUTHOR_ON_DEAD_ARCHIVE_URL,HTTPError:Not Found
kansas_city_public_communications,https://www.kansascityfed.org/speeches/2017-Edmiston-NIFA-03-21,UNKNOWN_AUTHOR_ON_DEAD_ARCHIVE_URL,HTTPError:Not Found
kansas_city_public_communications,https://www.kansascityfed.org/speeches/2017-Edmiston-RegRound-12-07,UNKNOWN_AUTHOR_ON_DEAD_ARCHIVE_URL,HTTPError:Not Found
kansas_city_public_communications,https://www.kansascityfed.org/speeches/2017-Edmiston-RuralHousing-04-19,UNKNOWN_AUTHOR_ON_DEAD_ARCHIVE_URL,HTTPError:Not Found
kansas_city_public_communications,https://www.kansascityfed.org/speeches/2017-Felix-BlackChamber-03-21,UNKNOWN_AUTHOR_ON_DEAD_ARCHIVE_URL,HTTPError:Not Found
kansas_city_public_communications,https://www.kansascityfed.org/speeches/2017-Felix-COSelfStorage-10-12,UNKNOWN_AUTHOR_ON_DEAD_ARCHIVE_URL,HTTPError:Not Found
kansas_city_public_communications,https://www.kansascityfed.org/speeches/2017-Felix-CSUPueblo-10-04,UNKNOWN_AUTHOR_ON_DEAD_ARCHIVE_URL,HTTPError:Not Found
kansas_city_public_communications,https://www.kansascityfed.org/speeches/2017-Felix-DOC-03-02,UNKNOWN_AUTHOR_ON_DEAD_ARCHIVE_URL,HTTPError:Not Found
kansas_city_public_communications,https://www.kansascityfed.org/speeches/2017-Felix-ECoSprRotary-08-07,UNKNOWN_AUTHOR_ON_DEAD_ARCHIVE_URL,HTTPError:Not Found
kansas_city_public_communications,https://www.kansascityfed.org/speeches/2017-Felix-EFGreeley-09-28,UNKNOWN_AUTHOR_ON_DEAD_ARCHIVE_URL,HTTPError:Not Found
kansas_city_public_communications,https://www.kansascityfed.org/speeches/2017-Felix-EFPueblo-10-04,UNKNOWN_AUTHOR_ON_DEAD_ARCHIVE_URL,HTTPError:Not Found
kansas_city_public_communications,https://www.kansascityfed.org/speeches/2017-Felix-EconForumDurango-11-15,UNKNOWN_AUTHOR_ON_DEAD_ARCHIVE_URL,HTTPError:Not Found
kansas_city_public_communications,https://www.kansascityfed.org/speeches/2017-Felix-FP-CFA-01-11,UNKNOWN_AUTHOR_ON_DEAD_ARCHIVE_URL,HTTPError:Not Found
kansas_city_public_communications,https://www.kansascityfed.org/speeches/2017-Felix-FP-EveningattheFed-01-12,UNKNOWN_AUTHOR_ON_DEAD_ARCHIVE_URL,HTTPError:Not Found
kansas_city_public_communications,https://www.kansascityfed.org/speeches/2017-Felix-FPA-01-20,UNKNOWN_AUTHOR_ON_DEAD_ARCHIVE_URL,HTTPError:Not Found
kansas_city_public_communications,https://www.kansascityfed.org/speeches/2017-Felix-FortLewis-11-15,UNKNOWN_AUTHOR_ON_DEAD_ARCHIVE_URL,HTTPError:Not Found
kansas_city_public_communications,https://www.kansascityfed.org/speeches/2017-Felix-Ftcollins-11-14,UNKNOWN_AUTHOR_ON_DEAD_ARCHIVE_URL,HTTPError:Not Found
kansas_city_public_communications,https://www.kansascityfed.org/speeches/2017-Felix-IBCA-03-01,UNKNOWN_AUTHOR_ON_DEAD_ARCHIVE_URL,HTTPError:Not Found
kansas_city_public_communications,https://www.kansascityfed.org/speeches/2017-Felix-IERG-10-11,UNKNOWN_AUTHOR_ON_DEAD_ARCHIVE_URL,HTTPError:Not Found
kansas_city_public_communications,https://www.kansascityfed.org/speeches/2017-Felix-Innercircle-04-19,UNKNOWN_AUTHOR_ON_DEAD_ARCHIVE_URL,HTTPError:Not Found
kansas_city_public_communications,https://www.kansascityfed.org/speeches/2017-Felix-ManhattanRotary-04-06,UNKNOWN_AUTHOR_ON_DEAD_ARCHIVE_URL,HTTPError:Not Found
kansas_city_public_communications,https://www.kansascityfed.org/speeches/2017-Felix-MontroseBuilders-03-28,UNKNOWN_AUTHOR_ON_DEAD_ARCHIVE_URL,HTTPError:Not Found
kansas_city_public_communications,https://www.kansascityfed.org/speeches/2017-Felix-UNC-09-27,UNKNOWN_AUTHOR_ON_DEAD_ARCHIVE_URL,HTTPError:Not Found
kansas_city_public_communications,https://www.kansascityfed.org/speeches/2017-Felix-WomenCorporateDirectors-04-18,UNKNOWN_AUTHOR_ON_DEAD_ARCHIVE_URL,HTTPError:Not Found
kansas_city_public_communications,https://www.kansascityfed.org/speeches/2017-Foerster-EFDurango-11-15,UNKNOWN_AUTHOR_ON_DEAD_ARCHIVE_URL,HTTPError:Not Found
kansas_city_public_communications,https://www.kansascityfed.org/speeches/2017-George-SantaBarbara-05-09,SOURCE_URL_DEAD_RECONCILED_FRASER,2017-05-09
kansas_city_public_communications,https://www.kansascityfed.org/speeches/2017-Kauffman-10-06,UNKNOWN_AUTHOR_ON_DEAD_ARCHIVE_URL,HTTPError:Not Found
kansas_city_public_communications,https://www.kansascityfed.org/speeches/2017-Kauffman-FarmCreditCouncil-02-01,UNKNOWN_AUTHOR_ON_DEAD_ARCHIVE_URL,HTTPError:Not Found
kansas_city_public_communications,https://www.kansascityfed.org/speeches/2017-Kauffman-HouseAg-02-15,UNKNOWN_AUTHOR_ON_DEAD_ARCHIVE_URL,HTTPError:Not Found
kansas_city_public_communications,https://www.kansascityfed.org/speeches/2017-Kauffman-IowaBankersAgLendingConf-03-20,UNKNOWN_AUTHOR_ON_DEAD_ARCHIVE_URL,HTTPError:Not Found
kansas_city_public_communications,https://www.kansascityfed.org/speeches/2017-Kauffman-SenateAgCommittee-05-25,UNKNOWN_AUTHOR_ON_DEAD_ARCHIVE_URL,HTTPError:Not Found
kansas_city_public_communications,https://www.kansascityfed.org/speeches/2017-Kauffman-UniversityofMissouri-03-17,UNKNOWN_AUTHOR_ON_DEAD_ARCHIVE_URL,HTTPError:Not Found
kansas_city_public_communications,https://www.kansascityfed.org/speeches/2017-Sly-EFPueblo-10-04,UNKNOWN_AUTHOR_ON_DEAD_ARCHIVE_URL,HTTPError:Not Found
kansas_city_public_communications,https://www.kansascityfed.org/speeches/2017-Wilkerson-AAPG-10-17,UNKNOWN_AUTHOR_ON_DEAD_ARCHIVE_URL,HTTPError:Not Found
kansas_city_public_communications,https://www.kansascityfed.org/speeches/2017-Wilkerson-Broken-Arrow-Rotary-05-17,UNKNOWN_AUTHOR_ON_DEAD_ARCHIVE_URL,HTTPError:Not Found
kansas_city_public_communications,https://www.kansascityfed.org/speeches/2017-Wilkerson-Chartered-Financial-Analyst-OKC-03-30,UNKNOWN_AUTHOR_ON_DEAD_ARCHIVE_URL,HTTPError:Not Found
kansas_city_public_communications,https://www.kansascityfed.org/speeches/2017-Wilkerson-Chartered-Financial-Analyst-Tulsa-03-30,UNKNOWN_AUTHOR_ON_DEAD_ARCHIVE_URL,HTTPError:Not Found
kansas_city_public_communications,https://www.kansascityfed.org/speeches/2017-Wilkerson-Chickasha-Rotary-02-02,UNKNOWN_AUTHOR_ON_DEAD_ARCHIVE_URL,HTTPError:Not Found
kansas_city_public_communications,https://www.kansascityfed.org/speeches/2017-Wilkerson-Commercial-Real-Estate-Development-11-17,UNKNOWN_AUTHOR_ON_DEAD_ARCHIVE_URL,HTTPError:Not Found
kansas_city_public_communications,https://www.kansascityfed.org/speeches/2017-Wilkerson-Credit-Union-05-17,UNKNOWN_AUTHOR_ON_DEAD_ARCHIVE_URL,HTTPError:Not Found
kansas_city_public_communications,https://www.kansascityfed.org/speeches/2017-Wilkerson-Credit-Union-08-17,UNKNOWN_AUTHOR_ON_DEAD_ARCHIVE_URL,HTTPError:Not Found
kansas_city_public_communications,https://www.kansascityfed.org/speeches/2017-Wilkerson-EveAtFed-01-02,UNKNOWN_AUTHOR_ON_DEAD_ARCHIVE_URL,HTTPError:Not Found
kansas_city_public_communications,https://www.kansascityfed.org/speeches/2017-Wilkerson-Housing-Coalition-05-17,UNKNOWN_AUTHOR_ON_DEAD_ARCHIVE_URL,HTTPError:Not Found
kansas_city_public_communications,https://www.kansascityfed.org/speeches/2017-Wilkerson-Hugo-Forum-08-17,UNKNOWN_AUTHOR_ON_DEAD_ARCHIVE_URL,HTTPError:Not Found
kansas_city_public_communications,https://www.kansascityfed.org/speeches/2017-Wilkerson-Muskogee-Rotary-09-17,UNKNOWN_AUTHOR_ON_DEAD_ARCHIVE_URL,HTTPError:Not Found
kansas_city_public_communications,https://www.kansascityfed.org/speeches/2017-Wilkerson-OKC-Rotary-04-17,UNKNOWN_AUTHOR_ON_DEAD_ARCHIVE_URL,HTTPError:Not Found
kansas_city_public_communications,https://www.kansascityfed.org/speeches/2017-Wilkerson-Oklahoma-Wesleyan-University-03-30,UNKNOWN_AUTHOR_ON_DEAD_ARCHIVE_URL,HTTPError:Not Found
kansas_city_public_communications,https://www.kansascityfed.org/speeches/2017-Wilkerson-Ponca-City-10-17,UNKNOWN_AUTHOR_ON_DEAD_ARCHIVE_URL,HTTPError:Not Found
kansas_city_public_communications,https://www.kansascityfed.org/speeches/2017-Wilkerson-Real-Estate-Mgmt-02-17,UNKNOWN_AUTHOR_ON_DEAD_ARCHIVE_URL,HTTPError:Not Found
kansas_city_public_communications,https://www.kansascityfed.org/speeches/2017-Wilkerson-Sand-Springs-02-17,UNKNOWN_AUTHOR_ON_DEAD_ARCHIVE_URL,HTTPError:Not Found
kansas_city_public_communications,https://www.kansascityfed.org/speeches/2017-Wilkerson-Topeka-10-17,UNKNOWN_AUTHOR_ON_DEAD_ARCHIVE_URL,HTTPError:Not Found
kansas_city_public_communications,https://www.kansascityfed.org/speeches/2017-Wilkerson-Tulsa-Accountants-5-17,UNKNOWN_AUTHOR_ON_DEAD_ARCHIVE_URL,HTTPError:Not Found
kansas_city_public_communications,https://www.kansascityfed.org/speeches/2017-Wilkerson-WOBA-11-17,UNKNOWN_AUTHOR_ON_DEAD_ARCHIVE_URL,HTTPError:Not Found
kansas_city_public_communications,https://www.kansascityfed.org/speeches/2017-Wilkerson-Weatherford-05-17,UNKNOWN_AUTHOR_ON_DEAD_ARCHIVE_URL,HTTPError:Not Found
kansas_city_public_communications,https://www.kansascityfed.org/speeches/2017-Williams-AFP-05-17,UNKNOWN_AUTHOR_ON_DEAD_ARCHIVE_URL,HTTPError:Not Found
kansas_city_public_communications,https://www.kansascityfed.org/speeches/2017-Williams-AFP-11-17,UNKNOWN_AUTHOR_ON_DEAD_ARCHIVE_URL,HTTPError:Not Found
kansas_city_public_communications,https://www.kansascityfed.org/speeches/2017-Williams-Eastern-OK-Rotary-08-17,UNKNOWN_AUTHOR_ON_DEAD_ARCHIVE_URL,HTTPError:Not Found
kansas_city_public_communications,https://www.kansascityfed.org/speeches/2017-Williams-Mfg-Alliance-11-17,UNKNOWN_AUTHOR_ON_DEAD_ARCHIVE_URL,HTTPError:Not Found
kansas_city_public_communications,https://www.kansascityfed.org/speeches/2017-george-centralexchange-10-11,SOURCE_URL_DEAD_RECONCILED_FRASER,2017-10-11
kansas_city_public_communications,https://www.kansascityfed.org/speeches/2017-george-chicago-05-04,SOURCE_URL_DEAD_RECONCILED_FRASER,2017-05-04
kansas_city_public_communications,https://www.kansascityfed.org/speeches/2017-george-den-07-12,SOURCE_URL_DEAD_RECONCILED_FRASER,2017-07-12
kansas_city_public_communications,https://www.kansascityfed.org/speeches/2017-george-investinwork-10-05,SOURCE_URL_DEAD_RECONCILED_FRASER,2017-10-05
kansas_city_public_communications,https://www.kansascityfed.org/speeches/2017-george-kc-09-28,KNOWN_GAP_DEAD_IN_SCOPE_SOURCE_URL,2017-09-28
kansas_city_public_communications,https://www.kansascityfed.org/speeches/2017-george-ny-04-06,SOURCE_URL_DEAD_RECONCILED_FRASER,2017-04-06
kansas_city_public_communications,https://www.kansascityfed.org/speeches/2017-george-ny-04-18,SOURCE_URL_DEAD_RECONCILED_FRASER,2017-04-18
kansas_city_public_communications,https://www.kansascityfed.org/speeches/2017-george-stanford-02-28,SOURCE_URL_DEAD_RECONCILED_FRASER,2017-02-28
kansas_city_public_communications,https://www.kansascityfed.org/speeches/2017-george-umkc-05-15,KNOWN_GAP_DEAD_IN_SCOPE_SOURCE_URL,2017-05-15
kansas_city_public_communications,https://www.kansascityfed.org/speeches/2017-vanzandweghe-EFGreeley-09-28,UNKNOWN_AUTHOR_ON_DEAD_ARCHIVE_URL,HTTPError:Not Found
kansas_city_public_communications,https://www.kansascityfed.org/speeches/2017-wilkerson-weathering-the-storm-okc-06-17,UNKNOWN_AUTHOR_ON_DEAD_ARCHIVE_URL,HTTPError:Not Found
kansas_city_public_communications,https://www.kansascityfed.org/speeches/2017-williams-ardmore-rotary-01-17,UNKNOWN_AUTHOR_ON_DEAD_ARCHIVE_URL,HTTPError:Not Found
kansas_city_public_communications,https://www.kansascityfed.org/speeches/2018-Brown-WichitaForum04-12,UNKNOWN_AUTHOR_ON_DEAD_ARCHIVE_URL,HTTPError:Not Found
kansas_city_public_communications,https://www.kansascityfed.org/speeches/2018-Chapman-Rotary-01-17,UNKNOWN_AUTHOR_ON_DEAD_ARCHIVE_URL,HTTPError:Not Found
kansas_city_public_communications,https://www.kansascityfed.org/speeches/2018-Edmiston-CAConf-04-26,UNKNOWN_AUTHOR_ON_DEAD_ARCHIVE_URL,HTTPError:Not Found
kansas_city_public_communications,https://www.kansascityfed.org/speeches/2018-Edmiston-CDAC-03-29,UNKNOWN_AUTHOR_ON_DEAD_ARCHIVE_URL,HTTPError:Not Found
kansas_city_public_communications,https://www.kansascityfed.org/speeches/2018-Edmiston-EEAC-09-20,UNKNOWN_AUTHOR_ON_DEAD_ARCHIVE_URL,HTTPError:Not Found
kansas_city_public_communications,https://www.kansascityfed.org/speeches/2018-Edmiston-EmporiaEOC-10-26,UNKNOWN_AUTHOR_ON_DEAD_ARCHIVE_URL,HTTPError:Not Found
kansas_city_public_communications,https://www.kansascityfed.org/speeches/2018-Edmiston-KHC-09-12,UNKNOWN_AUTHOR_ON_DEAD_ARCHIVE_URL,HTTPError:Not Found
kansas_city_public_communications,https://www.kansascityfed.org/speeches/2018-Edmiston-NIFA-03-13,UNKNOWN_AUTHOR_ON_DEAD_ARCHIVE_URL,HTTPError:Not Found
kansas_city_public_communications,https://www.kansascityfed.org/speeches/2018-Edmiston-NTI-05-08,UNKNOWN_AUTHOR_ON_DEAD_ARCHIVE_URL,HTTPError:Not Found
kansas_city_public_communications,https://www.kansascityfed.org/speeches/2018-Felix-ABQEconomicForum-04-18,UNKNOWN_AUTHOR_ON_DEAD_ARCHIVE_URL,HTTPError:Not Found
kansas_city_public_communications,https://www.kansascityfed.org/speeches/2018-Felix-AmerCopper-05-09,UNKNOWN_AUTHOR_ON_DEAD_ARCHIVE_URL,HTTPError:Not Found
kansas_city_public_communications,https://www.kansascityfed.org/speeches/2018-Felix-CFA-01-16,UNKNOWN_AUTHOR_ON_DEAD_ARCHIVE_URL,HTTPError:Not Found
kansas_city_public_communications,https://www.kansascityfed.org/speeches/2018-Felix-CSU-04-19,UNKNOWN_AUTHOR_ON_DEAD_ARCHIVE_URL,HTTPError:Not Found
kansas_city_public_communications,https://www.kansascityfed.org/speeches/2018-Felix-CasperForum-07-11,UNKNOWN_AUTHOR_ON_DEAD_ARCHIVE_URL,HTTPError:Not Found
kansas_city_public_communications,https://www.kansascityfed.org/speeches/2018-Felix-CheyenneForum-05-08,UNKNOWN_AUTHOR_ON_DEAD_ARCHIVE_URL,HTTPError:Not Found
kansas_city_public_communications,https://www.kansascityfed.org/speeches/2018-Felix-DenBSeries-01-18,UNKNOWN_AUTHOR_ON_DEAD_ARCHIVE_URL,HTTPError:Not Found
kansas_city_public_communications,https://www.kansascityfed.org/speeches/2018-Felix-DenForum-01-09,UNKNOWN_AUTHOR_ON_DEAD_ARCHIVE_URL,HTTPError:Not Found
kansas_city_public_communications,https://www.kansascityfed.org/speeches/2018-Felix-EmpCouncil-03-29,UNKNOWN_AUTHOR_ON_DEAD_ARCHIVE_URL,HTTPError:Not Found
kansas_city_public_communications,https://www.kansascityfed.org/speeches/2018-Felix-FtLupton-05-09,UNKNOWN_AUTHOR_ON_DEAD_ARCHIVE_URL,HTTPError:Not Found
kansas_city_public_communications,https://www.kansascityfed.org/speeches/2018-Felix-Gunnison-10-18,UNKNOWN_AUTHOR_ON_DEAD_ARCHIVE_URL,HTTPError:Not Found
kansas_city_public_communications,https://www.kansascityfed.org/speeches/2018-Felix-KSUEconClub-09-13,UNKNOWN_AUTHOR_ON_DEAD_ARCHIVE_URL,HTTPError:Not Found
kansas_city_public_communications,https://www.kansascityfed.org/speeches/2018-Felix-MileHigh-05-16,UNKNOWN_AUTHOR_ON_DEAD_ARCHIVE_URL,HTTPError:Not Found
kansas_city_public_communications,https://www.kansascityfed.org/speeches/2018-Felix-VailSympSession1-03-01,UNKNOWN_AUTHOR_ON_DEAD_ARCHIVE_URL,HTTPError:Not Found
kansas_city_public_communications,https://www.kansascityfed.org/speeches/2018-Felix-VailSympSession2-03-01,UNKNOWN_AUTHOR_ON_DEAD_ARCHIVE_URL,HTTPError:Not Found
kansas_city_public_communications,https://www.kansascityfed.org/speeches/2018-Felix-WesternUniv-10-17,UNKNOWN_AUTHOR_ON_DEAD_ARCHIVE_URL,HTTPError:Not Found
kansas_city_public_communications,https://www.kansascityfed.org/speeches/2018-George-KansasCity-0717,KNOWN_GAP_DEAD_IN_SCOPE_SOURCE_URL,HTTPError:Not Found
kansas_city_public_communications,https://www.kansascityfed.org/speeches/2018-George-Tulsa-1010,KNOWN_GAP_DEAD_IN_SCOPE_SOURCE_URL,HTTPError:Not Found
kansas_city_public_communications,https://www.kansascityfed.org/speeches/2018-Gines-Economic-Dev-Outlook-05-08,UNKNOWN_AUTHOR_ON_DEAD_ARCHIVE_URL,HTTPError:Not Found
kansas_city_public_communications,https://www.kansascityfed.org/speeches/2018-Kauffman-ASFMRA-11-2,UNKNOWN_AUTHOR_ON_DEAD_ARCHIVE_URL,HTTPError:Not Found
kansas_city_public_communications,https://www.kansascityfed.org/speeches/2018-Kauffman-Ag-Outlook-05-08,UNKNOWN_AUTHOR_ON_DEAD_ARCHIVE_URL,HTTPError:Not Found
kansas_city_public_communications,https://www.kansascityfed.org/speeches/2018-Kauffman-Ag-Outlook-10-17,UNKNOWN_AUTHOR_ON_DEAD_ARCHIVE_URL,HTTPError:Not Found
kansas_city_public_communications,https://www.kansascityfed.org/speeches/2018-Kauffman-CFAofNE-05-23,UNKNOWN_AUTHOR_ON_DEAD_ARCHIVE_URL,HTTPError:Not Found
kansas_city_public_communications,https://www.kansascityfed.org/speeches/2018-Kauffman-Farm-Futures-1-18-18,UNKNOWN_AUTHOR_ON_DEAD_ARCHIVE_URL,HTTPError:Not Found
kansas_city_public_communications,https://www.kansascityfed.org/speeches/2018-Kauffman-IBA-8-23,UNKNOWN_AUTHOR_ON_DEAD_ARCHIVE_URL,HTTPError:Not Found
kansas_city_public_communications,https://www.kansascityfed.org/speeches/2018-Kauffman-NationalCropInsurance-02-06,UNKNOWN_AUTHOR_ON_DEAD_ARCHIVE_URL,HTTPError:Not Found
kansas_city_public_communications,https://www.kansascityfed.org/speeches/2018-Kauffman-US-NE-Ag-Update-11-09,UNKNOWN_AUTHOR_ON_DEAD_ARCHIVE_URL,HTTPError:Not Found
kansas_city_public_communications,https://www.kansascityfed.org/speeches/2018-Kauffman-US-NE-Outlook-05-06,UNKNOWN_AUTHOR_ON_DEAD_ARCHIVE_URL,HTTPError:Not Found
kansas_city_public_communications,https://www.kansascityfed.org/speeches/2018-Rappaport-AmericanEscrow-05-17,UNKNOWN_AUTHOR_ON_DEAD_ARCHIVE_URL,HTTPError:Not Found
kansas_city_public_communications,https://www.kansascityfed.org/speeches/2018-Rappaport-KCUR-12-20,UNKNOWN_AUTHOR_ON_DEAD_ARCHIVE_URL,HTTPError:Not Found
kansas_city_public_communications,https://www.kansascityfed.org/speeches/2018-Wilkerson-Altus-Rotary-01-18,UNKNOWN_AUTHOR_ON_DEAD_ARCHIVE_URL,HTTPError:Not Found
kansas_city_public_communications,https://www.kansascityfed.org/speeches/2018-Wilkerson-Ardmore-Forum-03-18,UNKNOWN_AUTHOR_ON_DEAD_ARCHIVE_URL,HTTPError:Not Found
kansas_city_public_communications,https://www.kansascityfed.org/speeches/2018-Wilkerson-Bartlesville-06-18,UNKNOWN_AUTHOR_ON_DEAD_ARCHIVE_URL,HTTPError:Not Found
kansas_city_public_communications,https://www.kansascityfed.org/speeches/2018-Wilkerson-BrokenArrowChamber-11-18,UNKNOWN_AUTHOR_ON_DEAD_ARCHIVE_URL,HTTPError:Not Found
kansas_city_public_communications,https://www.kansascityfed.org/speeches/2018-Wilkerson-Claremore-Forum-08-18,UNKNOWN_AUTHOR_ON_DEAD_ARCHIVE_URL,HTTPError:Not Found
kansas_city_public_communications,https://www.kansascityfed.org/speeches/2018-Wilkerson-Evening-at-the-Fed-03-18,UNKNOWN_AUTHOR_ON_DEAD_ARCHIVE_URL,HTTPError:Not Found
kansas_city_public_communications,https://www.kansascityfed.org/speeches/2018-Wilkerson-GovtFinance-08-18,UNKNOWN_AUTHOR_ON_DEAD_ARCHIVE_URL,HTTPError:Not Found
kansas_city_public_communications,https://www.kansascityfed.org/speeches/2018-Wilkerson-Mfg-Alliance-05-18,UNKNOWN_AUTHOR_ON_DEAD_ARCHIVE_URL,HTTPError:Not Found
kansas_city_public_communications,https://www.kansascityfed.org/speeches/2018-Wilkerson-OBA-Emerging-Leaders-08-18,UNKNOWN_AUTHOR_ON_DEAD_ARCHIVE_URL,HTTPError:Not Found
kansas_city_public_communications,https://www.kansascityfed.org/speeches/2018-Wilkerson-OKCPA-10-18,UNKNOWN_AUTHOR_ON_DEAD_ARCHIVE_URL,HTTPError:Not Found
kansas_city_public_communications,https://www.kansascityfed.org/speeches/2018-Wilkerson-OKCRMA-11-18,UNKNOWN_AUTHOR_ON_DEAD_ARCHIVE_URL,HTTPError:Not Found
kansas_city_public_communications,https://www.kansascityfed.org/speeches/2018-Wilkerson-Tulsa-Forum-04-18,UNKNOWN_AUTHOR_ON_DEAD_ARCHIVE_URL,HTTPError:Not Found
kansas_city_public_communications,https://www.kansascityfed.org/speeches/2018-Wilkerson-Tulsa-RMA-11-18,UNKNOWN_AUTHOR_ON_DEAD_ARCHIVE_URL,HTTPError:Not Found
kansas_city_public_communications,https://www.kansascityfed.org/speeches/2018-Williams-Credit-Union-02-18,UNKNOWN_AUTHOR_ON_DEAD_ARCHIVE_URL,HTTPError:Not Found
kansas_city_public_communications,https://www.kansascityfed.org/speeches/2018-Williams-Kiawanis-03-18,UNKNOWN_AUTHOR_ON_DEAD_ARCHIVE_URL,HTTPError:Not Found
kansas_city_public_communications,https://www.kansascityfed.org/speeches/2018-Williams-NCUR-Energy-04-18,UNKNOWN_AUTHOR_ON_DEAD_ARCHIVE_URL,HTTPError:Not Found
kansas_city_public_communications,https://www.kansascityfed.org/speeches/2018-Williams-Reg-Updates-OKC-04-18,UNKNOWN_AUTHOR_ON_DEAD_ARCHIVE_URL,HTTPError:Not Found
kansas_city_public_communications,https://www.kansascityfed.org/speeches/2018-george-PaloAlto-05-04,SOURCE_URL_DEAD_RECONCILED_FRASER,2018-05-04
kansas_city_public_communications,https://www.kansascityfed.org/speeches/2018-george-katf-kansascity-03-28,KNOWN_GAP_DEAD_IN_SCOPE_SOURCE_URL,2018-03-28
kansas_city_public_communications,https://www.kansascityfed.org/speeches/2018-george-lincoln-03-08,SOURCE_URL_DEAD_RECONCILED_FRASER,2018-03-08
kansas_city_public_communications,https://www.kansascityfed.org/speeches/2018-george-wichita-02-08,SOURCE_URL_DEAD_RECONCILED_FRASER,2018-02-08
kansas_city_public_communications,https://www.kansascityfed.org/speeches/2018-wilkerson-poteau-forum-07-18,UNKNOWN_AUTHOR_ON_DEAD_ARCHIVE_URL,HTTPError:Not Found
kansas_city_public_communications,https://www.kansascityfed.org/speeches/2019-Chapman-1st-Bank-01-09,UNKNOWN_AUTHOR_ON_DEAD_ARCHIVE_URL,HTTPError:Not Found
kansas_city_public_communications,https://www.kansascityfed.org/speeches/2019-Chapman-NMICBA-09-20,UNKNOWN_AUTHOR_ON_DEAD_ARCHIVE_URL,HTTPError:Not Found
kansas_city_public_communications,https://www.kansascityfed.org/speeches/2019-Chapman-WYWyoming-09-06,UNKNOWN_AUTHOR_ON_DEAD_ARCHIVE_URL,HTTPError:Not Found
kansas_city_public_communications,https://www.kansascityfed.org/speeches/2019-Cowley-Norfolk-10-17,UNKNOWN_AUTHOR_ON_DEAD_ARCHIVE_URL,HTTPError:Not Found
kansas_city_public_communications,https://www.kansascityfed.org/speeches/2019-Edmiston-NACM-01-09,UNKNOWN_AUTHOR_ON_DEAD_ARCHIVE_URL,HTTPError:Not Found
kansas_city_public_communications,https://www.kansascityfed.org/speeches/2019-Felix-AirForce-02-11,UNKNOWN_AUTHOR_ON_DEAD_ARCHIVE_URL,HTTPError:Not Found
kansas_city_public_communications,https://www.kansascityfed.org/speeches/2019-Felix-Black-Chamber-11-19,UNKNOWN_AUTHOR_ON_DEAD_ARCHIVE_URL,HTTPError:Not Found
kansas_city_public_communications,https://www.kansascityfed.org/speeches/2019-Felix-CADA-09-06,UNKNOWN_AUTHOR_ON_DEAD_ARCHIVE_URL,HTTPError:Not Found
kansas_city_public_communications,https://www.kansascityfed.org/speeches/2019-Felix-CFA-01-15,UNKNOWN_AUTHOR_ON_DEAD_ARCHIVE_URL,HTTPError:Not Found
kansas_city_public_communications,https://www.kansascityfed.org/speeches/2019-Felix-COWomenInFinancialServices-07-18,UNKNOWN_AUTHOR_ON_DEAD_ARCHIVE_URL,HTTPError:Not Found
kansas_city_public_communications,https://www.kansascityfed.org/speeches/2019-Felix-CSU-04-17,UNKNOWN_AUTHOR_ON_DEAD_ARCHIVE_URL,HTTPError:Not Found
kansas_city_public_communications,https://www.kansascityfed.org/speeches/2019-Felix-CUCOSpg-10-10,UNKNOWN_AUTHOR_ON_DEAD_ARCHIVE_URL,HTTPError:Not Found
kansas_city_public_communications,https://www.kansascityfed.org/speeches/2019-Felix-CashAdvisoryCouncil-05-21,UNKNOWN_AUTHOR_ON_DEAD_ARCHIVE_URL,HTTPError:Not Found
kansas_city_public_communications,https://www.kansascityfed.org/speeches/2019-Felix-EconForumGJ-05-16,UNKNOWN_AUTHOR_ON_DEAD_ARCHIVE_URL,HTTPError:Not Found
kansas_city_public_communications,https://www.kansascityfed.org/speeches/2019-Felix-EconForumSS-05-15,UNKNOWN_AUTHOR_ON_DEAD_ARCHIVE_URL,HTTPError:Not Found
kansas_city_public_communications,https://www.kansascityfed.org/speeches/2019-Felix-EnergyFinanceDiscussionGroup-02-12,UNKNOWN_AUTHOR_ON_DEAD_ARCHIVE_URL,HTTPError:Not Found
kansas_city_public_communications,https://www.kansascityfed.org/speeches/2019-Felix-FarmingtonForum-06-05,UNKNOWN_AUTHOR_ON_DEAD_ARCHIVE_URL,HTTPError:Not Found
kansas_city_public_communications,https://www.kansascityfed.org/speeches/2019-Felix-FtColEconForum-04-17,UNKNOWN_AUTHOR_ON_DEAD_ARCHIVE_URL,HTTPError:Not Found
kansas_city_public_communications,https://www.kansascityfed.org/speeches/2019-Felix-IBC-09-26,UNKNOWN_AUTHOR_ON_DEAD_ARCHIVE_URL,HTTPError:Not Found
kansas_city_public_communications,https://www.kansascityfed.org/speeches/2019-Felix-Montrose-02-08,UNKNOWN_AUTHOR_ON_DEAD_ARCHIVE_URL,HTTPError:Not Found
kansas_city_public_communications,https://www.kansascityfed.org/speeches/2019-Felix-NAEE-02-28,UNKNOWN_AUTHOR_ON_DEAD_ARCHIVE_URL,HTTPError:Not Found
kansas_city_public_communications,https://www.kansascityfed.org/speeches/2019-Felix-NMCongressStaff-11-12,UNKNOWN_AUTHOR_ON_DEAD_ARCHIVE_URL,HTTPError:Not Found
kansas_city_public_communications,https://www.kansascityfed.org/speeches/2019-Felix-Pueblo-10-10,UNKNOWN_AUTHOR_ON_DEAD_ARCHIVE_URL,HTTPError:Not Found
kansas_city_public_communications,https://www.kansascityfed.org/speeches/2019-Felix-RMTExport-03-06,UNKNOWN_AUTHOR_ON_DEAD_ARCHIVE_URL,HTTPError:Not Found
kansas_city_public_communications,https://www.kansascityfed.org/speeches/2019-Felix-UnivWY-03-01,UNKNOWN_AUTHOR_ON_DEAD_ARCHIVE_URL,HTTPError:Not Found
kansas_city_public_communications,https://www.kansascityfed.org/speeches/2019-Felix-WomenInBanking-08-28,UNKNOWN_AUTHOR_ON_DEAD_ARCHIVE_URL,HTTPError:Not Found
kansas_city_public_communications,https://www.kansascityfed.org/speeches/2019-George-Chicago-10-15,SOURCE_URL_DEAD_RECONCILED_FRASER,2019-10-15
kansas_city_public_communications,https://www.kansascityfed.org/speeches/2019-George-Denver-10-18,SOURCE_URL_DEAD_RECONCILED_FRASER,2019-10-18
kansas_city_public_communications,https://www.kansascityfed.org/speeches/2019-George-Denver-10-6,SOURCE_URL_DEAD_RECONCILED_FRASER,2019-10-06
kansas_city_public_communications,https://www.kansascityfed.org/speeches/2019-George-Helsinki-07-10,SOURCE_URL_DEAD_RECONCILED_FRASER,2019-07-10
kansas_city_public_communications,https://www.kansascityfed.org/speeches/2019-George-Jackson-Hole-0822,KNOWN_GAP_DEAD_IN_SCOPE_SOURCE_URL,HTTPError:Not Found
kansas_city_public_communications,https://www.kansascityfed.org/speeches/2019-George-KansasCity-01-15,SOURCE_URL_DEAD_RECONCILED_FRASER,2019-01-15
kansas_city_public_communications,https://www.kansascityfed.org/speeches/2019-George-Minneapolis-05-14,SOURCE_URL_DEAD_RECONCILED_FRASER,2019-05-14
kansas_city_public_communications,https://www.kansascityfed.org/speeches/2019-George-NewYork-3-27,SOURCE_URL_DEAD_RECONCILED_FRASER,2019-03-27
kansas_city_public_communications,https://www.kansascityfed.org/speeches/2019-George-Reykjavik-07-12,SOURCE_URL_DEAD_RECONCILED_FRASER,2019-07-12
kansas_city_public_communications,https://www.kansascityfed.org/speeches/2019-George-StatementBeforeHouseFinancialServicesCommittee,KNOWN_GAP_DEAD_IN_SCOPE_SOURCE_URL,HTTPError:Not Found
kansas_city_public_communications,https://www.kansascityfed.org/speeches/2019-George-StatementToSenateCommittee,KNOWN_GAP_DEAD_IN_SCOPE_SOURCE_URL,HTTPError:Not Found
kansas_city_public_communications,https://www.kansascityfed.org/speeches/2019-George-Tahlequah-10-04,SOURCE_URL_DEAD_RECONCILED_FRASER,2019-10-04
kansas_city_public_communications,https://www.kansascityfed.org/speeches/2019-Kahn-FtColEconForm-04-17,UNKNOWN_AUTHOR_ON_DEAD_ARCHIVE_URL,HTTPError:Not Found
kansas_city_public_communications,https://www.kansascityfed.org/speeches/2019-Kauffman-AgOutlook-10-11,UNKNOWN_AUTHOR_ON_DEAD_ARCHIVE_URL,HTTPError:Not Found
kansas_city_public_communications,https://www.kansascityfed.org/speeches/2019-Kauffman-BuildOmaha-04-18,UNKNOWN_AUTHOR_ON_DEAD_ARCHIVE_URL,HTTPError:Not Found
kansas_city_public_communications,https://www.kansascityfed.org/speeches/2019-Kauffman-CPDA-08-20,UNKNOWN_AUTHOR_ON_DEAD_ARCHIVE_URL,HTTPError:Not Found
kansas_city_public_communications,https://www.kansascityfed.org/speeches/2019-Kauffman-CSBS-8-26,UNKNOWN_AUTHOR_ON_DEAD_ARCHIVE_URL,HTTPError:Not Found
kansas_city_public_communications,https://www.kansascityfed.org/speeches/2019-Kauffman-GlobalProtein-10-7,UNKNOWN_AUTHOR_ON_DEAD_ARCHIVE_URL,HTTPError:Not Found
kansas_city_public_communications,https://www.kansascityfed.org/speeches/2019-Kauffman-NMICBA-03-28,UNKNOWN_AUTHOR_ON_DEAD_ARCHIVE_URL,HTTPError:Not Found
kansas_city_public_communications,https://www.kansascityfed.org/speeches/2019-Kauffman-Norfolk-10-17,UNKNOWN_AUTHOR_ON_DEAD_ARCHIVE_URL,HTTPError:Not Found
kansas_city_public_communications,https://www.kansascityfed.org/speeches/2019-Rappaport-C2ER-06-05,UNKNOWN_AUTHOR_ON_DEAD_ARCHIVE_URL,HTTPError:Not Found
kansas_city_public_communications,https://www.kansascityfed.org/speeches/2019-Wilkerson-DodgeCity-Economic-Forum-08-19,UNKNOWN_AUTHOR_ON_DEAD_ARCHIVE_URL,HTTPError:Not Found
kansas_city_public_communications,https://www.kansascityfed.org/speeches/2019-Wilkerson-Guymon-Econ-Forum-08-19,UNKNOWN_AUTHOR_ON_DEAD_ARCHIVE_URL,HTTPError:Not Found
kansas_city_public_communications,https://www.kansascityfed.org/speeches/2019-Wilkerson-OKC-Economic-Forum-08-19,UNKNOWN_AUTHOR_ON_DEAD_ARCHIVE_URL,HTTPError:Not Found
kansas_city_public_communications,https://www.kansascityfed.org/speeches/2019-Wilkerson-OKC-RMA-11-7-2019,UNKNOWN_AUTHOR_ON_DEAD_ARCHIVE_URL,HTTPError:Not Found
kansas_city_public_communications,https://www.kansascityfed.org/speeches/2019-Wilkerson-OKCReadyMixConcrete-2-7-19,UNKNOWN_AUTHOR_ON_DEAD_ARCHIVE_URL,HTTPError:Not Found
kansas_city_public_communications,https://www.kansascityfed.org/speeches/2019-Wilkerson-Petroleum-accts-9-19,UNKNOWN_AUTHOR_ON_DEAD_ARCHIVE_URL,HTTPError:Not Found
kansas_city_public_communications,https://www.kansascityfed.org/speeches/2019-Wilkerson-State-Senate-Stillwater-11-21-2019,UNKNOWN_AUTHOR_ON_DEAD_ARCHIVE_URL,HTTPError:Not Found
kansas_city_public_communications,https://www.kansascityfed.org/speeches/2019-Wilkerson-TULSA-RMA-11-8-2019,UNKNOWN_AUTHOR_ON_DEAD_ARCHIVE_URL,HTTPError:Not Found
kansas_city_public_communications,https://www.kansascityfed.org/speeches/2020-Felix-NABE-02-05,UNKNOWN_AUTHOR_ON_DEAD_ARCHIVE_URL,HTTPError:Not Found
kansas_city_public_communications,https://www.kansascityfed.org/speeches/2020-Felix-RMACFA-01-15,UNKNOWN_AUTHOR_ON_DEAD_ARCHIVE_URL,HTTPError:Not Found
kansas_city_public_communications,https://www.kansascityfed.org/speeches/2020-Felix-Wichita-02-07,UNKNOWN_AUTHOR_ON_DEAD_ARCHIVE_URL,HTTPError:Not Found
kansas_city_public_communications,https://www.kansascityfed.org/speeches/2020-Felix-stateofthecities-01-15,UNKNOWN_AUTHOR_ON_DEAD_ARCHIVE_URL,HTTPError:Not Found
kansas_city_public_communications,https://www.kansascityfed.org/speeches/2020-George-KansasCity-01-14,SOURCE_URL_DEAD_RECONCILED_FRASER,2020-01-14
kansas_city_public_communications,https://www.kansascityfed.org/speeches/2020-George-KansasCity-06-25,SOURCE_URL_DEAD_RECONCILED_FRASER,2020-06-25
kansas_city_public_communications,https://www.kansascityfed.org/speeches/2020-George-KansasCity-09-25,SOURCE_URL_DEAD_RECONCILED_FRASER,2020-09-25
kansas_city_public_communications,https://www.kansascityfed.org/speeches/2020-George-KansasCity-11-20,SOURCE_URL_DEAD_RECONCILED_FRASER,2020-11-20
kansas_city_public_communications,https://www.kansascityfed.org/speeches/2020-George-KansasCity-12-11,SOURCE_URL_DEAD_RECONCILED_FRASER,2020-12-11
kansas_city_public_communications,https://www.kansascityfed.org/speeches/2020-George-NewYork-03-06,SOURCE_URL_DEAD_RECONCILED_FRASER,2020-03-06
kansas_city_public_communications,https://www.kansascityfed.org/speeches/2020-George-WashingtonDC-02-10,SOURCE_URL_DEAD_RECONCILED_FRASER,2020-02-10
kansas_city_public_communications,https://www.kansascityfed.org/speeches/2020-George-Wichita-10820,KNOWN_GAP_DEAD_IN_SCOPE_SOURCE_URL,HTTPError:Not Found
kansas_city_public_communications,https://www.kansascityfed.org/speeches/2020-Kauffman-NebraskaForum-07-16,UNKNOWN_AUTHOR_ON_DEAD_ARCHIVE_URL,HTTPError:Not Found
kansas_city_public_communications,https://www.kansascityfed.org/speeches/2020-Kauffman-OmahaChamber-04-08,UNKNOWN_AUTHOR_ON_DEAD_ARCHIVE_URL,HTTPError:Not Found
kansas_city_public_communications,https://www.kansascityfed.org/speeches/2020-Kauffman-UNLWebinar-04-16,UNKNOWN_AUTHOR_ON_DEAD_ARCHIVE_URL,HTTPError:Not Found
kansas_city_public_communications,https://www.kansascityfed.org/speeches/2020-Kauffman-farmdocwebinar-03-27,UNKNOWN_AUTHOR_ON_DEAD_ARCHIVE_URL,HTTPError:Not Found
kansas_city_public_communications,https://www.kansascityfed.org/speeches/2020-Sly-EconClubCO-12-03,UNKNOWN_AUTHOR_ON_DEAD_ARCHIVE_URL,HTTPError:Not Found
kansas_city_public_communications,https://www.kansascityfed.org/speeches/2020-Wilkerson-AGCOK-09-17,UNKNOWN_AUTHOR_ON_DEAD_ARCHIVE_URL,HTTPError:Not Found
kansas_city_public_communications,https://www.kansascityfed.org/speeches/2020-Wilkerson-Bartlesville-Rotary-03-02,UNKNOWN_AUTHOR_ON_DEAD_ARCHIVE_URL,HTTPError:Not Found
kansas_city_public_communications,https://www.kansascityfed.org/speeches/2020-Wilkerson-Bixby-02-25,UNKNOWN_AUTHOR_ON_DEAD_ARCHIVE_URL,HTTPError:Not Found
kansas_city_public_communications,https://www.kansascityfed.org/speeches/2020-Wilkerson-COPAS-02-18,UNKNOWN_AUTHOR_ON_DEAD_ARCHIVE_URL,HTTPError:Not Found
kansas_city_public_communications,https://www.kansascityfed.org/speeches/2020-Wilkerson-CentralOKManufacturing-5-12,UNKNOWN_AUTHOR_ON_DEAD_ARCHIVE_URL,HTTPError:Not Found
kansas_city_public_communications,https://www.kansascityfed.org/speeches/2020-Wilkerson-ChickashaRotary-08-20,UNKNOWN_AUTHOR_ON_DEAD_ARCHIVE_URL,HTTPError:Not Found
kansas_city_public_communications,https://www.kansascityfed.org/speeches/2020-Wilkerson-DitchWitch-5-12,UNKNOWN_AUTHOR_ON_DEAD_ARCHIVE_URL,HTTPError:Not Found
kansas_city_public_communications,https://www.kansascityfed.org/speeches/2020-Wilkerson-Evening-at-Fed-02-11,UNKNOWN_AUTHOR_ON_DEAD_ARCHIVE_URL,HTTPError:Not Found
kansas_city_public_communications,https://www.kansascityfed.org/speeches/2020-Wilkerson-Fin-Exec-International-02-20,UNKNOWN_AUTHOR_ON_DEAD_ARCHIVE_URL,HTTPError:Not Found
kansas_city_public_communications,https://www.kansascityfed.org/speeches/2020-Wilkerson-LatinoLeadership-5-12,UNKNOWN_AUTHOR_ON_DEAD_ARCHIVE_URL,HTTPError:Not Found
kansas_city_public_communications,https://www.kansascityfed.org/speeches/2020-Wilkerson-Oklahoma-Outlook-March,UNKNOWN_AUTHOR_ON_DEAD_ARCHIVE_URL,HTTPError:Not Found
kansas_city_public_communications,https://www.kansascityfed.org/speeches/2020-Wilkerson-OklahomaBankersAssoc-6-01,UNKNOWN_AUTHOR_ON_DEAD_ARCHIVE_URL,HTTPError:Not Found
kansas_city_public_communications,https://www.kansascityfed.org/speeches/2020-Wilkerson-VirtualEconomicForum-07-15,UNKNOWN_AUTHOR_ON_DEAD_ARCHIVE_URL,HTTPError:Not Found
kansas_city_public_communications,https://www.kansascityfed.org/speeches/2020-george-kansascity-12-11,NO_IN_SCOPE_POLICYMAKER,Home
kansas_city_public_communications,https://www.kansascityfed.org/speeches/2022-kauffman-2-9,UNKNOWN_AUTHOR_ON_DEAD_ARCHIVE_URL,HTTPError:Not Found
kansas_city_public_communications,https://www.kansascityfed.org/speeches/2023-agricultural-economic-outlook,EXCLUDED_EVENT_LISTING_WITHOUT_COMMUNICATION,Speeches
kansas_city_public_communications,https://www.kansascityfed.org/speeches/2024-nebraska-economic-update,UNKNOWN_AUTHOR_ON_DEAD_ARCHIVE_URL,HTTPError:Not Found
kansas_city_public_communications,https://www.kansascityfed.org/speeches/2025-brown-assocamerrailroads-10-1,UNKNOWN_AUTHOR_ON_DEAD_ARCHIVE_URL,HTTPError:Not Found
kansas_city_public_communications,https://www.kansascityfed.org/speeches/2025-gruber-econ-outlook-02-25,UNKNOWN_AUTHOR_ON_DEAD_ARCHIVE_URL,HTTPError:Not Found
kansas_city_public_communications,https://www.kansascityfed.org/speeches/2025-gruber-econ-outlook-kcbankingsupervforum-10-02,UNKNOWN_AUTHOR_ON_DEAD_ARCHIVE_URL,HTTPError:Not Found
kansas_city_public_communications,https://www.kansascityfed.org/speeches/2025-gruber-econ-outlook-scc76-4-15,UNKNOWN_AUTHOR_ON_DEAD_ARCHIVE_URL,HTTPError:Not Found
kansas_city_public_communications,https://www.kansascityfed.org/speeches/2025-kc-economic-outlook-conference,UNKNOWN_AUTHOR_ON_DEAD_ARCHIVE_URL,HTTPError:Not Found
kansas_city_public_communications,https://www.kansascityfed.org/speeches/2026-wichita-economic-forum-jeremy-hill,UNKNOWN_AUTHOR_ON_DEAD_ARCHIVE_URL,HTTPError:Not Found
minneapolis_public_communications,https://minneapolisfed.org/speeches/2012/duluth-town-hall,NO_AUDITABLE_EVENT_DATE,Duluth Town Hall | Federal Reserve Bank of Minneapolis
minneapolis_public_communications,https://minneapolisfed.org/speeches/2012/monetary-policy-transparency-changes-and-challenges,NO_AUDITABLE_EVENT_DATE,Monetary Policy Transparency: Changes and Challenges | Federal Reserve Bank of Minneapolis
minneapolis_public_communications,https://minneapolisfed.org/speeches/2012/more-thoughts-on-a-liftoff-plan,NO_AUDITABLE_EVENT_DATE,More Thoughts on a Liftoff Plan | Federal Reserve Bank of Minneapolis
minneapolis_public_communications,https://minneapolisfed.org/speeches/2012/on-the-limits-to-monetary-policy-executive-summary,NO_AUDITABLE_EVENT_DATE,On the Limits to Monetary Policy - Executive Summary | Federal Reserve Bank of Minneapolis
minneapolis_public_communications,https://minneapolisfed.org/speeches/2012/optimal-outlooks-executive-summary,NO_AUDITABLE_EVENT_DATE,Optimal Outlooks - Executive Summary | Federal Reserve Bank of Minneapolis
minneapolis_public_communications,https://minneapolisfed.org/speeches/2012/planning-for-liftoff,NO_AUDITABLE_EVENT_DATE,Planning for Liftoff | Federal Reserve Bank of Minneapolis
minneapolis_public_communications,https://minneapolisfed.org/speeches/2012/planning-for-liftoff-video-summary,NO_AUDITABLE_EVENT_DATE,Planning for Liftoff - Video Summary | Federal Reserve Bank of Minneapolis
minneapolis_public_communications,https://minneapolisfed.org/speeches/2012/qa-with-ninth-district-teachers-following-chairman-bernankes-teacher-town-hall,NO_AUDITABLE_EVENT_DATE,Q&A with Ninth District Teachers Following Chairman Bernanke’s Teacher Town Hall | Federal Reserve Bank of Minneapolis
minneapolis_public_communications,https://minneapolisfed.org/speeches/2012/remarks-for-helena-branch-director-joe-mcdonalds-retirement,NO_AUDITABLE_EVENT_DATE,Remarks for Helena Branch Director Joe McDonald's Retirement | Federal Reserve Bank of Minneapolis
minneapolis_public_communications,https://minneapolisfed.org/speeches/2012/the-role-of-federal-reserve-bank-directors,NO_AUDITABLE_EVENT_DATE,The Role of Federal Reserve Bank Directors | Federal Reserve Bank of Minneapolis
minneapolis_public_communications,https://minneapolisfed.org/speeches/2012/thoughts-about-the-outlook,NO_AUDITABLE_EVENT_DATE,Thoughts about the Outlook | Federal Reserve Bank of Minneapolis
minneapolis_public_communications,https://minneapolisfed.org/speeches/2012/toward-a-more-transparent-fomc,NO_AUDITABLE_EVENT_DATE,Toward a More Transparent FOMC | Federal Reserve Bank of Minneapolis
minneapolis_public_communications,https://minneapolisfed.org/speeches/2012/welcome-remarks-for-beyond-the-border-conference,NO_AUDITABLE_EVENT_DATE,Welcome Remarks for Beyond the Border Conference | Federal Reserve Bank of Minneapolis
minneapolis_public_communications,https://minneapolisfed.org/speeches/2012/welcoming-remarks,NO_AUDITABLE_EVENT_DATE,Welcoming Remarks | Federal Reserve Bank of Minneapolis
minneapolis_public_communications,https://minneapolisfed.org/speeches/2012/whats-different-about-economic-development-in-indian-country,NO_AUDITABLE_EVENT_DATE,What's Different about Economic Development in Indian Country? | Federal Reserve Bank of Minneapolis
minneapolis_public_communications,https://minneapolisfed.org/speeches/2013/61st-annual-management-conference-of-the-university-of-chicago-booth-school-of-business,NO_AUDITABLE_EVENT_DATE,61st Annual Management Conference of the University of Chicago Booth School of Business | Federal Reserve Bank of Minneapolis
minneapolis_public_communications,https://minneapolisfed.org/speeches/2013/a-time-of-testing,NO_AUDITABLE_EVENT_DATE,A Time of Testing | Federal Reserve Bank of Minneapolis
minneapolis_public_communications,https://minneapolisfed.org/speeches/2013/a-time-of-testing-executive-summary,NO_AUDITABLE_EVENT_DATE,A Time of Testing - Executive Summary | Federal Reserve Bank of Minneapolis
minneapolis_public_communications,https://minneapolisfed.org/speeches/2013/better-health-through-better-collaboration,NO_AUDITABLE_EVENT_DATE,Better Health Through Better Collaboration | Federal Reserve Bank of Minneapolis
minneapolis_public_communications,https://minneapolisfed.org/speeches/2013/connecting-asset-and-labor-markets-in-a-heterogeneous-agent-model,NO_AUDITABLE_EVENT_DATE,Connecting Asset and Labor Markets in a Heterogeneous Agent Model | Federal Reserve Bank of Minneapolis
minneapolis_public_communications,https://minneapolisfed.org/speeches/2013/conversations-with-the-fed,NO_AUDITABLE_EVENT_DATE,Conversations with the Fed | Federal Reserve Bank of Minneapolis
minneapolis_public_communications,https://minneapolisfed.org/speeches/2013/evaluating-the-appropriateness-of-us-monetary-policy,NO_AUDITABLE_EVENT_DATE,Evaluating the Appropriateness of U.S. Monetary Policy | Federal Reserve Bank of Minneapolis
minneapolis_public_communications,https://minneapolisfed.org/speeches/2013/improving-the-outlook-with-better-monetary-policy,NO_AUDITABLE_EVENT_DATE,Improving the Outlook with Better Monetary Policy | Federal Reserve Bank of Minneapolis
minneapolis_public_communications,https://minneapolisfed.org/speeches/2013/lessons-from-lars,NO_AUDITABLE_EVENT_DATE,Lessons from Lars | Federal Reserve Bank of Minneapolis
minneapolis_public_communications,https://minneapolisfed.org/speeches/2013/low-real-interest-rates,NO_AUDITABLE_EVENT_DATE,Low Real Interest Rates | Federal Reserve Bank of Minneapolis
minneapolis_public_communications,https://minneapolisfed.org/speeches/2013/low-real-interest-rates-executive-summary,NO_AUDITABLE_EVENT_DATE,Low Real Interest Rates - Executive Summary | Federal Reserve Bank of Minneapolis
minneapolis_public_communications,https://minneapolisfed.org/speeches/2013/opening-remarks,NO_AUDITABLE_EVENT_DATE,Opening Remarks | Federal Reserve Bank of Minneapolis
minneapolis_public_communications,https://minneapolisfed.org/speeches/2013/operational-implications-of-the-fomcs-principles-statement,NO_AUDITABLE_EVENT_DATE,Operational Implications of the FOMC's Principles Statement | Federal Reserve Bank of Minneapolis
minneapolis_public_communications,https://minneapolisfed.org/speeches/2013/optimal-outlooks,NO_AUDITABLE_EVENT_DATE,Optimal Outlooks | Federal Reserve Bank of Minneapolis
minneapolis_public_communications,https://minneapolisfed.org/speeches/2013/past-present-and-future-the-macroeconomy-and-federal-reserve-actions,NO_AUDITABLE_EVENT_DATE,"Past, Present and Future: The Macroeconomy and Federal Reserve Actions | Federal Reserve Bank of Minneapolis"
minneapolis_public_communications,https://minneapolisfed.org/speeches/2014/2014-bank-of-canada-annual-conference,NO_AUDITABLE_EVENT_DATE,2014 Bank of Canada Annual Conference | Federal Reserve Bank of Minneapolis
minneapolis_public_communications,https://minneapolisfed.org/speeches/2014/2014-international-research-forum-on-monetary-policy,NO_AUDITABLE_EVENT_DATE,2014 International Research Forum on Monetary Policy | Federal Reserve Bank of Minneapolis
minneapolis_public_communications,https://minneapolisfed.org/speeches/2014/clarifying-the-objectives-of-monetary-policy,NO_AUDITABLE_EVENT_DATE,Clarifying the Objectives of Monetary Policy | Federal Reserve Bank of Minneapolis
minneapolis_public_communications,https://minneapolisfed.org/speeches/2014/discussion-of-2014-usmpf-monetary-policy-report,NO_AUDITABLE_EVENT_DATE,Discussion of 2014 USMPF Monetary Policy Report | Federal Reserve Bank of Minneapolis
minneapolis_public_communications,https://minneapolisfed.org/speeches/2014/discussion-of-robert-halls-paper,NO_AUDITABLE_EVENT_DATE,Discussion of Robert Hall's Paper | Federal Reserve Bank of Minneapolis
minneapolis_public_communications,https://minneapolisfed.org/speeches/2014/economics-at-the-federal-reserve-banks,NO_AUDITABLE_EVENT_DATE,Economics at the Federal Reserve Banks | Federal Reserve Bank of Minneapolis
minneapolis_public_communications,https://minneapolisfed.org/speeches/2014/monetary-policy-report-to-the-economic-club-of-minnesota,NO_AUDITABLE_EVENT_DATE,Monetary Policy Report to the Economic Club of Minnesota | Federal Reserve Bank of Minneapolis
minneapolis_public_communications,https://minneapolisfed.org/speeches/2014/monetary-policy-report-to-the-minnesota-business-partnership,NO_AUDITABLE_EVENT_DATE,Monetary Policy Report to the Minnesota Business Partnership | Federal Reserve Bank of Minneapolis
minneapolis_public_communications,https://minneapolisfed.org/speeches/2014/monetary-policy-report-to-the-people-of-rochester-minnesota,NO_AUDITABLE_EVENT_DATE,"Monetary Policy Report to the People of Rochester, Minnesota | Federal Reserve Bank of Minneapolis"
minneapolis_public_communications,https://minneapolisfed.org/speeches/2014/on-the-objectives-of-monetary-policy,NO_AUDITABLE_EVENT_DATE,On the Objectives of Monetary Policy | Federal Reserve Bank of Minneapolis
minneapolis_public_communications,https://minneapolisfed.org/speeches/2014/reflections-on-diversity,NO_AUDITABLE_EVENT_DATE,Reflections on Diversity | Federal Reserve Bank of Minneapolis
minneapolis_public_communications,https://minneapolisfed.org/speeches/2014/state-of-the-west-symposium,NO_AUDITABLE_EVENT_DATE,State of the West Symposium | Federal Reserve Bank of Minneapolis
minneapolis_public_communications,https://minneapolisfed.org/speeches/2014/the-current-and-future-state-of-community-banking,NO_AUDITABLE_EVENT_DATE,The Current and Future State of Community Banking | Federal Reserve Bank of Minneapolis
minneapolis_public_communications,https://minneapolisfed.org/speeches/2015/creating-a-clear-path-to-native-american-homeownership,NO_IN_SCOPE_POLICYMAKER,Creating a Clear Path to Native American Homeownership | Center for Indian Country Development
minneapolis_public_communications,https://minneapolisfed.org/speeches/2015/early-childhood-development-in-indian-country-conference-welcome-remarks,NO_IN_SCOPE_POLICYMAKER,Early Childhood Development in Indian Country Conference Welcome Remarks | Federal Reserve Bank of Minneapolis
minneapolis_public_communications,https://minneapolisfed.org/speeches/2015/fiscal-policy-and-the-long-run-neutral-real-interest-rate,NO_AUDITABLE_EVENT_DATE,Fiscal Policy and the Long-Run Neutral Real Interest Rate | Federal Reserve Bank of Minneapolis
minneapolis_public_communications,https://minneapolisfed.org/speeches/2015/goal-based-monetary-policy-report,NO_AUDITABLE_EVENT_DATE,Goal-Based Monetary Policy Report | Federal Reserve Bank of Minneapolis
minneapolis_public_communications,https://minneapolisfed.org/speeches/2015/goal-based-monetary-policy-report-jan-16,NO_AUDITABLE_EVENT_DATE,Goal-Based Monetary Policy Report | Federal Reserve Bank of Minneapolis
minneapolis_public_communications,https://minneapolisfed.org/speeches/2015/mortgage-lending-in-indian-country-convening-welcome-remarks,NO_IN_SCOPE_POLICYMAKER,Mortgage Lending in Indian Country Convening Welcome Remarks | Center for Indian Country Development
minneapolis_public_communications,https://minneapolisfed.org/speeches/2015/opening-remarks-2015-09-02,NO_AUDITABLE_EVENT_DATE,Opening Remarks | Federal Reserve Bank of Minneapolis
minneapolis_public_communications,https://minneapolisfed.org/speeches/2015/opening-remarks-marshall,NO_AUDITABLE_EVENT_DATE,Opening Remarks | Federal Reserve Bank of Minneapolis
minneapolis_public_communications,https://minneapolisfed.org/speeches/2015/opening-remarks-winona,NO_AUDITABLE_EVENT_DATE,Opening Remarks | Federal Reserve Bank of Minneapolis
minneapolis_public_communications,https://minneapolisfed.org/speeches/2015/persistent-poverty-on-indian-reservations-new-perspectives-and-responses,NO_AUDITABLE_EVENT_DATE,Persistent Poverty on Indian Reservations: New Perspectives and Responses | Federal Reserve Bank of Minneapolis
minneapolis_public_communications,https://minneapolisfed.org/speeches/2015/public-debt-and-the-long-run-neutral-real-interest-rate,NO_AUDITABLE_EVENT_DATE,Public Debt and the Long-Run Neutral Real Interest Rate | Federal Reserve Bank of Minneapolis
minneapolis_public_communications,https://minneapolisfed.org/speeches/2015/room-for-improvement,NO_AUDITABLE_EVENT_DATE,Room for Improvement | Federal Reserve Bank of Minneapolis
minneapolis_public_communications,https://minneapolisfed.org/speeches/2015/rules-versus-discretion-a-reconsideration,NO_AUDITABLE_EVENT_DATE,Rules Versus Discretion: A Reconsideration | Federal Reserve Bank of Minneapolis
minneapolis_public_communications,https://minneapolisfed.org/speeches/2015/still-room-for-improvement,NO_AUDITABLE_EVENT_DATE,Still Room for Improvement | Federal Reserve Bank of Minneapolis
minneapolis_public_communications,https://minneapolisfed.org/speeches/2015/thoughts-on-monetary-policy-and-community-banks,NO_AUDITABLE_EVENT_DATE,Thoughts on Monetary Policy and Community Banks | Federal Reserve Bank of Minneapolis
minneapolis_public_communications,https://minneapolisfed.org/speeches/2015/we-can-do-better-bismarck,NO_AUDITABLE_EVENT_DATE,We Can Do Better | Federal Reserve Bank of Minneapolis
minneapolis_public_communications,https://minneapolisfed.org/speeches/2015/we-can-do-better-bloomington,NO_AUDITABLE_EVENT_DATE,We Can Do Better | Federal Reserve Bank of Minneapolis
minneapolis_public_communications,https://minneapolisfed.org/speeches/2016/an-evening-with-neel-kashkari-at-the-university-of-montana,NO_AUDITABLE_EVENT_DATE,An Evening with Neel Kashkari at the University of Montana | Federal Reserve Bank of Minneapolis
minneapolis_public_communications,https://minneapolisfed.org/speeches/2016/lessons-from-the-crisis-ending-too-big-to-fail,NO_AUDITABLE_EVENT_DATE,Lessons from the Crisis: Ending Too Big to Fail | Federal Reserve Bank of Minneapolis
minneapolis_public_communications,https://minneapolisfed.org/speeches/2016/qa-with-neel-kashkari,NO_AUDITABLE_EVENT_DATE,Q&A with Neel Kashkari | Federal Reserve Bank of Minneapolis
minneapolis_public_communications,https://minneapolisfed.org/speeches/2016/town-hall-event-featuring-president-kashkari,NO_AUDITABLE_EVENT_DATE,Town Hall Event Featuring President Kashkari | Federal Reserve Bank of Minneapolis
minneapolis_public_communications,https://minneapolisfed.org/speeches/2017/ending-too-big-to-fail-the-minneapolis-plan-at-the-nabe-economic-policy-conference,NO_AUDITABLE_EVENT_DATE,Ending Too Big to Fail – The Minneapolis Plan at the NABE Economic Policy Conference | Federal Reserve Bank of Minneapolis
minneapolis_public_communications,https://minneapolisfed.org/speeches/2017/introducing-the-opportunity-and-inclusive-growth-institute,NO_AUDITABLE_EVENT_DATE,Introducing the Opportunity and Inclusive Growth Institute | Federal Reserve Bank of Minneapolis
minneapolis_public_communications,https://minneapolisfed.org/speeches/2019/neel-kashkari-at-the-federal-home-loan-bank-of-des-moines-leadership-summit,NO_AUDITABLE_EVENT_DATE,Neel Kashkari at the Federal Home Loan Bank of Des Moines Leadership Summit | Federal Reserve Bank of Minneapolis
minneapolis_public_communications,https://minneapolisfed.org/speeches/2019/us-senate-testimony-lending-opportunities,NO_AUDITABLE_EVENT_DATE,U.S. Senate testimony Lending Opportunities Opening the Door to Homeownership in Indian Country | Center for Indian Country Development
new_york_public_communications,https://www.newyorkfed.org/newsevents/speeches/1996/ep960125,NO_AUDITABLE_EVENT_DATE,Patrikis: Future Directions for Real-Time Gross Settlement Systems--The United States Perspective
new_york_public_communications,https://www.newyorkfed.org/newsevents/speeches/1996/ep960224,NO_AUDITABLE_EVENT_DATE,Patrikis: Session III: Price Transparency--A Quote is a Quote is a . . .
new_york_public_communications,https://www.newyorkfed.org/newsevents/speeches/1996/ep960409,NO_AUDITABLE_EVENT_DATE,Patrikis: Dealer/End-User Relationships--What They Are and What They Should Be
new_york_public_communications,https://www.newyorkfed.org/newsevents/speeches/1996/ep960416,NO_AUDITABLE_EVENT_DATE,Patrikis: The Controversy Continues: Gross Vs. Net Settlement
new_york_public_communications,https://www.newyorkfed.org/newsevents/speeches/1996/ep960416b,NO_AUDITABLE_EVENT_DATE,Patrikis: Maximizing Customer Service and Productivity Through Technology
new_york_public_communications,https://www.newyorkfed.org/newsevents/speeches/1996/ep960430,NO_AUDITABLE_EVENT_DATE,Patrikis: Developments on the Management of Foreign Exchange Settlement Risk
new_york_public_communications,https://www.newyorkfed.org/newsevents/speeches/1996/ep960523,NO_AUDITABLE_EVENT_DATE,Patrikis: Islamic Finance in the United States--The Regulatory Framework
new_york_public_communications,https://www.newyorkfed.org/newsevents/speeches/1996/ep960925,NO_AUDITABLE_EVENT_DATE,"Patrikis, Hansen and Poulos: Q'est-ce Que C'est ""Netting""?"
new_york_public_communications,https://www.newyorkfed.org/newsevents/speeches/1996/ep961023,NO_AUDITABLE_EVENT_DATE,Patrikis: Recreating the Payment System Franchise--Lost Territory or New Ground?
new_york_public_communications,https://www.newyorkfed.org/newsevents/speeches/1996/pf961008,NO_AUDITABLE_EVENT_DATE,Fisher: Market Surveillance
new_york_public_communications,https://www.newyorkfed.org/newsevents/speeches/1996/sp960111,NO_AUDITABLE_EVENT_DATE,McDonough: The Role of Monetary Policy in Achieving and Maintaining a Noninflationary Growth Environment
new_york_public_communications,https://www.newyorkfed.org/newsevents/speeches/1996/sp960125,NO_AUDITABLE_EVENT_DATE,"McDonough: The Major Risks that Face Payments, Clearance and Settlement Systems"
new_york_public_communications,https://www.newyorkfed.org/newsevents/speeches/1996/sp960227,NO_AUDITABLE_EVENT_DATE,McDonough: The Performance of the U.S. Economy in 1995 and the Outlook for this Year
new_york_public_communications,https://www.newyorkfed.org/newsevents/speeches/1996/sp960321,NO_AUDITABLE_EVENT_DATE,McDonough: A Strategy for Monetary Policy
new_york_public_communications,https://www.newyorkfed.org/newsevents/speeches/1996/sp960323,NO_AUDITABLE_EVENT_DATE,McDonough: Achieving Bank Safety and Soundness
new_york_public_communications,https://www.newyorkfed.org/newsevents/speeches/1996/sp960424,NO_AUDITABLE_EVENT_DATE,McDonough: Economic Growth and Investment in Human Capital
new_york_public_communications,https://www.newyorkfed.org/newsevents/speeches/1996/sp960605,NO_AUDITABLE_EVENT_DATE,McDonough: The Performance of the National and Regional Economies
new_york_public_communications,https://www.newyorkfed.org/newsevents/speeches/1996/sp960911,NO_AUDITABLE_EVENT_DATE,McDonough: The Performance of the National and Regional Economies
new_york_public_communications,https://www.newyorkfed.org/newsevents/speeches/1996/sp961002,NO_AUDITABLE_EVENT_DATE,McDonough: The Importance of Price Stability
new_york_public_communications,https://www.newyorkfed.org/newsevents/speeches/1996/sp961008,NO_AUDITABLE_EVENT_DATE,McDonough: The Transformation of Retail Payments Business
new_york_public_communications,https://www.newyorkfed.org/newsevents/speeches/1996/sp961023,NO_AUDITABLE_EVENT_DATE,McDonough: The Performance of the National and Regional Economies
new_york_public_communications,https://www.newyorkfed.org/newsevents/speeches/1996/sp961106,NO_AUDITABLE_EVENT_DATE,McDonough: The Performance of the National and Regional Economies
new_york_public_communications,https://www.newyorkfed.org/newsevents/speeches/1996/sp961203,NO_AUDITABLE_EVENT_DATE,McDonough: Asia and the World Economy--A Central Banker's Perspective
new_york_public_communications,https://www.newyorkfed.org/newsevents/speeches/1997/ep970124,NO_AUDITABLE_EVENT_DATE,Patrikis: Internet Banking and Payment
new_york_public_communications,https://www.newyorkfed.org/newsevents/speeches/1997/ep970303,NO_AUDITABLE_EVENT_DATE,Patrikis: Supervision and Regulation
new_york_public_communications,https://www.newyorkfed.org/newsevents/speeches/1997/ep970415,NO_AUDITABLE_EVENT_DATE,Patrikis: Perspectives on Future Improvements to the Payments System
new_york_public_communications,https://www.newyorkfed.org/newsevents/speeches/1997/ep971030,NO_AUDITABLE_EVENT_DATE,Patrikis: Retail Banking Evolution and Risks
new_york_public_communications,https://www.newyorkfed.org/newsevents/speeches/1997/pf970116,NO_AUDITABLE_EVENT_DATE,Fisher: Views on the Repo Market
new_york_public_communications,https://www.newyorkfed.org/newsevents/speeches/1997/pf971128,NO_AUDITABLE_EVENT_DATE,Fisher: Global Currency Market Risks and Rewards
new_york_public_communications,https://www.newyorkfed.org/newsevents/speeches/1997/sp970530,NO_AUDITABLE_EVENT_DATE,McDonough: Views on the Conduct of Monetary Policy
new_york_public_communications,https://www.newyorkfed.org/newsevents/speeches/1997/sp970723,NO_AUDITABLE_EVENT_DATE,McDonough: Semi-Annual Report to Congress under the Humphrey-Hughes Act
new_york_public_communications,https://www.newyorkfed.org/newsevents/speeches/1997/sp970910,NO_AUDITABLE_EVENT_DATE,McDonough: The Changing Role of Supervision
new_york_public_communications,https://www.newyorkfed.org/newsevents/speeches/1997/sp970921,NO_AUDITABLE_EVENT_DATE,McDonough: The Year 2000 Challenges
new_york_public_communications,https://www.newyorkfed.org/newsevents/speeches/1997/sp971117,NO_AUDITABLE_EVENT_DATE,McDonough: A U.S. Perspective on Economic and Monetary Union in Europe
new_york_public_communications,https://www.newyorkfed.org/newsevents/speeches/1997/sp971202,NO_AUDITABLE_EVENT_DATE,McDonough: New York City's Economy
new_york_public_communications,https://www.newyorkfed.org/newsevents/speeches/1997/wm970211,NO_AUDITABLE_EVENT_DATE,McDonough: The Role of Central Banks in Ensuring a Stable Price and Financial Environment
new_york_public_communications,https://www.newyorkfed.org/newsevents/speeches/1998/cbf981007,NO_AUDITABLE_EVENT_DATE,Feldberg: Looking to the Year 2000 and Beyond
new_york_public_communications,https://www.newyorkfed.org/newsevents/speeches/1998/ep980224,NO_AUDITABLE_EVENT_DATE,Patrikis: Operational Risk in Clearing and Settlement Systems
new_york_public_communications,https://www.newyorkfed.org/newsevents/speeches/1998/ep980309,NO_AUDITABLE_EVENT_DATE,Patrikis: Global Electronic Commerce--The Next Century
new_york_public_communications,https://www.newyorkfed.org/newsevents/speeches/1998/ep980402-3,NO_AUDITABLE_EVENT_DATE,Patrikis: The Federal Reserve System's Supervision and Regulation of the Foreign Operations of United States Banking Organizations
new_york_public_communications,https://www.newyorkfed.org/newsevents/speeches/1998/ep980427,NO_AUDITABLE_EVENT_DATE,Patrikis: Japan's Big Bang Financial Reforms
new_york_public_communications,https://www.newyorkfed.org/newsevents/speeches/1998/ep980528,NO_AUDITABLE_EVENT_DATE,Patrikis: A Central Bank View of Emerging Consumer Payment Systems
new_york_public_communications,https://www.newyorkfed.org/newsevents/speeches/1998/ep980623,NO_AUDITABLE_EVENT_DATE,Patrikis: before the House Committee on Banking and Financial Services
new_york_public_communications,https://www.newyorkfed.org/newsevents/speeches/1998/ep980706,NO_AUDITABLE_EVENT_DATE,Patrikis: before the Special Committee on the Year 2000 Technology Problem
new_york_public_communications,https://www.newyorkfed.org/newsevents/speeches/1998/jh980402-3,NO_AUDITABLE_EVENT_DATE,Hansen: The Federal Reserve System Supervision and Regulation of the Transactions and Affiliations of United States Member Banks
new_york_public_communications,https://www.newyorkfed.org/newsevents/speeches/1998/mcd012398,OUTSIDE_COVERAGE,2000-01-01
new_york_public_communications,https://www.newyorkfed.org/newsevents/speeches/1998/mcd980430,NO_AUDITABLE_EVENT_DATE,McDonough: Significance of the Year 2000 Issue
new_york_public_communications,https://www.newyorkfed.org/newsevents/speeches/1998/mcd980504,NO_AUDITABLE_EVENT_DATE,McDonough: Acceptance of a Distinguished Leadership Award
new_york_public_communications,https://www.newyorkfed.org/newsevents/speeches/1998/mcd980922,NO_AUDITABLE_EVENT_DATE,McDonough: Issues for the Basel Accord
new_york_public_communications,https://www.newyorkfed.org/newsevents/speeches/1998/mcd981001,NO_AUDITABLE_EVENT_DATE,"McDonough: Private-Sector Refinancing of the Large Hedge Fund, Long-Term Capital Management"
new_york_public_communications,https://www.newyorkfed.org/newsevents/speeches/1998/mcd981124,NO_AUDITABLE_EVENT_DATE,"McDonough: Credit Risk and the ""Level Playing Field"""
new_york_public_communications,https://www.newyorkfed.org/newsevents/speeches/1998/mcd981214,NO_AUDITABLE_EVENT_DATE,McDonough: The Role of Central Banks in the Global Financial Markets
new_york_public_communications,https://www.newyorkfed.org/newsevents/speeches/1998/mcdon0722,NO_AUDITABLE_EVENT_DATE,McDonough: The Importance of Sound Financial Systems
new_york_public_communications,https://www.newyorkfed.org/newsevents/speeches/1998/mcdon115,NO_AUDITABLE_EVENT_DATE,McDonough: The Year 2000 Issue
new_york_public_communications,https://www.newyorkfed.org/newsevents/speeches/1998/mcdon4898,NO_AUDITABLE_EVENT_DATE,McDonough: Observations About Financial Market Readiness for Year 2000
new_york_public_communications,https://www.newyorkfed.org/newsevents/speeches/1998/mcdon981019,OUTSIDE_COVERAGE,2000-01-01
new_york_public_communications,https://www.newyorkfed.org/newsevents/speeches/1998/mcdon981022,NO_AUDITABLE_EVENT_DATE,McDonough: Keynote Address for the 10th International Conference of Banking Supervisors
new_york_public_communications,https://www.newyorkfed.org/newsevents/speeches/1998/pf981015,NO_AUDITABLE_EVENT_DATE,Fisher: The Extraordinary Events in Credit Markets Over the Last Sixty Days
new_york_public_communications,https://www.newyorkfed.org/newsevents/speeches/1999/mcd990120,NO_AUDITABLE_EVENT_DATE,McDonough: The Changing Role of Bank Capital
new_york_public_communications,https://www.newyorkfed.org/newsevents/speeches/1999/mcd990121,NO_AUDITABLE_EVENT_DATE,McDonough: Supporting the Resiliency and Liquidity of our Capital Markets
new_york_public_communications,https://www.newyorkfed.org/newsevents/speeches/1999/mcd990303,NO_AUDITABLE_EVENT_DATE,McDonough: Emerging Issues after the Near-Collapse of Long-Term Capital Management
new_york_public_communications,https://www.newyorkfed.org/newsevents/speeches/1999/mcd990317,NO_AUDITABLE_EVENT_DATE,"McDonough: The Changing Nature of Banking, Risk and Capital Regulation"
new_york_public_communications,https://www.newyorkfed.org/newsevents/speeches/1999/mcd990324,NO_AUDITABLE_EVENT_DATE,McDonough: Hedge Funds
new_york_public_communications,https://www.newyorkfed.org/newsevents/speeches/1999/mcd990603,NO_AUDITABLE_EVENT_DATE,McDonough: Consultative Paper on a New Capital Adequacy Framework
new_york_public_communications,https://www.newyorkfed.org/newsevents/speeches/1999/mcd990622,NO_AUDITABLE_EVENT_DATE,McDonough: Accepting the Distinguished Achievement Award for 1999
new_york_public_communications,https://www.newyorkfed.org/newsevents/speeches/1999/mcd991117,NO_AUDITABLE_EVENT_DATE,McDonough: Global Financial Reform: A Regulator's Perspective
new_york_public_communications,https://www.newyorkfed.org/newsevents/speeches/1999/pf991201,NO_AUDITABLE_EVENT_DATE,Fisher: Money Market and the Century Date Change
new_york_public_communications,https://www.newyorkfed.org/newsevents/speeches/2000/js000911,OUTSIDE_COVERAGE,2000-09-11
new_york_public_communications,https://www.newyorkfed.org/newsevents/speeches/2000/mcdon000324,OUTSIDE_COVERAGE,2000-03-24
new_york_public_communications,https://www.newyorkfed.org/newsevents/speeches/2000/mcdon000330,OUTSIDE_COVERAGE,2000-03-30
new_york_public_communications,https://www.newyorkfed.org/newsevents/speeches/2000/mcdon000406,OUTSIDE_COVERAGE,2000-04-06
new_york_public_communications,https://www.newyorkfed.org/newsevents/speeches/2000/mcdon000613,OUTSIDE_COVERAGE,2000-06-13
new_york_public_communications,https://www.newyorkfed.org/newsevents/speeches/2000/mcdon000619,OUTSIDE_COVERAGE,2000-06-19
new_york_public_communications,https://www.newyorkfed.org/newsevents/speeches/2000/mcdon000708,OUTSIDE_COVERAGE,2000-07-08
new_york_public_communications,https://www.newyorkfed.org/newsevents/speeches/2000/mcdon000920,OUTSIDE_COVERAGE,2000-09-20
new_york_public_communications,https://www.newyorkfed.org/newsevents/speeches/2000/stw000509,OUTSIDE_COVERAGE,2000-05-09
new_york_public_communications,https://www.newyorkfed.org/newsevents/speeches/2000/stw001024,OUTSIDE_COVERAGE,2000-10-24
new_york_public_communications,https://www.newyorkfed.org/newsevents/speeches/2001/kos011206,OUTSIDE_COVERAGE,2001-12-06
new_york_public_communications,https://www.newyorkfed.org/newsevents/speeches/2001/mc010205,OUTSIDE_COVERAGE,2001-02-05
new_york_public_communications,https://www.newyorkfed.org/newsevents/speeches/2001/mc010503,OUTSIDE_COVERAGE,2001-05-03
new_york_public_communications,https://www.newyorkfed.org/newsevents/speeches/2001/mc010906,OUTSIDE_COVERAGE,2001-09-06
new_york_public_communications,https://www.newyorkfed.org/newsevents/speeches/2001/stw011201,OUTSIDE_COVERAGE,2001-01-12
new_york_public_communications,https://www.newyorkfed.org/newsevents/speeches/2002/kos020502,OUTSIDE_COVERAGE,2002-02-05
new_york_public_communications,https://www.newyorkfed.org/newsevents/speeches/2002/mcd020425,OUTSIDE_COVERAGE,2002-04-25
new_york_public_communications,https://www.newyorkfed.org/newsevents/speeches/2002/mcd020514,OUTSIDE_COVERAGE,2002-05-14
new_york_public_communications,https://www.newyorkfed.org/newsevents/speeches/2002/mcd020702,OUTSIDE_COVERAGE,2002-07-02
new_york_public_communications,https://www.newyorkfed.org/newsevents/speeches/2002/mcd020911,OUTSIDE_COVERAGE,2002-09-11
new_york_public_communications,https://www.newyorkfed.org/newsevents/speeches/2002/mcd020917,OUTSIDE_COVERAGE,2002-09-29
new_york_public_communications,https://www.newyorkfed.org/newsevents/speeches/2002/mcd020929,OUTSIDE_COVERAGE,2002-09-29
new_york_public_communications,https://www.newyorkfed.org/newsevents/speeches/2002/mcd021017,OUTSIDE_COVERAGE,2002-10-17
new_york_public_communications,https://www.newyorkfed.org/newsevents/speeches/2002/stw020205,OUTSIDE_COVERAGE,2002-02-05
new_york_public_communications,https://www.newyorkfed.org/newsevents/speeches/2002/stw020409,OUTSIDE_COVERAGE,2002-04-25
new_york_public_communications,https://www.newyorkfed.org/newsevents/speeches/2003/kos031024,OUTSIDE_COVERAGE,2003-10-24
new_york_public_communications,https://www.newyorkfed.org/newsevents/speeches/2003/mcd030204,OUTSIDE_COVERAGE,2003-02-04
new_york_public_communications,https://www.newyorkfed.org/newsevents/speeches/2003/mcd030211,OUTSIDE_COVERAGE,2003-02-11
new_york_public_communications,https://www.newyorkfed.org/newsevents/speeches/2003/mcd030319,OUTSIDE_COVERAGE,2003-03-20
new_york_public_communications,https://www.newyorkfed.org/newsevents/speeches/2003/rut030917,OUTSIDE_COVERAGE,2003-09-17
new_york_public_communications,https://www.newyorkfed.org/newsevents/speeches/2003/rut031303,OUTSIDE_COVERAGE,2003-03-13
new_york_public_communications,https://www.newyorkfed.org/newsevents/speeches/2004/bax040520,OUTSIDE_COVERAGE,2004-05-20
new_york_public_communications,https://www.newyorkfed.org/newsevents/speeches/2004/bax040602,OUTSIDE_COVERAGE,2004-06-02
new_york_public_communications,https://www.newyorkfed.org/newsevents/speeches/2004/bax041015,OUTSIDE_COVERAGE,2004-10-14
new_york_public_communications,https://www.newyorkfed.org/newsevents/speeches/2004/cum040504,OUTSIDE_COVERAGE,2004-05-04
new_york_public_communications,https://www.newyorkfed.org/newsevents/speeches/2004/gei040325,OUTSIDE_COVERAGE,2004-03-25
new_york_public_communications,https://www.newyorkfed.org/newsevents/speeches/2004/gei040527,OUTSIDE_COVERAGE,2004-05-27
new_york_public_communications,https://www.newyorkfed.org/newsevents/speeches/2004/gei040609,OUTSIDE_COVERAGE,2004-06-09
new_york_public_communications,https://www.newyorkfed.org/newsevents/speeches/2004/gei040610,OUTSIDE_COVERAGE,2004-06-10
new_york_public_communications,https://www.newyorkfed.org/newsevents/speeches/2004/gei041001,OUTSIDE_COVERAGE,2004-10-01
new_york_public_communications,https://www.newyorkfed.org/newsevents/speeches/2004/gei041014,OUTSIDE_COVERAGE,2004-10-14
new_york_public_communications,https://www.newyorkfed.org/newsevents/speeches/2004/gei041117,OUTSIDE_COVERAGE,2004-11-17
new_york_public_communications,https://www.newyorkfed.org/newsevents/speeches/2004/gei041209,OUTSIDE_COVERAGE,2004-12-08
new_york_public_communications,https://www.newyorkfed.org/newsevents/speeches/2004/rut040322,OUTSIDE_COVERAGE,2004-03-22
new_york_public_communications,https://www.newyorkfed.org/newsevents/speeches/2005/bax050301,OUTSIDE_COVERAGE,2005-03-01
new_york_public_communications,https://www.newyorkfed.org/newsevents/speeches/2005/bax050302,OUTSIDE_COVERAGE,2005-03-02
new_york_public_communications,https://www.newyorkfed.org/newsevents/speeches/2005/gei050113,OUTSIDE_COVERAGE,2005-01-13
new_york_public_communications,https://www.newyorkfed.org/newsevents/speeches/2005/gei050119,OUTSIDE_COVERAGE,2005-01-19
new_york_public_communications,https://www.newyorkfed.org/newsevents/speeches/2005/gei050209,OUTSIDE_COVERAGE,2005-02-09
new_york_public_communications,https://www.newyorkfed.org/newsevents/speeches/2005/gei050329,OUTSIDE_COVERAGE,2005-03-30
new_york_public_communications,https://www.newyorkfed.org/newsevents/speeches/2005/gei050404,OUTSIDE_COVERAGE,2005-04-01
new_york_public_communications,https://www.newyorkfed.org/newsevents/speeches/2005/gei050412,OUTSIDE_COVERAGE,2005-04-12
new_york_public_communications,https://www.newyorkfed.org/newsevents/speeches/2005/gei050419,OUTSIDE_COVERAGE,2005-04-19
new_york_public_communications,https://www.newyorkfed.org/newsevents/speeches/2005/gei050420,OUTSIDE_COVERAGE,2005-04-20
new_york_public_communications,https://www.newyorkfed.org/newsevents/speeches/2005/gei050925,OUTSIDE_COVERAGE,2005-09-25
new_york_public_communications,https://www.newyorkfed.org/newsevents/speeches/2005/gei051018,OUTSIDE_COVERAGE,2005-10-18
new_york_public_communications,https://www.newyorkfed.org/newsevents/speeches/2005/gei051019,OUTSIDE_COVERAGE,2005-10-19
new_york_public_communications,https://www.newyorkfed.org/newsevents/speeches/2005/rut050422,OUTSIDE_COVERAGE,2005-04-19
new_york_public_communications,https://www.newyorkfed.org/newsevents/speeches/2005/rut050517,OUTSIDE_COVERAGE,2005-05-16
new_york_public_communications,https://www.newyorkfed.org/newsevents/speeches/2005/rut050901,OUTSIDE_COVERAGE,2005-09-01
new_york_public_communications,https://www.newyorkfed.org/newsevents/speeches/2006/gei060111,OUTSIDE_COVERAGE,2006-01-11
new_york_public_communications,https://www.newyorkfed.org/newsevents/speeches/2006/gei060123,OUTSIDE_COVERAGE,2006-01-23
new_york_public_communications,https://www.newyorkfed.org/newsevents/speeches/2006/gei060228,OUTSIDE_COVERAGE,2006-02-28
new_york_public_communications,https://www.newyorkfed.org/newsevents/speeches/2006/gei060309,OUTSIDE_COVERAGE,2006-03-09
new_york_public_communications,https://www.newyorkfed.org/newsevents/speeches/2006/gei060405,OUTSIDE_COVERAGE,2006-04-05
new_york_public_communications,https://www.newyorkfed.org/newsevents/speeches/2006/gei060516,OUTSIDE_COVERAGE,2006-05-16
new_york_public_communications,https://www.newyorkfed.org/newsevents/speeches/2006/gei060519,OUTSIDE_COVERAGE,2006-05-19
new_york_public_communications,https://www.newyorkfed.org/newsevents/speeches/2006/gei060531,OUTSIDE_COVERAGE,2006-05-31
new_york_public_communications,https://www.newyorkfed.org/newsevents/speeches/2006/gei060914,OUTSIDE_COVERAGE,2006-09-15
new_york_public_communications,https://www.newyorkfed.org/newsevents/speeches/2006/gei061004,OUTSIDE_COVERAGE,2006-10-04
new_york_public_communications,https://www.newyorkfed.org/newsevents/speeches/2006/gei061026,OUTSIDE_COVERAGE,2006-10-26
new_york_public_communications,https://www.newyorkfed.org/newsevents/speeches/2006/kos060511,OUTSIDE_COVERAGE,2006-05-11
new_york_public_communications,https://www.newyorkfed.org/newsevents/speeches/2006/rut060410,OUTSIDE_COVERAGE,2006-04-10
new_york_public_communications,https://www.newyorkfed.org/newsevents/speeches/2006/rut060725,OUTSIDE_COVERAGE,2006-07-25
new_york_public_communications,https://www.newyorkfed.org/newsevents/speeches/2007/che070604,OUTSIDE_COVERAGE,2007-05-31
new_york_public_communications,https://www.newyorkfed.org/newsevents/speeches/2007/dud071017,OUTSIDE_COVERAGE,2007-10-17
new_york_public_communications,https://www.newyorkfed.org/newsevents/speeches/2007/dud071213,OUTSIDE_COVERAGE,2007-12-13
new_york_public_communications,https://www.newyorkfed.org/newsevents/speeches/2007/gei070111,OUTSIDE_COVERAGE,2007-01-11
new_york_public_communications,https://www.newyorkfed.org/newsevents/speeches/2007/gei070228,OUTSIDE_COVERAGE,2007-02-28
new_york_public_communications,https://www.newyorkfed.org/newsevents/speeches/2007/gei070323,OUTSIDE_COVERAGE,2007-03-23
new_york_public_communications,https://www.newyorkfed.org/newsevents/speeches/2007/gei070417,OUTSIDE_COVERAGE,2007-04-17
new_york_public_communications,https://www.newyorkfed.org/newsevents/speeches/2007/gei070504,OUTSIDE_COVERAGE,2007-05-04
new_york_public_communications,https://www.newyorkfed.org/newsevents/speeches/2007/gei070515,OUTSIDE_COVERAGE,2007-05-15
new_york_public_communications,https://www.newyorkfed.org/newsevents/speeches/2007/gei070613,OUTSIDE_COVERAGE,2007-06-13
new_york_public_communications,https://www.newyorkfed.org/newsevents/speeches/2007/gei070620,OUTSIDE_COVERAGE,2007-06-20
new_york_public_communications,https://www.newyorkfed.org/newsevents/speeches/2007/gei070725,OUTSIDE_COVERAGE,2007-07-25
new_york_public_communications,https://www.newyorkfed.org/newsevents/speeches/2007/gei071213,OUTSIDE_COVERAGE,2007-12-13
new_york_public_communications,https://www.newyorkfed.org/newsevents/speeches/2008/che080409,OUTSIDE_COVERAGE,2008-09-02
new_york_public_communications,https://www.newyorkfed.org/newsevents/speeches/2008/dud080515,OUTSIDE_COVERAGE,2008-05-15
new_york_public_communications,https://www.newyorkfed.org/newsevents/speeches/2008/gei080306,OUTSIDE_COVERAGE,2008-03-06
new_york_public_communications,https://www.newyorkfed.org/newsevents/speeches/2008/gei080403,OUTSIDE_COVERAGE,2008-04-03
new_york_public_communications,https://www.newyorkfed.org/newsevents/speeches/2008/gei080724,OUTSIDE_COVERAGE,2008-07-24
new_york_public_communications,https://www.newyorkfed.org/newsevents/speeches/2008/tfg080609,OUTSIDE_COVERAGE,2008-06-09
new_york_public_communications,https://www.newyorkfed.org/newsevents/speeches/2009/che091202,OUTSIDE_COVERAGE,2009-12-02
new_york_public_communications,https://www.newyorkfed.org/newsevents/speeches/2009/dud090210,OUTSIDE_COVERAGE,2009-02-10
new_york_public_communications,https://www.newyorkfed.org/newsevents/speeches/2009/dud090306,OUTSIDE_COVERAGE,2009-03-06
new_york_public_communications,https://www.newyorkfed.org/newsevents/speeches/2009/dud090324,OUTSIDE_COVERAGE,2009-03-24
new_york_public_communications,https://www.newyorkfed.org/newsevents/speeches/2009/dud090418,OUTSIDE_COVERAGE,2009-04-18
new_york_public_communications,https://www.newyorkfed.org/newsevents/speeches/2009/dud090604,OUTSIDE_COVERAGE,2009-06-04
new_york_public_communications,https://www.newyorkfed.org/newsevents/speeches/2009/dud090702,OUTSIDE_COVERAGE,2009-06-26
new_york_public_communications,https://www.newyorkfed.org/newsevents/speeches/2009/dud090729,OUTSIDE_COVERAGE,2009-07-29
new_york_public_communications,https://www.newyorkfed.org/newsevents/speeches/2009/dud091005,OUTSIDE_COVERAGE,2009-10-05
new_york_public_communications,https://www.newyorkfed.org/newsevents/speeches/2009/dud091013,OUTSIDE_COVERAGE,2009-10-13
new_york_public_communications,https://www.newyorkfed.org/newsevents/speeches/2009/dud091113,OUTSIDE_COVERAGE,2009-11-13
new_york_public_communications,https://www.newyorkfed.org/newsevents/speeches/2009/dud091207,OUTSIDE_COVERAGE,2009-12-07
new_york_public_communications,https://www.newyorkfed.org/newsevents/speeches/2009/sac091202,OUTSIDE_COVERAGE,2009-12-02
new_york_public_communications,https://www.newyorkfed.org/newsevents/speeches/2009/sch090528,OUTSIDE_COVERAGE,2009-05-28
new_york_public_communications,https://www.newyorkfed.org/newsevents/speeches/2010/bax100127,OUTSIDE_COVERAGE,2010-01-27
new_york_public_communications,https://www.newyorkfed.org/newsevents/speeches/2010/bax100901,OUTSIDE_COVERAGE,2010-09-01
new_york_public_communications,https://www.newyorkfed.org/newsevents/speeches/2010/bax101119,OUTSIDE_COVERAGE,2010-11-16
new_york_public_communications,https://www.newyorkfed.org/newsevents/speeches/2010/bax_dah100526,OUTSIDE_COVERAGE,2010-05-26
new_york_public_communications,https://www.newyorkfed.org/newsevents/speeches/2010/che101119,OUTSIDE_COVERAGE,2010-11-17
new_york_public_communications,https://www.newyorkfed.org/newsevents/speeches/2010/cum101025,OUTSIDE_COVERAGE,2010-10-25
new_york_public_communications,https://www.newyorkfed.org/newsevents/speeches/2010/dud100120,OUTSIDE_COVERAGE,2010-01-20
new_york_public_communications,https://www.newyorkfed.org/newsevents/speeches/2010/dud100208,OUTSIDE_COVERAGE,2010-02-08
new_york_public_communications,https://www.newyorkfed.org/newsevents/speeches/2010/dud100219,OUTSIDE_COVERAGE,2010-02-19
new_york_public_communications,https://www.newyorkfed.org/newsevents/speeches/2010/dud100226,OUTSIDE_COVERAGE,2010-02-26
new_york_public_communications,https://www.newyorkfed.org/newsevents/speeches/2010/dud100311,OUTSIDE_COVERAGE,2010-03-11
new_york_public_communications,https://www.newyorkfed.org/newsevents/speeches/2010/dud100401,OUTSIDE_COVERAGE,2010-04-01
new_york_public_communications,https://www.newyorkfed.org/newsevents/speeches/2010/dud100407,OUTSIDE_COVERAGE,2010-04-07
new_york_public_communications,https://www.newyorkfed.org/newsevents/speeches/2010/dud100414,OUTSIDE_COVERAGE,2010-04-14
new_york_public_communications,https://www.newyorkfed.org/newsevents/speeches/2010/dud100521,OUTSIDE_COVERAGE,2010-05-21
new_york_public_communications,https://www.newyorkfed.org/newsevents/speeches/2010/dud100722,OUTSIDE_COVERAGE,2010-07-22
new_york_public_communications,https://www.newyorkfed.org/newsevents/speeches/2010/dud101001,OUTSIDE_COVERAGE,2010-10-01
new_york_public_communications,https://www.newyorkfed.org/newsevents/speeches/2010/dud101010,OUTSIDE_COVERAGE,2010-10-10
new_york_public_communications,https://www.newyorkfed.org/newsevents/speeches/2010/dud101019,OUTSIDE_COVERAGE,2010-10-19
new_york_public_communications,https://www.newyorkfed.org/newsevents/speeches/2010/dud101025,OUTSIDE_COVERAGE,2010-10-25
new_york_public_communications,https://www.newyorkfed.org/newsevents/speeches/2010/dud101026,OUTSIDE_COVERAGE,2010-10-26
new_york_public_communications,https://www.newyorkfed.org/newsevents/speeches/2010/dud101027,OUTSIDE_COVERAGE,2010-10-27
new_york_public_communications,https://www.newyorkfed.org/newsevents/speeches/2010/pot100607,OUTSIDE_COVERAGE,2010-06-07
new_york_public_communications,https://www.newyorkfed.org/newsevents/speeches/2010/sac100308,OUTSIDE_COVERAGE,2010-03-08
new_york_public_communications,https://www.newyorkfed.org/newsevents/speeches/2010/sac100326,OUTSIDE_COVERAGE,2010-03-26
new_york_public_communications,https://www.newyorkfed.org/newsevents/speeches/2010/sac100609,OUTSIDE_COVERAGE,2010-06-09
new_york_public_communications,https://www.newyorkfed.org/newsevents/speeches/2010/sac101004,OUTSIDE_COVERAGE,2010-10-04
new_york_public_communications,https://www.newyorkfed.org/newsevents/speeches/2010/tra100625,OUTSIDE_COVERAGE,2010-06-25
new_york_public_communications,https://www.newyorkfed.org/newsevents/speeches/2011/bax110601,OUTSIDE_COVERAGE,2011-06-01
new_york_public_communications,https://www.newyorkfed.org/newsevents/speeches/2011/bax111215,OUTSIDE_COVERAGE,2011-12-15
new_york_public_communications,https://www.newyorkfed.org/newsevents/speeches/2011/cumming110217,OUTSIDE_COVERAGE,2011-02-15
new_york_public_communications,https://www.newyorkfed.org/newsevents/speeches/2011/cumming111003,OUTSIDE_COVERAGE,2011-10-03
new_york_public_communications,https://www.newyorkfed.org/newsevents/speeches/2011/dahlgren111111,OUTSIDE_COVERAGE,2011-11-11
new_york_public_communications,https://www.newyorkfed.org/newsevents/speeches/2011/dud110214,OUTSIDE_COVERAGE,2011-02-14
new_york_public_communications,https://www.newyorkfed.org/newsevents/speeches/2011/dud110228,OUTSIDE_COVERAGE,2011-02-28
new_york_public_communications,https://www.newyorkfed.org/newsevents/speeches/2011/dud110311,OUTSIDE_COVERAGE,2011-03-11
new_york_public_communications,https://www.newyorkfed.org/newsevents/speeches/2011/dud110401,OUTSIDE_COVERAGE,2011-04-01
new_york_public_communications,https://www.newyorkfed.org/newsevents/speeches/2011/dud110411,OUTSIDE_COVERAGE,2011-04-11
new_york_public_communications,https://www.newyorkfed.org/newsevents/speeches/2011/dud110412,OUTSIDE_COVERAGE,2011-04-12
new_york_public_communications,https://www.newyorkfed.org/newsevents/speeches/2011/dud110506,OUTSIDE_COVERAGE,2011-05-06
new_york_public_communications,https://www.newyorkfed.org/newsevents/speeches/2011/dud110519,OUTSIDE_COVERAGE,2011-05-19
new_york_public_communications,https://www.newyorkfed.org/newsevents/speeches/2011/dud110520,OUTSIDE_COVERAGE,2011-05-20
new_york_public_communications,https://www.newyorkfed.org/newsevents/speeches/2011/dud110607,OUTSIDE_COVERAGE,2011-06-07
new_york_public_communications,https://www.newyorkfed.org/newsevents/speeches/2011/dud110610,OUTSIDE_COVERAGE,2011-06-10
new_york_public_communications,https://www.newyorkfed.org/newsevents/speeches/2011/dud110627,OUTSIDE_COVERAGE,2011-05-28
new_york_public_communications,https://www.newyorkfed.org/newsevents/speeches/2011/dud110812,OUTSIDE_COVERAGE,2011-08-12
new_york_public_communications,https://www.newyorkfed.org/newsevents/speeches/2011/dud110818,OUTSIDE_COVERAGE,2011-08-18
new_york_public_communications,https://www.newyorkfed.org/newsevents/speeches/2011/dud110819,OUTSIDE_COVERAGE,2011-08-19
new_york_public_communications,https://www.newyorkfed.org/newsevents/speeches/2011/dud110923,OUTSIDE_COVERAGE,2011-09-23
new_york_public_communications,https://www.newyorkfed.org/newsevents/speeches/2011/dud111020,OUTSIDE_COVERAGE,2011-10-20
new_york_public_communications,https://www.newyorkfed.org/newsevents/speeches/2011/dud111024,OUTSIDE_COVERAGE,2011-10-24
new_york_public_communications,https://www.newyorkfed.org/newsevents/speeches/2011/dud111024b,OUTSIDE_COVERAGE,2011-10-24
new_york_public_communications,https://www.newyorkfed.org/newsevents/speeches/2011/dud111117,OUTSIDE_COVERAGE,2011-11-17
new_york_public_communications,https://www.newyorkfed.org/newsevents/speeches/2011/dud111118,OUTSIDE_COVERAGE,2011-11-18
new_york_public_communications,https://www.newyorkfed.org/newsevents/speeches/2011/dud111216,OUTSIDE_COVERAGE,2011-12-16
new_york_public_communications,https://www.newyorkfed.org/newsevents/speeches/2011/kri110308,OUTSIDE_COVERAGE,2011-03-08
new_york_public_communications,https://www.newyorkfed.org/newsevents/speeches/2011/pot110330,OUTSIDE_COVERAGE,2011-03-30
new_york_public_communications,https://www.newyorkfed.org/newsevents/speeches/2011/sac110209,OUTSIDE_COVERAGE,2011-02-09
new_york_public_communications,https://www.newyorkfed.org/newsevents/speeches/2011/sac110720,OUTSIDE_COVERAGE,2011-07-20
new_york_public_communications,https://www.newyorkfed.org/newsevents/speeches/2011/sac111024,OUTSIDE_COVERAGE,2011-10-24
new_york_public_communications,https://www.newyorkfed.org/newsevents/speeches/2011/tra110107,OUTSIDE_COVERAGE,2011-01-07
new_york_public_communications,https://www.newyorkfed.org/newsevents/speeches/2011/tra110128,OUTSIDE_COVERAGE,2011-01-28
new_york_public_communications,https://www.newyorkfed.org/newsevents/speeches/2012/alix121114,NO_IN_SCOPE_POLICYMAKER,"Alix: Risk Governance: Appetite, Culture and the Limits of Limits"
new_york_public_communications,https://www.newyorkfed.org/newsevents/speeches/2012/pot120607,NO_IN_SCOPE_POLICYMAKER,Potter: Improving the Measurement of Inflation Expectations
new_york_public_communications,https://www.newyorkfed.org/newsevents/speeches/2013/bax130618,NO_IN_SCOPE_POLICYMAKER,"Baxter, Jr.: Resolving the Unresolvable: The Alternative Pathways to Ending Too Big to Fail"
new_york_public_communications,https://www.newyorkfed.org/newsevents/speeches/2013/bax130919,NO_IN_SCOPE_POLICYMAKER,"Baxter, Jr.: From Bagehot to Bernanke and Draghi: Emergency Liquidity, Macroprudential Supervision and the Rediscovery of the Lender of Last Resort Function"
new_york_public_communications,https://www.newyorkfed.org/newsevents/speeches/2013/bax131120,NO_IN_SCOPE_POLICYMAKER,"Baxter, Jr.: Financial Stability: The Role of the Federal Reserve System"
new_york_public_communications,https://www.newyorkfed.org/newsevents/speeches/2013/che130405,NO_IN_SCOPE_POLICYMAKER,Checki: Observations on the Global Economy and Financial System
new_york_public_communications,https://www.newyorkfed.org/newsevents/speeches/2013/che130829,NO_IN_SCOPE_POLICYMAKER,Checki: Observations on Global Financial Cycles and Recent Emerging Market Volatility
new_york_public_communications,https://www.newyorkfed.org/newsevents/speeches/2013/dah130212,NO_IN_SCOPE_POLICYMAKER,Dahlgren: Supervisory Reform For Global Banks
new_york_public_communications,https://www.newyorkfed.org/newsevents/speeches/2013/dah131016,NO_IN_SCOPE_POLICYMAKER,Dahlgren: Five Years Since the Crisis: Where are We Now?
new_york_public_communications,https://www.newyorkfed.org/newsevents/speeches/2013/mca130228,NO_IN_SCOPE_POLICYMAKER,McAndrews: The Economy and the Household Debt and Credit Report
new_york_public_communications,https://www.newyorkfed.org/newsevents/speeches/2013/pot130301,NO_IN_SCOPE_POLICYMAKER,Potter: The Implementation of Current Asset Purchases
new_york_public_communications,https://www.newyorkfed.org/newsevents/speeches/2013/pot130327,NO_IN_SCOPE_POLICYMAKER,Potter: The Implementation of Current Asset Purchases
new_york_public_communications,https://www.newyorkfed.org/newsevents/speeches/2013/pot131202,NO_IN_SCOPE_POLICYMAKER,Potter: Recent Developments in Monetary Policy Implementation
new_york_public_communications,https://www.newyorkfed.org/newsevents/speeches/2013/tra131031,NO_IN_SCOPE_POLICYMAKER,Tracy: Testimony on Housing Finance Reform: Essential Elements of a Government Guarantee for Mortgage-Backed Securities
new_york_public_communications,https://www.newyorkfed.org/newsevents/speeches/2014/bax072314,NO_IN_SCOPE_POLICYMAKER,Baxter: Reflections on the New Compliance Landscape
new_york_public_communications,https://www.newyorkfed.org/newsevents/speeches/2014/dah140430,NO_IN_SCOPE_POLICYMAKER,"Dahlgren: More Resilient, Better Managed, Less Complex: Strengthening FMUs and Linkages in the System"
new_york_public_communications,https://www.newyorkfed.org/newsevents/speeches/2014/dah141015,NO_IN_SCOPE_POLICYMAKER,"Dahlgren: Operating Global, Acting Local"
new_york_public_communications,https://www.newyorkfed.org/newsevents/speeches/2014/dah141029,NO_IN_SCOPE_POLICYMAKER,Dahlgren: The New Era of Supervision: Progress to Date and the Road Ahead
new_york_public_communications,https://www.newyorkfed.org/newsevents/speeches/2014/mca140204,NO_IN_SCOPE_POLICYMAKER,McAndrews: Remarks at the Fifth Data Management Strategies and Technologies Workshop
new_york_public_communications,https://www.newyorkfed.org/newsevents/speeches/2014/mca140306,NO_IN_SCOPE_POLICYMAKER,McAndrews: Rising Household Borrowing
new_york_public_communications,https://www.newyorkfed.org/newsevents/speeches/2014/mca140624,NO_IN_SCOPE_POLICYMAKER,McAndrews: A Review of the Experience of Fielding the Survey of Consumer Expectations
new_york_public_communications,https://www.newyorkfed.org/newsevents/speeches/2014/pot140924,NO_IN_SCOPE_POLICYMAKER,Potter: Implementation of Open Market Operations in a Time of Transition
new_york_public_communications,https://www.newyorkfed.org/newsevents/speeches/2014/pot141007,NO_IN_SCOPE_POLICYMAKER,Potter: Interest Rate Control during Normalization
new_york_public_communications,https://www.newyorkfed.org/newsevents/speeches/2015/bax012015,NO_IN_SCOPE_POLICYMAKER,Baxter: The Rewards of an Ethical Culture
new_york_public_communications,https://www.newyorkfed.org/newsevents/speeches/2015/bax020915,NO_IN_SCOPE_POLICYMAKER,Baxter: Compliance – Some Thoughts About Reaching the Next Level
new_york_public_communications,https://www.newyorkfed.org/newsevents/speeches/2015/dah150324,NO_IN_SCOPE_POLICYMAKER,Dahlgren: The Importance of Addressing Cybersecurity Risks in the Financial Sector
new_york_public_communications,https://www.newyorkfed.org/newsevents/speeches/2015/dud150227,NO_IN_SCOPE_POLICYMAKER,Remarks at the 2015 U.S. Monetary Policy Forum
new_york_public_communications,https://www.newyorkfed.org/newsevents/speeches/2015/mca150205,NO_IN_SCOPE_POLICYMAKER,McAndrews: Student Debt and Higher Education Financing: A Public Finance Perspective
new_york_public_communications,https://www.newyorkfed.org/newsevents/speeches/2015/mca150508,NO_IN_SCOPE_POLICYMAKER,McAndrews: Negative Nominal Central Bank Policy Rates: Where Is the Lower Bound?
new_york_public_communications,https://www.newyorkfed.org/newsevents/speeches/2015/mca150521,NO_IN_SCOPE_POLICYMAKER,McAndrews: Opening Remarks to the Federal Reserve Bank of New York Conference on Mortgage Contract Design
new_york_public_communications,https://www.newyorkfed.org/newsevents/speeches/2015/mca150624,NO_IN_SCOPE_POLICYMAKER,McAndrews: Economic Research and Stress Testing
new_york_public_communications,https://www.newyorkfed.org/newsevents/speeches/2015/mus150309,NO_IN_SCOPE_POLICYMAKER,Musalem: U.S. Macroeconomic and Regulatory Developments and Emerging Market Economies
new_york_public_communications,https://www.newyorkfed.org/newsevents/speeches/2015/mus150624,NO_IN_SCOPE_POLICYMAKER,Musalem: The U.S. Economy and Financial System in an International Context
new_york_public_communications,https://www.newyorkfed.org/newsevents/speeches/2015/mus151123,NO_IN_SCOPE_POLICYMAKER,Musalem: Why Focus on Culture?
new_york_public_communications,https://www.newyorkfed.org/newsevents/speeches/2015/pot150413,NO_IN_SCOPE_POLICYMAKER,Potter: Challenges Posed by the Evolution of the Treasury Market
new_york_public_communications,https://www.newyorkfed.org/newsevents/speeches/2015/pot150415,NO_IN_SCOPE_POLICYMAKER,Potter: Money Markets and Monetary Policy Normalization
new_york_public_communications,https://www.newyorkfed.org/newsevents/speeches/2015/pot150714,NO_IN_SCOPE_POLICYMAKER,Potter: Trends in Foreign Exchange Markets and the Challenges Ahead
new_york_public_communications,https://www.newyorkfed.org/newsevents/speeches/2015/pot151116,NO_IN_SCOPE_POLICYMAKER,Potter: Dinner Address for the Bank of England-Federal Reserve Bank of New York Conference on Money Markets and Monetary Policy Implementation
new_york_public_communications,https://www.newyorkfed.org/newsevents/speeches/2015/pot151119,NO_IN_SCOPE_POLICYMAKER,"Potter: The Federal Reserve’s Counterparty Framework: Past, Present, and Future"
new_york_public_communications,https://www.newyorkfed.org/newsevents/speeches/2016/cal160408,NO_IN_SCOPE_POLICYMAKER,Calabia: Community Banking in an Ever Changing World
new_york_public_communications,https://www.newyorkfed.org/newsevents/speeches/2016/cal161024,NO_IN_SCOPE_POLICYMAKER,Calabia: Keynote Address at the Institute for International Bankers Annual Seminar on Risk Management and Regulatory Examination/Compliance Issues
new_york_public_communications,https://www.newyorkfed.org/newsevents/speeches/2016/dzi160503,NO_IN_SCOPE_POLICYMAKER,Dzina: Toward a New Paradigm for Resiliency and Security
new_york_public_communications,https://www.newyorkfed.org/newsevents/speeches/2016/mus160301,NO_IN_SCOPE_POLICYMAKER,Musalem: International Spillovers and Policies
new_york_public_communications,https://www.newyorkfed.org/newsevents/speeches/2016/pot160222,NO_IN_SCOPE_POLICYMAKER,Potter: Money Markets after Liftoff: Assessment to Date and the Road Ahead
new_york_public_communications,https://www.newyorkfed.org/newsevents/speeches/2016/pot160504,NO_IN_SCOPE_POLICYMAKER,Potter: Implementing Monetary Policy Post-Crisis: What Have We Learned? What Do We Need to Know?
new_york_public_communications,https://www.newyorkfed.org/newsevents/speeches/2016/pot160519,NO_IN_SCOPE_POLICYMAKER,Potter: The Advantages of Probabilistic Survey Questions
new_york_public_communications,https://www.newyorkfed.org/newsevents/speeches/2016/pot160907,NO_IN_SCOPE_POLICYMAKER,Potter: The Role of Best Practices in Supporting Market Integrity and Effectiveness
new_york_public_communications,https://www.newyorkfed.org/newsevents/speeches/2016/pot160930,NO_IN_SCOPE_POLICYMAKER,Potter: Is There Room for More Monetary Cooperation?
new_york_public_communications,https://www.newyorkfed.org/newsevents/speeches/2016/ros160315,NO_IN_SCOPE_POLICYMAKER,Rosenberg: Operational Risk Management at the Federal Reserve Bank of New York
new_york_public_communications,https://www.newyorkfed.org/newsevents/speeches/2016/sti160408,NO_IN_SCOPE_POLICYMAKER,Stiroh: Opening Remarks at the Community Bankers’ Conference
new_york_public_communications,https://www.newyorkfed.org/newsevents/speeches/2016/sti160411,NO_IN_SCOPE_POLICYMAKER,Stiroh: The Theory and Practice of Supervision
new_york_public_communications,https://www.newyorkfed.org/newsevents/speeches/2016/sti161102,NO_IN_SCOPE_POLICYMAKER,Stiroh: Opening Remarks at the GARP Global Risk Forum
new_york_public_communications,https://www.newyorkfed.org/newsevents/speeches/2016/wue160517,NO_IN_SCOPE_POLICYMAKER,Wuerffel: Market Structure and Liquidity in the U.S. Treasury and Agency Mortgage-Backed Security (MBS) Markets
new_york_public_communications,https://www.newyorkfed.org/newsevents/speeches/2017/ber170525,NO_IN_SCOPE_POLICYMAKER,Bergin: The Launch of the FX Global Code
new_york_public_communications,https://www.newyorkfed.org/newsevents/speeches/2017/cal170407,NO_IN_SCOPE_POLICYMAKER,Calabia: The Future of Supervision: Lessons from Tocqueville
new_york_public_communications,https://www.newyorkfed.org/newsevents/speeches/2017/dav171026,NO_IN_SCOPE_POLICYMAKER,Davis: Coming Together to Address Systemic Risks: Examples of Collaboration
new_york_public_communications,https://www.newyorkfed.org/newsevents/speeches/2017/dzi170509,NO_IN_SCOPE_POLICYMAKER,Dzina: Advancing the Fed's Wholesale Services in an Era of Unprecedented Challenge and Change
new_york_public_communications,https://www.newyorkfed.org/newsevents/speeches/2017/fro171108,NO_IN_SCOPE_POLICYMAKER,Frost: Presentation by Joshua Frost at the Alternative Reference Rates Committee Roundtable
new_york_public_communications,https://www.newyorkfed.org/newsevents/speeches/2017/hel170308,NO_IN_SCOPE_POLICYMAKER,Held: Reforming Culture and Conduct in the Financial Services Industry: How Can Lawyers Help?
new_york_public_communications,https://www.newyorkfed.org/newsevents/speeches/2017/hel170509,NO_IN_SCOPE_POLICYMAKER,Held: Remarks at the Securities Industry and Financial Markets Association’s Compliance and Legal Society Monthly Luncheon
new_york_public_communications,https://www.newyorkfed.org/newsevents/speeches/2017/hel170518,NO_IN_SCOPE_POLICYMAKER,Held: Remarks at the University of International Business and Economics
new_york_public_communications,https://www.newyorkfed.org/newsevents/speeches/2017/hel171115,NO_IN_SCOPE_POLICYMAKER,Held: The Financial Crisis: Perspectives from a Decade On
new_york_public_communications,https://www.newyorkfed.org/newsevents/speeches/2017/log170518,NO_IN_SCOPE_POLICYMAKER,Logan: Implementing Monetary Policy: Perspective from the Open Market Trading Desk
new_york_public_communications,https://www.newyorkfed.org/newsevents/speeches/2017/pot170405,NO_IN_SCOPE_POLICYMAKER,Potter: Money Markets at a Crossroads: Policy Implementation at a Time of Structural Change
new_york_public_communications,https://www.newyorkfed.org/newsevents/speeches/2017/pot170712,NO_IN_SCOPE_POLICYMAKER,Potter: The Foreign Exchange Global Code: Lessons Learned and Next Steps
new_york_public_communications,https://www.newyorkfed.org/newsevents/speeches/2017/pot170816,NO_IN_SCOPE_POLICYMAKER,Potter: Remarks to the Assembly of Governors of the Association of African Central Banks
new_york_public_communications,https://www.newyorkfed.org/newsevents/speeches/2017/pot171011,NO_IN_SCOPE_POLICYMAKER,Potter: Gradual and Predictable: Reducing the Size of the Federal Reserve’s Balance Sheet
new_york_public_communications,https://www.newyorkfed.org/newsevents/speeches/2017/pot171106,NO_IN_SCOPE_POLICYMAKER,Potter: Implementing Monetary Policy with the Balance Sheet
new_york_public_communications,https://www.newyorkfed.org/newsevents/speeches/2017/pot171116,NO_IN_SCOPE_POLICYMAKER,Potter: Reducing the Size of the Federal Reserve’s Balance Sheet: The Benefits of Moving Gradually and Predictably
new_york_public_communications,https://www.newyorkfed.org/newsevents/speeches/2017/pot171220,NO_IN_SCOPE_POLICYMAKER,Potter: Keynote Remarks for the Commemoration of the Centennial of the Federal Reserve’s U.S. Dollar Account Services to the Global Official Sector
new_york_public_communications,https://www.newyorkfed.org/newsevents/speeches/2017/sti170223,NO_IN_SCOPE_POLICYMAKER,Stiroh: A Perspective on Supervisory Objectives and Trade-offs
new_york_public_communications,https://www.newyorkfed.org/newsevents/speeches/2017/sti170406,NO_IN_SCOPE_POLICYMAKER,Stiroh: Introductory Remarks at 2017 Community Bankers Conference
new_york_public_communications,https://www.newyorkfed.org/newsevents/speeches/2017/sti171207,NO_IN_SCOPE_POLICYMAKER,"Stiroh: Misconduct Risk, Culture and Supervision"
new_york_public_communications,https://www.newyorkfed.org/newsevents/speeches/2018/dzi180418,NO_IN_SCOPE_POLICYMAKER,Dzina: Luncheon Remarks at the Community Bankers Conference
new_york_public_communications,https://www.newyorkfed.org/newsevents/speeches/2018/dzi180507,NO_IN_SCOPE_POLICYMAKER,Dzina: Opening Remarks at the ISO 20022 In-Person Federal Reserve Bank of New York Workshop
new_york_public_communications,https://www.newyorkfed.org/newsevents/speeches/2018/dzi181126,NO_IN_SCOPE_POLICYMAKER,Dzina: Four Questions on the State of Cyber Resilience and Endpoint Security
new_york_public_communications,https://www.newyorkfed.org/newsevents/speeches/2018/gol180201,NO_IN_SCOPE_POLICYMAKER,Goldberg: Presentation by Linda Goldberg at the Central Bank of Ireland’s Global Financial Linkages Conference
new_york_public_communications,https://www.newyorkfed.org/newsevents/speeches/2018/gut180620,NO_IN_SCOPE_POLICYMAKER,Gutt: Opening Remarks at the Puerto Rico and U.S. Virgin Islands Philanthropic Efforts Information Session
new_york_public_communications,https://www.newyorkfed.org/newsevents/speeches/2018/gut181113,NO_IN_SCOPE_POLICYMAKER,Gutt: Opening Remarks at Demographics are Not Destiny: Fostering Conditions to Advance Latino Business Growth
new_york_public_communications,https://www.newyorkfed.org/newsevents/speeches/2018/hel180417,NO_IN_SCOPE_POLICYMAKER,Held: The Evolving First Line of Defense
new_york_public_communications,https://www.newyorkfed.org/newsevents/speeches/2018/hir180517,NO_IN_SCOPE_POLICYMAKER,Hirtle: Remarks at the Economic Press Briefing on Homeownership and Housing Wealth
new_york_public_communications,https://www.newyorkfed.org/newsevents/speeches/2018/hir180622,NO_IN_SCOPE_POLICYMAKER,Hirtle: Structural and Cyclical Macroprudential Objectives in Supervisory Stress Testing
new_york_public_communications,https://www.newyorkfed.org/newsevents/speeches/2018/hir181009,NO_IN_SCOPE_POLICYMAKER,Hirtle: The Past and Future of Supervisory Stress Testing Design
new_york_public_communications,https://www.newyorkfed.org/newsevents/speeches/2018/log180109,NO_IN_SCOPE_POLICYMAKER,Logan: The Role of the New York Fed as Administrator and Producer of Reference Rates
new_york_public_communications,https://www.newyorkfed.org/newsevents/speeches/2018/log180504,NO_IN_SCOPE_POLICYMAKER,"Logan: Operational Perspectives on Monetary Policy Implementation: Panel Remarks on ""The Future of the Central Bank Balance Sheet"""
new_york_public_communications,https://www.newyorkfed.org/newsevents/speeches/2018/pot180106,NO_IN_SCOPE_POLICYMAKER,Potter: The Supply of Money-Like Assets
new_york_public_communications,https://www.newyorkfed.org/newsevents/speeches/2018/pot180803,NO_IN_SCOPE_POLICYMAKER,Potter: Confidence in the Implementation of U.S. Monetary Policy Normalization
new_york_public_communications,https://www.newyorkfed.org/newsevents/speeches/2018/pot181026,NO_IN_SCOPE_POLICYMAKER,Potter: U.S. Monetary Policy Normalization is Proceeding Smoothly
new_york_public_communications,https://www.newyorkfed.org/newsevents/speeches/2018/ros180517,NO_IN_SCOPE_POLICYMAKER,Rosenberg: Why Do Risk Events Occur? Insights from Accident Models
new_york_public_communications,https://www.newyorkfed.org/newsevents/speeches/2018/sti180418,NO_IN_SCOPE_POLICYMAKER,Stiroh: Introductory Remarks at the Community Bankers Conference
new_york_public_communications,https://www.newyorkfed.org/newsevents/speeches/2018/sti181101,NO_IN_SCOPE_POLICYMAKER,Stiroh: Supervisory Implications of Rising Similarity in Banking
new_york_public_communications,https://www.newyorkfed.org/newsevents/speeches/2018/tes181029,NO_IN_SCOPE_POLICYMAKER,Testa: Welcome Remarks at the LBMA/LPPM Precious Metal Conference 2018
new_york_public_communications,https://www.newyorkfed.org/newsevents/speeches/2019/ber191114,NO_IN_SCOPE_POLICYMAKER,Bergin: The New York Fed’s Work on Financial Institution Culture
new_york_public_communications,https://www.newyorkfed.org/newsevents/speeches/2019/hel190226,NO_IN_SCOPE_POLICYMAKER,Held: SOFR and the Transition from LIBOR
new_york_public_communications,https://www.newyorkfed.org/newsevents/speeches/2019/hel190402,NO_IN_SCOPE_POLICYMAKER,Held: The First Line of Defense and Financial Crime
new_york_public_communications,https://www.newyorkfed.org/newsevents/speeches/2019/hel191017,NO_IN_SCOPE_POLICYMAKER,Held: Welcome Remarks to US-MENA Private Sector Dialogue Conference
new_york_public_communications,https://www.newyorkfed.org/newsevents/speeches/2019/hel191212,NO_IN_SCOPE_POLICYMAKER,Held: U.S. Regulations and Approaches to Cryptocurrencies
new_york_public_communications,https://www.newyorkfed.org/newsevents/speeches/2019/hen190905,NO_IN_SCOPE_POLICYMAKER,Hennessy: We're Only Human: Culture and Change Management
new_york_public_communications,https://www.newyorkfed.org/newsevents/speeches/2019/log190417,NO_IN_SCOPE_POLICYMAKER,Logan: Observations on Implementing Monetary Policy in an Ample-Reserves Regime
new_york_public_communications,https://www.newyorkfed.org/newsevents/speeches/2019/pot190222,NO_IN_SCOPE_POLICYMAKER,Potter: Models Only Get You So Far
new_york_public_communications,https://www.newyorkfed.org/newsevents/speeches/2019/pot190307,NO_IN_SCOPE_POLICYMAKER,Potter: The Federal Reserve's Experience Purchasing and Reinvesting Agency MBS
new_york_public_communications,https://www.newyorkfed.org/newsevents/speeches/2019/ros191106,NO_IN_SCOPE_POLICYMAKER,Rosenberg: Thrive in Any Environment: Strengthening Resilience Through Risk Management
new_york_public_communications,https://www.newyorkfed.org/newsevents/speeches/2019/sti190226,NO_IN_SCOPE_POLICYMAKER,Stiroh: Reform of Culture in Finance from Multiple Perspectives
new_york_public_communications,https://www.newyorkfed.org/newsevents/speeches/2019/sti190301,NO_IN_SCOPE_POLICYMAKER,Stiroh: Policy Efficiency in Supervision
new_york_public_communications,https://www.newyorkfed.org/newsevents/speeches/2019/sti190322,NO_IN_SCOPE_POLICYMAKER,Stiroh: Welcome Remarks at First New York Fed Fintech Conference
new_york_public_communications,https://www.newyorkfed.org/newsevents/speeches/2019/sti190404,NO_IN_SCOPE_POLICYMAKER,Stiroh: Opening Remarks to Community Bankers Conference
new_york_public_communications,https://www.newyorkfed.org/newsevents/speeches/2019/sti190412,NO_IN_SCOPE_POLICYMAKER,Stiroh: Thoughts on Cybersecurity from a Supervisory Perspective
new_york_public_communications,https://www.newyorkfed.org/newsevents/speeches/2019/sti191107,NO_IN_SCOPE_POLICYMAKER,Stiroh: Emerging Issues for Risk Managers
new_york_public_communications,https://www.newyorkfed.org/newsevents/speeches/2020/din200908,NO_IN_SCOPE_POLICYMAKER,Dingman: Testimony on Holding Financial Regulators Accountable for Diversity and Inclusion: Perspectives from the Offices of Minority and Women Inclusion
new_york_public_communications,https://www.newyorkfed.org/newsevents/speeches/2020/hel200625,NO_IN_SCOPE_POLICYMAKER,Held: The Federal Reserve’s Pandemic Response
new_york_public_communications,https://www.newyorkfed.org/newsevents/speeches/2020/hel200929,NO_IN_SCOPE_POLICYMAKER,Held: The LIBOR Countdown Has Not Stopped
new_york_public_communications,https://www.newyorkfed.org/newsevents/speeches/2020/hen201126,NO_IN_SCOPE_POLICYMAKER,Hennessy: Shelter from the Storm: Psychological Safety and Workplace Culture during the Coronavirus Pandemic
new_york_public_communications,https://www.newyorkfed.org/newsevents/speeches/2020/hir200304,NO_IN_SCOPE_POLICYMAKER,Hirtle: Opening Remarks: Heterogeneity Blog Series Webinar
new_york_public_communications,https://www.newyorkfed.org/newsevents/speeches/2020/kov200424,NO_IN_SCOPE_POLICYMAKER,Kovner: Panel Remarks: The Fed and Main Street during the Coronavirus Pandemic
new_york_public_communications,https://www.newyorkfed.org/newsevents/speeches/2020/log200414,NO_IN_SCOPE_POLICYMAKER,Logan: The Federal Reserve’s Recent Actions to Support the Flow of Credit to Households and Businesses
new_york_public_communications,https://www.newyorkfed.org/newsevents/speeches/2020/log200715,NO_IN_SCOPE_POLICYMAKER,Logan: The Federal Reserve’s Market Functioning Purchases: From Supporting to Sustaining
new_york_public_communications,https://www.newyorkfed.org/newsevents/speeches/2020/log201023,NO_IN_SCOPE_POLICYMAKER,Logan: Treasury Market Liquidity and Early Lessons from the Pandemic Shock
new_york_public_communications,https://www.newyorkfed.org/newsevents/speeches/2020/log201201,NO_IN_SCOPE_POLICYMAKER,Logan: A Return to Operating with Abundant Reserves
new_york_public_communications,https://www.newyorkfed.org/newsevents/speeches/2020/sin200417,NO_IN_SCOPE_POLICYMAKER,Singh: Implementing the Fed’s Facilities: Moving at Maximum Speed with Maximum Care
new_york_public_communications,https://www.newyorkfed.org/newsevents/speeches/2020/sin200422,NO_IN_SCOPE_POLICYMAKER,Singh: Presentation by Daleep Singh at Newsday and Long Island Association Webinar
new_york_public_communications,https://www.newyorkfed.org/newsevents/speeches/2020/sin200805,NO_IN_SCOPE_POLICYMAKER,Singh: Recent Global Developments and Central Bank Responsibilities in a Changing Risk Landscape
new_york_public_communications,https://www.newyorkfed.org/newsevents/speeches/2020/sin200910,NO_IN_SCOPE_POLICYMAKER,Singh: Creating Opportunity out of Crisis: Extending Access to the Fed’s Emergency Facilities
new_york_public_communications,https://www.newyorkfed.org/newsevents/speeches/2020/sin201020,NO_IN_SCOPE_POLICYMAKER,"Singh: The Federal Reserve’s Corporate Credit Facilities: Why, How, and For Whom"
new_york_public_communications,https://www.newyorkfed.org/newsevents/speeches/2020/sti200304,NO_IN_SCOPE_POLICYMAKER,Stiroh: Climate Change and Risk Management in Bank Supervision
new_york_public_communications,https://www.newyorkfed.org/newsevents/speeches/2020/sti200424,NO_IN_SCOPE_POLICYMAKER,Stiroh : Panel Remarks: The Fed and Main Street during the Coronavirus Pandemic
new_york_public_communications,https://www.newyorkfed.org/newsevents/speeches/2020/sti201014,NO_IN_SCOPE_POLICYMAKER,Stiroh: The Basel Committee’s Initiatives on Climate-Related Financial Risks
new_york_public_communications,https://www.newyorkfed.org/newsevents/speeches/2020/sti201110,NO_IN_SCOPE_POLICYMAKER,Stiroh: A Microprudential Perspective on the Financial Risks of Climate Change
new_york_public_communications,https://www.newyorkfed.org/newsevents/speeches/2020/sti201116,NO_IN_SCOPE_POLICYMAKER,Stiroh: The Impact of the Pandemic on Cultural Capital in the Finance Industry
new_york_public_communications,https://www.newyorkfed.org/newsevents/speeches/2020/wue200212,NO_IN_SCOPE_POLICYMAKER,Wuerffel: Presentation by Nathaniel Wuerffel at the ISDA and SIFMA AMG Benchmark Strategies Forum
new_york_public_communications,https://www.newyorkfed.org/newsevents/speeches/2020/wue200702,NO_IN_SCOPE_POLICYMAKER,Wuerffel: ICMA's Official Sector Panel with Nathaniel Wuerffel on Benchmark Reform and Transition to Risk-Free Rates
new_york_public_communications,https://www.newyorkfed.org/newsevents/speeches/2020/wue200918,NO_IN_SCOPE_POLICYMAKER,Wuerffel: Transitioning Away From LIBOR: Understanding SOFR’s Strengths and Considering the Path Forward
new_york_public_communications,https://www.newyorkfed.org/newsevents/speeches/2021/eri210603,NO_IN_SCOPE_POLICYMAKER,Erickson: Community Development: What Does it Take to Create an Economy that Works for All?
new_york_public_communications,https://www.newyorkfed.org/newsevents/speeches/2021/hir210114,NO_IN_SCOPE_POLICYMAKER,Hirtle: The Economic Health of the Region
new_york_public_communications,https://www.newyorkfed.org/newsevents/speeches/2021/log210408,NO_IN_SCOPE_POLICYMAKER,Logan: Desk Operations: The New Normal
new_york_public_communications,https://www.newyorkfed.org/newsevents/speeches/2021/log210415,NO_IN_SCOPE_POLICYMAKER,Logan: Impact of Abundant Reserves on Money Markets and Policy Implementation
new_york_public_communications,https://www.newyorkfed.org/newsevents/speeches/2021/log210811,NO_IN_SCOPE_POLICYMAKER,Logan: Liquidity Shocks: Lessons Learned from the Global Financial Crisis and the Pandemic
new_york_public_communications,https://www.newyorkfed.org/newsevents/speeches/2021/log211014,NO_IN_SCOPE_POLICYMAKER,Logan: Monetary Policy Implementation: Adapting to a New Environment
new_york_public_communications,https://www.newyorkfed.org/newsevents/speeches/2021/wue210602,NO_IN_SCOPE_POLICYMAKER,Wuerffel: ICMA's Official Sector Panel on the Transition to Risk Free Rates
new_york_public_communications,https://www.newyorkfed.org/newsevents/speeches/2021/wue211027,NO_IN_SCOPE_POLICYMAKER,"Wuerffel: Act Now, and Choose Wisely"
new_york_public_communications,https://www.newyorkfed.org/newsevents/speeches/2022/dob221201,NO_IN_SCOPE_POLICYMAKER,Dobbeck: A Supervisory Perspective on the U.S. Banking System
new_york_public_communications,https://www.newyorkfed.org/newsevents/speeches/2022/gol221110,NO_IN_SCOPE_POLICYMAKER,"Goldberg: Global Liquidity: Drivers, Volatility and Toolkits"
new_york_public_communications,https://www.newyorkfed.org/newsevents/speeches/2022/hel220203,NO_IN_SCOPE_POLICYMAKER,Held: Keynote Remarks
new_york_public_communications,https://www.newyorkfed.org/newsevents/speeches/2022/hen220322,NO_IN_SCOPE_POLICYMAKER,Hennessy: Emerging Trends in Culture Reform: The New York Fed’s Perspective
new_york_public_communications,https://www.newyorkfed.org/newsevents/speeches/2022/hir221117,NO_IN_SCOPE_POLICYMAKER,Hirtle: Remarks at the Global Research Forum on International Macroeconomics and Finance
new_york_public_communications,https://www.newyorkfed.org/newsevents/speeches/2022/log220110,NO_IN_SCOPE_POLICYMAKER,Logan: Transcript of Lorie Logan on the Macro Musings Podcast
new_york_public_communications,https://www.newyorkfed.org/newsevents/speeches/2022/log220302,NO_IN_SCOPE_POLICYMAKER,Logan: Federal Reserve Asset Purchases: The Pandemic Response and Considerations Ahead
new_york_public_communications,https://www.newyorkfed.org/newsevents/speeches/2022/log220602,NO_IN_SCOPE_POLICYMAKER,Logan: Considerations on the Road Ahead for Monetary Policy Implementation
new_york_public_communications,https://www.newyorkfed.org/newsevents/speeches/2022/mah220301,NO_IN_SCOPE_POLICYMAKER,Maher: Testimony on Exploring Financial Risks on Banking Posed by Climate Change
new_york_public_communications,https://www.newyorkfed.org/newsevents/speeches/2022/nea221104,NO_IN_SCOPE_POLICYMAKER,Neal: Advances in Digital Currency Experimentation
new_york_public_communications,https://www.newyorkfed.org/newsevents/speeches/2022/ros221027,NO_IN_SCOPE_POLICYMAKER,Rosenberg: Things That Have Never Happened Before Happen All the Time
new_york_public_communications,https://www.newyorkfed.org/newsevents/speeches/2022/zob220908,NO_IN_SCOPE_POLICYMAKER,Zobel: The Ample Reserves Framework and Balance Sheet Reduction: Perspective from the Open Market Desk
new_york_public_communications,https://www.newyorkfed.org/newsevents/speeches/2023/dob230329,NO_IN_SCOPE_POLICYMAKER,Dobbeck: Remarks at the New York Bankers Association Hudson Valley Regional Meeting
new_york_public_communications,https://www.newyorkfed.org/newsevents/speeches/2023/dob231128,NO_IN_SCOPE_POLICYMAKER,Dobbeck: Remarks at the New Jersey Bankers Association Regional Meeting
new_york_public_communications,https://www.newyorkfed.org/newsevents/speeches/2023/hen230307,NO_IN_SCOPE_POLICYMAKER,Hennessy: Culture and Conduct: Key Learnings and the Year Ahead from the New York Fed
new_york_public_communications,https://www.newyorkfed.org/newsevents/speeches/2023/nea230208,NO_IN_SCOPE_POLICYMAKER,Neal: Remarks at the Next Step FX Event
new_york_public_communications,https://www.newyorkfed.org/newsevents/speeches/2023/nea230518,NO_IN_SCOPE_POLICYMAKER,Neal: The U.S. Dollar in the Global Economy
new_york_public_communications,https://www.newyorkfed.org/newsevents/speeches/2023/nea230921,NO_IN_SCOPE_POLICYMAKER,Neal: Collaboration Toward Increased Resilience of the Treasury Market
new_york_public_communications,https://www.newyorkfed.org/newsevents/speeches/2023/nea231116,NO_IN_SCOPE_POLICYMAKER,Neal: Opening Remarks
new_york_public_communications,https://www.newyorkfed.org/newsevents/speeches/2023/nor231017,NO_IN_SCOPE_POLICYMAKER,Nordstrom: The FX Global Code: Progress Made and The Path Ahead
new_york_public_communications,https://www.newyorkfed.org/newsevents/speeches/2023/nor231116,NO_IN_SCOPE_POLICYMAKER,Nordstrom: The Important Role of the Foreign Investor in the U.S. Treasury Market
new_york_public_communications,https://www.newyorkfed.org/newsevents/speeches/2023/ost230617,NO_IN_SCOPE_POLICYMAKER,Ostrander: Remarks on the Panel “Bank Crisis Framework: Learning from Experience”
new_york_public_communications,https://www.newyorkfed.org/newsevents/speeches/2023/ost230905,NO_IN_SCOPE_POLICYMAKER,Ostrander: Paper on Economic Sanctions and the Law of Central Bank Immunity in the United States
new_york_public_communications,https://www.newyorkfed.org/newsevents/speeches/2023/per231010,NO_IN_SCOPE_POLICYMAKER,Perli: Implementing Monetary Policy: What’s Working and Where We’re Headed
new_york_public_communications,https://www.newyorkfed.org/newsevents/speeches/2023/per231116,NO_IN_SCOPE_POLICYMAKER,Perli: Disentangling Messages from the Treasury Market
new_york_public_communications,https://www.newyorkfed.org/newsevents/speeches/2023/wue230303,NO_IN_SCOPE_POLICYMAKER,Wuerffel: Lessons from the Market Functioning Purchases of Early 2020: A Practitioner’s Perspective
new_york_public_communications,https://www.newyorkfed.org/newsevents/speeches/2024/are240711,NO_IN_SCOPE_POLICYMAKER,Athreya: Welcome Remarks: PhD Excellence Initiative
new_york_public_communications,https://www.newyorkfed.org/newsevents/speeches/2024/ath241112,NO_IN_SCOPE_POLICYMAKER,Athreya: Disinflation ... and Whose Inflation?
new_york_public_communications,https://www.newyorkfed.org/newsevents/speeches/2024/gol240303,NO_IN_SCOPE_POLICYMAKER,Goldberg: Transcript of Linda Goldberg on the EconoFact Chats Podcast
new_york_public_communications,https://www.newyorkfed.org/newsevents/speeches/2024/hau240305,NO_IN_SCOPE_POLICYMAKER,Haughwout: Presentation by Andrew F. Haughwout at the Greater Valley Chamber of Commerce
new_york_public_communications,https://www.newyorkfed.org/newsevents/speeches/2024/hau240418,NO_IN_SCOPE_POLICYMAKER,Haughwout: Presentation by Andrew F. Haughwout at the 2024 New York Fed Regional and Community Banking Conference
new_york_public_communications,https://www.newyorkfed.org/newsevents/speeches/2024/hen240312,NO_IN_SCOPE_POLICYMAKER,Hennessy: Culture and Conduct in 2024: An Update from the New York Fed
new_york_public_communications,https://www.newyorkfed.org/newsevents/speeches/2024/kov240228,NO_IN_SCOPE_POLICYMAKER,Kovner: The Financial Stability Outlook
new_york_public_communications,https://www.newyorkfed.org/newsevents/speeches/2024/mar240614,NO_IN_SCOPE_POLICYMAKER,Tavares Marchioni: Presentation by Dina Tavares Marchioni at the 2024 Crane Data Money Fund Symposium
new_york_public_communications,https://www.newyorkfed.org/newsevents/speeches/2024/nea240605,NO_IN_SCOPE_POLICYMAKER,Neal: A Season of Change for the U.S. Treasury Market
new_york_public_communications,https://www.newyorkfed.org/newsevents/speeches/2024/nea241015,NO_IN_SCOPE_POLICYMAKER,Neal: Central Clearing in the U.S. Treasury Market: The Why and the How
new_york_public_communications,https://www.newyorkfed.org/newsevents/speeches/2024/nea241119,NO_IN_SCOPE_POLICYMAKER,Neal: Foreign Exchange Market Structure: The Land of a Thousand Lakes
new_york_public_communications,https://www.newyorkfed.org/newsevents/speeches/2024/nis240611,NO_IN_SCOPE_POLICYMAKER,Nistor: Risk Management in a Complex and Interconnected World
new_york_public_communications,https://www.newyorkfed.org/newsevents/speeches/2024/ost240419,NO_IN_SCOPE_POLICYMAKER,"Ostrander: The Legal Function’s Role in the Risk Management Framework: Jack-of-All-Trades, Cog in the Machine, or Misfit Toy?"
new_york_public_communications,https://www.newyorkfed.org/newsevents/speeches/2024/per240508,NO_IN_SCOPE_POLICYMAKER,Perli: Balance Sheet Reduction: Progress to Date and a Look Ahead
new_york_public_communications,https://www.newyorkfed.org/newsevents/speeches/2024/per240521,NO_IN_SCOPE_POLICYMAKER,Perli: Transcript of Roberto Perli on the Macro Musings Podcast
new_york_public_communications,https://www.newyorkfed.org/newsevents/speeches/2024/per240924,NO_IN_SCOPE_POLICYMAKER,Perli: Market Intelligence and the Monetary Policy Process
new_york_public_communications,https://www.newyorkfed.org/newsevents/speeches/2024/per240926,NO_IN_SCOPE_POLICYMAKER,Perli: Balance Sheet Normalization: Monitoring Reserve Conditions and Understanding Repo Market Pressures
new_york_public_communications,https://www.newyorkfed.org/newsevents/speeches/2024/per241112,NO_IN_SCOPE_POLICYMAKER,Perli: Facing Quarter-End Pressures: Understanding the Repo Market and Federal Reserve Tools
new_york_public_communications,https://www.newyorkfed.org/newsevents/speeches/2024/rem240207,NO_IN_SCOPE_POLICYMAKER,"Remache: Balance Sheet Basics, Progress, and Future State"
new_york_public_communications,https://www.newyorkfed.org/newsevents/speeches/2025/abe250219,NO_IN_SCOPE_POLICYMAKER,Abel: Economic Conditions in New York State
new_york_public_communications,https://www.newyorkfed.org/newsevents/speeches/2025/abe250325,NO_IN_SCOPE_POLICYMAKER,Abel: Economic Conditions in the Region
new_york_public_communications,https://www.newyorkfed.org/newsevents/speeches/2025/ath250114,NO_IN_SCOPE_POLICYMAKER,Athreya: Career Conversations with the Junior Economic Club of New York City
new_york_public_communications,https://www.newyorkfed.org/newsevents/speeches/2025/ath250213,NO_IN_SCOPE_POLICYMAKER,Athreya: Economic Outlook with a Focus on Regional Business Conditions
new_york_public_communications,https://www.newyorkfed.org/newsevents/speeches/2025/ath250325,NO_IN_SCOPE_POLICYMAKER,Athreya: National Economic Outlook
new_york_public_communications,https://www.newyorkfed.org/newsevents/speeches/2025/ath250509,NO_IN_SCOPE_POLICYMAKER,Athreya: National Economic Outlook
new_york_public_communications,https://www.newyorkfed.org/newsevents/speeches/2025/ath250717,NO_IN_SCOPE_POLICYMAKER,Athreya: National and Regional Economic Outlook
new_york_public_communications,https://www.newyorkfed.org/newsevents/speeches/2025/ath251007,NO_IN_SCOPE_POLICYMAKER,Athreya: National and Regional Economic Outlook
new_york_public_communications,https://www.newyorkfed.org/newsevents/speeches/2025/ath251112,NO_IN_SCOPE_POLICYMAKER,Athreya: The U.S. Economy in a Time of Policy and Meta-Policy Change
new_york_public_communications,https://www.newyorkfed.org/newsevents/speeches/2025/ath251219,NO_IN_SCOPE_POLICYMAKER,Athreya: The U.S. Economy: Reflections and a Look Ahead
new_york_public_communications,https://www.newyorkfed.org/newsevents/speeches/2025/cet250403,NO_IN_SCOPE_POLICYMAKER,Cetorelli: The Bank-NBFI Nexus
new_york_public_communications,https://www.newyorkfed.org/newsevents/speeches/2025/cet250519,NO_IN_SCOPE_POLICYMAKER,Cetorelli: Banks and the Rise of Nonbanks in Credit Markets
new_york_public_communications,https://www.newyorkfed.org/newsevents/speeches/2025/mar250623,NO_IN_SCOPE_POLICYMAKER,Tavares Marchioni: Presentation by Dina Tavares Marchioni at the 2025 Crane Data Money Fund Symposium
new_york_public_communications,https://www.newyorkfed.org/newsevents/speeches/2025/nis250604,NO_IN_SCOPE_POLICYMAKER,Nistor: When the Map No Longer Matches the Terrain
new_york_public_communications,https://www.newyorkfed.org/newsevents/speeches/2025/nor250624,NO_IN_SCOPE_POLICYMAKER,Nordstrom: Best Practices in U.S. Treasury Repo Markets
new_york_public_communications,https://www.newyorkfed.org/newsevents/speeches/2025/nor251217,NO_IN_SCOPE_POLICYMAKER,Nordstrom: The FX Market Structure’s Ever-Evolving Landscape
new_york_public_communications,https://www.newyorkfed.org/newsevents/speeches/2025/per250305,NO_IN_SCOPE_POLICYMAKER,Perli: Current Issues in Monetary Policy Implementation
new_york_public_communications,https://www.newyorkfed.org/newsevents/speeches/2025/per250509,NO_IN_SCOPE_POLICYMAKER,Perli: Recent Developments in Treasury Market Liquidity and Funding Conditions
new_york_public_communications,https://www.newyorkfed.org/newsevents/speeches/2025/rem250402,NO_IN_SCOPE_POLICYMAKER,Remache: Monetary Policy Implementation
new_york_public_communications,https://www.newyorkfed.org/newsevents/speeches/2025/sca250521,NO_IN_SCOPE_POLICYMAKER,Scally: Update on the Puerto Rico Economy
new_york_public_communications,https://www.newyorkfed.org/newsevents/speeches/2026/ath260219,NO_IN_SCOPE_POLICYMAKER,Athreya: The U.S. Economy: Reflections and a Look Ahead
new_york_public_communications,https://www.newyorkfed.org/newsevents/speeches/2026/ath260506,NO_IN_SCOPE_POLICYMAKER,Athreya: Opening Remarks at The 2026 Federal Reserve Financial and Monetary History Conference
new_york_public_communications,https://www.newyorkfed.org/newsevents/speeches/2026/ath260522,NO_IN_SCOPE_POLICYMAKER,Athreya: The U.S. Economy: National Economic Outlook
new_york_public_communications,https://www.newyorkfed.org/newsevents/speeches/2026/ath260625,NO_IN_SCOPE_POLICYMAKER,Athreya: The U.S. Economy: National Economic Outlook
new_york_public_communications,https://www.newyorkfed.org/newsevents/speeches/2026/cet260715,NO_IN_SCOPE_POLICYMAKER,Cetorelli: Regulation and the Boundaries of the Banking Firm
new_york_public_communications,https://www.newyorkfed.org/newsevents/speeches/2026/mar260624,NO_IN_SCOPE_POLICYMAKER,Marchioni: The Fed's Balance Sheet and Desk Money Market Operations
new_york_public_communications,https://www.newyorkfed.org/newsevents/speeches/2026/nor260421,NO_IN_SCOPE_POLICYMAKER,Nordstrom: A Market in Motion: Looking Back on Three Decades in Foreign Exchange
new_york_public_communications,https://www.newyorkfed.org/newsevents/speeches/2026/nor260707,NO_IN_SCOPE_POLICYMAKER,Nordstrom: The Value of Central Bank Relationships
new_york_public_communications,https://www.newyorkfed.org/newsevents/speeches/2026/per260326,NO_IN_SCOPE_POLICYMAKER,Perli: Reflections on the Early Days of Reserve Management Purchases and the Maintenance of Ample Reserves
new_york_public_communications,https://www.newyorkfed.org/newsevents/speeches/2026/per260709,NO_IN_SCOPE_POLICYMAKER,Perli: Repo Market Structure and Monetary Policy Implementation
new_york_public_communications,https://www.newyorkfed.org/newsevents/speeches/2026/rem260212,NO_IN_SCOPE_POLICYMAKER,Remache: Monetary Policy Implementation in an Ample Reserves Regime
new_york_public_communications,https://www.newyorkfed.org/newsevents/speeches/2026/sca260624,NO_IN_SCOPE_POLICYMAKER,Scally: Economic Conditions in the Second District
philadelphia_public_communications,https://www.philadelphiafed.org/-/media/FRBP/Assets/Institutional/speeches/plosser/2006/10-05-06_cfa-society-phila.pdf?la=en&sc_lang=en&hash=8253B3F7B2C032E38E2F0DA01816FB83,OUTSIDE_COVERAGE,2006-10-05
philadelphia_public_communications,https://www.philadelphiafed.org/-/media/FRBP/Assets/Institutional/speeches/plosser/2006/11-28-06_univ-of-rochester.pdf?la=en&sc_lang=en&hash=A0D01BE50CC6958A94D35A947181C698,OUTSIDE_COVERAGE,2006-11-28
philadelphia_public_communications,https://www.philadelphiafed.org/-/media/FRBP/Assets/Institutional/speeches/plosser/2007/02-07-07_phila-chamber.pdf?la=en&sc_lang=en&hash=C9CE795D5E1E37018BD6BA0A78434D94,OUTSIDE_COVERAGE,2007-02-07
philadelphia_public_communications,https://www.philadelphiafed.org/-/media/FRBP/Assets/Institutional/speeches/plosser/2007/03-06-07_ny-assoc-bus-econ.pdf?la=en&sc_lang=en&hash=A0CD3F851663219B521DDC63398F65E7,OUTSIDE_COVERAGE,2007-03-06
philadelphia_public_communications,https://www.philadelphiafed.org/-/media/FRBP/Assets/Institutional/speeches/plosser/2007/03-23-07_yield-curve.pdf?la=en&sc_lang=en&hash=16226F75936045766ADD43A57A9E674B,OUTSIDE_COVERAGE,2007-03-23
philadelphia_public_communications,https://www.philadelphiafed.org/-/media/FRBP/Assets/Institutional/speeches/plosser/2007/03-30-07_financing-comm-dev.pdf?la=en&sc_lang=en&hash=8D73A522DACFC1690C7C5E13B6C38B35,OUTSIDE_COVERAGE,2007-03-30
philadelphia_public_communications,https://www.philadelphiafed.org/-/media/FRBP/Assets/Institutional/speeches/plosser/2007/04-16-07_global-interdependence.pdf?la=en&sc_lang=en&hash=6E7298B0C5DD44D20F8CBFFD66EFEA19,OUTSIDE_COVERAGE,2007-04-16
philadelphia_public_communications,https://www.philadelphiafed.org/-/media/FRBP/Assets/Institutional/speeches/plosser/2007/07-11-07_euro-econ-finance-centre.pdf?la=en&sc_lang=en&hash=5B6CB0C698B47904BDAF280D2AFD0EDD,OUTSIDE_COVERAGE,2007-07-11
philadelphia_public_communications,https://www.philadelphiafed.org/-/media/FRBP/Assets/Institutional/speeches/plosser/2007/09-08-07_pacb-130th-annual.pdf?la=en&sc_lang=en&hash=9CA8EE39A0C01947B0AC1D2EA3FB7404,OUTSIDE_COVERAGE,2007-09-08
philadelphia_public_communications,https://www.philadelphiafed.org/-/media/FRBP/Assets/Institutional/speeches/plosser/2007/09-25-07_nj-technology-council.pdf?la=en&sc_lang=en&hash=EBE9D5DFCEFD911B7106494D52A47A58,OUTSIDE_COVERAGE,2007-09-25
philadelphia_public_communications,https://www.philadelphiafed.org/-/media/FRBP/Assets/Institutional/speeches/plosser/2007/11-26-07_university-of-rochester.pdf?la=en&sc_lang=en&hash=03D54A8AE259E2188870B281B80358D1,OUTSIDE_COVERAGE,2007-11-26
philadelphia_public_communications,https://www.philadelphiafed.org/-/media/FRBP/Assets/Institutional/speeches/plosser/2008/01-08-08_main-line-chamber-commerce.pdf?la=en&sc_lang=en&hash=C5EEEEAC156536869044DCB4EB623703,OUTSIDE_COVERAGE,2008-01-08
philadelphia_public_communications,https://www.philadelphiafed.org/-/media/FRBP/Assets/Institutional/speeches/plosser/2008/02-06-08_rotary-club-birmingham.pdf?la=en&sc_lang=en&hash=793F950E345508E7F61F33DB46C24133,OUTSIDE_COVERAGE,2008-02-06
philadelphia_public_communications,https://www.philadelphiafed.org/-/media/FRBP/Assets/Institutional/speeches/plosser/2008/03-03-08_natl-assn-business-economics.pdf?la=en&sc_lang=en&hash=7864C36CDC9E88F108034D4AC94E296D,OUTSIDE_COVERAGE,2008-03-03
philadelphia_public_communications,https://www.philadelphiafed.org/-/media/FRBP/Assets/Institutional/speeches/plosser/2008/03-28-08_global-interdependence-center.pdf?la=en&sc_lang=en&hash=2E06DBFF179B9F879CDFB3D13FD537FE,OUTSIDE_COVERAGE,2008-03-28
philadelphia_public_communications,https://www.philadelphiafed.org/-/media/FRBP/Assets/Institutional/speeches/plosser/2008/04-16-08_montco-college.pdf?la=en&sc_lang=en&hash=4283127C6EAD1DE7C02CF43287608944,OUTSIDE_COVERAGE,2008-04-16
philadelphia_public_communications,https://www.philadelphiafed.org/-/media/FRBP/Assets/Institutional/speeches/plosser/2008/04-18-08_GIC-and-Drexel.pdf?la=en&sc_lang=en&hash=51226F5A835E8B6A3BDCBFBC8E1AD62C,OUTSIDE_COVERAGE,2008-04-18
philadelphia_public_communications,https://www.philadelphiafed.org/-/media/FRBP/Assets/Institutional/speeches/plosser/2008/06-05-08_nyu-stern-school-of-business.pdf?la=en&sc_lang=en&hash=3B0715DE2273D7D2D38344032B5AE340,OUTSIDE_COVERAGE,2008-06-05
philadelphia_public_communications,https://www.philadelphiafed.org/-/media/FRBP/Assets/Institutional/speeches/plosser/2008/07-22-08_philadelphia-business-journal.pdf?la=en&sc_lang=en&hash=BB010027BBD78317AFECD41E7DFA0B4F,OUTSIDE_COVERAGE,2008-07-22
philadelphia_public_communications,https://www.philadelphiafed.org/-/media/FRBP/Assets/Institutional/speeches/plosser/2008/10-08-08_council-on-foreign-relations.pdf?la=en&sc_lang=en&hash=A35E150E30A205659B5D248C04588AEA,OUTSIDE_COVERAGE,2008-10-08
philadelphia_public_communications,https://www.philadelphiafed.org/-/media/FRBP/Assets/Institutional/speeches/plosser/2008/11-13-08_economics-club-of-pittsburgh.pdf?la=en&sc_lang=en&hash=EFF365AE8B59462A578E7F04B7DCBD65,OUTSIDE_COVERAGE,2008-11-13
philadelphia_public_communications,https://www.philadelphiafed.org/-/media/FRBP/Assets/Institutional/speeches/plosser/2008/12-02-08_university-of-rochester.pdf?la=en&sc_lang=en&hash=8C42D45562453BF1F13A9FCFCFA62F31,OUTSIDE_COVERAGE,2008-12-02
philadelphia_public_communications,https://www.philadelphiafed.org/-/media/FRBP/Assets/Institutional/speeches/plosser/2009/01-14-09_university-of-delaware.pdf?la=en&sc_lang=en&hash=1A557910679C164C9F11CC168D7EE777,OUTSIDE_COVERAGE,2009-01-14
philadelphia_public_communications,https://www.philadelphiafed.org/-/media/FRBP/Assets/Institutional/speeches/plosser/2009/02-27-09_us-monetary-policy-forum.pdf?la=en&sc_lang=en&hash=480993BD295FFE4B08AF16C24BFA6347,OUTSIDE_COVERAGE,2009-02-27
philadelphia_public_communications,https://www.philadelphiafed.org/-/media/FRBP/Assets/Institutional/speeches/plosser/2009/03-06-09_nyu-restoring-financial-stability.pdf?la=en&sc_lang=en&hash=21E92F22E43C1FE06BA829EECA5F73BB,OUTSIDE_COVERAGE,2009-03-06
philadelphia_public_communications,https://www.philadelphiafed.org/-/media/FRBP/Assets/Institutional/speeches/plosser/2009/03-31-09_booth-school-of-business.pdf?la=en&sc_lang=en&hash=D14E147116D96D022B1B057727A4302A,OUTSIDE_COVERAGE,2009-03-31
philadelphia_public_communications,https://www.philadelphiafed.org/-/media/FRBP/Assets/Institutional/speeches/plosser/2009/05-21-09_money-marketeers.pdf?la=en&sc_lang=en&hash=78F5E4CBC6B27FB7DC08B326B78EB6D2,OUTSIDE_COVERAGE,2009-05-21
philadelphia_public_communications,https://www.philadelphiafed.org/-/media/FRBP/Assets/Institutional/speeches/plosser/2009/09-29-09_lafayette-policy-studies.pdf?la=en&sc_lang=en&hash=37E5B4AE03370CF497C678775CE1D8AF,OUTSIDE_COVERAGE,2009-09-29
philadelphia_public_communications,https://www.philadelphiafed.org/-/media/FRBP/Assets/Institutional/speeches/plosser/2009/10-20-09_merk-stanford-siepr-panel.pdf?la=en&sc_lang=en&hash=ED00939E14A801366FD527229FEA85E6,OUTSIDE_COVERAGE,2009-10-20
philadelphia_public_communications,https://www.philadelphiafed.org/-/media/FRBP/Assets/Institutional/speeches/plosser/2009/11-19-09_gic-singapore.pdf?la=en&sc_lang=en&hash=1FEF1730FF95C5DC3E820C34394A2E92,OUTSIDE_COVERAGE,2009-11-19
philadelphia_public_communications,https://www.philadelphiafed.org/-/media/FRBP/Assets/Institutional/speeches/plosser/2009/12-01-09_rochester-economic-seminar.pdf?la=en&sc_lang=en&hash=317172E6CE97B69A9831F5ABFA198610,OUTSIDE_COVERAGE,2009-12-01
philadelphia_public_communications,https://www.philadelphiafed.org/-/media/FRBP/Assets/Institutional/speeches/plosser/2009/12-04-09_fed-policy-forum.pdf?la=en&sc_lang=en&hash=6DCEB9D1F425F5844AEB05F2CB17F4D8,OUTSIDE_COVERAGE,2009-12-04
philadelphia_public_communications,https://www.philadelphiafed.org/-/media/FRBP/Assets/Institutional/speeches/plosser/2010/01-12-10_entrepreneurs-forum.pdf?la=en&sc_lang=en&hash=1C73C3C73349BBCB42F8776AE592C56C,OUTSIDE_COVERAGE,2010-01-12
philadelphia_public_communications,https://www.philadelphiafed.org/-/media/FRBP/Assets/Institutional/speeches/plosser/2010/02-17-10_world-affairs-council.pdf?la=en&sc_lang=en&hash=28E768FA33F75326474D45283A93F5D7,OUTSIDE_COVERAGE,2010-02-17
philadelphia_public_communications,https://www.philadelphiafed.org/-/media/FRBP/Assets/Institutional/speeches/plosser/2010/03-03-10_gic-philadelphia.pdf?la=en&sc_lang=en&hash=8BC2423FBCA03B7604272E4CB15F33EC,OUTSIDE_COVERAGE,2010-03-03
philadelphia_public_communications,https://www.philadelphiafed.org/-/media/FRBP/Assets/Institutional/speeches/plosser/2010/03-23-10_european-banking-forum.pdf?la=en&sc_lang=en&hash=C64EF616A6FFADA8595C3B4DBDC38FD9,OUTSIDE_COVERAGE,2010-03-23
philadelphia_public_communications,https://www.philadelphiafed.org/-/media/FRBP/Assets/Institutional/speeches/plosser/2010/05-07-10_delaware-chamber-of-commerce.pdf?la=en&sc_lang=en&hash=90C2F192E83A04873C1F7577865E9E12,OUTSIDE_COVERAGE,2010-05-07
philadelphia_public_communications,https://www.philadelphiafed.org/-/media/FRBP/Assets/Institutional/speeches/plosser/2010/06-11-10_blair-county-chamber-of-commerce.pdf?la=en&sc_lang=en&hash=52A5697AD2028FC71012CF94F5986097,OUTSIDE_COVERAGE,2010-06-11
philadelphia_public_communications,https://www.philadelphiafed.org/-/media/FRBP/Assets/Institutional/speeches/plosser/2010/06-16-10_squam-lake-group.pdf?la=en&sc_lang=en&hash=EC72D62D30B05133BA22920CC42BD6E9,OUTSIDE_COVERAGE,2010-06-16
philadelphia_public_communications,https://www.philadelphiafed.org/-/media/FRBP/Assets/Institutional/speeches/plosser/2010/09-24-10_swiss-national-bank.pdf?la=en&sc_lang=en&hash=86A98378C9432CB424C88E786C11794F,OUTSIDE_COVERAGE,2010-09-24
philadelphia_public_communications,https://www.philadelphiafed.org/-/media/FRBP/Assets/Institutional/speeches/plosser/2010/09-29-10_vineland-chamber-of-commerce.pdf?la=en&sc_lang=en&hash=354F72E8ECE31B1577A85C109D054A47,OUTSIDE_COVERAGE,2010-09-29
philadelphia_public_communications,https://www.philadelphiafed.org/-/media/FRBP/Assets/Institutional/speeches/plosser/2010/10-20-10_union-league.pdf?la=en&sc_lang=en&hash=7D7220387FDDBA158AA9AA84F0AF2D5B,OUTSIDE_COVERAGE,2010-10-20
philadelphia_public_communications,https://www.philadelphiafed.org/-/media/FRBP/Assets/Institutional/speeches/plosser/2010/11-18-10_cato-institute.pdf?la=en&sc_lang=en&hash=5C6E06911072727AB393F5C9A93DFC71,OUTSIDE_COVERAGE,2010-11-18
philadelphia_public_communications,https://www.philadelphiafed.org/-/media/FRBP/Assets/Institutional/speeches/plosser/2010/12-02-10_university-of-rochester.pdf?la=en&sc_lang=en&hash=9B0D6BA50885420CFFEC622CD2A31918,OUTSIDE_COVERAGE,2010-12-02
philadelphia_public_communications,https://www.philadelphiafed.org/-/media/FRBP/Assets/Institutional/speeches/plosser/2011/01-11-11_risk-management-association.pdf?la=en&sc_lang=en&hash=529FDF68F128AA806EE25574B1F3A001,OUTSIDE_COVERAGE,2011-01-11
philadelphia_public_communications,https://www.philadelphiafed.org/-/media/FRBP/Assets/Institutional/speeches/plosser/2011/01-17-11_central-bank-of-chile.pdf?la=en&sc_lang=en&hash=01684987B2D621A4790FB3A25D64CA70,OUTSIDE_COVERAGE,2011-01-17
philadelphia_public_communications,https://www.philadelphiafed.org/-/media/FRBP/Assets/Institutional/speeches/plosser/2011/02-23-11_rotary-club-of-birmingham.pdf?la=en&sc_lang=en&hash=5E0B7F5525A448D8EAAA14E342F2D3E4,OUTSIDE_COVERAGE,2011-02-23
philadelphia_public_communications,https://www.philadelphiafed.org/-/media/FRBP/Assets/Institutional/speeches/plosser/2011/03-25-11_shadow-open-market-committee.pdf?la=en&sc_lang=en&hash=C75298FE0E86C7643455F851B55AB532,OUTSIDE_COVERAGE,2011-03-25
philadelphia_public_communications,https://www.philadelphiafed.org/-/media/FRBP/Assets/Institutional/speeches/plosser/2011/04-01-11_harrisburg-regional-chamber.pdf?la=en&sc_lang=en&hash=126F7A0AC5C59DA529BC86D31D9A86CE,OUTSIDE_COVERAGE,2011-04-01
philadelphia_public_communications,https://www.philadelphiafed.org/-/media/FRBP/Assets/Institutional/speeches/plosser/2011/04-14-11_20th-annual-minsky-conference.pdf?la=en&sc_lang=en&hash=4660D1C96541E7EAE7FFA85A69CBB5A1,OUTSIDE_COVERAGE,2011-04-14
philadelphia_public_communications,https://www.philadelphiafed.org/-/media/FRBP/Assets/Institutional/speeches/plosser/2011/05-12-11_nj-bankers-association.pdf?la=en&sc_lang=en&hash=77E02B29A66F868F1BDFBAADE461604A,OUTSIDE_COVERAGE,2011-05-12
philadelphia_public_communications,https://www.philadelphiafed.org/-/media/FRBP/Assets/Institutional/speeches/plosser/2011/06-06-11_global-interdependence-center.pdf?la=en&sc_lang=en&hash=4E9AACF87A0ECE1A43E33D41BF3A4226,OUTSIDE_COVERAGE,2011-06-06
philadelphia_public_communications,https://www.philadelphiafed.org/-/media/FRBP/Assets/Institutional/speeches/plosser/2011/06-09-11_society-of-business-economists.pdf?la=en&sc_lang=en&hash=7BD96BEF31E40CAFE3ED87632EF90008,OUTSIDE_COVERAGE,2011-06-09
philadelphia_public_communications,https://www.philadelphiafed.org/-/media/FRBP/Assets/Institutional/speeches/plosser/2011/09-29-11_business-leaders-forum-villanova.pdf?la=en&sc_lang=en&hash=AC9D91E6EF9D52743C85109C80E75CE9,OUTSIDE_COVERAGE,2011-09-29
philadelphia_public_communications,https://www.philadelphiafed.org/-/media/FRBP/Assets/Institutional/speeches/plosser/2011/10-12-11_zell-lurie-real-estate-center-wharton.pdf?la=en&sc_lang=en&hash=EF53CD9F1C9431AA78006C3ECE8D4BD8,OUTSIDE_COVERAGE,2011-10-12
philadelphia_public_communications,https://www.philadelphiafed.org/-/media/FRBP/Assets/Institutional/speeches/plosser/2011/11-08-11_global-interdependence-center.pdf?la=en&sc_lang=en&hash=40ED5E920526B9B2C12F0012A94F0DEA,OUTSIDE_COVERAGE,2011-11-08
philadelphia_public_communications,https://www.philadelphiafed.org/-/media/FRBP/Assets/Institutional/speeches/plosser/2011/12-02-11_fed-policy-forum.pdf?la=en&sc_lang=en&hash=F7B024FA97196BD207341C4452E8AFC7,OUTSIDE_COVERAGE,2011-12-02
philadelphia_public_communications,https://www.philadelphiafed.org/the-economy/191113-an-economic-outlook-commercial-industrial-realty-councils-25th-annual-joint-holiday-dinner,NO_IN_SCOPE_POLICYMAKER,An Economic Outlook: Commercial-Industrial Realty Council's 25th Annual Joint Holiday Dinner
philadelphia_public_communications,https://www.philadelphiafed.org/the-economy/200714-connecting-communities,NO_IN_SCOPE_POLICYMAKER,The Impact of COVID-19 on Communities and Small Businesses
philadelphia_public_communications,https://www.philadelphiafed.org/the-economy/banking-and-financial-markets/241112-fintech-ai-and-the-changing-financial-landscape,NO_IN_SCOPE_POLICYMAKER,"Fintech, AI, and the Changing Financial Landscape"
philadelphia_public_communications,https://www.philadelphiafed.org/the-economy/banking-and-financial-markets/250410-a-look-at-fintech-from-the-inside-to-the-upside,NO_IN_SCOPE_POLICYMAKER,A Look at Fintech from the Inside to the Upside
philadelphia_public_communications,https://www.philadelphiafed.org/the-economy/macroeconomics/131104-bank-introduces-new-measure-of-gdp,NO_IN_SCOPE_POLICYMAKER,Bank Introduces New Measure of GDP
philadelphia_public_communications,https://www.philadelphiafed.org/the-economy/macroeconomics/190325-on-balance-all-things-considered-on-the-road-to-normal,NO_IN_SCOPE_POLICYMAKER,On Balance: All Things Considered on the Road to Normal
philadelphia_public_communications,https://www.philadelphiafed.org/the-economy/macroeconomics/240510-philadelphia-fed-releases-data-on-worker-job-transitions,NO_IN_SCOPE_POLICYMAKER,Philadelphia Fed Releases Data on Worker Job Transitions
philadelphia_public_communications,https://www.philadelphiafed.org/the-economy/monetary-policy/200115-monetary-policy-normalization-low-interest-rates-and-the-new-normal,NO_IN_SCOPE_POLICYMAKER,Monetary Policy Normalization: Low Interest Rates and the New Normal
philadelphia_public_communications,https://www.philadelphiafed.org/the-economy/monetary-policy/210107-phila-business-journal,NO_IN_SCOPE_POLICYMAKER,The Outlook for 2021 Nationally and Locally
philadelphia_public_communications,https://www.philadelphiafed.org/the-economy/monetary-policy/221110-the-economy-inflation-and-monetary-policy,NO_IN_SCOPE_POLICYMAKER,"The Economy, Inflation, and Monetary Policy"
philadelphia_public_communications,https://www.philadelphiafed.org/the-economy/monetary-policy/230120-economic-outlook,NO_IN_SCOPE_POLICYMAKER,Economic Outlook
philadelphia_public_communications,https://www.philadelphiafed.org/the-economy/monetary-policy/230214-the-fed-and-the-economy-where-were-going-where-weve-been,NO_IN_SCOPE_POLICYMAKER,"The Fed and the Economy: Where We’re Going, Where We’ve Been"
philadelphia_public_communications,https://www.philadelphiafed.org/the-economy/monetary-policy/230411-opening-remarks,NO_IN_SCOPE_POLICYMAKER,Opening Remarks
philadelphia_public_communications,https://www.philadelphiafed.org/the-economy/monetary-policy/230420-understanding-monetary-policy-through-the-housing-channel,NO_IN_SCOPE_POLICYMAKER,Understanding Monetary Policy Through the Housing Channel
philadelphia_public_communications,https://www.philadelphiafed.org/the-economy/monetary-policy/230601-highlighting-the-labor-markets-new-complexities-listening-to-worker-voices,NO_IN_SCOPE_POLICYMAKER,Highlighting the Labor Market’s New Complexities; Listening to Worker Voices
philadelphia_public_communications,https://www.philadelphiafed.org/the-economy/monetary-policy/230808-on-the-flight-path-to-the-soft-landing,NO_IN_SCOPE_POLICYMAKER,On the Flight Path to the Soft Landing
philadelphia_public_communications,https://www.philadelphiafed.org/the-economy/monetary-policy/231016-doing-nothing-is-still-doing-a-lot,NO_IN_SCOPE_POLICYMAKER,“Doing Nothing” Is Still Doing a Lot
philadelphia_public_communications,https://www.philadelphiafed.org/the-economy/monetary-policy/231016-giving-the-economy-time-to-catch-its-breath,NO_IN_SCOPE_POLICYMAKER,Giving the Economy Time to Catch Its Breath
philadelphia_public_communications,https://www.philadelphiafed.org/the-economy/monetary-policy/231019-future-monetary-landscape-is-being-painted-by-both-hard-and-soft-data,NO_IN_SCOPE_POLICYMAKER,Future Monetary Landscape Is Being Painted by Both Hard and Soft Data
philadelphia_public_communications,https://www.philadelphiafed.org/the-economy/monetary-policy/231020-outlook-for-economic-and-banking-conditions,NO_IN_SCOPE_POLICYMAKER,Outlook for Economic and Banking Conditions
philadelphia_public_communications,https://www.philadelphiafed.org/the-economy/monetary-policy/240617-the-best-answers-start-with-the-right-questions,NO_IN_SCOPE_POLICYMAKER,The Best Answers Start with the Right Questions
philadelphia_public_communications,https://www.philadelphiafed.org/the-economy/monetary-policy/250217-economic-outlook,NO_IN_SCOPE_POLICYMAKER,Economic Outlook
philadelphia_public_communications,https://www.philadelphiafed.org/the-economy/monetary-policy/250227-economic-outlook-for-delaware-and-beyond,NO_IN_SCOPE_POLICYMAKER,Economic Outlook for Delaware and Beyond
philadelphia_public_communications,https://www.philadelphiafed.org/the-economy/regional-economics/150108-manufacturing-data-revisions-released,NO_IN_SCOPE_POLICYMAKER,Manufacturing Data Revisions Released
philadelphia_public_communications,https://www.philadelphiafed.org/the-economy/regional-economics/160114-manufacturing-data-revisions-released,NO_IN_SCOPE_POLICYMAKER,Manufacturing Data Revisions Released
philadelphia_public_communications,https://www.philadelphiafed.org/the-economy/regional-economics/180111-manufacturing-data-revisions-released,NO_IN_SCOPE_POLICYMAKER,Manufacturing Data Revisions Released
philadelphia_public_communications,https://www.philadelphiafed.org/the-economy/regional-economics/190110-manufacturing-data-revisions-released,NO_IN_SCOPE_POLICYMAKER,Manufacturing Data Revisions Released
philadelphia_public_communications,https://www.philadelphiafed.org/the-economy/regional-economics/200109-2019-manufacturing-data-revisions-released,NO_IN_SCOPE_POLICYMAKER,Manufacturing Data Revisions Released
philadelphia_public_communications,https://www.philadelphiafed.org/the-economy/regional-economics/200117-chamber-of-commerce-for-greater-philadelphia-members-optimistic-about-business-condition,NO_IN_SCOPE_POLICYMAKER,Chamber of Commerce for Greater Philadelphia Members Optimistic About Business Conditions in 2020
philadelphia_public_communications,https://www.philadelphiafed.org/the-economy/regional-economics/210113-philadelphia-fed-survey-chamber-of-commerce-for-greater-philadelphia,NO_IN_SCOPE_POLICYMAKER,Chamber of Commerce for Greater Philadelphia Members Reported Deteriorated Business Conditions in 2020 but Expect Conditions to Improve in 2021
philadelphia_public_communications,https://www.philadelphiafed.org/the-economy/regional-economics/210114-2020-manufacturing-data-revisions-released,NO_IN_SCOPE_POLICYMAKER,2020 Manufacturing Data Revisions Released
philadelphia_public_communications,https://www.philadelphiafed.org/the-economy/regional-economics/220114-chamber-of-commerce-for-greater-philadelphia-optimistic-about-business-conditions-in-2022,NO_IN_SCOPE_POLICYMAKER,Chamber of Commerce for Greater Philadelphia Members Optimistic About Business Conditions in 2022
philadelphia_public_communications,https://www.philadelphiafed.org/the-economy/regional-economics/221110-philadelphia-fed-launches-early-benchmark-revisions-of-monthly-state-payroll-employment,NO_IN_SCOPE_POLICYMAKER,Philadelphia Fed Launches Early Benchmark Revisions of Monthly State Payroll Employment
philadelphia_public_communications,https://www.philadelphiafed.org/the-economy/regional-economics/231013-economic-outlook-for-delaware-and-the-nation,NO_IN_SCOPE_POLICYMAKER,Economic Outlook for Delaware and the Nation
philadelphia_public_communications,https://www.philadelphiafed.org/the-economy/regional-economics/250109-philadelphia-fed-survey-business-conditions-expected-to-be-mixed-in-2025,NO_IN_SCOPE_POLICYMAKER,Philadelphia Fed Survey: Business Conditions Expected to be Mixed in 2025
philadelphia_public_communications,https://www.philadelphiafed.org/the-economy/regional-economics/251215-philadelphia-fed-launches-new-tool-to-visualize-firm-level-price-and-inflation-expectations,NO_IN_SCOPE_POLICYMAKER,Philadelphia Fed Launches New Tool to Visualize Firm-Level Price and Inflation Expectations
philadelphia_public_communications,https://www.philadelphiafed.org/the-economy/regional-economics/260114-philadelphia-fed-survey-businesses-anticipate-mixed-economic-conditions-in-2026,NO_IN_SCOPE_POLICYMAKER,Philadelphia Fed Survey: Businesses Anticipate Mixed Economic Conditions in 2026
st_louis_public_communications,https://www.stlouisfed.org/from-the-president/remarks/2024/photo-musalem-louisville-visit,EXCLUDED_EVENT_LISTING_WITHOUT_COMMUNICATION,Photos from Musalem’s Visit to Louisville
st_louis_public_communications,https://www.stlouisfed.org/from-the-president/remarks/2024/photo-musalem-memphis-visit,EXCLUDED_EVENT_LISTING_WITHOUT_COMMUNICATION,Photos from Musalem’s June Visit to Memphis
st_louis_public_communications,https://www.stlouisfed.org/from-the-president/remarks/2024/photos-musalem-cortex-innovation-district-stlouis,EXCLUDED_EVENT_LISTING_WITHOUT_COMMUNICATION,Photos from Musalem’s Visit to Cortex Innovation District in St. Louis
st_louis_public_communications,https://www.stlouisfed.org/from-the-president/remarks/2024/photos-musalem-first-week,EXCLUDED_EVENT_LISTING_WITHOUT_COMMUNICATION,Photos from Musalem’s First Week in Office
st_louis_public_communications,https://www.stlouisfed.org/from-the-president/remarks/2024/photos-musalem-plant-science-center-stlouis-visit,EXCLUDED_EVENT_LISTING_WITHOUT_COMMUNICATION,Photos from Musalem’s Visit to Plant Science Center in St. Louis
st_louis_public_communications,https://www.stlouisfed.org/from-the-president/remarks/2024/remarks-financial-conditions-economic-outlook-monetary-policy,NO_AUDITABLE_EVENT_DATE,"Musalem: Financial Conditions, the Economic Outlook and Monetary Policy"
st_louis_public_communications,https://www.stlouisfed.org/from-the-president/remarks/2024/remarks-monetary-policy-and-u-s-economic-outlook,NO_AUDITABLE_EVENT_DATE,Remarks on Monetary Policy and the U.S. Economic Outlook
st_louis_public_communications,https://www.stlouisfed.org/from-the-president/remarks/2024/remarks-on-u-s-economy-and-monetary-policy,NO_AUDITABLE_EVENT_DATE,Remarks on the U.S. Economy and Monetary Policy
st_louis_public_communications,https://www.stlouisfed.org/from-the-president/remarks/2024/welcoming-remarks-2024-community-banking-research-conference,NO_AUDITABLE_EVENT_DATE,Welcoming Remarks: 2024 Community Banking Research Conference
st_louis_public_communications,https://www.stlouisfed.org/from-the-president/remarks/2024/welcoming-remarks-2024-professors-conference,NO_AUDITABLE_EVENT_DATE,Welcoming Remarks: St. Louis Fed Professors Conference
st_louis_public_communications,https://www.stlouisfed.org/from-the-president/remarks/2025/bloomberg-interview,NO_AUDITABLE_EVENT_DATE,Bloomberg Interviews with President Musalem
st_louis_public_communications,https://www.stlouisfed.org/from-the-president/remarks/2025/brookings-institution-economic-outlook-balance-risks-monetary-policy,NO_AUDITABLE_EVENT_DATE,"Remarks on the Economic Outlook, the Balance of Risks and Monetary Policy"
st_louis_public_communications,https://www.stlouisfed.org/from-the-president/remarks/2025/cnbc-interview,NO_AUDITABLE_EVENT_DATE,CNBC Interview with President Musalem
st_louis_public_communications,https://www.stlouisfed.org/from-the-president/remarks/2025/community-banking-research-conference,NO_IN_SCOPE_POLICYMAKER,Welcoming and Introductory Remarks: 2025 Community Banking Research Conference
st_louis_public_communications,https://www.stlouisfed.org/from-the-president/remarks/2025/crossing-credit-barrier-conference,NO_AUDITABLE_EVENT_DATE,Welcoming Remarks: 2025 Crossing the Credit Barrier Conference
st_louis_public_communications,https://www.stlouisfed.org/from-the-president/remarks/2025/economic-conditions-risks-monetary-policy-remarks-peterson-institute,NO_AUDITABLE_EVENT_DATE,"Economic Conditions, Risks and Monetary Policy"
st_louis_public_communications,https://www.stlouisfed.org/from-the-president/remarks/2025/fireside-chat-evansville-ind,NO_AUDITABLE_EVENT_DATE,"Fireside Chat at Evansville, Ind., Event"
st_louis_public_communications,https://www.stlouisfed.org/from-the-president/remarks/2025/fireside-chat-mississippi-delta,NO_AUDITABLE_EVENT_DATE,Fireside Chat at Mississippi Delta Event
st_louis_public_communications,https://www.stlouisfed.org/from-the-president/remarks/2025/fireside-chat-springfield-mo,NO_AUDITABLE_EVENT_DATE,"Fireside Chat at Springfield, Mo., Event"
st_louis_public_communications,https://www.stlouisfed.org/from-the-president/remarks/2025/institute-of-international-finance,NO_AUDITABLE_EVENT_DATE,Institute of International Finance Q&A with President Musalem
st_louis_public_communications,https://www.stlouisfed.org/from-the-president/remarks/2025/panel-discussion-washington-university-in-st-louis,NO_AUDITABLE_EVENT_DATE,Panel Discussion at Washington University in St. Louis
st_louis_public_communications,https://www.stlouisfed.org/from-the-president/remarks/2025/remarks-on-economic-outlook-and-alternative-scenarios,NO_AUDITABLE_EVENT_DATE,Remarks on the Economic Outlook and Alternative Scenarios
st_louis_public_communications,https://www.stlouisfed.org/from-the-president/remarks/2025/southwest-illinois-business-roundtable,NO_AUDITABLE_EVENT_DATE,Roundtable Discussion in Southwestern Illinois
st_louis_public_communications,https://www.stlouisfed.org/from-the-president/remarks/2026/cnbc-interview-aug-20-2026,NO_AUDITABLE_EVENT_DATE,CNBC Interview with President Musalem
st_louis_public_communications,https://www.stlouisfed.org/from-the-president/remarks/2026/fox-business-interview-feb-20-2026,NO_AUDITABLE_EVENT_DATE,"Fox Business Interview with President Musalem, Feb. 20, 2026"
st_louis_public_communications,https://www.stlouisfed.org/from-the-president/remarks/2026/kentucky-indiana-visit-june-2026,EXCLUDED_EVENT_LISTING_WITHOUT_COMMUNICATION,Visit to Kentucky and Indiana
st_louis_public_communications,https://www.stlouisfed.org/from-the-president/remarks/2026/memphis-visit-april-2026,NO_AUDITABLE_EVENT_DATE,Exploring the Memphis Economy
st_louis_public_communications,https://www.stlouisfed.org/from-the-president/remarks/2026/missouri-athletic-club-qa,NO_AUDITABLE_EVENT_DATE,Missouri Athletic Club Q&A with President Musalem
st_louis_public_communications,https://www.stlouisfed.org/from-the-president/remarks/2026/mni-webcast-jan-13-2026,NO_AUDITABLE_EVENT_DATE,"MNI Webcast with President Musalem, Jan. 13, 2026"
st_louis_public_communications,https://www.stlouisfed.org/from-the-president/remarks/2026/monetary-policy-and-productivity-brazil,NO_AUDITABLE_EVENT_DATE,Monetary Policy and Productivity: Promoting Growth vs. Stabilizing Prices
st_louis_public_communications,https://www.stlouisfed.org/from-the-president/remarks/2026/nyt-article-august-2026,NO_AUDITABLE_EVENT_DATE,nyt article august 2026
st_louis_public_communications,https://www.stlouisfed.org/from-the-president/remarks/2026/us-economic-outlook-monetary-policy-university-arkansas,NO_AUDITABLE_EVENT_DATE,Speech and Q&A: U.S. Economic Outlook and Monetary Policy
st_louis_public_communications,https://www.stlouisfed.org/from-the-president/remarks/2026/wentzville-mo-visit-june-2026,EXCLUDED_EVENT_LISTING_WITHOUT_COMMUNICATION,"Visit to Wentzville, Mo."
