sep_date,member_name,stance_label,stance_score,change_vs_prior_sep,evidence_basis,evidence_date,evidence_age_days,evidence_url,evidence_snippet,latest_communication_date,latest_communication_title,latest_communication_url,cutoff_rule,analytical_cutoff,individual_sep_projection_known
2012-01-25,Ben S. Bernanke,COMMITTEE_HOLD,0,UNKNOWN,VOTE_ACTION_PROXY,2012-01-25,0,https://www.federalreserve.gov/newsevents/pressreleases/monetary20120125a.htm,"Voting for the FOMC monetary policy action were: Ben S. Bernanke, Chairman; William C. Dudley, Vice Chairman; Elizabeth A. Duke; Dennis P. Lockhart; Sandra Pianalto; Sarah Bloom Raskin; Daniel K. Tarullo; John C. Williams; and Janet L. Yellen. Voting against the action was Jeffrey M. Lacker, who preferred to omit the description of the time period over which economic conditions are likely to warrant exceptionally low levels of the federal funds rate.",,,,COMMUNICATION_EVENT_DATE_STRICTLY_BEFORE_SEP_WHEN_TIME_UNKNOWN,SEP_RELEASE_DATE_AFTER_OFFICIAL_POLICY_STATEMENT; EXACT_RELEASE_TIME_NOT_STORED,NO
2012-01-25,Charles I. Plosser,UNKNOWN,,UNKNOWN,NO_DIRECTIONAL_PERSONAL_EVIDENCE_CLASSIFIED,,,,,2012-01-11,Economic Prospects and Monetary Policy for the New Year,https://fraser.stlouisfed.org/title/statements-speeches-charles-i-plosser-6101/economic-prospects-monetary-policy-new-year-586706,COMMUNICATION_EVENT_DATE_STRICTLY_BEFORE_SEP_WHEN_TIME_UNKNOWN,SEP_RELEASE_DATE_AFTER_OFFICIAL_POLICY_STATEMENT; EXACT_RELEASE_TIME_NOT_STORED,NO
2012-01-25,Charles L. Evans,UNKNOWN,,UNKNOWN,NO_DIRECTIONAL_PERSONAL_EVIDENCE_CLASSIFIED,,,,,2012-01-13,Managing Monetary Policy Risks,https://fraser.stlouisfed.org/title/statements-speeches-charles-l-evans-8969/managing-monetary-policy-risks-666868,COMMUNICATION_EVENT_DATE_STRICTLY_BEFORE_SEP_WHEN_TIME_UNKNOWN,SEP_RELEASE_DATE_AFTER_OFFICIAL_POLICY_STATEMENT; EXACT_RELEASE_TIME_NOT_STORED,NO
2012-01-25,Christine Cumming,UNKNOWN,,UNKNOWN,NO_DIRECTIONAL_PERSONAL_EVIDENCE_CLASSIFIED,,,,,,,,COMMUNICATION_EVENT_DATE_STRICTLY_BEFORE_SEP_WHEN_TIME_UNKNOWN,SEP_RELEASE_DATE_AFTER_OFFICIAL_POLICY_STATEMENT; EXACT_RELEASE_TIME_NOT_STORED,NO
2012-01-25,Daniel K. Tarullo,COMMITTEE_HOLD,0,UNKNOWN,VOTE_ACTION_PROXY,2012-01-25,0,https://www.federalreserve.gov/newsevents/pressreleases/monetary20120125a.htm,"Voting for the FOMC monetary policy action were: Ben S. Bernanke, Chairman; William C. Dudley, Vice Chairman; Elizabeth A. Duke; Dennis P. Lockhart; Sandra Pianalto; Sarah Bloom Raskin; Daniel K. Tarullo; John C. Williams; and Janet L. Yellen. Voting against the action was Jeffrey M. Lacker, who preferred to omit the description of the time period over which economic conditions are likely to warrant exceptionally low levels of the federal funds rate.",,,,COMMUNICATION_EVENT_DATE_STRICTLY_BEFORE_SEP_WHEN_TIME_UNKNOWN,SEP_RELEASE_DATE_AFTER_OFFICIAL_POLICY_STATEMENT; EXACT_RELEASE_TIME_NOT_STORED,NO
2012-01-25,Dennis P. Lockhart,COMMITTEE_HOLD,0,UNKNOWN,VOTE_ACTION_PROXY,2012-01-25,0,https://www.federalreserve.gov/newsevents/pressreleases/monetary20120125a.htm,"Voting for the FOMC monetary policy action were: Ben S. Bernanke, Chairman; William C. Dudley, Vice Chairman; Elizabeth A. Duke; Dennis P. Lockhart; Sandra Pianalto; Sarah Bloom Raskin; Daniel K. Tarullo; John C. Williams; and Janet L. Yellen. Voting against the action was Jeffrey M. Lacker, who preferred to omit the description of the time period over which economic conditions are likely to warrant exceptionally low levels of the federal funds rate.",2012-01-09,"Current Economic Performance, Underlying Fundamentals, and the Outlook",https://fraser.stlouisfed.org/title/statements-speeches-dennis-lockhart-5579/current-economic-performance-underlying-fundamentals-outlook-558035,COMMUNICATION_EVENT_DATE_STRICTLY_BEFORE_SEP_WHEN_TIME_UNKNOWN,SEP_RELEASE_DATE_AFTER_OFFICIAL_POLICY_STATEMENT; EXACT_RELEASE_TIME_NOT_STORED,NO
2012-01-25,Elizabeth A. Duke,COMMITTEE_HOLD,0,UNKNOWN,VOTE_ACTION_PROXY,2012-01-25,0,https://www.federalreserve.gov/newsevents/pressreleases/monetary20120125a.htm,"Voting for the FOMC monetary policy action were: Ben S. Bernanke, Chairman; William C. Dudley, Vice Chairman; Elizabeth A. Duke; Dennis P. Lockhart; Sandra Pianalto; Sarah Bloom Raskin; Daniel K. Tarullo; John C. Williams; and Janet L. Yellen. Voting against the action was Jeffrey M. Lacker, who preferred to omit the description of the time period over which economic conditions are likely to warrant exceptionally low levels of the federal funds rate.",2012-01-16,From Community Banker to Central Banker--My Journey,https://www.federalreserve.gov/newsevents/speech/duke20120116a.htm,COMMUNICATION_EVENT_DATE_STRICTLY_BEFORE_SEP_WHEN_TIME_UNKNOWN,SEP_RELEASE_DATE_AFTER_OFFICIAL_POLICY_STATEMENT; EXACT_RELEASE_TIME_NOT_STORED,NO
2012-01-25,Eric S. Rosengren,UNKNOWN,,UNKNOWN,NO_DIRECTIONAL_PERSONAL_EVIDENCE_CLASSIFIED,,,,,2012-01-06,Small Business Funding and the Economic Recovery,https://fraser.stlouisfed.org/title/statements-speeches-eric-rosengren-9015/small-business-funding-economic-recovery-667478,COMMUNICATION_EVENT_DATE_STRICTLY_BEFORE_SEP_WHEN_TIME_UNKNOWN,SEP_RELEASE_DATE_AFTER_OFFICIAL_POLICY_STATEMENT; EXACT_RELEASE_TIME_NOT_STORED,NO
2012-01-25,Esther L. George,UNKNOWN,,UNKNOWN,NO_DIRECTIONAL_PERSONAL_EVIDENCE_CLASSIFIED,,,,,2012-01-10,The U.S. Economy and Monetary Policy in 2012,https://fraser.stlouisfed.org/title/statements-speeches-esther-l-george-9278/us-economy-monetary-policy-2012-679545,COMMUNICATION_EVENT_DATE_STRICTLY_BEFORE_SEP_WHEN_TIME_UNKNOWN,SEP_RELEASE_DATE_AFTER_OFFICIAL_POLICY_STATEMENT; EXACT_RELEASE_TIME_NOT_STORED,NO
2012-01-25,James Bullard,UNKNOWN,,UNKNOWN,NO_DIRECTIONAL_PERSONAL_EVIDENCE_CLASSIFIED,,,,,,,,COMMUNICATION_EVENT_DATE_STRICTLY_BEFORE_SEP_WHEN_TIME_UNKNOWN,SEP_RELEASE_DATE_AFTER_OFFICIAL_POLICY_STATEMENT; EXACT_RELEASE_TIME_NOT_STORED,NO
2012-01-25,Janet L. Yellen,COMMITTEE_HOLD,0,UNKNOWN,VOTE_ACTION_PROXY,2012-01-25,0,https://www.federalreserve.gov/newsevents/pressreleases/monetary20120125a.htm,"Voting for the FOMC monetary policy action were: Ben S. Bernanke, Chairman; William C. Dudley, Vice Chairman; Elizabeth A. Duke; Dennis P. Lockhart; Sandra Pianalto; Sarah Bloom Raskin; Daniel K. Tarullo; John C. Williams; and Janet L. Yellen. Voting against the action was Jeffrey M. Lacker, who preferred to omit the description of the time period over which economic conditions are likely to warrant exceptionally low levels of the federal funds rate.",,,,COMMUNICATION_EVENT_DATE_STRICTLY_BEFORE_SEP_WHEN_TIME_UNKNOWN,SEP_RELEASE_DATE_AFTER_OFFICIAL_POLICY_STATEMENT; EXACT_RELEASE_TIME_NOT_STORED,NO
2012-01-25,Jeffrey M. Lacker,TIGHTER,2,UNKNOWN,NAMED_DISSENT,2012-01-25,0,https://www.federalreserve.gov/newsevents/pressreleases/monetary20120125a.htm,"Voting for the FOMC monetary policy action were: Ben S. Bernanke, Chairman; William C. Dudley, Vice Chairman; Elizabeth A. Duke; Dennis P. Lockhart; Sandra Pianalto; Sarah Bloom Raskin; Daniel K. Tarullo; John C. Williams; and Janet L. Yellen. Voting against the action was Jeffrey M. Lacker, who preferred to omit the description of the time period over which economic conditions are likely to warrant exceptionally low levels of the federal funds rate.",2012-01-13,"Economic Outlook, January 2012",https://www.richmondfed.org/press_room/speeches/jeffrey_m_lacker/2012/lacker_speech_20120113,COMMUNICATION_EVENT_DATE_STRICTLY_BEFORE_SEP_WHEN_TIME_UNKNOWN,SEP_RELEASE_DATE_AFTER_OFFICIAL_POLICY_STATEMENT; EXACT_RELEASE_TIME_NOT_STORED,NO
2012-01-25,John C. Williams,COMMITTEE_HOLD,0,UNKNOWN,VOTE_ACTION_PROXY,2012-01-25,0,https://www.federalreserve.gov/newsevents/pressreleases/monetary20120125a.htm,"Voting for the FOMC monetary policy action were: Ben S. Bernanke, Chairman; William C. Dudley, Vice Chairman; Elizabeth A. Duke; Dennis P. Lockhart; Sandra Pianalto; Sarah Bloom Raskin; Daniel K. Tarullo; John C. Williams; and Janet L. Yellen. Voting against the action was Jeffrey M. Lacker, who preferred to omit the description of the time period over which economic conditions are likely to warrant exceptionally low levels of the federal funds rate.",2012-01-10,The Federal Reserve and the Economic Recovery,https://fraser.stlouisfed.org/title/statements-speeches-john-c-williams-9040/federal-reserve-economic-recovery-671831,COMMUNICATION_EVENT_DATE_STRICTLY_BEFORE_SEP_WHEN_TIME_UNKNOWN,SEP_RELEASE_DATE_AFTER_OFFICIAL_POLICY_STATEMENT; EXACT_RELEASE_TIME_NOT_STORED,NO
2012-01-25,Narayana Kocherlakota,UNKNOWN,,UNKNOWN,NO_DIRECTIONAL_PERSONAL_EVIDENCE_CLASSIFIED,,,,,,,,COMMUNICATION_EVENT_DATE_STRICTLY_BEFORE_SEP_WHEN_TIME_UNKNOWN,SEP_RELEASE_DATE_AFTER_OFFICIAL_POLICY_STATEMENT; EXACT_RELEASE_TIME_NOT_STORED,NO
2012-01-25,Richard W. Fisher,UNKNOWN,,UNKNOWN,NO_DIRECTIONAL_PERSONAL_EVIDENCE_CLASSIFIED,,,,,,,,COMMUNICATION_EVENT_DATE_STRICTLY_BEFORE_SEP_WHEN_TIME_UNKNOWN,SEP_RELEASE_DATE_AFTER_OFFICIAL_POLICY_STATEMENT; EXACT_RELEASE_TIME_NOT_STORED,NO
2012-01-25,Sandra Pianalto,COMMITTEE_HOLD,0,UNKNOWN,VOTE_ACTION_PROXY,2012-01-25,0,https://www.federalreserve.gov/newsevents/pressreleases/monetary20120125a.htm,"Voting for the FOMC monetary policy action were: Ben S. Bernanke, Chairman; William C. Dudley, Vice Chairman; Elizabeth A. Duke; Dennis P. Lockhart; Sandra Pianalto; Sarah Bloom Raskin; Daniel K. Tarullo; John C. Williams; and Janet L. Yellen. Voting against the action was Jeffrey M. Lacker, who preferred to omit the description of the time period over which economic conditions are likely to warrant exceptionally low levels of the federal funds rate.",2012-01-10,The Long Road Back to Full Employment,https://fraser.stlouisfed.org/title/statements-speeches-sandra-pianalto-3770/long-road-back-full-employment-475332,COMMUNICATION_EVENT_DATE_STRICTLY_BEFORE_SEP_WHEN_TIME_UNKNOWN,SEP_RELEASE_DATE_AFTER_OFFICIAL_POLICY_STATEMENT; EXACT_RELEASE_TIME_NOT_STORED,NO
2012-01-25,Sarah Bloom Raskin,COMMITTEE_HOLD,0,UNKNOWN,VOTE_ACTION_PROXY,2012-01-25,0,https://www.federalreserve.gov/newsevents/pressreleases/monetary20120125a.htm,"Voting for the FOMC monetary policy action were: Ben S. Bernanke, Chairman; William C. Dudley, Vice Chairman; Elizabeth A. Duke; Dennis P. Lockhart; Sandra Pianalto; Sarah Bloom Raskin; Daniel K. Tarullo; John C. Williams; and Janet L. Yellen. Voting against the action was Jeffrey M. Lacker, who preferred to omit the description of the time period over which economic conditions are likely to warrant exceptionally low levels of the federal funds rate.",2012-01-07,Creating and Implementing an Enforcement Response to the Foreclosure Crisis,https://www.federalreserve.gov/newsevents/speech/raskin20120107a.htm,COMMUNICATION_EVENT_DATE_STRICTLY_BEFORE_SEP_WHEN_TIME_UNKNOWN,SEP_RELEASE_DATE_AFTER_OFFICIAL_POLICY_STATEMENT; EXACT_RELEASE_TIME_NOT_STORED,NO
2012-01-25,William C. Dudley,COMMITTEE_HOLD,0,UNKNOWN,VOTE_ACTION_PROXY,2012-01-25,0,https://www.federalreserve.gov/newsevents/pressreleases/monetary20120125a.htm,"Voting for the FOMC monetary policy action were: Ben S. Bernanke, Chairman; William C. Dudley, Vice Chairman; Elizabeth A. Duke; Dennis P. Lockhart; Sandra Pianalto; Sarah Bloom Raskin; Daniel K. Tarullo; John C. Williams; and Janet L. Yellen. Voting against the action was Jeffrey M. Lacker, who preferred to omit the description of the time period over which economic conditions are likely to warrant exceptionally low levels of the federal funds rate.",2012-01-06,Housing and the Economic Recovery,https://fraser.stlouisfed.org/title/statements-speeches-william-c-dudley-6749/housing-economic-recovery-618949,COMMUNICATION_EVENT_DATE_STRICTLY_BEFORE_SEP_WHEN_TIME_UNKNOWN,SEP_RELEASE_DATE_AFTER_OFFICIAL_POLICY_STATEMENT; EXACT_RELEASE_TIME_NOT_STORED,NO
2012-04-25,Ben S. Bernanke,COMMITTEE_HOLD,0,UNCHANGED,VOTE_ACTION_PROXY,2012-04-25,0,https://www.federalreserve.gov/newsevents/pressreleases/monetary20120425a.htm,"Voting for the FOMC monetary policy action were: Ben S. Bernanke, Chairman; William C. Dudley, Vice Chairman; Elizabeth A. Duke; Dennis P. Lockhart; Sandra Pianalto; Sarah Bloom Raskin; Daniel K. Tarullo; John C. Williams; and Janet L. Yellen. Voting against the action was Jeffrey M. Lacker, who does not anticipate that economic conditions are likely to warrant exceptionally low levels of the federal funds rate through late 2014.",2012-04-13,Some Reflections on the Crisis and the Policy Response,https://www.federalreserve.gov/newsevents/speech/bernanke20120413a.htm,COMMUNICATION_EVENT_DATE_STRICTLY_BEFORE_SEP_WHEN_TIME_UNKNOWN,SEP_RELEASE_DATE_AFTER_OFFICIAL_POLICY_STATEMENT; EXACT_RELEASE_TIME_NOT_STORED,NO
2012-04-25,Charles I. Plosser,UNKNOWN,,UNKNOWN,NO_DIRECTIONAL_PERSONAL_EVIDENCE_CLASSIFIED,,,,,2012-04-12,Transparent Communications: The Journey Continues,https://www.philadelphiafed.org/-/media/FRBP/Assets/Institutional/speeches/plosser/2012/04-12-12_national-economists-club.pdf?la=en&sc_lang=en&hash=84F1DAC118C8C3DA1111D4C9E42CAEFD,COMMUNICATION_EVENT_DATE_STRICTLY_BEFORE_SEP_WHEN_TIME_UNKNOWN,SEP_RELEASE_DATE_AFTER_OFFICIAL_POLICY_STATEMENT; EXACT_RELEASE_TIME_NOT_STORED,NO
2012-04-25,Charles L. Evans,UNKNOWN,,UNKNOWN,NO_DIRECTIONAL_PERSONAL_EVIDENCE_CLASSIFIED,,,,,2012-03-16,Monetary Policy Communications and Forward Guidance,https://fraser.stlouisfed.org/title/statements-speeches-charles-l-evans-8969/monetary-policy-communications-forward-guidance-666869,COMMUNICATION_EVENT_DATE_STRICTLY_BEFORE_SEP_WHEN_TIME_UNKNOWN,SEP_RELEASE_DATE_AFTER_OFFICIAL_POLICY_STATEMENT; EXACT_RELEASE_TIME_NOT_STORED,NO
2012-04-25,Christine Cumming,UNKNOWN,,UNKNOWN,NO_DIRECTIONAL_PERSONAL_EVIDENCE_CLASSIFIED,,,,,,,,COMMUNICATION_EVENT_DATE_STRICTLY_BEFORE_SEP_WHEN_TIME_UNKNOWN,SEP_RELEASE_DATE_AFTER_OFFICIAL_POLICY_STATEMENT; EXACT_RELEASE_TIME_NOT_STORED,NO
2012-04-25,Daniel K. Tarullo,COMMITTEE_HOLD,0,UNCHANGED,VOTE_ACTION_PROXY,2012-04-25,0,https://www.federalreserve.gov/newsevents/pressreleases/monetary20120425a.htm,"Voting for the FOMC monetary policy action were: Ben S. Bernanke, Chairman; William C. Dudley, Vice Chairman; Elizabeth A. Duke; Dennis P. Lockhart; Sandra Pianalto; Sarah Bloom Raskin; Daniel K. Tarullo; John C. Williams; and Janet L. Yellen. Voting against the action was Jeffrey M. Lacker, who does not anticipate that economic conditions are likely to warrant exceptionally low levels of the federal funds rate through late 2014.",2012-04-10,Developing Tools for Dynamic Capital Supervision,https://www.federalreserve.gov/newsevents/speech/tarullo20120410a.htm,COMMUNICATION_EVENT_DATE_STRICTLY_BEFORE_SEP_WHEN_TIME_UNKNOWN,SEP_RELEASE_DATE_AFTER_OFFICIAL_POLICY_STATEMENT; EXACT_RELEASE_TIME_NOT_STORED,NO
2012-04-25,Dennis P. Lockhart,COMMITTEE_HOLD,0,UNCHANGED,VOTE_ACTION_PROXY,2012-04-25,0,https://www.federalreserve.gov/newsevents/pressreleases/monetary20120425a.htm,"Voting for the FOMC monetary policy action were: Ben S. Bernanke, Chairman; William C. Dudley, Vice Chairman; Elizabeth A. Duke; Dennis P. Lockhart; Sandra Pianalto; Sarah Bloom Raskin; Daniel K. Tarullo; John C. Williams; and Janet L. Yellen. Voting against the action was Jeffrey M. Lacker, who does not anticipate that economic conditions are likely to warrant exceptionally low levels of the federal funds rate through late 2014.",2012-03-01,Monetary Policy and the Credit Channel,https://fraser.stlouisfed.org/title/statements-speeches-dennis-lockhart-5579/monetary-policy-credit-channel-558037,COMMUNICATION_EVENT_DATE_STRICTLY_BEFORE_SEP_WHEN_TIME_UNKNOWN,SEP_RELEASE_DATE_AFTER_OFFICIAL_POLICY_STATEMENT; EXACT_RELEASE_TIME_NOT_STORED,NO
2012-04-25,Elizabeth A. Duke,COMMITTEE_HOLD,0,UNCHANGED,VOTE_ACTION_PROXY,2012-04-25,0,https://www.federalreserve.gov/newsevents/pressreleases/monetary20120425a.htm,"Voting for the FOMC monetary policy action were: Ben S. Bernanke, Chairman; William C. Dudley, Vice Chairman; Elizabeth A. Duke; Dennis P. Lockhart; Sandra Pianalto; Sarah Bloom Raskin; Daniel K. Tarullo; John C. Williams; and Janet L. Yellen. Voting against the action was Jeffrey M. Lacker, who does not anticipate that economic conditions are likely to warrant exceptionally low levels of the federal funds rate through late 2014.",2012-03-27,Building Sustainable Communities,https://www.federalreserve.gov/newsevents/speech/duke20120327a.htm,COMMUNICATION_EVENT_DATE_STRICTLY_BEFORE_SEP_WHEN_TIME_UNKNOWN,SEP_RELEASE_DATE_AFTER_OFFICIAL_POLICY_STATEMENT; EXACT_RELEASE_TIME_NOT_STORED,NO
2012-04-25,Eric S. Rosengren,UNKNOWN,,UNKNOWN,NO_DIRECTIONAL_PERSONAL_EVIDENCE_CLASSIFIED,,,,,2012-04-11,Money Market Mutual Funds and Financial Stability,https://fraser.stlouisfed.org/title/statements-speeches-eric-rosengren-9015/money-market-mutual-funds-financial-stability-667480,COMMUNICATION_EVENT_DATE_STRICTLY_BEFORE_SEP_WHEN_TIME_UNKNOWN,SEP_RELEASE_DATE_AFTER_OFFICIAL_POLICY_STATEMENT; EXACT_RELEASE_TIME_NOT_STORED,NO
2012-04-25,Esther L. George,UNKNOWN,,UNKNOWN,NO_DIRECTIONAL_PERSONAL_EVIDENCE_CLASSIFIED,,,,,2012-04-11,Looking Ahead: Financial Stability and Microprudential Supervision,https://fraser.stlouisfed.org/title/statements-speeches-esther-l-george-9278/looking-ahead-financial-stability-microprudential-supervision-679547,COMMUNICATION_EVENT_DATE_STRICTLY_BEFORE_SEP_WHEN_TIME_UNKNOWN,SEP_RELEASE_DATE_AFTER_OFFICIAL_POLICY_STATEMENT; EXACT_RELEASE_TIME_NOT_STORED,NO
2012-04-25,James Bullard,UNKNOWN,,UNKNOWN,NO_DIRECTIONAL_PERSONAL_EVIDENCE_CLASSIFIED,,,,,2012-03-23,Monetary Policy and the U.S. Economy in 2012,https://fraser.stlouisfed.org/title/statements-speeches-james-bullard-7161/monetary-policy-us-economy-2012-654768,COMMUNICATION_EVENT_DATE_STRICTLY_BEFORE_SEP_WHEN_TIME_UNKNOWN,SEP_RELEASE_DATE_AFTER_OFFICIAL_POLICY_STATEMENT; EXACT_RELEASE_TIME_NOT_STORED,NO
2012-04-25,Janet L. Yellen,COMMITTEE_HOLD,0,UNCHANGED,VOTE_ACTION_PROXY,2012-04-25,0,https://www.federalreserve.gov/newsevents/pressreleases/monetary20120425a.htm,"Voting for the FOMC monetary policy action were: Ben S. Bernanke, Chairman; William C. Dudley, Vice Chairman; Elizabeth A. Duke; Dennis P. Lockhart; Sandra Pianalto; Sarah Bloom Raskin; Daniel K. Tarullo; John C. Williams; and Janet L. Yellen. Voting against the action was Jeffrey M. Lacker, who does not anticipate that economic conditions are likely to warrant exceptionally low levels of the federal funds rate through late 2014.",2012-04-11,The Economic Outlook and Monetary Policy,https://www.federalreserve.gov/newsevents/speech/yellen20120411a.htm,COMMUNICATION_EVENT_DATE_STRICTLY_BEFORE_SEP_WHEN_TIME_UNKNOWN,SEP_RELEASE_DATE_AFTER_OFFICIAL_POLICY_STATEMENT; EXACT_RELEASE_TIME_NOT_STORED,NO
2012-04-25,Jeffrey M. Lacker,TIGHTER,2,UNCHANGED,NAMED_DISSENT,2012-04-25,0,https://www.federalreserve.gov/newsevents/pressreleases/monetary20120425a.htm,"Voting for the FOMC monetary policy action were: Ben S. Bernanke, Chairman; William C. Dudley, Vice Chairman; Elizabeth A. Duke; Dennis P. Lockhart; Sandra Pianalto; Sarah Bloom Raskin; Daniel K. Tarullo; John C. Williams; and Janet L. Yellen. Voting against the action was Jeffrey M. Lacker, who does not anticipate that economic conditions are likely to warrant exceptionally low levels of the federal funds rate through late 2014.",2012-03-29,A Program for Financial Stability,https://www.richmondfed.org/press_room/speeches/jeffrey_m_lacker/2012/lacker_speech_20120329,COMMUNICATION_EVENT_DATE_STRICTLY_BEFORE_SEP_WHEN_TIME_UNKNOWN,SEP_RELEASE_DATE_AFTER_OFFICIAL_POLICY_STATEMENT; EXACT_RELEASE_TIME_NOT_STORED,NO
2012-04-25,John C. Williams,COMMITTEE_HOLD,0,UNCHANGED,VOTE_ACTION_PROXY,2012-04-25,0,https://www.federalreserve.gov/newsevents/pressreleases/monetary20120425a.htm,"Voting for the FOMC monetary policy action were: Ben S. Bernanke, Chairman; William C. Dudley, Vice Chairman; Elizabeth A. Duke; Dennis P. Lockhart; Sandra Pianalto; Sarah Bloom Raskin; Daniel K. Tarullo; John C. Williams; and Janet L. Yellen. Voting against the action was Jeffrey M. Lacker, who does not anticipate that economic conditions are likely to warrant exceptionally low levels of the federal funds rate through late 2014.",2012-04-04,Monetary Policy and the Slow Recovery: It's Not Just About Housing - San Francisco Fed,https://www.frbsf.org/news-and-media/speeches/williams-speeches/2012/04/williams-monetary-policy-slow-recovery-housing-san-francisco,COMMUNICATION_EVENT_DATE_STRICTLY_BEFORE_SEP_WHEN_TIME_UNKNOWN,SEP_RELEASE_DATE_AFTER_OFFICIAL_POLICY_STATEMENT; EXACT_RELEASE_TIME_NOT_STORED,NO
2012-04-25,Narayana Kocherlakota,UNKNOWN,,UNKNOWN,NO_DIRECTIONAL_PERSONAL_EVIDENCE_CLASSIFIED,,,,,2012-04-12,Thoughts about the Outlook,https://fraser.stlouisfed.org/title/statements-speeches-narayana-kocherlakota-9360/thoughts-outlook-685555,COMMUNICATION_EVENT_DATE_STRICTLY_BEFORE_SEP_WHEN_TIME_UNKNOWN,SEP_RELEASE_DATE_AFTER_OFFICIAL_POLICY_STATEMENT; EXACT_RELEASE_TIME_NOT_STORED,NO
2012-04-25,Richard W. Fisher,UNKNOWN,,UNKNOWN,NO_DIRECTIONAL_PERSONAL_EVIDENCE_CLASSIFIED,,,,,2012-03-05,"""Not to Be Used Externally, but Also Harmful if Swallowed"": Projecting the Future of the Economy and Lessons Learned from Texas and Mexico",https://www.dallasfed.org/news/speeches/fisher/2012/fs120305.aspx,COMMUNICATION_EVENT_DATE_STRICTLY_BEFORE_SEP_WHEN_TIME_UNKNOWN,SEP_RELEASE_DATE_AFTER_OFFICIAL_POLICY_STATEMENT; EXACT_RELEASE_TIME_NOT_STORED,NO
2012-04-25,Sandra Pianalto,COMMITTEE_HOLD,0,UNCHANGED,VOTE_ACTION_PROXY,2012-04-25,0,https://www.federalreserve.gov/newsevents/pressreleases/monetary20120425a.htm,"Voting for the FOMC monetary policy action were: Ben S. Bernanke, Chairman; William C. Dudley, Vice Chairman; Elizabeth A. Duke; Dennis P. Lockhart; Sandra Pianalto; Sarah Bloom Raskin; Daniel K. Tarullo; John C. Williams; and Janet L. Yellen. Voting against the action was Jeffrey M. Lacker, who does not anticipate that economic conditions are likely to warrant exceptionally low levels of the federal funds rate through late 2014.",2012-04-16,Communication - A Key to Value-Added Supervision,https://fraser.stlouisfed.org/title/statements-speeches-sandra-pianalto-3770/communication-a-key-value-added-supervision-475337,COMMUNICATION_EVENT_DATE_STRICTLY_BEFORE_SEP_WHEN_TIME_UNKNOWN,SEP_RELEASE_DATE_AFTER_OFFICIAL_POLICY_STATEMENT; EXACT_RELEASE_TIME_NOT_STORED,NO
2012-04-25,Sarah Bloom Raskin,COMMITTEE_HOLD,0,UNCHANGED,VOTE_ACTION_PROXY,2012-04-25,0,https://www.federalreserve.gov/newsevents/pressreleases/monetary20120425a.htm,"Voting for the FOMC monetary policy action were: Ben S. Bernanke, Chairman; William C. Dudley, Vice Chairman; Elizabeth A. Duke; Dennis P. Lockhart; Sandra Pianalto; Sarah Bloom Raskin; Daniel K. Tarullo; John C. Williams; and Janet L. Yellen. Voting against the action was Jeffrey M. Lacker, who does not anticipate that economic conditions are likely to warrant exceptionally low levels of the federal funds rate through late 2014.",2012-04-12,Downturns and Recoveries: What the Economies in Los Angeles and the United States Tell Us,https://www.federalreserve.gov/newsevents/speech/raskin20120411a.htm,COMMUNICATION_EVENT_DATE_STRICTLY_BEFORE_SEP_WHEN_TIME_UNKNOWN,SEP_RELEASE_DATE_AFTER_OFFICIAL_POLICY_STATEMENT; EXACT_RELEASE_TIME_NOT_STORED,NO
2012-04-25,William C. Dudley,COMMITTEE_HOLD,0,UNCHANGED,VOTE_ACTION_PROXY,2012-04-25,0,https://www.federalreserve.gov/newsevents/pressreleases/monetary20120425a.htm,"Voting for the FOMC monetary policy action were: Ben S. Bernanke, Chairman; William C. Dudley, Vice Chairman; Elizabeth A. Duke; Dennis P. Lockhart; Sandra Pianalto; Sarah Bloom Raskin; Daniel K. Tarullo; John C. Williams; and Janet L. Yellen. Voting against the action was Jeffrey M. Lacker, who does not anticipate that economic conditions are likely to warrant exceptionally low levels of the federal funds rate through late 2014.",2012-04-13,The National and Regional Economic Outlook,https://fraser.stlouisfed.org/title/statements-speeches-william-c-dudley-6749/national-regional-economic-outlook-618956,COMMUNICATION_EVENT_DATE_STRICTLY_BEFORE_SEP_WHEN_TIME_UNKNOWN,SEP_RELEASE_DATE_AFTER_OFFICIAL_POLICY_STATEMENT; EXACT_RELEASE_TIME_NOT_STORED,NO
2012-06-20,Ben S. Bernanke,COMMITTEE_HOLD,0,UNCHANGED,VOTE_ACTION_PROXY,2012-06-20,0,https://www.federalreserve.gov/newsevents/pressreleases/monetary20120620a.htm,"Voting for the FOMC monetary policy action were: Ben S. Bernanke, Chairman; William C. Dudley, Vice Chairman; Elizabeth A. Duke; Dennis P. Lockhart; Sandra Pianalto; Jerome H. Powell; Sarah Bloom Raskin; Jeremy C. Stein; Daniel K. Tarullo; John C. Williams; and Janet L. Yellen. Voting against the action was Jeffrey M. Lacker, who opposed continuation of the maturity extension program. Statement Regarding Continuation of the Maturity Extension Program Related Information Maturity Extension Program and Reinvestment Policy Frequently Asked Questions",2012-05-10,Banks and Bank Lending: The State of Play,https://www.federalreserve.gov/newsevents/speech/bernanke20120510a.htm,COMMUNICATION_EVENT_DATE_STRICTLY_BEFORE_SEP_WHEN_TIME_UNKNOWN,SEP_RELEASE_DATE_AFTER_OFFICIAL_POLICY_STATEMENT; EXACT_RELEASE_TIME_NOT_STORED,NO
2012-06-20,Charles I. Plosser,UNKNOWN,,UNKNOWN,NO_DIRECTIONAL_PERSONAL_EVIDENCE_CLASSIFIED,,,,,2012-05-25,Macro Models and Monetary Policy Analysis,https://fraser.stlouisfed.org/title/statements-speeches-charles-i-plosser-6101/macro-models-monetary-policy-analysis-586717,COMMUNICATION_EVENT_DATE_STRICTLY_BEFORE_SEP_WHEN_TIME_UNKNOWN,SEP_RELEASE_DATE_AFTER_OFFICIAL_POLICY_STATEMENT; EXACT_RELEASE_TIME_NOT_STORED,NO
2012-06-20,Charles L. Evans,UNKNOWN,,UNKNOWN,NO_DIRECTIONAL_PERSONAL_EVIDENCE_CLASSIFIED,,,,,2012-06-05,Monetary Policy: Recurring Themes,https://fraser.stlouisfed.org/title/statements-speeches-charles-l-evans-8969/monetary-policy-recurring-themes-666870,COMMUNICATION_EVENT_DATE_STRICTLY_BEFORE_SEP_WHEN_TIME_UNKNOWN,SEP_RELEASE_DATE_AFTER_OFFICIAL_POLICY_STATEMENT; EXACT_RELEASE_TIME_NOT_STORED,NO
2012-06-20,Christine Cumming,UNKNOWN,,UNKNOWN,NO_DIRECTIONAL_PERSONAL_EVIDENCE_CLASSIFIED,,,,,,,,COMMUNICATION_EVENT_DATE_STRICTLY_BEFORE_SEP_WHEN_TIME_UNKNOWN,SEP_RELEASE_DATE_AFTER_OFFICIAL_POLICY_STATEMENT; EXACT_RELEASE_TIME_NOT_STORED,NO
2012-06-20,Daniel K. Tarullo,COMMITTEE_HOLD,0,UNCHANGED,VOTE_ACTION_PROXY,2012-06-20,0,https://www.federalreserve.gov/newsevents/pressreleases/monetary20120620a.htm,"Voting for the FOMC monetary policy action were: Ben S. Bernanke, Chairman; William C. Dudley, Vice Chairman; Elizabeth A. Duke; Dennis P. Lockhart; Sandra Pianalto; Jerome H. Powell; Sarah Bloom Raskin; Jeremy C. Stein; Daniel K. Tarullo; John C. Williams; and Janet L. Yellen. Voting against the action was Jeffrey M. Lacker, who opposed continuation of the maturity extension program. Statement Regarding Continuation of the Maturity Extension Program Related Information Maturity Extension Program and Reinvestment Policy Frequently Asked Questions",2012-06-12,Shadow Banking After the Financial Crisis,https://www.federalreserve.gov/newsevents/speech/tarullo20120612a.htm,COMMUNICATION_EVENT_DATE_STRICTLY_BEFORE_SEP_WHEN_TIME_UNKNOWN,SEP_RELEASE_DATE_AFTER_OFFICIAL_POLICY_STATEMENT; EXACT_RELEASE_TIME_NOT_STORED,NO
2012-06-20,Dennis P. Lockhart,COMMITTEE_HOLD,0,UNCHANGED,VOTE_ACTION_PROXY,2012-06-20,0,https://www.federalreserve.gov/newsevents/pressreleases/monetary20120620a.htm,"Voting for the FOMC monetary policy action were: Ben S. Bernanke, Chairman; William C. Dudley, Vice Chairman; Elizabeth A. Duke; Dennis P. Lockhart; Sandra Pianalto; Jerome H. Powell; Sarah Bloom Raskin; Jeremy C. Stein; Daniel K. Tarullo; John C. Williams; and Janet L. Yellen. Voting against the action was Jeffrey M. Lacker, who opposed continuation of the maturity extension program. Statement Regarding Continuation of the Maturity Extension Program Related Information Maturity Extension Program and Reinvestment Policy Frequently Asked Questions",2012-06-06,"Headwinds, Risks, and Monetary Policy",https://fraser.stlouisfed.org/title/statements-speeches-dennis-lockhart-5579/headwinds-risks-monetary-policy-558040,COMMUNICATION_EVENT_DATE_STRICTLY_BEFORE_SEP_WHEN_TIME_UNKNOWN,SEP_RELEASE_DATE_AFTER_OFFICIAL_POLICY_STATEMENT; EXACT_RELEASE_TIME_NOT_STORED,NO
2012-06-20,Elizabeth A. Duke,COMMITTEE_HOLD,0,UNCHANGED,VOTE_ACTION_PROXY,2012-06-20,0,https://www.federalreserve.gov/newsevents/pressreleases/monetary20120620a.htm,"Voting for the FOMC monetary policy action were: Ben S. Bernanke, Chairman; William C. Dudley, Vice Chairman; Elizabeth A. Duke; Dennis P. Lockhart; Sandra Pianalto; Jerome H. Powell; Sarah Bloom Raskin; Jeremy C. Stein; Daniel K. Tarullo; John C. Williams; and Janet L. Yellen. Voting against the action was Jeffrey M. Lacker, who opposed continuation of the maturity extension program. Statement Regarding Continuation of the Maturity Extension Program Related Information Maturity Extension Program and Reinvestment Policy Frequently Asked Questions",2012-05-15,Prescriptions for Housing Recovery,https://www.federalreserve.gov/newsevents/speech/duke20120515a.htm,COMMUNICATION_EVENT_DATE_STRICTLY_BEFORE_SEP_WHEN_TIME_UNKNOWN,SEP_RELEASE_DATE_AFTER_OFFICIAL_POLICY_STATEMENT; EXACT_RELEASE_TIME_NOT_STORED,NO
2012-06-20,Eric S. Rosengren,UNKNOWN,,UNKNOWN,NO_DIRECTIONAL_PERSONAL_EVIDENCE_CLASSIFIED,,,,,2012-06-07,"Remarks for a Panel Discussion of the Global Outlook and Risks at the Institute of International Finance Spring Membership Meeting, Copenhagen, Denmark",https://fraser.stlouisfed.org/title/statements-speeches-eric-rosengren-9015/remarks-a-panel-discussion-global-outlook-risks-institute-international-finance-spring-membership-meeting-copenhagen-denmark-667482,COMMUNICATION_EVENT_DATE_STRICTLY_BEFORE_SEP_WHEN_TIME_UNKNOWN,SEP_RELEASE_DATE_AFTER_OFFICIAL_POLICY_STATEMENT; EXACT_RELEASE_TIME_NOT_STORED,NO
2012-06-20,Esther L. George,UNKNOWN,,UNKNOWN,NO_DIRECTIONAL_PERSONAL_EVIDENCE_CLASSIFIED,,,,,2012-05-22,Perspectives on 150 Years of Dual Banking,https://fraser.stlouisfed.org/title/statements-speeches-esther-l-george-9278/perspectives-150-years-dual-banking-679548,COMMUNICATION_EVENT_DATE_STRICTLY_BEFORE_SEP_WHEN_TIME_UNKNOWN,SEP_RELEASE_DATE_AFTER_OFFICIAL_POLICY_STATEMENT; EXACT_RELEASE_TIME_NOT_STORED,NO
2012-06-20,James Bullard,UNKNOWN,,UNKNOWN,NO_DIRECTIONAL_PERSONAL_EVIDENCE_CLASSIFIED,,,,,2012-03-23,Monetary Policy and the U.S. Economy in 2012,https://fraser.stlouisfed.org/title/statements-speeches-james-bullard-7161/monetary-policy-us-economy-2012-654768,COMMUNICATION_EVENT_DATE_STRICTLY_BEFORE_SEP_WHEN_TIME_UNKNOWN,SEP_RELEASE_DATE_AFTER_OFFICIAL_POLICY_STATEMENT; EXACT_RELEASE_TIME_NOT_STORED,NO
2012-06-20,Janet L. Yellen,COMMITTEE_HOLD,0,UNCHANGED,VOTE_ACTION_PROXY,2012-06-20,0,https://www.federalreserve.gov/newsevents/pressreleases/monetary20120620a.htm,"Voting for the FOMC monetary policy action were: Ben S. Bernanke, Chairman; William C. Dudley, Vice Chairman; Elizabeth A. Duke; Dennis P. Lockhart; Sandra Pianalto; Jerome H. Powell; Sarah Bloom Raskin; Jeremy C. Stein; Daniel K. Tarullo; John C. Williams; and Janet L. Yellen. Voting against the action was Jeffrey M. Lacker, who opposed continuation of the maturity extension program. Statement Regarding Continuation of the Maturity Extension Program Related Information Maturity Extension Program and Reinvestment Policy Frequently Asked Questions",2012-06-06,Perspectives on Monetary Policy,https://www.federalreserve.gov/newsevents/speech/yellen20120606a.htm,COMMUNICATION_EVENT_DATE_STRICTLY_BEFORE_SEP_WHEN_TIME_UNKNOWN,SEP_RELEASE_DATE_AFTER_OFFICIAL_POLICY_STATEMENT; EXACT_RELEASE_TIME_NOT_STORED,NO
2012-06-20,Jeffrey M. Lacker,TIGHTER,2,UNCHANGED,NAMED_DISSENT,2012-06-20,0,https://www.federalreserve.gov/newsevents/pressreleases/monetary20120620a.htm,"Voting for the FOMC monetary policy action were: Ben S. Bernanke, Chairman; William C. Dudley, Vice Chairman; Elizabeth A. Duke; Dennis P. Lockhart; Sandra Pianalto; Jerome H. Powell; Sarah Bloom Raskin; Jeremy C. Stein; Daniel K. Tarullo; John C. Williams; and Janet L. Yellen. Voting against the action was Jeffrey M. Lacker, who opposed continuation of the maturity extension program. Statement Regarding Continuation of the Maturity Extension Program Related Information Maturity Extension Program and Reinvestment Policy Frequently Asked Questions",2012-05-14,"Technology, Unemployment and Workforce Development in a Rapidly Changing World",https://fraser.stlouisfed.org/title/statements-speeches-jeffrey-m-lacker-6827/technology-unemployment-workforce-development-a-rapidly-changing-world-678709,COMMUNICATION_EVENT_DATE_STRICTLY_BEFORE_SEP_WHEN_TIME_UNKNOWN,SEP_RELEASE_DATE_AFTER_OFFICIAL_POLICY_STATEMENT; EXACT_RELEASE_TIME_NOT_STORED,NO
2012-06-20,Jeremy C. Stein,COMMITTEE_HOLD,0,UNKNOWN,VOTE_ACTION_PROXY,2012-06-20,0,https://www.federalreserve.gov/newsevents/pressreleases/monetary20120620a.htm,"Voting for the FOMC monetary policy action were: Ben S. Bernanke, Chairman; William C. Dudley, Vice Chairman; Elizabeth A. Duke; Dennis P. Lockhart; Sandra Pianalto; Jerome H. Powell; Sarah Bloom Raskin; Jeremy C. Stein; Daniel K. Tarullo; John C. Williams; and Janet L. Yellen. Voting against the action was Jeffrey M. Lacker, who opposed continuation of the maturity extension program. Statement Regarding Continuation of the Maturity Extension Program Related Information Maturity Extension Program and Reinvestment Policy Frequently Asked Questions",,,,COMMUNICATION_EVENT_DATE_STRICTLY_BEFORE_SEP_WHEN_TIME_UNKNOWN,SEP_RELEASE_DATE_AFTER_OFFICIAL_POLICY_STATEMENT; EXACT_RELEASE_TIME_NOT_STORED,NO
2012-06-20,Jerome H. Powell,COMMITTEE_HOLD,0,UNKNOWN,VOTE_ACTION_PROXY,2012-06-20,0,https://www.federalreserve.gov/newsevents/pressreleases/monetary20120620a.htm,"Voting for the FOMC monetary policy action were: Ben S. Bernanke, Chairman; William C. Dudley, Vice Chairman; Elizabeth A. Duke; Dennis P. Lockhart; Sandra Pianalto; Jerome H. Powell; Sarah Bloom Raskin; Jeremy C. Stein; Daniel K. Tarullo; John C. Williams; and Janet L. Yellen. Voting against the action was Jeffrey M. Lacker, who opposed continuation of the maturity extension program. Statement Regarding Continuation of the Maturity Extension Program Related Information Maturity Extension Program and Reinvestment Policy Frequently Asked Questions",,,,COMMUNICATION_EVENT_DATE_STRICTLY_BEFORE_SEP_WHEN_TIME_UNKNOWN,SEP_RELEASE_DATE_AFTER_OFFICIAL_POLICY_STATEMENT; EXACT_RELEASE_TIME_NOT_STORED,NO
2012-06-20,John C. Williams,COMMITTEE_HOLD,0,UNCHANGED,VOTE_ACTION_PROXY,2012-06-20,0,https://www.federalreserve.gov/newsevents/pressreleases/monetary20120620a.htm,"Voting for the FOMC monetary policy action were: Ben S. Bernanke, Chairman; William C. Dudley, Vice Chairman; Elizabeth A. Duke; Dennis P. Lockhart; Sandra Pianalto; Jerome H. Powell; Sarah Bloom Raskin; Jeremy C. Stein; Daniel K. Tarullo; John C. Williams; and Janet L. Yellen. Voting against the action was Jeffrey M. Lacker, who opposed continuation of the maturity extension program. Statement Regarding Continuation of the Maturity Extension Program Related Information Maturity Extension Program and Reinvestment Policy Frequently Asked Questions",2012-06-11,Welcoming Remarks to the Conference on Asian Banking and Finance at the Federal Reserve Bank of San Francisco,https://fraser.stlouisfed.org/title/statements-speeches-john-c-williams-9040/welcoming-remarks-conference-asian-banking-finance-federal-reserve-bank-san-francisco-671841,COMMUNICATION_EVENT_DATE_STRICTLY_BEFORE_SEP_WHEN_TIME_UNKNOWN,SEP_RELEASE_DATE_AFTER_OFFICIAL_POLICY_STATEMENT; EXACT_RELEASE_TIME_NOT_STORED,NO
2012-06-20,Narayana Kocherlakota,UNKNOWN,,UNKNOWN,NO_DIRECTIONAL_PERSONAL_EVIDENCE_CLASSIFIED,,,,,2012-06-08,Optimal Outlooks - Executive Summary | Federal Reserve Bank of Minneapolis,https://minneapolisfed.org/speeches/2012/optimal-outlooks-executive-summary-20120608,COMMUNICATION_EVENT_DATE_STRICTLY_BEFORE_SEP_WHEN_TIME_UNKNOWN,SEP_RELEASE_DATE_AFTER_OFFICIAL_POLICY_STATEMENT; EXACT_RELEASE_TIME_NOT_STORED,NO
2012-06-20,Richard W. Fisher,UNKNOWN,,UNKNOWN,NO_DIRECTIONAL_PERSONAL_EVIDENCE_CLASSIFIED,,,,,2012-06-07,"Implications of Renminbi Internationalization for the U.S. and the Global Economy (With Reference to Wu Yi, Being Manufactured in China, Yang Rui, Deng Xiaoping and Avoiding the Middle-Income Trap)",https://www.dallasfed.org/news/speeches/fisher/2012/fs120607.aspx,COMMUNICATION_EVENT_DATE_STRICTLY_BEFORE_SEP_WHEN_TIME_UNKNOWN,SEP_RELEASE_DATE_AFTER_OFFICIAL_POLICY_STATEMENT; EXACT_RELEASE_TIME_NOT_STORED,NO
2012-06-20,Sandra Pianalto,COMMITTEE_HOLD,0,UNCHANGED,VOTE_ACTION_PROXY,2012-06-20,0,https://www.federalreserve.gov/newsevents/pressreleases/monetary20120620a.htm,"Voting for the FOMC monetary policy action were: Ben S. Bernanke, Chairman; William C. Dudley, Vice Chairman; Elizabeth A. Duke; Dennis P. Lockhart; Sandra Pianalto; Jerome H. Powell; Sarah Bloom Raskin; Jeremy C. Stein; Daniel K. Tarullo; John C. Williams; and Janet L. Yellen. Voting against the action was Jeffrey M. Lacker, who opposed continuation of the maturity extension program. Statement Regarding Continuation of the Maturity Extension Program Related Information Maturity Extension Program and Reinvestment Policy Frequently Asked Questions",2012-05-31,"Monetary Policy, Economics and the Recovery",https://fraser.stlouisfed.org/title/statements-speeches-sandra-pianalto-3770/monetary-policy-economics-recovery-475338,COMMUNICATION_EVENT_DATE_STRICTLY_BEFORE_SEP_WHEN_TIME_UNKNOWN,SEP_RELEASE_DATE_AFTER_OFFICIAL_POLICY_STATEMENT; EXACT_RELEASE_TIME_NOT_STORED,NO
2012-06-20,Sarah Bloom Raskin,COMMITTEE_HOLD,0,UNCHANGED,VOTE_ACTION_PROXY,2012-06-20,0,https://www.federalreserve.gov/newsevents/pressreleases/monetary20120620a.htm,"Voting for the FOMC monetary policy action were: Ben S. Bernanke, Chairman; William C. Dudley, Vice Chairman; Elizabeth A. Duke; Dennis P. Lockhart; Sandra Pianalto; Jerome H. Powell; Sarah Bloom Raskin; Jeremy C. Stein; Daniel K. Tarullo; John C. Williams; and Janet L. Yellen. Voting against the action was Jeffrey M. Lacker, who opposed continuation of the maturity extension program. Statement Regarding Continuation of the Maturity Extension Program Related Information Maturity Extension Program and Reinvestment Policy Frequently Asked Questions",2012-04-12,Downturns and Recoveries: What the Economies in Los Angeles and the United States Tell Us,https://www.federalreserve.gov/newsevents/speech/raskin20120411a.htm,COMMUNICATION_EVENT_DATE_STRICTLY_BEFORE_SEP_WHEN_TIME_UNKNOWN,SEP_RELEASE_DATE_AFTER_OFFICIAL_POLICY_STATEMENT; EXACT_RELEASE_TIME_NOT_STORED,NO
2012-06-20,William C. Dudley,COMMITTEE_HOLD,0,UNCHANGED,VOTE_ACTION_PROXY,2012-06-20,0,https://www.federalreserve.gov/newsevents/pressreleases/monetary20120620a.htm,"Voting for the FOMC monetary policy action were: Ben S. Bernanke, Chairman; William C. Dudley, Vice Chairman; Elizabeth A. Duke; Dennis P. Lockhart; Sandra Pianalto; Jerome H. Powell; Sarah Bloom Raskin; Jeremy C. Stein; Daniel K. Tarullo; John C. Williams; and Janet L. Yellen. Voting against the action was Jeffrey M. Lacker, who opposed continuation of the maturity extension program. Statement Regarding Continuation of the Maturity Extension Program Related Information Maturity Extension Program and Reinvestment Policy Frequently Asked Questions",2012-05-30,Job Polarization in the Region,https://fraser.stlouisfed.org/title/statements-speeches-william-c-dudley-6749/job-polarization-region-618959,COMMUNICATION_EVENT_DATE_STRICTLY_BEFORE_SEP_WHEN_TIME_UNKNOWN,SEP_RELEASE_DATE_AFTER_OFFICIAL_POLICY_STATEMENT; EXACT_RELEASE_TIME_NOT_STORED,NO
2012-09-13,Ben S. Bernanke,COMMITTEE_HOLD,0,UNCHANGED,VOTE_ACTION_PROXY,2012-09-13,0,https://www.federalreserve.gov/newsevents/pressreleases/monetary20120913a.htm,"Voting for the FOMC monetary policy action were: Ben S. Bernanke, Chairman; William C. Dudley, Vice Chairman; Elizabeth A. Duke; Dennis P. Lockhart; Sandra Pianalto; Jerome H. Powell; Sarah Bloom Raskin; Jeremy C. Stein; Daniel K. Tarullo; John C. Williams; and Janet L. Yellen. Voting against the action was Jeffrey M. Lacker, who opposed additional asset purchases and preferred to omit the description of the time period over which exceptionally low levels for the federal funds rate are likely to be warranted. Statement Regarding Transactions in Agency Mortgage-Backed Securities and Treasury Securities",2012-08-31,Monetary Policy since the Onset of the Crisis,https://www.federalreserve.gov/newsevents/speech/bernanke20120831a.htm,COMMUNICATION_EVENT_DATE_STRICTLY_BEFORE_SEP_WHEN_TIME_UNKNOWN,SEP_RELEASE_DATE_AFTER_OFFICIAL_POLICY_STATEMENT; EXACT_RELEASE_TIME_NOT_STORED,NO
2012-09-13,Charles I. Plosser,UNKNOWN,,UNKNOWN,NO_DIRECTIONAL_PERSONAL_EVIDENCE_CLASSIFIED,,,,,2012-05-25,Macro Models and Monetary Policy Analysis,https://fraser.stlouisfed.org/title/statements-speeches-charles-i-plosser-6101/macro-models-monetary-policy-analysis-586717,COMMUNICATION_EVENT_DATE_STRICTLY_BEFORE_SEP_WHEN_TIME_UNKNOWN,SEP_RELEASE_DATE_AFTER_OFFICIAL_POLICY_STATEMENT; EXACT_RELEASE_TIME_NOT_STORED,NO
2012-09-13,Charles L. Evans,UNKNOWN,,UNKNOWN,NO_DIRECTIONAL_PERSONAL_EVIDENCE_CLASSIFIED,,,,,2012-08-27,Some Thoughts on Global Risks and Monetary Policy,https://fraser.stlouisfed.org/title/statements-speeches-charles-l-evans-8969/thoughts-global-risks-monetary-policy-666872,COMMUNICATION_EVENT_DATE_STRICTLY_BEFORE_SEP_WHEN_TIME_UNKNOWN,SEP_RELEASE_DATE_AFTER_OFFICIAL_POLICY_STATEMENT; EXACT_RELEASE_TIME_NOT_STORED,NO
2012-09-13,Christine Cumming,UNKNOWN,,UNKNOWN,NO_DIRECTIONAL_PERSONAL_EVIDENCE_CLASSIFIED,,,,,,,,COMMUNICATION_EVENT_DATE_STRICTLY_BEFORE_SEP_WHEN_TIME_UNKNOWN,SEP_RELEASE_DATE_AFTER_OFFICIAL_POLICY_STATEMENT; EXACT_RELEASE_TIME_NOT_STORED,NO
2012-09-13,Daniel K. Tarullo,COMMITTEE_HOLD,0,UNCHANGED,VOTE_ACTION_PROXY,2012-09-13,0,https://www.federalreserve.gov/newsevents/pressreleases/monetary20120913a.htm,"Voting for the FOMC monetary policy action were: Ben S. Bernanke, Chairman; William C. Dudley, Vice Chairman; Elizabeth A. Duke; Dennis P. Lockhart; Sandra Pianalto; Jerome H. Powell; Sarah Bloom Raskin; Jeremy C. Stein; Daniel K. Tarullo; John C. Williams; and Janet L. Yellen. Voting against the action was Jeffrey M. Lacker, who opposed additional asset purchases and preferred to omit the description of the time period over which exceptionally low levels for the federal funds rate are likely to be warranted. Statement Regarding Transactions in Agency Mortgage-Backed Securities and Treasury Securities",2012-06-12,Shadow Banking After the Financial Crisis,https://www.federalreserve.gov/newsevents/speech/tarullo20120612a.htm,COMMUNICATION_EVENT_DATE_STRICTLY_BEFORE_SEP_WHEN_TIME_UNKNOWN,SEP_RELEASE_DATE_AFTER_OFFICIAL_POLICY_STATEMENT; EXACT_RELEASE_TIME_NOT_STORED,NO
2012-09-13,Dennis P. Lockhart,COMMITTEE_HOLD,0,UNCHANGED,VOTE_ACTION_PROXY,2012-09-13,0,https://www.federalreserve.gov/newsevents/pressreleases/monetary20120913a.htm,"Voting for the FOMC monetary policy action were: Ben S. Bernanke, Chairman; William C. Dudley, Vice Chairman; Elizabeth A. Duke; Dennis P. Lockhart; Sandra Pianalto; Jerome H. Powell; Sarah Bloom Raskin; Jeremy C. Stein; Daniel K. Tarullo; John C. Williams; and Janet L. Yellen. Voting against the action was Jeffrey M. Lacker, who opposed additional asset purchases and preferred to omit the description of the time period over which exceptionally low levels for the federal funds rate are likely to be warranted. Statement Regarding Transactions in Agency Mortgage-Backed Securities and Treasury Securities",2012-08-21,The U.S. Economic Outlook and Implications for Latin America,https://fraser.stlouisfed.org/title/statements-speeches-dennis-lockhart-5579/us-economic-outlook-implications-latin-america-558042,COMMUNICATION_EVENT_DATE_STRICTLY_BEFORE_SEP_WHEN_TIME_UNKNOWN,SEP_RELEASE_DATE_AFTER_OFFICIAL_POLICY_STATEMENT; EXACT_RELEASE_TIME_NOT_STORED,NO
2012-09-13,Elizabeth A. Duke,COMMITTEE_HOLD,0,UNCHANGED,VOTE_ACTION_PROXY,2012-09-13,0,https://www.federalreserve.gov/newsevents/pressreleases/monetary20120913a.htm,"Voting for the FOMC monetary policy action were: Ben S. Bernanke, Chairman; William C. Dudley, Vice Chairman; Elizabeth A. Duke; Dennis P. Lockhart; Sandra Pianalto; Jerome H. Powell; Sarah Bloom Raskin; Jeremy C. Stein; Daniel K. Tarullo; John C. Williams; and Janet L. Yellen. Voting against the action was Jeffrey M. Lacker, who opposed additional asset purchases and preferred to omit the description of the time period over which exceptionally low levels for the federal funds rate are likely to be warranted. Statement Regarding Transactions in Agency Mortgage-Backed Securities and Treasury Securities",2012-07-20,Central Bank Cooperation in Times of Crisis,https://www.federalreserve.gov/newsevents/speech/duke20120720a.htm,COMMUNICATION_EVENT_DATE_STRICTLY_BEFORE_SEP_WHEN_TIME_UNKNOWN,SEP_RELEASE_DATE_AFTER_OFFICIAL_POLICY_STATEMENT; EXACT_RELEASE_TIME_NOT_STORED,NO
2012-09-13,Eric S. Rosengren,UNKNOWN,,UNKNOWN,NO_DIRECTIONAL_PERSONAL_EVIDENCE_CLASSIFIED,,,,,2012-06-29,Our Financial Structures - Are They Prepared for Financial Instability?,https://fraser.stlouisfed.org/title/statements-speeches-eric-rosengren-9015/financial-structures-prepared-financial-instability-667483,COMMUNICATION_EVENT_DATE_STRICTLY_BEFORE_SEP_WHEN_TIME_UNKNOWN,SEP_RELEASE_DATE_AFTER_OFFICIAL_POLICY_STATEMENT; EXACT_RELEASE_TIME_NOT_STORED,NO
2012-09-13,Esther L. George,UNKNOWN,,UNKNOWN,NO_DIRECTIONAL_PERSONAL_EVIDENCE_CLASSIFIED,,,,,2012-05-22,Perspectives on 150 Years of Dual Banking,https://fraser.stlouisfed.org/title/statements-speeches-esther-l-george-9278/perspectives-150-years-dual-banking-679548,COMMUNICATION_EVENT_DATE_STRICTLY_BEFORE_SEP_WHEN_TIME_UNKNOWN,SEP_RELEASE_DATE_AFTER_OFFICIAL_POLICY_STATEMENT; EXACT_RELEASE_TIME_NOT_STORED,NO
2012-09-13,James Bullard,UNKNOWN,,UNKNOWN,NO_DIRECTIONAL_PERSONAL_EVIDENCE_CLASSIFIED,,,,,2012-07-10,The Global Economy and the European Sovereign Debt Crisis,https://fraser.stlouisfed.org/title/statements-speeches-james-bullard-7161/global-economy-european-sovereign-debt-crisis-654777,COMMUNICATION_EVENT_DATE_STRICTLY_BEFORE_SEP_WHEN_TIME_UNKNOWN,SEP_RELEASE_DATE_AFTER_OFFICIAL_POLICY_STATEMENT; EXACT_RELEASE_TIME_NOT_STORED,NO
2012-09-13,Janet L. Yellen,COMMITTEE_HOLD,0,UNCHANGED,VOTE_ACTION_PROXY,2012-09-13,0,https://www.federalreserve.gov/newsevents/pressreleases/monetary20120913a.htm,"Voting for the FOMC monetary policy action were: Ben S. Bernanke, Chairman; William C. Dudley, Vice Chairman; Elizabeth A. Duke; Dennis P. Lockhart; Sandra Pianalto; Jerome H. Powell; Sarah Bloom Raskin; Jeremy C. Stein; Daniel K. Tarullo; John C. Williams; and Janet L. Yellen. Voting against the action was Jeffrey M. Lacker, who opposed additional asset purchases and preferred to omit the description of the time period over which exceptionally low levels for the federal funds rate are likely to be warranted. Statement Regarding Transactions in Agency Mortgage-Backed Securities and Treasury Securities",2012-06-06,Perspectives on Monetary Policy,https://www.federalreserve.gov/newsevents/speech/yellen20120606a.htm,COMMUNICATION_EVENT_DATE_STRICTLY_BEFORE_SEP_WHEN_TIME_UNKNOWN,SEP_RELEASE_DATE_AFTER_OFFICIAL_POLICY_STATEMENT; EXACT_RELEASE_TIME_NOT_STORED,NO
2012-09-13,Jeffrey M. Lacker,TIGHTER,2,UNCHANGED,NAMED_DISSENT,2012-09-13,0,https://www.federalreserve.gov/newsevents/pressreleases/monetary20120913a.htm,"Voting for the FOMC monetary policy action were: Ben S. Bernanke, Chairman; William C. Dudley, Vice Chairman; Elizabeth A. Duke; Dennis P. Lockhart; Sandra Pianalto; Jerome H. Powell; Sarah Bloom Raskin; Jeremy C. Stein; Daniel K. Tarullo; John C. Williams; and Janet L. Yellen. Voting against the action was Jeffrey M. Lacker, who opposed additional asset purchases and preferred to omit the description of the time period over which exceptionally low levels for the federal funds rate are likely to be warranted. Statement Regarding Transactions in Agency Mortgage-Backed Securities and Treasury Securities",2012-08-03,Richmond Fed President Lacker Comments on FOMC Dissent,https://fraser.stlouisfed.org/title/dissent-statements-jeffrey-m-lacker-6827/richmond-fed-president-lacker-comments-fomc-dissent-624857,COMMUNICATION_EVENT_DATE_STRICTLY_BEFORE_SEP_WHEN_TIME_UNKNOWN,SEP_RELEASE_DATE_AFTER_OFFICIAL_POLICY_STATEMENT; EXACT_RELEASE_TIME_NOT_STORED,NO
2012-09-13,Jeremy C. Stein,COMMITTEE_HOLD,0,UNCHANGED,VOTE_ACTION_PROXY,2012-09-13,0,https://www.federalreserve.gov/newsevents/pressreleases/monetary20120913a.htm,"Voting for the FOMC monetary policy action were: Ben S. Bernanke, Chairman; William C. Dudley, Vice Chairman; Elizabeth A. Duke; Dennis P. Lockhart; Sandra Pianalto; Jerome H. Powell; Sarah Bloom Raskin; Jeremy C. Stein; Daniel K. Tarullo; John C. Williams; and Janet L. Yellen. Voting against the action was Jeffrey M. Lacker, who opposed additional asset purchases and preferred to omit the description of the time period over which exceptionally low levels for the federal funds rate are likely to be warranted. Statement Regarding Transactions in Agency Mortgage-Backed Securities and Treasury Securities",,,,COMMUNICATION_EVENT_DATE_STRICTLY_BEFORE_SEP_WHEN_TIME_UNKNOWN,SEP_RELEASE_DATE_AFTER_OFFICIAL_POLICY_STATEMENT; EXACT_RELEASE_TIME_NOT_STORED,NO
2012-09-13,Jerome H. Powell,COMMITTEE_HOLD,0,UNCHANGED,VOTE_ACTION_PROXY,2012-09-13,0,https://www.federalreserve.gov/newsevents/pressreleases/monetary20120913a.htm,"Voting for the FOMC monetary policy action were: Ben S. Bernanke, Chairman; William C. Dudley, Vice Chairman; Elizabeth A. Duke; Dennis P. Lockhart; Sandra Pianalto; Jerome H. Powell; Sarah Bloom Raskin; Jeremy C. Stein; Daniel K. Tarullo; John C. Williams; and Janet L. Yellen. Voting against the action was Jeffrey M. Lacker, who opposed additional asset purchases and preferred to omit the description of the time period over which exceptionally low levels for the federal funds rate are likely to be warranted. Statement Regarding Transactions in Agency Mortgage-Backed Securities and Treasury Securities",,,,COMMUNICATION_EVENT_DATE_STRICTLY_BEFORE_SEP_WHEN_TIME_UNKNOWN,SEP_RELEASE_DATE_AFTER_OFFICIAL_POLICY_STATEMENT; EXACT_RELEASE_TIME_NOT_STORED,NO
2012-09-13,John C. Williams,COMMITTEE_HOLD,0,UNCHANGED,VOTE_ACTION_PROXY,2012-09-13,0,https://www.federalreserve.gov/newsevents/pressreleases/monetary20120913a.htm,"Voting for the FOMC monetary policy action were: Ben S. Bernanke, Chairman; William C. Dudley, Vice Chairman; Elizabeth A. Duke; Dennis P. Lockhart; Sandra Pianalto; Jerome H. Powell; Sarah Bloom Raskin; Jeremy C. Stein; Daniel K. Tarullo; John C. Williams; and Janet L. Yellen. Voting against the action was Jeffrey M. Lacker, who opposed additional asset purchases and preferred to omit the description of the time period over which exceptionally low levels for the federal funds rate are likely to be warranted. Statement Regarding Transactions in Agency Mortgage-Backed Securities and Treasury Securities",2012-07-12,The Economic Outlook and Challenges to Monetary Policy[get-superscript superscript='1'] - San Francisco Fed,https://www.frbsf.org/news-and-media/speeches/williams-speeches/2012/07/williams-economic-outlook-challenges-monetary-policy-portland,COMMUNICATION_EVENT_DATE_STRICTLY_BEFORE_SEP_WHEN_TIME_UNKNOWN,SEP_RELEASE_DATE_AFTER_OFFICIAL_POLICY_STATEMENT; EXACT_RELEASE_TIME_NOT_STORED,NO
2012-09-13,Narayana Kocherlakota,UNKNOWN,,UNKNOWN,NO_DIRECTIONAL_PERSONAL_EVIDENCE_CLASSIFIED,,,,,2012-08-27,"Welcoming Remarks at Conference on the Law and Economics of Indian Country Economic Development, Federal Reserve Bank of Minneapolis, Minneapolis",https://fraser.stlouisfed.org/title/statements-speeches-narayana-kocherlakota-9360/welcoming-remarks-conference-law-economics-indian-country-economic-development-federal-reserve-bank-minneapolis-minneapolis-685567,COMMUNICATION_EVENT_DATE_STRICTLY_BEFORE_SEP_WHEN_TIME_UNKNOWN,SEP_RELEASE_DATE_AFTER_OFFICIAL_POLICY_STATEMENT; EXACT_RELEASE_TIME_NOT_STORED,NO
2012-09-13,Richard W. Fisher,UNKNOWN,,UNKNOWN,NO_DIRECTIONAL_PERSONAL_EVIDENCE_CLASSIFIED,,,,,2012-07-09,Remarks before the Australian American Leadership Dialogue,https://www.dallasfed.org/news/speeches/fisher/2012/fs120709.aspx,COMMUNICATION_EVENT_DATE_STRICTLY_BEFORE_SEP_WHEN_TIME_UNKNOWN,SEP_RELEASE_DATE_AFTER_OFFICIAL_POLICY_STATEMENT; EXACT_RELEASE_TIME_NOT_STORED,NO
2012-09-13,Sandra Pianalto,COMMITTEE_HOLD,0,UNCHANGED,VOTE_ACTION_PROXY,2012-09-13,0,https://www.federalreserve.gov/newsevents/pressreleases/monetary20120913a.htm,"Voting for the FOMC monetary policy action were: Ben S. Bernanke, Chairman; William C. Dudley, Vice Chairman; Elizabeth A. Duke; Dennis P. Lockhart; Sandra Pianalto; Jerome H. Powell; Sarah Bloom Raskin; Jeremy C. Stein; Daniel K. Tarullo; John C. Williams; and Janet L. Yellen. Voting against the action was Jeffrey M. Lacker, who opposed additional asset purchases and preferred to omit the description of the time period over which exceptionally low levels for the federal funds rate are likely to be warranted. Statement Regarding Transactions in Agency Mortgage-Backed Securities and Treasury Securities",2012-08-27,The Federal Reserve and Monetary Policy,https://fraser.stlouisfed.org/title/statements-speeches-sandra-pianalto-3770/federal-reserve-monetary-policy-475341,COMMUNICATION_EVENT_DATE_STRICTLY_BEFORE_SEP_WHEN_TIME_UNKNOWN,SEP_RELEASE_DATE_AFTER_OFFICIAL_POLICY_STATEMENT; EXACT_RELEASE_TIME_NOT_STORED,NO
2012-09-13,Sarah Bloom Raskin,COMMITTEE_HOLD,0,UNCHANGED,VOTE_ACTION_PROXY,2012-09-13,0,https://www.federalreserve.gov/newsevents/pressreleases/monetary20120913a.htm,"Voting for the FOMC monetary policy action were: Ben S. Bernanke, Chairman; William C. Dudley, Vice Chairman; Elizabeth A. Duke; Dennis P. Lockhart; Sandra Pianalto; Jerome H. Powell; Sarah Bloom Raskin; Jeremy C. Stein; Daniel K. Tarullo; John C. Williams; and Janet L. Yellen. Voting against the action was Jeffrey M. Lacker, who opposed additional asset purchases and preferred to omit the description of the time period over which exceptionally low levels for the federal funds rate are likely to be warranted. Statement Regarding Transactions in Agency Mortgage-Backed Securities and Treasury Securities",2012-07-23,How Well Is Our Financial System Serving Us? Working Together to Find the High Road,https://www.federalreserve.gov/newsevents/speech/raskin20120723a.htm,COMMUNICATION_EVENT_DATE_STRICTLY_BEFORE_SEP_WHEN_TIME_UNKNOWN,SEP_RELEASE_DATE_AFTER_OFFICIAL_POLICY_STATEMENT; EXACT_RELEASE_TIME_NOT_STORED,NO
2012-09-13,William C. Dudley,COMMITTEE_HOLD,0,UNCHANGED,VOTE_ACTION_PROXY,2012-09-13,0,https://www.federalreserve.gov/newsevents/pressreleases/monetary20120913a.htm,"Voting for the FOMC monetary policy action were: Ben S. Bernanke, Chairman; William C. Dudley, Vice Chairman; Elizabeth A. Duke; Dennis P. Lockhart; Sandra Pianalto; Jerome H. Powell; Sarah Bloom Raskin; Jeremy C. Stein; Daniel K. Tarullo; John C. Williams; and Janet L. Yellen. Voting against the action was Jeffrey M. Lacker, who opposed additional asset purchases and preferred to omit the description of the time period over which exceptionally low levels for the federal funds rate are likely to be warranted. Statement Regarding Transactions in Agency Mortgage-Backed Securities and Treasury Securities",2012-06-29,The Competitiveness of Puerto Rico's Economy: Reducing the Cost of Doing Business and Improving Labor Market Opportunities,https://fraser.stlouisfed.org/title/statements-speeches-william-c-dudley-6749/competitiveness-puerto-ricos-economy-reducing-cost-business-improving-labor-market-opportunities-618960,COMMUNICATION_EVENT_DATE_STRICTLY_BEFORE_SEP_WHEN_TIME_UNKNOWN,SEP_RELEASE_DATE_AFTER_OFFICIAL_POLICY_STATEMENT; EXACT_RELEASE_TIME_NOT_STORED,NO
2012-12-12,Ben S. Bernanke,COMMITTEE_HOLD,0,UNCHANGED,VOTE_ACTION_PROXY,2012-12-12,0,https://www.federalreserve.gov/newsevents/pressreleases/monetary20121212a.htm,"Voting for the FOMC monetary policy action were: Ben S. Bernanke, Chairman; William C. Dudley, Vice Chairman; Elizabeth A. Duke; Dennis P. Lockhart; Sandra Pianalto; Jerome H. Powell; Sarah Bloom Raskin; Jeremy C. Stein; Daniel K. Tarullo; John C. Williams; and Janet L. Yellen. Voting against the action was Jeffrey M. Lacker, who opposed the asset purchase program and the characterization of the conditions under which an exceptionally low range for the federal funds rate will be appropriate. Statement Regarding Purchases of Treasury Securities and Agency Mortgage-Backed Securities",2012-11-20,The Economic Recovery and Economic Policy,https://www.federalreserve.gov/newsevents/speech/bernanke20121120a.htm,COMMUNICATION_EVENT_DATE_STRICTLY_BEFORE_SEP_WHEN_TIME_UNKNOWN,SEP_RELEASE_DATE_AFTER_OFFICIAL_POLICY_STATEMENT; EXACT_RELEASE_TIME_NOT_STORED,NO
2012-12-12,Charles I. Plosser,UNKNOWN,,UNKNOWN,NO_DIRECTIONAL_PERSONAL_EVIDENCE_CLASSIFIED,,,,,2012-11-15,Good Intentions in the Short Term with Risky Consequences for the Long Term,https://www.philadelphiafed.org/-/media/FRBP/Assets/Institutional/speeches/plosser/2012/11-15-12_cato-institute.pdf?la=en&sc_lang=en&hash=2C390E901288179BF5C7AF63EAA448E5,COMMUNICATION_EVENT_DATE_STRICTLY_BEFORE_SEP_WHEN_TIME_UNKNOWN,SEP_RELEASE_DATE_AFTER_OFFICIAL_POLICY_STATEMENT; EXACT_RELEASE_TIME_NOT_STORED,NO
2012-12-12,Charles L. Evans,UNKNOWN,,UNKNOWN,NO_DIRECTIONAL_PERSONAL_EVIDENCE_CLASSIFIED,,,,,2012-11-27,Monetary Policy in Challenging Times,https://fraser.stlouisfed.org/title/statements-speeches-charles-l-evans-8969/monetary-policy-challenging-times-666875,COMMUNICATION_EVENT_DATE_STRICTLY_BEFORE_SEP_WHEN_TIME_UNKNOWN,SEP_RELEASE_DATE_AFTER_OFFICIAL_POLICY_STATEMENT; EXACT_RELEASE_TIME_NOT_STORED,NO
2012-12-12,Christine Cumming,UNKNOWN,,UNKNOWN,NO_DIRECTIONAL_PERSONAL_EVIDENCE_CLASSIFIED,,,,,,,,COMMUNICATION_EVENT_DATE_STRICTLY_BEFORE_SEP_WHEN_TIME_UNKNOWN,SEP_RELEASE_DATE_AFTER_OFFICIAL_POLICY_STATEMENT; EXACT_RELEASE_TIME_NOT_STORED,NO
2012-12-12,Daniel K. Tarullo,COMMITTEE_HOLD,0,UNCHANGED,VOTE_ACTION_PROXY,2012-12-12,0,https://www.federalreserve.gov/newsevents/pressreleases/monetary20121212a.htm,"Voting for the FOMC monetary policy action were: Ben S. Bernanke, Chairman; William C. Dudley, Vice Chairman; Elizabeth A. Duke; Dennis P. Lockhart; Sandra Pianalto; Jerome H. Powell; Sarah Bloom Raskin; Jeremy C. Stein; Daniel K. Tarullo; John C. Williams; and Janet L. Yellen. Voting against the action was Jeffrey M. Lacker, who opposed the asset purchase program and the characterization of the conditions under which an exceptionally low range for the federal funds rate will be appropriate. Statement Regarding Purchases of Treasury Securities and Agency Mortgage-Backed Securities",2012-12-04,Industry Structure and Systemic Risk Regulation,https://www.federalreserve.gov/newsevents/speech/tarullo20121204a.htm,COMMUNICATION_EVENT_DATE_STRICTLY_BEFORE_SEP_WHEN_TIME_UNKNOWN,SEP_RELEASE_DATE_AFTER_OFFICIAL_POLICY_STATEMENT; EXACT_RELEASE_TIME_NOT_STORED,NO
2012-12-12,Dennis P. Lockhart,COMMITTEE_HOLD,0,UNCHANGED,VOTE_ACTION_PROXY,2012-12-12,0,https://www.federalreserve.gov/newsevents/pressreleases/monetary20121212a.htm,"Voting for the FOMC monetary policy action were: Ben S. Bernanke, Chairman; William C. Dudley, Vice Chairman; Elizabeth A. Duke; Dennis P. Lockhart; Sandra Pianalto; Jerome H. Powell; Sarah Bloom Raskin; Jeremy C. Stein; Daniel K. Tarullo; John C. Williams; and Janet L. Yellen. Voting against the action was Jeffrey M. Lacker, who opposed the asset purchase program and the characterization of the conditions under which an exceptionally low range for the federal funds rate will be appropriate. Statement Regarding Purchases of Treasury Securities and Agency Mortgage-Backed Securities",2012-11-27,Thoughts on Two Other Potential Sources of Financial Instability: The Payments System and Public Pensions,https://fraser.stlouisfed.org/title/statements-speeches-dennis-lockhart-5579/thoughts-two-potential-sources-financial-instability-payments-system-public-pensions-558047,COMMUNICATION_EVENT_DATE_STRICTLY_BEFORE_SEP_WHEN_TIME_UNKNOWN,SEP_RELEASE_DATE_AFTER_OFFICIAL_POLICY_STATEMENT; EXACT_RELEASE_TIME_NOT_STORED,NO
2012-12-12,Elizabeth A. Duke,COMMITTEE_HOLD,0,UNCHANGED,VOTE_ACTION_PROXY,2012-12-12,0,https://www.federalreserve.gov/newsevents/pressreleases/monetary20121212a.htm,"Voting for the FOMC monetary policy action were: Ben S. Bernanke, Chairman; William C. Dudley, Vice Chairman; Elizabeth A. Duke; Dennis P. Lockhart; Sandra Pianalto; Jerome H. Powell; Sarah Bloom Raskin; Jeremy C. Stein; Daniel K. Tarullo; John C. Williams; and Janet L. Yellen. Voting against the action was Jeffrey M. Lacker, who opposed the asset purchase program and the characterization of the conditions under which an exceptionally low range for the federal funds rate will be appropriate. Statement Regarding Purchases of Treasury Securities and Agency Mortgage-Backed Securities",2012-11-09,Community Banks and Mortgage Lending,https://www.federalreserve.gov/newsevents/speech/duke20121109a.htm,COMMUNICATION_EVENT_DATE_STRICTLY_BEFORE_SEP_WHEN_TIME_UNKNOWN,SEP_RELEASE_DATE_AFTER_OFFICIAL_POLICY_STATEMENT; EXACT_RELEASE_TIME_NOT_STORED,NO
2012-12-12,Eric S. Rosengren,UNKNOWN,,UNKNOWN,NO_DIRECTIONAL_PERSONAL_EVIDENCE_CLASSIFIED,,,,,2012-06-29,Our Financial Structures - Are They Prepared for Financial Instability?,https://fraser.stlouisfed.org/title/statements-speeches-eric-rosengren-9015/financial-structures-prepared-financial-instability-667483,COMMUNICATION_EVENT_DATE_STRICTLY_BEFORE_SEP_WHEN_TIME_UNKNOWN,SEP_RELEASE_DATE_AFTER_OFFICIAL_POLICY_STATEMENT; EXACT_RELEASE_TIME_NOT_STORED,NO
2012-12-12,Esther L. George,UNKNOWN,,UNKNOWN,NO_DIRECTIONAL_PERSONAL_EVIDENCE_CLASSIFIED,,,,,2012-11-16,Recovery from Financial Crisis,https://fraser.stlouisfed.org/title/statements-speeches-esther-l-george-9278/recovery-financial-crisis-679551,COMMUNICATION_EVENT_DATE_STRICTLY_BEFORE_SEP_WHEN_TIME_UNKNOWN,SEP_RELEASE_DATE_AFTER_OFFICIAL_POLICY_STATEMENT; EXACT_RELEASE_TIME_NOT_STORED,NO
2012-12-12,James Bullard,UNKNOWN,,UNKNOWN,NO_DIRECTIONAL_PERSONAL_EVIDENCE_CLASSIFIED,,,,,2012-12-03,"Making Sense of Thresholds, Triggers, Twists, and Timelines",https://fraser.stlouisfed.org/title/statements-speeches-james-bullard-7161/making-sense-thresholds-triggers-twists-timelines-655000,COMMUNICATION_EVENT_DATE_STRICTLY_BEFORE_SEP_WHEN_TIME_UNKNOWN,SEP_RELEASE_DATE_AFTER_OFFICIAL_POLICY_STATEMENT; EXACT_RELEASE_TIME_NOT_STORED,NO
2012-12-12,Janet L. Yellen,COMMITTEE_HOLD,0,UNCHANGED,VOTE_ACTION_PROXY,2012-12-12,0,https://www.federalreserve.gov/newsevents/pressreleases/monetary20121212a.htm,"Voting for the FOMC monetary policy action were: Ben S. Bernanke, Chairman; William C. Dudley, Vice Chairman; Elizabeth A. Duke; Dennis P. Lockhart; Sandra Pianalto; Jerome H. Powell; Sarah Bloom Raskin; Jeremy C. Stein; Daniel K. Tarullo; John C. Williams; and Janet L. Yellen. Voting against the action was Jeffrey M. Lacker, who opposed the asset purchase program and the characterization of the conditions under which an exceptionally low range for the federal funds rate will be appropriate. Statement Regarding Purchases of Treasury Securities and Agency Mortgage-Backed Securities",2012-11-13,Revolution and Evolution in Central Bank Communications,https://www.federalreserve.gov/newsevents/speech/yellen20121113a.htm,COMMUNICATION_EVENT_DATE_STRICTLY_BEFORE_SEP_WHEN_TIME_UNKNOWN,SEP_RELEASE_DATE_AFTER_OFFICIAL_POLICY_STATEMENT; EXACT_RELEASE_TIME_NOT_STORED,NO
2012-12-12,Jeffrey M. Lacker,TIGHTER,2,UNCHANGED,NAMED_DISSENT,2012-12-12,0,https://www.federalreserve.gov/newsevents/pressreleases/monetary20121212a.htm,"Voting for the FOMC monetary policy action were: Ben S. Bernanke, Chairman; William C. Dudley, Vice Chairman; Elizabeth A. Duke; Dennis P. Lockhart; Sandra Pianalto; Jerome H. Powell; Sarah Bloom Raskin; Jeremy C. Stein; Daniel K. Tarullo; John C. Williams; and Janet L. Yellen. Voting against the action was Jeffrey M. Lacker, who opposed the asset purchase program and the characterization of the conditions under which an exceptionally low range for the federal funds rate will be appropriate. Statement Regarding Purchases of Treasury Securities and Agency Mortgage-Backed Securities",2012-11-20,Perspectives on Monetary and Credit Policy,https://fraser.stlouisfed.org/title/statements-speeches-jeffrey-m-lacker-6827/perspectives-monetary-credit-policy-678714,COMMUNICATION_EVENT_DATE_STRICTLY_BEFORE_SEP_WHEN_TIME_UNKNOWN,SEP_RELEASE_DATE_AFTER_OFFICIAL_POLICY_STATEMENT; EXACT_RELEASE_TIME_NOT_STORED,NO
2012-12-12,Jeremy C. Stein,COMMITTEE_HOLD,0,UNCHANGED,VOTE_ACTION_PROXY,2012-12-12,0,https://www.federalreserve.gov/newsevents/pressreleases/monetary20121212a.htm,"Voting for the FOMC monetary policy action were: Ben S. Bernanke, Chairman; William C. Dudley, Vice Chairman; Elizabeth A. Duke; Dennis P. Lockhart; Sandra Pianalto; Jerome H. Powell; Sarah Bloom Raskin; Jeremy C. Stein; Daniel K. Tarullo; John C. Williams; and Janet L. Yellen. Voting against the action was Jeffrey M. Lacker, who opposed the asset purchase program and the characterization of the conditions under which an exceptionally low range for the federal funds rate will be appropriate. Statement Regarding Purchases of Treasury Securities and Agency Mortgage-Backed Securities",2012-11-30,Large-Scale Asset Purchases,https://www.federalreserve.gov/newsevents/speech/stein20121130a.htm,COMMUNICATION_EVENT_DATE_STRICTLY_BEFORE_SEP_WHEN_TIME_UNKNOWN,SEP_RELEASE_DATE_AFTER_OFFICIAL_POLICY_STATEMENT; EXACT_RELEASE_TIME_NOT_STORED,NO
2012-12-12,Jerome H. Powell,COMMITTEE_HOLD,0,UNCHANGED,VOTE_ACTION_PROXY,2012-12-12,0,https://www.federalreserve.gov/newsevents/pressreleases/monetary20121212a.htm,"Voting for the FOMC monetary policy action were: Ben S. Bernanke, Chairman; William C. Dudley, Vice Chairman; Elizabeth A. Duke; Dennis P. Lockhart; Sandra Pianalto; Jerome H. Powell; Sarah Bloom Raskin; Jeremy C. Stein; Daniel K. Tarullo; John C. Williams; and Janet L. Yellen. Voting against the action was Jeffrey M. Lacker, who opposed the asset purchase program and the characterization of the conditions under which an exceptionally low range for the federal funds rate will be appropriate. Statement Regarding Purchases of Treasury Securities and Agency Mortgage-Backed Securities",,,,COMMUNICATION_EVENT_DATE_STRICTLY_BEFORE_SEP_WHEN_TIME_UNKNOWN,SEP_RELEASE_DATE_AFTER_OFFICIAL_POLICY_STATEMENT; EXACT_RELEASE_TIME_NOT_STORED,NO
2012-12-12,John C. Williams,COMMITTEE_HOLD,0,UNCHANGED,VOTE_ACTION_PROXY,2012-12-12,0,https://www.federalreserve.gov/newsevents/pressreleases/monetary20121212a.htm,"Voting for the FOMC monetary policy action were: Ben S. Bernanke, Chairman; William C. Dudley, Vice Chairman; Elizabeth A. Duke; Dennis P. Lockhart; Sandra Pianalto; Jerome H. Powell; Sarah Bloom Raskin; Jeremy C. Stein; Daniel K. Tarullo; John C. Williams; and Janet L. Yellen. Voting against the action was Jeffrey M. Lacker, who opposed the asset purchase program and the characterization of the conditions under which an exceptionally low range for the federal funds rate will be appropriate. Statement Regarding Purchases of Treasury Securities and Agency Mortgage-Backed Securities",2012-11-14,The Role of Monetary Policy in Bolstering Economic Growth[get-superscript superscript='1'] - San Francisco Fed,https://www.frbsf.org/news-and-media/speeches/williams-speeches/2012/11/williams-monetary-policy-economic-growth-san-francisco,COMMUNICATION_EVENT_DATE_STRICTLY_BEFORE_SEP_WHEN_TIME_UNKNOWN,SEP_RELEASE_DATE_AFTER_OFFICIAL_POLICY_STATEMENT; EXACT_RELEASE_TIME_NOT_STORED,NO
2012-12-12,Narayana Kocherlakota,UNKNOWN,,UNKNOWN,NO_DIRECTIONAL_PERSONAL_EVIDENCE_CLASSIFIED,,,,,2012-11-30,"[Remarks] at Conference on Macro‐Finance Linkages Sponsored by the Federal Reserve of Boston and the Department of Economics at Boston University, Boston",https://fraser.stlouisfed.org/title/statements-speeches-narayana-kocherlakota-9360/remarks-conference-macro-finance-linkages-sponsored-federal-reserve-boston-department-economics-boston-university-boston-685571,COMMUNICATION_EVENT_DATE_STRICTLY_BEFORE_SEP_WHEN_TIME_UNKNOWN,SEP_RELEASE_DATE_AFTER_OFFICIAL_POLICY_STATEMENT; EXACT_RELEASE_TIME_NOT_STORED,NO
2012-12-12,Richard W. Fisher,UNKNOWN,,UNKNOWN,NO_DIRECTIONAL_PERSONAL_EVIDENCE_CLASSIFIED,,,,,2012-11-15,"The State of the West (With Reference to George Shultz, Eisenhower, Buzz Lightyear, George Strait, the San Francisco Fed and Adam and Eve)",https://www.dallasfed.org/news/speeches/fisher/2012/fs121115.aspx,COMMUNICATION_EVENT_DATE_STRICTLY_BEFORE_SEP_WHEN_TIME_UNKNOWN,SEP_RELEASE_DATE_AFTER_OFFICIAL_POLICY_STATEMENT; EXACT_RELEASE_TIME_NOT_STORED,NO
2012-12-12,Sandra Pianalto,COMMITTEE_HOLD,0,UNCHANGED,VOTE_ACTION_PROXY,2012-12-12,0,https://www.federalreserve.gov/newsevents/pressreleases/monetary20121212a.htm,"Voting for the FOMC monetary policy action were: Ben S. Bernanke, Chairman; William C. Dudley, Vice Chairman; Elizabeth A. Duke; Dennis P. Lockhart; Sandra Pianalto; Jerome H. Powell; Sarah Bloom Raskin; Jeremy C. Stein; Daniel K. Tarullo; John C. Williams; and Janet L. Yellen. Voting against the action was Jeffrey M. Lacker, who opposed the asset purchase program and the characterization of the conditions under which an exceptionally low range for the federal funds rate will be appropriate. Statement Regarding Purchases of Treasury Securities and Agency Mortgage-Backed Securities",2012-10-22,Collaborating to Improve the U.S. Payments System,https://fraser.stlouisfed.org/title/statements-speeches-sandra-pianalto-3770/collaborating-improve-us-payments-system-475343,COMMUNICATION_EVENT_DATE_STRICTLY_BEFORE_SEP_WHEN_TIME_UNKNOWN,SEP_RELEASE_DATE_AFTER_OFFICIAL_POLICY_STATEMENT; EXACT_RELEASE_TIME_NOT_STORED,NO
2012-12-12,Sarah Bloom Raskin,COMMITTEE_HOLD,0,UNCHANGED,VOTE_ACTION_PROXY,2012-12-12,0,https://www.federalreserve.gov/newsevents/pressreleases/monetary20121212a.htm,"Voting for the FOMC monetary policy action were: Ben S. Bernanke, Chairman; William C. Dudley, Vice Chairman; Elizabeth A. Duke; Dennis P. Lockhart; Sandra Pianalto; Jerome H. Powell; Sarah Bloom Raskin; Jeremy C. Stein; Daniel K. Tarullo; John C. Williams; and Janet L. Yellen. Voting against the action was Jeffrey M. Lacker, who opposed the asset purchase program and the characterization of the conditions under which an exceptionally low range for the federal funds rate will be appropriate. Statement Regarding Purchases of Treasury Securities and Agency Mortgage-Backed Securities",2012-07-23,How Well Is Our Financial System Serving Us? Working Together to Find the High Road,https://www.federalreserve.gov/newsevents/speech/raskin20120723a.htm,COMMUNICATION_EVENT_DATE_STRICTLY_BEFORE_SEP_WHEN_TIME_UNKNOWN,SEP_RELEASE_DATE_AFTER_OFFICIAL_POLICY_STATEMENT; EXACT_RELEASE_TIME_NOT_STORED,NO
2012-12-12,William C. Dudley,COMMITTEE_HOLD,0,UNCHANGED,VOTE_ACTION_PROXY,2012-12-12,0,https://www.federalreserve.gov/newsevents/pressreleases/monetary20121212a.htm,"Voting for the FOMC monetary policy action were: Ben S. Bernanke, Chairman; William C. Dudley, Vice Chairman; Elizabeth A. Duke; Dennis P. Lockhart; Sandra Pianalto; Jerome H. Powell; Sarah Bloom Raskin; Jeremy C. Stein; Daniel K. Tarullo; John C. Williams; and Janet L. Yellen. Voting against the action was Jeffrey M. Lacker, who opposed the asset purchase program and the characterization of the conditions under which an exceptionally low range for the federal funds rate will be appropriate. Statement Regarding Purchases of Treasury Securities and Agency Mortgage-Backed Securities",2012-12-03,"Opening Remarks at the Spread between Primary and Secondary Mortgage Rates: Recent Trends and Prospects Workshop, New York City",https://fraser.stlouisfed.org/title/statements-speeches-william-c-dudley-6749/opening-remarks-spread-primary-secondary-mortgage-rates-recent-trends-prospects-workshop-new-york-city-618966,COMMUNICATION_EVENT_DATE_STRICTLY_BEFORE_SEP_WHEN_TIME_UNKNOWN,SEP_RELEASE_DATE_AFTER_OFFICIAL_POLICY_STATEMENT; EXACT_RELEASE_TIME_NOT_STORED,NO
2013-03-20,Ben S. Bernanke,COMMITTEE_HOLD,0,UNCHANGED,VOTE_ACTION_PROXY,2013-03-20,0,https://www.federalreserve.gov/newsevents/pressreleases/monetary20130320a.htm,"Voting for the FOMC monetary policy action were: Ben S. Bernanke, Chairman; William C. Dudley, Vice Chairman; James Bullard; Elizabeth A. Duke; Charles L. Evans; Jerome H. Powell; Sarah Bloom Raskin; Eric S. Rosengren; Jeremy C. Stein; Daniel K. Tarullo; and Janet L. Yellen. Voting against the action was Esther L. George, who was concerned that the continued high level of monetary accommodation increased the risks of future economic and financial imbalances and, over time, could cause an increase in long-term inflation expectations.",2013-03-01,Long-Term Interest Rates,https://www.federalreserve.gov/newsevents/speech/bernanke20130301a.htm,COMMUNICATION_EVENT_DATE_STRICTLY_BEFORE_SEP_WHEN_TIME_UNKNOWN,SEP_RELEASE_DATE_AFTER_OFFICIAL_POLICY_STATEMENT; EXACT_RELEASE_TIME_NOT_STORED,NO
2013-03-20,Charles I. Plosser,UNKNOWN,,UNKNOWN,NO_DIRECTIONAL_PERSONAL_EVIDENCE_CLASSIFIED,,,,,2013-03-06,Economic Conditions and Monetary Policy,https://fraser.stlouisfed.org/title/statements-speeches-charles-i-plosser-6101/economic-conditions-monetary-policy-586724,COMMUNICATION_EVENT_DATE_STRICTLY_BEFORE_SEP_WHEN_TIME_UNKNOWN,SEP_RELEASE_DATE_AFTER_OFFICIAL_POLICY_STATEMENT; EXACT_RELEASE_TIME_NOT_STORED,NO
2013-03-20,Charles L. Evans,COMMITTEE_HOLD,0,UNKNOWN,VOTE_ACTION_PROXY,2013-03-20,0,https://www.federalreserve.gov/newsevents/pressreleases/monetary20130320a.htm,"Voting for the FOMC monetary policy action were: Ben S. Bernanke, Chairman; William C. Dudley, Vice Chairman; James Bullard; Elizabeth A. Duke; Charles L. Evans; Jerome H. Powell; Sarah Bloom Raskin; Eric S. Rosengren; Jeremy C. Stein; Daniel K. Tarullo; and Janet L. Yellen. Voting against the action was Esther L. George, who was concerned that the continued high level of monetary accommodation increased the risks of future economic and financial imbalances and, over time, could cause an increase in long-term inflation expectations.",2013-02-28,Economic Conditions and Conditionality,https://fraser.stlouisfed.org/title/statements-speeches-charles-l-evans-8969/economic-conditions-conditionality-666877,COMMUNICATION_EVENT_DATE_STRICTLY_BEFORE_SEP_WHEN_TIME_UNKNOWN,SEP_RELEASE_DATE_AFTER_OFFICIAL_POLICY_STATEMENT; EXACT_RELEASE_TIME_NOT_STORED,NO
2013-03-20,Christine Cumming,UNKNOWN,,UNKNOWN,NO_DIRECTIONAL_PERSONAL_EVIDENCE_CLASSIFIED,,,,,,,,COMMUNICATION_EVENT_DATE_STRICTLY_BEFORE_SEP_WHEN_TIME_UNKNOWN,SEP_RELEASE_DATE_AFTER_OFFICIAL_POLICY_STATEMENT; EXACT_RELEASE_TIME_NOT_STORED,NO
2013-03-20,Daniel K. Tarullo,COMMITTEE_HOLD,0,UNCHANGED,VOTE_ACTION_PROXY,2013-03-20,0,https://www.federalreserve.gov/newsevents/pressreleases/monetary20130320a.htm,"Voting for the FOMC monetary policy action were: Ben S. Bernanke, Chairman; William C. Dudley, Vice Chairman; James Bullard; Elizabeth A. Duke; Charles L. Evans; Jerome H. Powell; Sarah Bloom Raskin; Eric S. Rosengren; Jeremy C. Stein; Daniel K. Tarullo; and Janet L. Yellen. Voting against the action was Esther L. George, who was concerned that the continued high level of monetary accommodation increased the risks of future economic and financial imbalances and, over time, could cause an increase in long-term inflation expectations.",2013-02-22,International Cooperation in Financial Regulation,https://www.federalreserve.gov/newsevents/speech/tarullo20130222a.htm,COMMUNICATION_EVENT_DATE_STRICTLY_BEFORE_SEP_WHEN_TIME_UNKNOWN,SEP_RELEASE_DATE_AFTER_OFFICIAL_POLICY_STATEMENT; EXACT_RELEASE_TIME_NOT_STORED,NO
2013-03-20,Dennis P. Lockhart,UNKNOWN,,UNKNOWN,NO_DIRECTIONAL_PERSONAL_EVIDENCE_CLASSIFIED,,,,,2013-02-25,Monetary Policy and the Employment Challenge,https://fraser.stlouisfed.org/title/statements-speeches-dennis-lockhart-5579/monetary-policy-employment-challenge-558050,COMMUNICATION_EVENT_DATE_STRICTLY_BEFORE_SEP_WHEN_TIME_UNKNOWN,SEP_RELEASE_DATE_AFTER_OFFICIAL_POLICY_STATEMENT; EXACT_RELEASE_TIME_NOT_STORED,NO
2013-03-20,Elizabeth A. Duke,COMMITTEE_HOLD,0,UNCHANGED,VOTE_ACTION_PROXY,2013-03-20,0,https://www.federalreserve.gov/newsevents/pressreleases/monetary20130320a.htm,"Voting for the FOMC monetary policy action were: Ben S. Bernanke, Chairman; William C. Dudley, Vice Chairman; James Bullard; Elizabeth A. Duke; Charles L. Evans; Jerome H. Powell; Sarah Bloom Raskin; Eric S. Rosengren; Jeremy C. Stein; Daniel K. Tarullo; and Janet L. Yellen. Voting against the action was Esther L. George, who was concerned that the continued high level of monetary accommodation increased the risks of future economic and financial imbalances and, over time, could cause an increase in long-term inflation expectations.",2013-03-08,Comments on Housing and Mortgage Markets,https://www.federalreserve.gov/newsevents/speech/duke20130308a.htm,COMMUNICATION_EVENT_DATE_STRICTLY_BEFORE_SEP_WHEN_TIME_UNKNOWN,SEP_RELEASE_DATE_AFTER_OFFICIAL_POLICY_STATEMENT; EXACT_RELEASE_TIME_NOT_STORED,NO
2013-03-20,Eric S. Rosengren,COMMITTEE_HOLD,0,UNKNOWN,VOTE_ACTION_PROXY,2013-03-20,0,https://www.federalreserve.gov/newsevents/pressreleases/monetary20130320a.htm,"Voting for the FOMC monetary policy action were: Ben S. Bernanke, Chairman; William C. Dudley, Vice Chairman; James Bullard; Elizabeth A. Duke; Charles L. Evans; Jerome H. Powell; Sarah Bloom Raskin; Eric S. Rosengren; Jeremy C. Stein; Daniel K. Tarullo; and Janet L. Yellen. Voting against the action was Esther L. George, who was concerned that the continued high level of monetary accommodation increased the risks of future economic and financial imbalances and, over time, could cause an increase in long-term inflation expectations.",2012-06-29,Our Financial Structures - Are They Prepared for Financial Instability?,https://fraser.stlouisfed.org/title/statements-speeches-eric-rosengren-9015/financial-structures-prepared-financial-instability-667483,COMMUNICATION_EVENT_DATE_STRICTLY_BEFORE_SEP_WHEN_TIME_UNKNOWN,SEP_RELEASE_DATE_AFTER_OFFICIAL_POLICY_STATEMENT; EXACT_RELEASE_TIME_NOT_STORED,NO
2013-03-20,Esther L. George,TIGHTER,2,UNKNOWN,NAMED_DISSENT,2013-03-20,0,https://www.federalreserve.gov/newsevents/pressreleases/monetary20130320a.htm,"Voting for the FOMC monetary policy action were: Ben S. Bernanke, Chairman; William C. Dudley, Vice Chairman; James Bullard; Elizabeth A. Duke; Charles L. Evans; Jerome H. Powell; Sarah Bloom Raskin; Eric S. Rosengren; Jeremy C. Stein; Daniel K. Tarullo; and Janet L. Yellen. Voting against the action was Esther L. George, who was concerned that the continued high level of monetary accommodation increased the risks of future economic and financial imbalances and, over time, could cause an increase in long-term inflation expectations.",2013-01-10,The U.S. Economy and Monetary Policy,https://fraser.stlouisfed.org/title/statements-speeches-esther-l-george-9278/us-economy-monetary-policy-679552,COMMUNICATION_EVENT_DATE_STRICTLY_BEFORE_SEP_WHEN_TIME_UNKNOWN,SEP_RELEASE_DATE_AFTER_OFFICIAL_POLICY_STATEMENT; EXACT_RELEASE_TIME_NOT_STORED,NO
2013-03-20,James Bullard,COMMITTEE_HOLD,0,UNKNOWN,VOTE_ACTION_PROXY,2013-03-20,0,https://www.federalreserve.gov/newsevents/pressreleases/monetary20130320a.htm,"Voting for the FOMC monetary policy action were: Ben S. Bernanke, Chairman; William C. Dudley, Vice Chairman; James Bullard; Elizabeth A. Duke; Charles L. Evans; Jerome H. Powell; Sarah Bloom Raskin; Eric S. Rosengren; Jeremy C. Stein; Daniel K. Tarullo; and Janet L. Yellen. Voting against the action was Esther L. George, who was concerned that the continued high level of monetary accommodation increased the risks of future economic and financial imbalances and, over time, could cause an increase in long-term inflation expectations.",2012-12-03,"Making Sense of Thresholds, Triggers, Twists, and Timelines",https://fraser.stlouisfed.org/title/statements-speeches-james-bullard-7161/making-sense-thresholds-triggers-twists-timelines-655000,COMMUNICATION_EVENT_DATE_STRICTLY_BEFORE_SEP_WHEN_TIME_UNKNOWN,SEP_RELEASE_DATE_AFTER_OFFICIAL_POLICY_STATEMENT; EXACT_RELEASE_TIME_NOT_STORED,NO
2013-03-20,Janet L. Yellen,COMMITTEE_HOLD,0,UNCHANGED,VOTE_ACTION_PROXY,2013-03-20,0,https://www.federalreserve.gov/newsevents/pressreleases/monetary20130320a.htm,"Voting for the FOMC monetary policy action were: Ben S. Bernanke, Chairman; William C. Dudley, Vice Chairman; James Bullard; Elizabeth A. Duke; Charles L. Evans; Jerome H. Powell; Sarah Bloom Raskin; Eric S. Rosengren; Jeremy C. Stein; Daniel K. Tarullo; and Janet L. Yellen. Voting against the action was Esther L. George, who was concerned that the continued high level of monetary accommodation increased the risks of future economic and financial imbalances and, over time, could cause an increase in long-term inflation expectations.",2013-03-04,Challenges Confronting Monetary Policy,https://www.federalreserve.gov/newsevents/speech/yellen20130302a.htm,COMMUNICATION_EVENT_DATE_STRICTLY_BEFORE_SEP_WHEN_TIME_UNKNOWN,SEP_RELEASE_DATE_AFTER_OFFICIAL_POLICY_STATEMENT; EXACT_RELEASE_TIME_NOT_STORED,NO
2013-03-20,Jeffrey M. Lacker,UNKNOWN,,UNKNOWN,NO_DIRECTIONAL_PERSONAL_EVIDENCE_CLASSIFIED,,,,,2013-02-12,Economics and the Federal Reserve After the Crisis,https://fraser.stlouisfed.org/title/statements-speeches-jeffrey-m-lacker-6827/economics-federal-reserve-crisis-678718,COMMUNICATION_EVENT_DATE_STRICTLY_BEFORE_SEP_WHEN_TIME_UNKNOWN,SEP_RELEASE_DATE_AFTER_OFFICIAL_POLICY_STATEMENT; EXACT_RELEASE_TIME_NOT_STORED,NO
2013-03-20,Jeremy C. Stein,COMMITTEE_HOLD,0,UNCHANGED,VOTE_ACTION_PROXY,2013-03-20,0,https://www.federalreserve.gov/newsevents/pressreleases/monetary20130320a.htm,"Voting for the FOMC monetary policy action were: Ben S. Bernanke, Chairman; William C. Dudley, Vice Chairman; James Bullard; Elizabeth A. Duke; Charles L. Evans; Jerome H. Powell; Sarah Bloom Raskin; Eric S. Rosengren; Jeremy C. Stein; Daniel K. Tarullo; and Janet L. Yellen. Voting against the action was Esther L. George, who was concerned that the continued high level of monetary accommodation increased the risks of future economic and financial imbalances and, over time, could cause an increase in long-term inflation expectations.",2013-02-07,"Overheating in Credit Markets: Origins, Measurement, and Policy Responses",https://www.federalreserve.gov/newsevents/speech/stein20130207a.htm,COMMUNICATION_EVENT_DATE_STRICTLY_BEFORE_SEP_WHEN_TIME_UNKNOWN,SEP_RELEASE_DATE_AFTER_OFFICIAL_POLICY_STATEMENT; EXACT_RELEASE_TIME_NOT_STORED,NO
2013-03-20,Jerome H. Powell,COMMITTEE_HOLD,0,UNCHANGED,VOTE_ACTION_PROXY,2013-03-20,0,https://www.federalreserve.gov/newsevents/pressreleases/monetary20130320a.htm,"Voting for the FOMC monetary policy action were: Ben S. Bernanke, Chairman; William C. Dudley, Vice Chairman; James Bullard; Elizabeth A. Duke; Charles L. Evans; Jerome H. Powell; Sarah Bloom Raskin; Eric S. Rosengren; Jeremy C. Stein; Daniel K. Tarullo; and Janet L. Yellen. Voting against the action was Esther L. George, who was concerned that the continued high level of monetary accommodation increased the risks of future economic and financial imbalances and, over time, could cause an increase in long-term inflation expectations.",2013-03-04,"Ending ""Too Big to Fail""",https://www.federalreserve.gov/newsevents/speech/powell20130304a.htm,COMMUNICATION_EVENT_DATE_STRICTLY_BEFORE_SEP_WHEN_TIME_UNKNOWN,SEP_RELEASE_DATE_AFTER_OFFICIAL_POLICY_STATEMENT; EXACT_RELEASE_TIME_NOT_STORED,NO
2013-03-20,John C. Williams,UNKNOWN,,UNKNOWN,NO_DIRECTIONAL_PERSONAL_EVIDENCE_CLASSIFIED,,,,,2013-02-21,The Economy and Monetary Policy: Follow the Demand,https://fraser.stlouisfed.org/title/statements-speeches-john-c-williams-9040/economy-monetary-policy-follow-demand-671851,COMMUNICATION_EVENT_DATE_STRICTLY_BEFORE_SEP_WHEN_TIME_UNKNOWN,SEP_RELEASE_DATE_AFTER_OFFICIAL_POLICY_STATEMENT; EXACT_RELEASE_TIME_NOT_STORED,NO
2013-03-20,Narayana Kocherlakota,UNKNOWN,,UNKNOWN,NO_DIRECTIONAL_PERSONAL_EVIDENCE_CLASSIFIED,,,,,2013-01-16,"Past, Present and Future: The Macroeconomy and Federal Reserve Actions",https://fraser.stlouisfed.org/title/statements-speeches-narayana-kocherlakota-9360/past-present-future-macroeconomy-federal-reserve-actions-685574,COMMUNICATION_EVENT_DATE_STRICTLY_BEFORE_SEP_WHEN_TIME_UNKNOWN,SEP_RELEASE_DATE_AFTER_OFFICIAL_POLICY_STATEMENT; EXACT_RELEASE_TIME_NOT_STORED,NO
2013-03-20,Richard W. Fisher,UNKNOWN,,UNKNOWN,NO_DIRECTIONAL_PERSONAL_EVIDENCE_CLASSIFIED,,,,,2013-03-16,Ending 'Too Big to Fail',https://www.dallasfed.org/news/speeches/fisher/2013/fs130316.aspx,COMMUNICATION_EVENT_DATE_STRICTLY_BEFORE_SEP_WHEN_TIME_UNKNOWN,SEP_RELEASE_DATE_AFTER_OFFICIAL_POLICY_STATEMENT; EXACT_RELEASE_TIME_NOT_STORED,NO
2013-03-20,Sandra Pianalto,UNKNOWN,,UNKNOWN,NO_DIRECTIONAL_PERSONAL_EVIDENCE_CLASSIFIED,,,,,2013-02-15,Providing Balance While Managing Uncertainty,https://fraser.stlouisfed.org/title/statements-speeches-sandra-pianalto-3770/providing-balance-managing-uncertainty-475344,COMMUNICATION_EVENT_DATE_STRICTLY_BEFORE_SEP_WHEN_TIME_UNKNOWN,SEP_RELEASE_DATE_AFTER_OFFICIAL_POLICY_STATEMENT; EXACT_RELEASE_TIME_NOT_STORED,NO
2013-03-20,Sarah Bloom Raskin,COMMITTEE_HOLD,0,UNCHANGED,VOTE_ACTION_PROXY,2013-03-20,0,https://www.federalreserve.gov/newsevents/pressreleases/monetary20130320a.htm,"Voting for the FOMC monetary policy action were: Ben S. Bernanke, Chairman; William C. Dudley, Vice Chairman; James Bullard; Elizabeth A. Duke; Charles L. Evans; Jerome H. Powell; Sarah Bloom Raskin; Eric S. Rosengren; Jeremy C. Stein; Daniel K. Tarullo; and Janet L. Yellen. Voting against the action was Esther L. George, who was concerned that the continued high level of monetary accommodation increased the risks of future economic and financial imbalances and, over time, could cause an increase in long-term inflation expectations.",2013-02-28,Reflections on Reputation and its Consequences,https://www.federalreserve.gov/newsevents/speech/raskin20130228a.htm,COMMUNICATION_EVENT_DATE_STRICTLY_BEFORE_SEP_WHEN_TIME_UNKNOWN,SEP_RELEASE_DATE_AFTER_OFFICIAL_POLICY_STATEMENT; EXACT_RELEASE_TIME_NOT_STORED,NO
2013-03-20,William C. Dudley,COMMITTEE_HOLD,0,UNCHANGED,VOTE_ACTION_PROXY,2013-03-20,0,https://www.federalreserve.gov/newsevents/pressreleases/monetary20130320a.htm,"Voting for the FOMC monetary policy action were: Ben S. Bernanke, Chairman; William C. Dudley, Vice Chairman; James Bullard; Elizabeth A. Duke; Charles L. Evans; Jerome H. Powell; Sarah Bloom Raskin; Eric S. Rosengren; Jeremy C. Stein; Daniel K. Tarullo; and Janet L. Yellen. Voting against the action was Esther L. George, who was concerned that the continued high level of monetary accommodation increased the risks of future economic and financial imbalances and, over time, could cause an increase in long-term inflation expectations.",2013-02-01,Fixing Wholesale Funding to Build a More Stable Financial System,https://fraser.stlouisfed.org/title/statements-speeches-william-c-dudley-6749/fixing-wholesale-funding-build-a-stable-financial-system-618967,COMMUNICATION_EVENT_DATE_STRICTLY_BEFORE_SEP_WHEN_TIME_UNKNOWN,SEP_RELEASE_DATE_AFTER_OFFICIAL_POLICY_STATEMENT; EXACT_RELEASE_TIME_NOT_STORED,NO
2013-06-19,Ben S. Bernanke,COMMITTEE_HOLD,0,UNCHANGED,VOTE_ACTION_PROXY,2013-06-19,0,https://www.federalreserve.gov/newsevents/pressreleases/monetary20130619a.htm,"Voting for the FOMC monetary policy action were: Ben S. Bernanke, Chairman; William C. Dudley, Vice Chairman; Elizabeth A. Duke; Charles L. Evans; Jerome H. Powell; Sarah Bloom Raskin; Eric S. Rosengren; Jeremy C. Stein; Daniel K. Tarullo; and Janet L. Yellen. Voting against the action was James Bullard, who believed that the Committee should signal more strongly its willingness to defend its inflation goal in light of recent low inflation readings, and Esther L. George, who was concerned that the continued high level of monetary accommodation increased the risks of future economic and financial imbalances and, over time, could cause an increase in long-term inflation expectations.",2013-06-02,The Ten Suggestions,https://www.federalreserve.gov/newsevents/speech/bernanke20130602a.htm,COMMUNICATION_EVENT_DATE_STRICTLY_BEFORE_SEP_WHEN_TIME_UNKNOWN,SEP_RELEASE_DATE_AFTER_OFFICIAL_POLICY_STATEMENT; EXACT_RELEASE_TIME_NOT_STORED,NO
2013-06-19,Charles I. Plosser,UNKNOWN,,UNKNOWN,NO_DIRECTIONAL_PERSONAL_EVIDENCE_CLASSIFIED,,,,,2013-06-06,Reducing Financial Fragility by Ending Too Big to Fail,https://fraser.stlouisfed.org/title/statements-speeches-charles-i-plosser-6101/reducing-financial-fragility-ending-big-fail-586730,COMMUNICATION_EVENT_DATE_STRICTLY_BEFORE_SEP_WHEN_TIME_UNKNOWN,SEP_RELEASE_DATE_AFTER_OFFICIAL_POLICY_STATEMENT; EXACT_RELEASE_TIME_NOT_STORED,NO
2013-06-19,Charles L. Evans,COMMITTEE_HOLD,0,UNCHANGED,VOTE_ACTION_PROXY,2013-06-19,0,https://www.federalreserve.gov/newsevents/pressreleases/monetary20130619a.htm,"Voting for the FOMC monetary policy action were: Ben S. Bernanke, Chairman; William C. Dudley, Vice Chairman; Elizabeth A. Duke; Charles L. Evans; Jerome H. Powell; Sarah Bloom Raskin; Eric S. Rosengren; Jeremy C. Stein; Daniel K. Tarullo; and Janet L. Yellen. Voting against the action was James Bullard, who believed that the Committee should signal more strongly its willingness to defend its inflation goal in light of recent low inflation readings, and Esther L. George, who was concerned that the continued high level of monetary accommodation increased the risks of future economic and financial imbalances and, over time, could cause an increase in long-term inflation expectations.",2013-05-20,Perspectives on the Current Economy,https://www.chicagofed.org/publications/speeches/2013/05-20-13-cfa-society,COMMUNICATION_EVENT_DATE_STRICTLY_BEFORE_SEP_WHEN_TIME_UNKNOWN,SEP_RELEASE_DATE_AFTER_OFFICIAL_POLICY_STATEMENT; EXACT_RELEASE_TIME_NOT_STORED,NO
2013-06-19,Christine Cumming,UNKNOWN,,UNKNOWN,NO_DIRECTIONAL_PERSONAL_EVIDENCE_CLASSIFIED,,,,,2013-06-12,"Cumming: Enhancing Payment System Speed, Efficiency and Security",https://www.newyorkfed.org/newsevents/speeches/2013/cumming130705,COMMUNICATION_EVENT_DATE_STRICTLY_BEFORE_SEP_WHEN_TIME_UNKNOWN,SEP_RELEASE_DATE_AFTER_OFFICIAL_POLICY_STATEMENT; EXACT_RELEASE_TIME_NOT_STORED,NO
2013-06-19,Daniel K. Tarullo,COMMITTEE_HOLD,0,UNCHANGED,VOTE_ACTION_PROXY,2013-06-19,0,https://www.federalreserve.gov/newsevents/pressreleases/monetary20130619a.htm,"Voting for the FOMC monetary policy action were: Ben S. Bernanke, Chairman; William C. Dudley, Vice Chairman; Elizabeth A. Duke; Charles L. Evans; Jerome H. Powell; Sarah Bloom Raskin; Eric S. Rosengren; Jeremy C. Stein; Daniel K. Tarullo; and Janet L. Yellen. Voting against the action was James Bullard, who believed that the Committee should signal more strongly its willingness to defend its inflation goal in light of recent low inflation readings, and Esther L. George, who was concerned that the continued high level of monetary accommodation increased the risks of future economic and financial imbalances and, over time, could cause an increase in long-term inflation expectations.",2013-05-03,Evaluating Progress in Regulatory Reforms to Promote Financial Stability,https://www.federalreserve.gov/newsevents/speech/tarullo20130503a.htm,COMMUNICATION_EVENT_DATE_STRICTLY_BEFORE_SEP_WHEN_TIME_UNKNOWN,SEP_RELEASE_DATE_AFTER_OFFICIAL_POLICY_STATEMENT; EXACT_RELEASE_TIME_NOT_STORED,NO
2013-06-19,Dennis P. Lockhart,UNKNOWN,,UNKNOWN,NO_DIRECTIONAL_PERSONAL_EVIDENCE_CLASSIFIED,,,,,2013-04-25,Lockhart Kicks Off Conference With Description of a Resilient Workforce,https://fraser.stlouisfed.org/title/statements-speeches-dennis-lockhart-5579/lockhart-kicks-conference-description-a-resilient-workforce-558052,COMMUNICATION_EVENT_DATE_STRICTLY_BEFORE_SEP_WHEN_TIME_UNKNOWN,SEP_RELEASE_DATE_AFTER_OFFICIAL_POLICY_STATEMENT; EXACT_RELEASE_TIME_NOT_STORED,NO
2013-06-19,Elizabeth A. Duke,COMMITTEE_HOLD,0,UNCHANGED,VOTE_ACTION_PROXY,2013-06-19,0,https://www.federalreserve.gov/newsevents/pressreleases/monetary20130619a.htm,"Voting for the FOMC monetary policy action were: Ben S. Bernanke, Chairman; William C. Dudley, Vice Chairman; Elizabeth A. Duke; Charles L. Evans; Jerome H. Powell; Sarah Bloom Raskin; Eric S. Rosengren; Jeremy C. Stein; Daniel K. Tarullo; and Janet L. Yellen. Voting against the action was James Bullard, who believed that the Committee should signal more strongly its willingness to defend its inflation goal in light of recent low inflation readings, and Esther L. George, who was concerned that the continued high level of monetary accommodation increased the risks of future economic and financial imbalances and, over time, could cause an increase in long-term inflation expectations.",2013-05-09,A View from the Federal Reserve Board: The Mortgage Market and Housing Conditions,https://www.federalreserve.gov/newsevents/speech/duke20130509a.htm,COMMUNICATION_EVENT_DATE_STRICTLY_BEFORE_SEP_WHEN_TIME_UNKNOWN,SEP_RELEASE_DATE_AFTER_OFFICIAL_POLICY_STATEMENT; EXACT_RELEASE_TIME_NOT_STORED,NO
2013-06-19,Eric S. Rosengren,COMMITTEE_HOLD,0,UNCHANGED,VOTE_ACTION_PROXY,2013-06-19,0,https://www.federalreserve.gov/newsevents/pressreleases/monetary20130619a.htm,"Voting for the FOMC monetary policy action were: Ben S. Bernanke, Chairman; William C. Dudley, Vice Chairman; Elizabeth A. Duke; Charles L. Evans; Jerome H. Powell; Sarah Bloom Raskin; Eric S. Rosengren; Jeremy C. Stein; Daniel K. Tarullo; and Janet L. Yellen. Voting against the action was James Bullard, who believed that the Committee should signal more strongly its willingness to defend its inflation goal in light of recent low inflation readings, and Esther L. George, who was concerned that the continued high level of monetary accommodation increased the risks of future economic and financial imbalances and, over time, could cause an increase in long-term inflation expectations.",2012-06-29,Our Financial Structures - Are They Prepared for Financial Instability?,https://fraser.stlouisfed.org/title/statements-speeches-eric-rosengren-9015/financial-structures-prepared-financial-instability-667483,COMMUNICATION_EVENT_DATE_STRICTLY_BEFORE_SEP_WHEN_TIME_UNKNOWN,SEP_RELEASE_DATE_AFTER_OFFICIAL_POLICY_STATEMENT; EXACT_RELEASE_TIME_NOT_STORED,NO
2013-06-19,Esther L. George,TIGHTER,2,UNCHANGED,NAMED_DISSENT,2013-06-19,0,https://www.federalreserve.gov/newsevents/pressreleases/monetary20130619a.htm,"Voting for the FOMC monetary policy action were: Ben S. Bernanke, Chairman; William C. Dudley, Vice Chairman; Elizabeth A. Duke; Charles L. Evans; Jerome H. Powell; Sarah Bloom Raskin; Eric S. Rosengren; Jeremy C. Stein; Daniel K. Tarullo; and Janet L. Yellen. Voting against the action was James Bullard, who believed that the Committee should signal more strongly its willingness to defend its inflation goal in light of recent low inflation readings, and Esther L. George, who was concerned that the continued high level of monetary accommodation increased the risks of future economic and financial imbalances and, over time, could cause an increase in long-term inflation expectations.",2013-06-04,The Economic Recovery and Monetary Policy: Taking the First Step Towards the Long Run,https://fraser.stlouisfed.org/title/statements-speeches-esther-l-george-9278/economic-recovery-monetary-policy-taking-first-step-towards-long-run-679554,COMMUNICATION_EVENT_DATE_STRICTLY_BEFORE_SEP_WHEN_TIME_UNKNOWN,SEP_RELEASE_DATE_AFTER_OFFICIAL_POLICY_STATEMENT; EXACT_RELEASE_TIME_NOT_STORED,NO
2013-06-19,James Bullard,EASIER,-2,MORE_DOVISH,NAMED_DISSENT,2013-06-19,0,https://www.federalreserve.gov/newsevents/pressreleases/monetary20130619a.htm,"Voting for the FOMC monetary policy action were: Ben S. Bernanke, Chairman; William C. Dudley, Vice Chairman; Elizabeth A. Duke; Charles L. Evans; Jerome H. Powell; Sarah Bloom Raskin; Eric S. Rosengren; Jeremy C. Stein; Daniel K. Tarullo; and Janet L. Yellen. Voting against the action was James Bullard, who believed that the Committee should signal more strongly its willingness to defend its inflation goal in light of recent low inflation readings, and Esther L. George, who was concerned that the continued high level of monetary accommodation increased the risks of future economic and financial imbalances and, over time, could cause an increase in long-term inflation expectations.",2012-12-03,"Making Sense of Thresholds, Triggers, Twists, and Timelines",https://fraser.stlouisfed.org/title/statements-speeches-james-bullard-7161/making-sense-thresholds-triggers-twists-timelines-655000,COMMUNICATION_EVENT_DATE_STRICTLY_BEFORE_SEP_WHEN_TIME_UNKNOWN,SEP_RELEASE_DATE_AFTER_OFFICIAL_POLICY_STATEMENT; EXACT_RELEASE_TIME_NOT_STORED,NO
2013-06-19,Janet L. Yellen,COMMITTEE_HOLD,0,UNCHANGED,VOTE_ACTION_PROXY,2013-06-19,0,https://www.federalreserve.gov/newsevents/pressreleases/monetary20130619a.htm,"Voting for the FOMC monetary policy action were: Ben S. Bernanke, Chairman; William C. Dudley, Vice Chairman; Elizabeth A. Duke; Charles L. Evans; Jerome H. Powell; Sarah Bloom Raskin; Eric S. Rosengren; Jeremy C. Stein; Daniel K. Tarullo; and Janet L. Yellen. Voting against the action was James Bullard, who believed that the Committee should signal more strongly its willingness to defend its inflation goal in light of recent low inflation readings, and Esther L. George, who was concerned that the continued high level of monetary accommodation increased the risks of future economic and financial imbalances and, over time, could cause an increase in long-term inflation expectations.",2013-06-02,Regulatory Landscapes: A U.S. Perspective,https://www.federalreserve.gov/newsevents/speech/yellen20130602a.htm,COMMUNICATION_EVENT_DATE_STRICTLY_BEFORE_SEP_WHEN_TIME_UNKNOWN,SEP_RELEASE_DATE_AFTER_OFFICIAL_POLICY_STATEMENT; EXACT_RELEASE_TIME_NOT_STORED,NO
2013-06-19,Jeffrey M. Lacker,UNKNOWN,,UNKNOWN,NO_DIRECTIONAL_PERSONAL_EVIDENCE_CLASSIFIED,,,,,2013-05-16,"Economic Outlook, May 2013",https://www.richmondfed.org/press_room/speeches/jeffrey_m_lacker/2013/lacker_speech_20131503,COMMUNICATION_EVENT_DATE_STRICTLY_BEFORE_SEP_WHEN_TIME_UNKNOWN,SEP_RELEASE_DATE_AFTER_OFFICIAL_POLICY_STATEMENT; EXACT_RELEASE_TIME_NOT_STORED,NO
2013-06-19,Jeremy C. Stein,COMMITTEE_HOLD,0,UNCHANGED,VOTE_ACTION_PROXY,2013-06-19,0,https://www.federalreserve.gov/newsevents/pressreleases/monetary20130619a.htm,"Voting for the FOMC monetary policy action were: Ben S. Bernanke, Chairman; William C. Dudley, Vice Chairman; Elizabeth A. Duke; Charles L. Evans; Jerome H. Powell; Sarah Bloom Raskin; Eric S. Rosengren; Jeremy C. Stein; Daniel K. Tarullo; and Janet L. Yellen. Voting against the action was James Bullard, who believed that the Committee should signal more strongly its willingness to defend its inflation goal in light of recent low inflation readings, and Esther L. George, who was concerned that the continued high level of monetary accommodation increased the risks of future economic and financial imbalances and, over time, could cause an increase in long-term inflation expectations.",2013-04-19,Liquidity Regulation and Central Banking,https://www.federalreserve.gov/newsevents/speech/stein20130419a.htm,COMMUNICATION_EVENT_DATE_STRICTLY_BEFORE_SEP_WHEN_TIME_UNKNOWN,SEP_RELEASE_DATE_AFTER_OFFICIAL_POLICY_STATEMENT; EXACT_RELEASE_TIME_NOT_STORED,NO
2013-06-19,Jerome H. Powell,COMMITTEE_HOLD,0,UNCHANGED,VOTE_ACTION_PROXY,2013-06-19,0,https://www.federalreserve.gov/newsevents/pressreleases/monetary20130619a.htm,"Voting for the FOMC monetary policy action were: Ben S. Bernanke, Chairman; William C. Dudley, Vice Chairman; Elizabeth A. Duke; Charles L. Evans; Jerome H. Powell; Sarah Bloom Raskin; Eric S. Rosengren; Jeremy C. Stein; Daniel K. Tarullo; and Janet L. Yellen. Voting against the action was James Bullard, who believed that the Committee should signal more strongly its willingness to defend its inflation goal in light of recent low inflation readings, and Esther L. George, who was concerned that the continued high level of monetary accommodation increased the risks of future economic and financial imbalances and, over time, could cause an increase in long-term inflation expectations.",2013-03-04,"Ending ""Too Big to Fail""",https://www.federalreserve.gov/newsevents/speech/powell20130304a.htm,COMMUNICATION_EVENT_DATE_STRICTLY_BEFORE_SEP_WHEN_TIME_UNKNOWN,SEP_RELEASE_DATE_AFTER_OFFICIAL_POLICY_STATEMENT; EXACT_RELEASE_TIME_NOT_STORED,NO
2013-06-19,John C. Williams,UNKNOWN,,UNKNOWN,NO_DIRECTIONAL_PERSONAL_EVIDENCE_CLASSIFIED,,,,,2013-05-20,Life's Unpredictable Arc,https://fraser.stlouisfed.org/title/statements-speeches-john-c-williams-9040/lifes-unpredictable-arc-671854,COMMUNICATION_EVENT_DATE_STRICTLY_BEFORE_SEP_WHEN_TIME_UNKNOWN,SEP_RELEASE_DATE_AFTER_OFFICIAL_POLICY_STATEMENT; EXACT_RELEASE_TIME_NOT_STORED,NO
2013-06-19,Narayana Kocherlakota,UNKNOWN,,UNKNOWN,NO_DIRECTIONAL_PERSONAL_EVIDENCE_CLASSIFIED,,,,,2013-06-01,Connecting Asset and Labor Markets in a Heterogeneous Agent Model,https://fraser.stlouisfed.org/title/statements-speeches-narayana-kocherlakota-9360/connecting-asset-labor-markets-a-heterogeneous-agent-model-685582,COMMUNICATION_EVENT_DATE_STRICTLY_BEFORE_SEP_WHEN_TIME_UNKNOWN,SEP_RELEASE_DATE_AFTER_OFFICIAL_POLICY_STATEMENT; EXACT_RELEASE_TIME_NOT_STORED,NO
2013-06-19,Richard W. Fisher,UNKNOWN,,UNKNOWN,NO_DIRECTIONAL_PERSONAL_EVIDENCE_CLASSIFIED,,,,,2013-06-04,"The Status of the U.S. Economy and a Perspective on 'The Modern Monetarism' (With Reference to Sheila Copps, Thomas Jefferson, Paul Volcker and William Shakespeare)",https://www.dallasfed.org/news/speeches/fisher/2013/fs130604.aspx,COMMUNICATION_EVENT_DATE_STRICTLY_BEFORE_SEP_WHEN_TIME_UNKNOWN,SEP_RELEASE_DATE_AFTER_OFFICIAL_POLICY_STATEMENT; EXACT_RELEASE_TIME_NOT_STORED,NO
2013-06-19,Sarah Bloom Raskin,COMMITTEE_HOLD,0,UNCHANGED,VOTE_ACTION_PROXY,2013-06-19,0,https://www.federalreserve.gov/newsevents/pressreleases/monetary20130619a.htm,"Voting for the FOMC monetary policy action were: Ben S. Bernanke, Chairman; William C. Dudley, Vice Chairman; Elizabeth A. Duke; Charles L. Evans; Jerome H. Powell; Sarah Bloom Raskin; Eric S. Rosengren; Jeremy C. Stein; Daniel K. Tarullo; and Janet L. Yellen. Voting against the action was James Bullard, who believed that the Committee should signal more strongly its willingness to defend its inflation goal in light of recent low inflation readings, and Esther L. George, who was concerned that the continued high level of monetary accommodation increased the risks of future economic and financial imbalances and, over time, could cause an increase in long-term inflation expectations.",2013-06-06,Let's Move Forward: The Case for Timely Implementation of Revised Capital Rules,https://www.federalreserve.gov/newsevents/speech/raskin20130606a.htm,COMMUNICATION_EVENT_DATE_STRICTLY_BEFORE_SEP_WHEN_TIME_UNKNOWN,SEP_RELEASE_DATE_AFTER_OFFICIAL_POLICY_STATEMENT; EXACT_RELEASE_TIME_NOT_STORED,NO
2013-06-19,William C. Dudley,COMMITTEE_HOLD,0,UNCHANGED,VOTE_ACTION_PROXY,2013-06-19,0,https://www.federalreserve.gov/newsevents/pressreleases/monetary20130619a.htm,"Voting for the FOMC monetary policy action were: Ben S. Bernanke, Chairman; William C. Dudley, Vice Chairman; Elizabeth A. Duke; Charles L. Evans; Jerome H. Powell; Sarah Bloom Raskin; Eric S. Rosengren; Jeremy C. Stein; Daniel K. Tarullo; and Janet L. Yellen. Voting against the action was James Bullard, who believed that the Committee should signal more strongly its willingness to defend its inflation goal in light of recent low inflation readings, and Esther L. George, who was concerned that the continued high level of monetary accommodation increased the risks of future economic and financial imbalances and, over time, could cause an increase in long-term inflation expectations.",2013-05-21,Lessons at the Zero Bound: The Japanese and U.S. Experience,https://fraser.stlouisfed.org/title/statements-speeches-william-c-dudley-6749/lessons-zero-bound-japanese-us-experience-618971,COMMUNICATION_EVENT_DATE_STRICTLY_BEFORE_SEP_WHEN_TIME_UNKNOWN,SEP_RELEASE_DATE_AFTER_OFFICIAL_POLICY_STATEMENT; EXACT_RELEASE_TIME_NOT_STORED,NO
2013-09-18,Ben S. Bernanke,COMMITTEE_HOLD,0,UNCHANGED,VOTE_ACTION_PROXY,2013-09-18,0,https://www.federalreserve.gov/newsevents/pressreleases/monetary20130918a.htm,"Voting for the FOMC monetary policy action were: Ben S. Bernanke, Chairman; William C. Dudley, Vice Chairman; James Bullard; Charles L. Evans; Jerome H. Powell; Eric S. Rosengren; Jeremy C. Stein; Daniel K. Tarullo; and Janet L. Yellen. Voting against the action was Esther L. George, who was concerned that the continued high level of monetary accommodation increased the risks of future economic and financial imbalances and, over time, could cause an increase in long-term inflation expectations.",2013-07-10,"A Century of U.S. Central Banking: Goals, Frameworks, Accountability",https://www.federalreserve.gov/newsevents/speech/bernanke20130710a.htm,COMMUNICATION_EVENT_DATE_STRICTLY_BEFORE_SEP_WHEN_TIME_UNKNOWN,SEP_RELEASE_DATE_AFTER_OFFICIAL_POLICY_STATEMENT; EXACT_RELEASE_TIME_NOT_STORED,NO
2013-09-18,Charles I. Plosser,UNKNOWN,,UNKNOWN,NO_DIRECTIONAL_PERSONAL_EVIDENCE_CLASSIFIED,,,,,2013-07-12,Assessing Monetary Policy,https://fraser.stlouisfed.org/title/statements-speeches-charles-i-plosser-6101/assessing-monetary-policy-586731,COMMUNICATION_EVENT_DATE_STRICTLY_BEFORE_SEP_WHEN_TIME_UNKNOWN,SEP_RELEASE_DATE_AFTER_OFFICIAL_POLICY_STATEMENT; EXACT_RELEASE_TIME_NOT_STORED,NO
2013-09-18,Charles L. Evans,COMMITTEE_HOLD,0,UNCHANGED,VOTE_ACTION_PROXY,2013-09-18,0,https://www.federalreserve.gov/newsevents/pressreleases/monetary20130918a.htm,"Voting for the FOMC monetary policy action were: Ben S. Bernanke, Chairman; William C. Dudley, Vice Chairman; James Bullard; Charles L. Evans; Jerome H. Powell; Eric S. Rosengren; Jeremy C. Stein; Daniel K. Tarullo; and Janet L. Yellen. Voting against the action was Esther L. George, who was concerned that the continued high level of monetary accommodation increased the risks of future economic and financial imbalances and, over time, could cause an increase in long-term inflation expectations.",2013-09-06,Are We There Yet?,https://fraser.stlouisfed.org/title/statements-speeches-charles-l-evans-8969/yet-666879,COMMUNICATION_EVENT_DATE_STRICTLY_BEFORE_SEP_WHEN_TIME_UNKNOWN,SEP_RELEASE_DATE_AFTER_OFFICIAL_POLICY_STATEMENT; EXACT_RELEASE_TIME_NOT_STORED,NO
2013-09-18,Christine Cumming,UNKNOWN,,UNKNOWN,NO_DIRECTIONAL_PERSONAL_EVIDENCE_CLASSIFIED,,,,,2013-06-12,"Cumming: Enhancing Payment System Speed, Efficiency and Security",https://www.newyorkfed.org/newsevents/speeches/2013/cumming130705,COMMUNICATION_EVENT_DATE_STRICTLY_BEFORE_SEP_WHEN_TIME_UNKNOWN,SEP_RELEASE_DATE_AFTER_OFFICIAL_POLICY_STATEMENT; EXACT_RELEASE_TIME_NOT_STORED,NO
2013-09-18,Daniel K. Tarullo,COMMITTEE_HOLD,0,UNCHANGED,VOTE_ACTION_PROXY,2013-09-18,0,https://www.federalreserve.gov/newsevents/pressreleases/monetary20130918a.htm,"Voting for the FOMC monetary policy action were: Ben S. Bernanke, Chairman; William C. Dudley, Vice Chairman; James Bullard; Charles L. Evans; Jerome H. Powell; Eric S. Rosengren; Jeremy C. Stein; Daniel K. Tarullo; and Janet L. Yellen. Voting against the action was Esther L. George, who was concerned that the continued high level of monetary accommodation increased the risks of future economic and financial imbalances and, over time, could cause an increase in long-term inflation expectations.",2013-05-03,Evaluating Progress in Regulatory Reforms to Promote Financial Stability,https://www.federalreserve.gov/newsevents/speech/tarullo20130503a.htm,COMMUNICATION_EVENT_DATE_STRICTLY_BEFORE_SEP_WHEN_TIME_UNKNOWN,SEP_RELEASE_DATE_AFTER_OFFICIAL_POLICY_STATEMENT; EXACT_RELEASE_TIME_NOT_STORED,NO
2013-09-18,Dennis P. Lockhart,UNKNOWN,,UNKNOWN,NO_DIRECTIONAL_PERSONAL_EVIDENCE_CLASSIFIED,,,,,2013-08-13,Policy Actions and the Economic Outlook,https://fraser.stlouisfed.org/title/statements-speeches-dennis-lockhart-5579/policy-actions-economic-outlook-558054,COMMUNICATION_EVENT_DATE_STRICTLY_BEFORE_SEP_WHEN_TIME_UNKNOWN,SEP_RELEASE_DATE_AFTER_OFFICIAL_POLICY_STATEMENT; EXACT_RELEASE_TIME_NOT_STORED,NO
2013-09-18,Eric S. Rosengren,COMMITTEE_HOLD,0,UNCHANGED,VOTE_ACTION_PROXY,2013-09-18,0,https://www.federalreserve.gov/newsevents/pressreleases/monetary20130918a.htm,"Voting for the FOMC monetary policy action were: Ben S. Bernanke, Chairman; William C. Dudley, Vice Chairman; James Bullard; Charles L. Evans; Jerome H. Powell; Eric S. Rosengren; Jeremy C. Stein; Daniel K. Tarullo; and Janet L. Yellen. Voting against the action was Esther L. George, who was concerned that the continued high level of monetary accommodation increased the risks of future economic and financial imbalances and, over time, could cause an increase in long-term inflation expectations.",2012-06-29,Our Financial Structures - Are They Prepared for Financial Instability?,https://fraser.stlouisfed.org/title/statements-speeches-eric-rosengren-9015/financial-structures-prepared-financial-instability-667483,COMMUNICATION_EVENT_DATE_STRICTLY_BEFORE_SEP_WHEN_TIME_UNKNOWN,SEP_RELEASE_DATE_AFTER_OFFICIAL_POLICY_STATEMENT; EXACT_RELEASE_TIME_NOT_STORED,NO
2013-09-18,Esther L. George,TIGHTER,2,UNCHANGED,NAMED_DISSENT,2013-09-18,0,https://www.federalreserve.gov/newsevents/pressreleases/monetary20130918a.htm,"Voting for the FOMC monetary policy action were: Ben S. Bernanke, Chairman; William C. Dudley, Vice Chairman; James Bullard; Charles L. Evans; Jerome H. Powell; Eric S. Rosengren; Jeremy C. Stein; Daniel K. Tarullo; and Janet L. Yellen. Voting against the action was Esther L. George, who was concerned that the continued high level of monetary accommodation increased the risks of future economic and financial imbalances and, over time, could cause an increase in long-term inflation expectations.",2013-09-06,The Federal Reserve and the Path of Monetary Policy,https://fraser.stlouisfed.org/title/statements-speeches-esther-l-george-9278/federal-reserve-path-monetary-policy-679555,COMMUNICATION_EVENT_DATE_STRICTLY_BEFORE_SEP_WHEN_TIME_UNKNOWN,SEP_RELEASE_DATE_AFTER_OFFICIAL_POLICY_STATEMENT; EXACT_RELEASE_TIME_NOT_STORED,NO
2013-09-18,James Bullard,COMMITTEE_HOLD,0,MORE_HAWKISH,VOTE_ACTION_PROXY,2013-09-18,0,https://www.federalreserve.gov/newsevents/pressreleases/monetary20130918a.htm,"Voting for the FOMC monetary policy action were: Ben S. Bernanke, Chairman; William C. Dudley, Vice Chairman; James Bullard; Charles L. Evans; Jerome H. Powell; Eric S. Rosengren; Jeremy C. Stein; Daniel K. Tarullo; and Janet L. Yellen. Voting against the action was Esther L. George, who was concerned that the continued high level of monetary accommodation increased the risks of future economic and financial imbalances and, over time, could cause an increase in long-term inflation expectations.",2012-12-03,"Making Sense of Thresholds, Triggers, Twists, and Timelines",https://fraser.stlouisfed.org/title/statements-speeches-james-bullard-7161/making-sense-thresholds-triggers-twists-timelines-655000,COMMUNICATION_EVENT_DATE_STRICTLY_BEFORE_SEP_WHEN_TIME_UNKNOWN,SEP_RELEASE_DATE_AFTER_OFFICIAL_POLICY_STATEMENT; EXACT_RELEASE_TIME_NOT_STORED,NO
2013-09-18,Janet L. Yellen,COMMITTEE_HOLD,0,UNCHANGED,VOTE_ACTION_PROXY,2013-09-18,0,https://www.federalreserve.gov/newsevents/pressreleases/monetary20130918a.htm,"Voting for the FOMC monetary policy action were: Ben S. Bernanke, Chairman; William C. Dudley, Vice Chairman; James Bullard; Charles L. Evans; Jerome H. Powell; Eric S. Rosengren; Jeremy C. Stein; Daniel K. Tarullo; and Janet L. Yellen. Voting against the action was Esther L. George, who was concerned that the continued high level of monetary accommodation increased the risks of future economic and financial imbalances and, over time, could cause an increase in long-term inflation expectations.",2013-06-02,Regulatory Landscapes: A U.S. Perspective,https://www.federalreserve.gov/newsevents/speech/yellen20130602a.htm,COMMUNICATION_EVENT_DATE_STRICTLY_BEFORE_SEP_WHEN_TIME_UNKNOWN,SEP_RELEASE_DATE_AFTER_OFFICIAL_POLICY_STATEMENT; EXACT_RELEASE_TIME_NOT_STORED,NO
2013-09-18,Jeffrey M. Lacker,UNKNOWN,,UNKNOWN,NO_DIRECTIONAL_PERSONAL_EVIDENCE_CLASSIFIED,,,,,2013-08-29,A Look Back at the History of the Federal Reserve,https://www.richmondfed.org/press_room/speeches/jeffrey_m_lacker/2013/lacker_speech_20130829,COMMUNICATION_EVENT_DATE_STRICTLY_BEFORE_SEP_WHEN_TIME_UNKNOWN,SEP_RELEASE_DATE_AFTER_OFFICIAL_POLICY_STATEMENT; EXACT_RELEASE_TIME_NOT_STORED,NO
2013-09-18,Jeremy C. Stein,COMMITTEE_HOLD,0,UNCHANGED,VOTE_ACTION_PROXY,2013-09-18,0,https://www.federalreserve.gov/newsevents/pressreleases/monetary20130918a.htm,"Voting for the FOMC monetary policy action were: Ben S. Bernanke, Chairman; William C. Dudley, Vice Chairman; James Bullard; Charles L. Evans; Jerome H. Powell; Eric S. Rosengren; Jeremy C. Stein; Daniel K. Tarullo; and Janet L. Yellen. Voting against the action was Esther L. George, who was concerned that the continued high level of monetary accommodation increased the risks of future economic and financial imbalances and, over time, could cause an increase in long-term inflation expectations.",2013-06-28,Comments on Monetary Policy,https://www.federalreserve.gov/newsevents/speech/stein20130628a.htm,COMMUNICATION_EVENT_DATE_STRICTLY_BEFORE_SEP_WHEN_TIME_UNKNOWN,SEP_RELEASE_DATE_AFTER_OFFICIAL_POLICY_STATEMENT; EXACT_RELEASE_TIME_NOT_STORED,NO
2013-09-18,Jerome H. Powell,COMMITTEE_HOLD,0,UNCHANGED,VOTE_ACTION_PROXY,2013-09-18,0,https://www.federalreserve.gov/newsevents/pressreleases/monetary20130918a.htm,"Voting for the FOMC monetary policy action were: Ben S. Bernanke, Chairman; William C. Dudley, Vice Chairman; James Bullard; Charles L. Evans; Jerome H. Powell; Eric S. Rosengren; Jeremy C. Stein; Daniel K. Tarullo; and Janet L. Yellen. Voting against the action was Esther L. George, who was concerned that the continued high level of monetary accommodation increased the risks of future economic and financial imbalances and, over time, could cause an increase in long-term inflation expectations.",2013-07-02,International Financial Regulatory Reform,https://www.federalreserve.gov/newsevents/speech/powell20130702a.htm,COMMUNICATION_EVENT_DATE_STRICTLY_BEFORE_SEP_WHEN_TIME_UNKNOWN,SEP_RELEASE_DATE_AFTER_OFFICIAL_POLICY_STATEMENT; EXACT_RELEASE_TIME_NOT_STORED,NO
2013-09-18,John C. Williams,UNKNOWN,,UNKNOWN,NO_DIRECTIONAL_PERSONAL_EVIDENCE_CLASSIFIED,,,,,2013-09-09,"Bubbles Tomorrow and Bubbles Yesterday, but Never Bubbles Today?",https://fraser.stlouisfed.org/title/statements-speeches-john-c-williams-9040/bubbles-tomorrow-bubbles-yesterday-never-bubbles-today-671857,COMMUNICATION_EVENT_DATE_STRICTLY_BEFORE_SEP_WHEN_TIME_UNKNOWN,SEP_RELEASE_DATE_AFTER_OFFICIAL_POLICY_STATEMENT; EXACT_RELEASE_TIME_NOT_STORED,NO
2013-09-18,Narayana Kocherlakota,UNKNOWN,,UNKNOWN,NO_DIRECTIONAL_PERSONAL_EVIDENCE_CLASSIFIED,,,,,2013-09-04,"Opening Remarks, Town Hall, University of Wisconsin, La Crosse, Wisconsin",https://fraser.stlouisfed.org/title/statements-speeches-narayana-kocherlakota-9360/opening-remarks-town-hall-university-wisconsin-la-crosse-wisconsin-685585,COMMUNICATION_EVENT_DATE_STRICTLY_BEFORE_SEP_WHEN_TIME_UNKNOWN,SEP_RELEASE_DATE_AFTER_OFFICIAL_POLICY_STATEMENT; EXACT_RELEASE_TIME_NOT_STORED,NO
2013-09-18,Richard W. Fisher,UNKNOWN,,UNKNOWN,NO_DIRECTIONAL_PERSONAL_EVIDENCE_CLASSIFIED,,,,,2013-08-22,"Placing Manufacturing in Context (With Reference to Frank Sinatra, Joseph Schumpeter, Ernie Preeg, George Mitchell, Tom Stemberg, a Feckless Congress and...Secretariat)",https://www.dallasfed.org/news/speeches/fisher/2013/fs130822.aspx,COMMUNICATION_EVENT_DATE_STRICTLY_BEFORE_SEP_WHEN_TIME_UNKNOWN,SEP_RELEASE_DATE_AFTER_OFFICIAL_POLICY_STATEMENT; EXACT_RELEASE_TIME_NOT_STORED,NO
2013-09-18,Sandra Pianalto,UNKNOWN,,UNKNOWN,NO_DIRECTIONAL_PERSONAL_EVIDENCE_CLASSIFIED,,,,,2013-08-07,Economic Outlook: What Matters Nationally and Locally,https://fraser.stlouisfed.org/title/statements-speeches-sandra-pianalto-3770/economic-outlook-matters-nationally-locally-475349,COMMUNICATION_EVENT_DATE_STRICTLY_BEFORE_SEP_WHEN_TIME_UNKNOWN,SEP_RELEASE_DATE_AFTER_OFFICIAL_POLICY_STATEMENT; EXACT_RELEASE_TIME_NOT_STORED,NO
2013-09-18,William C. Dudley,COMMITTEE_HOLD,0,UNCHANGED,VOTE_ACTION_PROXY,2013-09-18,0,https://www.federalreserve.gov/newsevents/pressreleases/monetary20130918a.htm,"Voting for the FOMC monetary policy action were: Ben S. Bernanke, Chairman; William C. Dudley, Vice Chairman; James Bullard; Charles L. Evans; Jerome H. Powell; Eric S. Rosengren; Jeremy C. Stein; Daniel K. Tarullo; and Janet L. Yellen. Voting against the action was Esther L. George, who was concerned that the continued high level of monetary accommodation increased the risks of future economic and financial imbalances and, over time, could cause an increase in long-term inflation expectations.",2013-09-12,"Remarks at Panel Discussion on OTC Derivatives Reform and Broader Financial Reforms Agenda at the 2013 OTC Derivatives Conference, Paris France",https://fraser.stlouisfed.org/title/statements-speeches-william-c-dudley-6749/remarks-panel-discussion-otc-derivatives-reform-broader-financial-reforms-agenda-2013-otc-derivatives-conference-paris-france-618975,COMMUNICATION_EVENT_DATE_STRICTLY_BEFORE_SEP_WHEN_TIME_UNKNOWN,SEP_RELEASE_DATE_AFTER_OFFICIAL_POLICY_STATEMENT; EXACT_RELEASE_TIME_NOT_STORED,NO
2013-12-18,Ben S. Bernanke,COMMITTEE_HOLD,0,UNCHANGED,VOTE_ACTION_PROXY,2013-12-18,0,https://www.federalreserve.gov/newsevents/pressreleases/monetary20131218a.htm,"Voting for the FOMC monetary policy action were: Ben S. Bernanke, Chairman; William C. Dudley, Vice Chairman; James Bullard; Charles L. Evans; Esther L. George; Jerome H. Powell; Jeremy C. Stein; Daniel K. Tarullo; and Janet L. Yellen. Voting against the action was Eric S. Rosengren, who believes that, with the unemployment rate still elevated and the inflation rate well below the target, changes in the purchase program are premature until incoming data more clearly indicate that economic growth is likely to be sustained above its potential rate. Statement Regarding Purchases of Treasury Securities and Agency Mortgage-Backed Securities",2013-12-16,Opening Remarks,https://www.federalreserve.gov/newsevents/speech/bernanke20131216a.htm,COMMUNICATION_EVENT_DATE_STRICTLY_BEFORE_SEP_WHEN_TIME_UNKNOWN,SEP_RELEASE_DATE_AFTER_OFFICIAL_POLICY_STATEMENT; EXACT_RELEASE_TIME_NOT_STORED,NO
2013-12-18,Charles I. Plosser,UNKNOWN,,UNKNOWN,NO_DIRECTIONAL_PERSONAL_EVIDENCE_CLASSIFIED,,,,,2013-12-06,Observations on the Centennial of the Federal Reserve System,https://fraser.stlouisfed.org/title/statements-speeches-charles-i-plosser-6101/observations-centennial-federal-reserve-system-586735,COMMUNICATION_EVENT_DATE_STRICTLY_BEFORE_SEP_WHEN_TIME_UNKNOWN,SEP_RELEASE_DATE_AFTER_OFFICIAL_POLICY_STATEMENT; EXACT_RELEASE_TIME_NOT_STORED,NO
2013-12-18,Charles L. Evans,COMMITTEE_HOLD,0,UNCHANGED,VOTE_ACTION_PROXY,2013-12-18,0,https://www.federalreserve.gov/newsevents/pressreleases/monetary20131218a.htm,"Voting for the FOMC monetary policy action were: Ben S. Bernanke, Chairman; William C. Dudley, Vice Chairman; James Bullard; Charles L. Evans; Esther L. George; Jerome H. Powell; Jeremy C. Stein; Daniel K. Tarullo; and Janet L. Yellen. Voting against the action was Eric S. Rosengren, who believes that, with the unemployment rate still elevated and the inflation rate well below the target, changes in the purchase program are premature until incoming data more clearly indicate that economic growth is likely to be sustained above its potential rate. Statement Regarding Purchases of Treasury Securities and Agency Mortgage-Backed Securities",2013-12-06,Monetary Policy: Lessons from the Past and Looking Forward to the Future,https://www.chicagofed.org/publications/speeches/2013/12-06-13-loyola-fed-centennial,COMMUNICATION_EVENT_DATE_STRICTLY_BEFORE_SEP_WHEN_TIME_UNKNOWN,SEP_RELEASE_DATE_AFTER_OFFICIAL_POLICY_STATEMENT; EXACT_RELEASE_TIME_NOT_STORED,NO
2013-12-18,Christine Cumming,UNKNOWN,,UNKNOWN,NO_DIRECTIONAL_PERSONAL_EVIDENCE_CLASSIFIED,,,,,2013-10-20,Cumming: Progress toward Financial Integration and Financial Stability,https://www.newyorkfed.org/newsevents/speeches/2013/cumming131020,COMMUNICATION_EVENT_DATE_STRICTLY_BEFORE_SEP_WHEN_TIME_UNKNOWN,SEP_RELEASE_DATE_AFTER_OFFICIAL_POLICY_STATEMENT; EXACT_RELEASE_TIME_NOT_STORED,NO
2013-12-18,Daniel K. Tarullo,COMMITTEE_HOLD,0,UNCHANGED,VOTE_ACTION_PROXY,2013-12-18,0,https://www.federalreserve.gov/newsevents/pressreleases/monetary20131218a.htm,"Voting for the FOMC monetary policy action were: Ben S. Bernanke, Chairman; William C. Dudley, Vice Chairman; James Bullard; Charles L. Evans; Esther L. George; Jerome H. Powell; Jeremy C. Stein; Daniel K. Tarullo; and Janet L. Yellen. Voting against the action was Eric S. Rosengren, who believes that, with the unemployment rate still elevated and the inflation rate well below the target, changes in the purchase program are premature until incoming data more clearly indicate that economic growth is likely to be sustained above its potential rate. Statement Regarding Purchases of Treasury Securities and Agency Mortgage-Backed Securities",2013-11-22,Shadow Banking and Systemic Risk Regulation,https://www.federalreserve.gov/newsevents/speech/tarullo20131122a.htm,COMMUNICATION_EVENT_DATE_STRICTLY_BEFORE_SEP_WHEN_TIME_UNKNOWN,SEP_RELEASE_DATE_AFTER_OFFICIAL_POLICY_STATEMENT; EXACT_RELEASE_TIME_NOT_STORED,NO
2013-12-18,Dennis P. Lockhart,UNKNOWN,,UNKNOWN,NO_DIRECTIONAL_PERSONAL_EVIDENCE_CLASSIFIED,,,,,2013-12-05,The Economic Outlook and Future Policy Directions,https://fraser.stlouisfed.org/title/statements-speeches-dennis-lockhart-5579/economic-outlook-future-policy-directions-558058,COMMUNICATION_EVENT_DATE_STRICTLY_BEFORE_SEP_WHEN_TIME_UNKNOWN,SEP_RELEASE_DATE_AFTER_OFFICIAL_POLICY_STATEMENT; EXACT_RELEASE_TIME_NOT_STORED,NO
2013-12-18,Eric S. Rosengren,EASIER,-2,MORE_DOVISH,NAMED_DISSENT,2013-12-18,0,https://www.federalreserve.gov/newsevents/pressreleases/monetary20131218a.htm,"Voting for the FOMC monetary policy action were: Ben S. Bernanke, Chairman; William C. Dudley, Vice Chairman; James Bullard; Charles L. Evans; Esther L. George; Jerome H. Powell; Jeremy C. Stein; Daniel K. Tarullo; and Janet L. Yellen. Voting against the action was Eric S. Rosengren, who believes that, with the unemployment rate still elevated and the inflation rate well below the target, changes in the purchase program are premature until incoming data more clearly indicate that economic growth is likely to be sustained above its potential rate. Statement Regarding Purchases of Treasury Securities and Agency Mortgage-Backed Securities",2012-06-29,Our Financial Structures - Are They Prepared for Financial Instability?,https://fraser.stlouisfed.org/title/statements-speeches-eric-rosengren-9015/financial-structures-prepared-financial-instability-667483,COMMUNICATION_EVENT_DATE_STRICTLY_BEFORE_SEP_WHEN_TIME_UNKNOWN,SEP_RELEASE_DATE_AFTER_OFFICIAL_POLICY_STATEMENT; EXACT_RELEASE_TIME_NOT_STORED,NO
2013-12-18,Esther L. George,COMMITTEE_HOLD,0,MORE_DOVISH,VOTE_ACTION_PROXY,2013-12-18,0,https://www.federalreserve.gov/newsevents/pressreleases/monetary20131218a.htm,"Voting for the FOMC monetary policy action were: Ben S. Bernanke, Chairman; William C. Dudley, Vice Chairman; James Bullard; Charles L. Evans; Esther L. George; Jerome H. Powell; Jeremy C. Stein; Daniel K. Tarullo; and Janet L. Yellen. Voting against the action was Eric S. Rosengren, who believes that, with the unemployment rate still elevated and the inflation rate well below the target, changes in the purchase program are premature until incoming data more clearly indicate that economic growth is likely to be sustained above its potential rate. Statement Regarding Purchases of Treasury Securities and Agency Mortgage-Backed Securities",2013-11-22,Effective Supervision: Balancing New and Traditional Approaches,https://fraser.stlouisfed.org/title/statements-speeches-esther-l-george-9278/effective-supervision-balancing-new-traditional-approaches-679558,COMMUNICATION_EVENT_DATE_STRICTLY_BEFORE_SEP_WHEN_TIME_UNKNOWN,SEP_RELEASE_DATE_AFTER_OFFICIAL_POLICY_STATEMENT; EXACT_RELEASE_TIME_NOT_STORED,NO
2013-12-18,James Bullard,COMMITTEE_HOLD,0,UNCHANGED,VOTE_ACTION_PROXY,2013-12-18,0,https://www.federalreserve.gov/newsevents/pressreleases/monetary20131218a.htm,"Voting for the FOMC monetary policy action were: Ben S. Bernanke, Chairman; William C. Dudley, Vice Chairman; James Bullard; Charles L. Evans; Esther L. George; Jerome H. Powell; Jeremy C. Stein; Daniel K. Tarullo; and Janet L. Yellen. Voting against the action was Eric S. Rosengren, who believes that, with the unemployment rate still elevated and the inflation rate well below the target, changes in the purchase program are premature until incoming data more clearly indicate that economic growth is likely to be sustained above its potential rate. Statement Regarding Purchases of Treasury Securities and Agency Mortgage-Backed Securities",2012-12-03,"Making Sense of Thresholds, Triggers, Twists, and Timelines",https://fraser.stlouisfed.org/title/statements-speeches-james-bullard-7161/making-sense-thresholds-triggers-twists-timelines-655000,COMMUNICATION_EVENT_DATE_STRICTLY_BEFORE_SEP_WHEN_TIME_UNKNOWN,SEP_RELEASE_DATE_AFTER_OFFICIAL_POLICY_STATEMENT; EXACT_RELEASE_TIME_NOT_STORED,NO
2013-12-18,Janet L. Yellen,COMMITTEE_HOLD,0,UNCHANGED,VOTE_ACTION_PROXY,2013-12-18,0,https://www.federalreserve.gov/newsevents/pressreleases/monetary20131218a.htm,"Voting for the FOMC monetary policy action were: Ben S. Bernanke, Chairman; William C. Dudley, Vice Chairman; James Bullard; Charles L. Evans; Esther L. George; Jerome H. Powell; Jeremy C. Stein; Daniel K. Tarullo; and Janet L. Yellen. Voting against the action was Eric S. Rosengren, who believes that, with the unemployment rate still elevated and the inflation rate well below the target, changes in the purchase program are premature until incoming data more clearly indicate that economic growth is likely to be sustained above its potential rate. Statement Regarding Purchases of Treasury Securities and Agency Mortgage-Backed Securities",2013-06-02,Regulatory Landscapes: A U.S. Perspective,https://www.federalreserve.gov/newsevents/speech/yellen20130602a.htm,COMMUNICATION_EVENT_DATE_STRICTLY_BEFORE_SEP_WHEN_TIME_UNKNOWN,SEP_RELEASE_DATE_AFTER_OFFICIAL_POLICY_STATEMENT; EXACT_RELEASE_TIME_NOT_STORED,NO
2013-12-18,Jeffrey M. Lacker,UNKNOWN,,UNKNOWN,NO_DIRECTIONAL_PERSONAL_EVIDENCE_CLASSIFIED,,,,,2013-12-09,"Economic Outlook, December 2013",https://fraser.stlouisfed.org/title/statements-speeches-jeffrey-m-lacker-6827/economic-outlook-december-2013-678732,COMMUNICATION_EVENT_DATE_STRICTLY_BEFORE_SEP_WHEN_TIME_UNKNOWN,SEP_RELEASE_DATE_AFTER_OFFICIAL_POLICY_STATEMENT; EXACT_RELEASE_TIME_NOT_STORED,NO
2013-12-18,Jeremy C. Stein,COMMITTEE_HOLD,0,UNCHANGED,VOTE_ACTION_PROXY,2013-12-18,0,https://www.federalreserve.gov/newsevents/pressreleases/monetary20131218a.htm,"Voting for the FOMC monetary policy action were: Ben S. Bernanke, Chairman; William C. Dudley, Vice Chairman; James Bullard; Charles L. Evans; Esther L. George; Jerome H. Powell; Jeremy C. Stein; Daniel K. Tarullo; and Janet L. Yellen. Voting against the action was Eric S. Rosengren, who believes that, with the unemployment rate still elevated and the inflation rate well below the target, changes in the purchase program are premature until incoming data more clearly indicate that economic growth is likely to be sustained above its potential rate. Statement Regarding Purchases of Treasury Securities and Agency Mortgage-Backed Securities",2013-11-07,The Fire-Sales Problem and Securities Financing Transactions,https://www.federalreserve.gov/newsevents/speech/stein20131107a.htm,COMMUNICATION_EVENT_DATE_STRICTLY_BEFORE_SEP_WHEN_TIME_UNKNOWN,SEP_RELEASE_DATE_AFTER_OFFICIAL_POLICY_STATEMENT; EXACT_RELEASE_TIME_NOT_STORED,NO
2013-12-18,Jerome H. Powell,COMMITTEE_HOLD,0,UNCHANGED,VOTE_ACTION_PROXY,2013-12-18,0,https://www.federalreserve.gov/newsevents/pressreleases/monetary20131218a.htm,"Voting for the FOMC monetary policy action were: Ben S. Bernanke, Chairman; William C. Dudley, Vice Chairman; James Bullard; Charles L. Evans; Esther L. George; Jerome H. Powell; Jeremy C. Stein; Daniel K. Tarullo; and Janet L. Yellen. Voting against the action was Eric S. Rosengren, who believes that, with the unemployment rate still elevated and the inflation rate well below the target, changes in the purchase program are premature until incoming data more clearly indicate that economic growth is likely to be sustained above its potential rate. Statement Regarding Purchases of Treasury Securities and Agency Mortgage-Backed Securities",2013-11-21,OTC Market Infrastructure Reform: Opportunities and Challenges,https://www.federalreserve.gov/newsevents/speech/powell20131121a.htm,COMMUNICATION_EVENT_DATE_STRICTLY_BEFORE_SEP_WHEN_TIME_UNKNOWN,SEP_RELEASE_DATE_AFTER_OFFICIAL_POLICY_STATEMENT; EXACT_RELEASE_TIME_NOT_STORED,NO
2013-12-18,John C. Williams,UNKNOWN,,UNKNOWN,NO_DIRECTIONAL_PERSONAL_EVIDENCE_CLASSIFIED,,,,,2013-11-08,Rebalancing the Economy: A Tale of Two Countries - San Francisco Fed,https://www.frbsf.org/news-and-media/speeches/williams-speeches/2013/11/rebalancing-economy-china-us,COMMUNICATION_EVENT_DATE_STRICTLY_BEFORE_SEP_WHEN_TIME_UNKNOWN,SEP_RELEASE_DATE_AFTER_OFFICIAL_POLICY_STATEMENT; EXACT_RELEASE_TIME_NOT_STORED,NO
2013-12-18,Narayana Kocherlakota,UNKNOWN,,UNKNOWN,NO_DIRECTIONAL_PERSONAL_EVIDENCE_CLASSIFIED,,,,,2013-12-03,Lessons from Lars,https://fraser.stlouisfed.org/title/statements-speeches-narayana-kocherlakota-9360/lessons-lars-685593,COMMUNICATION_EVENT_DATE_STRICTLY_BEFORE_SEP_WHEN_TIME_UNKNOWN,SEP_RELEASE_DATE_AFTER_OFFICIAL_POLICY_STATEMENT; EXACT_RELEASE_TIME_NOT_STORED,NO
2013-12-18,Richard W. Fisher,UNKNOWN,,UNKNOWN,NO_DIRECTIONAL_PERSONAL_EVIDENCE_CLASSIFIED,,,,,2013-12-09,"Comments on Monetary Policy (With Praise for Urban Lehner, Norman Borlaug and Dentists)",https://www.dallasfed.org/news/speeches/fisher/2013/fs131209.aspx,COMMUNICATION_EVENT_DATE_STRICTLY_BEFORE_SEP_WHEN_TIME_UNKNOWN,SEP_RELEASE_DATE_AFTER_OFFICIAL_POLICY_STATEMENT; EXACT_RELEASE_TIME_NOT_STORED,NO
2013-12-18,Sandra Pianalto,UNKNOWN,,UNKNOWN,NO_DIRECTIONAL_PERSONAL_EVIDENCE_CLASSIFIED,,,,,2013-11-06,"Housing in the National Economy: A Look Back, a Look Forward",https://fraser.stlouisfed.org/title/statements-speeches-sandra-pianalto-3770/housing-national-economy-a-look-back-a-look-forward-475354,COMMUNICATION_EVENT_DATE_STRICTLY_BEFORE_SEP_WHEN_TIME_UNKNOWN,SEP_RELEASE_DATE_AFTER_OFFICIAL_POLICY_STATEMENT; EXACT_RELEASE_TIME_NOT_STORED,NO
2013-12-18,William C. Dudley,COMMITTEE_HOLD,0,UNCHANGED,VOTE_ACTION_PROXY,2013-12-18,0,https://www.federalreserve.gov/newsevents/pressreleases/monetary20131218a.htm,"Voting for the FOMC monetary policy action were: Ben S. Bernanke, Chairman; William C. Dudley, Vice Chairman; James Bullard; Charles L. Evans; Esther L. George; Jerome H. Powell; Jeremy C. Stein; Daniel K. Tarullo; and Janet L. Yellen. Voting against the action was Eric S. Rosengren, who believes that, with the unemployment rate still elevated and the inflation rate well below the target, changes in the purchase program are premature until incoming data more clearly indicate that economic growth is likely to be sustained above its potential rate. Statement Regarding Purchases of Treasury Securities and Agency Mortgage-Backed Securities",2013-11-20,U.S. and Regional Economic Conditions,https://fraser.stlouisfed.org/title/statements-speeches-william-c-dudley-6749/us-regional-economic-conditions-618984,COMMUNICATION_EVENT_DATE_STRICTLY_BEFORE_SEP_WHEN_TIME_UNKNOWN,SEP_RELEASE_DATE_AFTER_OFFICIAL_POLICY_STATEMENT; EXACT_RELEASE_TIME_NOT_STORED,NO
2014-03-19,Charles I. Plosser,COMMITTEE_HOLD,0,UNKNOWN,VOTE_ACTION_PROXY,2014-03-19,0,https://www.federalreserve.gov/newsevents/pressreleases/monetary20140319a.htm,"Voting for the FOMC monetary policy action were: Janet L. Yellen, Chair; William C. Dudley, Vice Chairman; Richard W. Fisher; Sandra Pianalto; Charles I. Plosser; Jerome H. Powell; Jeremy C. Stein; and Daniel K. Tarullo. Voting against the action was Narayana Kocherlakota, who supported the sixth paragraph, but believed the fifth paragraph weakens the credibility of the Committee's commitment to return inflation to the 2 percent target from below and fosters policy uncertainty that hinders economic activity. Statement Regarding Purchases of Treasury Securities and Agency Mortgage-Backed Securities",2014-03-10,Perspectives on the U.S. Economy and Monetary Policy,https://fraser.stlouisfed.org/title/statements-speeches-charles-i-plosser-6101/perspectives-us-economy-monetary-policy-586742,COMMUNICATION_EVENT_DATE_STRICTLY_BEFORE_SEP_WHEN_TIME_UNKNOWN,SEP_RELEASE_DATE_AFTER_OFFICIAL_POLICY_STATEMENT; EXACT_RELEASE_TIME_NOT_STORED,NO
2014-03-19,Charles L. Evans,UNKNOWN,,UNKNOWN,NO_DIRECTIONAL_PERSONAL_EVIDENCE_CLASSIFIED,,,,,2014-03-10,Monetary Policy: Lessons from the Past and Looking Forward to the Future,https://www.chicagofed.org/publications/speeches/2014/03-10-14-monetary-policy-columbus-charles-l-evans,COMMUNICATION_EVENT_DATE_STRICTLY_BEFORE_SEP_WHEN_TIME_UNKNOWN,SEP_RELEASE_DATE_AFTER_OFFICIAL_POLICY_STATEMENT; EXACT_RELEASE_TIME_NOT_STORED,NO
2014-03-19,Christine Cumming,UNKNOWN,,UNKNOWN,NO_DIRECTIONAL_PERSONAL_EVIDENCE_CLASSIFIED,,,,,2013-10-20,Cumming: Progress toward Financial Integration and Financial Stability,https://www.newyorkfed.org/newsevents/speeches/2013/cumming131020,COMMUNICATION_EVENT_DATE_STRICTLY_BEFORE_SEP_WHEN_TIME_UNKNOWN,SEP_RELEASE_DATE_AFTER_OFFICIAL_POLICY_STATEMENT; EXACT_RELEASE_TIME_NOT_STORED,NO
2014-03-19,Daniel K. Tarullo,COMMITTEE_HOLD,0,UNCHANGED,VOTE_ACTION_PROXY,2014-03-19,0,https://www.federalreserve.gov/newsevents/pressreleases/monetary20140319a.htm,"Voting for the FOMC monetary policy action were: Janet L. Yellen, Chair; William C. Dudley, Vice Chairman; Richard W. Fisher; Sandra Pianalto; Charles I. Plosser; Jerome H. Powell; Jeremy C. Stein; and Daniel K. Tarullo. Voting against the action was Narayana Kocherlakota, who supported the sixth paragraph, but believed the fifth paragraph weakens the credibility of the Committee's commitment to return inflation to the 2 percent target from below and fosters policy uncertainty that hinders economic activity. Statement Regarding Purchases of Treasury Securities and Agency Mortgage-Backed Securities",2014-02-25,Monetary Policy and Financial Stability,https://www.federalreserve.gov/newsevents/speech/tarullo20140225a.htm,COMMUNICATION_EVENT_DATE_STRICTLY_BEFORE_SEP_WHEN_TIME_UNKNOWN,SEP_RELEASE_DATE_AFTER_OFFICIAL_POLICY_STATEMENT; EXACT_RELEASE_TIME_NOT_STORED,NO
2014-03-19,Dennis P. Lockhart,UNKNOWN,,UNKNOWN,NO_DIRECTIONAL_PERSONAL_EVIDENCE_CLASSIFIED,,,,,2014-03-06,The Challenge of Estimating Full Employment,https://fraser.stlouisfed.org/title/statements-speeches-dennis-lockhart-5579/challenge-estimating-full-employment-558062,COMMUNICATION_EVENT_DATE_STRICTLY_BEFORE_SEP_WHEN_TIME_UNKNOWN,SEP_RELEASE_DATE_AFTER_OFFICIAL_POLICY_STATEMENT; EXACT_RELEASE_TIME_NOT_STORED,NO
2014-03-19,Eric S. Rosengren,UNKNOWN,,UNKNOWN,NO_DIRECTIONAL_PERSONAL_EVIDENCE_CLASSIFIED,,,,,2012-06-29,Our Financial Structures - Are They Prepared for Financial Instability?,https://fraser.stlouisfed.org/title/statements-speeches-eric-rosengren-9015/financial-structures-prepared-financial-instability-667483,COMMUNICATION_EVENT_DATE_STRICTLY_BEFORE_SEP_WHEN_TIME_UNKNOWN,SEP_RELEASE_DATE_AFTER_OFFICIAL_POLICY_STATEMENT; EXACT_RELEASE_TIME_NOT_STORED,NO
2014-03-19,Esther L. George,UNKNOWN,,UNKNOWN,NO_DIRECTIONAL_PERSONAL_EVIDENCE_CLASSIFIED,,,,,2014-01-31,Current Monetary Policy and the Implications for Supervision and Regulation,https://fraser.stlouisfed.org/title/statements-speeches-esther-l-george-9278/current-monetary-policy-implications-supervision-regulation-679560,COMMUNICATION_EVENT_DATE_STRICTLY_BEFORE_SEP_WHEN_TIME_UNKNOWN,SEP_RELEASE_DATE_AFTER_OFFICIAL_POLICY_STATEMENT; EXACT_RELEASE_TIME_NOT_STORED,NO
2014-03-19,James Bullard,UNKNOWN,,UNKNOWN,NO_DIRECTIONAL_PERSONAL_EVIDENCE_CLASSIFIED,,,,,2012-12-03,"Making Sense of Thresholds, Triggers, Twists, and Timelines",https://fraser.stlouisfed.org/title/statements-speeches-james-bullard-7161/making-sense-thresholds-triggers-twists-timelines-655000,COMMUNICATION_EVENT_DATE_STRICTLY_BEFORE_SEP_WHEN_TIME_UNKNOWN,SEP_RELEASE_DATE_AFTER_OFFICIAL_POLICY_STATEMENT; EXACT_RELEASE_TIME_NOT_STORED,NO
2014-03-19,Janet L. Yellen,COMMITTEE_HOLD,0,UNCHANGED,VOTE_ACTION_PROXY,2014-03-19,0,https://www.federalreserve.gov/newsevents/pressreleases/monetary20140319a.htm,"Voting for the FOMC monetary policy action were: Janet L. Yellen, Chair; William C. Dudley, Vice Chairman; Richard W. Fisher; Sandra Pianalto; Charles I. Plosser; Jerome H. Powell; Jeremy C. Stein; and Daniel K. Tarullo. Voting against the action was Narayana Kocherlakota, who supported the sixth paragraph, but believed the fifth paragraph weakens the credibility of the Committee's commitment to return inflation to the 2 percent target from below and fosters policy uncertainty that hinders economic activity. Statement Regarding Purchases of Treasury Securities and Agency Mortgage-Backed Securities",2014-03-05,Remarks at the Ceremonial Swearing-in,https://www.federalreserve.gov/newsevents/speech/yellen20140305a.htm,COMMUNICATION_EVENT_DATE_STRICTLY_BEFORE_SEP_WHEN_TIME_UNKNOWN,SEP_RELEASE_DATE_AFTER_OFFICIAL_POLICY_STATEMENT; EXACT_RELEASE_TIME_NOT_STORED,NO
2014-03-19,Jeffrey M. Lacker,UNKNOWN,,UNKNOWN,NO_DIRECTIONAL_PERSONAL_EVIDENCE_CLASSIFIED,,,,,2014-02-21,"Economics After the Crisis: Models, Markets, and Implications for Policy",https://fraser.stlouisfed.org/title/statements-speeches-jeffrey-m-lacker-6827/economics-crisis-models-markets-implications-policy-678738,COMMUNICATION_EVENT_DATE_STRICTLY_BEFORE_SEP_WHEN_TIME_UNKNOWN,SEP_RELEASE_DATE_AFTER_OFFICIAL_POLICY_STATEMENT; EXACT_RELEASE_TIME_NOT_STORED,NO
2014-03-19,Jeremy C. Stein,COMMITTEE_HOLD,0,UNCHANGED,VOTE_ACTION_PROXY,2014-03-19,0,https://www.federalreserve.gov/newsevents/pressreleases/monetary20140319a.htm,"Voting for the FOMC monetary policy action were: Janet L. Yellen, Chair; William C. Dudley, Vice Chairman; Richard W. Fisher; Sandra Pianalto; Charles I. Plosser; Jerome H. Powell; Jeremy C. Stein; and Daniel K. Tarullo. Voting against the action was Narayana Kocherlakota, who supported the sixth paragraph, but believed the fifth paragraph weakens the credibility of the Committee's commitment to return inflation to the 2 percent target from below and fosters policy uncertainty that hinders economic activity. Statement Regarding Purchases of Treasury Securities and Agency Mortgage-Backed Securities",2014-02-28,"Comments on ""Market Tantrums and Monetary Policy""",https://www.federalreserve.gov/newsevents/speech/stein20140228a.htm,COMMUNICATION_EVENT_DATE_STRICTLY_BEFORE_SEP_WHEN_TIME_UNKNOWN,SEP_RELEASE_DATE_AFTER_OFFICIAL_POLICY_STATEMENT; EXACT_RELEASE_TIME_NOT_STORED,NO
2014-03-19,Jerome H. Powell,COMMITTEE_HOLD,0,UNCHANGED,VOTE_ACTION_PROXY,2014-03-19,0,https://www.federalreserve.gov/newsevents/pressreleases/monetary20140319a.htm,"Voting for the FOMC monetary policy action were: Janet L. Yellen, Chair; William C. Dudley, Vice Chairman; Richard W. Fisher; Sandra Pianalto; Charles I. Plosser; Jerome H. Powell; Jeremy C. Stein; and Daniel K. Tarullo. Voting against the action was Narayana Kocherlakota, who supported the sixth paragraph, but believed the fifth paragraph weakens the credibility of the Committee's commitment to return inflation to the 2 percent target from below and fosters policy uncertainty that hinders economic activity. Statement Regarding Purchases of Treasury Securities and Agency Mortgage-Backed Securities",2013-11-21,OTC Market Infrastructure Reform: Opportunities and Challenges,https://www.federalreserve.gov/newsevents/speech/powell20131121a.htm,COMMUNICATION_EVENT_DATE_STRICTLY_BEFORE_SEP_WHEN_TIME_UNKNOWN,SEP_RELEASE_DATE_AFTER_OFFICIAL_POLICY_STATEMENT; EXACT_RELEASE_TIME_NOT_STORED,NO
2014-03-19,John C. Williams,UNKNOWN,,UNKNOWN,NO_DIRECTIONAL_PERSONAL_EVIDENCE_CLASSIFIED,,,,,2014-03-05,The Federal Reserve: Inside Monetary Policy - San Francisco Fed,https://www.frbsf.org/news-and-media/speeches/williams-speeches/2014/03/inside-monetary-policy,COMMUNICATION_EVENT_DATE_STRICTLY_BEFORE_SEP_WHEN_TIME_UNKNOWN,SEP_RELEASE_DATE_AFTER_OFFICIAL_POLICY_STATEMENT; EXACT_RELEASE_TIME_NOT_STORED,NO
2014-03-19,Narayana Kocherlakota,EASIER,-2,UNKNOWN,NAMED_DISSENT,2014-03-19,0,https://www.federalreserve.gov/newsevents/pressreleases/monetary20140319a.htm,"Voting for the FOMC monetary policy action were: Janet L. Yellen, Chair; William C. Dudley, Vice Chairman; Richard W. Fisher; Sandra Pianalto; Charles I. Plosser; Jerome H. Powell; Jeremy C. Stein; and Daniel K. Tarullo. Voting against the action was Narayana Kocherlakota, who supported the sixth paragraph, but believed the fifth paragraph weakens the credibility of the Committee's commitment to return inflation to the 2 percent target from below and fosters policy uncertainty that hinders economic activity. Statement Regarding Purchases of Treasury Securities and Agency Mortgage-Backed Securities",2014-02-28,Discussion of 2014 USMPF Monetary Policy Report,https://fraser.stlouisfed.org/title/statements-speeches-narayana-kocherlakota-9360/discussion-2014-usmpf-monetary-policy-report-685596,COMMUNICATION_EVENT_DATE_STRICTLY_BEFORE_SEP_WHEN_TIME_UNKNOWN,SEP_RELEASE_DATE_AFTER_OFFICIAL_POLICY_STATEMENT; EXACT_RELEASE_TIME_NOT_STORED,NO
2014-03-19,Richard W. Fisher,COMMITTEE_HOLD,0,UNKNOWN,VOTE_ACTION_PROXY,2014-03-19,0,https://www.federalreserve.gov/newsevents/pressreleases/monetary20140319a.htm,"Voting for the FOMC monetary policy action were: Janet L. Yellen, Chair; William C. Dudley, Vice Chairman; Richard W. Fisher; Sandra Pianalto; Charles I. Plosser; Jerome H. Powell; Jeremy C. Stein; and Daniel K. Tarullo. Voting against the action was Narayana Kocherlakota, who supported the sixth paragraph, but believed the fifth paragraph weakens the credibility of the Committee's commitment to return inflation to the 2 percent target from below and fosters policy uncertainty that hinders economic activity. Statement Regarding Purchases of Treasury Securities and Agency Mortgage-Backed Securities",2014-03-05,"!Andale Pues! Having Made the Tough Choices, Mexico Stands to Benefit From Reforms and Navigate Fed's Tapering With Relative Ease",https://fraser.stlouisfed.org/title/statements-speeches-richard-w-fisher-6147/andale-pues-made-tough-choices-mexico-stands-benefit-reforms-navigate-fed-s-tapering-relative-ease-594174,COMMUNICATION_EVENT_DATE_STRICTLY_BEFORE_SEP_WHEN_TIME_UNKNOWN,SEP_RELEASE_DATE_AFTER_OFFICIAL_POLICY_STATEMENT; EXACT_RELEASE_TIME_NOT_STORED,NO
2014-03-19,Sandra Pianalto,COMMITTEE_HOLD,0,UNKNOWN,VOTE_ACTION_PROXY,2014-03-19,0,https://www.federalreserve.gov/newsevents/pressreleases/monetary20140319a.htm,"Voting for the FOMC monetary policy action were: Janet L. Yellen, Chair; William C. Dudley, Vice Chairman; Richard W. Fisher; Sandra Pianalto; Charles I. Plosser; Jerome H. Powell; Jeremy C. Stein; and Daniel K. Tarullo. Voting against the action was Narayana Kocherlakota, who supported the sixth paragraph, but believed the fifth paragraph weakens the credibility of the Committee's commitment to return inflation to the 2 percent target from below and fosters policy uncertainty that hinders economic activity. Statement Regarding Purchases of Treasury Securities and Agency Mortgage-Backed Securities",2014-02-26,My Life at the Federal Reserve: Embracing Change and Collaboration,https://fraser.stlouisfed.org/title/statements-speeches-sandra-pianalto-3770/life-federal-reserve-embracing-change-collaboration-475355,COMMUNICATION_EVENT_DATE_STRICTLY_BEFORE_SEP_WHEN_TIME_UNKNOWN,SEP_RELEASE_DATE_AFTER_OFFICIAL_POLICY_STATEMENT; EXACT_RELEASE_TIME_NOT_STORED,NO
2014-03-19,William C. Dudley,COMMITTEE_HOLD,0,UNCHANGED,VOTE_ACTION_PROXY,2014-03-19,0,https://www.federalreserve.gov/newsevents/pressreleases/monetary20140319a.htm,"Voting for the FOMC monetary policy action were: Janet L. Yellen, Chair; William C. Dudley, Vice Chairman; Richard W. Fisher; Sandra Pianalto; Charles I. Plosser; Jerome H. Powell; Jeremy C. Stein; and Daniel K. Tarullo. Voting against the action was Narayana Kocherlakota, who supported the sixth paragraph, but believed the fifth paragraph weakens the credibility of the Committee's commitment to return inflation to the 2 percent target from below and fosters policy uncertainty that hinders economic activity. Statement Regarding Purchases of Treasury Securities and Agency Mortgage-Backed Securities",2014-03-07,The National and Regional Economy,https://fraser.stlouisfed.org/title/statements-speeches-william-c-dudley-6749/national-regional-economy-618987,COMMUNICATION_EVENT_DATE_STRICTLY_BEFORE_SEP_WHEN_TIME_UNKNOWN,SEP_RELEASE_DATE_AFTER_OFFICIAL_POLICY_STATEMENT; EXACT_RELEASE_TIME_NOT_STORED,NO
2014-06-18,Charles I. Plosser,COMMITTEE_HOLD,0,UNCHANGED,VOTE_ACTION_PROXY,2014-06-18,0,https://www.federalreserve.gov/newsevents/pressreleases/monetary20140618a.htm,"Voting for the FOMC monetary policy action were: Janet L. Yellen, Chair; William C. Dudley, Vice Chairman; Lael Brainard; Stanley Fischer; Richard W. Fisher; Narayana Kocherlakota; Loretta J. Mester; Charles I. Plosser; Jerome H. Powell; and Daniel K. Tarullo. Statement Regarding Purchases of Treasury Securities and Agency Mortgage-Backed Securities",2014-05-30,Monetary Rules: Theory and Practice,https://fraser.stlouisfed.org/title/statements-speeches-charles-i-plosser-6101/monetary-rules-theory-practice-586749,COMMUNICATION_EVENT_DATE_STRICTLY_BEFORE_SEP_WHEN_TIME_UNKNOWN,SEP_RELEASE_DATE_AFTER_OFFICIAL_POLICY_STATEMENT; EXACT_RELEASE_TIME_NOT_STORED,NO
2014-06-18,Charles L. Evans,UNKNOWN,,UNKNOWN,NO_DIRECTIONAL_PERSONAL_EVIDENCE_CLASSIFIED,,,,,2014-06-02,A Perspective on Unconventional Monetary Policy,https://www.chicagofed.org/publications/speeches/2014/06-02-14-charles-evans-istanbul-monetary-policy,COMMUNICATION_EVENT_DATE_STRICTLY_BEFORE_SEP_WHEN_TIME_UNKNOWN,SEP_RELEASE_DATE_AFTER_OFFICIAL_POLICY_STATEMENT; EXACT_RELEASE_TIME_NOT_STORED,NO
2014-06-18,Christine Cumming,UNKNOWN,,UNKNOWN,NO_DIRECTIONAL_PERSONAL_EVIDENCE_CLASSIFIED,,,,,2014-03-27,Cumming: Reform in a Time of Rapid Change,https://www.newyorkfed.org/newsevents/speeches/2014/cumming140402,COMMUNICATION_EVENT_DATE_STRICTLY_BEFORE_SEP_WHEN_TIME_UNKNOWN,SEP_RELEASE_DATE_AFTER_OFFICIAL_POLICY_STATEMENT; EXACT_RELEASE_TIME_NOT_STORED,NO
2014-06-18,Daniel K. Tarullo,COMMITTEE_HOLD,0,UNCHANGED,VOTE_ACTION_PROXY,2014-06-18,0,https://www.federalreserve.gov/newsevents/pressreleases/monetary20140618a.htm,"Voting for the FOMC monetary policy action were: Janet L. Yellen, Chair; William C. Dudley, Vice Chairman; Lael Brainard; Stanley Fischer; Richard W. Fisher; Narayana Kocherlakota; Loretta J. Mester; Charles I. Plosser; Jerome H. Powell; and Daniel K. Tarullo. Statement Regarding Purchases of Treasury Securities and Agency Mortgage-Backed Securities",2014-06-09,Corporate Governance and Prudential Regulation,https://www.federalreserve.gov/newsevents/speech/tarullo20140609a.htm,COMMUNICATION_EVENT_DATE_STRICTLY_BEFORE_SEP_WHEN_TIME_UNKNOWN,SEP_RELEASE_DATE_AFTER_OFFICIAL_POLICY_STATEMENT; EXACT_RELEASE_TIME_NOT_STORED,NO
2014-06-18,Dennis P. Lockhart,UNKNOWN,,UNKNOWN,NO_DIRECTIONAL_PERSONAL_EVIDENCE_CLASSIFIED,,,,,2014-05-27,The Economic and Community Banking Landscape,https://fraser.stlouisfed.org/title/statements-speeches-dennis-lockhart-5579/economic-community-banking-landscape-558065,COMMUNICATION_EVENT_DATE_STRICTLY_BEFORE_SEP_WHEN_TIME_UNKNOWN,SEP_RELEASE_DATE_AFTER_OFFICIAL_POLICY_STATEMENT; EXACT_RELEASE_TIME_NOT_STORED,NO
2014-06-18,Eric S. Rosengren,UNKNOWN,,UNKNOWN,NO_DIRECTIONAL_PERSONAL_EVIDENCE_CLASSIFIED,,,,,2012-06-29,Our Financial Structures - Are They Prepared for Financial Instability?,https://fraser.stlouisfed.org/title/statements-speeches-eric-rosengren-9015/financial-structures-prepared-financial-instability-667483,COMMUNICATION_EVENT_DATE_STRICTLY_BEFORE_SEP_WHEN_TIME_UNKNOWN,SEP_RELEASE_DATE_AFTER_OFFICIAL_POLICY_STATEMENT; EXACT_RELEASE_TIME_NOT_STORED,NO
2014-06-18,Esther L. George,UNKNOWN,,UNKNOWN,NO_DIRECTIONAL_PERSONAL_EVIDENCE_CLASSIFIED,,,,,2014-06-03,The Path to Normalization,https://fraser.stlouisfed.org/title/statements-speeches-esther-l-george-9278/path-normalization-679563,COMMUNICATION_EVENT_DATE_STRICTLY_BEFORE_SEP_WHEN_TIME_UNKNOWN,SEP_RELEASE_DATE_AFTER_OFFICIAL_POLICY_STATEMENT; EXACT_RELEASE_TIME_NOT_STORED,NO
2014-06-18,James Bullard,UNKNOWN,,UNKNOWN,NO_DIRECTIONAL_PERSONAL_EVIDENCE_CLASSIFIED,,,,,2012-12-03,"Making Sense of Thresholds, Triggers, Twists, and Timelines",https://fraser.stlouisfed.org/title/statements-speeches-james-bullard-7161/making-sense-thresholds-triggers-twists-timelines-655000,COMMUNICATION_EVENT_DATE_STRICTLY_BEFORE_SEP_WHEN_TIME_UNKNOWN,SEP_RELEASE_DATE_AFTER_OFFICIAL_POLICY_STATEMENT; EXACT_RELEASE_TIME_NOT_STORED,NO
2014-06-18,Janet L. Yellen,COMMITTEE_HOLD,0,UNCHANGED,VOTE_ACTION_PROXY,2014-06-18,0,https://www.federalreserve.gov/newsevents/pressreleases/monetary20140618a.htm,"Voting for the FOMC monetary policy action were: Janet L. Yellen, Chair; William C. Dudley, Vice Chairman; Lael Brainard; Stanley Fischer; Richard W. Fisher; Narayana Kocherlakota; Loretta J. Mester; Charles I. Plosser; Jerome H. Powell; and Daniel K. Tarullo. Statement Regarding Purchases of Treasury Securities and Agency Mortgage-Backed Securities",2014-05-21,Commencement Remarks,https://www.federalreserve.gov/newsevents/speech/yellen20140521a.htm,COMMUNICATION_EVENT_DATE_STRICTLY_BEFORE_SEP_WHEN_TIME_UNKNOWN,SEP_RELEASE_DATE_AFTER_OFFICIAL_POLICY_STATEMENT; EXACT_RELEASE_TIME_NOT_STORED,NO
2014-06-18,Jeffrey M. Lacker,UNKNOWN,,UNKNOWN,NO_DIRECTIONAL_PERSONAL_EVIDENCE_CLASSIFIED,,,,,2014-05-30,"The Fed as Lender of Last Resort: Comments on ""Rules for a Lender of Last Resort"" by Michael Bordo",https://fraser.stlouisfed.org/title/statements-speeches-jeffrey-m-lacker-6827/fed-lender-last-resort-comments-rules-a-lender-last-resort-michael-bordo-678740,COMMUNICATION_EVENT_DATE_STRICTLY_BEFORE_SEP_WHEN_TIME_UNKNOWN,SEP_RELEASE_DATE_AFTER_OFFICIAL_POLICY_STATEMENT; EXACT_RELEASE_TIME_NOT_STORED,NO
2014-06-18,Jerome H. Powell,COMMITTEE_HOLD,0,UNCHANGED,VOTE_ACTION_PROXY,2014-06-18,0,https://www.federalreserve.gov/newsevents/pressreleases/monetary20140618a.htm,"Voting for the FOMC monetary policy action were: Janet L. Yellen, Chair; William C. Dudley, Vice Chairman; Lael Brainard; Stanley Fischer; Richard W. Fisher; Narayana Kocherlakota; Loretta J. Mester; Charles I. Plosser; Jerome H. Powell; and Daniel K. Tarullo. Statement Regarding Purchases of Treasury Securities and Agency Mortgage-Backed Securities",2014-06-06,A Conversation on Central Banking Issues,https://www.federalreserve.gov/newsevents/speech/powell20140606a.htm,COMMUNICATION_EVENT_DATE_STRICTLY_BEFORE_SEP_WHEN_TIME_UNKNOWN,SEP_RELEASE_DATE_AFTER_OFFICIAL_POLICY_STATEMENT; EXACT_RELEASE_TIME_NOT_STORED,NO
2014-06-18,John C. Williams,UNKNOWN,,UNKNOWN,NO_DIRECTIONAL_PERSONAL_EVIDENCE_CLASSIFIED,,,,,2014-06-05,Financial Stability and Monetary Policy: Happy Marriage or Untenable Union?,https://fraser.stlouisfed.org/title/statements-speeches-john-c-williams-9040/financial-stability-monetary-policy-happy-marriage-untenable-union-671866,COMMUNICATION_EVENT_DATE_STRICTLY_BEFORE_SEP_WHEN_TIME_UNKNOWN,SEP_RELEASE_DATE_AFTER_OFFICIAL_POLICY_STATEMENT; EXACT_RELEASE_TIME_NOT_STORED,NO
2014-06-18,Lael Brainard,COMMITTEE_HOLD,0,UNKNOWN,VOTE_ACTION_PROXY,2014-06-18,0,https://www.federalreserve.gov/newsevents/pressreleases/monetary20140618a.htm,"Voting for the FOMC monetary policy action were: Janet L. Yellen, Chair; William C. Dudley, Vice Chairman; Lael Brainard; Stanley Fischer; Richard W. Fisher; Narayana Kocherlakota; Loretta J. Mester; Charles I. Plosser; Jerome H. Powell; and Daniel K. Tarullo. Statement Regarding Purchases of Treasury Securities and Agency Mortgage-Backed Securities",,,,COMMUNICATION_EVENT_DATE_STRICTLY_BEFORE_SEP_WHEN_TIME_UNKNOWN,SEP_RELEASE_DATE_AFTER_OFFICIAL_POLICY_STATEMENT; EXACT_RELEASE_TIME_NOT_STORED,NO
2014-06-18,Loretta J. Mester,COMMITTEE_HOLD,0,UNKNOWN,VOTE_ACTION_PROXY,2014-06-18,0,https://www.federalreserve.gov/newsevents/pressreleases/monetary20140618a.htm,"Voting for the FOMC monetary policy action were: Janet L. Yellen, Chair; William C. Dudley, Vice Chairman; Lael Brainard; Stanley Fischer; Richard W. Fisher; Narayana Kocherlakota; Loretta J. Mester; Charles I. Plosser; Jerome H. Powell; and Daniel K. Tarullo. Statement Regarding Purchases of Treasury Securities and Agency Mortgage-Backed Securities",,,,COMMUNICATION_EVENT_DATE_STRICTLY_BEFORE_SEP_WHEN_TIME_UNKNOWN,SEP_RELEASE_DATE_AFTER_OFFICIAL_POLICY_STATEMENT; EXACT_RELEASE_TIME_NOT_STORED,NO
2014-06-18,Narayana Kocherlakota,COMMITTEE_HOLD,0,MORE_HAWKISH,VOTE_ACTION_PROXY,2014-06-18,0,https://www.federalreserve.gov/newsevents/pressreleases/monetary20140618a.htm,"Voting for the FOMC monetary policy action were: Janet L. Yellen, Chair; William C. Dudley, Vice Chairman; Lael Brainard; Stanley Fischer; Richard W. Fisher; Narayana Kocherlakota; Loretta J. Mester; Charles I. Plosser; Jerome H. Powell; and Daniel K. Tarullo. Statement Regarding Purchases of Treasury Securities and Agency Mortgage-Backed Securities",2014-06-05,Low Real Interest Rates,https://fraser.stlouisfed.org/title/statements-speeches-narayana-kocherlakota-9360/low-real-interest-rates-685603,COMMUNICATION_EVENT_DATE_STRICTLY_BEFORE_SEP_WHEN_TIME_UNKNOWN,SEP_RELEASE_DATE_AFTER_OFFICIAL_POLICY_STATEMENT; EXACT_RELEASE_TIME_NOT_STORED,NO
2014-06-18,Richard W. Fisher,COMMITTEE_HOLD,0,UNCHANGED,VOTE_ACTION_PROXY,2014-06-18,0,https://www.federalreserve.gov/newsevents/pressreleases/monetary20140618a.htm,"Voting for the FOMC monetary policy action were: Janet L. Yellen, Chair; William C. Dudley, Vice Chairman; Lael Brainard; Stanley Fischer; Richard W. Fisher; Narayana Kocherlakota; Loretta J. Mester; Charles I. Plosser; Jerome H. Powell; and Daniel K. Tarullo. Statement Regarding Purchases of Treasury Securities and Agency Mortgage-Backed Securities",2014-05-17,"Never Let Your Brains Go to Your Head' (With Reference to the Sages of the Ages, Diana Sorensen, John Paul Jones and 'Babe' Fisher)",https://www.dallasfed.org/news/speeches/fisher/2014/fs140517.aspx,COMMUNICATION_EVENT_DATE_STRICTLY_BEFORE_SEP_WHEN_TIME_UNKNOWN,SEP_RELEASE_DATE_AFTER_OFFICIAL_POLICY_STATEMENT; EXACT_RELEASE_TIME_NOT_STORED,NO
2014-06-18,Stanley Fischer,COMMITTEE_HOLD,0,UNKNOWN,VOTE_ACTION_PROXY,2014-06-18,0,https://www.federalreserve.gov/newsevents/pressreleases/monetary20140618a.htm,"Voting for the FOMC monetary policy action were: Janet L. Yellen, Chair; William C. Dudley, Vice Chairman; Lael Brainard; Stanley Fischer; Richard W. Fisher; Narayana Kocherlakota; Loretta J. Mester; Charles I. Plosser; Jerome H. Powell; and Daniel K. Tarullo. Statement Regarding Purchases of Treasury Securities and Agency Mortgage-Backed Securities",,,,COMMUNICATION_EVENT_DATE_STRICTLY_BEFORE_SEP_WHEN_TIME_UNKNOWN,SEP_RELEASE_DATE_AFTER_OFFICIAL_POLICY_STATEMENT; EXACT_RELEASE_TIME_NOT_STORED,NO
2014-06-18,William C. Dudley,COMMITTEE_HOLD,0,UNCHANGED,VOTE_ACTION_PROXY,2014-06-18,0,https://www.federalreserve.gov/newsevents/pressreleases/monetary20140618a.htm,"Voting for the FOMC monetary policy action were: Janet L. Yellen, Chair; William C. Dudley, Vice Chairman; Lael Brainard; Stanley Fischer; Richard W. Fisher; Narayana Kocherlakota; Loretta J. Mester; Charles I. Plosser; Jerome H. Powell; and Daniel K. Tarullo. Statement Regarding Purchases of Treasury Securities and Agency Mortgage-Backed Securities",2014-05-21,What Kind of Jobs Have Been Created During the Recovery?,https://fraser.stlouisfed.org/title/statements-speeches-william-c-dudley-6749/kind-jobs-created-recovery-618990,COMMUNICATION_EVENT_DATE_STRICTLY_BEFORE_SEP_WHEN_TIME_UNKNOWN,SEP_RELEASE_DATE_AFTER_OFFICIAL_POLICY_STATEMENT; EXACT_RELEASE_TIME_NOT_STORED,NO
2014-09-17,Charles I. Plosser,TIGHTER,2,MORE_HAWKISH,NAMED_DISSENT,2014-09-17,0,https://www.federalreserve.gov/newsevents/pressreleases/monetary20140917a.htm,"Voting for the FOMC monetary policy action were: Janet L. Yellen, Chair; William C. Dudley, Vice Chairman; Lael Brainard; Stanley Fischer; Narayana Kocherlakota; Loretta J. Mester; Jerome H. Powell; and Daniel K. Tarullo. Voting against the action were Richard W. Fisher and Charles I. Plosser. President Fisher believed that the continued strengthening of the real economy, improved outlook for labor utilization and for general price stability, and continued signs of financial market excess, will likely warrant an earlier reduction in monetary accommodation than is suggested by the Committee's stated forward guidance. President Plosser objected to the guidance indicating that it likely will be appropriate to maintain the current target range for the federal funds rate for ""a considerable time after the asset purchase program ends,"" because such language is time dependent and does not reflect the considerable economic progress that has been made toward the Committee's goals. Statement Regarding Purchases of Treasury Securities and Agency Mortgage-Backed Securities",2014-09-06,The Economic Outlook,https://fraser.stlouisfed.org/title/statements-speeches-charles-i-plosser-6101/economic-outlook-586751,COMMUNICATION_EVENT_DATE_STRICTLY_BEFORE_SEP_WHEN_TIME_UNKNOWN,SEP_RELEASE_DATE_AFTER_OFFICIAL_POLICY_STATEMENT; EXACT_RELEASE_TIME_NOT_STORED,NO
2014-09-17,Charles L. Evans,UNKNOWN,,UNKNOWN,NO_DIRECTIONAL_PERSONAL_EVIDENCE_CLASSIFIED,,,,,2014-07-11,Monetary Policy Strategies and Accountability,https://www.chicagofed.org/publications/speeches/2014/07-11-14-charles-evans-monetary-policy-jackson-hole-wy,COMMUNICATION_EVENT_DATE_STRICTLY_BEFORE_SEP_WHEN_TIME_UNKNOWN,SEP_RELEASE_DATE_AFTER_OFFICIAL_POLICY_STATEMENT; EXACT_RELEASE_TIME_NOT_STORED,NO
2014-09-17,Christine Cumming,UNKNOWN,,UNKNOWN,NO_DIRECTIONAL_PERSONAL_EVIDENCE_CLASSIFIED,,,,,2014-03-27,Cumming: Reform in a Time of Rapid Change,https://www.newyorkfed.org/newsevents/speeches/2014/cumming140402,COMMUNICATION_EVENT_DATE_STRICTLY_BEFORE_SEP_WHEN_TIME_UNKNOWN,SEP_RELEASE_DATE_AFTER_OFFICIAL_POLICY_STATEMENT; EXACT_RELEASE_TIME_NOT_STORED,NO
2014-09-17,Daniel K. Tarullo,COMMITTEE_HOLD,0,UNCHANGED,VOTE_ACTION_PROXY,2014-09-17,0,https://www.federalreserve.gov/newsevents/pressreleases/monetary20140917a.htm,"Voting for the FOMC monetary policy action were: Janet L. Yellen, Chair; William C. Dudley, Vice Chairman; Lael Brainard; Stanley Fischer; Narayana Kocherlakota; Loretta J. Mester; Jerome H. Powell; and Daniel K. Tarullo. Voting against the action were Richard W. Fisher and Charles I. Plosser. President Fisher believed that the continued strengthening of the real economy, improved outlook for labor utilization and for general price stability, and continued signs of financial market excess, will likely warrant an earlier reduction in monetary accommodation than is suggested by the Committee's stated forward guidance. President Plosser objected to the guidance indicating that it likely will be appropriate to maintain the current target range for the federal funds rate for ""a considerable time after the asset purchase program ends,"" because such language is time dependent and does not reflect the considerable economic progress that has been made toward the Committee's goals. Statement Regarding Purchases of Treasury Securities and Agency Mortgage-Backed Securities",2014-06-25,Stress Testing after Five Years,https://www.federalreserve.gov/newsevents/speech/tarullo20140625a.htm,COMMUNICATION_EVENT_DATE_STRICTLY_BEFORE_SEP_WHEN_TIME_UNKNOWN,SEP_RELEASE_DATE_AFTER_OFFICIAL_POLICY_STATEMENT; EXACT_RELEASE_TIME_NOT_STORED,NO
2014-09-17,Dennis P. Lockhart,UNKNOWN,,UNKNOWN,NO_DIRECTIONAL_PERSONAL_EVIDENCE_CLASSIFIED,,,,,2014-07-11,Thoughts on Liftoff,https://fraser.stlouisfed.org/title/statements-speeches-dennis-lockhart-5579/thoughts-liftoff-558066,COMMUNICATION_EVENT_DATE_STRICTLY_BEFORE_SEP_WHEN_TIME_UNKNOWN,SEP_RELEASE_DATE_AFTER_OFFICIAL_POLICY_STATEMENT; EXACT_RELEASE_TIME_NOT_STORED,NO
2014-09-17,Eric S. Rosengren,UNKNOWN,,UNKNOWN,NO_DIRECTIONAL_PERSONAL_EVIDENCE_CLASSIFIED,,,,,2012-06-29,Our Financial Structures - Are They Prepared for Financial Instability?,https://fraser.stlouisfed.org/title/statements-speeches-eric-rosengren-9015/financial-structures-prepared-financial-instability-667483,COMMUNICATION_EVENT_DATE_STRICTLY_BEFORE_SEP_WHEN_TIME_UNKNOWN,SEP_RELEASE_DATE_AFTER_OFFICIAL_POLICY_STATEMENT; EXACT_RELEASE_TIME_NOT_STORED,NO
2014-09-17,Esther L. George,UNKNOWN,,UNKNOWN,NO_DIRECTIONAL_PERSONAL_EVIDENCE_CLASSIFIED,,,,,2014-07-15,A Steady Transition for Monetary Policy,https://fraser.stlouisfed.org/title/statements-speeches-esther-l-george-9278/a-steady-transition-monetary-policy-679564,COMMUNICATION_EVENT_DATE_STRICTLY_BEFORE_SEP_WHEN_TIME_UNKNOWN,SEP_RELEASE_DATE_AFTER_OFFICIAL_POLICY_STATEMENT; EXACT_RELEASE_TIME_NOT_STORED,NO
2014-09-17,James Bullard,UNKNOWN,,UNKNOWN,NO_DIRECTIONAL_PERSONAL_EVIDENCE_CLASSIFIED,,,,,2012-12-03,"Making Sense of Thresholds, Triggers, Twists, and Timelines",https://fraser.stlouisfed.org/title/statements-speeches-james-bullard-7161/making-sense-thresholds-triggers-twists-timelines-655000,COMMUNICATION_EVENT_DATE_STRICTLY_BEFORE_SEP_WHEN_TIME_UNKNOWN,SEP_RELEASE_DATE_AFTER_OFFICIAL_POLICY_STATEMENT; EXACT_RELEASE_TIME_NOT_STORED,NO
2014-09-17,Janet L. Yellen,COMMITTEE_HOLD,0,UNCHANGED,VOTE_ACTION_PROXY,2014-09-17,0,https://www.federalreserve.gov/newsevents/pressreleases/monetary20140917a.htm,"Voting for the FOMC monetary policy action were: Janet L. Yellen, Chair; William C. Dudley, Vice Chairman; Lael Brainard; Stanley Fischer; Narayana Kocherlakota; Loretta J. Mester; Jerome H. Powell; and Daniel K. Tarullo. Voting against the action were Richard W. Fisher and Charles I. Plosser. President Fisher believed that the continued strengthening of the real economy, improved outlook for labor utilization and for general price stability, and continued signs of financial market excess, will likely warrant an earlier reduction in monetary accommodation than is suggested by the Committee's stated forward guidance. President Plosser objected to the guidance indicating that it likely will be appropriate to maintain the current target range for the federal funds rate for ""a considerable time after the asset purchase program ends,"" because such language is time dependent and does not reflect the considerable economic progress that has been made toward the Committee's goals. Statement Regarding Purchases of Treasury Securities and Agency Mortgage-Backed Securities",2014-08-22,Labor Market Dynamics and Monetary Policy,https://www.federalreserve.gov/newsevents/speech/yellen20140822a.htm,COMMUNICATION_EVENT_DATE_STRICTLY_BEFORE_SEP_WHEN_TIME_UNKNOWN,SEP_RELEASE_DATE_AFTER_OFFICIAL_POLICY_STATEMENT; EXACT_RELEASE_TIME_NOT_STORED,NO
2014-09-17,Jeffrey M. Lacker,UNKNOWN,,UNKNOWN,NO_DIRECTIONAL_PERSONAL_EVIDENCE_CLASSIFIED,,,,,2014-07-08,"Economic Outlook, July 2014",https://www.richmondfed.org/press_room/speeches/jeffrey_m_lacker/2014/lacker_speech_20140708,COMMUNICATION_EVENT_DATE_STRICTLY_BEFORE_SEP_WHEN_TIME_UNKNOWN,SEP_RELEASE_DATE_AFTER_OFFICIAL_POLICY_STATEMENT; EXACT_RELEASE_TIME_NOT_STORED,NO
2014-09-17,Jerome H. Powell,COMMITTEE_HOLD,0,UNCHANGED,VOTE_ACTION_PROXY,2014-09-17,0,https://www.federalreserve.gov/newsevents/pressreleases/monetary20140917a.htm,"Voting for the FOMC monetary policy action were: Janet L. Yellen, Chair; William C. Dudley, Vice Chairman; Lael Brainard; Stanley Fischer; Narayana Kocherlakota; Loretta J. Mester; Jerome H. Powell; and Daniel K. Tarullo. Voting against the action were Richard W. Fisher and Charles I. Plosser. President Fisher believed that the continued strengthening of the real economy, improved outlook for labor utilization and for general price stability, and continued signs of financial market excess, will likely warrant an earlier reduction in monetary accommodation than is suggested by the Committee's stated forward guidance. President Plosser objected to the guidance indicating that it likely will be appropriate to maintain the current target range for the federal funds rate for ""a considerable time after the asset purchase program ends,"" because such language is time dependent and does not reflect the considerable economic progress that has been made toward the Committee's goals. Statement Regarding Purchases of Treasury Securities and Agency Mortgage-Backed Securities",2014-09-04,Reforming U.S. Dollar LIBOR: The Path Forward,https://www.federalreserve.gov/newsevents/speech/powell20140904a.htm,COMMUNICATION_EVENT_DATE_STRICTLY_BEFORE_SEP_WHEN_TIME_UNKNOWN,SEP_RELEASE_DATE_AFTER_OFFICIAL_POLICY_STATEMENT; EXACT_RELEASE_TIME_NOT_STORED,NO
2014-09-17,John C. Williams,UNKNOWN,,UNKNOWN,NO_DIRECTIONAL_PERSONAL_EVIDENCE_CLASSIFIED,,,,,2014-07-16,Opening remarks to the Los Angeles Unite for Veterans Summit - San Francisco Fed,https://www.frbsf.org/news-and-media/speeches/williams-speeches/2014/07/opening-remarks-los-angeles-unite-for-veterans-summit,COMMUNICATION_EVENT_DATE_STRICTLY_BEFORE_SEP_WHEN_TIME_UNKNOWN,SEP_RELEASE_DATE_AFTER_OFFICIAL_POLICY_STATEMENT; EXACT_RELEASE_TIME_NOT_STORED,NO
2014-09-17,Lael Brainard,COMMITTEE_HOLD,0,UNCHANGED,VOTE_ACTION_PROXY,2014-09-17,0,https://www.federalreserve.gov/newsevents/pressreleases/monetary20140917a.htm,"Voting for the FOMC monetary policy action were: Janet L. Yellen, Chair; William C. Dudley, Vice Chairman; Lael Brainard; Stanley Fischer; Narayana Kocherlakota; Loretta J. Mester; Jerome H. Powell; and Daniel K. Tarullo. Voting against the action were Richard W. Fisher and Charles I. Plosser. President Fisher believed that the continued strengthening of the real economy, improved outlook for labor utilization and for general price stability, and continued signs of financial market excess, will likely warrant an earlier reduction in monetary accommodation than is suggested by the Committee's stated forward guidance. President Plosser objected to the guidance indicating that it likely will be appropriate to maintain the current target range for the federal funds rate for ""a considerable time after the asset purchase program ends,"" because such language is time dependent and does not reflect the considerable economic progress that has been made toward the Committee's goals. Statement Regarding Purchases of Treasury Securities and Agency Mortgage-Backed Securities",,,,COMMUNICATION_EVENT_DATE_STRICTLY_BEFORE_SEP_WHEN_TIME_UNKNOWN,SEP_RELEASE_DATE_AFTER_OFFICIAL_POLICY_STATEMENT; EXACT_RELEASE_TIME_NOT_STORED,NO
2014-09-17,Loretta J. Mester,COMMITTEE_HOLD,0,UNCHANGED,VOTE_ACTION_PROXY,2014-09-17,0,https://www.federalreserve.gov/newsevents/pressreleases/monetary20140917a.htm,"Voting for the FOMC monetary policy action were: Janet L. Yellen, Chair; William C. Dudley, Vice Chairman; Lael Brainard; Stanley Fischer; Narayana Kocherlakota; Loretta J. Mester; Jerome H. Powell; and Daniel K. Tarullo. Voting against the action were Richard W. Fisher and Charles I. Plosser. President Fisher believed that the continued strengthening of the real economy, improved outlook for labor utilization and for general price stability, and continued signs of financial market excess, will likely warrant an earlier reduction in monetary accommodation than is suggested by the Committee's stated forward guidance. President Plosser objected to the guidance indicating that it likely will be appropriate to maintain the current target range for the federal funds rate for ""a considerable time after the asset purchase program ends,"" because such language is time dependent and does not reflect the considerable economic progress that has been made toward the Committee's goals. Statement Regarding Purchases of Treasury Securities and Agency Mortgage-Backed Securities",2014-09-04,"The Economic Outlook, Monetary Policy, and Communications: Progress on Multiple Journeys",https://www.clevelandfed.org/collections/speeches/2014/sp-20140904-the-economic-outlook-monetary-policy-and-communications,COMMUNICATION_EVENT_DATE_STRICTLY_BEFORE_SEP_WHEN_TIME_UNKNOWN,SEP_RELEASE_DATE_AFTER_OFFICIAL_POLICY_STATEMENT; EXACT_RELEASE_TIME_NOT_STORED,NO
2014-09-17,Narayana Kocherlakota,COMMITTEE_HOLD,0,UNCHANGED,VOTE_ACTION_PROXY,2014-09-17,0,https://www.federalreserve.gov/newsevents/pressreleases/monetary20140917a.htm,"Voting for the FOMC monetary policy action were: Janet L. Yellen, Chair; William C. Dudley, Vice Chairman; Lael Brainard; Stanley Fischer; Narayana Kocherlakota; Loretta J. Mester; Jerome H. Powell; and Daniel K. Tarullo. Voting against the action were Richard W. Fisher and Charles I. Plosser. President Fisher believed that the continued strengthening of the real economy, improved outlook for labor utilization and for general price stability, and continued signs of financial market excess, will likely warrant an earlier reduction in monetary accommodation than is suggested by the Committee's stated forward guidance. President Plosser objected to the guidance indicating that it likely will be appropriate to maintain the current target range for the federal funds rate for ""a considerable time after the asset purchase program ends,"" because such language is time dependent and does not reflect the considerable economic progress that has been made toward the Committee's goals. Statement Regarding Purchases of Treasury Securities and Agency Mortgage-Backed Securities",2014-09-04,"Opening Remarks at Town Hall Forum, Carroll College, Helena, Montana",https://fraser.stlouisfed.org/title/statements-speeches-narayana-kocherlakota-9360/opening-remarks-town-hall-forum-carroll-college-helena-montana-685606,COMMUNICATION_EVENT_DATE_STRICTLY_BEFORE_SEP_WHEN_TIME_UNKNOWN,SEP_RELEASE_DATE_AFTER_OFFICIAL_POLICY_STATEMENT; EXACT_RELEASE_TIME_NOT_STORED,NO
2014-09-17,Richard W. Fisher,TIGHTER,2,MORE_HAWKISH,NAMED_DISSENT,2014-09-17,0,https://www.federalreserve.gov/newsevents/pressreleases/monetary20140917a.htm,"Voting for the FOMC monetary policy action were: Janet L. Yellen, Chair; William C. Dudley, Vice Chairman; Lael Brainard; Stanley Fischer; Narayana Kocherlakota; Loretta J. Mester; Jerome H. Powell; and Daniel K. Tarullo. Voting against the action were Richard W. Fisher and Charles I. Plosser. President Fisher believed that the continued strengthening of the real economy, improved outlook for labor utilization and for general price stability, and continued signs of financial market excess, will likely warrant an earlier reduction in monetary accommodation than is suggested by the Committee's stated forward guidance. President Plosser objected to the guidance indicating that it likely will be appropriate to maintain the current target range for the federal funds rate for ""a considerable time after the asset purchase program ends,"" because such language is time dependent and does not reflect the considerable economic progress that has been made toward the Committee's goals. Statement Regarding Purchases of Treasury Securities and Agency Mortgage-Backed Securities",2014-09-04,"The Texas Jagannatha (With Reference to Indian Prime Minister Modi, a Hindu Goddess and Wodehouse's Big Money)",https://www.dallasfed.org/news/speeches/fisher/2014/fs140904.aspx,COMMUNICATION_EVENT_DATE_STRICTLY_BEFORE_SEP_WHEN_TIME_UNKNOWN,SEP_RELEASE_DATE_AFTER_OFFICIAL_POLICY_STATEMENT; EXACT_RELEASE_TIME_NOT_STORED,NO
2014-09-17,Stanley Fischer,COMMITTEE_HOLD,0,UNCHANGED,VOTE_ACTION_PROXY,2014-09-17,0,https://www.federalreserve.gov/newsevents/pressreleases/monetary20140917a.htm,"Voting for the FOMC monetary policy action were: Janet L. Yellen, Chair; William C. Dudley, Vice Chairman; Lael Brainard; Stanley Fischer; Narayana Kocherlakota; Loretta J. Mester; Jerome H. Powell; and Daniel K. Tarullo. Voting against the action were Richard W. Fisher and Charles I. Plosser. President Fisher believed that the continued strengthening of the real economy, improved outlook for labor utilization and for general price stability, and continued signs of financial market excess, will likely warrant an earlier reduction in monetary accommodation than is suggested by the Committee's stated forward guidance. President Plosser objected to the guidance indicating that it likely will be appropriate to maintain the current target range for the federal funds rate for ""a considerable time after the asset purchase program ends,"" because such language is time dependent and does not reflect the considerable economic progress that has been made toward the Committee's goals. Statement Regarding Purchases of Treasury Securities and Agency Mortgage-Backed Securities",2014-08-11,The Great Recession: Moving Ahead,https://www.federalreserve.gov/newsevents/speech/fischer20140811a.htm,COMMUNICATION_EVENT_DATE_STRICTLY_BEFORE_SEP_WHEN_TIME_UNKNOWN,SEP_RELEASE_DATE_AFTER_OFFICIAL_POLICY_STATEMENT; EXACT_RELEASE_TIME_NOT_STORED,NO
2014-09-17,William C. Dudley,COMMITTEE_HOLD,0,UNCHANGED,VOTE_ACTION_PROXY,2014-09-17,0,https://www.federalreserve.gov/newsevents/pressreleases/monetary20140917a.htm,"Voting for the FOMC monetary policy action were: Janet L. Yellen, Chair; William C. Dudley, Vice Chairman; Lael Brainard; Stanley Fischer; Narayana Kocherlakota; Loretta J. Mester; Jerome H. Powell; and Daniel K. Tarullo. Voting against the action were Richard W. Fisher and Charles I. Plosser. President Fisher believed that the continued strengthening of the real economy, improved outlook for labor utilization and for general price stability, and continued signs of financial market excess, will likely warrant an earlier reduction in monetary accommodation than is suggested by the Committee's stated forward guidance. President Plosser objected to the guidance indicating that it likely will be appropriate to maintain the current target range for the federal funds rate for ""a considerable time after the asset purchase program ends,"" because such language is time dependent and does not reflect the considerable economic progress that has been made toward the Committee's goals. Statement Regarding Purchases of Treasury Securities and Agency Mortgage-Backed Securities",2014-08-13,Dudley: Welcoming Remarks at Workshop on the Risks of Wholesale Funding,https://www.newyorkfed.org/newsevents/speeches/2014/dud140813,COMMUNICATION_EVENT_DATE_STRICTLY_BEFORE_SEP_WHEN_TIME_UNKNOWN,SEP_RELEASE_DATE_AFTER_OFFICIAL_POLICY_STATEMENT; EXACT_RELEASE_TIME_NOT_STORED,NO
2014-12-17,Charles I. Plosser,TIGHTER,2,UNCHANGED,NAMED_DISSENT,2014-12-17,0,https://www.federalreserve.gov/newsevents/pressreleases/monetary20141217a.htm,"Voting for the FOMC monetary policy action were: Janet L. Yellen, Chair; William C. Dudley, Vice Chairman; Lael Brainard; Stanley Fischer; Loretta J. Mester; Jerome H. Powell; and Daniel K. Tarullo. Voting against the action were Richard W. Fisher, who believed that, while the Committee should be patient in beginning to normalize monetary policy, improvement in the U.S. economic performance since October has moved forward, further than the majority of the Committee envisions, the date when it will likely be appropriate to increase the federal funds rate; Narayana Kocherlakota, who believed that the Committee's decision, in the context of ongoing low inflation and falling market-based measures of longer-term inflation expectations, created undue downside risk to the credibility of the 2 percent inflation target; and Charles I. Plosser, who believed that the statement should not stress the importance of the passage of time as a key element of its forward guidance and, given the improvement in economic conditions, should not emphasize the consistency of the current forward guidance with previous statements.",2014-12-03,A Longer-Term View of the U.S. Economy and Monetary Policy,https://fraser.stlouisfed.org/title/statements-speeches-charles-i-plosser-6101/a-longer-term-view-us-economy-monetary-policy-586756,COMMUNICATION_EVENT_DATE_STRICTLY_BEFORE_SEP_WHEN_TIME_UNKNOWN,SEP_RELEASE_DATE_AFTER_OFFICIAL_POLICY_STATEMENT; EXACT_RELEASE_TIME_NOT_STORED,NO
2014-12-17,Charles L. Evans,UNKNOWN,,UNKNOWN,NO_DIRECTIONAL_PERSONAL_EVIDENCE_CLASSIFIED,,,,,2014-10-13,"Monetary Policy Normalization: If Not Now, When? - National Council on Teacher Retirement",https://fraser.stlouisfed.org/title/statements-speeches-charles-l-evans-8969/monetary-policy-normalization-national-council-teacher-retirement-666895,COMMUNICATION_EVENT_DATE_STRICTLY_BEFORE_SEP_WHEN_TIME_UNKNOWN,SEP_RELEASE_DATE_AFTER_OFFICIAL_POLICY_STATEMENT; EXACT_RELEASE_TIME_NOT_STORED,NO
2014-12-17,Christine Cumming,UNKNOWN,,UNKNOWN,NO_DIRECTIONAL_PERSONAL_EVIDENCE_CLASSIFIED,,,,,2014-03-27,Cumming: Reform in a Time of Rapid Change,https://www.newyorkfed.org/newsevents/speeches/2014/cumming140402,COMMUNICATION_EVENT_DATE_STRICTLY_BEFORE_SEP_WHEN_TIME_UNKNOWN,SEP_RELEASE_DATE_AFTER_OFFICIAL_POLICY_STATEMENT; EXACT_RELEASE_TIME_NOT_STORED,NO
2014-12-17,Daniel K. Tarullo,COMMITTEE_HOLD,0,UNCHANGED,VOTE_ACTION_PROXY,2014-12-17,0,https://www.federalreserve.gov/newsevents/pressreleases/monetary20141217a.htm,"Voting for the FOMC monetary policy action were: Janet L. Yellen, Chair; William C. Dudley, Vice Chairman; Lael Brainard; Stanley Fischer; Loretta J. Mester; Jerome H. Powell; and Daniel K. Tarullo. Voting against the action were Richard W. Fisher, who believed that, while the Committee should be patient in beginning to normalize monetary policy, improvement in the U.S. economic performance since October has moved forward, further than the majority of the Committee envisions, the date when it will likely be appropriate to increase the federal funds rate; Narayana Kocherlakota, who believed that the Committee's decision, in the context of ongoing low inflation and falling market-based measures of longer-term inflation expectations, created undue downside risk to the credibility of the 2 percent inflation target; and Charles I. Plosser, who believed that the statement should not stress the importance of the passage of time as a key element of its forward guidance and, given the improvement in economic conditions, should not emphasize the consistency of the current forward guidance with previous statements.",2014-11-20,Liquidity Regulation,https://www.federalreserve.gov/newsevents/speech/tarullo20141120a.htm,COMMUNICATION_EVENT_DATE_STRICTLY_BEFORE_SEP_WHEN_TIME_UNKNOWN,SEP_RELEASE_DATE_AFTER_OFFICIAL_POLICY_STATEMENT; EXACT_RELEASE_TIME_NOT_STORED,NO
2014-12-17,Dennis P. Lockhart,UNKNOWN,,UNKNOWN,NO_DIRECTIONAL_PERSONAL_EVIDENCE_CLASSIFIED,,,,,2014-12-08,More Than a Few Good Data,https://fraser.stlouisfed.org/title/statements-speeches-dennis-lockhart-5579/a-good-data-558069,COMMUNICATION_EVENT_DATE_STRICTLY_BEFORE_SEP_WHEN_TIME_UNKNOWN,SEP_RELEASE_DATE_AFTER_OFFICIAL_POLICY_STATEMENT; EXACT_RELEASE_TIME_NOT_STORED,NO
2014-12-17,Eric S. Rosengren,UNKNOWN,,UNKNOWN,NO_DIRECTIONAL_PERSONAL_EVIDENCE_CLASSIFIED,,,,,2012-06-29,Our Financial Structures - Are They Prepared for Financial Instability?,https://fraser.stlouisfed.org/title/statements-speeches-eric-rosengren-9015/financial-structures-prepared-financial-instability-667483,COMMUNICATION_EVENT_DATE_STRICTLY_BEFORE_SEP_WHEN_TIME_UNKNOWN,SEP_RELEASE_DATE_AFTER_OFFICIAL_POLICY_STATEMENT; EXACT_RELEASE_TIME_NOT_STORED,NO
2014-12-17,Esther L. George,UNKNOWN,,UNKNOWN,NO_DIRECTIONAL_PERSONAL_EVIDENCE_CLASSIFIED,,,,,2014-09-23,Community Bank Regulation: Intent vs. Reality,https://fraser.stlouisfed.org/title/statements-speeches-esther-l-george-9278/community-bank-regulation-intent-vs-reality-679565,COMMUNICATION_EVENT_DATE_STRICTLY_BEFORE_SEP_WHEN_TIME_UNKNOWN,SEP_RELEASE_DATE_AFTER_OFFICIAL_POLICY_STATEMENT; EXACT_RELEASE_TIME_NOT_STORED,NO
2014-12-17,James Bullard,UNKNOWN,,UNKNOWN,NO_DIRECTIONAL_PERSONAL_EVIDENCE_CLASSIFIED,,,,,2012-12-03,"Making Sense of Thresholds, Triggers, Twists, and Timelines",https://fraser.stlouisfed.org/title/statements-speeches-james-bullard-7161/making-sense-thresholds-triggers-twists-timelines-655000,COMMUNICATION_EVENT_DATE_STRICTLY_BEFORE_SEP_WHEN_TIME_UNKNOWN,SEP_RELEASE_DATE_AFTER_OFFICIAL_POLICY_STATEMENT; EXACT_RELEASE_TIME_NOT_STORED,NO
2014-12-17,Janet L. Yellen,COMMITTEE_HOLD,0,UNCHANGED,VOTE_ACTION_PROXY,2014-12-17,0,https://www.federalreserve.gov/newsevents/pressreleases/monetary20141217a.htm,"Voting for the FOMC monetary policy action were: Janet L. Yellen, Chair; William C. Dudley, Vice Chairman; Lael Brainard; Stanley Fischer; Loretta J. Mester; Jerome H. Powell; and Daniel K. Tarullo. Voting against the action were Richard W. Fisher, who believed that, while the Committee should be patient in beginning to normalize monetary policy, improvement in the U.S. economic performance since October has moved forward, further than the majority of the Committee envisions, the date when it will likely be appropriate to increase the federal funds rate; Narayana Kocherlakota, who believed that the Committee's decision, in the context of ongoing low inflation and falling market-based measures of longer-term inflation expectations, created undue downside risk to the credibility of the 2 percent inflation target; and Charles I. Plosser, who believed that the statement should not stress the importance of the passage of time as a key element of its forward guidance and, given the improvement in economic conditions, should not emphasize the consistency of the current forward guidance with previous statements.",2014-11-07,"Remarks at the Panel Discussion on ""Shaping the Future of the Macroeconomic Policy Mix""",https://www.federalreserve.gov/newsevents/speech/yellen20141107a.htm,COMMUNICATION_EVENT_DATE_STRICTLY_BEFORE_SEP_WHEN_TIME_UNKNOWN,SEP_RELEASE_DATE_AFTER_OFFICIAL_POLICY_STATEMENT; EXACT_RELEASE_TIME_NOT_STORED,NO
2014-12-17,Jeffrey M. Lacker,UNKNOWN,,UNKNOWN,NO_DIRECTIONAL_PERSONAL_EVIDENCE_CLASSIFIED,,,,,2014-11-05,Committing to Financial Stability,https://www.richmondfed.org/press_room/speeches/jeffrey_m_lacker/2014/lacker_speech_20141105,COMMUNICATION_EVENT_DATE_STRICTLY_BEFORE_SEP_WHEN_TIME_UNKNOWN,SEP_RELEASE_DATE_AFTER_OFFICIAL_POLICY_STATEMENT; EXACT_RELEASE_TIME_NOT_STORED,NO
2014-12-17,Jerome H. Powell,COMMITTEE_HOLD,0,UNCHANGED,VOTE_ACTION_PROXY,2014-12-17,0,https://www.federalreserve.gov/newsevents/pressreleases/monetary20141217a.htm,"Voting for the FOMC monetary policy action were: Janet L. Yellen, Chair; William C. Dudley, Vice Chairman; Lael Brainard; Stanley Fischer; Loretta J. Mester; Jerome H. Powell; and Daniel K. Tarullo. Voting against the action were Richard W. Fisher, who believed that, while the Committee should be patient in beginning to normalize monetary policy, improvement in the U.S. economic performance since October has moved forward, further than the majority of the Committee envisions, the date when it will likely be appropriate to increase the federal funds rate; Narayana Kocherlakota, who believed that the Committee's decision, in the context of ongoing low inflation and falling market-based measures of longer-term inflation expectations, created undue downside risk to the credibility of the 2 percent inflation target; and Charles I. Plosser, who believed that the statement should not stress the importance of the passage of time as a key element of its forward guidance and, given the improvement in economic conditions, should not emphasize the consistency of the current forward guidance with previous statements.",2014-11-14,"Monetary Policy Accommodation, Risk-Taking, and Spillovers",https://www.federalreserve.gov/newsevents/speech/powell20141114a.htm,COMMUNICATION_EVENT_DATE_STRICTLY_BEFORE_SEP_WHEN_TIME_UNKNOWN,SEP_RELEASE_DATE_AFTER_OFFICIAL_POLICY_STATEMENT; EXACT_RELEASE_TIME_NOT_STORED,NO
2014-12-17,John C. Williams,UNKNOWN,,UNKNOWN,NO_DIRECTIONAL_PERSONAL_EVIDENCE_CLASSIFIED,,,,,2014-10-31,Inflation Targeting and the Global Financial Crisis: Successes and Challenges - San Francisco Fed,https://www.frbsf.org/news-and-media/speeches/williams-speeches/2014/10/inflation-targeting-global-financial-crisis,COMMUNICATION_EVENT_DATE_STRICTLY_BEFORE_SEP_WHEN_TIME_UNKNOWN,SEP_RELEASE_DATE_AFTER_OFFICIAL_POLICY_STATEMENT; EXACT_RELEASE_TIME_NOT_STORED,NO
2014-12-17,Lael Brainard,COMMITTEE_HOLD,0,UNCHANGED,VOTE_ACTION_PROXY,2014-12-17,0,https://www.federalreserve.gov/newsevents/pressreleases/monetary20141217a.htm,"Voting for the FOMC monetary policy action were: Janet L. Yellen, Chair; William C. Dudley, Vice Chairman; Lael Brainard; Stanley Fischer; Loretta J. Mester; Jerome H. Powell; and Daniel K. Tarullo. Voting against the action were Richard W. Fisher, who believed that, while the Committee should be patient in beginning to normalize monetary policy, improvement in the U.S. economic performance since October has moved forward, further than the majority of the Committee envisions, the date when it will likely be appropriate to increase the federal funds rate; Narayana Kocherlakota, who believed that the Committee's decision, in the context of ongoing low inflation and falling market-based measures of longer-term inflation expectations, created undue downside risk to the credibility of the 2 percent inflation target; and Charles I. Plosser, who believed that the statement should not stress the importance of the passage of time as a key element of its forward guidance and, given the improvement in economic conditions, should not emphasize the consistency of the current forward guidance with previous statements.",2014-12-03,The Federal Reserve's Financial Stability Agenda,https://www.federalreserve.gov/newsevents/speech/brainard20141203a.htm,COMMUNICATION_EVENT_DATE_STRICTLY_BEFORE_SEP_WHEN_TIME_UNKNOWN,SEP_RELEASE_DATE_AFTER_OFFICIAL_POLICY_STATEMENT; EXACT_RELEASE_TIME_NOT_STORED,NO
2014-12-17,Loretta J. Mester,COMMITTEE_HOLD,0,UNCHANGED,VOTE_ACTION_PROXY,2014-12-17,0,https://www.federalreserve.gov/newsevents/pressreleases/monetary20141217a.htm,"Voting for the FOMC monetary policy action were: Janet L. Yellen, Chair; William C. Dudley, Vice Chairman; Lael Brainard; Stanley Fischer; Loretta J. Mester; Jerome H. Powell; and Daniel K. Tarullo. Voting against the action were Richard W. Fisher, who believed that, while the Committee should be patient in beginning to normalize monetary policy, improvement in the U.S. economic performance since October has moved forward, further than the majority of the Committee envisions, the date when it will likely be appropriate to increase the federal funds rate; Narayana Kocherlakota, who believed that the Committee's decision, in the context of ongoing low inflation and falling market-based measures of longer-term inflation expectations, created undue downside risk to the credibility of the 2 percent inflation target; and Charles I. Plosser, who believed that the statement should not stress the importance of the passage of time as a key element of its forward guidance and, given the improvement in economic conditions, should not emphasize the consistency of the current forward guidance with previous statements.",2014-12-05,"The Nexus of Macroprudential Supervision, Monetary Policy, and Financial Stability",https://www.clevelandfed.org/collections/speeches/2014/sp-20141205-the-nexus-of-macroprudential-supervision,COMMUNICATION_EVENT_DATE_STRICTLY_BEFORE_SEP_WHEN_TIME_UNKNOWN,SEP_RELEASE_DATE_AFTER_OFFICIAL_POLICY_STATEMENT; EXACT_RELEASE_TIME_NOT_STORED,NO
2014-12-17,Narayana Kocherlakota,EASIER,-2,MORE_DOVISH,NAMED_DISSENT,2014-12-17,0,https://www.federalreserve.gov/newsevents/pressreleases/monetary20141217a.htm,"Voting for the FOMC monetary policy action were: Janet L. Yellen, Chair; William C. Dudley, Vice Chairman; Lael Brainard; Stanley Fischer; Loretta J. Mester; Jerome H. Powell; and Daniel K. Tarullo. Voting against the action were Richard W. Fisher, who believed that, while the Committee should be patient in beginning to normalize monetary policy, improvement in the U.S. economic performance since October has moved forward, further than the majority of the Committee envisions, the date when it will likely be appropriate to increase the federal funds rate; Narayana Kocherlakota, who believed that the Committee's decision, in the context of ongoing low inflation and falling market-based measures of longer-term inflation expectations, created undue downside risk to the credibility of the 2 percent inflation target; and Charles I. Plosser, who believed that the statement should not stress the importance of the passage of time as a key element of its forward guidance and, given the improvement in economic conditions, should not emphasize the consistency of the current forward guidance with previous statements.",2014-11-18,Clarifying the Objectives of Monetary Policy,https://fraser.stlouisfed.org/title/statements-speeches-narayana-kocherlakota-9360/clarifying-objectives-monetary-policy-685614,COMMUNICATION_EVENT_DATE_STRICTLY_BEFORE_SEP_WHEN_TIME_UNKNOWN,SEP_RELEASE_DATE_AFTER_OFFICIAL_POLICY_STATEMENT; EXACT_RELEASE_TIME_NOT_STORED,NO
2014-12-17,Richard W. Fisher,TIGHTER,2,UNCHANGED,NAMED_DISSENT,2014-12-17,0,https://www.federalreserve.gov/newsevents/pressreleases/monetary20141217a.htm,"Voting for the FOMC monetary policy action were: Janet L. Yellen, Chair; William C. Dudley, Vice Chairman; Lael Brainard; Stanley Fischer; Loretta J. Mester; Jerome H. Powell; and Daniel K. Tarullo. Voting against the action were Richard W. Fisher, who believed that, while the Committee should be patient in beginning to normalize monetary policy, improvement in the U.S. economic performance since October has moved forward, further than the majority of the Committee envisions, the date when it will likely be appropriate to increase the federal funds rate; Narayana Kocherlakota, who believed that the Committee's decision, in the context of ongoing low inflation and falling market-based measures of longer-term inflation expectations, created undue downside risk to the credibility of the 2 percent inflation target; and Charles I. Plosser, who believed that the statement should not stress the importance of the passage of time as a key element of its forward guidance and, given the improvement in economic conditions, should not emphasize the consistency of the current forward guidance with previous statements.",2014-12-03,Comments on Monetary Policy and an Annual Texas Economic Review,https://www.dallasfed.org/news/speeches/fisher/2014/fs141203.aspx,COMMUNICATION_EVENT_DATE_STRICTLY_BEFORE_SEP_WHEN_TIME_UNKNOWN,SEP_RELEASE_DATE_AFTER_OFFICIAL_POLICY_STATEMENT; EXACT_RELEASE_TIME_NOT_STORED,NO
2014-12-17,Stanley Fischer,COMMITTEE_HOLD,0,UNCHANGED,VOTE_ACTION_PROXY,2014-12-17,0,https://www.federalreserve.gov/newsevents/pressreleases/monetary20141217a.htm,"Voting for the FOMC monetary policy action were: Janet L. Yellen, Chair; William C. Dudley, Vice Chairman; Lael Brainard; Stanley Fischer; Loretta J. Mester; Jerome H. Powell; and Daniel K. Tarullo. Voting against the action were Richard W. Fisher, who believed that, while the Committee should be patient in beginning to normalize monetary policy, improvement in the U.S. economic performance since October has moved forward, further than the majority of the Committee envisions, the date when it will likely be appropriate to increase the federal funds rate; Narayana Kocherlakota, who believed that the Committee's decision, in the context of ongoing low inflation and falling market-based measures of longer-term inflation expectations, created undue downside risk to the credibility of the 2 percent inflation target; and Charles I. Plosser, who believed that the statement should not stress the importance of the passage of time as a key element of its forward guidance and, given the improvement in economic conditions, should not emphasize the consistency of the current forward guidance with previous statements.",2014-10-11,The Federal Reserve and the Global Economy,https://www.federalreserve.gov/newsevents/speech/fischer20141011a.htm,COMMUNICATION_EVENT_DATE_STRICTLY_BEFORE_SEP_WHEN_TIME_UNKNOWN,SEP_RELEASE_DATE_AFTER_OFFICIAL_POLICY_STATEMENT; EXACT_RELEASE_TIME_NOT_STORED,NO
2014-12-17,William C. Dudley,COMMITTEE_HOLD,0,UNCHANGED,VOTE_ACTION_PROXY,2014-12-17,0,https://www.federalreserve.gov/newsevents/pressreleases/monetary20141217a.htm,"Voting for the FOMC monetary policy action were: Janet L. Yellen, Chair; William C. Dudley, Vice Chairman; Lael Brainard; Stanley Fischer; Loretta J. Mester; Jerome H. Powell; and Daniel K. Tarullo. Voting against the action were Richard W. Fisher, who believed that, while the Committee should be patient in beginning to normalize monetary policy, improvement in the U.S. economic performance since October has moved forward, further than the majority of the Committee envisions, the date when it will likely be appropriate to increase the federal funds rate; Narayana Kocherlakota, who believed that the Committee's decision, in the context of ongoing low inflation and falling market-based measures of longer-term inflation expectations, created undue downside risk to the credibility of the 2 percent inflation target; and Charles I. Plosser, who believed that the statement should not stress the importance of the passage of time as a key element of its forward guidance and, given the improvement in economic conditions, should not emphasize the consistency of the current forward guidance with previous statements.",2014-12-01,The 2015 Economic Outlook and the Implications for Monetary Policy,https://fraser.stlouisfed.org/title/statements-speeches-william-c-dudley-6749/2015-economic-outlook-implications-monetary-policy-619000,COMMUNICATION_EVENT_DATE_STRICTLY_BEFORE_SEP_WHEN_TIME_UNKNOWN,SEP_RELEASE_DATE_AFTER_OFFICIAL_POLICY_STATEMENT; EXACT_RELEASE_TIME_NOT_STORED,NO
2015-03-18,Charles L. Evans,COMMITTEE_HOLD,0,UNKNOWN,VOTE_ACTION_PROXY,2015-03-18,0,https://www.federalreserve.gov/newsevents/pressreleases/monetary20150318a.htm,"Voting for the FOMC monetary policy action were: Janet L. Yellen, Chair; William C. Dudley, Vice Chairman; Lael Brainard; Charles L. Evans; Stanley Fischer; Jeffrey M. Lacker; Dennis P. Lockhart; Jerome H. Powell; Daniel K. Tarullo; and John C. Williams.",2015-03-04,Low Inflation Calls for Patience in Normalizing Monetary Policy,https://fraser.stlouisfed.org/title/statements-speeches-charles-l-evans-8969/low-inflation-calls-patience-normalizing-monetary-policy-666896,COMMUNICATION_EVENT_DATE_STRICTLY_BEFORE_SEP_WHEN_TIME_UNKNOWN,SEP_RELEASE_DATE_AFTER_OFFICIAL_POLICY_STATEMENT; EXACT_RELEASE_TIME_NOT_STORED,NO
2015-03-18,Christine Cumming,UNKNOWN,,UNKNOWN,NO_DIRECTIONAL_PERSONAL_EVIDENCE_CLASSIFIED,,,,,2014-03-27,Cumming: Reform in a Time of Rapid Change,https://www.newyorkfed.org/newsevents/speeches/2014/cumming140402,COMMUNICATION_EVENT_DATE_STRICTLY_BEFORE_SEP_WHEN_TIME_UNKNOWN,SEP_RELEASE_DATE_AFTER_OFFICIAL_POLICY_STATEMENT; EXACT_RELEASE_TIME_NOT_STORED,NO
2015-03-18,Daniel K. Tarullo,COMMITTEE_HOLD,0,UNCHANGED,VOTE_ACTION_PROXY,2015-03-18,0,https://www.federalreserve.gov/newsevents/pressreleases/monetary20150318a.htm,"Voting for the FOMC monetary policy action were: Janet L. Yellen, Chair; William C. Dudley, Vice Chairman; Lael Brainard; Charles L. Evans; Stanley Fischer; Jeffrey M. Lacker; Dennis P. Lockhart; Jerome H. Powell; Daniel K. Tarullo; and John C. Williams.",2015-01-30,Advancing Macroprudential Policy Objectives,https://www.federalreserve.gov/newsevents/speech/tarullo20150130a.htm,COMMUNICATION_EVENT_DATE_STRICTLY_BEFORE_SEP_WHEN_TIME_UNKNOWN,SEP_RELEASE_DATE_AFTER_OFFICIAL_POLICY_STATEMENT; EXACT_RELEASE_TIME_NOT_STORED,NO
2015-03-18,Dennis P. Lockhart,COMMITTEE_HOLD,0,UNKNOWN,VOTE_ACTION_PROXY,2015-03-18,0,https://www.federalreserve.gov/newsevents/pressreleases/monetary20150318a.htm,"Voting for the FOMC monetary policy action were: Janet L. Yellen, Chair; William C. Dudley, Vice Chairman; Lael Brainard; Charles L. Evans; Stanley Fischer; Jeffrey M. Lacker; Dennis P. Lockhart; Jerome H. Powell; Daniel K. Tarullo; and John C. Williams.",2015-02-06,Considerations on the Path to Policy Normalization,https://fraser.stlouisfed.org/title/statements-speeches-dennis-lockhart-5579/considerations-path-policy-normalization-558071,COMMUNICATION_EVENT_DATE_STRICTLY_BEFORE_SEP_WHEN_TIME_UNKNOWN,SEP_RELEASE_DATE_AFTER_OFFICIAL_POLICY_STATEMENT; EXACT_RELEASE_TIME_NOT_STORED,NO
2015-03-18,Eric S. Rosengren,UNKNOWN,,UNKNOWN,NO_DIRECTIONAL_PERSONAL_EVIDENCE_CLASSIFIED,,,,,2012-06-29,Our Financial Structures - Are They Prepared for Financial Instability?,https://fraser.stlouisfed.org/title/statements-speeches-eric-rosengren-9015/financial-structures-prepared-financial-instability-667483,COMMUNICATION_EVENT_DATE_STRICTLY_BEFORE_SEP_WHEN_TIME_UNKNOWN,SEP_RELEASE_DATE_AFTER_OFFICIAL_POLICY_STATEMENT; EXACT_RELEASE_TIME_NOT_STORED,NO
2015-03-18,Esther L. George,UNKNOWN,,UNKNOWN,NO_DIRECTIONAL_PERSONAL_EVIDENCE_CLASSIFIED,,,,,2015-03-04,The Next Phase of Monetary Policy,https://fraser.stlouisfed.org/title/statements-speeches-esther-l-george-9278/next-phase-monetary-policy-679567,COMMUNICATION_EVENT_DATE_STRICTLY_BEFORE_SEP_WHEN_TIME_UNKNOWN,SEP_RELEASE_DATE_AFTER_OFFICIAL_POLICY_STATEMENT; EXACT_RELEASE_TIME_NOT_STORED,NO
2015-03-18,James Bullard,UNKNOWN,,UNKNOWN,NO_DIRECTIONAL_PERSONAL_EVIDENCE_CLASSIFIED,,,,,2015-02-03,Remarks,https://fraser.stlouisfed.org/title/statements-speeches-james-bullard-7161/remarks-655001,COMMUNICATION_EVENT_DATE_STRICTLY_BEFORE_SEP_WHEN_TIME_UNKNOWN,SEP_RELEASE_DATE_AFTER_OFFICIAL_POLICY_STATEMENT; EXACT_RELEASE_TIME_NOT_STORED,NO
2015-03-18,Janet L. Yellen,COMMITTEE_HOLD,0,UNCHANGED,VOTE_ACTION_PROXY,2015-03-18,0,https://www.federalreserve.gov/newsevents/pressreleases/monetary20150318a.htm,"Voting for the FOMC monetary policy action were: Janet L. Yellen, Chair; William C. Dudley, Vice Chairman; Lael Brainard; Charles L. Evans; Stanley Fischer; Jeffrey M. Lacker; Dennis P. Lockhart; Jerome H. Powell; Daniel K. Tarullo; and John C. Williams.",2015-03-03,Improving the Oversight of Large Financial Institutions,https://www.federalreserve.gov/newsevents/speech/yellen20150303a.htm,COMMUNICATION_EVENT_DATE_STRICTLY_BEFORE_SEP_WHEN_TIME_UNKNOWN,SEP_RELEASE_DATE_AFTER_OFFICIAL_POLICY_STATEMENT; EXACT_RELEASE_TIME_NOT_STORED,NO
2015-03-18,Jeffrey M. Lacker,COMMITTEE_HOLD,0,UNKNOWN,VOTE_ACTION_PROXY,2015-03-18,0,https://www.federalreserve.gov/newsevents/pressreleases/monetary20150318a.htm,"Voting for the FOMC monetary policy action were: Janet L. Yellen, Chair; William C. Dudley, Vice Chairman; Lael Brainard; Charles L. Evans; Stanley Fischer; Jeffrey M. Lacker; Dennis P. Lockhart; Jerome H. Powell; Daniel K. Tarullo; and John C. Williams.",2015-02-10,"Education, Innovation and Economic Growth",https://fraser.stlouisfed.org/title/statements-speeches-jeffrey-m-lacker-6827/education-innovation-economic-growth-678747,COMMUNICATION_EVENT_DATE_STRICTLY_BEFORE_SEP_WHEN_TIME_UNKNOWN,SEP_RELEASE_DATE_AFTER_OFFICIAL_POLICY_STATEMENT; EXACT_RELEASE_TIME_NOT_STORED,NO
2015-03-18,Jerome H. Powell,COMMITTEE_HOLD,0,UNCHANGED,VOTE_ACTION_PROXY,2015-03-18,0,https://www.federalreserve.gov/newsevents/pressreleases/monetary20150318a.htm,"Voting for the FOMC monetary policy action were: Janet L. Yellen, Chair; William C. Dudley, Vice Chairman; Lael Brainard; Charles L. Evans; Stanley Fischer; Jeffrey M. Lacker; Dennis P. Lockhart; Jerome H. Powell; Daniel K. Tarullo; and John C. Williams.",2015-02-18,"Financial Institutions, Financial Markets, and Financial Stability",https://www.federalreserve.gov/newsevents/speech/powell20150218a.htm,COMMUNICATION_EVENT_DATE_STRICTLY_BEFORE_SEP_WHEN_TIME_UNKNOWN,SEP_RELEASE_DATE_AFTER_OFFICIAL_POLICY_STATEMENT; EXACT_RELEASE_TIME_NOT_STORED,NO
2015-03-18,John C. Williams,COMMITTEE_HOLD,0,UNKNOWN,VOTE_ACTION_PROXY,2015-03-18,0,https://www.federalreserve.gov/newsevents/pressreleases/monetary20150318a.htm,"Voting for the FOMC monetary policy action were: Janet L. Yellen, Chair; William C. Dudley, Vice Chairman; Lael Brainard; Charles L. Evans; Stanley Fischer; Jeffrey M. Lacker; Dennis P. Lockhart; Jerome H. Powell; Daniel K. Tarullo; and John C. Williams.",2015-03-05,The View from Here: The Economic Outlook and Its Implications for Monetary Policy - San Francisco Fed,https://www.frbsf.org/news-and-media/speeches/williams-speeches/2015/03/monetary-policy-federal-funds-rate-normalization,COMMUNICATION_EVENT_DATE_STRICTLY_BEFORE_SEP_WHEN_TIME_UNKNOWN,SEP_RELEASE_DATE_AFTER_OFFICIAL_POLICY_STATEMENT; EXACT_RELEASE_TIME_NOT_STORED,NO
2015-03-18,Lael Brainard,COMMITTEE_HOLD,0,UNCHANGED,VOTE_ACTION_PROXY,2015-03-18,0,https://www.federalreserve.gov/newsevents/pressreleases/monetary20150318a.htm,"Voting for the FOMC monetary policy action were: Janet L. Yellen, Chair; William C. Dudley, Vice Chairman; Lael Brainard; Charles L. Evans; Stanley Fischer; Jeffrey M. Lacker; Dennis P. Lockhart; Jerome H. Powell; Daniel K. Tarullo; and John C. Williams.",2014-12-03,The Federal Reserve's Financial Stability Agenda,https://www.federalreserve.gov/newsevents/speech/brainard20141203a.htm,COMMUNICATION_EVENT_DATE_STRICTLY_BEFORE_SEP_WHEN_TIME_UNKNOWN,SEP_RELEASE_DATE_AFTER_OFFICIAL_POLICY_STATEMENT; EXACT_RELEASE_TIME_NOT_STORED,NO
2015-03-18,Loretta J. Mester,UNKNOWN,,UNKNOWN,NO_DIRECTIONAL_PERSONAL_EVIDENCE_CLASSIFIED,,,,,2015-03-09,The Outlook for the Economy and Monetary Policy Communications,https://www.clevelandfed.org/collections/speeches/2015/sp-20150309-the-outlook-for-the-economy-and-monetary-policy,COMMUNICATION_EVENT_DATE_STRICTLY_BEFORE_SEP_WHEN_TIME_UNKNOWN,SEP_RELEASE_DATE_AFTER_OFFICIAL_POLICY_STATEMENT; EXACT_RELEASE_TIME_NOT_STORED,NO
2015-03-18,Stanley Fischer,COMMITTEE_HOLD,0,UNCHANGED,VOTE_ACTION_PROXY,2015-03-18,0,https://www.federalreserve.gov/newsevents/pressreleases/monetary20150318a.htm,"Voting for the FOMC monetary policy action were: Janet L. Yellen, Chair; William C. Dudley, Vice Chairman; Lael Brainard; Charles L. Evans; Stanley Fischer; Jeffrey M. Lacker; Dennis P. Lockhart; Jerome H. Powell; Daniel K. Tarullo; and John C. Williams.",2015-02-27,Conducting Monetary Policy with a Large Balance Sheet,https://www.federalreserve.gov/newsevents/speech/fischer20150227a.htm,COMMUNICATION_EVENT_DATE_STRICTLY_BEFORE_SEP_WHEN_TIME_UNKNOWN,SEP_RELEASE_DATE_AFTER_OFFICIAL_POLICY_STATEMENT; EXACT_RELEASE_TIME_NOT_STORED,NO
2015-03-18,William C. Dudley,COMMITTEE_HOLD,0,UNCHANGED,VOTE_ACTION_PROXY,2015-03-18,0,https://www.federalreserve.gov/newsevents/pressreleases/monetary20150318a.htm,"Voting for the FOMC monetary policy action were: Janet L. Yellen, Chair; William C. Dudley, Vice Chairman; Lael Brainard; Charles L. Evans; Stanley Fischer; Jeffrey M. Lacker; Dennis P. Lockhart; Jerome H. Powell; Daniel K. Tarullo; and John C. Williams.",2015-03-04,Dudley: Opening Remarks at the Convening on Student Loan Data Conference,https://www.newyorkfed.org/newsevents/speeches/2015/dud150304,COMMUNICATION_EVENT_DATE_STRICTLY_BEFORE_SEP_WHEN_TIME_UNKNOWN,SEP_RELEASE_DATE_AFTER_OFFICIAL_POLICY_STATEMENT; EXACT_RELEASE_TIME_NOT_STORED,NO
2015-06-17,Charles L. Evans,COMMITTEE_HOLD,0,UNCHANGED,VOTE_ACTION_PROXY,2015-06-17,0,https://www.federalreserve.gov/newsevents/pressreleases/monetary20150617a.htm,"Voting for the FOMC monetary policy action were: Janet L. Yellen, Chair; William C. Dudley, Vice Chairman; Lael Brainard; Charles L. Evans; Stanley Fischer; Jeffrey M. Lacker; Dennis P. Lockhart; Jerome H. Powell; Daniel K. Tarullo; and John C. Williams.",2015-06-03,The Call for Proactive Risk Culture,https://fraser.stlouisfed.org/title/statements-speeches-charles-l-evans-8969/call-proactive-risk-culture-666901,COMMUNICATION_EVENT_DATE_STRICTLY_BEFORE_SEP_WHEN_TIME_UNKNOWN,SEP_RELEASE_DATE_AFTER_OFFICIAL_POLICY_STATEMENT; EXACT_RELEASE_TIME_NOT_STORED,NO
2015-06-17,Daniel K. Tarullo,COMMITTEE_HOLD,0,UNCHANGED,VOTE_ACTION_PROXY,2015-06-17,0,https://www.federalreserve.gov/newsevents/pressreleases/monetary20150617a.htm,"Voting for the FOMC monetary policy action were: Janet L. Yellen, Chair; William C. Dudley, Vice Chairman; Lael Brainard; Charles L. Evans; Stanley Fischer; Jeffrey M. Lacker; Dennis P. Lockhart; Jerome H. Powell; Daniel K. Tarullo; and John C. Williams.",2015-05-04,Opening Remarks,https://www.federalreserve.gov/newsevents/speech/tarullo20150504.htm,COMMUNICATION_EVENT_DATE_STRICTLY_BEFORE_SEP_WHEN_TIME_UNKNOWN,SEP_RELEASE_DATE_AFTER_OFFICIAL_POLICY_STATEMENT; EXACT_RELEASE_TIME_NOT_STORED,NO
2015-06-17,Dennis P. Lockhart,COMMITTEE_HOLD,0,UNCHANGED,VOTE_ACTION_PROXY,2015-06-17,0,https://www.federalreserve.gov/newsevents/pressreleases/monetary20150617a.htm,"Voting for the FOMC monetary policy action were: Janet L. Yellen, Chair; William C. Dudley, Vice Chairman; Lael Brainard; Charles L. Evans; Stanley Fischer; Jeffrey M. Lacker; Dennis P. Lockhart; Jerome H. Powell; Daniel K. Tarullo; and John C. Williams.",2015-05-06,Consumer Outlook: A Linchpin of Growth,https://fraser.stlouisfed.org/title/statements-speeches-dennis-lockhart-5579/consumer-outlook-a-linchpin-growth-558074,COMMUNICATION_EVENT_DATE_STRICTLY_BEFORE_SEP_WHEN_TIME_UNKNOWN,SEP_RELEASE_DATE_AFTER_OFFICIAL_POLICY_STATEMENT; EXACT_RELEASE_TIME_NOT_STORED,NO
2015-06-17,Eric S. Rosengren,UNKNOWN,,UNKNOWN,NO_DIRECTIONAL_PERSONAL_EVIDENCE_CLASSIFIED,,,,,2012-06-29,Our Financial Structures - Are They Prepared for Financial Instability?,https://fraser.stlouisfed.org/title/statements-speeches-eric-rosengren-9015/financial-structures-prepared-financial-instability-667483,COMMUNICATION_EVENT_DATE_STRICTLY_BEFORE_SEP_WHEN_TIME_UNKNOWN,SEP_RELEASE_DATE_AFTER_OFFICIAL_POLICY_STATEMENT; EXACT_RELEASE_TIME_NOT_STORED,NO
2015-06-17,Esther L. George,UNKNOWN,,UNKNOWN,NO_DIRECTIONAL_PERSONAL_EVIDENCE_CLASSIFIED,,,,,2015-03-04,The Next Phase of Monetary Policy,https://fraser.stlouisfed.org/title/statements-speeches-esther-l-george-9278/next-phase-monetary-policy-679567,COMMUNICATION_EVENT_DATE_STRICTLY_BEFORE_SEP_WHEN_TIME_UNKNOWN,SEP_RELEASE_DATE_AFTER_OFFICIAL_POLICY_STATEMENT; EXACT_RELEASE_TIME_NOT_STORED,NO
2015-06-17,James Bullard,UNKNOWN,,UNKNOWN,NO_DIRECTIONAL_PERSONAL_EVIDENCE_CLASSIFIED,,,,,2015-02-03,Remarks,https://fraser.stlouisfed.org/title/statements-speeches-james-bullard-7161/remarks-655001,COMMUNICATION_EVENT_DATE_STRICTLY_BEFORE_SEP_WHEN_TIME_UNKNOWN,SEP_RELEASE_DATE_AFTER_OFFICIAL_POLICY_STATEMENT; EXACT_RELEASE_TIME_NOT_STORED,NO
2015-06-17,Janet L. Yellen,COMMITTEE_HOLD,0,UNCHANGED,VOTE_ACTION_PROXY,2015-06-17,0,https://www.federalreserve.gov/newsevents/pressreleases/monetary20150617a.htm,"Voting for the FOMC monetary policy action were: Janet L. Yellen, Chair; William C. Dudley, Vice Chairman; Lael Brainard; Charles L. Evans; Stanley Fischer; Jeffrey M. Lacker; Dennis P. Lockhart; Jerome H. Powell; Daniel K. Tarullo; and John C. Williams.",2015-05-22,The Outlook for the Economy,https://www.federalreserve.gov/newsevents/speech/yellen20150522a.htm,COMMUNICATION_EVENT_DATE_STRICTLY_BEFORE_SEP_WHEN_TIME_UNKNOWN,SEP_RELEASE_DATE_AFTER_OFFICIAL_POLICY_STATEMENT; EXACT_RELEASE_TIME_NOT_STORED,NO
2015-06-17,Jeffrey M. Lacker,COMMITTEE_HOLD,0,UNCHANGED,VOTE_ACTION_PROXY,2015-06-17,0,https://www.federalreserve.gov/newsevents/pressreleases/monetary20150617a.htm,"Voting for the FOMC monetary policy action were: Janet L. Yellen, Chair; William C. Dudley, Vice Chairman; Lael Brainard; Charles L. Evans; Stanley Fischer; Jeffrey M. Lacker; Dennis P. Lockhart; Jerome H. Powell; Daniel K. Tarullo; and John C. Williams.",2015-05-26,From Country Banks to SIFIs: The 100-year Quest for Financial Stability,https://www.richmondfed.org/press_room/speeches/jeffrey_m_lacker/2015/lacker_speech_20150526,COMMUNICATION_EVENT_DATE_STRICTLY_BEFORE_SEP_WHEN_TIME_UNKNOWN,SEP_RELEASE_DATE_AFTER_OFFICIAL_POLICY_STATEMENT; EXACT_RELEASE_TIME_NOT_STORED,NO
2015-06-17,Jerome H. Powell,COMMITTEE_HOLD,0,UNCHANGED,VOTE_ACTION_PROXY,2015-06-17,0,https://www.federalreserve.gov/newsevents/pressreleases/monetary20150617a.htm,"Voting for the FOMC monetary policy action were: Janet L. Yellen, Chair; William C. Dudley, Vice Chairman; Lael Brainard; Charles L. Evans; Stanley Fischer; Jeffrey M. Lacker; Dennis P. Lockhart; Jerome H. Powell; Daniel K. Tarullo; and John C. Williams.",2015-05-14,Regulation and Supervision of Community Banks,https://www.federalreserve.gov/newsevents/speech/powell20150514a.htm,COMMUNICATION_EVENT_DATE_STRICTLY_BEFORE_SEP_WHEN_TIME_UNKNOWN,SEP_RELEASE_DATE_AFTER_OFFICIAL_POLICY_STATEMENT; EXACT_RELEASE_TIME_NOT_STORED,NO
2015-06-17,John C. Williams,COMMITTEE_HOLD,0,UNCHANGED,VOTE_ACTION_PROXY,2015-06-17,0,https://www.federalreserve.gov/newsevents/pressreleases/monetary20150617a.htm,"Voting for the FOMC monetary policy action were: Janet L. Yellen, Chair; William C. Dudley, Vice Chairman; Lael Brainard; Charles L. Evans; Stanley Fischer; Jeffrey M. Lacker; Dennis P. Lockhart; Jerome H. Powell; Daniel K. Tarullo; and John C. Williams.",2015-05-28,Macroprudential Policy in a Microprudential World,https://fraser.stlouisfed.org/title/statements-speeches-john-c-williams-9040/macroprudential-policy-a-microprudential-world-671875,COMMUNICATION_EVENT_DATE_STRICTLY_BEFORE_SEP_WHEN_TIME_UNKNOWN,SEP_RELEASE_DATE_AFTER_OFFICIAL_POLICY_STATEMENT; EXACT_RELEASE_TIME_NOT_STORED,NO
2015-06-17,Lael Brainard,COMMITTEE_HOLD,0,UNCHANGED,VOTE_ACTION_PROXY,2015-06-17,0,https://www.federalreserve.gov/newsevents/pressreleases/monetary20150617a.htm,"Voting for the FOMC monetary policy action were: Janet L. Yellen, Chair; William C. Dudley, Vice Chairman; Lael Brainard; Charles L. Evans; Stanley Fischer; Jeffrey M. Lacker; Dennis P. Lockhart; Jerome H. Powell; Daniel K. Tarullo; and John C. Williams.",2015-06-02,The U.S. Economic Outlook and Implications for Monetary Policy,https://www.federalreserve.gov/newsevents/speech/brainard20150602a.htm,COMMUNICATION_EVENT_DATE_STRICTLY_BEFORE_SEP_WHEN_TIME_UNKNOWN,SEP_RELEASE_DATE_AFTER_OFFICIAL_POLICY_STATEMENT; EXACT_RELEASE_TIME_NOT_STORED,NO
2015-06-17,Loretta J. Mester,UNKNOWN,,UNKNOWN,NO_DIRECTIONAL_PERSONAL_EVIDENCE_CLASSIFIED,,,,,2015-05-25,Post-Crisis Financial System Regulation and Its Research Foundation,https://www.clevelandfed.org/collections/speeches/2015/sp-20150525-post-crisis-financial-system-regulation,COMMUNICATION_EVENT_DATE_STRICTLY_BEFORE_SEP_WHEN_TIME_UNKNOWN,SEP_RELEASE_DATE_AFTER_OFFICIAL_POLICY_STATEMENT; EXACT_RELEASE_TIME_NOT_STORED,NO
2015-06-17,Stanley Fischer,COMMITTEE_HOLD,0,UNCHANGED,VOTE_ACTION_PROXY,2015-06-17,0,https://www.federalreserve.gov/newsevents/pressreleases/monetary20150617a.htm,"Voting for the FOMC monetary policy action were: Janet L. Yellen, Chair; William C. Dudley, Vice Chairman; Lael Brainard; Charles L. Evans; Stanley Fischer; Jeffrey M. Lacker; Dennis P. Lockhart; Jerome H. Powell; Daniel K. Tarullo; and John C. Williams.",2015-06-01,What have we learned from the crises of the last 20 years?,https://www.federalreserve.gov/newsevents/speech/fischer20150601a.htm,COMMUNICATION_EVENT_DATE_STRICTLY_BEFORE_SEP_WHEN_TIME_UNKNOWN,SEP_RELEASE_DATE_AFTER_OFFICIAL_POLICY_STATEMENT; EXACT_RELEASE_TIME_NOT_STORED,NO
2015-06-17,William C. Dudley,COMMITTEE_HOLD,0,UNCHANGED,VOTE_ACTION_PROXY,2015-06-17,0,https://www.federalreserve.gov/newsevents/pressreleases/monetary20150617a.htm,"Voting for the FOMC monetary policy action were: Janet L. Yellen, Chair; William C. Dudley, Vice Chairman; Lael Brainard; Charles L. Evans; Stanley Fischer; Jeffrey M. Lacker; Dennis P. Lockhart; Jerome H. Powell; Daniel K. Tarullo; and John C. Williams.",2015-06-05,The U.S. Economic and Monetary Policy Outlook,https://fraser.stlouisfed.org/title/statements-speeches-william-c-dudley-6749/us-economic-monetary-policy-outlook-619008,COMMUNICATION_EVENT_DATE_STRICTLY_BEFORE_SEP_WHEN_TIME_UNKNOWN,SEP_RELEASE_DATE_AFTER_OFFICIAL_POLICY_STATEMENT; EXACT_RELEASE_TIME_NOT_STORED,NO
2015-09-17,Charles L. Evans,COMMITTEE_HOLD,0,UNCHANGED,VOTE_ACTION_PROXY,2015-09-17,0,https://www.federalreserve.gov/newsevents/pressreleases/monetary20150917a.htm,"Voting for the FOMC monetary policy action were: Janet L. Yellen, Chair; William C. Dudley, Vice Chairman; Lael Brainard; Charles L. Evans; Stanley Fischer; Dennis P. Lockhart; Jerome H. Powell; Daniel K. Tarullo; and John C. Williams. Voting against the action was Jeffrey M. Lacker, who preferred to raise the target range for the federal funds rate by 25 basis points at this meeting.",2015-06-03,The Call for Proactive Risk Culture,https://fraser.stlouisfed.org/title/statements-speeches-charles-l-evans-8969/call-proactive-risk-culture-666901,COMMUNICATION_EVENT_DATE_STRICTLY_BEFORE_SEP_WHEN_TIME_UNKNOWN,SEP_RELEASE_DATE_AFTER_OFFICIAL_POLICY_STATEMENT; EXACT_RELEASE_TIME_NOT_STORED,NO
2015-09-17,Daniel K. Tarullo,COMMITTEE_HOLD,0,UNCHANGED,VOTE_ACTION_PROXY,2015-09-17,0,https://www.federalreserve.gov/newsevents/pressreleases/monetary20150917a.htm,"Voting for the FOMC monetary policy action were: Janet L. Yellen, Chair; William C. Dudley, Vice Chairman; Lael Brainard; Charles L. Evans; Stanley Fischer; Dennis P. Lockhart; Jerome H. Powell; Daniel K. Tarullo; and John C. Williams. Voting against the action was Jeffrey M. Lacker, who preferred to raise the target range for the federal funds rate by 25 basis points at this meeting.",2015-05-04,Opening Remarks,https://www.federalreserve.gov/newsevents/speech/tarullo20150504.htm,COMMUNICATION_EVENT_DATE_STRICTLY_BEFORE_SEP_WHEN_TIME_UNKNOWN,SEP_RELEASE_DATE_AFTER_OFFICIAL_POLICY_STATEMENT; EXACT_RELEASE_TIME_NOT_STORED,NO
2015-09-17,Dennis P. Lockhart,COMMITTEE_HOLD,0,UNCHANGED,VOTE_ACTION_PROXY,2015-09-17,0,https://www.federalreserve.gov/newsevents/pressreleases/monetary20150917a.htm,"Voting for the FOMC monetary policy action were: Janet L. Yellen, Chair; William C. Dudley, Vice Chairman; Lael Brainard; Charles L. Evans; Stanley Fischer; Dennis P. Lockhart; Jerome H. Powell; Daniel K. Tarullo; and John C. Williams. Voting against the action was Jeffrey M. Lacker, who preferred to raise the target range for the federal funds rate by 25 basis points at this meeting.",2015-08-24,The Interplay of Public Pensions and the Broad Economy,https://fraser.stlouisfed.org/title/statements-speeches-dennis-lockhart-5579/interplay-public-pensions-broad-economy-558076,COMMUNICATION_EVENT_DATE_STRICTLY_BEFORE_SEP_WHEN_TIME_UNKNOWN,SEP_RELEASE_DATE_AFTER_OFFICIAL_POLICY_STATEMENT; EXACT_RELEASE_TIME_NOT_STORED,NO
2015-09-17,Eric S. Rosengren,UNKNOWN,,UNKNOWN,NO_DIRECTIONAL_PERSONAL_EVIDENCE_CLASSIFIED,,,,,2012-06-29,Our Financial Structures - Are They Prepared for Financial Instability?,https://fraser.stlouisfed.org/title/statements-speeches-eric-rosengren-9015/financial-structures-prepared-financial-instability-667483,COMMUNICATION_EVENT_DATE_STRICTLY_BEFORE_SEP_WHEN_TIME_UNKNOWN,SEP_RELEASE_DATE_AFTER_OFFICIAL_POLICY_STATEMENT; EXACT_RELEASE_TIME_NOT_STORED,NO
2015-09-17,Esther L. George,UNKNOWN,,UNKNOWN,NO_DIRECTIONAL_PERSONAL_EVIDENCE_CLASSIFIED,,,,,2015-07-09,Weighing the Costs of Waiting,https://fraser.stlouisfed.org/title/statements-speeches-esther-l-george-9278/weighing-costs-waiting-679569,COMMUNICATION_EVENT_DATE_STRICTLY_BEFORE_SEP_WHEN_TIME_UNKNOWN,SEP_RELEASE_DATE_AFTER_OFFICIAL_POLICY_STATEMENT; EXACT_RELEASE_TIME_NOT_STORED,NO
2015-09-17,James Bullard,UNKNOWN,,UNKNOWN,NO_DIRECTIONAL_PERSONAL_EVIDENCE_CLASSIFIED,,,,,2015-08-13,Neo-Fisherianism,https://fraser.stlouisfed.org/title/statements-speeches-james-bullard-7161/neo-fisherianism-655003,COMMUNICATION_EVENT_DATE_STRICTLY_BEFORE_SEP_WHEN_TIME_UNKNOWN,SEP_RELEASE_DATE_AFTER_OFFICIAL_POLICY_STATEMENT; EXACT_RELEASE_TIME_NOT_STORED,NO
2015-09-17,Janet L. Yellen,COMMITTEE_HOLD,0,UNCHANGED,VOTE_ACTION_PROXY,2015-09-17,0,https://www.federalreserve.gov/newsevents/pressreleases/monetary20150917a.htm,"Voting for the FOMC monetary policy action were: Janet L. Yellen, Chair; William C. Dudley, Vice Chairman; Lael Brainard; Charles L. Evans; Stanley Fischer; Dennis P. Lockhart; Jerome H. Powell; Daniel K. Tarullo; and John C. Williams. Voting against the action was Jeffrey M. Lacker, who preferred to raise the target range for the federal funds rate by 25 basis points at this meeting.",2015-07-10,Recent Developments and the Outlook for the Economy,https://www.federalreserve.gov/newsevents/speech/yellen20150710a.htm,COMMUNICATION_EVENT_DATE_STRICTLY_BEFORE_SEP_WHEN_TIME_UNKNOWN,SEP_RELEASE_DATE_AFTER_OFFICIAL_POLICY_STATEMENT; EXACT_RELEASE_TIME_NOT_STORED,NO
2015-09-17,Jeffrey M. Lacker,TIGHTER,2,MORE_HAWKISH,NAMED_DISSENT,2015-09-17,0,https://www.federalreserve.gov/newsevents/pressreleases/monetary20150917a.htm,"Voting for the FOMC monetary policy action were: Janet L. Yellen, Chair; William C. Dudley, Vice Chairman; Lael Brainard; Charles L. Evans; Stanley Fischer; Dennis P. Lockhart; Jerome H. Powell; Daniel K. Tarullo; and John C. Williams. Voting against the action was Jeffrey M. Lacker, who preferred to raise the target range for the federal funds rate by 25 basis points at this meeting.",2015-09-04,The Case Against Further Delay,https://fraser.stlouisfed.org/title/statements-speeches-jeffrey-m-lacker-6827/case-delay-678752,COMMUNICATION_EVENT_DATE_STRICTLY_BEFORE_SEP_WHEN_TIME_UNKNOWN,SEP_RELEASE_DATE_AFTER_OFFICIAL_POLICY_STATEMENT; EXACT_RELEASE_TIME_NOT_STORED,NO
2015-09-17,Jerome H. Powell,COMMITTEE_HOLD,0,UNCHANGED,VOTE_ACTION_PROXY,2015-09-17,0,https://www.federalreserve.gov/newsevents/pressreleases/monetary20150917a.htm,"Voting for the FOMC monetary policy action were: Janet L. Yellen, Chair; William C. Dudley, Vice Chairman; Lael Brainard; Charles L. Evans; Stanley Fischer; Dennis P. Lockhart; Jerome H. Powell; Daniel K. Tarullo; and John C. Williams. Voting against the action was Jeffrey M. Lacker, who preferred to raise the target range for the federal funds rate by 25 basis points at this meeting.",2015-08-03,Structure and Liquidity in Treasury Markets,https://www.federalreserve.gov/newsevents/speech/powell20150803a.htm,COMMUNICATION_EVENT_DATE_STRICTLY_BEFORE_SEP_WHEN_TIME_UNKNOWN,SEP_RELEASE_DATE_AFTER_OFFICIAL_POLICY_STATEMENT; EXACT_RELEASE_TIME_NOT_STORED,NO
2015-09-17,John C. Williams,COMMITTEE_HOLD,0,UNCHANGED,VOTE_ACTION_PROXY,2015-09-17,0,https://www.federalreserve.gov/newsevents/pressreleases/monetary20150917a.htm,"Voting for the FOMC monetary policy action were: Janet L. Yellen, Chair; William C. Dudley, Vice Chairman; Lael Brainard; Charles L. Evans; Stanley Fischer; Dennis P. Lockhart; Jerome H. Powell; Daniel K. Tarullo; and John C. Williams. Voting against the action was Jeffrey M. Lacker, who preferred to raise the target range for the federal funds rate by 25 basis points at this meeting.",2015-08-25,Measuring the Effects of Monetary Policy on House Prices and the Economy - San Francisco Fed,https://www.frbsf.org/news-and-media/speeches/williams-speeches/2015/08/effects-of-monetary-policy-on-house-prices-and-economy,COMMUNICATION_EVENT_DATE_STRICTLY_BEFORE_SEP_WHEN_TIME_UNKNOWN,SEP_RELEASE_DATE_AFTER_OFFICIAL_POLICY_STATEMENT; EXACT_RELEASE_TIME_NOT_STORED,NO
2015-09-17,Lael Brainard,COMMITTEE_HOLD,0,UNCHANGED,VOTE_ACTION_PROXY,2015-09-17,0,https://www.federalreserve.gov/newsevents/pressreleases/monetary20150917a.htm,"Voting for the FOMC monetary policy action were: Janet L. Yellen, Chair; William C. Dudley, Vice Chairman; Lael Brainard; Charles L. Evans; Stanley Fischer; Dennis P. Lockhart; Jerome H. Powell; Daniel K. Tarullo; and John C. Williams. Voting against the action was Jeffrey M. Lacker, who preferred to raise the target range for the federal funds rate by 25 basis points at this meeting.",2015-07-09,Dodd-Frank at Five: Assessing Progress on Too Big to Fail,https://www.federalreserve.gov/newsevents/speech/brainard20150709a.htm,COMMUNICATION_EVENT_DATE_STRICTLY_BEFORE_SEP_WHEN_TIME_UNKNOWN,SEP_RELEASE_DATE_AFTER_OFFICIAL_POLICY_STATEMENT; EXACT_RELEASE_TIME_NOT_STORED,NO
2015-09-17,Loretta J. Mester,UNKNOWN,,UNKNOWN,NO_DIRECTIONAL_PERSONAL_EVIDENCE_CLASSIFIED,,,,,2015-07-15,The Economic Outlook and Monetary Policy: Timing Isn't Everything,https://www.clevelandfed.org/collections/speeches/2015/sp-20150715-the-economic-outlook-and-monetary-policy-timing-is-not-everything,COMMUNICATION_EVENT_DATE_STRICTLY_BEFORE_SEP_WHEN_TIME_UNKNOWN,SEP_RELEASE_DATE_AFTER_OFFICIAL_POLICY_STATEMENT; EXACT_RELEASE_TIME_NOT_STORED,NO
2015-09-17,Michael Strine,UNKNOWN,,UNKNOWN,NO_DIRECTIONAL_PERSONAL_EVIDENCE_CLASSIFIED,,,,,,,,COMMUNICATION_EVENT_DATE_STRICTLY_BEFORE_SEP_WHEN_TIME_UNKNOWN,SEP_RELEASE_DATE_AFTER_OFFICIAL_POLICY_STATEMENT; EXACT_RELEASE_TIME_NOT_STORED,NO
2015-09-17,Narayana Kocherlakota,UNKNOWN,,UNKNOWN,NO_DIRECTIONAL_PERSONAL_EVIDENCE_CLASSIFIED,,,,,2015-09-08,Public Debt and the Long-Run Neutral Real Interest Rate,https://fraser.stlouisfed.org/title/statements-speeches-narayana-kocherlakota-9360/public-debt-long-run-neutral-real-interest-rate-685629,COMMUNICATION_EVENT_DATE_STRICTLY_BEFORE_SEP_WHEN_TIME_UNKNOWN,SEP_RELEASE_DATE_AFTER_OFFICIAL_POLICY_STATEMENT; EXACT_RELEASE_TIME_NOT_STORED,NO
2015-09-17,Patrick Harker,UNKNOWN,,UNKNOWN,NO_DIRECTIONAL_PERSONAL_EVIDENCE_CLASSIFIED,,,,,,,,COMMUNICATION_EVENT_DATE_STRICTLY_BEFORE_SEP_WHEN_TIME_UNKNOWN,SEP_RELEASE_DATE_AFTER_OFFICIAL_POLICY_STATEMENT; EXACT_RELEASE_TIME_NOT_STORED,NO
2015-09-17,Robert S. Kaplan,UNKNOWN,,UNKNOWN,NO_DIRECTIONAL_PERSONAL_EVIDENCE_CLASSIFIED,,,,,,,,COMMUNICATION_EVENT_DATE_STRICTLY_BEFORE_SEP_WHEN_TIME_UNKNOWN,SEP_RELEASE_DATE_AFTER_OFFICIAL_POLICY_STATEMENT; EXACT_RELEASE_TIME_NOT_STORED,NO
2015-09-17,Stanley Fischer,COMMITTEE_HOLD,0,UNCHANGED,VOTE_ACTION_PROXY,2015-09-17,0,https://www.federalreserve.gov/newsevents/pressreleases/monetary20150917a.htm,"Voting for the FOMC monetary policy action were: Janet L. Yellen, Chair; William C. Dudley, Vice Chairman; Lael Brainard; Charles L. Evans; Stanley Fischer; Dennis P. Lockhart; Jerome H. Powell; Daniel K. Tarullo; and John C. Williams. Voting against the action was Jeffrey M. Lacker, who preferred to raise the target range for the federal funds rate by 25 basis points at this meeting.",2015-08-29,U.S. Inflation Developments,https://www.federalreserve.gov/newsevents/speech/fischer20150829a.htm,COMMUNICATION_EVENT_DATE_STRICTLY_BEFORE_SEP_WHEN_TIME_UNKNOWN,SEP_RELEASE_DATE_AFTER_OFFICIAL_POLICY_STATEMENT; EXACT_RELEASE_TIME_NOT_STORED,NO
2015-09-17,William C. Dudley,COMMITTEE_HOLD,0,UNCHANGED,VOTE_ACTION_PROXY,2015-09-17,0,https://www.federalreserve.gov/newsevents/pressreleases/monetary20150917a.htm,"Voting for the FOMC monetary policy action were: Janet L. Yellen, Chair; William C. Dudley, Vice Chairman; Lael Brainard; Charles L. Evans; Stanley Fischer; Dennis P. Lockhart; Jerome H. Powell; Daniel K. Tarullo; and John C. Williams. Voting against the action was Jeffrey M. Lacker, who preferred to raise the target range for the federal funds rate by 25 basis points at this meeting.",2015-08-26,The Regional Economic Outlook,https://fraser.stlouisfed.org/title/statements-speeches-william-c-dudley-6749/regional-economic-outlook-619011,COMMUNICATION_EVENT_DATE_STRICTLY_BEFORE_SEP_WHEN_TIME_UNKNOWN,SEP_RELEASE_DATE_AFTER_OFFICIAL_POLICY_STATEMENT; EXACT_RELEASE_TIME_NOT_STORED,NO
2015-12-16,Charles L. Evans,COMMITTEE_HIKE,1,MORE_HAWKISH,VOTE_ACTION_PROXY,2015-12-16,0,https://www.federalreserve.gov/newsevents/pressreleases/monetary20151216a.htm,"Voting for the FOMC monetary policy action were: Janet L. Yellen, Chair; William C. Dudley, Vice Chairman; Lael Brainard; Charles L. Evans; Stanley Fischer; Jeffrey M. Lacker; Dennis P. Lockhart; Jerome H. Powell; Daniel K. Tarullo; and John C. Williams.",2015-12-01,The Case for a Slow Return to Monetary Policy Normalization,https://fraser.stlouisfed.org/title/statements-speeches-charles-l-evans-8969/case-a-slow-return-monetary-policy-normalization-666906,COMMUNICATION_EVENT_DATE_STRICTLY_BEFORE_SEP_WHEN_TIME_UNKNOWN,SEP_RELEASE_DATE_AFTER_OFFICIAL_POLICY_STATEMENT; EXACT_RELEASE_TIME_NOT_STORED,NO
2015-12-16,Daniel K. Tarullo,COMMITTEE_HIKE,1,MORE_HAWKISH,VOTE_ACTION_PROXY,2015-12-16,0,https://www.federalreserve.gov/newsevents/pressreleases/monetary20151216a.htm,"Voting for the FOMC monetary policy action were: Janet L. Yellen, Chair; William C. Dudley, Vice Chairman; Lael Brainard; Charles L. Evans; Stanley Fischer; Jeffrey M. Lacker; Dennis P. Lockhart; Jerome H. Powell; Daniel K. Tarullo; and John C. Williams.",2015-12-02,Opening Remarks,https://www.federalreserve.gov/newsevents/speech/tarullo20151202a.htm,COMMUNICATION_EVENT_DATE_STRICTLY_BEFORE_SEP_WHEN_TIME_UNKNOWN,SEP_RELEASE_DATE_AFTER_OFFICIAL_POLICY_STATEMENT; EXACT_RELEASE_TIME_NOT_STORED,NO
2015-12-16,Dennis P. Lockhart,COMMITTEE_HIKE,1,MORE_HAWKISH,VOTE_ACTION_PROXY,2015-12-16,0,https://www.federalreserve.gov/newsevents/pressreleases/monetary20151216a.htm,"Voting for the FOMC monetary policy action were: Janet L. Yellen, Chair; William C. Dudley, Vice Chairman; Lael Brainard; Charles L. Evans; Stanley Fischer; Jeffrey M. Lacker; Dennis P. Lockhart; Jerome H. Powell; Daniel K. Tarullo; and John C. Williams.",2015-12-02,Assessing Economic Conditions for Liftoff,https://fraser.stlouisfed.org/title/statements-speeches-dennis-lockhart-5579/assessing-economic-conditions-liftoff-558081,COMMUNICATION_EVENT_DATE_STRICTLY_BEFORE_SEP_WHEN_TIME_UNKNOWN,SEP_RELEASE_DATE_AFTER_OFFICIAL_POLICY_STATEMENT; EXACT_RELEASE_TIME_NOT_STORED,NO
2015-12-16,Eric S. Rosengren,UNKNOWN,,UNKNOWN,NO_DIRECTIONAL_PERSONAL_EVIDENCE_CLASSIFIED,,,,,2012-06-29,Our Financial Structures - Are They Prepared for Financial Instability?,https://fraser.stlouisfed.org/title/statements-speeches-eric-rosengren-9015/financial-structures-prepared-financial-instability-667483,COMMUNICATION_EVENT_DATE_STRICTLY_BEFORE_SEP_WHEN_TIME_UNKNOWN,SEP_RELEASE_DATE_AFTER_OFFICIAL_POLICY_STATEMENT; EXACT_RELEASE_TIME_NOT_STORED,NO
2015-12-16,Esther L. George,UNKNOWN,,UNKNOWN,NO_DIRECTIONAL_PERSONAL_EVIDENCE_CLASSIFIED,,,,,2015-10-06,Improving Through Collaboration: The Federal Reserve's Perspective,https://fraser.stlouisfed.org/title/statements-speeches-esther-l-george-9278/improving-collaboration-federal-reserves-perspective-679570,COMMUNICATION_EVENT_DATE_STRICTLY_BEFORE_SEP_WHEN_TIME_UNKNOWN,SEP_RELEASE_DATE_AFTER_OFFICIAL_POLICY_STATEMENT; EXACT_RELEASE_TIME_NOT_STORED,NO
2015-12-16,James Bullard,UNKNOWN,,UNKNOWN,NO_DIRECTIONAL_PERSONAL_EVIDENCE_CLASSIFIED,,,,,2015-08-13,Neo-Fisherianism,https://fraser.stlouisfed.org/title/statements-speeches-james-bullard-7161/neo-fisherianism-655003,COMMUNICATION_EVENT_DATE_STRICTLY_BEFORE_SEP_WHEN_TIME_UNKNOWN,SEP_RELEASE_DATE_AFTER_OFFICIAL_POLICY_STATEMENT; EXACT_RELEASE_TIME_NOT_STORED,NO
2015-12-16,Janet L. Yellen,COMMITTEE_HIKE,1,MORE_HAWKISH,VOTE_ACTION_PROXY,2015-12-16,0,https://www.federalreserve.gov/newsevents/pressreleases/monetary20151216a.htm,"Voting for the FOMC monetary policy action were: Janet L. Yellen, Chair; William C. Dudley, Vice Chairman; Lael Brainard; Charles L. Evans; Stanley Fischer; Jeffrey M. Lacker; Dennis P. Lockhart; Jerome H. Powell; Daniel K. Tarullo; and John C. Williams.",2015-12-02,The Economic Outlook and Monetary Policy,https://www.federalreserve.gov/newsevents/speech/yellen20151202a.htm,COMMUNICATION_EVENT_DATE_STRICTLY_BEFORE_SEP_WHEN_TIME_UNKNOWN,SEP_RELEASE_DATE_AFTER_OFFICIAL_POLICY_STATEMENT; EXACT_RELEASE_TIME_NOT_STORED,NO
2015-12-16,Jeffrey M. Lacker,COMMITTEE_HIKE,1,MORE_DOVISH,VOTE_ACTION_PROXY,2015-12-16,0,https://www.federalreserve.gov/newsevents/pressreleases/monetary20151216a.htm,"Voting for the FOMC monetary policy action were: Janet L. Yellen, Chair; William C. Dudley, Vice Chairman; Lael Brainard; Charles L. Evans; Stanley Fischer; Jeffrey M. Lacker; Dennis P. Lockhart; Jerome H. Powell; Daniel K. Tarullo; and John C. Williams.",2015-11-12,What Monetary Policy Can and Can't Do,https://fraser.stlouisfed.org/title/statements-speeches-jeffrey-m-lacker-6827/monetary-policy-cant-678754,COMMUNICATION_EVENT_DATE_STRICTLY_BEFORE_SEP_WHEN_TIME_UNKNOWN,SEP_RELEASE_DATE_AFTER_OFFICIAL_POLICY_STATEMENT; EXACT_RELEASE_TIME_NOT_STORED,NO
2015-12-16,Jerome H. Powell,COMMITTEE_HIKE,1,MORE_HAWKISH,VOTE_ACTION_PROXY,2015-12-16,0,https://www.federalreserve.gov/newsevents/pressreleases/monetary20151216a.htm,"Voting for the FOMC monetary policy action were: Janet L. Yellen, Chair; William C. Dudley, Vice Chairman; Lael Brainard; Charles L. Evans; Stanley Fischer; Jeffrey M. Lacker; Dennis P. Lockhart; Jerome H. Powell; Daniel K. Tarullo; and John C. Williams.",2015-11-20,Opening Remarks,https://www.federalreserve.gov/newsevents/speech/powell20151120a.htm,COMMUNICATION_EVENT_DATE_STRICTLY_BEFORE_SEP_WHEN_TIME_UNKNOWN,SEP_RELEASE_DATE_AFTER_OFFICIAL_POLICY_STATEMENT; EXACT_RELEASE_TIME_NOT_STORED,NO
2015-12-16,John C. Williams,COMMITTEE_HIKE,1,MORE_HAWKISH,VOTE_ACTION_PROXY,2015-12-16,0,https://www.federalreserve.gov/newsevents/pressreleases/monetary20151216a.htm,"Voting for the FOMC monetary policy action were: Janet L. Yellen, Chair; William C. Dudley, Vice Chairman; Lael Brainard; Charles L. Evans; Stanley Fischer; Jeffrey M. Lacker; Dennis P. Lockhart; Jerome H. Powell; Daniel K. Tarullo; and John C. Williams.",2015-12-02,Dancing Days Are Here Again: The Long Road Back to Maximum Employment,https://fraser.stlouisfed.org/title/statements-speeches-john-c-williams-9040/dancing-days-long-road-back-maximum-employment-671887,COMMUNICATION_EVENT_DATE_STRICTLY_BEFORE_SEP_WHEN_TIME_UNKNOWN,SEP_RELEASE_DATE_AFTER_OFFICIAL_POLICY_STATEMENT; EXACT_RELEASE_TIME_NOT_STORED,NO
2015-12-16,Lael Brainard,COMMITTEE_HIKE,1,MORE_HAWKISH,VOTE_ACTION_PROXY,2015-12-16,0,https://www.federalreserve.gov/newsevents/pressreleases/monetary20151216a.htm,"Voting for the FOMC monetary policy action were: Janet L. Yellen, Chair; William C. Dudley, Vice Chairman; Lael Brainard; Charles L. Evans; Stanley Fischer; Jeffrey M. Lacker; Dennis P. Lockhart; Jerome H. Powell; Daniel K. Tarullo; and John C. Williams.",2015-12-01,Normalizing Monetary Policy When the Neutral Interest Rate Is Low,https://www.federalreserve.gov/newsevents/speech/brainard20151201a.htm,COMMUNICATION_EVENT_DATE_STRICTLY_BEFORE_SEP_WHEN_TIME_UNKNOWN,SEP_RELEASE_DATE_AFTER_OFFICIAL_POLICY_STATEMENT; EXACT_RELEASE_TIME_NOT_STORED,NO
2015-12-16,Loretta J. Mester,UNKNOWN,,UNKNOWN,NO_DIRECTIONAL_PERSONAL_EVIDENCE_CLASSIFIED,,,,,2015-11-18,U.S. Payment System Improvement and the Federal Reserve,https://www.clevelandfed.org/collections/speeches/2015/sp-20151118-us-payment-system-improvement-and-the-federal-reserve,COMMUNICATION_EVENT_DATE_STRICTLY_BEFORE_SEP_WHEN_TIME_UNKNOWN,SEP_RELEASE_DATE_AFTER_OFFICIAL_POLICY_STATEMENT; EXACT_RELEASE_TIME_NOT_STORED,NO
2015-12-16,Michael Strine,UNKNOWN,,UNKNOWN,NO_DIRECTIONAL_PERSONAL_EVIDENCE_CLASSIFIED,,,,,,,,COMMUNICATION_EVENT_DATE_STRICTLY_BEFORE_SEP_WHEN_TIME_UNKNOWN,SEP_RELEASE_DATE_AFTER_OFFICIAL_POLICY_STATEMENT; EXACT_RELEASE_TIME_NOT_STORED,NO
2015-12-16,Patrick Harker,UNKNOWN,,UNKNOWN,NO_DIRECTIONAL_PERSONAL_EVIDENCE_CLASSIFIED,,,,,2015-12-04,The New Normal for the U.S. Economy,https://fraser.stlouisfed.org/title/statements-speeches-patrick-t-harker-6102/new-normal-us-economy-586763,COMMUNICATION_EVENT_DATE_STRICTLY_BEFORE_SEP_WHEN_TIME_UNKNOWN,SEP_RELEASE_DATE_AFTER_OFFICIAL_POLICY_STATEMENT; EXACT_RELEASE_TIME_NOT_STORED,NO
2015-12-16,Robert S. Kaplan,UNKNOWN,,UNKNOWN,NO_DIRECTIONAL_PERSONAL_EVIDENCE_CLASSIFIED,,,,,2015-11-18,A Discussion of Economic Conditions and Federal Reserve Policy,https://www.dallasfed.org/news/speeches/kaplan/2015/rsk151118,COMMUNICATION_EVENT_DATE_STRICTLY_BEFORE_SEP_WHEN_TIME_UNKNOWN,SEP_RELEASE_DATE_AFTER_OFFICIAL_POLICY_STATEMENT; EXACT_RELEASE_TIME_NOT_STORED,NO
2015-12-16,Stanley Fischer,COMMITTEE_HIKE,1,MORE_HAWKISH,VOTE_ACTION_PROXY,2015-12-16,0,https://www.federalreserve.gov/newsevents/pressreleases/monetary20151216a.htm,"Voting for the FOMC monetary policy action were: Janet L. Yellen, Chair; William C. Dudley, Vice Chairman; Lael Brainard; Charles L. Evans; Stanley Fischer; Jeffrey M. Lacker; Dennis P. Lockhart; Jerome H. Powell; Daniel K. Tarullo; and John C. Williams.",2015-12-03,Financial Stability and Shadow Banks: What We Don't Know Could Hurt Us,https://www.federalreserve.gov/newsevents/speech/fischer20151203a.htm,COMMUNICATION_EVENT_DATE_STRICTLY_BEFORE_SEP_WHEN_TIME_UNKNOWN,SEP_RELEASE_DATE_AFTER_OFFICIAL_POLICY_STATEMENT; EXACT_RELEASE_TIME_NOT_STORED,NO
2015-12-16,William C. Dudley,COMMITTEE_HIKE,1,MORE_HAWKISH,VOTE_ACTION_PROXY,2015-12-16,0,https://www.federalreserve.gov/newsevents/pressreleases/monetary20151216a.htm,"Voting for the FOMC monetary policy action were: Janet L. Yellen, Chair; William C. Dudley, Vice Chairman; Lael Brainard; Charles L. Evans; Stanley Fischer; Jeffrey M. Lacker; Dennis P. Lockhart; Jerome H. Powell; Daniel K. Tarullo; and John C. Williams.",2015-11-18,"Panel Remarks at The Clearing House Annual Conference, New York City",https://fraser.stlouisfed.org/title/statements-speeches-william-c-dudley-6749/panel-remarks-clearing-house-annual-conference-new-york-city-619019,COMMUNICATION_EVENT_DATE_STRICTLY_BEFORE_SEP_WHEN_TIME_UNKNOWN,SEP_RELEASE_DATE_AFTER_OFFICIAL_POLICY_STATEMENT; EXACT_RELEASE_TIME_NOT_STORED,NO
2016-03-16,Charles L. Evans,UNKNOWN,,UNKNOWN,NO_DIRECTIONAL_PERSONAL_EVIDENCE_CLASSIFIED,,,,,2015-12-01,The Case for a Slow Return to Monetary Policy Normalization,https://fraser.stlouisfed.org/title/statements-speeches-charles-l-evans-8969/case-a-slow-return-monetary-policy-normalization-666906,COMMUNICATION_EVENT_DATE_STRICTLY_BEFORE_SEP_WHEN_TIME_UNKNOWN,SEP_RELEASE_DATE_AFTER_OFFICIAL_POLICY_STATEMENT; EXACT_RELEASE_TIME_NOT_STORED,NO
2016-03-16,Daniel K. Tarullo,COMMITTEE_HOLD,0,MORE_DOVISH,VOTE_ACTION_PROXY,2016-03-16,0,https://www.federalreserve.gov/newsevents/pressreleases/monetary20160316a.htm,"Voting for the FOMC monetary policy action were: Janet L. Yellen, Chair; William C. Dudley, Vice Chairman; Lael Brainard; James Bullard; Stanley Fischer; Loretta J. Mester; Jerome H. Powell; Eric Rosengren; and Daniel K. Tarullo. Voting against the action was Esther L. George, who preferred at this meeting to raise the target range for the federal funds rate to 1/2 to 3/4 percent. Implementation Note issued March 16, 2016",2015-12-02,Opening Remarks,https://www.federalreserve.gov/newsevents/speech/tarullo20151202a.htm,COMMUNICATION_EVENT_DATE_STRICTLY_BEFORE_SEP_WHEN_TIME_UNKNOWN,SEP_RELEASE_DATE_AFTER_OFFICIAL_POLICY_STATEMENT; EXACT_RELEASE_TIME_NOT_STORED,NO
2016-03-16,Dennis P. Lockhart,UNKNOWN,,UNKNOWN,NO_DIRECTIONAL_PERSONAL_EVIDENCE_CLASSIFIED,,,,,2015-12-02,Assessing Economic Conditions for Liftoff,https://fraser.stlouisfed.org/title/statements-speeches-dennis-lockhart-5579/assessing-economic-conditions-liftoff-558081,COMMUNICATION_EVENT_DATE_STRICTLY_BEFORE_SEP_WHEN_TIME_UNKNOWN,SEP_RELEASE_DATE_AFTER_OFFICIAL_POLICY_STATEMENT; EXACT_RELEASE_TIME_NOT_STORED,NO
2016-03-16,Eric S. Rosengren,COMMITTEE_HOLD,0,UNKNOWN,VOTE_ACTION_PROXY,2016-03-16,0,https://www.federalreserve.gov/newsevents/pressreleases/monetary20160316a.htm,"Voting for the FOMC monetary policy action were: Janet L. Yellen, Chair; William C. Dudley, Vice Chairman; Lael Brainard; James Bullard; Stanley Fischer; Loretta J. Mester; Jerome H. Powell; Eric Rosengren; and Daniel K. Tarullo. Voting against the action was Esther L. George, who preferred at this meeting to raise the target range for the federal funds rate to 1/2 to 3/4 percent. Implementation Note issued March 16, 2016",2016-02-04,Progress on Addressing &#39;Too Big To Fail&#39;,https://www.bostonfed.org/news-and-events/speeches/2016/progress-on-addressing-too-big-to-fail.aspx,COMMUNICATION_EVENT_DATE_STRICTLY_BEFORE_SEP_WHEN_TIME_UNKNOWN,SEP_RELEASE_DATE_AFTER_OFFICIAL_POLICY_STATEMENT; EXACT_RELEASE_TIME_NOT_STORED,NO
2016-03-16,Esther L. George,TIGHTER,2,UNKNOWN,NAMED_DISSENT,2016-03-16,0,https://www.federalreserve.gov/newsevents/pressreleases/monetary20160316a.htm,"Voting for the FOMC monetary policy action were: Janet L. Yellen, Chair; William C. Dudley, Vice Chairman; Lael Brainard; James Bullard; Stanley Fischer; Loretta J. Mester; Jerome H. Powell; Eric Rosengren; and Daniel K. Tarullo. Voting against the action was Esther L. George, who preferred at this meeting to raise the target range for the federal funds rate to 1/2 to 3/4 percent. Implementation Note issued March 16, 2016",2016-02-02,The U.S. Outlook and Monetary Policy,https://fraser.stlouisfed.org/title/statements-speeches-esther-l-george-9278/us-outlook-monetary-policy-679571,COMMUNICATION_EVENT_DATE_STRICTLY_BEFORE_SEP_WHEN_TIME_UNKNOWN,SEP_RELEASE_DATE_AFTER_OFFICIAL_POLICY_STATEMENT; EXACT_RELEASE_TIME_NOT_STORED,NO
2016-03-16,James Bullard,COMMITTEE_HOLD,0,UNKNOWN,VOTE_ACTION_PROXY,2016-03-16,0,https://www.federalreserve.gov/newsevents/pressreleases/monetary20160316a.htm,"Voting for the FOMC monetary policy action were: Janet L. Yellen, Chair; William C. Dudley, Vice Chairman; Lael Brainard; James Bullard; Stanley Fischer; Loretta J. Mester; Jerome H. Powell; Eric Rosengren; and Daniel K. Tarullo. Voting against the action was Esther L. George, who preferred at this meeting to raise the target range for the federal funds rate to 1/2 to 3/4 percent. Implementation Note issued March 16, 2016",2015-08-13,Neo-Fisherianism,https://fraser.stlouisfed.org/title/statements-speeches-james-bullard-7161/neo-fisherianism-655003,COMMUNICATION_EVENT_DATE_STRICTLY_BEFORE_SEP_WHEN_TIME_UNKNOWN,SEP_RELEASE_DATE_AFTER_OFFICIAL_POLICY_STATEMENT; EXACT_RELEASE_TIME_NOT_STORED,NO
2016-03-16,Janet L. Yellen,COMMITTEE_HOLD,0,MORE_DOVISH,VOTE_ACTION_PROXY,2016-03-16,0,https://www.federalreserve.gov/newsevents/pressreleases/monetary20160316a.htm,"Voting for the FOMC monetary policy action were: Janet L. Yellen, Chair; William C. Dudley, Vice Chairman; Lael Brainard; James Bullard; Stanley Fischer; Loretta J. Mester; Jerome H. Powell; Eric Rosengren; and Daniel K. Tarullo. Voting against the action was Esther L. George, who preferred at this meeting to raise the target range for the federal funds rate to 1/2 to 3/4 percent. Implementation Note issued March 16, 2016",2015-12-02,The Economic Outlook and Monetary Policy,https://www.federalreserve.gov/newsevents/speech/yellen20151202a.htm,COMMUNICATION_EVENT_DATE_STRICTLY_BEFORE_SEP_WHEN_TIME_UNKNOWN,SEP_RELEASE_DATE_AFTER_OFFICIAL_POLICY_STATEMENT; EXACT_RELEASE_TIME_NOT_STORED,NO
2016-03-16,Jeffrey M. Lacker,UNKNOWN,,UNKNOWN,NO_DIRECTIONAL_PERSONAL_EVIDENCE_CLASSIFIED,,,,,2016-02-24,Can Monetary Policy Affect Economic Growth?,https://www.richmondfed.org/press_room/speeches/jeffrey_m_lacker/2016/lacker_speech_20160224,COMMUNICATION_EVENT_DATE_STRICTLY_BEFORE_SEP_WHEN_TIME_UNKNOWN,SEP_RELEASE_DATE_AFTER_OFFICIAL_POLICY_STATEMENT; EXACT_RELEASE_TIME_NOT_STORED,NO
2016-03-16,Jerome H. Powell,COMMITTEE_HOLD,0,MORE_DOVISH,VOTE_ACTION_PROXY,2016-03-16,0,https://www.federalreserve.gov/newsevents/pressreleases/monetary20160316a.htm,"Voting for the FOMC monetary policy action were: Janet L. Yellen, Chair; William C. Dudley, Vice Chairman; Lael Brainard; James Bullard; Stanley Fischer; Loretta J. Mester; Jerome H. Powell; Eric Rosengren; and Daniel K. Tarullo. Voting against the action was Esther L. George, who preferred at this meeting to raise the target range for the federal funds rate to 1/2 to 3/4 percent. Implementation Note issued March 16, 2016",2016-02-26,"Discussion of the paper ""Language after Liftoff: Fed Communication Away from the Zero Lower Bound""",https://www.federalreserve.gov/newsevents/speech/powell20160226a.htm,COMMUNICATION_EVENT_DATE_STRICTLY_BEFORE_SEP_WHEN_TIME_UNKNOWN,SEP_RELEASE_DATE_AFTER_OFFICIAL_POLICY_STATEMENT; EXACT_RELEASE_TIME_NOT_STORED,NO
2016-03-16,John C. Williams,UNKNOWN,,UNKNOWN,NO_DIRECTIONAL_PERSONAL_EVIDENCE_CLASSIFIED,,,,,2016-02-26,"Discussion of ""Language after Liftoff: Fed Communication Away from the Zero Lower Bound"" - San Francisco Fed",https://www.frbsf.org/news-and-media/speeches/williams-speeches/2016/02/language-after-liftoff-fed-communication-away-from-the-zero-lower-bound,COMMUNICATION_EVENT_DATE_STRICTLY_BEFORE_SEP_WHEN_TIME_UNKNOWN,SEP_RELEASE_DATE_AFTER_OFFICIAL_POLICY_STATEMENT; EXACT_RELEASE_TIME_NOT_STORED,NO
2016-03-16,Lael Brainard,COMMITTEE_HOLD,0,MORE_DOVISH,VOTE_ACTION_PROXY,2016-03-16,0,https://www.federalreserve.gov/newsevents/pressreleases/monetary20160316a.htm,"Voting for the FOMC monetary policy action were: Janet L. Yellen, Chair; William C. Dudley, Vice Chairman; Lael Brainard; James Bullard; Stanley Fischer; Loretta J. Mester; Jerome H. Powell; Eric Rosengren; and Daniel K. Tarullo. Voting against the action was Esther L. George, who preferred at this meeting to raise the target range for the federal funds rate to 1/2 to 3/4 percent. Implementation Note issued March 16, 2016",2016-03-07,"An Update on the Outlook, Liquidity, and Resilience",https://www.federalreserve.gov/newsevents/speech/brainard20160307a.htm,COMMUNICATION_EVENT_DATE_STRICTLY_BEFORE_SEP_WHEN_TIME_UNKNOWN,SEP_RELEASE_DATE_AFTER_OFFICIAL_POLICY_STATEMENT; EXACT_RELEASE_TIME_NOT_STORED,NO
2016-03-16,Loretta J. Mester,COMMITTEE_HOLD,0,UNKNOWN,VOTE_ACTION_PROXY,2016-03-16,0,https://www.federalreserve.gov/newsevents/pressreleases/monetary20160316a.htm,"Voting for the FOMC monetary policy action were: Janet L. Yellen, Chair; William C. Dudley, Vice Chairman; Lael Brainard; James Bullard; Stanley Fischer; Loretta J. Mester; Jerome H. Powell; Eric Rosengren; and Daniel K. Tarullo. Voting against the action was Esther L. George, who preferred at this meeting to raise the target range for the federal funds rate to 1/2 to 3/4 percent. Implementation Note issued March 16, 2016",2016-03-04,Discussion of,https://www.clevelandfed.org/collections/speeches/2016/sp-20160304-macroeconomics-and-monetary-policy-conference,COMMUNICATION_EVENT_DATE_STRICTLY_BEFORE_SEP_WHEN_TIME_UNKNOWN,SEP_RELEASE_DATE_AFTER_OFFICIAL_POLICY_STATEMENT; EXACT_RELEASE_TIME_NOT_STORED,NO
2016-03-16,Michael Strine,UNKNOWN,,UNKNOWN,NO_DIRECTIONAL_PERSONAL_EVIDENCE_CLASSIFIED,,,,,,,,COMMUNICATION_EVENT_DATE_STRICTLY_BEFORE_SEP_WHEN_TIME_UNKNOWN,SEP_RELEASE_DATE_AFTER_OFFICIAL_POLICY_STATEMENT; EXACT_RELEASE_TIME_NOT_STORED,NO
2016-03-16,Neel Kashkari,UNKNOWN,,UNKNOWN,NO_DIRECTIONAL_PERSONAL_EVIDENCE_CLASSIFIED,,,,,2016-02-23,A Conversation with Neel Kashkari at Greater MSP,https://minneapolisfed.org/speeches/2016/a-conversation-with-neel-kashkari-at-greater-msp,COMMUNICATION_EVENT_DATE_STRICTLY_BEFORE_SEP_WHEN_TIME_UNKNOWN,SEP_RELEASE_DATE_AFTER_OFFICIAL_POLICY_STATEMENT; EXACT_RELEASE_TIME_NOT_STORED,NO
2016-03-16,Patrick Harker,UNKNOWN,,UNKNOWN,NO_DIRECTIONAL_PERSONAL_EVIDENCE_CLASSIFIED,,,,,2016-02-16,An Economic Outlook,https://fraser.stlouisfed.org/title/statements-speeches-patrick-t-harker-6102/economic-outlook-586764,COMMUNICATION_EVENT_DATE_STRICTLY_BEFORE_SEP_WHEN_TIME_UNKNOWN,SEP_RELEASE_DATE_AFTER_OFFICIAL_POLICY_STATEMENT; EXACT_RELEASE_TIME_NOT_STORED,NO
2016-03-16,Robert S. Kaplan,UNKNOWN,,UNKNOWN,NO_DIRECTIONAL_PERSONAL_EVIDENCE_CLASSIFIED,,,,,2016-03-03,Discussion of Economic Conditions and Implications for Monetary Policy,https://www.dallasfed.org/news/speeches/kaplan/2016/rsk160303,COMMUNICATION_EVENT_DATE_STRICTLY_BEFORE_SEP_WHEN_TIME_UNKNOWN,SEP_RELEASE_DATE_AFTER_OFFICIAL_POLICY_STATEMENT; EXACT_RELEASE_TIME_NOT_STORED,NO
2016-03-16,Stanley Fischer,COMMITTEE_HOLD,0,MORE_DOVISH,VOTE_ACTION_PROXY,2016-03-16,0,https://www.federalreserve.gov/newsevents/pressreleases/monetary20160316a.htm,"Voting for the FOMC monetary policy action were: Janet L. Yellen, Chair; William C. Dudley, Vice Chairman; Lael Brainard; James Bullard; Stanley Fischer; Loretta J. Mester; Jerome H. Powell; Eric Rosengren; and Daniel K. Tarullo. Voting against the action was Esther L. George, who preferred at this meeting to raise the target range for the federal funds rate to 1/2 to 3/4 percent. Implementation Note issued March 16, 2016",2016-03-07,Reflections on Macroeconomics Then and Now,https://www.federalreserve.gov/newsevents/speech/fischer20160307a.htm,COMMUNICATION_EVENT_DATE_STRICTLY_BEFORE_SEP_WHEN_TIME_UNKNOWN,SEP_RELEASE_DATE_AFTER_OFFICIAL_POLICY_STATEMENT; EXACT_RELEASE_TIME_NOT_STORED,NO
2016-03-16,William C. Dudley,COMMITTEE_HOLD,0,MORE_DOVISH,VOTE_ACTION_PROXY,2016-03-16,0,https://www.federalreserve.gov/newsevents/pressreleases/monetary20160316a.htm,"Voting for the FOMC monetary policy action were: Janet L. Yellen, Chair; William C. Dudley, Vice Chairman; Lael Brainard; James Bullard; Stanley Fischer; Loretta J. Mester; Jerome H. Powell; Eric Rosengren; and Daniel K. Tarullo. Voting against the action was Esther L. George, who preferred at this meeting to raise the target range for the federal funds rate to 1/2 to 3/4 percent. Implementation Note issued March 16, 2016",2016-02-29,The U.S. Economic Outlook and Implications for Monetary Policy,https://fraser.stlouisfed.org/title/statements-speeches-william-c-dudley-6749/us-economic-outlook-implications-monetary-policy-619022,COMMUNICATION_EVENT_DATE_STRICTLY_BEFORE_SEP_WHEN_TIME_UNKNOWN,SEP_RELEASE_DATE_AFTER_OFFICIAL_POLICY_STATEMENT; EXACT_RELEASE_TIME_NOT_STORED,NO
2016-06-15,Charles L. Evans,UNKNOWN,,UNKNOWN,NO_DIRECTIONAL_PERSONAL_EVIDENCE_CLASSIFIED,,,,,2016-06-03,Reflections on the Current Monetary Policy Environment,https://fraser.stlouisfed.org/title/statements-speeches-charles-l-evans-8969/reflections-current-monetary-policy-environment-666911,COMMUNICATION_EVENT_DATE_STRICTLY_BEFORE_SEP_WHEN_TIME_UNKNOWN,SEP_RELEASE_DATE_AFTER_OFFICIAL_POLICY_STATEMENT; EXACT_RELEASE_TIME_NOT_STORED,NO
2016-06-15,Daniel K. Tarullo,UNKNOWN,,UNKNOWN,NO_DIRECTIONAL_PERSONAL_EVIDENCE_CLASSIFIED,,,,,2016-05-20,Insurance Companies and the Role of the Federal Reserve,https://www.federalreserve.gov/newsevents/speech/tarullo20160520a.htm,COMMUNICATION_EVENT_DATE_STRICTLY_BEFORE_SEP_WHEN_TIME_UNKNOWN,SEP_RELEASE_DATE_AFTER_OFFICIAL_POLICY_STATEMENT; EXACT_RELEASE_TIME_NOT_STORED,NO
2016-06-15,Dennis P. Lockhart,UNKNOWN,,UNKNOWN,NO_DIRECTIONAL_PERSONAL_EVIDENCE_CLASSIFIED,,,,,2016-05-03,Four-and-a-Half Current Questions for Policymakers,https://fraser.stlouisfed.org/title/statements-speeches-dennis-lockhart-5579/four--a-half-current-questions-policymakers-558084,COMMUNICATION_EVENT_DATE_STRICTLY_BEFORE_SEP_WHEN_TIME_UNKNOWN,SEP_RELEASE_DATE_AFTER_OFFICIAL_POLICY_STATEMENT; EXACT_RELEASE_TIME_NOT_STORED,NO
2016-06-15,Eric S. Rosengren,COMMITTEE_HOLD,0,UNCHANGED,VOTE_ACTION_PROXY,2016-06-15,0,https://www.federalreserve.gov/newsevents/pressreleases/monetary20160615a.htm,"Voting for the FOMC monetary policy action were: Janet L. Yellen, Chair; William C. Dudley, Vice Chairman; Lael Brainard; James Bullard; Stanley Fischer; Esther L. George; Loretta J. Mester; Jerome H. Powell; Eric Rosengren; and Daniel K. Tarullo. Implementation Note issued June 15, 2016",2016-06-06,Perspectives on Quantitative Easing in the United States,https://www.bostonfed.org/news-and-events/speeches/2016/perspectives-on-quantitative-easing-in-the-united-states.aspx,COMMUNICATION_EVENT_DATE_STRICTLY_BEFORE_SEP_WHEN_TIME_UNKNOWN,SEP_RELEASE_DATE_AFTER_OFFICIAL_POLICY_STATEMENT; EXACT_RELEASE_TIME_NOT_STORED,NO
2016-06-15,Esther L. George,COMMITTEE_HOLD,0,MORE_DOVISH,VOTE_ACTION_PROXY,2016-06-15,0,https://www.federalreserve.gov/newsevents/pressreleases/monetary20160615a.htm,"Voting for the FOMC monetary policy action were: Janet L. Yellen, Chair; William C. Dudley, Vice Chairman; Lael Brainard; James Bullard; Stanley Fischer; Esther L. George; Loretta J. Mester; Jerome H. Powell; Eric Rosengren; and Daniel K. Tarullo. Implementation Note issued June 15, 2016",2016-05-12,"Longer-Term Labor Market Trends, the Economic Outlook and Monetary Policy",https://fraser.stlouisfed.org/title/statements-speeches-esther-l-george-9278/longer-term-labor-market-trends-economic-outlook-monetary-policy-679573,COMMUNICATION_EVENT_DATE_STRICTLY_BEFORE_SEP_WHEN_TIME_UNKNOWN,SEP_RELEASE_DATE_AFTER_OFFICIAL_POLICY_STATEMENT; EXACT_RELEASE_TIME_NOT_STORED,NO
2016-06-15,James Bullard,COMMITTEE_HOLD,0,UNCHANGED,VOTE_ACTION_PROXY,2016-06-15,0,https://www.federalreserve.gov/newsevents/pressreleases/monetary20160615a.htm,"Voting for the FOMC monetary policy action were: Janet L. Yellen, Chair; William C. Dudley, Vice Chairman; Lael Brainard; James Bullard; Stanley Fischer; Esther L. George; Loretta J. Mester; Jerome H. Powell; Eric Rosengren; and Daniel K. Tarullo. Implementation Note issued June 15, 2016",2015-08-13,Neo-Fisherianism,https://fraser.stlouisfed.org/title/statements-speeches-james-bullard-7161/neo-fisherianism-655003,COMMUNICATION_EVENT_DATE_STRICTLY_BEFORE_SEP_WHEN_TIME_UNKNOWN,SEP_RELEASE_DATE_AFTER_OFFICIAL_POLICY_STATEMENT; EXACT_RELEASE_TIME_NOT_STORED,NO
2016-06-15,Janet L. Yellen,COMMITTEE_HOLD,0,UNCHANGED,VOTE_ACTION_PROXY,2016-06-15,0,https://www.federalreserve.gov/newsevents/pressreleases/monetary20160615a.htm,"Voting for the FOMC monetary policy action were: Janet L. Yellen, Chair; William C. Dudley, Vice Chairman; Lael Brainard; James Bullard; Stanley Fischer; Esther L. George; Loretta J. Mester; Jerome H. Powell; Eric Rosengren; and Daniel K. Tarullo. Implementation Note issued June 15, 2016",2016-06-06,Current Conditions and the Outlook for the U.S. Economy,https://www.federalreserve.gov/newsevents/speech/yellen20160606a.htm,COMMUNICATION_EVENT_DATE_STRICTLY_BEFORE_SEP_WHEN_TIME_UNKNOWN,SEP_RELEASE_DATE_AFTER_OFFICIAL_POLICY_STATEMENT; EXACT_RELEASE_TIME_NOT_STORED,NO
2016-06-15,Jeffrey M. Lacker,UNKNOWN,,UNKNOWN,NO_DIRECTIONAL_PERSONAL_EVIDENCE_CLASSIFIED,,,,,2016-04-12,Economic Leadership in an Uncertain World,https://www.richmondfed.org/press_room/speeches/jeffrey_m_lacker/2016/lacker_speech_20160412,COMMUNICATION_EVENT_DATE_STRICTLY_BEFORE_SEP_WHEN_TIME_UNKNOWN,SEP_RELEASE_DATE_AFTER_OFFICIAL_POLICY_STATEMENT; EXACT_RELEASE_TIME_NOT_STORED,NO
2016-06-15,Jerome H. Powell,COMMITTEE_HOLD,0,UNCHANGED,VOTE_ACTION_PROXY,2016-06-15,0,https://www.federalreserve.gov/newsevents/pressreleases/monetary20160615a.htm,"Voting for the FOMC monetary policy action were: Janet L. Yellen, Chair; William C. Dudley, Vice Chairman; Lael Brainard; James Bullard; Stanley Fischer; Esther L. George; Loretta J. Mester; Jerome H. Powell; Eric Rosengren; and Daniel K. Tarullo. Implementation Note issued June 15, 2016",2016-05-26,"Recent Economic Developments, the Productive Potential of the Economy, and Monetary Policy",https://www.federalreserve.gov/newsevents/speech/powell20160526a.htm,COMMUNICATION_EVENT_DATE_STRICTLY_BEFORE_SEP_WHEN_TIME_UNKNOWN,SEP_RELEASE_DATE_AFTER_OFFICIAL_POLICY_STATEMENT; EXACT_RELEASE_TIME_NOT_STORED,NO
2016-06-15,John C. Williams,UNKNOWN,,UNKNOWN,NO_DIRECTIONAL_PERSONAL_EVIDENCE_CLASSIFIED,,,,,2016-05-13,"Now That Winter Is Over, Springtime Is on My Mind - San Francisco Fed",https://www.frbsf.org/news-and-media/speeches/williams-speeches/2016/05/springtime-is-on-my-mind-sacramento-economic-forum-outlook-and-monetary-policy,COMMUNICATION_EVENT_DATE_STRICTLY_BEFORE_SEP_WHEN_TIME_UNKNOWN,SEP_RELEASE_DATE_AFTER_OFFICIAL_POLICY_STATEMENT; EXACT_RELEASE_TIME_NOT_STORED,NO
2016-06-15,Lael Brainard,COMMITTEE_HOLD,0,UNCHANGED,VOTE_ACTION_PROXY,2016-06-15,0,https://www.federalreserve.gov/newsevents/pressreleases/monetary20160615a.htm,"Voting for the FOMC monetary policy action were: Janet L. Yellen, Chair; William C. Dudley, Vice Chairman; Lael Brainard; James Bullard; Stanley Fischer; Esther L. George; Loretta J. Mester; Jerome H. Powell; Eric Rosengren; and Daniel K. Tarullo. Implementation Note issued June 15, 2016",2016-06-03,The Economic Outlook and Implications for Monetary Policy,https://www.federalreserve.gov/newsevents/speech/brainard20160603a.htm,COMMUNICATION_EVENT_DATE_STRICTLY_BEFORE_SEP_WHEN_TIME_UNKNOWN,SEP_RELEASE_DATE_AFTER_OFFICIAL_POLICY_STATEMENT; EXACT_RELEASE_TIME_NOT_STORED,NO
2016-06-15,Loretta J. Mester,COMMITTEE_HOLD,0,UNCHANGED,VOTE_ACTION_PROXY,2016-06-15,0,https://www.federalreserve.gov/newsevents/pressreleases/monetary20160615a.htm,"Voting for the FOMC monetary policy action were: Janet L. Yellen, Chair; William C. Dudley, Vice Chairman; Lael Brainard; James Bullard; Stanley Fischer; Esther L. George; Loretta J. Mester; Jerome H. Powell; Eric Rosengren; and Daniel K. Tarullo. Implementation Note issued June 15, 2016",2016-06-04,Five Points About Monetary Policy and Financial Stability,https://www.clevelandfed.org/collections/speeches/2016/sp-20160604-five-points,COMMUNICATION_EVENT_DATE_STRICTLY_BEFORE_SEP_WHEN_TIME_UNKNOWN,SEP_RELEASE_DATE_AFTER_OFFICIAL_POLICY_STATEMENT; EXACT_RELEASE_TIME_NOT_STORED,NO
2016-06-15,Neel Kashkari,UNKNOWN,,UNKNOWN,NO_DIRECTIONAL_PERSONAL_EVIDENCE_CLASSIFIED,,,,,2016-05-09,The Role and Limitations of Monetary Policy,https://minneapolisfed.org/speeches/2016/the-role-and-limitations-of-monetary-policy,COMMUNICATION_EVENT_DATE_STRICTLY_BEFORE_SEP_WHEN_TIME_UNKNOWN,SEP_RELEASE_DATE_AFTER_OFFICIAL_POLICY_STATEMENT; EXACT_RELEASE_TIME_NOT_STORED,NO
2016-06-15,Patrick Harker,UNKNOWN,,UNKNOWN,NO_DIRECTIONAL_PERSONAL_EVIDENCE_CLASSIFIED,,,,,2016-06-04,"Keynote Address, 2016 Stonier/ABA Stonier Graduate School of Banking Incoming Class, Philadelphia, PA",https://fraser.stlouisfed.org/title/statements-speeches-patrick-t-harker-6102/keynote-address-2016-stonier-aba-stonier-graduate-school-banking-incoming-class-philadelphia-pa-586770,COMMUNICATION_EVENT_DATE_STRICTLY_BEFORE_SEP_WHEN_TIME_UNKNOWN,SEP_RELEASE_DATE_AFTER_OFFICIAL_POLICY_STATEMENT; EXACT_RELEASE_TIME_NOT_STORED,NO
2016-06-15,Robert S. Kaplan,UNKNOWN,,UNKNOWN,NO_DIRECTIONAL_PERSONAL_EVIDENCE_CLASSIFIED,,,,,2016-04-29,"A Discussion of Key Secular Trends, Economic Conditions and Monetary Policy",https://www.dallasfed.org/news/speeches/kaplan/2016/rsk160429,COMMUNICATION_EVENT_DATE_STRICTLY_BEFORE_SEP_WHEN_TIME_UNKNOWN,SEP_RELEASE_DATE_AFTER_OFFICIAL_POLICY_STATEMENT; EXACT_RELEASE_TIME_NOT_STORED,NO
2016-06-15,Stanley Fischer,COMMITTEE_HOLD,0,UNCHANGED,VOTE_ACTION_PROXY,2016-06-15,0,https://www.federalreserve.gov/newsevents/pressreleases/monetary20160615a.htm,"Voting for the FOMC monetary policy action were: Janet L. Yellen, Chair; William C. Dudley, Vice Chairman; Lael Brainard; James Bullard; Stanley Fischer; Esther L. George; Loretta J. Mester; Jerome H. Powell; Eric Rosengren; and Daniel K. Tarullo. Implementation Note issued June 15, 2016",2016-05-19,"(Money), Interest and Prices: Patinkin and Woodford",https://www.federalreserve.gov/newsevents/speech/fischer20160519.htm,COMMUNICATION_EVENT_DATE_STRICTLY_BEFORE_SEP_WHEN_TIME_UNKNOWN,SEP_RELEASE_DATE_AFTER_OFFICIAL_POLICY_STATEMENT; EXACT_RELEASE_TIME_NOT_STORED,NO
2016-06-15,William C. Dudley,COMMITTEE_HOLD,0,UNCHANGED,VOTE_ACTION_PROXY,2016-06-15,0,https://www.federalreserve.gov/newsevents/pressreleases/monetary20160615a.htm,"Voting for the FOMC monetary policy action were: Janet L. Yellen, Chair; William C. Dudley, Vice Chairman; Lael Brainard; James Bullard; Stanley Fischer; Esther L. George; Loretta J. Mester; Jerome H. Powell; Eric Rosengren; and Daniel K. Tarullo. Implementation Note issued June 15, 2016",2016-05-19,"Opening Remarks at the Economic Press Briefing on the U.S. Economy in a Snapshot, New York City",https://fraser.stlouisfed.org/title/statements-speeches-william-c-dudley-6749/opening-remarks-economic-press-briefing-us-economy-a-snapshot-new-york-city-619030,COMMUNICATION_EVENT_DATE_STRICTLY_BEFORE_SEP_WHEN_TIME_UNKNOWN,SEP_RELEASE_DATE_AFTER_OFFICIAL_POLICY_STATEMENT; EXACT_RELEASE_TIME_NOT_STORED,NO
2016-09-21,Charles L. Evans,UNKNOWN,,UNKNOWN,NO_DIRECTIONAL_PERSONAL_EVIDENCE_CLASSIFIED,,,,,2016-08-31,Are Low Monetary Policy Rates the New Normal?,https://fraser.stlouisfed.org/title/statements-speeches-charles-l-evans-8969/low-monetary-policy-rates-new-normal-666912,COMMUNICATION_EVENT_DATE_STRICTLY_BEFORE_SEP_WHEN_TIME_UNKNOWN,SEP_RELEASE_DATE_AFTER_OFFICIAL_POLICY_STATEMENT; EXACT_RELEASE_TIME_NOT_STORED,NO
2016-09-21,Daniel K. Tarullo,COMMITTEE_HOLD,0,UNKNOWN,VOTE_ACTION_PROXY,2016-09-21,0,https://www.federalreserve.gov/newsevents/pressreleases/monetary20160921a.htm,"Voting for the FOMC monetary policy action were: Janet L. Yellen, Chair; William C. Dudley, Vice Chairman; Lael Brainard; James Bullard; Stanley Fischer; Jerome H. Powell; and Daniel K. Tarullo. Voting against the action were: Esther L. George, Loretta J. Mester, and Eric Rosengren, each of whom preferred at this meeting to raise the target range for the federal funds rate to 1/2 to 3/4 percent. Implementation Note issued September 21, 2016",2016-07-12,Opening Remarks,https://www.federalreserve.gov/newsevents/speech/tarullo20160712a.htm,COMMUNICATION_EVENT_DATE_STRICTLY_BEFORE_SEP_WHEN_TIME_UNKNOWN,SEP_RELEASE_DATE_AFTER_OFFICIAL_POLICY_STATEMENT; EXACT_RELEASE_TIME_NOT_STORED,NO
2016-09-21,Dennis P. Lockhart,UNKNOWN,,UNKNOWN,NO_DIRECTIONAL_PERSONAL_EVIDENCE_CLASSIFIED,,,,,2016-09-12,A Policymaker's Views on Inflation and Employment,https://fraser.stlouisfed.org/title/statements-speeches-dennis-lockhart-5579/a-policymaker-s-views-inflation-employment-558087,COMMUNICATION_EVENT_DATE_STRICTLY_BEFORE_SEP_WHEN_TIME_UNKNOWN,SEP_RELEASE_DATE_AFTER_OFFICIAL_POLICY_STATEMENT; EXACT_RELEASE_TIME_NOT_STORED,NO
2016-09-21,Eric S. Rosengren,TIGHTER,2,MORE_HAWKISH,NAMED_DISSENT,2016-09-21,0,https://www.federalreserve.gov/newsevents/pressreleases/monetary20160921a.htm,"Voting for the FOMC monetary policy action were: Janet L. Yellen, Chair; William C. Dudley, Vice Chairman; Lael Brainard; James Bullard; Stanley Fischer; Jerome H. Powell; and Daniel K. Tarullo. Voting against the action were: Esther L. George, Loretta J. Mester, and Eric Rosengren, each of whom preferred at this meeting to raise the target range for the federal funds rate to 1/2 to 3/4 percent. Implementation Note issued September 21, 2016",2016-09-09,Exploring the Economy’s Progress and Outlook,https://www.bostonfed.org/news-and-events/speeches/2016/exploring-the-economys-progress-outlook.aspx,COMMUNICATION_EVENT_DATE_STRICTLY_BEFORE_SEP_WHEN_TIME_UNKNOWN,SEP_RELEASE_DATE_AFTER_OFFICIAL_POLICY_STATEMENT; EXACT_RELEASE_TIME_NOT_STORED,NO
2016-09-21,Esther L. George,TIGHTER,2,MORE_HAWKISH,NAMED_DISSENT,2016-09-21,0,https://www.federalreserve.gov/newsevents/pressreleases/monetary20160921a.htm,"Voting for the FOMC monetary policy action were: Janet L. Yellen, Chair; William C. Dudley, Vice Chairman; Lael Brainard; James Bullard; Stanley Fischer; Jerome H. Powell; and Daniel K. Tarullo. Voting against the action were: Esther L. George, Loretta J. Mester, and Eric Rosengren, each of whom preferred at this meeting to raise the target range for the federal funds rate to 1/2 to 3/4 percent. Implementation Note issued September 21, 2016",2016-09-07,"Statement before the House Subcommittee on Monetary Policy and Trade, United States House of Representatives",https://fraser.stlouisfed.org/title/statements-speeches-esther-l-george-9278/statement-house-subcommittee-monetary-policy-trade-united-states-house-representatives-679575,COMMUNICATION_EVENT_DATE_STRICTLY_BEFORE_SEP_WHEN_TIME_UNKNOWN,SEP_RELEASE_DATE_AFTER_OFFICIAL_POLICY_STATEMENT; EXACT_RELEASE_TIME_NOT_STORED,NO
2016-09-21,James Bullard,COMMITTEE_HOLD,0,UNCHANGED,VOTE_ACTION_PROXY,2016-09-21,0,https://www.federalreserve.gov/newsevents/pressreleases/monetary20160921a.htm,"Voting for the FOMC monetary policy action were: Janet L. Yellen, Chair; William C. Dudley, Vice Chairman; Lael Brainard; James Bullard; Stanley Fischer; Jerome H. Powell; and Daniel K. Tarullo. Voting against the action were: Esther L. George, Loretta J. Mester, and Eric Rosengren, each of whom preferred at this meeting to raise the target range for the federal funds rate to 1/2 to 3/4 percent. Implementation Note issued September 21, 2016",2015-08-13,Neo-Fisherianism,https://fraser.stlouisfed.org/title/statements-speeches-james-bullard-7161/neo-fisherianism-655003,COMMUNICATION_EVENT_DATE_STRICTLY_BEFORE_SEP_WHEN_TIME_UNKNOWN,SEP_RELEASE_DATE_AFTER_OFFICIAL_POLICY_STATEMENT; EXACT_RELEASE_TIME_NOT_STORED,NO
2016-09-21,Janet L. Yellen,COMMITTEE_HOLD,0,UNCHANGED,VOTE_ACTION_PROXY,2016-09-21,0,https://www.federalreserve.gov/newsevents/pressreleases/monetary20160921a.htm,"Voting for the FOMC monetary policy action were: Janet L. Yellen, Chair; William C. Dudley, Vice Chairman; Lael Brainard; James Bullard; Stanley Fischer; Jerome H. Powell; and Daniel K. Tarullo. Voting against the action were: Esther L. George, Loretta J. Mester, and Eric Rosengren, each of whom preferred at this meeting to raise the target range for the federal funds rate to 1/2 to 3/4 percent. Implementation Note issued September 21, 2016",2016-08-26,"The Federal Reserve's Monetary Policy Toolkit: Past, Present, and Future",https://www.federalreserve.gov/newsevents/speech/yellen20160826a.htm,COMMUNICATION_EVENT_DATE_STRICTLY_BEFORE_SEP_WHEN_TIME_UNKNOWN,SEP_RELEASE_DATE_AFTER_OFFICIAL_POLICY_STATEMENT; EXACT_RELEASE_TIME_NOT_STORED,NO
2016-09-21,Jeffrey M. Lacker,UNKNOWN,,UNKNOWN,NO_DIRECTIONAL_PERSONAL_EVIDENCE_CLASSIFIED,,,,,2016-09-07,Lacker Testifies on Federal Reserve Bank Governance,https://www.richmondfed.org/press_room/speeches/jeffrey_m_lacker/2016/lacker_testimony_20160907,COMMUNICATION_EVENT_DATE_STRICTLY_BEFORE_SEP_WHEN_TIME_UNKNOWN,SEP_RELEASE_DATE_AFTER_OFFICIAL_POLICY_STATEMENT; EXACT_RELEASE_TIME_NOT_STORED,NO
2016-09-21,Jerome H. Powell,COMMITTEE_HOLD,0,UNCHANGED,VOTE_ACTION_PROXY,2016-09-21,0,https://www.federalreserve.gov/newsevents/pressreleases/monetary20160921a.htm,"Voting for the FOMC monetary policy action were: Janet L. Yellen, Chair; William C. Dudley, Vice Chairman; Lael Brainard; James Bullard; Stanley Fischer; Jerome H. Powell; and Daniel K. Tarullo. Voting against the action were: Esther L. George, Loretta J. Mester, and Eric Rosengren, each of whom preferred at this meeting to raise the target range for the federal funds rate to 1/2 to 3/4 percent. Implementation Note issued September 21, 2016",2016-06-28,"Recent Economic Developments, Monetary Policy Considerations and Longer-term Prospects",https://www.federalreserve.gov/newsevents/speech/powell20160628a.htm,COMMUNICATION_EVENT_DATE_STRICTLY_BEFORE_SEP_WHEN_TIME_UNKNOWN,SEP_RELEASE_DATE_AFTER_OFFICIAL_POLICY_STATEMENT; EXACT_RELEASE_TIME_NOT_STORED,NO
2016-09-21,John C. Williams,UNKNOWN,,UNKNOWN,NO_DIRECTIONAL_PERSONAL_EVIDENCE_CLASSIFIED,,,,,2016-09-06,Whither Inflation Targeting?,https://fraser.stlouisfed.org/title/statements-speeches-john-c-williams-9040/whither-inflation-targeting-671897,COMMUNICATION_EVENT_DATE_STRICTLY_BEFORE_SEP_WHEN_TIME_UNKNOWN,SEP_RELEASE_DATE_AFTER_OFFICIAL_POLICY_STATEMENT; EXACT_RELEASE_TIME_NOT_STORED,NO
2016-09-21,Lael Brainard,COMMITTEE_HOLD,0,UNCHANGED,VOTE_ACTION_PROXY,2016-09-21,0,https://www.federalreserve.gov/newsevents/pressreleases/monetary20160921a.htm,"Voting for the FOMC monetary policy action were: Janet L. Yellen, Chair; William C. Dudley, Vice Chairman; Lael Brainard; James Bullard; Stanley Fischer; Jerome H. Powell; and Daniel K. Tarullo. Voting against the action were: Esther L. George, Loretta J. Mester, and Eric Rosengren, each of whom preferred at this meeting to raise the target range for the federal funds rate to 1/2 to 3/4 percent. Implementation Note issued September 21, 2016",2016-09-12,"The ""New Normal"" and What It Means for Monetary Policy",https://www.federalreserve.gov/newsevents/speech/brainard20160912a.htm,COMMUNICATION_EVENT_DATE_STRICTLY_BEFORE_SEP_WHEN_TIME_UNKNOWN,SEP_RELEASE_DATE_AFTER_OFFICIAL_POLICY_STATEMENT; EXACT_RELEASE_TIME_NOT_STORED,NO
2016-09-21,Loretta J. Mester,TIGHTER,2,MORE_HAWKISH,NAMED_DISSENT,2016-09-21,0,https://www.federalreserve.gov/newsevents/pressreleases/monetary20160921a.htm,"Voting for the FOMC monetary policy action were: Janet L. Yellen, Chair; William C. Dudley, Vice Chairman; Lael Brainard; James Bullard; Stanley Fischer; Jerome H. Powell; and Daniel K. Tarullo. Voting against the action were: Esther L. George, Loretta J. Mester, and Eric Rosengren, each of whom preferred at this meeting to raise the target range for the federal funds rate to 1/2 to 3/4 percent. Implementation Note issued September 21, 2016",2016-09-01,Helping People and Communities Affected by Regional Economic Transitions,https://www.clevelandfed.org/collections/speeches/2016/sp-20160901-helping-people-and-communities,COMMUNICATION_EVENT_DATE_STRICTLY_BEFORE_SEP_WHEN_TIME_UNKNOWN,SEP_RELEASE_DATE_AFTER_OFFICIAL_POLICY_STATEMENT; EXACT_RELEASE_TIME_NOT_STORED,NO
2016-09-21,Michael Strine,UNKNOWN,,UNKNOWN,NO_DIRECTIONAL_PERSONAL_EVIDENCE_CLASSIFIED,,,,,2016-03-22,Strine: Forming the Next Generation of Bankers: The Future of Business Education and Ethics,https://www.newyorkfed.org/newsevents/speeches/2016/str160322,COMMUNICATION_EVENT_DATE_STRICTLY_BEFORE_SEP_WHEN_TIME_UNKNOWN,SEP_RELEASE_DATE_AFTER_OFFICIAL_POLICY_STATEMENT; EXACT_RELEASE_TIME_NOT_STORED,NO
2016-09-21,Neel Kashkari,UNKNOWN,,UNKNOWN,NO_DIRECTIONAL_PERSONAL_EVIDENCE_CLASSIFIED,,,,,2016-09-12,Nonmonetary Problems: Diagnosing and Treating the Slow Recovery,https://www.minneapolisfed.org/article/2016/nonmonetary-problems-diagnosing-and-treating-the-slow-recovery,COMMUNICATION_EVENT_DATE_STRICTLY_BEFORE_SEP_WHEN_TIME_UNKNOWN,SEP_RELEASE_DATE_AFTER_OFFICIAL_POLICY_STATEMENT; EXACT_RELEASE_TIME_NOT_STORED,NO
2016-09-21,Patrick Harker,UNKNOWN,,UNKNOWN,NO_DIRECTIONAL_PERSONAL_EVIDENCE_CLASSIFIED,,,,,2016-07-13,Building a Healthy Long-Term Economy,https://fraser.stlouisfed.org/title/statements-speeches-patrick-t-harker-6102/building-a-healthy-long-term-economy-586771,COMMUNICATION_EVENT_DATE_STRICTLY_BEFORE_SEP_WHEN_TIME_UNKNOWN,SEP_RELEASE_DATE_AFTER_OFFICIAL_POLICY_STATEMENT; EXACT_RELEASE_TIME_NOT_STORED,NO
2016-09-21,Robert S. Kaplan,UNKNOWN,,UNKNOWN,NO_DIRECTIONAL_PERSONAL_EVIDENCE_CLASSIFIED,,,,,2016-08-02,Key Secular Trends and Implications for Monetary Policy,https://www.dallasfed.org/news/speeches/kaplan/2016/rsk160802,COMMUNICATION_EVENT_DATE_STRICTLY_BEFORE_SEP_WHEN_TIME_UNKNOWN,SEP_RELEASE_DATE_AFTER_OFFICIAL_POLICY_STATEMENT; EXACT_RELEASE_TIME_NOT_STORED,NO
2016-09-21,Stanley Fischer,COMMITTEE_HOLD,0,UNCHANGED,VOTE_ACTION_PROXY,2016-09-21,0,https://www.federalreserve.gov/newsevents/pressreleases/monetary20160921a.htm,"Voting for the FOMC monetary policy action were: Janet L. Yellen, Chair; William C. Dudley, Vice Chairman; Lael Brainard; James Bullard; Stanley Fischer; Jerome H. Powell; and Daniel K. Tarullo. Voting against the action were: Esther L. George, Loretta J. Mester, and Eric Rosengren, each of whom preferred at this meeting to raise the target range for the federal funds rate to 1/2 to 3/4 percent. Implementation Note issued September 21, 2016",2016-08-21,Remarks on the U.S. Economy,https://www.federalreserve.gov/newsevents/speech/fischer20160821a.htm,COMMUNICATION_EVENT_DATE_STRICTLY_BEFORE_SEP_WHEN_TIME_UNKNOWN,SEP_RELEASE_DATE_AFTER_OFFICIAL_POLICY_STATEMENT; EXACT_RELEASE_TIME_NOT_STORED,NO
2016-09-21,William C. Dudley,COMMITTEE_HOLD,0,UNCHANGED,VOTE_ACTION_PROXY,2016-09-21,0,https://www.federalreserve.gov/newsevents/pressreleases/monetary20160921a.htm,"Voting for the FOMC monetary policy action were: Janet L. Yellen, Chair; William C. Dudley, Vice Chairman; Lael Brainard; James Bullard; Stanley Fischer; Jerome H. Powell; and Daniel K. Tarullo. Voting against the action were: Esther L. George, Loretta J. Mester, and Eric Rosengren, each of whom preferred at this meeting to raise the target range for the federal funds rate to 1/2 to 3/4 percent. Implementation Note issued September 21, 2016",2016-08-18,Dudley: Remarks at the New York Fed’s Economic Press Briefing on the Regional Economy,https://www.newyorkfed.org/newsevents/speeches/2016/dud160818,COMMUNICATION_EVENT_DATE_STRICTLY_BEFORE_SEP_WHEN_TIME_UNKNOWN,SEP_RELEASE_DATE_AFTER_OFFICIAL_POLICY_STATEMENT; EXACT_RELEASE_TIME_NOT_STORED,NO
2016-12-14,Charles L. Evans,UNKNOWN,,UNKNOWN,NO_DIRECTIONAL_PERSONAL_EVIDENCE_CLASSIFIED,,,,,2016-10-24,Monetary Policy - Lower or Longer?,https://fraser.stlouisfed.org/title/statements-speeches-charles-l-evans-8969/monetary-policy-lower-longer-666916,COMMUNICATION_EVENT_DATE_STRICTLY_BEFORE_SEP_WHEN_TIME_UNKNOWN,SEP_RELEASE_DATE_AFTER_OFFICIAL_POLICY_STATEMENT; EXACT_RELEASE_TIME_NOT_STORED,NO
2016-12-14,Daniel K. Tarullo,UNKNOWN,,UNKNOWN,NO_DIRECTIONAL_PERSONAL_EVIDENCE_CLASSIFIED,,,,,2016-12-02,Financial Regulation Since the Crisis,https://www.federalreserve.gov/newsevents/speech/tarullo20161202a.htm,COMMUNICATION_EVENT_DATE_STRICTLY_BEFORE_SEP_WHEN_TIME_UNKNOWN,SEP_RELEASE_DATE_AFTER_OFFICIAL_POLICY_STATEMENT; EXACT_RELEASE_TIME_NOT_STORED,NO
2016-12-14,Dennis P. Lockhart,UNKNOWN,,UNKNOWN,NO_DIRECTIONAL_PERSONAL_EVIDENCE_CLASSIFIED,,,,,2016-11-04,A View on Housing in the Recovery,https://fraser.stlouisfed.org/title/statements-speeches-dennis-lockhart-5579/a-view-housing-recovery-558090,COMMUNICATION_EVENT_DATE_STRICTLY_BEFORE_SEP_WHEN_TIME_UNKNOWN,SEP_RELEASE_DATE_AFTER_OFFICIAL_POLICY_STATEMENT; EXACT_RELEASE_TIME_NOT_STORED,NO
2016-12-14,Eric S. Rosengren,COMMITTEE_HIKE,1,MORE_DOVISH,VOTE_ACTION_PROXY,2016-12-14,0,https://www.federalreserve.gov/newsevents/pressreleases/monetary20161214a.htm,"Voting for the FOMC monetary policy action were: Janet L. Yellen, Chair; William C. Dudley, Vice Chairman; Lael Brainard; James Bullard; Stanley Fischer; Esther L. George; Loretta J. Mester; Jerome H. Powell; Eric Rosengren; and Daniel K. Tarullo. Implementation Note issued December 14, 2016",2016-11-15,Assessing the Economy’s Recent Progress,https://www.bostonfed.org/news-and-events/speeches/2016/assessing-the-economys-recent-progress.aspx,COMMUNICATION_EVENT_DATE_STRICTLY_BEFORE_SEP_WHEN_TIME_UNKNOWN,SEP_RELEASE_DATE_AFTER_OFFICIAL_POLICY_STATEMENT; EXACT_RELEASE_TIME_NOT_STORED,NO
2016-12-14,Esther L. George,COMMITTEE_HIKE,1,MORE_DOVISH,VOTE_ACTION_PROXY,2016-12-14,0,https://www.federalreserve.gov/newsevents/pressreleases/monetary20161214a.htm,"Voting for the FOMC monetary policy action were: Janet L. Yellen, Chair; William C. Dudley, Vice Chairman; Lael Brainard; James Bullard; Stanley Fischer; Esther L. George; Loretta J. Mester; Jerome H. Powell; Eric Rosengren; and Daniel K. Tarullo. Implementation Note issued December 14, 2016",2016-11-18,"The Energy Sector, U.S. Economic Outlook and Monetary Policy",https://fraser.stlouisfed.org/title/statements-speeches-esther-l-george-9278/energy-sector-us-economic-outlook-monetary-policy-679577,COMMUNICATION_EVENT_DATE_STRICTLY_BEFORE_SEP_WHEN_TIME_UNKNOWN,SEP_RELEASE_DATE_AFTER_OFFICIAL_POLICY_STATEMENT; EXACT_RELEASE_TIME_NOT_STORED,NO
2016-12-14,James Bullard,COMMITTEE_HIKE,1,MORE_HAWKISH,VOTE_ACTION_PROXY,2016-12-14,0,https://www.federalreserve.gov/newsevents/pressreleases/monetary20161214a.htm,"Voting for the FOMC monetary policy action were: Janet L. Yellen, Chair; William C. Dudley, Vice Chairman; Lael Brainard; James Bullard; Stanley Fischer; Esther L. George; Loretta J. Mester; Jerome H. Powell; Eric Rosengren; and Daniel K. Tarullo. Implementation Note issued December 14, 2016",2016-11-18,Panel Discussion at Frankfurt European Banking Congress,https://fraser.stlouisfed.org/title/statements-speeches-james-bullard-7161/panel-discussion-frankfurt-european-banking-congress-655004,COMMUNICATION_EVENT_DATE_STRICTLY_BEFORE_SEP_WHEN_TIME_UNKNOWN,SEP_RELEASE_DATE_AFTER_OFFICIAL_POLICY_STATEMENT; EXACT_RELEASE_TIME_NOT_STORED,NO
2016-12-14,Janet L. Yellen,COMMITTEE_HIKE,1,MORE_HAWKISH,VOTE_ACTION_PROXY,2016-12-14,0,https://www.federalreserve.gov/newsevents/pressreleases/monetary20161214a.htm,"Voting for the FOMC monetary policy action were: Janet L. Yellen, Chair; William C. Dudley, Vice Chairman; Lael Brainard; James Bullard; Stanley Fischer; Esther L. George; Loretta J. Mester; Jerome H. Powell; Eric Rosengren; and Daniel K. Tarullo. Implementation Note issued December 14, 2016",2016-10-14,Macroeconomic Research After the Crisis,https://www.federalreserve.gov/newsevents/speech/yellen20161014a.htm,COMMUNICATION_EVENT_DATE_STRICTLY_BEFORE_SEP_WHEN_TIME_UNKNOWN,SEP_RELEASE_DATE_AFTER_OFFICIAL_POLICY_STATEMENT; EXACT_RELEASE_TIME_NOT_STORED,NO
2016-12-14,Jeffrey M. Lacker,UNKNOWN,,UNKNOWN,NO_DIRECTIONAL_PERSONAL_EVIDENCE_CLASSIFIED,,,,,2016-10-05,Does Federal Reserve Governance Need Reform?,https://fraser.stlouisfed.org/title/statements-speeches-jeffrey-m-lacker-6827/federal-reserve-governance-need-reform-678763,COMMUNICATION_EVENT_DATE_STRICTLY_BEFORE_SEP_WHEN_TIME_UNKNOWN,SEP_RELEASE_DATE_AFTER_OFFICIAL_POLICY_STATEMENT; EXACT_RELEASE_TIME_NOT_STORED,NO
2016-12-14,Jerome H. Powell,COMMITTEE_HIKE,1,MORE_HAWKISH,VOTE_ACTION_PROXY,2016-12-14,0,https://www.federalreserve.gov/newsevents/pressreleases/monetary20161214a.htm,"Voting for the FOMC monetary policy action were: Janet L. Yellen, Chair; William C. Dudley, Vice Chairman; Lael Brainard; James Bullard; Stanley Fischer; Esther L. George; Loretta J. Mester; Jerome H. Powell; Eric Rosengren; and Daniel K. Tarullo. Implementation Note issued December 14, 2016",2016-11-30,A View from the Fed,https://www.federalreserve.gov/newsevents/speech/powell20161130a.htm,COMMUNICATION_EVENT_DATE_STRICTLY_BEFORE_SEP_WHEN_TIME_UNKNOWN,SEP_RELEASE_DATE_AFTER_OFFICIAL_POLICY_STATEMENT; EXACT_RELEASE_TIME_NOT_STORED,NO
2016-12-14,John C. Williams,UNKNOWN,,UNKNOWN,NO_DIRECTIONAL_PERSONAL_EVIDENCE_CLASSIFIED,,,,,2016-10-21,Assessing the New Normal(s) - San Francisco Fed,https://www.frbsf.org/news-and-media/speeches/williams-speeches/2016/10/assessing-the-new-normals,COMMUNICATION_EVENT_DATE_STRICTLY_BEFORE_SEP_WHEN_TIME_UNKNOWN,SEP_RELEASE_DATE_AFTER_OFFICIAL_POLICY_STATEMENT; EXACT_RELEASE_TIME_NOT_STORED,NO
2016-12-14,Lael Brainard,COMMITTEE_HIKE,1,MORE_HAWKISH,VOTE_ACTION_PROXY,2016-12-14,0,https://www.federalreserve.gov/newsevents/pressreleases/monetary20161214a.htm,"Voting for the FOMC monetary policy action were: Janet L. Yellen, Chair; William C. Dudley, Vice Chairman; Lael Brainard; James Bullard; Stanley Fischer; Esther L. George; Loretta J. Mester; Jerome H. Powell; Eric Rosengren; and Daniel K. Tarullo. Implementation Note issued December 14, 2016",2016-12-02,The Opportunities and Challenges of Fintech,https://www.federalreserve.gov/newsevents/speech/brainard20161202a.htm,COMMUNICATION_EVENT_DATE_STRICTLY_BEFORE_SEP_WHEN_TIME_UNKNOWN,SEP_RELEASE_DATE_AFTER_OFFICIAL_POLICY_STATEMENT; EXACT_RELEASE_TIME_NOT_STORED,NO
2016-12-14,Loretta J. Mester,COMMITTEE_HIKE,1,MORE_DOVISH,VOTE_ACTION_PROXY,2016-12-14,0,https://www.federalreserve.gov/newsevents/pressreleases/monetary20161214a.htm,"Voting for the FOMC monetary policy action were: Janet L. Yellen, Chair; William C. Dudley, Vice Chairman; Lael Brainard; James Bullard; Stanley Fischer; Esther L. George; Loretta J. Mester; Jerome H. Powell; Eric Rosengren; and Daniel K. Tarullo. Implementation Note issued December 14, 2016",2016-11-30,The National and Regional Economic Outlook and Monetary Policy,https://www.clevelandfed.org/collections/speeches/2016/sp-20161130-the-national-and-regional-economic-outlook-and-monetary-policy,COMMUNICATION_EVENT_DATE_STRICTLY_BEFORE_SEP_WHEN_TIME_UNKNOWN,SEP_RELEASE_DATE_AFTER_OFFICIAL_POLICY_STATEMENT; EXACT_RELEASE_TIME_NOT_STORED,NO
2016-12-14,Michael Strine,UNKNOWN,,UNKNOWN,NO_DIRECTIONAL_PERSONAL_EVIDENCE_CLASSIFIED,,,,,2016-03-22,Strine: Forming the Next Generation of Bankers: The Future of Business Education and Ethics,https://www.newyorkfed.org/newsevents/speeches/2016/str160322,COMMUNICATION_EVENT_DATE_STRICTLY_BEFORE_SEP_WHEN_TIME_UNKNOWN,SEP_RELEASE_DATE_AFTER_OFFICIAL_POLICY_STATEMENT; EXACT_RELEASE_TIME_NOT_STORED,NO
2016-12-14,Neel Kashkari,UNKNOWN,,UNKNOWN,NO_DIRECTIONAL_PERSONAL_EVIDENCE_CLASSIFIED,,,,,2016-11-20,The Intrinsic Importance of Nurturing a Diverse and Inclusive Community | Center for Indian Country Development,https://minneapolisfed.org/speeches/2016/the-intrinsic-importance-of-nurturing-a-diverse-and-inclusive-community,COMMUNICATION_EVENT_DATE_STRICTLY_BEFORE_SEP_WHEN_TIME_UNKNOWN,SEP_RELEASE_DATE_AFTER_OFFICIAL_POLICY_STATEMENT; EXACT_RELEASE_TIME_NOT_STORED,NO
2016-12-14,Patrick Harker,UNKNOWN,,UNKNOWN,NO_DIRECTIONAL_PERSONAL_EVIDENCE_CLASSIFIED,,,,,2016-11-16,"Central Banking and Its Discontents? Athenaeum of Philadelphia, Philadelphia, PA",https://fraser.stlouisfed.org/title/statements-speeches-patrick-t-harker-6102/central-banking-discontents-athenaeum-philadelphia-philadelphia-pa-586775,COMMUNICATION_EVENT_DATE_STRICTLY_BEFORE_SEP_WHEN_TIME_UNKNOWN,SEP_RELEASE_DATE_AFTER_OFFICIAL_POLICY_STATEMENT; EXACT_RELEASE_TIME_NOT_STORED,NO
2016-12-14,Robert S. Kaplan,UNKNOWN,,UNKNOWN,NO_DIRECTIONAL_PERSONAL_EVIDENCE_CLASSIFIED,,,,,2016-11-30,"A Discussion of Economic Conditions, Key Secular Trends and the Limits of Monetary Policy",https://www.dallasfed.org/news/speeches/kaplan/2016/rsk161130,COMMUNICATION_EVENT_DATE_STRICTLY_BEFORE_SEP_WHEN_TIME_UNKNOWN,SEP_RELEASE_DATE_AFTER_OFFICIAL_POLICY_STATEMENT; EXACT_RELEASE_TIME_NOT_STORED,NO
2016-12-14,Stanley Fischer,COMMITTEE_HIKE,1,MORE_HAWKISH,VOTE_ACTION_PROXY,2016-12-14,0,https://www.federalreserve.gov/newsevents/pressreleases/monetary20161214a.htm,"Voting for the FOMC monetary policy action were: Janet L. Yellen, Chair; William C. Dudley, Vice Chairman; Lael Brainard; James Bullard; Stanley Fischer; Esther L. George; Loretta J. Mester; Jerome H. Powell; Eric Rosengren; and Daniel K. Tarullo. Implementation Note issued December 14, 2016",2016-11-21,Longer-Term Challenges for the U.S. Economy,https://www.federalreserve.gov/newsevents/speech/fischer20161121a.htm,COMMUNICATION_EVENT_DATE_STRICTLY_BEFORE_SEP_WHEN_TIME_UNKNOWN,SEP_RELEASE_DATE_AFTER_OFFICIAL_POLICY_STATEMENT; EXACT_RELEASE_TIME_NOT_STORED,NO
2016-12-14,William C. Dudley,COMMITTEE_HIKE,1,MORE_HAWKISH,VOTE_ACTION_PROXY,2016-12-14,0,https://www.federalreserve.gov/newsevents/pressreleases/monetary20161214a.htm,"Voting for the FOMC monetary policy action were: Janet L. Yellen, Chair; William C. Dudley, Vice Chairman; Lael Brainard; James Bullard; Stanley Fischer; Esther L. George; Loretta J. Mester; Jerome H. Powell; Eric Rosengren; and Daniel K. Tarullo. Implementation Note issued December 14, 2016",2016-12-05,The U.S. Economic Outlook and the Implications for Monetary Policy,https://fraser.stlouisfed.org/title/statements-speeches-william-c-dudley-6749/us-economic-outlook-implications-monetary-policy-619042,COMMUNICATION_EVENT_DATE_STRICTLY_BEFORE_SEP_WHEN_TIME_UNKNOWN,SEP_RELEASE_DATE_AFTER_OFFICIAL_POLICY_STATEMENT; EXACT_RELEASE_TIME_NOT_STORED,NO
2017-03-15,Charles L. Evans,COMMITTEE_HIKE,1,UNKNOWN,VOTE_ACTION_PROXY,2017-03-15,0,https://www.federalreserve.gov/newsevents/pressreleases/monetary20170315a.htm,"Voting for the FOMC monetary policy action were: Janet L. Yellen, Chair; William C. Dudley, Vice Chairman; Lael Brainard; Charles L. Evans; Stanley Fischer; Patrick Harker; Robert S. Kaplan; Jerome H. Powell; and Daniel K. Tarullo. Voting against the action was Neel Kashkari, who preferred at this meeting to maintain the existing target range for the federal funds rate. Implementation Note issued March 15, 2017",2017-03-03,"Discussion of ""Deflating Inflation Expectations""",https://fraser.stlouisfed.org/title/statements-speeches-charles-l-evans-8969/discussion-deflating-inflation-expectations-666919,COMMUNICATION_EVENT_DATE_STRICTLY_BEFORE_SEP_WHEN_TIME_UNKNOWN,SEP_RELEASE_DATE_AFTER_OFFICIAL_POLICY_STATEMENT; EXACT_RELEASE_TIME_NOT_STORED,NO
2017-03-15,Daniel K. Tarullo,COMMITTEE_HIKE,1,UNKNOWN,VOTE_ACTION_PROXY,2017-03-15,0,https://www.federalreserve.gov/newsevents/pressreleases/monetary20170315a.htm,"Voting for the FOMC monetary policy action were: Janet L. Yellen, Chair; William C. Dudley, Vice Chairman; Lael Brainard; Charles L. Evans; Stanley Fischer; Patrick Harker; Robert S. Kaplan; Jerome H. Powell; and Daniel K. Tarullo. Voting against the action was Neel Kashkari, who preferred at this meeting to maintain the existing target range for the federal funds rate. Implementation Note issued March 15, 2017",2016-12-02,Financial Regulation Since the Crisis,https://www.federalreserve.gov/newsevents/speech/tarullo20161202a.htm,COMMUNICATION_EVENT_DATE_STRICTLY_BEFORE_SEP_WHEN_TIME_UNKNOWN,SEP_RELEASE_DATE_AFTER_OFFICIAL_POLICY_STATEMENT; EXACT_RELEASE_TIME_NOT_STORED,NO
2017-03-15,Eric S. Rosengren,UNKNOWN,,UNKNOWN,NO_DIRECTIONAL_PERSONAL_EVIDENCE_CLASSIFIED,,,,,2017-02-15,Monetary Policy as the Economy Approaches the Fed’s Dual Mandate,https://www.bostonfed.org/news-and-events/speeches/2017/monetary-policy-as-the-economy-approaches-the-feds-dual-mandate.aspx,COMMUNICATION_EVENT_DATE_STRICTLY_BEFORE_SEP_WHEN_TIME_UNKNOWN,SEP_RELEASE_DATE_AFTER_OFFICIAL_POLICY_STATEMENT; EXACT_RELEASE_TIME_NOT_STORED,NO
2017-03-15,Esther L. George,UNKNOWN,,UNKNOWN,NO_DIRECTIONAL_PERSONAL_EVIDENCE_CLASSIFIED,,,,,2017-02-28,A Monetary Policy for Long-Run Economic Stability,https://fraser.stlouisfed.org/title/statements-speeches-esther-l-george-9278/a-monetary-policy-long-run-economic-stability-679578,COMMUNICATION_EVENT_DATE_STRICTLY_BEFORE_SEP_WHEN_TIME_UNKNOWN,SEP_RELEASE_DATE_AFTER_OFFICIAL_POLICY_STATEMENT; EXACT_RELEASE_TIME_NOT_STORED,NO
2017-03-15,James Bullard,UNKNOWN,,UNKNOWN,NO_DIRECTIONAL_PERSONAL_EVIDENCE_CLASSIFIED,,,,,2016-11-18,Panel Discussion at Frankfurt European Banking Congress,https://fraser.stlouisfed.org/title/statements-speeches-james-bullard-7161/panel-discussion-frankfurt-european-banking-congress-655004,COMMUNICATION_EVENT_DATE_STRICTLY_BEFORE_SEP_WHEN_TIME_UNKNOWN,SEP_RELEASE_DATE_AFTER_OFFICIAL_POLICY_STATEMENT; EXACT_RELEASE_TIME_NOT_STORED,NO
2017-03-15,Janet L. Yellen,COMMITTEE_HIKE,1,UNCHANGED,VOTE_ACTION_PROXY,2017-03-15,0,https://www.federalreserve.gov/newsevents/pressreleases/monetary20170315a.htm,"Voting for the FOMC monetary policy action were: Janet L. Yellen, Chair; William C. Dudley, Vice Chairman; Lael Brainard; Charles L. Evans; Stanley Fischer; Patrick Harker; Robert S. Kaplan; Jerome H. Powell; and Daniel K. Tarullo. Voting against the action was Neel Kashkari, who preferred at this meeting to maintain the existing target range for the federal funds rate. Implementation Note issued March 15, 2017",2017-03-03,From Adding Accommodation to Scaling It Back,https://www.federalreserve.gov/newsevents/speech/yellen20170303a.htm,COMMUNICATION_EVENT_DATE_STRICTLY_BEFORE_SEP_WHEN_TIME_UNKNOWN,SEP_RELEASE_DATE_AFTER_OFFICIAL_POLICY_STATEMENT; EXACT_RELEASE_TIME_NOT_STORED,NO
2017-03-15,Jeffrey M. Lacker,UNKNOWN,,UNKNOWN,NO_DIRECTIONAL_PERSONAL_EVIDENCE_CLASSIFIED,,,,,2017-03-03,Inflation Dynamics in Stable and Unstable Policy Regimes: Comment on 'Deflating Inflation Expectations',https://www.richmondfed.org/press_room/speeches/jeffrey_m_lacker/2017/lacker_speech_20170303,COMMUNICATION_EVENT_DATE_STRICTLY_BEFORE_SEP_WHEN_TIME_UNKNOWN,SEP_RELEASE_DATE_AFTER_OFFICIAL_POLICY_STATEMENT; EXACT_RELEASE_TIME_NOT_STORED,NO
2017-03-15,Jerome H. Powell,COMMITTEE_HIKE,1,UNCHANGED,VOTE_ACTION_PROXY,2017-03-15,0,https://www.federalreserve.gov/newsevents/pressreleases/monetary20170315a.htm,"Voting for the FOMC monetary policy action were: Janet L. Yellen, Chair; William C. Dudley, Vice Chairman; Lael Brainard; Charles L. Evans; Stanley Fischer; Patrick Harker; Robert S. Kaplan; Jerome H. Powell; and Daniel K. Tarullo. Voting against the action was Neel Kashkari, who preferred at this meeting to maintain the existing target range for the federal funds rate. Implementation Note issued March 15, 2017",2017-03-03,"Innovation, Technology, and the Payments System",https://www.federalreserve.gov/newsevents/speech/powell20170303a.htm,COMMUNICATION_EVENT_DATE_STRICTLY_BEFORE_SEP_WHEN_TIME_UNKNOWN,SEP_RELEASE_DATE_AFTER_OFFICIAL_POLICY_STATEMENT; EXACT_RELEASE_TIME_NOT_STORED,NO
2017-03-15,John C. Williams,UNKNOWN,,UNKNOWN,NO_DIRECTIONAL_PERSONAL_EVIDENCE_CLASSIFIED,,,,,2017-02-28,Keeping the Recovery Sustainable: The Essential Role of an Independent Fed - San Francisco Fed,https://www.frbsf.org/news-and-media/speeches/williams-speeches/2017/02/keeping-recovery-sustainable-essential-role-of-independent-fed,COMMUNICATION_EVENT_DATE_STRICTLY_BEFORE_SEP_WHEN_TIME_UNKNOWN,SEP_RELEASE_DATE_AFTER_OFFICIAL_POLICY_STATEMENT; EXACT_RELEASE_TIME_NOT_STORED,NO
2017-03-15,Lael Brainard,COMMITTEE_HIKE,1,UNCHANGED,VOTE_ACTION_PROXY,2017-03-15,0,https://www.federalreserve.gov/newsevents/pressreleases/monetary20170315a.htm,"Voting for the FOMC monetary policy action were: Janet L. Yellen, Chair; William C. Dudley, Vice Chairman; Lael Brainard; Charles L. Evans; Stanley Fischer; Patrick Harker; Robert S. Kaplan; Jerome H. Powell; and Daniel K. Tarullo. Voting against the action was Neel Kashkari, who preferred at this meeting to maintain the existing target range for the federal funds rate. Implementation Note issued March 15, 2017",2017-03-01,Transitions in the Outlook and Monetary Policy,https://www.federalreserve.gov/newsevents/speech/brainard20170301a.htm,COMMUNICATION_EVENT_DATE_STRICTLY_BEFORE_SEP_WHEN_TIME_UNKNOWN,SEP_RELEASE_DATE_AFTER_OFFICIAL_POLICY_STATEMENT; EXACT_RELEASE_TIME_NOT_STORED,NO
2017-03-15,Loretta J. Mester,UNKNOWN,,UNKNOWN,NO_DIRECTIONAL_PERSONAL_EVIDENCE_CLASSIFIED,,,,,2017-03-02,Athena Power Talk with Loretta J. Mester,https://www.clevelandfed.org/collections/speeches/2017/sp-20170302-athena-power-talk-with-loretta-j-mester,COMMUNICATION_EVENT_DATE_STRICTLY_BEFORE_SEP_WHEN_TIME_UNKNOWN,SEP_RELEASE_DATE_AFTER_OFFICIAL_POLICY_STATEMENT; EXACT_RELEASE_TIME_NOT_STORED,NO
2017-03-15,Marie Gooding,UNKNOWN,,UNKNOWN,NO_DIRECTIONAL_PERSONAL_EVIDENCE_CLASSIFIED,,,,,,,,COMMUNICATION_EVENT_DATE_STRICTLY_BEFORE_SEP_WHEN_TIME_UNKNOWN,SEP_RELEASE_DATE_AFTER_OFFICIAL_POLICY_STATEMENT; EXACT_RELEASE_TIME_NOT_STORED,NO
2017-03-15,Neel Kashkari,EASIER,-2,UNKNOWN,NAMED_DISSENT,2017-03-15,0,https://www.federalreserve.gov/newsevents/pressreleases/monetary20170315a.htm,"Voting for the FOMC monetary policy action were: Janet L. Yellen, Chair; William C. Dudley, Vice Chairman; Lael Brainard; Charles L. Evans; Stanley Fischer; Patrick Harker; Robert S. Kaplan; Jerome H. Powell; and Daniel K. Tarullo. Voting against the action was Neel Kashkari, who preferred at this meeting to maintain the existing target range for the federal funds rate. Implementation Note issued March 15, 2017",2017-03-06,Ending Too Big to Fail – The Minneapolis Plan at the NABE Economic Policy Conference,https://www.minneapolisfed.org/speeches/2017/ending-too-big-to-fail-the-minneapolis-plan-at-the-nabe-economic-policy-conference,COMMUNICATION_EVENT_DATE_STRICTLY_BEFORE_SEP_WHEN_TIME_UNKNOWN,SEP_RELEASE_DATE_AFTER_OFFICIAL_POLICY_STATEMENT; EXACT_RELEASE_TIME_NOT_STORED,NO
2017-03-15,Patrick Harker,COMMITTEE_HIKE,1,UNKNOWN,VOTE_ACTION_PROXY,2017-03-15,0,https://www.federalreserve.gov/newsevents/pressreleases/monetary20170315a.htm,"Voting for the FOMC monetary policy action were: Janet L. Yellen, Chair; William C. Dudley, Vice Chairman; Lael Brainard; Charles L. Evans; Stanley Fischer; Patrick Harker; Robert S. Kaplan; Jerome H. Powell; and Daniel K. Tarullo. Voting against the action was Neel Kashkari, who preferred at this meeting to maintain the existing target range for the federal funds rate. Implementation Note issued March 15, 2017",2017-02-28,An Economic Outlook,https://fraser.stlouisfed.org/title/statements-speeches-patrick-t-harker-6102/economic-outlook-586782,COMMUNICATION_EVENT_DATE_STRICTLY_BEFORE_SEP_WHEN_TIME_UNKNOWN,SEP_RELEASE_DATE_AFTER_OFFICIAL_POLICY_STATEMENT; EXACT_RELEASE_TIME_NOT_STORED,NO
2017-03-15,Robert S. Kaplan,COMMITTEE_HIKE,1,UNKNOWN,VOTE_ACTION_PROXY,2017-03-15,0,https://www.federalreserve.gov/newsevents/pressreleases/monetary20170315a.htm,"Voting for the FOMC monetary policy action were: Janet L. Yellen, Chair; William C. Dudley, Vice Chairman; Lael Brainard; Charles L. Evans; Stanley Fischer; Patrick Harker; Robert S. Kaplan; Jerome H. Powell; and Daniel K. Tarullo. Voting against the action was Neel Kashkari, who preferred at this meeting to maintain the existing target range for the federal funds rate. Implementation Note issued March 15, 2017",2017-02-13,Assessment of Current Economic Conditions and Implications for Monetary Policy,https://www.dallasfed.org/news/speeches/kaplan/2017/rsk170213,COMMUNICATION_EVENT_DATE_STRICTLY_BEFORE_SEP_WHEN_TIME_UNKNOWN,SEP_RELEASE_DATE_AFTER_OFFICIAL_POLICY_STATEMENT; EXACT_RELEASE_TIME_NOT_STORED,NO
2017-03-15,Stanley Fischer,COMMITTEE_HIKE,1,UNCHANGED,VOTE_ACTION_PROXY,2017-03-15,0,https://www.federalreserve.gov/newsevents/pressreleases/monetary20170315a.htm,"Voting for the FOMC monetary policy action were: Janet L. Yellen, Chair; William C. Dudley, Vice Chairman; Lael Brainard; Charles L. Evans; Stanley Fischer; Patrick Harker; Robert S. Kaplan; Jerome H. Powell; and Daniel K. Tarullo. Voting against the action was Neel Kashkari, who preferred at this meeting to maintain the existing target range for the federal funds rate. Implementation Note issued March 15, 2017",2017-03-03,"Monetary Policy: By Rule, By Committee, or By Both?",https://www.federalreserve.gov/newsevents/speech/fischer20170303a.htm,COMMUNICATION_EVENT_DATE_STRICTLY_BEFORE_SEP_WHEN_TIME_UNKNOWN,SEP_RELEASE_DATE_AFTER_OFFICIAL_POLICY_STATEMENT; EXACT_RELEASE_TIME_NOT_STORED,NO
2017-03-15,William C. Dudley,COMMITTEE_HIKE,1,UNCHANGED,VOTE_ACTION_PROXY,2017-03-15,0,https://www.federalreserve.gov/newsevents/pressreleases/monetary20170315a.htm,"Voting for the FOMC monetary policy action were: Janet L. Yellen, Chair; William C. Dudley, Vice Chairman; Lael Brainard; Charles L. Evans; Stanley Fischer; Patrick Harker; Robert S. Kaplan; Jerome H. Powell; and Daniel K. Tarullo. Voting against the action was Neel Kashkari, who preferred at this meeting to maintain the existing target range for the federal funds rate. Implementation Note issued March 15, 2017",2017-02-15,"Transcript of the Cornell College of Business Annual New York City Predictions Event: February 15, 2017",https://fraser.stlouisfed.org/title/statements-speeches-william-c-dudley-6749/transcript-cornell-college-business-annual-new-york-city-predictions-event-february-15-2017-619045,COMMUNICATION_EVENT_DATE_STRICTLY_BEFORE_SEP_WHEN_TIME_UNKNOWN,SEP_RELEASE_DATE_AFTER_OFFICIAL_POLICY_STATEMENT; EXACT_RELEASE_TIME_NOT_STORED,NO
2017-06-14,Charles L. Evans,COMMITTEE_HIKE,1,UNCHANGED,VOTE_ACTION_PROXY,2017-06-14,0,https://www.federalreserve.gov/newsevents/pressreleases/monetary20170614a.htm,"Voting for the FOMC monetary policy action were: Janet L. Yellen, Chair; William C. Dudley, Vice Chairman; Lael Brainard; Charles L. Evans; Stanley Fischer; Patrick Harker; Robert S. Kaplan; and Jerome H. Powell. Voting against the action was Neel Kashkari, who preferred at this meeting to maintain the existing target range for the federal funds rate. Implementation Note issued June 14, 2017",2017-05-23,Toward a More Resilient Financial System,https://fraser.stlouisfed.org/title/statements-speeches-charles-l-evans-8969/toward-a-resilient-financial-system-666922,COMMUNICATION_EVENT_DATE_STRICTLY_BEFORE_SEP_WHEN_TIME_UNKNOWN,SEP_RELEASE_DATE_AFTER_OFFICIAL_POLICY_STATEMENT; EXACT_RELEASE_TIME_NOT_STORED,NO
2017-06-14,Eric S. Rosengren,UNKNOWN,,UNKNOWN,NO_DIRECTIONAL_PERSONAL_EVIDENCE_CLASSIFIED,,,,,2017-05-10,"Exploring the Economy’s Recent Progress, and the Implications for Policy",https://www.bostonfed.org/news-and-events/speeches/2017/exploring-the-economys-recent-progress-and-the-implications-for-policy.aspx,COMMUNICATION_EVENT_DATE_STRICTLY_BEFORE_SEP_WHEN_TIME_UNKNOWN,SEP_RELEASE_DATE_AFTER_OFFICIAL_POLICY_STATEMENT; EXACT_RELEASE_TIME_NOT_STORED,NO
2017-06-14,Esther L. George,UNKNOWN,,UNKNOWN,NO_DIRECTIONAL_PERSONAL_EVIDENCE_CLASSIFIED,,,,,2017-05-12,Lessons Learned Along the Way,https://fraser.stlouisfed.org/title/statements-speeches-esther-l-george-9278/lessons-learned-along-way-679583,COMMUNICATION_EVENT_DATE_STRICTLY_BEFORE_SEP_WHEN_TIME_UNKNOWN,SEP_RELEASE_DATE_AFTER_OFFICIAL_POLICY_STATEMENT; EXACT_RELEASE_TIME_NOT_STORED,NO
2017-06-14,James Bullard,UNKNOWN,,UNKNOWN,NO_DIRECTIONAL_PERSONAL_EVIDENCE_CLASSIFIED,,,,,2017-05-05,Policy Panel,https://fraser.stlouisfed.org/title/statements-speeches-james-bullard-7161/policy-panel-655005,COMMUNICATION_EVENT_DATE_STRICTLY_BEFORE_SEP_WHEN_TIME_UNKNOWN,SEP_RELEASE_DATE_AFTER_OFFICIAL_POLICY_STATEMENT; EXACT_RELEASE_TIME_NOT_STORED,NO
2017-06-14,Janet L. Yellen,COMMITTEE_HIKE,1,UNCHANGED,VOTE_ACTION_PROXY,2017-06-14,0,https://www.federalreserve.gov/newsevents/pressreleases/monetary20170614a.htm,"Voting for the FOMC monetary policy action were: Janet L. Yellen, Chair; William C. Dudley, Vice Chairman; Lael Brainard; Charles L. Evans; Stanley Fischer; Patrick Harker; Robert S. Kaplan; and Jerome H. Powell. Voting against the action was Neel Kashkari, who preferred at this meeting to maintain the existing target range for the federal funds rate. Implementation Note issued June 14, 2017",2017-05-05,So We All Can Succeed: 125 Years of Women's Participation in the Economy,https://www.federalreserve.gov/newsevents/speech/yellen20170505a.htm,COMMUNICATION_EVENT_DATE_STRICTLY_BEFORE_SEP_WHEN_TIME_UNKNOWN,SEP_RELEASE_DATE_AFTER_OFFICIAL_POLICY_STATEMENT; EXACT_RELEASE_TIME_NOT_STORED,NO
2017-06-14,Jerome H. Powell,COMMITTEE_HIKE,1,UNCHANGED,VOTE_ACTION_PROXY,2017-06-14,0,https://www.federalreserve.gov/newsevents/pressreleases/monetary20170614a.htm,"Voting for the FOMC monetary policy action were: Janet L. Yellen, Chair; William C. Dudley, Vice Chairman; Lael Brainard; Charles L. Evans; Stanley Fischer; Patrick Harker; Robert S. Kaplan; and Jerome H. Powell. Voting against the action was Neel Kashkari, who preferred at this meeting to maintain the existing target range for the federal funds rate. Implementation Note issued June 14, 2017",2017-06-01,Thoughts on the Normalization of Monetary Policy,https://www.federalreserve.gov/newsevents/speech/powell20170601a.htm,COMMUNICATION_EVENT_DATE_STRICTLY_BEFORE_SEP_WHEN_TIME_UNKNOWN,SEP_RELEASE_DATE_AFTER_OFFICIAL_POLICY_STATEMENT; EXACT_RELEASE_TIME_NOT_STORED,NO
2017-06-14,John C. Williams,UNKNOWN,,UNKNOWN,NO_DIRECTIONAL_PERSONAL_EVIDENCE_CLASSIFIED,,,,,2017-06-01,The Global Challenge of Very Low R-Star,https://fraser.stlouisfed.org/title/statements-speeches-john-c-williams-9040/global-challenge-low-r-star-671906,COMMUNICATION_EVENT_DATE_STRICTLY_BEFORE_SEP_WHEN_TIME_UNKNOWN,SEP_RELEASE_DATE_AFTER_OFFICIAL_POLICY_STATEMENT; EXACT_RELEASE_TIME_NOT_STORED,NO
2017-06-14,Lael Brainard,COMMITTEE_HIKE,1,UNCHANGED,VOTE_ACTION_PROXY,2017-06-14,0,https://www.federalreserve.gov/newsevents/pressreleases/monetary20170614a.htm,"Voting for the FOMC monetary policy action were: Janet L. Yellen, Chair; William C. Dudley, Vice Chairman; Lael Brainard; Charles L. Evans; Stanley Fischer; Patrick Harker; Robert S. Kaplan; and Jerome H. Powell. Voting against the action was Neel Kashkari, who preferred at this meeting to maintain the existing target range for the federal funds rate. Implementation Note issued June 14, 2017",2017-05-30,Navigating the Different Signals from Inflation and Unemployment,https://www.federalreserve.gov/newsevents/speech/brainard20170530a.htm,COMMUNICATION_EVENT_DATE_STRICTLY_BEFORE_SEP_WHEN_TIME_UNKNOWN,SEP_RELEASE_DATE_AFTER_OFFICIAL_POLICY_STATEMENT; EXACT_RELEASE_TIME_NOT_STORED,NO
2017-06-14,Loretta J. Mester,UNKNOWN,,UNKNOWN,NO_DIRECTIONAL_PERSONAL_EVIDENCE_CLASSIFIED,,,,,2017-05-18,The Economic Outlook and Some Longer-Run Issues,https://www.clevelandfed.org/collections/speeches/2017/sp-20170518-economic-outlook-and-some-longer-run-issues,COMMUNICATION_EVENT_DATE_STRICTLY_BEFORE_SEP_WHEN_TIME_UNKNOWN,SEP_RELEASE_DATE_AFTER_OFFICIAL_POLICY_STATEMENT; EXACT_RELEASE_TIME_NOT_STORED,NO
2017-06-14,Mark L. Mullinix,UNKNOWN,,UNKNOWN,NO_DIRECTIONAL_PERSONAL_EVIDENCE_CLASSIFIED,,,,,,,,COMMUNICATION_EVENT_DATE_STRICTLY_BEFORE_SEP_WHEN_TIME_UNKNOWN,SEP_RELEASE_DATE_AFTER_OFFICIAL_POLICY_STATEMENT; EXACT_RELEASE_TIME_NOT_STORED,NO
2017-06-14,Michael Strine,UNKNOWN,,UNKNOWN,NO_DIRECTIONAL_PERSONAL_EVIDENCE_CLASSIFIED,,,,,2016-03-22,Strine: Forming the Next Generation of Bankers: The Future of Business Education and Ethics,https://www.newyorkfed.org/newsevents/speeches/2016/str160322,COMMUNICATION_EVENT_DATE_STRICTLY_BEFORE_SEP_WHEN_TIME_UNKNOWN,SEP_RELEASE_DATE_AFTER_OFFICIAL_POLICY_STATEMENT; EXACT_RELEASE_TIME_NOT_STORED,NO
2017-06-14,Neel Kashkari,EASIER,-2,UNCHANGED,NAMED_DISSENT,2017-06-14,0,https://www.federalreserve.gov/newsevents/pressreleases/monetary20170614a.htm,"Voting for the FOMC monetary policy action were: Janet L. Yellen, Chair; William C. Dudley, Vice Chairman; Lael Brainard; Charles L. Evans; Stanley Fischer; Patrick Harker; Robert S. Kaplan; and Jerome H. Powell. Voting against the action was Neel Kashkari, who preferred at this meeting to maintain the existing target range for the federal funds rate. Implementation Note issued June 14, 2017",2017-05-24,"Ashland, Wis. Town Hall Forum with Neel Kashkari",https://www.minneapolisfed.org/events/2017/ashland-wis-town-hall-forum-with-neel-kashkari,COMMUNICATION_EVENT_DATE_STRICTLY_BEFORE_SEP_WHEN_TIME_UNKNOWN,SEP_RELEASE_DATE_AFTER_OFFICIAL_POLICY_STATEMENT; EXACT_RELEASE_TIME_NOT_STORED,NO
2017-06-14,Patrick Harker,COMMITTEE_HIKE,1,UNCHANGED,VOTE_ACTION_PROXY,2017-06-14,0,https://www.federalreserve.gov/newsevents/pressreleases/monetary20170614a.htm,"Voting for the FOMC monetary policy action were: Janet L. Yellen, Chair; William C. Dudley, Vice Chairman; Lael Brainard; Charles L. Evans; Stanley Fischer; Patrick Harker; Robert S. Kaplan; and Jerome H. Powell. Voting against the action was Neel Kashkari, who preferred at this meeting to maintain the existing target range for the federal funds rate. Implementation Note issued June 14, 2017",2017-06-02,The Intrinsic Value of Inclusive Growth,https://fraser.stlouisfed.org/title/statements-speeches-patrick-t-harker-6102/intrinsic-value-inclusive-growth-586787,COMMUNICATION_EVENT_DATE_STRICTLY_BEFORE_SEP_WHEN_TIME_UNKNOWN,SEP_RELEASE_DATE_AFTER_OFFICIAL_POLICY_STATEMENT; EXACT_RELEASE_TIME_NOT_STORED,NO
2017-06-14,Raphael W. Bostic,UNKNOWN,,UNKNOWN,NO_DIRECTIONAL_PERSONAL_EVIDENCE_CLASSIFIED,,,,,,,,COMMUNICATION_EVENT_DATE_STRICTLY_BEFORE_SEP_WHEN_TIME_UNKNOWN,SEP_RELEASE_DATE_AFTER_OFFICIAL_POLICY_STATEMENT; EXACT_RELEASE_TIME_NOT_STORED,NO
2017-06-14,Robert S. Kaplan,COMMITTEE_HIKE,1,UNCHANGED,VOTE_ACTION_PROXY,2017-06-14,0,https://www.federalreserve.gov/newsevents/pressreleases/monetary20170614a.htm,"Voting for the FOMC monetary policy action were: Janet L. Yellen, Chair; William C. Dudley, Vice Chairman; Lael Brainard; Charles L. Evans; Stanley Fischer; Patrick Harker; Robert S. Kaplan; and Jerome H. Powell. Voting against the action was Neel Kashkari, who preferred at this meeting to maintain the existing target range for the federal funds rate. Implementation Note issued June 14, 2017",2017-05-22,Assessment of Current Economic Conditions and Implications for Monetary Policy,https://www.dallasfed.org/news/speeches/kaplan/2017/rsk170522,COMMUNICATION_EVENT_DATE_STRICTLY_BEFORE_SEP_WHEN_TIME_UNKNOWN,SEP_RELEASE_DATE_AFTER_OFFICIAL_POLICY_STATEMENT; EXACT_RELEASE_TIME_NOT_STORED,NO
2017-06-14,Stanley Fischer,COMMITTEE_HIKE,1,UNCHANGED,VOTE_ACTION_PROXY,2017-06-14,0,https://www.federalreserve.gov/newsevents/pressreleases/monetary20170614a.htm,"Voting for the FOMC monetary policy action were: Janet L. Yellen, Chair; William C. Dudley, Vice Chairman; Lael Brainard; Charles L. Evans; Stanley Fischer; Patrick Harker; Robert S. Kaplan; and Jerome H. Powell. Voting against the action was Neel Kashkari, who preferred at this meeting to maintain the existing target range for the federal funds rate. Implementation Note issued June 14, 2017",2017-05-05,Committee Decisions and Monetary Policy Rules,https://www.federalreserve.gov/newsevents/speech/fischer20170505a.htm,COMMUNICATION_EVENT_DATE_STRICTLY_BEFORE_SEP_WHEN_TIME_UNKNOWN,SEP_RELEASE_DATE_AFTER_OFFICIAL_POLICY_STATEMENT; EXACT_RELEASE_TIME_NOT_STORED,NO
2017-06-14,William C. Dudley,COMMITTEE_HIKE,1,UNCHANGED,VOTE_ACTION_PROXY,2017-06-14,0,https://www.federalreserve.gov/newsevents/pressreleases/monetary20170614a.htm,"Voting for the FOMC monetary policy action were: Janet L. Yellen, Chair; William C. Dudley, Vice Chairman; Lael Brainard; Charles L. Evans; Stanley Fischer; Patrick Harker; Robert S. Kaplan; and Jerome H. Powell. Voting against the action was Neel Kashkari, who preferred at this meeting to maintain the existing target range for the federal funds rate. Implementation Note issued June 14, 2017",2017-05-11,Benefits and Challenges From Globalization,https://fraser.stlouisfed.org/title/statements-speeches-william-c-dudley-6749/benefits-challenges-globalization-619052,COMMUNICATION_EVENT_DATE_STRICTLY_BEFORE_SEP_WHEN_TIME_UNKNOWN,SEP_RELEASE_DATE_AFTER_OFFICIAL_POLICY_STATEMENT; EXACT_RELEASE_TIME_NOT_STORED,NO
2017-09-20,Charles L. Evans,COMMITTEE_HOLD,0,MORE_DOVISH,VOTE_ACTION_PROXY,2017-09-20,0,https://www.federalreserve.gov/newsevents/pressreleases/monetary20170920a.htm,"Voting for the FOMC monetary policy action were: Janet L. Yellen, Chair; William C. Dudley, Vice Chairman; Lael Brainard; Charles L. Evans; Stanley Fischer; Patrick Harker; Robert S. Kaplan; Neel Kashkari; and Jerome H. Powell. Implementation Note issued September 20, 2017",2017-06-19,Monetary Policy Challenges in a New Inflation Environment,https://fraser.stlouisfed.org/title/statements-speeches-charles-l-evans-8969/monetary-policy-challenges-a-new-inflation-environment-666924,COMMUNICATION_EVENT_DATE_STRICTLY_BEFORE_SEP_WHEN_TIME_UNKNOWN,SEP_RELEASE_DATE_AFTER_OFFICIAL_POLICY_STATEMENT; EXACT_RELEASE_TIME_NOT_STORED,NO
2017-09-20,Eric S. Rosengren,UNKNOWN,,UNKNOWN,NO_DIRECTIONAL_PERSONAL_EVIDENCE_CLASSIFIED,,,,,2017-06-20,President Rosengren to speak about the U.S. economy,https://www.bostonfed.org/news-and-events/events/presidents-speeches/2017/20170620.aspx,COMMUNICATION_EVENT_DATE_STRICTLY_BEFORE_SEP_WHEN_TIME_UNKNOWN,SEP_RELEASE_DATE_AFTER_OFFICIAL_POLICY_STATEMENT; EXACT_RELEASE_TIME_NOT_STORED,NO
2017-09-20,Esther L. George,UNKNOWN,,UNKNOWN,NO_DIRECTIONAL_PERSONAL_EVIDENCE_CLASSIFIED,,,,,2017-07-12,Fed Balance Sheet 101,https://fraser.stlouisfed.org/title/statements-speeches-esther-l-george-9278/fed-balance-sheet-101-679584,COMMUNICATION_EVENT_DATE_STRICTLY_BEFORE_SEP_WHEN_TIME_UNKNOWN,SEP_RELEASE_DATE_AFTER_OFFICIAL_POLICY_STATEMENT; EXACT_RELEASE_TIME_NOT_STORED,NO
2017-09-20,James Bullard,UNKNOWN,,UNKNOWN,NO_DIRECTIONAL_PERSONAL_EVIDENCE_CLASSIFIED,,,,,2017-05-05,Policy Panel,https://fraser.stlouisfed.org/title/statements-speeches-james-bullard-7161/policy-panel-655005,COMMUNICATION_EVENT_DATE_STRICTLY_BEFORE_SEP_WHEN_TIME_UNKNOWN,SEP_RELEASE_DATE_AFTER_OFFICIAL_POLICY_STATEMENT; EXACT_RELEASE_TIME_NOT_STORED,NO
2017-09-20,Janet L. Yellen,COMMITTEE_HOLD,0,MORE_DOVISH,VOTE_ACTION_PROXY,2017-09-20,0,https://www.federalreserve.gov/newsevents/pressreleases/monetary20170920a.htm,"Voting for the FOMC monetary policy action were: Janet L. Yellen, Chair; William C. Dudley, Vice Chairman; Lael Brainard; Charles L. Evans; Stanley Fischer; Patrick Harker; Robert S. Kaplan; Neel Kashkari; and Jerome H. Powell. Implementation Note issued September 20, 2017",2017-08-25,Financial Stability a Decade after the Onset of the Crisis,https://www.federalreserve.gov/newsevents/speech/yellen20170825a.htm,COMMUNICATION_EVENT_DATE_STRICTLY_BEFORE_SEP_WHEN_TIME_UNKNOWN,SEP_RELEASE_DATE_AFTER_OFFICIAL_POLICY_STATEMENT; EXACT_RELEASE_TIME_NOT_STORED,NO
2017-09-20,Jerome H. Powell,UNKNOWN,,UNKNOWN,NO_DIRECTIONAL_PERSONAL_EVIDENCE_CLASSIFIED,,,,,2017-08-30,The Role of Boards at Large Financial Firms,https://www.federalreserve.gov/newsevents/speech/powell20170830a.htm,COMMUNICATION_EVENT_DATE_STRICTLY_BEFORE_SEP_WHEN_TIME_UNKNOWN,SEP_RELEASE_DATE_AFTER_OFFICIAL_POLICY_STATEMENT; EXACT_RELEASE_TIME_NOT_STORED,NO
2017-09-20,John C. Williams,UNKNOWN,,UNKNOWN,NO_DIRECTIONAL_PERSONAL_EVIDENCE_CLASSIFIED,,,,,2017-08-02,Monetary Policy's Role in Fostering Sustainable Growth,https://fraser.stlouisfed.org/title/statements-speeches-john-c-williams-9040/monetary-policys-role-fostering-sustainable-growth-671909,COMMUNICATION_EVENT_DATE_STRICTLY_BEFORE_SEP_WHEN_TIME_UNKNOWN,SEP_RELEASE_DATE_AFTER_OFFICIAL_POLICY_STATEMENT; EXACT_RELEASE_TIME_NOT_STORED,NO
2017-09-20,Lael Brainard,COMMITTEE_HOLD,0,MORE_DOVISH,VOTE_ACTION_PROXY,2017-09-20,0,https://www.federalreserve.gov/newsevents/pressreleases/monetary20170920a.htm,"Voting for the FOMC monetary policy action were: Janet L. Yellen, Chair; William C. Dudley, Vice Chairman; Lael Brainard; Charles L. Evans; Stanley Fischer; Patrick Harker; Robert S. Kaplan; Neel Kashkari; and Jerome H. Powell. Implementation Note issued September 20, 2017",2017-09-05,Understanding the Disconnect between Employment and Inflation with a Low Neutral Rate,https://www.federalreserve.gov/newsevents/speech/brainard20170905a.htm,COMMUNICATION_EVENT_DATE_STRICTLY_BEFORE_SEP_WHEN_TIME_UNKNOWN,SEP_RELEASE_DATE_AFTER_OFFICIAL_POLICY_STATEMENT; EXACT_RELEASE_TIME_NOT_STORED,NO
2017-09-20,Loretta J. Mester,UNKNOWN,,UNKNOWN,NO_DIRECTIONAL_PERSONAL_EVIDENCE_CLASSIFIED,,,,,2017-09-07,Views on the Economy and Monetary Policy,https://www.clevelandfed.org/collections/speeches/2017/sp-20170907-views-on-the-economy-and-monetary-policy,COMMUNICATION_EVENT_DATE_STRICTLY_BEFORE_SEP_WHEN_TIME_UNKNOWN,SEP_RELEASE_DATE_AFTER_OFFICIAL_POLICY_STATEMENT; EXACT_RELEASE_TIME_NOT_STORED,NO
2017-09-20,Mark L. Mullinix,UNKNOWN,,UNKNOWN,NO_DIRECTIONAL_PERSONAL_EVIDENCE_CLASSIFIED,,,,,,,,COMMUNICATION_EVENT_DATE_STRICTLY_BEFORE_SEP_WHEN_TIME_UNKNOWN,SEP_RELEASE_DATE_AFTER_OFFICIAL_POLICY_STATEMENT; EXACT_RELEASE_TIME_NOT_STORED,NO
2017-09-20,Neel Kashkari,COMMITTEE_HOLD,0,MORE_HAWKISH,VOTE_ACTION_PROXY,2017-09-20,0,https://www.federalreserve.gov/newsevents/pressreleases/monetary20170920a.htm,"Voting for the FOMC monetary policy action were: Janet L. Yellen, Chair; William C. Dudley, Vice Chairman; Lael Brainard; Charles L. Evans; Stanley Fischer; Patrick Harker; Robert S. Kaplan; Neel Kashkari; and Jerome H. Powell. Implementation Note issued September 20, 2017",2017-09-05,Neel Kashkari Speaking at the Carlson School of Management at the University of Minnesota,https://minneapolisfed.org/speeches/2017/neel-kashkari-speaking-at-the-carlson-school-of-management-at-the-university-of-minnesota,COMMUNICATION_EVENT_DATE_STRICTLY_BEFORE_SEP_WHEN_TIME_UNKNOWN,SEP_RELEASE_DATE_AFTER_OFFICIAL_POLICY_STATEMENT; EXACT_RELEASE_TIME_NOT_STORED,NO
2017-09-20,Patrick Harker,COMMITTEE_HOLD,0,MORE_DOVISH,VOTE_ACTION_PROXY,2017-09-20,0,https://www.federalreserve.gov/newsevents/pressreleases/monetary20170920a.htm,"Voting for the FOMC monetary policy action were: Janet L. Yellen, Chair; William C. Dudley, Vice Chairman; Lael Brainard; Charles L. Evans; Stanley Fischer; Patrick Harker; Robert S. Kaplan; Neel Kashkari; and Jerome H. Powell. Implementation Note issued September 20, 2017",2017-09-08,"Welcoming Remarks: New Perspectives on Consumer Behavior in Credit & Payments Conference, Federal Reserve Bank of Philadelphia",https://fraser.stlouisfed.org/title/statements-speeches-patrick-t-harker-6102/welcoming-remarks-new-perspectives-consumer-behavior-credit-payments-conference-federal-reserve-bank-philadelphia-586790,COMMUNICATION_EVENT_DATE_STRICTLY_BEFORE_SEP_WHEN_TIME_UNKNOWN,SEP_RELEASE_DATE_AFTER_OFFICIAL_POLICY_STATEMENT; EXACT_RELEASE_TIME_NOT_STORED,NO
2017-09-20,Raphael W. Bostic,UNKNOWN,,UNKNOWN,NO_DIRECTIONAL_PERSONAL_EVIDENCE_CLASSIFIED,,,,,,,,COMMUNICATION_EVENT_DATE_STRICTLY_BEFORE_SEP_WHEN_TIME_UNKNOWN,SEP_RELEASE_DATE_AFTER_OFFICIAL_POLICY_STATEMENT; EXACT_RELEASE_TIME_NOT_STORED,NO
2017-09-20,Robert S. Kaplan,COMMITTEE_HOLD,0,MORE_DOVISH,VOTE_ACTION_PROXY,2017-09-20,0,https://www.federalreserve.gov/newsevents/pressreleases/monetary20170920a.htm,"Voting for the FOMC monetary policy action were: Janet L. Yellen, Chair; William C. Dudley, Vice Chairman; Lael Brainard; Charles L. Evans; Stanley Fischer; Patrick Harker; Robert S. Kaplan; Neel Kashkari; and Jerome H. Powell. Implementation Note issued September 20, 2017",2017-07-13,Assessment of Current Economic Conditions and Implications for Monetary Policy,https://www.dallasfed.org/news/speeches/kaplan/2017/rsk170713,COMMUNICATION_EVENT_DATE_STRICTLY_BEFORE_SEP_WHEN_TIME_UNKNOWN,SEP_RELEASE_DATE_AFTER_OFFICIAL_POLICY_STATEMENT; EXACT_RELEASE_TIME_NOT_STORED,NO
2017-09-20,Stanley Fischer,COMMITTEE_HOLD,0,MORE_DOVISH,VOTE_ACTION_PROXY,2017-09-20,0,https://www.federalreserve.gov/newsevents/pressreleases/monetary20170920a.htm,"Voting for the FOMC monetary policy action were: Janet L. Yellen, Chair; William C. Dudley, Vice Chairman; Lael Brainard; Charles L. Evans; Stanley Fischer; Patrick Harker; Robert S. Kaplan; Neel Kashkari; and Jerome H. Powell. Implementation Note issued September 20, 2017",2017-07-31,The Low Level of Global Real Interest Rates,https://www.federalreserve.gov/newsevents/speech/fischer20170731a.htm,COMMUNICATION_EVENT_DATE_STRICTLY_BEFORE_SEP_WHEN_TIME_UNKNOWN,SEP_RELEASE_DATE_AFTER_OFFICIAL_POLICY_STATEMENT; EXACT_RELEASE_TIME_NOT_STORED,NO
2017-09-20,William C. Dudley,COMMITTEE_HOLD,0,MORE_DOVISH,VOTE_ACTION_PROXY,2017-09-20,0,https://www.federalreserve.gov/newsevents/pressreleases/monetary20170920a.htm,"Voting for the FOMC monetary policy action were: Janet L. Yellen, Chair; William C. Dudley, Vice Chairman; Lael Brainard; Charles L. Evans; Stanley Fischer; Patrick Harker; Robert S. Kaplan; Neel Kashkari; and Jerome H. Powell. Implementation Note issued September 20, 2017",2017-09-07,The U.S. Economic Outlook and the Implications for Monetary Policy,https://fraser.stlouisfed.org/title/statements-speeches-william-c-dudley-6749/us-economic-outlook-implications-monetary-policy-619055,COMMUNICATION_EVENT_DATE_STRICTLY_BEFORE_SEP_WHEN_TIME_UNKNOWN,SEP_RELEASE_DATE_AFTER_OFFICIAL_POLICY_STATEMENT; EXACT_RELEASE_TIME_NOT_STORED,NO
2017-12-13,Charles L. Evans,EASIER,-2,MORE_DOVISH,NAMED_DISSENT,2017-12-13,0,https://www.federalreserve.gov/newsevents/pressreleases/monetary20171213a.htm,"Voting for the FOMC monetary policy action were Janet L. Yellen, Chair; William C. Dudley, Vice Chairman; Lael Brainard; Patrick Harker; Robert S. Kaplan; Jerome H. Powell; and Randal K. Quarles. Voting against the action were Charles L. Evans and Neel Kashkari, who preferred at this meeting to maintain the existing target range for the federal funds rate. Implementation Note issued December 13, 2017",2017-11-15,Low Inflation and the Symmetry of the 2 Percent Target,https://fraser.stlouisfed.org/title/statements-speeches-charles-l-evans-8969/low-inflation-symmetry-2-percent-target-666928,COMMUNICATION_EVENT_DATE_STRICTLY_BEFORE_SEP_WHEN_TIME_UNKNOWN,SEP_RELEASE_DATE_AFTER_OFFICIAL_POLICY_STATEMENT; EXACT_RELEASE_TIME_NOT_STORED,NO
2017-12-13,Eric S. Rosengren,UNKNOWN,,UNKNOWN,NO_DIRECTIONAL_PERSONAL_EVIDENCE_CLASSIFIED,,,,,2017-11-15,Following a Balanced Approach,https://www.bostonfed.org/news-and-events/speeches/2017/following-a-balanced-approach.aspx,COMMUNICATION_EVENT_DATE_STRICTLY_BEFORE_SEP_WHEN_TIME_UNKNOWN,SEP_RELEASE_DATE_AFTER_OFFICIAL_POLICY_STATEMENT; EXACT_RELEASE_TIME_NOT_STORED,NO
2017-12-13,Esther L. George,UNKNOWN,,UNKNOWN,NO_DIRECTIONAL_PERSONAL_EVIDENCE_CLASSIFIED,,,,,2017-10-11,Monetary Policy in a Low Inflation Economy,https://fraser.stlouisfed.org/title/statements-speeches-esther-l-george-9278/monetary-policy-a-low-inflation-economy-679587,COMMUNICATION_EVENT_DATE_STRICTLY_BEFORE_SEP_WHEN_TIME_UNKNOWN,SEP_RELEASE_DATE_AFTER_OFFICIAL_POLICY_STATEMENT; EXACT_RELEASE_TIME_NOT_STORED,NO
2017-12-13,James Bullard,UNKNOWN,,UNKNOWN,NO_DIRECTIONAL_PERSONAL_EVIDENCE_CLASSIFIED,,,,,2017-11-09,An Illustrative Calculation of r† with Policy Implications,https://fraser.stlouisfed.org/title/statements-speeches-james-bullard-7161/illustrative-calculation-r-policy-implications-655006,COMMUNICATION_EVENT_DATE_STRICTLY_BEFORE_SEP_WHEN_TIME_UNKNOWN,SEP_RELEASE_DATE_AFTER_OFFICIAL_POLICY_STATEMENT; EXACT_RELEASE_TIME_NOT_STORED,NO
2017-12-13,Janet L. Yellen,COMMITTEE_HIKE,1,MORE_HAWKISH,VOTE_ACTION_PROXY,2017-12-13,0,https://www.federalreserve.gov/newsevents/pressreleases/monetary20171213a.htm,"Voting for the FOMC monetary policy action were Janet L. Yellen, Chair; William C. Dudley, Vice Chairman; Lael Brainard; Patrick Harker; Robert S. Kaplan; Jerome H. Powell; and Randal K. Quarles. Voting against the action were Charles L. Evans and Neel Kashkari, who preferred at this meeting to maintain the existing target range for the federal funds rate. Implementation Note issued December 13, 2017",2017-11-07,Remarks accepting the 2017 Paul H. Douglas Award for Ethics in Government,https://www.federalreserve.gov/newsevents/speech/yellen20171107a.htm,COMMUNICATION_EVENT_DATE_STRICTLY_BEFORE_SEP_WHEN_TIME_UNKNOWN,SEP_RELEASE_DATE_AFTER_OFFICIAL_POLICY_STATEMENT; EXACT_RELEASE_TIME_NOT_STORED,NO
2017-12-13,Jerome H. Powell,COMMITTEE_HIKE,1,UNKNOWN,VOTE_ACTION_PROXY,2017-12-13,0,https://www.federalreserve.gov/newsevents/pressreleases/monetary20171213a.htm,"Voting for the FOMC monetary policy action were Janet L. Yellen, Chair; William C. Dudley, Vice Chairman; Lael Brainard; Patrick Harker; Robert S. Kaplan; Jerome H. Powell; and Randal K. Quarles. Voting against the action were Charles L. Evans and Neel Kashkari, who preferred at this meeting to maintain the existing target range for the federal funds rate. Implementation Note issued December 13, 2017",2017-11-02,Introductory Remarks,https://www.federalreserve.gov/newsevents/speech/powell20171102a.htm,COMMUNICATION_EVENT_DATE_STRICTLY_BEFORE_SEP_WHEN_TIME_UNKNOWN,SEP_RELEASE_DATE_AFTER_OFFICIAL_POLICY_STATEMENT; EXACT_RELEASE_TIME_NOT_STORED,NO
2017-12-13,John C. Williams,UNKNOWN,,UNKNOWN,NO_DIRECTIONAL_PERSONAL_EVIDENCE_CLASSIFIED,,,,,2017-11-29,Monetary Policy and the Economic Outlook: A Fine Balancing Act,https://fraser.stlouisfed.org/title/statements-speeches-john-c-williams-9040/monetary-policy-economic-outlook-a-fine-balancing-act-671913,COMMUNICATION_EVENT_DATE_STRICTLY_BEFORE_SEP_WHEN_TIME_UNKNOWN,SEP_RELEASE_DATE_AFTER_OFFICIAL_POLICY_STATEMENT; EXACT_RELEASE_TIME_NOT_STORED,NO
2017-12-13,Lael Brainard,COMMITTEE_HIKE,1,MORE_HAWKISH,VOTE_ACTION_PROXY,2017-12-13,0,https://www.federalreserve.gov/newsevents/pressreleases/monetary20171213a.htm,"Voting for the FOMC monetary policy action were Janet L. Yellen, Chair; William C. Dudley, Vice Chairman; Lael Brainard; Patrick Harker; Robert S. Kaplan; Jerome H. Powell; and Randal K. Quarles. Voting against the action were Charles L. Evans and Neel Kashkari, who preferred at this meeting to maintain the existing target range for the federal funds rate. Implementation Note issued December 13, 2017",2017-11-16,Where Do Consumers Fit in the Fintech Stack?,https://www.federalreserve.gov/newsevents/speech/brainard20171116a.htm,COMMUNICATION_EVENT_DATE_STRICTLY_BEFORE_SEP_WHEN_TIME_UNKNOWN,SEP_RELEASE_DATE_AFTER_OFFICIAL_POLICY_STATEMENT; EXACT_RELEASE_TIME_NOT_STORED,NO
2017-12-13,Loretta J. Mester,UNKNOWN,,UNKNOWN,NO_DIRECTIONAL_PERSONAL_EVIDENCE_CLASSIFIED,,,,,2017-11-16,Demographics and Their Implications for the Economy and Policy,https://www.clevelandfed.org/collections/speeches/2017/sp-20171116-demographics-and-their-implications-for-the-economy-and-policy,COMMUNICATION_EVENT_DATE_STRICTLY_BEFORE_SEP_WHEN_TIME_UNKNOWN,SEP_RELEASE_DATE_AFTER_OFFICIAL_POLICY_STATEMENT; EXACT_RELEASE_TIME_NOT_STORED,NO
2017-12-13,Mark L. Mullinix,UNKNOWN,,UNKNOWN,NO_DIRECTIONAL_PERSONAL_EVIDENCE_CLASSIFIED,,,,,2017-11-03,Advancing Our Understanding of Urban Economics,https://fraser.stlouisfed.org/title/statements-speeches-mark-l-mullinix-9268/advancing-understanding-urban-economics-678768,COMMUNICATION_EVENT_DATE_STRICTLY_BEFORE_SEP_WHEN_TIME_UNKNOWN,SEP_RELEASE_DATE_AFTER_OFFICIAL_POLICY_STATEMENT; EXACT_RELEASE_TIME_NOT_STORED,NO
2017-12-13,Michael Strine,UNKNOWN,,UNKNOWN,NO_DIRECTIONAL_PERSONAL_EVIDENCE_CLASSIFIED,,,,,2016-03-22,Strine: Forming the Next Generation of Bankers: The Future of Business Education and Ethics,https://www.newyorkfed.org/newsevents/speeches/2016/str160322,COMMUNICATION_EVENT_DATE_STRICTLY_BEFORE_SEP_WHEN_TIME_UNKNOWN,SEP_RELEASE_DATE_AFTER_OFFICIAL_POLICY_STATEMENT; EXACT_RELEASE_TIME_NOT_STORED,NO
2017-12-13,Neel Kashkari,EASIER,-2,MORE_DOVISH,NAMED_DISSENT,2017-12-13,0,https://www.federalreserve.gov/newsevents/pressreleases/monetary20171213a.htm,"Voting for the FOMC monetary policy action were Janet L. Yellen, Chair; William C. Dudley, Vice Chairman; Lael Brainard; Patrick Harker; Robert S. Kaplan; Jerome H. Powell; and Randal K. Quarles. Voting against the action were Charles L. Evans and Neel Kashkari, who preferred at this meeting to maintain the existing target range for the federal funds rate. Implementation Note issued December 13, 2017",2017-11-28,"November 29, 2017, Neel Kashkari Twitter Q&A",https://www.minneapolisfed.org/article/2017/november-29-2017-neel-kashkari-twitter-qa,COMMUNICATION_EVENT_DATE_STRICTLY_BEFORE_SEP_WHEN_TIME_UNKNOWN,SEP_RELEASE_DATE_AFTER_OFFICIAL_POLICY_STATEMENT; EXACT_RELEASE_TIME_NOT_STORED,NO
2017-12-13,Patrick Harker,COMMITTEE_HIKE,1,MORE_HAWKISH,VOTE_ACTION_PROXY,2017-12-13,0,https://www.federalreserve.gov/newsevents/pressreleases/monetary20171213a.htm,"Voting for the FOMC monetary policy action were Janet L. Yellen, Chair; William C. Dudley, Vice Chairman; Lael Brainard; Patrick Harker; Robert S. Kaplan; Jerome H. Powell; and Randal K. Quarles. Voting against the action were Charles L. Evans and Neel Kashkari, who preferred at this meeting to maintain the existing target range for the federal funds rate. Implementation Note issued December 13, 2017",2017-12-01,"Welcoming Address: The Philadelphia Fed Policy Forum, The College of Physicians of Philadelphia",https://fraser.stlouisfed.org/title/statements-speeches-patrick-t-harker-6102/welcoming-address-philadelphia-fed-policy-forum-college-physicians-philadelphia-586795,COMMUNICATION_EVENT_DATE_STRICTLY_BEFORE_SEP_WHEN_TIME_UNKNOWN,SEP_RELEASE_DATE_AFTER_OFFICIAL_POLICY_STATEMENT; EXACT_RELEASE_TIME_NOT_STORED,NO
2017-12-13,Randal K. Quarles,COMMITTEE_HIKE,1,UNKNOWN,VOTE_ACTION_PROXY,2017-12-13,0,https://www.federalreserve.gov/newsevents/pressreleases/monetary20171213a.htm,"Voting for the FOMC monetary policy action were Janet L. Yellen, Chair; William C. Dudley, Vice Chairman; Lael Brainard; Patrick Harker; Robert S. Kaplan; Jerome H. Powell; and Randal K. Quarles. Voting against the action were Charles L. Evans and Neel Kashkari, who preferred at this meeting to maintain the existing target range for the federal funds rate. Implementation Note issued December 13, 2017",2017-11-30,Thoughts on Prudent Innovation in the Payment System,https://www.federalreserve.gov/newsevents/speech/quarles20171130a.htm,COMMUNICATION_EVENT_DATE_STRICTLY_BEFORE_SEP_WHEN_TIME_UNKNOWN,SEP_RELEASE_DATE_AFTER_OFFICIAL_POLICY_STATEMENT; EXACT_RELEASE_TIME_NOT_STORED,NO
2017-12-13,Raphael W. Bostic,UNKNOWN,,UNKNOWN,NO_DIRECTIONAL_PERSONAL_EVIDENCE_CLASSIFIED,,,,,2017-11-14,A View of the U.S. Economy and Rural and Urban Labor Market Dynamics,https://fraser.stlouisfed.org/title/statements-speeches-raphael-bostic-8996/a-view-us-economy-rural-urban-labor-market-dynamics-667142,COMMUNICATION_EVENT_DATE_STRICTLY_BEFORE_SEP_WHEN_TIME_UNKNOWN,SEP_RELEASE_DATE_AFTER_OFFICIAL_POLICY_STATEMENT; EXACT_RELEASE_TIME_NOT_STORED,NO
2017-12-13,Robert S. Kaplan,COMMITTEE_HIKE,1,MORE_HAWKISH,VOTE_ACTION_PROXY,2017-12-13,0,https://www.federalreserve.gov/newsevents/pressreleases/monetary20171213a.htm,"Voting for the FOMC monetary policy action were Janet L. Yellen, Chair; William C. Dudley, Vice Chairman; Lael Brainard; Patrick Harker; Robert S. Kaplan; Jerome H. Powell; and Randal K. Quarles. Voting against the action were Charles L. Evans and Neel Kashkari, who preferred at this meeting to maintain the existing target range for the federal funds rate. Implementation Note issued December 13, 2017",2017-11-27,A Balanced Approach to Monetary Policy,https://www.dallasfed.org/news/speeches/kaplan/2017/rsk171127,COMMUNICATION_EVENT_DATE_STRICTLY_BEFORE_SEP_WHEN_TIME_UNKNOWN,SEP_RELEASE_DATE_AFTER_OFFICIAL_POLICY_STATEMENT; EXACT_RELEASE_TIME_NOT_STORED,NO
2017-12-13,William C. Dudley,COMMITTEE_HIKE,1,MORE_HAWKISH,VOTE_ACTION_PROXY,2017-12-13,0,https://www.federalreserve.gov/newsevents/pressreleases/monetary20171213a.htm,"Voting for the FOMC monetary policy action were Janet L. Yellen, Chair; William C. Dudley, Vice Chairman; Lael Brainard; Patrick Harker; Robert S. Kaplan; Jerome H. Powell; and Randal K. Quarles. Voting against the action were Charles L. Evans and Neel Kashkari, who preferred at this meeting to maintain the existing target range for the federal funds rate. Implementation Note issued December 13, 2017",2017-12-07,"Opening Remarks on Higher Education: Financing, Costs, and Returns",https://fraser.stlouisfed.org/title/statements-speeches-william-c-dudley-6749/opening-remarks-higher-education-financing-costs-returns-619062,COMMUNICATION_EVENT_DATE_STRICTLY_BEFORE_SEP_WHEN_TIME_UNKNOWN,SEP_RELEASE_DATE_AFTER_OFFICIAL_POLICY_STATEMENT; EXACT_RELEASE_TIME_NOT_STORED,NO
2018-03-21,Charles L. Evans,UNKNOWN,,UNKNOWN,NO_DIRECTIONAL_PERSONAL_EVIDENCE_CLASSIFIED,,,,,2018-03-09,Some Practical Considerations for Monetary Policy Frameworks,https://fraser.stlouisfed.org/title/statements-speeches-charles-l-evans-8969/practical-considerations-monetary-policy-frameworks-666932,COMMUNICATION_EVENT_DATE_STRICTLY_BEFORE_SEP_WHEN_TIME_UNKNOWN,SEP_RELEASE_DATE_AFTER_OFFICIAL_POLICY_STATEMENT; EXACT_RELEASE_TIME_NOT_STORED,NO
2018-03-21,Eric S. Rosengren,UNKNOWN,,UNKNOWN,NO_DIRECTIONAL_PERSONAL_EVIDENCE_CLASSIFIED,,,,,2018-03-09,Perspectives on the Economy and Fed Policy: Why Continuing to Remove Monetary Accommodation is Appropriate,https://www.bostonfed.org/news-and-events/speeches/2018/perspectives-on-economy-fed-policy.aspx,COMMUNICATION_EVENT_DATE_STRICTLY_BEFORE_SEP_WHEN_TIME_UNKNOWN,SEP_RELEASE_DATE_AFTER_OFFICIAL_POLICY_STATEMENT; EXACT_RELEASE_TIME_NOT_STORED,NO
2018-03-21,Esther L. George,UNKNOWN,,UNKNOWN,NO_DIRECTIONAL_PERSONAL_EVIDENCE_CLASSIFIED,,,,,2018-03-08,The U.S. Economic Outlook and Monetary Policy,https://fraser.stlouisfed.org/title/statements-speeches-esther-l-george-9278/us-economic-outlook-monetary-policy-679589,COMMUNICATION_EVENT_DATE_STRICTLY_BEFORE_SEP_WHEN_TIME_UNKNOWN,SEP_RELEASE_DATE_AFTER_OFFICIAL_POLICY_STATEMENT; EXACT_RELEASE_TIME_NOT_STORED,NO
2018-03-21,James Bullard,UNKNOWN,,UNKNOWN,NO_DIRECTIONAL_PERSONAL_EVIDENCE_CLASSIFIED,,,,,2018-01-26,Does a Low-Interest-Rate Regime Harm Savers?,https://fraser.stlouisfed.org/title/statements-speeches-james-bullard-7161/a-low-interest-rate-regime-harm-savers-655007,COMMUNICATION_EVENT_DATE_STRICTLY_BEFORE_SEP_WHEN_TIME_UNKNOWN,SEP_RELEASE_DATE_AFTER_OFFICIAL_POLICY_STATEMENT; EXACT_RELEASE_TIME_NOT_STORED,NO
2018-03-21,Jerome H. Powell,COMMITTEE_HIKE,1,UNCHANGED,VOTE_ACTION_PROXY,2018-03-21,0,https://www.federalreserve.gov/newsevents/pressreleases/monetary20180321a.htm,"Voting for the FOMC monetary policy action were Jerome H. Powell, Chairman; William C. Dudley, Vice Chairman; Thomas I. Barkin; Raphael W. Bostic; Lael Brainard; Loretta J. Mester; Randal K. Quarles; and John C. Williams. Implementation Note issued March 21, 2018",2018-02-13,Remarks at the Ceremonial Swearing-in,https://www.federalreserve.gov/newsevents/speech/powell20180213a.htm,COMMUNICATION_EVENT_DATE_STRICTLY_BEFORE_SEP_WHEN_TIME_UNKNOWN,SEP_RELEASE_DATE_AFTER_OFFICIAL_POLICY_STATEMENT; EXACT_RELEASE_TIME_NOT_STORED,NO
2018-03-21,John C. Williams,UNKNOWN,,UNKNOWN,NO_DIRECTIONAL_PERSONAL_EVIDENCE_CLASSIFIED,,,,,2018-02-07,Expecting the Expected: Staying Calm When the Data Meet the Forecasts - San Francisco Fed,https://www.frbsf.org/news-and-media/speeches/williams-speeches/2018/02/expecting-the-expected-honolulu-community-leaders-luncheon,COMMUNICATION_EVENT_DATE_STRICTLY_BEFORE_SEP_WHEN_TIME_UNKNOWN,SEP_RELEASE_DATE_AFTER_OFFICIAL_POLICY_STATEMENT; EXACT_RELEASE_TIME_NOT_STORED,NO
2018-03-21,Lael Brainard,COMMITTEE_HIKE,1,UNCHANGED,VOTE_ACTION_PROXY,2018-03-21,0,https://www.federalreserve.gov/newsevents/pressreleases/monetary20180321a.htm,"Voting for the FOMC monetary policy action were Jerome H. Powell, Chairman; William C. Dudley, Vice Chairman; Thomas I. Barkin; Raphael W. Bostic; Lael Brainard; Loretta J. Mester; Randal K. Quarles; and John C. Williams. Implementation Note issued March 21, 2018",2018-03-06,Navigating Monetary Policy as Headwinds Shift to Tailwinds,https://www.federalreserve.gov/newsevents/speech/brainard20180306a.htm,COMMUNICATION_EVENT_DATE_STRICTLY_BEFORE_SEP_WHEN_TIME_UNKNOWN,SEP_RELEASE_DATE_AFTER_OFFICIAL_POLICY_STATEMENT; EXACT_RELEASE_TIME_NOT_STORED,NO
2018-03-21,Loretta J. Mester,COMMITTEE_HIKE,1,UNKNOWN,VOTE_ACTION_PROXY,2018-03-21,0,https://www.federalreserve.gov/newsevents/pressreleases/monetary20180321a.htm,"Voting for the FOMC monetary policy action were Jerome H. Powell, Chairman; William C. Dudley, Vice Chairman; Thomas I. Barkin; Raphael W. Bostic; Lael Brainard; Loretta J. Mester; Randal K. Quarles; and John C. Williams. Implementation Note issued March 21, 2018",2018-02-23,Remarks on the FOMC's Monetary Policy Framework,https://www.clevelandfed.org/collections/speeches/2018/sp-20180223-remarks-on-the-fomcs-monetary-policy-framework,COMMUNICATION_EVENT_DATE_STRICTLY_BEFORE_SEP_WHEN_TIME_UNKNOWN,SEP_RELEASE_DATE_AFTER_OFFICIAL_POLICY_STATEMENT; EXACT_RELEASE_TIME_NOT_STORED,NO
2018-03-21,Michael Strine,UNKNOWN,,UNKNOWN,NO_DIRECTIONAL_PERSONAL_EVIDENCE_CLASSIFIED,,,,,2016-03-22,Strine: Forming the Next Generation of Bankers: The Future of Business Education and Ethics,https://www.newyorkfed.org/newsevents/speeches/2016/str160322,COMMUNICATION_EVENT_DATE_STRICTLY_BEFORE_SEP_WHEN_TIME_UNKNOWN,SEP_RELEASE_DATE_AFTER_OFFICIAL_POLICY_STATEMENT; EXACT_RELEASE_TIME_NOT_STORED,NO
2018-03-21,Neel Kashkari,UNKNOWN,,UNKNOWN,NO_DIRECTIONAL_PERSONAL_EVIDENCE_CLASSIFIED,,,,,2018-03-08,Washington Post Op-Ed: Big banks still threaten the economy,https://www.minneapolisfed.org/article/2018/washington-post-op-ed-big-banks-still-threaten-the-economy,COMMUNICATION_EVENT_DATE_STRICTLY_BEFORE_SEP_WHEN_TIME_UNKNOWN,SEP_RELEASE_DATE_AFTER_OFFICIAL_POLICY_STATEMENT; EXACT_RELEASE_TIME_NOT_STORED,NO
2018-03-21,Patrick Harker,UNKNOWN,,UNKNOWN,NO_DIRECTIONAL_PERSONAL_EVIDENCE_CLASSIFIED,,,,,2018-02-21,The Cost of College,https://fraser.stlouisfed.org/title/statements-speeches-patrick-t-harker-6102/cost-college-586799,COMMUNICATION_EVENT_DATE_STRICTLY_BEFORE_SEP_WHEN_TIME_UNKNOWN,SEP_RELEASE_DATE_AFTER_OFFICIAL_POLICY_STATEMENT; EXACT_RELEASE_TIME_NOT_STORED,NO
2018-03-21,Randal K. Quarles,COMMITTEE_HIKE,1,UNCHANGED,VOTE_ACTION_PROXY,2018-03-21,0,https://www.federalreserve.gov/newsevents/pressreleases/monetary20180321a.htm,"Voting for the FOMC monetary policy action were Jerome H. Powell, Chairman; William C. Dudley, Vice Chairman; Thomas I. Barkin; Raphael W. Bostic; Lael Brainard; Loretta J. Mester; Randal K. Quarles; and John C. Williams. Implementation Note issued March 21, 2018",2018-03-05,The Federal Reserve’s Regulatory Agenda for Foreign Banking Organizations: What Lies Ahead for Enhanced Prudential Standards and the Volcker Rule,https://www.federalreserve.gov/newsevents/speech/quarles20180305a.htm,COMMUNICATION_EVENT_DATE_STRICTLY_BEFORE_SEP_WHEN_TIME_UNKNOWN,SEP_RELEASE_DATE_AFTER_OFFICIAL_POLICY_STATEMENT; EXACT_RELEASE_TIME_NOT_STORED,NO
2018-03-21,Raphael W. Bostic,COMMITTEE_HIKE,1,UNKNOWN,VOTE_ACTION_PROXY,2018-03-21,0,https://www.federalreserve.gov/newsevents/pressreleases/monetary20180321a.htm,"Voting for the FOMC monetary policy action were Jerome H. Powell, Chairman; William C. Dudley, Vice Chairman; Thomas I. Barkin; Raphael W. Bostic; Lael Brainard; Loretta J. Mester; Randal K. Quarles; and John C. Williams. Implementation Note issued March 21, 2018",2018-01-08,"Economic Prospects, Policy, and Potential",https://fraser.stlouisfed.org/title/statements-speeches-raphael-bostic-8996/economic-prospects-policy-potential-667156,COMMUNICATION_EVENT_DATE_STRICTLY_BEFORE_SEP_WHEN_TIME_UNKNOWN,SEP_RELEASE_DATE_AFTER_OFFICIAL_POLICY_STATEMENT; EXACT_RELEASE_TIME_NOT_STORED,NO
2018-03-21,Robert S. Kaplan,UNKNOWN,,UNKNOWN,NO_DIRECTIONAL_PERSONAL_EVIDENCE_CLASSIFIED,,,,,2018-02-21,Discussion of Economic Conditions and Key Challenges Facing the U.S. Economy,https://www.dallasfed.org/news/speeches/kaplan/2018/rsk180221,COMMUNICATION_EVENT_DATE_STRICTLY_BEFORE_SEP_WHEN_TIME_UNKNOWN,SEP_RELEASE_DATE_AFTER_OFFICIAL_POLICY_STATEMENT; EXACT_RELEASE_TIME_NOT_STORED,NO
2018-03-21,Thomas I. Barkin,COMMITTEE_HIKE,1,UNKNOWN,VOTE_ACTION_PROXY,2018-03-21,0,https://www.federalreserve.gov/newsevents/pressreleases/monetary20180321a.htm,"Voting for the FOMC monetary policy action were Jerome H. Powell, Chairman; William C. Dudley, Vice Chairman; Thomas I. Barkin; Raphael W. Bostic; Lael Brainard; Loretta J. Mester; Randal K. Quarles; and John C. Williams. Implementation Note issued March 21, 2018",,,,COMMUNICATION_EVENT_DATE_STRICTLY_BEFORE_SEP_WHEN_TIME_UNKNOWN,SEP_RELEASE_DATE_AFTER_OFFICIAL_POLICY_STATEMENT; EXACT_RELEASE_TIME_NOT_STORED,NO
2018-03-21,William C. Dudley,COMMITTEE_HIKE,1,UNCHANGED,VOTE_ACTION_PROXY,2018-03-21,0,https://www.federalreserve.gov/newsevents/pressreleases/monetary20180321a.htm,"Voting for the FOMC monetary policy action were Jerome H. Powell, Chairman; William C. Dudley, Vice Chairman; Thomas I. Barkin; Raphael W. Bostic; Lael Brainard; Loretta J. Mester; Randal K. Quarles; and John C. Williams. Implementation Note issued March 21, 2018",2018-03-01,Making Globalization Work,https://fraser.stlouisfed.org/title/statements-speeches-william-c-dudley-6749/making-globalization-work-619067,COMMUNICATION_EVENT_DATE_STRICTLY_BEFORE_SEP_WHEN_TIME_UNKNOWN,SEP_RELEASE_DATE_AFTER_OFFICIAL_POLICY_STATEMENT; EXACT_RELEASE_TIME_NOT_STORED,NO
2018-06-13,Charles L. Evans,UNKNOWN,,UNKNOWN,NO_DIRECTIONAL_PERSONAL_EVIDENCE_CLASSIFIED,,,,,2018-05-25,Monetary Policy and the Crosswinds of Change,https://fraser.stlouisfed.org/title/statements-speeches-charles-l-evans-8969/monetary-policy-crosswinds-change-666936,COMMUNICATION_EVENT_DATE_STRICTLY_BEFORE_SEP_WHEN_TIME_UNKNOWN,SEP_RELEASE_DATE_AFTER_OFFICIAL_POLICY_STATEMENT; EXACT_RELEASE_TIME_NOT_STORED,NO
2018-06-13,Eric S. Rosengren,UNKNOWN,,UNKNOWN,NO_DIRECTIONAL_PERSONAL_EVIDENCE_CLASSIFIED,,,,,2018-04-18,"Monetary, Fiscal, and Financial Stability Policy Tools: Are We Equipped for the Next Recession?",https://www.bostonfed.org/news-and-events/speeches/2018/monetary-fiscal-and-financial-stability-policy-tools-04182018.aspx,COMMUNICATION_EVENT_DATE_STRICTLY_BEFORE_SEP_WHEN_TIME_UNKNOWN,SEP_RELEASE_DATE_AFTER_OFFICIAL_POLICY_STATEMENT; EXACT_RELEASE_TIME_NOT_STORED,NO
2018-06-13,Esther L. George,UNKNOWN,,UNKNOWN,NO_DIRECTIONAL_PERSONAL_EVIDENCE_CLASSIFIED,,,,,2018-05-04,Monetary Policy and Reform in Practice,https://fraser.stlouisfed.org/title/statements-speeches-esther-l-george-9278/monetary-policy-reform-practice-679590,COMMUNICATION_EVENT_DATE_STRICTLY_BEFORE_SEP_WHEN_TIME_UNKNOWN,SEP_RELEASE_DATE_AFTER_OFFICIAL_POLICY_STATEMENT; EXACT_RELEASE_TIME_NOT_STORED,NO
2018-06-13,James Bullard,UNKNOWN,,UNKNOWN,NO_DIRECTIONAL_PERSONAL_EVIDENCE_CLASSIFIED,,,,,2018-06-04,Non-Uniform Currencies and Exchange Rate Chaos,https://fraser.stlouisfed.org/title/statements-speeches-james-bullard-7161/non-uniform-currencies-exchange-rate-chaos-655011,COMMUNICATION_EVENT_DATE_STRICTLY_BEFORE_SEP_WHEN_TIME_UNKNOWN,SEP_RELEASE_DATE_AFTER_OFFICIAL_POLICY_STATEMENT; EXACT_RELEASE_TIME_NOT_STORED,NO
2018-06-13,Jerome H. Powell,COMMITTEE_HIKE,1,UNCHANGED,VOTE_ACTION_PROXY,2018-06-13,0,https://www.federalreserve.gov/newsevents/pressreleases/monetary20180613a.htm,"Voting for the FOMC monetary policy action were Jerome H. Powell, Chairman; William C. Dudley, Vice Chairman; Thomas I. Barkin; Raphael W. Bostic; Lael Brainard; Loretta J. Mester; Randal K. Quarles; and John C. Williams. Implementation Note issued June 13, 2018",2018-05-25,Financial Stability and Central Bank Transparency,https://www.federalreserve.gov/newsevents/speech/powell20180525a.htm,COMMUNICATION_EVENT_DATE_STRICTLY_BEFORE_SEP_WHEN_TIME_UNKNOWN,SEP_RELEASE_DATE_AFTER_OFFICIAL_POLICY_STATEMENT; EXACT_RELEASE_TIME_NOT_STORED,NO
2018-06-13,John C. Williams,UNKNOWN,,UNKNOWN,NO_DIRECTIONAL_PERSONAL_EVIDENCE_CLASSIFIED,,,,,2018-05-15,The Future Fortunes of R-star: Are They Really Rising? - San Francisco Fed,https://www.frbsf.org/news-and-media/speeches/williams-speeches/2018/05/future-fortunes-r-star-are-they-rising,COMMUNICATION_EVENT_DATE_STRICTLY_BEFORE_SEP_WHEN_TIME_UNKNOWN,SEP_RELEASE_DATE_AFTER_OFFICIAL_POLICY_STATEMENT; EXACT_RELEASE_TIME_NOT_STORED,NO
2018-06-13,Lael Brainard,COMMITTEE_HIKE,1,UNCHANGED,VOTE_ACTION_PROXY,2018-06-13,0,https://www.federalreserve.gov/newsevents/pressreleases/monetary20180613a.htm,"Voting for the FOMC monetary policy action were Jerome H. Powell, Chairman; William C. Dudley, Vice Chairman; Thomas I. Barkin; Raphael W. Bostic; Lael Brainard; Loretta J. Mester; Randal K. Quarles; and John C. Williams. Implementation Note issued June 13, 2018",2018-05-31,Sustaining Full Employment and Inflation around Target,https://www.federalreserve.gov/newsevents/speech/brainard20180531a.htm,COMMUNICATION_EVENT_DATE_STRICTLY_BEFORE_SEP_WHEN_TIME_UNKNOWN,SEP_RELEASE_DATE_AFTER_OFFICIAL_POLICY_STATEMENT; EXACT_RELEASE_TIME_NOT_STORED,NO
2018-06-13,Loretta J. Mester,COMMITTEE_HIKE,1,UNCHANGED,VOTE_ACTION_PROXY,2018-06-13,0,https://www.federalreserve.gov/newsevents/pressreleases/monetary20180613a.htm,"Voting for the FOMC monetary policy action were Jerome H. Powell, Chairman; William C. Dudley, Vice Chairman; Thomas I. Barkin; Raphael W. Bostic; Lael Brainard; Loretta J. Mester; Randal K. Quarles; and John C. Williams. Implementation Note issued June 13, 2018",2018-05-18,A Practical Viewpoint on Financial System Resiliency and Monetary Policy,https://www.clevelandfed.org/collections/speeches/2018/sp-20180518-practical-viewpoint-on-financial-system-resiliency-and-monetary-policy,COMMUNICATION_EVENT_DATE_STRICTLY_BEFORE_SEP_WHEN_TIME_UNKNOWN,SEP_RELEASE_DATE_AFTER_OFFICIAL_POLICY_STATEMENT; EXACT_RELEASE_TIME_NOT_STORED,NO
2018-06-13,Michael Strine,UNKNOWN,,UNKNOWN,NO_DIRECTIONAL_PERSONAL_EVIDENCE_CLASSIFIED,,,,,2016-03-22,Strine: Forming the Next Generation of Bankers: The Future of Business Education and Ethics,https://www.newyorkfed.org/newsevents/speeches/2016/str160322,COMMUNICATION_EVENT_DATE_STRICTLY_BEFORE_SEP_WHEN_TIME_UNKNOWN,SEP_RELEASE_DATE_AFTER_OFFICIAL_POLICY_STATEMENT; EXACT_RELEASE_TIME_NOT_STORED,NO
2018-06-13,Neel Kashkari,UNKNOWN,,UNKNOWN,NO_DIRECTIONAL_PERSONAL_EVIDENCE_CLASSIFIED,,,,,2018-06-01,Neel Kashkari at AchieveMpls,https://minneapolisfed.org/speeches/2018/neel-kashkari-at-achievempls,COMMUNICATION_EVENT_DATE_STRICTLY_BEFORE_SEP_WHEN_TIME_UNKNOWN,SEP_RELEASE_DATE_AFTER_OFFICIAL_POLICY_STATEMENT; EXACT_RELEASE_TIME_NOT_STORED,NO
2018-06-13,Patrick Harker,UNKNOWN,,UNKNOWN,NO_DIRECTIONAL_PERSONAL_EVIDENCE_CLASSIFIED,,,,,2018-05-24,"Conference on Technology-Enabled Disruption: Implications for Business, Labor Markets, and Monetary Policy, Federal Reserve Bank of Dallas",https://fraser.stlouisfed.org/title/statements-speeches-patrick-t-harker-6102/conference-technology-enabled-disruption-implications-business-labor-markets-monetary-policy-federal-reserve-bank-dallas-586802,COMMUNICATION_EVENT_DATE_STRICTLY_BEFORE_SEP_WHEN_TIME_UNKNOWN,SEP_RELEASE_DATE_AFTER_OFFICIAL_POLICY_STATEMENT; EXACT_RELEASE_TIME_NOT_STORED,NO
2018-06-13,Randal K. Quarles,COMMITTEE_HIKE,1,UNCHANGED,VOTE_ACTION_PROXY,2018-06-13,0,https://www.federalreserve.gov/newsevents/pressreleases/monetary20180613a.htm,"Voting for the FOMC monetary policy action were Jerome H. Powell, Chairman; William C. Dudley, Vice Chairman; Thomas I. Barkin; Raphael W. Bostic; Lael Brainard; Loretta J. Mester; Randal K. Quarles; and John C. Williams. Implementation Note issued June 13, 2018",2018-05-16,Trust Everyone--But Brand Your Cattle: Finding the Right Balance in Cross-Border Resolution,https://www.federalreserve.gov/newsevents/speech/quarles20180516a.htm,COMMUNICATION_EVENT_DATE_STRICTLY_BEFORE_SEP_WHEN_TIME_UNKNOWN,SEP_RELEASE_DATE_AFTER_OFFICIAL_POLICY_STATEMENT; EXACT_RELEASE_TIME_NOT_STORED,NO
2018-06-13,Raphael W. Bostic,COMMITTEE_HIKE,1,UNCHANGED,VOTE_ACTION_PROXY,2018-06-13,0,https://www.federalreserve.gov/newsevents/pressreleases/monetary20180613a.htm,"Voting for the FOMC monetary policy action were Jerome H. Powell, Chairman; William C. Dudley, Vice Chairman; Thomas I. Barkin; Raphael W. Bostic; Lael Brainard; Loretta J. Mester; Randal K. Quarles; and John C. Williams. Implementation Note issued June 13, 2018",2018-05-21,Views on the Economy and Price-Level Targeting,https://fraser.stlouisfed.org/title/statements-speeches-raphael-bostic-8996/views-economy-price-level-targeting-667152,COMMUNICATION_EVENT_DATE_STRICTLY_BEFORE_SEP_WHEN_TIME_UNKNOWN,SEP_RELEASE_DATE_AFTER_OFFICIAL_POLICY_STATEMENT; EXACT_RELEASE_TIME_NOT_STORED,NO
2018-06-13,Robert S. Kaplan,UNKNOWN,,UNKNOWN,NO_DIRECTIONAL_PERSONAL_EVIDENCE_CLASSIFIED,,,,,2018-04-16,Taking the Long View: Creating a Better Future for Our Children and Grandchildren,https://www.dallasfed.org/news/speeches/kaplan/2018/rsk180416,COMMUNICATION_EVENT_DATE_STRICTLY_BEFORE_SEP_WHEN_TIME_UNKNOWN,SEP_RELEASE_DATE_AFTER_OFFICIAL_POLICY_STATEMENT; EXACT_RELEASE_TIME_NOT_STORED,NO
2018-06-13,Thomas I. Barkin,COMMITTEE_HIKE,1,UNCHANGED,VOTE_ACTION_PROXY,2018-06-13,0,https://www.federalreserve.gov/newsevents/pressreleases/monetary20180613a.htm,"Voting for the FOMC monetary policy action were Jerome H. Powell, Chairman; William C. Dudley, Vice Chairman; Thomas I. Barkin; Raphael W. Bostic; Lael Brainard; Loretta J. Mester; Randal K. Quarles; and John C. Williams. Implementation Note issued June 13, 2018",2018-05-07,A Conversation with Tom Barkin,https://fraser.stlouisfed.org/title/statements-speeches-tom-barkin-9266/a-conversation-tom-barkin-678770,COMMUNICATION_EVENT_DATE_STRICTLY_BEFORE_SEP_WHEN_TIME_UNKNOWN,SEP_RELEASE_DATE_AFTER_OFFICIAL_POLICY_STATEMENT; EXACT_RELEASE_TIME_NOT_STORED,NO
2018-06-13,William C. Dudley,COMMITTEE_HIKE,1,UNCHANGED,VOTE_ACTION_PROXY,2018-06-13,0,https://www.federalreserve.gov/newsevents/pressreleases/monetary20180613a.htm,"Voting for the FOMC monetary policy action were Jerome H. Powell, Chairman; William C. Dudley, Vice Chairman; Thomas I. Barkin; Raphael W. Bostic; Lael Brainard; Loretta J. Mester; Randal K. Quarles; and John C. Williams. Implementation Note issued June 13, 2018",2018-05-24,The Transition to a Robust Reference Rate Regime,https://fraser.stlouisfed.org/title/statements-speeches-william-c-dudley-6749/transition-a-robust-reference-rate-regime-619071,COMMUNICATION_EVENT_DATE_STRICTLY_BEFORE_SEP_WHEN_TIME_UNKNOWN,SEP_RELEASE_DATE_AFTER_OFFICIAL_POLICY_STATEMENT; EXACT_RELEASE_TIME_NOT_STORED,NO
2018-09-26,Charles L. Evans,UNKNOWN,,UNKNOWN,NO_DIRECTIONAL_PERSONAL_EVIDENCE_CLASSIFIED,,,,,2018-09-14,Monetary Policy: The Road Ahead,https://fraser.stlouisfed.org/title/statements-speeches-charles-l-evans-8969/monetary-policy-road-ahead-666938,COMMUNICATION_EVENT_DATE_STRICTLY_BEFORE_SEP_WHEN_TIME_UNKNOWN,SEP_RELEASE_DATE_AFTER_OFFICIAL_POLICY_STATEMENT; EXACT_RELEASE_TIME_NOT_STORED,NO
2018-09-26,Eric S. Rosengren,UNKNOWN,,UNKNOWN,NO_DIRECTIONAL_PERSONAL_EVIDENCE_CLASSIFIED,,,,,2018-09-14,Should the Fed Regularly Evaluate its Monetary Policy Framework?,https://www.bostonfed.org/news-and-events/speeches/2018/should-the-fed-regularly-evaluate-its-monetary-policy-framework.aspx,COMMUNICATION_EVENT_DATE_STRICTLY_BEFORE_SEP_WHEN_TIME_UNKNOWN,SEP_RELEASE_DATE_AFTER_OFFICIAL_POLICY_STATEMENT; EXACT_RELEASE_TIME_NOT_STORED,NO
2018-09-26,Esther L. George,COMMITTEE_HIKE,1,UNKNOWN,VOTE_ACTION_PROXY,2018-09-26,0,https://www.federalreserve.gov/newsevents/pressreleases/monetary20180926a.htm,"Voting for the FOMC monetary policy action were: Jerome H. Powell, Chairman; John C. Williams, Vice Chairman; Thomas I. Barkin; Raphael W. Bostic; Lael Brainard; Richard H. Clarida; Esther L. George; Loretta J. Mester; and Randal K. Quarles. Implementation Note issued September 26, 2018",2018-07-17,Threading the Needle,https://fraser.stlouisfed.org/title/statements-speeches-esther-l-george-9278/threading-needle-679591,COMMUNICATION_EVENT_DATE_STRICTLY_BEFORE_SEP_WHEN_TIME_UNKNOWN,SEP_RELEASE_DATE_AFTER_OFFICIAL_POLICY_STATEMENT; EXACT_RELEASE_TIME_NOT_STORED,NO
2018-09-26,James Bullard,UNKNOWN,,UNKNOWN,NO_DIRECTIONAL_PERSONAL_EVIDENCE_CLASSIFIED,,,,,2018-07-15,Non-Uniform Currencies and Exchange Rate Chaos,https://fraser.stlouisfed.org/title/statements-speeches-james-bullard-7161/non-uniform-currencies-exchange-rate-chaos-655013,COMMUNICATION_EVENT_DATE_STRICTLY_BEFORE_SEP_WHEN_TIME_UNKNOWN,SEP_RELEASE_DATE_AFTER_OFFICIAL_POLICY_STATEMENT; EXACT_RELEASE_TIME_NOT_STORED,NO
2018-09-26,Jerome H. Powell,COMMITTEE_HIKE,1,UNCHANGED,VOTE_ACTION_PROXY,2018-09-26,0,https://www.federalreserve.gov/newsevents/pressreleases/monetary20180926a.htm,"Voting for the FOMC monetary policy action were: Jerome H. Powell, Chairman; John C. Williams, Vice Chairman; Thomas I. Barkin; Raphael W. Bostic; Lael Brainard; Richard H. Clarida; Esther L. George; Loretta J. Mester; and Randal K. Quarles. Implementation Note issued September 26, 2018",2018-08-24,Monetary Policy in a Changing Economy,https://www.federalreserve.gov/newsevents/speech/powell20180824a.htm,COMMUNICATION_EVENT_DATE_STRICTLY_BEFORE_SEP_WHEN_TIME_UNKNOWN,SEP_RELEASE_DATE_AFTER_OFFICIAL_POLICY_STATEMENT; EXACT_RELEASE_TIME_NOT_STORED,NO
2018-09-26,John C. Williams,COMMITTEE_HIKE,1,UNKNOWN,VOTE_ACTION_PROXY,2018-09-26,0,https://www.federalreserve.gov/newsevents/pressreleases/monetary20180926a.htm,"Voting for the FOMC monetary policy action were: Jerome H. Powell, Chairman; John C. Williams, Vice Chairman; Thomas I. Barkin; Raphael W. Bostic; Lael Brainard; Richard H. Clarida; Esther L. George; Loretta J. Mester; and Randal K. Quarles. Implementation Note issued September 26, 2018",2018-06-18,Now Is the Time for Banking Culture Reform,https://fraser.stlouisfed.org/title/statements-speeches-john-c-williams-9040/time-banking-culture-reform-680875,COMMUNICATION_EVENT_DATE_STRICTLY_BEFORE_SEP_WHEN_TIME_UNKNOWN,SEP_RELEASE_DATE_AFTER_OFFICIAL_POLICY_STATEMENT; EXACT_RELEASE_TIME_NOT_STORED,NO
2018-09-26,Lael Brainard,COMMITTEE_HIKE,1,UNCHANGED,VOTE_ACTION_PROXY,2018-09-26,0,https://www.federalreserve.gov/newsevents/pressreleases/monetary20180926a.htm,"Voting for the FOMC monetary policy action were: Jerome H. Powell, Chairman; John C. Williams, Vice Chairman; Thomas I. Barkin; Raphael W. Bostic; Lael Brainard; Richard H. Clarida; Esther L. George; Loretta J. Mester; and Randal K. Quarles. Implementation Note issued September 26, 2018",2018-09-12,What Do We Mean by Neutral and What Role Does It Play in Monetary Policy?,https://www.federalreserve.gov/newsevents/speech/brainard20180912a.htm,COMMUNICATION_EVENT_DATE_STRICTLY_BEFORE_SEP_WHEN_TIME_UNKNOWN,SEP_RELEASE_DATE_AFTER_OFFICIAL_POLICY_STATEMENT; EXACT_RELEASE_TIME_NOT_STORED,NO
2018-09-26,Loretta J. Mester,COMMITTEE_HIKE,1,UNCHANGED,VOTE_ACTION_PROXY,2018-09-26,0,https://www.federalreserve.gov/newsevents/pressreleases/monetary20180926a.htm,"Voting for the FOMC monetary policy action were: Jerome H. Powell, Chairman; John C. Williams, Vice Chairman; Thomas I. Barkin; Raphael W. Bostic; Lael Brainard; Richard H. Clarida; Esther L. George; Loretta J. Mester; and Randal K. Quarles. Implementation Note issued September 26, 2018",2018-05-18,A Practical Viewpoint on Financial System Resiliency and Monetary Policy,https://www.clevelandfed.org/collections/speeches/2018/sp-20180518-practical-viewpoint-on-financial-system-resiliency-and-monetary-policy,COMMUNICATION_EVENT_DATE_STRICTLY_BEFORE_SEP_WHEN_TIME_UNKNOWN,SEP_RELEASE_DATE_AFTER_OFFICIAL_POLICY_STATEMENT; EXACT_RELEASE_TIME_NOT_STORED,NO
2018-09-26,Michael Strine,UNKNOWN,,UNKNOWN,NO_DIRECTIONAL_PERSONAL_EVIDENCE_CLASSIFIED,,,,,2016-03-22,Strine: Forming the Next Generation of Bankers: The Future of Business Education and Ethics,https://www.newyorkfed.org/newsevents/speeches/2016/str160322,COMMUNICATION_EVENT_DATE_STRICTLY_BEFORE_SEP_WHEN_TIME_UNKNOWN,SEP_RELEASE_DATE_AFTER_OFFICIAL_POLICY_STATEMENT; EXACT_RELEASE_TIME_NOT_STORED,NO
2018-09-26,Neel Kashkari,UNKNOWN,,UNKNOWN,NO_DIRECTIONAL_PERSONAL_EVIDENCE_CLASSIFIED,,,,,2018-09-05,"Town Hall with Mpls Fed President Neel Kashkari in Bozeman, MT",https://www.minneapolisfed.org/events/2018/town-hall-with-mpls-fed-president-neel-kashkari-in-bozeman-mt,COMMUNICATION_EVENT_DATE_STRICTLY_BEFORE_SEP_WHEN_TIME_UNKNOWN,SEP_RELEASE_DATE_AFTER_OFFICIAL_POLICY_STATEMENT; EXACT_RELEASE_TIME_NOT_STORED,NO
2018-09-26,Patrick Harker,UNKNOWN,,UNKNOWN,NO_DIRECTIONAL_PERSONAL_EVIDENCE_CLASSIFIED,,,,,2018-05-24,"Conference on Technology-Enabled Disruption: Implications for Business, Labor Markets, and Monetary Policy, Federal Reserve Bank of Dallas",https://fraser.stlouisfed.org/title/statements-speeches-patrick-t-harker-6102/conference-technology-enabled-disruption-implications-business-labor-markets-monetary-policy-federal-reserve-bank-dallas-586802,COMMUNICATION_EVENT_DATE_STRICTLY_BEFORE_SEP_WHEN_TIME_UNKNOWN,SEP_RELEASE_DATE_AFTER_OFFICIAL_POLICY_STATEMENT; EXACT_RELEASE_TIME_NOT_STORED,NO
2018-09-26,Randal K. Quarles,UNKNOWN,,UNKNOWN,NO_DIRECTIONAL_PERSONAL_EVIDENCE_CLASSIFIED,,,,,2018-07-19,Introductory Remarks,https://www.federalreserve.gov/newsevents/speech/quarles20180719a.htm,COMMUNICATION_EVENT_DATE_STRICTLY_BEFORE_SEP_WHEN_TIME_UNKNOWN,SEP_RELEASE_DATE_AFTER_OFFICIAL_POLICY_STATEMENT; EXACT_RELEASE_TIME_NOT_STORED,NO
2018-09-26,Raphael W. Bostic,COMMITTEE_HIKE,1,UNCHANGED,VOTE_ACTION_PROXY,2018-09-26,0,https://www.federalreserve.gov/newsevents/pressreleases/monetary20180926a.htm,"Voting for the FOMC monetary policy action were: Jerome H. Powell, Chairman; John C. Williams, Vice Chairman; Thomas I. Barkin; Raphael W. Bostic; Lael Brainard; Richard H. Clarida; Esther L. George; Loretta J. Mester; and Randal K. Quarles. Implementation Note issued September 26, 2018",2018-09-13,Creating a Lifetime of Better Economic Outcomes,https://fraser.stlouisfed.org/title/statements-speeches-raphael-bostic-8996/creating-a-lifetime-better-economic-outcomes-667150,COMMUNICATION_EVENT_DATE_STRICTLY_BEFORE_SEP_WHEN_TIME_UNKNOWN,SEP_RELEASE_DATE_AFTER_OFFICIAL_POLICY_STATEMENT; EXACT_RELEASE_TIME_NOT_STORED,NO
2018-09-26,Richard H. Clarida,COMMITTEE_HIKE,1,UNKNOWN,VOTE_ACTION_PROXY,2018-09-26,0,https://www.federalreserve.gov/newsevents/pressreleases/monetary20180926a.htm,"Voting for the FOMC monetary policy action were: Jerome H. Powell, Chairman; John C. Williams, Vice Chairman; Thomas I. Barkin; Raphael W. Bostic; Lael Brainard; Richard H. Clarida; Esther L. George; Loretta J. Mester; and Randal K. Quarles. Implementation Note issued September 26, 2018",,,,COMMUNICATION_EVENT_DATE_STRICTLY_BEFORE_SEP_WHEN_TIME_UNKNOWN,SEP_RELEASE_DATE_AFTER_OFFICIAL_POLICY_STATEMENT; EXACT_RELEASE_TIME_NOT_STORED,NO
2018-09-26,Robert S. Kaplan,UNKNOWN,,UNKNOWN,NO_DIRECTIONAL_PERSONAL_EVIDENCE_CLASSIFIED,,,,,2018-08-21,Where We Stand: Assessment of Economic Conditions and Implications for Monetary Policy,https://www.dallasfed.org/news/speeches/kaplan/2018/rsk180821,COMMUNICATION_EVENT_DATE_STRICTLY_BEFORE_SEP_WHEN_TIME_UNKNOWN,SEP_RELEASE_DATE_AFTER_OFFICIAL_POLICY_STATEMENT; EXACT_RELEASE_TIME_NOT_STORED,NO
2018-09-26,Thomas I. Barkin,COMMITTEE_HIKE,1,UNCHANGED,VOTE_ACTION_PROXY,2018-09-26,0,https://www.federalreserve.gov/newsevents/pressreleases/monetary20180926a.htm,"Voting for the FOMC monetary policy action were: Jerome H. Powell, Chairman; John C. Williams, Vice Chairman; Thomas I. Barkin; Raphael W. Bostic; Lael Brainard; Richard H. Clarida; Esther L. George; Loretta J. Mester; and Randal K. Quarles. Implementation Note issued September 26, 2018",2018-08-08,Unlocking Our Potential,https://fraser.stlouisfed.org/title/statements-speeches-tom-barkin-9266/unlocking-potential-678771,COMMUNICATION_EVENT_DATE_STRICTLY_BEFORE_SEP_WHEN_TIME_UNKNOWN,SEP_RELEASE_DATE_AFTER_OFFICIAL_POLICY_STATEMENT; EXACT_RELEASE_TIME_NOT_STORED,NO
2018-12-19,Charles L. Evans,UNKNOWN,,UNKNOWN,NO_DIRECTIONAL_PERSONAL_EVIDENCE_CLASSIFIED,,,,,2018-10-29,Inclusive Economic Development and Regional Growth,https://fraser.stlouisfed.org/title/statements-speeches-charles-l-evans-8969/inclusive-economic-development-regional-growth-666941,COMMUNICATION_EVENT_DATE_STRICTLY_BEFORE_SEP_WHEN_TIME_UNKNOWN,SEP_RELEASE_DATE_AFTER_OFFICIAL_POLICY_STATEMENT; EXACT_RELEASE_TIME_NOT_STORED,NO
2018-12-19,Eric S. Rosengren,UNKNOWN,,UNKNOWN,NO_DIRECTIONAL_PERSONAL_EVIDENCE_CLASSIFIED,,,,,2018-10-26,Exploring Current Economic Conditions and the Implications for Monetary Policy,https://www.bostonfed.org/news-and-events/speeches/2018/exploring-current-economic-conditions-and-the-implications-for-monetary-policy-10262018.aspx,COMMUNICATION_EVENT_DATE_STRICTLY_BEFORE_SEP_WHEN_TIME_UNKNOWN,SEP_RELEASE_DATE_AFTER_OFFICIAL_POLICY_STATEMENT; EXACT_RELEASE_TIME_NOT_STORED,NO
2018-12-19,Esther L. George,UNKNOWN,,UNKNOWN,NO_DIRECTIONAL_PERSONAL_EVIDENCE_CLASSIFIED,,,,,2018-10-11,"Thoughts on the U.S. Economy, Monetary Policy and Energy Sector Dynamics",https://fraser.stlouisfed.org/title/statements-speeches-esther-l-george-9278/thoughts-us-economy-monetary-policy-energy-sector-dynamics-679592,COMMUNICATION_EVENT_DATE_STRICTLY_BEFORE_SEP_WHEN_TIME_UNKNOWN,SEP_RELEASE_DATE_AFTER_OFFICIAL_POLICY_STATEMENT; EXACT_RELEASE_TIME_NOT_STORED,NO
2018-12-19,James Bullard,UNKNOWN,,UNKNOWN,NO_DIRECTIONAL_PERSONAL_EVIDENCE_CLASSIFIED,,,,,2018-07-15,Non-Uniform Currencies and Exchange Rate Chaos,https://fraser.stlouisfed.org/title/statements-speeches-james-bullard-7161/non-uniform-currencies-exchange-rate-chaos-655013,COMMUNICATION_EVENT_DATE_STRICTLY_BEFORE_SEP_WHEN_TIME_UNKNOWN,SEP_RELEASE_DATE_AFTER_OFFICIAL_POLICY_STATEMENT; EXACT_RELEASE_TIME_NOT_STORED,NO
2018-12-19,Jerome H. Powell,COMMITTEE_HIKE,1,UNCHANGED,VOTE_ACTION_PROXY,2018-12-19,0,https://www.federalreserve.gov/newsevents/pressreleases/monetary20181219a.htm,"Voting for the FOMC monetary policy action were: Jerome H. Powell, Chairman; John C. Williams, Vice Chairman; Thomas I. Barkin; Raphael W. Bostic; Michelle W. Bowman; Lael Brainard; Richard H. Clarida; Mary C. Daly; Loretta J. Mester; and Randal K. Quarles. Implementation Note issued December 19, 2018",2018-12-06,Welcoming Remarks,https://www.federalreserve.gov/newsevents/speech/powell20181206a.htm,COMMUNICATION_EVENT_DATE_STRICTLY_BEFORE_SEP_WHEN_TIME_UNKNOWN,SEP_RELEASE_DATE_AFTER_OFFICIAL_POLICY_STATEMENT; EXACT_RELEASE_TIME_NOT_STORED,NO
2018-12-19,John C. Williams,COMMITTEE_HIKE,1,UNCHANGED,VOTE_ACTION_PROXY,2018-12-19,0,https://www.federalreserve.gov/newsevents/pressreleases/monetary20181219a.htm,"Voting for the FOMC monetary policy action were: Jerome H. Powell, Chairman; John C. Williams, Vice Chairman; Thomas I. Barkin; Raphael W. Bostic; Michelle W. Bowman; Lael Brainard; Richard H. Clarida; Mary C. Daly; Loretta J. Mester; and Randal K. Quarles. Implementation Note issued December 19, 2018",2018-11-30,Monetary Policy Strategies for a Low-Neutral-Interest-Rate World,https://fraser.stlouisfed.org/title/statements-speeches-john-c-williams-9040/monetary-policy-strategies-a-low-neutral-interest-rate-world-680880,COMMUNICATION_EVENT_DATE_STRICTLY_BEFORE_SEP_WHEN_TIME_UNKNOWN,SEP_RELEASE_DATE_AFTER_OFFICIAL_POLICY_STATEMENT; EXACT_RELEASE_TIME_NOT_STORED,NO
2018-12-19,Lael Brainard,COMMITTEE_HIKE,1,UNCHANGED,VOTE_ACTION_PROXY,2018-12-19,0,https://www.federalreserve.gov/newsevents/pressreleases/monetary20181219a.htm,"Voting for the FOMC monetary policy action were: Jerome H. Powell, Chairman; John C. Williams, Vice Chairman; Thomas I. Barkin; Raphael W. Bostic; Michelle W. Bowman; Lael Brainard; Richard H. Clarida; Mary C. Daly; Loretta J. Mester; and Randal K. Quarles. Implementation Note issued December 19, 2018",2018-12-07,Assessing Financial Stability over the Cycle,https://www.federalreserve.gov/newsevents/speech/brainard20181207a.htm,COMMUNICATION_EVENT_DATE_STRICTLY_BEFORE_SEP_WHEN_TIME_UNKNOWN,SEP_RELEASE_DATE_AFTER_OFFICIAL_POLICY_STATEMENT; EXACT_RELEASE_TIME_NOT_STORED,NO
2018-12-19,Loretta J. Mester,COMMITTEE_HIKE,1,UNCHANGED,VOTE_ACTION_PROXY,2018-12-19,0,https://www.federalreserve.gov/newsevents/pressreleases/monetary20181219a.htm,"Voting for the FOMC monetary policy action were: Jerome H. Powell, Chairman; John C. Williams, Vice Chairman; Thomas I. Barkin; Raphael W. Bostic; Michelle W. Bowman; Lael Brainard; Richard H. Clarida; Mary C. Daly; Loretta J. Mester; and Randal K. Quarles. Implementation Note issued December 19, 2018",2018-11-29,Community Development and the Federal Reserve,https://www.clevelandfed.org/collections/speeches/2018/sp-20181129-community-development-and-the-federal-reserve,COMMUNICATION_EVENT_DATE_STRICTLY_BEFORE_SEP_WHEN_TIME_UNKNOWN,SEP_RELEASE_DATE_AFTER_OFFICIAL_POLICY_STATEMENT; EXACT_RELEASE_TIME_NOT_STORED,NO
2018-12-19,Mary C. Daly,COMMITTEE_HIKE,1,UNKNOWN,VOTE_ACTION_PROXY,2018-12-19,0,https://www.federalreserve.gov/newsevents/pressreleases/monetary20181219a.htm,"Voting for the FOMC monetary policy action were: Jerome H. Powell, Chairman; John C. Williams, Vice Chairman; Thomas I. Barkin; Raphael W. Bostic; Michelle W. Bowman; Lael Brainard; Richard H. Clarida; Mary C. Daly; Loretta J. Mester; and Randal K. Quarles. Implementation Note issued December 19, 2018",2018-11-12,A Strong Economy—But We Can Aim Higher - San Francisco Fed,https://www.frbsf.org/news-and-media/speeches/mary-c-daly/2018/11/a-strong-economy-but-we-can-aim-higher,COMMUNICATION_EVENT_DATE_STRICTLY_BEFORE_SEP_WHEN_TIME_UNKNOWN,SEP_RELEASE_DATE_AFTER_OFFICIAL_POLICY_STATEMENT; EXACT_RELEASE_TIME_NOT_STORED,NO
2018-12-19,Michael Strine,UNKNOWN,,UNKNOWN,NO_DIRECTIONAL_PERSONAL_EVIDENCE_CLASSIFIED,,,,,2016-03-22,Strine: Forming the Next Generation of Bankers: The Future of Business Education and Ethics,https://www.newyorkfed.org/newsevents/speeches/2016/str160322,COMMUNICATION_EVENT_DATE_STRICTLY_BEFORE_SEP_WHEN_TIME_UNKNOWN,SEP_RELEASE_DATE_AFTER_OFFICIAL_POLICY_STATEMENT; EXACT_RELEASE_TIME_NOT_STORED,NO
2018-12-19,Michelle W. Bowman,COMMITTEE_HIKE,1,UNKNOWN,VOTE_ACTION_PROXY,2018-12-19,0,https://www.federalreserve.gov/newsevents/pressreleases/monetary20181219a.htm,"Voting for the FOMC monetary policy action were: Jerome H. Powell, Chairman; John C. Williams, Vice Chairman; Thomas I. Barkin; Raphael W. Bostic; Michelle W. Bowman; Lael Brainard; Richard H. Clarida; Mary C. Daly; Loretta J. Mester; and Randal K. Quarles. Implementation Note issued December 19, 2018",,,,COMMUNICATION_EVENT_DATE_STRICTLY_BEFORE_SEP_WHEN_TIME_UNKNOWN,SEP_RELEASE_DATE_AFTER_OFFICIAL_POLICY_STATEMENT; EXACT_RELEASE_TIME_NOT_STORED,NO
2018-12-19,Neel Kashkari,UNKNOWN,,UNKNOWN,NO_DIRECTIONAL_PERSONAL_EVIDENCE_CLASSIFIED,,,,,2018-11-15,Neel Kashkari at Minnesota Ag & Food Summit,https://minneapolisfed.org/speeches/2018/neel-kashkari-at-minnesota-ag-food-summit,COMMUNICATION_EVENT_DATE_STRICTLY_BEFORE_SEP_WHEN_TIME_UNKNOWN,SEP_RELEASE_DATE_AFTER_OFFICIAL_POLICY_STATEMENT; EXACT_RELEASE_TIME_NOT_STORED,NO
2018-12-19,Patrick Harker,UNKNOWN,,UNKNOWN,NO_DIRECTIONAL_PERSONAL_EVIDENCE_CLASSIFIED,,,,,2018-11-09,"Investing in America's Workforce Book Launch, Federal Reserve Bank of New York",https://fraser.stlouisfed.org/title/statements-speeches-patrick-t-harker-6102/investing-america-s-workforce-book-launch-federal-reserve-bank-new-york-586805,COMMUNICATION_EVENT_DATE_STRICTLY_BEFORE_SEP_WHEN_TIME_UNKNOWN,SEP_RELEASE_DATE_AFTER_OFFICIAL_POLICY_STATEMENT; EXACT_RELEASE_TIME_NOT_STORED,NO
2018-12-19,Randal K. Quarles,UNKNOWN,,UNKNOWN,NO_DIRECTIONAL_PERSONAL_EVIDENCE_CLASSIFIED,,,,,2018-12-05,Banks as Vital Infrastructure for Rural Communities of the West,https://www.federalreserve.gov/newsevents/speech/quarles20181205a.htm,COMMUNICATION_EVENT_DATE_STRICTLY_BEFORE_SEP_WHEN_TIME_UNKNOWN,SEP_RELEASE_DATE_AFTER_OFFICIAL_POLICY_STATEMENT; EXACT_RELEASE_TIME_NOT_STORED,NO
2018-12-19,Raphael W. Bostic,COMMITTEE_HIKE,1,UNCHANGED,VOTE_ACTION_PROXY,2018-12-19,0,https://www.federalreserve.gov/newsevents/pressreleases/monetary20181219a.htm,"Voting for the FOMC monetary policy action were: Jerome H. Powell, Chairman; John C. Williams, Vice Chairman; Thomas I. Barkin; Raphael W. Bostic; Michelle W. Bowman; Lael Brainard; Richard H. Clarida; Mary C. Daly; Loretta J. Mester; and Randal K. Quarles. Implementation Note issued December 19, 2018",2018-12-06,Views on the Economic and Policy Outlook,https://fraser.stlouisfed.org/title/statements-speeches-raphael-bostic-8996/views-economic-policy-outlook-667146,COMMUNICATION_EVENT_DATE_STRICTLY_BEFORE_SEP_WHEN_TIME_UNKNOWN,SEP_RELEASE_DATE_AFTER_OFFICIAL_POLICY_STATEMENT; EXACT_RELEASE_TIME_NOT_STORED,NO
2018-12-19,Richard H. Clarida,COMMITTEE_HIKE,1,UNCHANGED,VOTE_ACTION_PROXY,2018-12-19,0,https://www.federalreserve.gov/newsevents/pressreleases/monetary20181219a.htm,"Voting for the FOMC monetary policy action were: Jerome H. Powell, Chairman; John C. Williams, Vice Chairman; Thomas I. Barkin; Raphael W. Bostic; Michelle W. Bowman; Lael Brainard; Richard H. Clarida; Mary C. Daly; Loretta J. Mester; and Randal K. Quarles. Implementation Note issued December 19, 2018",2018-11-27,Data Dependence and U.S. Monetary Policy,https://www.federalreserve.gov/newsevents/speech/clarida20181127a.htm,COMMUNICATION_EVENT_DATE_STRICTLY_BEFORE_SEP_WHEN_TIME_UNKNOWN,SEP_RELEASE_DATE_AFTER_OFFICIAL_POLICY_STATEMENT; EXACT_RELEASE_TIME_NOT_STORED,NO
2018-12-19,Robert S. Kaplan,UNKNOWN,,UNKNOWN,NO_DIRECTIONAL_PERSONAL_EVIDENCE_CLASSIFIED,,,,,2018-10-24,The Neutral Rate of Interest,https://www.dallasfed.org/news/speeches/kaplan/2018/rsk181024,COMMUNICATION_EVENT_DATE_STRICTLY_BEFORE_SEP_WHEN_TIME_UNKNOWN,SEP_RELEASE_DATE_AFTER_OFFICIAL_POLICY_STATEMENT; EXACT_RELEASE_TIME_NOT_STORED,NO
2018-12-19,Thomas I. Barkin,COMMITTEE_HIKE,1,UNCHANGED,VOTE_ACTION_PROXY,2018-12-19,0,https://www.federalreserve.gov/newsevents/pressreleases/monetary20181219a.htm,"Voting for the FOMC monetary policy action were: Jerome H. Powell, Chairman; John C. Williams, Vice Chairman; Thomas I. Barkin; Raphael W. Bostic; Michelle W. Bowman; Lael Brainard; Richard H. Clarida; Mary C. Daly; Loretta J. Mester; and Randal K. Quarles. Implementation Note issued December 19, 2018",2018-10-03,The Outlook for Tomorrow: Five Numbers to Watch,https://www.richmondfed.org/press_room/speeches/thomas_i_barkin/2018/barkin_speech_20181003,COMMUNICATION_EVENT_DATE_STRICTLY_BEFORE_SEP_WHEN_TIME_UNKNOWN,SEP_RELEASE_DATE_AFTER_OFFICIAL_POLICY_STATEMENT; EXACT_RELEASE_TIME_NOT_STORED,NO
2019-03-20,Charles L. Evans,COMMITTEE_HOLD,0,UNKNOWN,VOTE_ACTION_PROXY,2019-03-20,0,https://www.federalreserve.gov/newsevents/pressreleases/monetary20190320a.htm,"Voting for the FOMC monetary policy action were: Jerome H. Powell, Chairman; John C. Williams, Vice Chairman; Michelle W. Bowman; Lael Brainard; James Bullard; Richard H. Clarida; Charles L. Evans; Esther L. George; Randal K. Quarles; and Eric S. Rosengren. Implementation Note issued March 20, 2019",2019-01-10,Monetary Policy: Assessing Crosscurrents,https://fraser.stlouisfed.org/title/statements-speeches-charles-l-evans-8969/monetary-policy-assessing-crosscurrents-666943,COMMUNICATION_EVENT_DATE_STRICTLY_BEFORE_SEP_WHEN_TIME_UNKNOWN,SEP_RELEASE_DATE_AFTER_OFFICIAL_POLICY_STATEMENT; EXACT_RELEASE_TIME_NOT_STORED,NO
2019-03-20,Eric S. Rosengren,UNKNOWN,,UNKNOWN,NO_DIRECTIONAL_PERSONAL_EVIDENCE_CLASSIFIED,,,,,2019-03-18,President Rosengren to speak about the economy and monetary policy,https://www.bostonfed.org/news-and-events/events/presidents-speeches/2019/0326.aspx,COMMUNICATION_EVENT_DATE_STRICTLY_BEFORE_SEP_WHEN_TIME_UNKNOWN,SEP_RELEASE_DATE_AFTER_OFFICIAL_POLICY_STATEMENT; EXACT_RELEASE_TIME_NOT_STORED,NO
2019-03-20,Esther L. George,COMMITTEE_HOLD,0,UNKNOWN,VOTE_ACTION_PROXY,2019-03-20,0,https://www.federalreserve.gov/newsevents/pressreleases/monetary20190320a.htm,"Voting for the FOMC monetary policy action were: Jerome H. Powell, Chairman; John C. Williams, Vice Chairman; Michelle W. Bowman; Lael Brainard; James Bullard; Richard H. Clarida; Charles L. Evans; Esther L. George; Randal K. Quarles; and Eric S. Rosengren. Implementation Note issued March 20, 2019",2019-01-15,"""Are We There Yet?"" The U.S. Economy and Monetary Policy",https://fraser.stlouisfed.org/title/statements-speeches-esther-l-george-9278/yet-us-economy-monetary-policy-679593,COMMUNICATION_EVENT_DATE_STRICTLY_BEFORE_SEP_WHEN_TIME_UNKNOWN,SEP_RELEASE_DATE_AFTER_OFFICIAL_POLICY_STATEMENT; EXACT_RELEASE_TIME_NOT_STORED,NO
2019-03-20,James Bullard,COMMITTEE_HOLD,0,UNKNOWN,VOTE_ACTION_PROXY,2019-03-20,0,https://www.federalreserve.gov/newsevents/pressreleases/monetary20190320a.htm,"Voting for the FOMC monetary policy action were: Jerome H. Powell, Chairman; John C. Williams, Vice Chairman; Michelle W. Bowman; Lael Brainard; James Bullard; Richard H. Clarida; Charles L. Evans; Esther L. George; Randal K. Quarles; and Eric S. Rosengren. Implementation Note issued March 20, 2019",2018-07-15,Non-Uniform Currencies and Exchange Rate Chaos,https://fraser.stlouisfed.org/title/statements-speeches-james-bullard-7161/non-uniform-currencies-exchange-rate-chaos-655013,COMMUNICATION_EVENT_DATE_STRICTLY_BEFORE_SEP_WHEN_TIME_UNKNOWN,SEP_RELEASE_DATE_AFTER_OFFICIAL_POLICY_STATEMENT; EXACT_RELEASE_TIME_NOT_STORED,NO
2019-03-20,Jerome H. Powell,COMMITTEE_HOLD,0,MORE_DOVISH,VOTE_ACTION_PROXY,2019-03-20,0,https://www.federalreserve.gov/newsevents/pressreleases/monetary20190320a.htm,"Voting for the FOMC monetary policy action were: Jerome H. Powell, Chairman; John C. Williams, Vice Chairman; Michelle W. Bowman; Lael Brainard; James Bullard; Richard H. Clarida; Charles L. Evans; Esther L. George; Randal K. Quarles; and Eric S. Rosengren. Implementation Note issued March 20, 2019",2019-03-11,Brief Remarks,https://www.federalreserve.gov/newsevents/speech/powell20190311a.htm,COMMUNICATION_EVENT_DATE_STRICTLY_BEFORE_SEP_WHEN_TIME_UNKNOWN,SEP_RELEASE_DATE_AFTER_OFFICIAL_POLICY_STATEMENT; EXACT_RELEASE_TIME_NOT_STORED,NO
2019-03-20,John C. Williams,COMMITTEE_HOLD,0,MORE_DOVISH,VOTE_ACTION_PROXY,2019-03-20,0,https://www.federalreserve.gov/newsevents/pressreleases/monetary20190320a.htm,"Voting for the FOMC monetary policy action were: Jerome H. Powell, Chairman; John C. Williams, Vice Chairman; Michelle W. Bowman; Lael Brainard; James Bullard; Richard H. Clarida; Charles L. Evans; Esther L. George; Randal K. Quarles; and Eric S. Rosengren. Implementation Note issued March 20, 2019",2019-03-06,The Economic Outlook: The 'New Normal' Is Now,https://fraser.stlouisfed.org/title/statements-speeches-john-c-williams-9040/economic-outlook-new-normal-680883,COMMUNICATION_EVENT_DATE_STRICTLY_BEFORE_SEP_WHEN_TIME_UNKNOWN,SEP_RELEASE_DATE_AFTER_OFFICIAL_POLICY_STATEMENT; EXACT_RELEASE_TIME_NOT_STORED,NO
2019-03-20,Lael Brainard,COMMITTEE_HOLD,0,MORE_DOVISH,VOTE_ACTION_PROXY,2019-03-20,0,https://www.federalreserve.gov/newsevents/pressreleases/monetary20190320a.htm,"Voting for the FOMC monetary policy action were: Jerome H. Powell, Chairman; John C. Williams, Vice Chairman; Michelle W. Bowman; Lael Brainard; James Bullard; Richard H. Clarida; Charles L. Evans; Esther L. George; Randal K. Quarles; and Eric S. Rosengren. Implementation Note issued March 20, 2019",2019-03-12,The Community Reinvestment Act: How Can We Preserve What Works and Make it Better?,https://www.federalreserve.gov/newsevents/speech/brainard20190312a.htm,COMMUNICATION_EVENT_DATE_STRICTLY_BEFORE_SEP_WHEN_TIME_UNKNOWN,SEP_RELEASE_DATE_AFTER_OFFICIAL_POLICY_STATEMENT; EXACT_RELEASE_TIME_NOT_STORED,NO
2019-03-20,Loretta J. Mester,UNKNOWN,,UNKNOWN,NO_DIRECTIONAL_PERSONAL_EVIDENCE_CLASSIFIED,,,,,2019-02-28,"Increasing Diversity, Inclusion, and Opportunity in Economics: Perspectives of a Brown-Eyed Economist",https://www.clevelandfed.org/collections/speeches/2019/sp-20190228-increasing-diversity-inclusion-and-opportunity-in-economics,COMMUNICATION_EVENT_DATE_STRICTLY_BEFORE_SEP_WHEN_TIME_UNKNOWN,SEP_RELEASE_DATE_AFTER_OFFICIAL_POLICY_STATEMENT; EXACT_RELEASE_TIME_NOT_STORED,NO
2019-03-20,Mary C. Daly,UNKNOWN,,UNKNOWN,NO_DIRECTIONAL_PERSONAL_EVIDENCE_CLASSIFIED,,,,,2019-02-22,Prospects for Inflation in a High Pressure Economy: Is the Phillips Curve Dead or Is It Just Hibernating?,https://fraser.stlouisfed.org/title/statements-speeches-mary-c-daly-9034/prospects-inflation-a-high-pressure-economy-phillips-curve-dead-hibernating-671940,COMMUNICATION_EVENT_DATE_STRICTLY_BEFORE_SEP_WHEN_TIME_UNKNOWN,SEP_RELEASE_DATE_AFTER_OFFICIAL_POLICY_STATEMENT; EXACT_RELEASE_TIME_NOT_STORED,NO
2019-03-20,Michael Strine,UNKNOWN,,UNKNOWN,NO_DIRECTIONAL_PERSONAL_EVIDENCE_CLASSIFIED,,,,,2016-03-22,Strine: Forming the Next Generation of Bankers: The Future of Business Education and Ethics,https://www.newyorkfed.org/newsevents/speeches/2016/str160322,COMMUNICATION_EVENT_DATE_STRICTLY_BEFORE_SEP_WHEN_TIME_UNKNOWN,SEP_RELEASE_DATE_AFTER_OFFICIAL_POLICY_STATEMENT; EXACT_RELEASE_TIME_NOT_STORED,NO
2019-03-20,Michelle W. Bowman,COMMITTEE_HOLD,0,MORE_DOVISH,VOTE_ACTION_PROXY,2019-03-20,0,https://www.federalreserve.gov/newsevents/pressreleases/monetary20190320a.htm,"Voting for the FOMC monetary policy action were: Jerome H. Powell, Chairman; John C. Williams, Vice Chairman; Michelle W. Bowman; Lael Brainard; James Bullard; Richard H. Clarida; Charles L. Evans; Esther L. George; Randal K. Quarles; and Eric S. Rosengren. Implementation Note issued March 20, 2019",2019-02-11,A Conversation on Community Banking,https://www.federalreserve.gov/newsevents/speech/bowman20190211a.htm,COMMUNICATION_EVENT_DATE_STRICTLY_BEFORE_SEP_WHEN_TIME_UNKNOWN,SEP_RELEASE_DATE_AFTER_OFFICIAL_POLICY_STATEMENT; EXACT_RELEASE_TIME_NOT_STORED,NO
2019-03-20,Neel Kashkari,UNKNOWN,,UNKNOWN,NO_DIRECTIONAL_PERSONAL_EVIDENCE_CLASSIFIED,,,,,2019-03-05,Watch video of President Neel Kashkari before Minnesota’s Senate Finance Committee,https://minneapolisfed.org/speeches/2019/watch-the-live-stream-of-president-neel-kashkari-before-minnesotas-senate-finance-committee,COMMUNICATION_EVENT_DATE_STRICTLY_BEFORE_SEP_WHEN_TIME_UNKNOWN,SEP_RELEASE_DATE_AFTER_OFFICIAL_POLICY_STATEMENT; EXACT_RELEASE_TIME_NOT_STORED,NO
2019-03-20,Patrick Harker,UNKNOWN,,UNKNOWN,NO_DIRECTIONAL_PERSONAL_EVIDENCE_CLASSIFIED,,,,,2019-02-28,An Economic Outlook,https://fraser.stlouisfed.org/title/statements-speeches-patrick-t-harker-6102/economic-outlook-586810,COMMUNICATION_EVENT_DATE_STRICTLY_BEFORE_SEP_WHEN_TIME_UNKNOWN,SEP_RELEASE_DATE_AFTER_OFFICIAL_POLICY_STATEMENT; EXACT_RELEASE_TIME_NOT_STORED,NO
2019-03-20,Randal K. Quarles,COMMITTEE_HOLD,0,UNKNOWN,VOTE_ACTION_PROXY,2019-03-20,0,https://www.federalreserve.gov/newsevents/pressreleases/monetary20190320a.htm,"Voting for the FOMC monetary policy action were: Jerome H. Powell, Chairman; John C. Williams, Vice Chairman; Michelle W. Bowman; Lael Brainard; James Bullard; Richard H. Clarida; Charles L. Evans; Esther L. George; Randal K. Quarles; and Eric S. Rosengren. Implementation Note issued March 20, 2019",2019-02-22,The Future of the Federal Reserve's Balance Sheet,https://www.federalreserve.gov/newsevents/speech/quarles20190222a.htm,COMMUNICATION_EVENT_DATE_STRICTLY_BEFORE_SEP_WHEN_TIME_UNKNOWN,SEP_RELEASE_DATE_AFTER_OFFICIAL_POLICY_STATEMENT; EXACT_RELEASE_TIME_NOT_STORED,NO
2019-03-20,Raphael W. Bostic,UNKNOWN,,UNKNOWN,NO_DIRECTIONAL_PERSONAL_EVIDENCE_CLASSIFIED,,,,,2019-03-04,A Tour of Eastern Alabama,https://www.atlantafed.org/news-and-events/speeches/2019/03/04/bostic-tour-of-eastern-alabama,COMMUNICATION_EVENT_DATE_STRICTLY_BEFORE_SEP_WHEN_TIME_UNKNOWN,SEP_RELEASE_DATE_AFTER_OFFICIAL_POLICY_STATEMENT; EXACT_RELEASE_TIME_NOT_STORED,NO
2019-03-20,Richard H. Clarida,COMMITTEE_HOLD,0,MORE_DOVISH,VOTE_ACTION_PROXY,2019-03-20,0,https://www.federalreserve.gov/newsevents/pressreleases/monetary20190320a.htm,"Voting for the FOMC monetary policy action were: Jerome H. Powell, Chairman; John C. Williams, Vice Chairman; Michelle W. Bowman; Lael Brainard; James Bullard; Richard H. Clarida; Charles L. Evans; Esther L. George; Randal K. Quarles; and Eric S. Rosengren. Implementation Note issued March 20, 2019",2019-02-28,U.S. Economic Outlook and Monetary Policy,https://www.federalreserve.gov/newsevents/speech/clarida20190228a.htm,COMMUNICATION_EVENT_DATE_STRICTLY_BEFORE_SEP_WHEN_TIME_UNKNOWN,SEP_RELEASE_DATE_AFTER_OFFICIAL_POLICY_STATEMENT; EXACT_RELEASE_TIME_NOT_STORED,NO
2019-03-20,Robert S. Kaplan,UNKNOWN,,UNKNOWN,NO_DIRECTIONAL_PERSONAL_EVIDENCE_CLASSIFIED,,,,,2019-03-05,Corporate Debt as a Potential Amplifier in a Slowdown,https://fraser.stlouisfed.org/title/statements-speeches-robert-s-kaplan-6146/corporate-debt-a-potential-amplifier-a-slowdown-594015,COMMUNICATION_EVENT_DATE_STRICTLY_BEFORE_SEP_WHEN_TIME_UNKNOWN,SEP_RELEASE_DATE_AFTER_OFFICIAL_POLICY_STATEMENT; EXACT_RELEASE_TIME_NOT_STORED,NO
2019-03-20,Thomas I. Barkin,UNKNOWN,,UNKNOWN,NO_DIRECTIONAL_PERSONAL_EVIDENCE_CLASSIFIED,,,,,2019-03-05,Moving the Needle in Rural Communities,https://fraser.stlouisfed.org/title/statements-speeches-tom-barkin-9266/moving-needle-rural-communities-678777,COMMUNICATION_EVENT_DATE_STRICTLY_BEFORE_SEP_WHEN_TIME_UNKNOWN,SEP_RELEASE_DATE_AFTER_OFFICIAL_POLICY_STATEMENT; EXACT_RELEASE_TIME_NOT_STORED,NO
2019-06-19,Charles L. Evans,COMMITTEE_HOLD,0,UNCHANGED,VOTE_ACTION_PROXY,2019-06-19,0,https://www.federalreserve.gov/newsevents/pressreleases/monetary20190619a.htm,"Voting for the monetary policy action were Jerome H. Powell, Chair; John C. Williams, Vice Chair; Michelle W. Bowman; Lael Brainard; Richard H. Clarida; Charles L. Evans; Esther L. George; Randal K. Quarles; and Eric S. Rosengren. Voting against the action was James Bullard, who preferred at this meeting to lower the target range for the federal funds rate by 25 basis points. Implementation Note issued June 19, 2019",2019-06-04,"Welcome and Introduction, Fed Listens Conference on Monetary Policy Strategy, Tools, and Communication Practices, Chicago",https://fraser.stlouisfed.org/title/statements-speeches-charles-l-evans-8969/welcome-introduction-fed-listens-conference-monetary-policy-strategy-tools-communication-practices-chicago-666949,COMMUNICATION_EVENT_DATE_STRICTLY_BEFORE_SEP_WHEN_TIME_UNKNOWN,SEP_RELEASE_DATE_AFTER_OFFICIAL_POLICY_STATEMENT; EXACT_RELEASE_TIME_NOT_STORED,NO
2019-06-19,Eric S. Rosengren,COMMITTEE_HOLD,0,UNKNOWN,VOTE_ACTION_PROXY,2019-06-19,0,https://www.federalreserve.gov/newsevents/pressreleases/monetary20190619a.htm,"Voting for the monetary policy action were Jerome H. Powell, Chair; John C. Williams, Vice Chair; Michelle W. Bowman; Lael Brainard; Richard H. Clarida; Charles L. Evans; Esther L. George; Randal K. Quarles; and Eric S. Rosengren. Voting against the action was James Bullard, who preferred at this meeting to lower the target range for the federal funds rate by 25 basis points. Implementation Note issued June 19, 2019",2019-06-12,President Rosengren to speak about the economy and monetary policy,https://www.bostonfed.org/news-and-events/events/presidents-speeches/2019/0621.aspx,COMMUNICATION_EVENT_DATE_STRICTLY_BEFORE_SEP_WHEN_TIME_UNKNOWN,SEP_RELEASE_DATE_AFTER_OFFICIAL_POLICY_STATEMENT; EXACT_RELEASE_TIME_NOT_STORED,NO
2019-06-19,Esther L. George,COMMITTEE_HOLD,0,UNCHANGED,VOTE_ACTION_PROXY,2019-06-19,0,https://www.federalreserve.gov/newsevents/pressreleases/monetary20190619a.htm,"Voting for the monetary policy action were Jerome H. Powell, Chair; John C. Williams, Vice Chair; Michelle W. Bowman; Lael Brainard; Richard H. Clarida; Charles L. Evans; Esther L. George; Randal K. Quarles; and Eric S. Rosengren. Voting against the action was James Bullard, who preferred at this meeting to lower the target range for the federal funds rate by 25 basis points. Implementation Note issued June 19, 2019",2019-05-14,Is Low Inflation a Problem for the United States?,https://fraser.stlouisfed.org/title/statements-speeches-esther-l-george-9278/low-inflation-a-problem-united-states-679595,COMMUNICATION_EVENT_DATE_STRICTLY_BEFORE_SEP_WHEN_TIME_UNKNOWN,SEP_RELEASE_DATE_AFTER_OFFICIAL_POLICY_STATEMENT; EXACT_RELEASE_TIME_NOT_STORED,NO
2019-06-19,James Bullard,EASIER,-2,MORE_DOVISH,NAMED_DISSENT,2019-06-19,0,https://www.federalreserve.gov/newsevents/pressreleases/monetary20190619a.htm,"Voting for the monetary policy action were Jerome H. Powell, Chair; John C. Williams, Vice Chair; Michelle W. Bowman; Lael Brainard; Richard H. Clarida; Charles L. Evans; Esther L. George; Randal K. Quarles; and Eric S. Rosengren. Voting against the action was James Bullard, who preferred at this meeting to lower the target range for the federal funds rate by 25 basis points. Implementation Note issued June 19, 2019",2019-05-16,The Monetary Policy Implications of a Low R-Star: An Update,https://fraser.stlouisfed.org/title/statements-speeches-james-bullard-7161/monetary-policy-implications-a-low-r-star-update-655015,COMMUNICATION_EVENT_DATE_STRICTLY_BEFORE_SEP_WHEN_TIME_UNKNOWN,SEP_RELEASE_DATE_AFTER_OFFICIAL_POLICY_STATEMENT; EXACT_RELEASE_TIME_NOT_STORED,NO
2019-06-19,Jerome H. Powell,COMMITTEE_HOLD,0,UNCHANGED,VOTE_ACTION_PROXY,2019-06-19,0,https://www.federalreserve.gov/newsevents/pressreleases/monetary20190619a.htm,"Voting for the monetary policy action were Jerome H. Powell, Chair; John C. Williams, Vice Chair; Michelle W. Bowman; Lael Brainard; Richard H. Clarida; Charles L. Evans; Esther L. George; Randal K. Quarles; and Eric S. Rosengren. Voting against the action was James Bullard, who preferred at this meeting to lower the target range for the federal funds rate by 25 basis points. Implementation Note issued June 19, 2019",2019-06-04,Opening Remarks,https://www.federalreserve.gov/newsevents/speech/powell20190604a.htm,COMMUNICATION_EVENT_DATE_STRICTLY_BEFORE_SEP_WHEN_TIME_UNKNOWN,SEP_RELEASE_DATE_AFTER_OFFICIAL_POLICY_STATEMENT; EXACT_RELEASE_TIME_NOT_STORED,NO
2019-06-19,John C. Williams,COMMITTEE_HOLD,0,UNCHANGED,VOTE_ACTION_PROXY,2019-06-19,0,https://www.federalreserve.gov/newsevents/pressreleases/monetary20190619a.htm,"Voting for the monetary policy action were Jerome H. Powell, Chair; John C. Williams, Vice Chair; Michelle W. Bowman; Lael Brainard; Richard H. Clarida; Charles L. Evans; Esther L. George; Randal K. Quarles; and Eric S. Rosengren. Voting against the action was James Bullard, who preferred at this meeting to lower the target range for the federal funds rate by 25 basis points. Implementation Note issued June 19, 2019",2019-06-06,"If We Fail to Prepare, We Prepare to Fail",https://fraser.stlouisfed.org/title/statements-speeches-john-c-williams-9040/fail-prepare-prepare-fail-680890,COMMUNICATION_EVENT_DATE_STRICTLY_BEFORE_SEP_WHEN_TIME_UNKNOWN,SEP_RELEASE_DATE_AFTER_OFFICIAL_POLICY_STATEMENT; EXACT_RELEASE_TIME_NOT_STORED,NO
2019-06-19,Lael Brainard,COMMITTEE_HOLD,0,UNCHANGED,VOTE_ACTION_PROXY,2019-06-19,0,https://www.federalreserve.gov/newsevents/pressreleases/monetary20190619a.htm,"Voting for the monetary policy action were Jerome H. Powell, Chair; John C. Williams, Vice Chair; Michelle W. Bowman; Lael Brainard; Richard H. Clarida; Charles L. Evans; Esther L. George; Randal K. Quarles; and Eric S. Rosengren. Voting against the action was James Bullard, who preferred at this meeting to lower the target range for the federal funds rate by 25 basis points. Implementation Note issued June 19, 2019",2019-05-16,The Disconnect between Inflation and Employment in the New Normal,https://www.federalreserve.gov/newsevents/speech/brainard20190516a.htm,COMMUNICATION_EVENT_DATE_STRICTLY_BEFORE_SEP_WHEN_TIME_UNKNOWN,SEP_RELEASE_DATE_AFTER_OFFICIAL_POLICY_STATEMENT; EXACT_RELEASE_TIME_NOT_STORED,NO
2019-06-19,Loretta J. Mester,UNKNOWN,,UNKNOWN,NO_DIRECTIONAL_PERSONAL_EVIDENCE_CLASSIFIED,,,,,2019-05-03,Improving Our Monetary Policy Strategy,https://www.clevelandfed.org/collections/speeches/2019/sp-20190503-improving-our-monetary-policy-strategy,COMMUNICATION_EVENT_DATE_STRICTLY_BEFORE_SEP_WHEN_TIME_UNKNOWN,SEP_RELEASE_DATE_AFTER_OFFICIAL_POLICY_STATEMENT; EXACT_RELEASE_TIME_NOT_STORED,NO
2019-06-19,Mary C. Daly,UNKNOWN,,UNKNOWN,NO_DIRECTIONAL_PERSONAL_EVIDENCE_CLASSIFIED,,,,,2019-06-03,Becoming Owners: The Business Case for Customer-Centered Banking,https://fraser.stlouisfed.org/title/statements-speeches-mary-c-daly-9034/becoming-owners-business-case-customer-centered-banking-671944,COMMUNICATION_EVENT_DATE_STRICTLY_BEFORE_SEP_WHEN_TIME_UNKNOWN,SEP_RELEASE_DATE_AFTER_OFFICIAL_POLICY_STATEMENT; EXACT_RELEASE_TIME_NOT_STORED,NO
2019-06-19,Michael Strine,UNKNOWN,,UNKNOWN,NO_DIRECTIONAL_PERSONAL_EVIDENCE_CLASSIFIED,,,,,2016-03-22,Strine: Forming the Next Generation of Bankers: The Future of Business Education and Ethics,https://www.newyorkfed.org/newsevents/speeches/2016/str160322,COMMUNICATION_EVENT_DATE_STRICTLY_BEFORE_SEP_WHEN_TIME_UNKNOWN,SEP_RELEASE_DATE_AFTER_OFFICIAL_POLICY_STATEMENT; EXACT_RELEASE_TIME_NOT_STORED,NO
2019-06-19,Michelle W. Bowman,COMMITTEE_HOLD,0,UNCHANGED,VOTE_ACTION_PROXY,2019-06-19,0,https://www.federalreserve.gov/newsevents/pressreleases/monetary20190619a.htm,"Voting for the monetary policy action were Jerome H. Powell, Chair; John C. Williams, Vice Chair; Michelle W. Bowman; Lael Brainard; Richard H. Clarida; Charles L. Evans; Esther L. George; Randal K. Quarles; and Eric S. Rosengren. Voting against the action was James Bullard, who preferred at this meeting to lower the target range for the federal funds rate by 25 basis points. Implementation Note issued June 19, 2019",2019-04-11,Community Banking in the Age of Innovation,https://www.federalreserve.gov/newsevents/speech/bowman20190411a.htm,COMMUNICATION_EVENT_DATE_STRICTLY_BEFORE_SEP_WHEN_TIME_UNKNOWN,SEP_RELEASE_DATE_AFTER_OFFICIAL_POLICY_STATEMENT; EXACT_RELEASE_TIME_NOT_STORED,NO
2019-06-19,Neel Kashkari,UNKNOWN,,UNKNOWN,NO_DIRECTIONAL_PERSONAL_EVIDENCE_CLASSIFIED,,,,,2019-05-16,Monetary Policy Framework Review,https://minneapolisfed.org/speeches/2019/monetary-policy-framework-review,COMMUNICATION_EVENT_DATE_STRICTLY_BEFORE_SEP_WHEN_TIME_UNKNOWN,SEP_RELEASE_DATE_AFTER_OFFICIAL_POLICY_STATEMENT; EXACT_RELEASE_TIME_NOT_STORED,NO
2019-06-19,Patrick Harker,UNKNOWN,,UNKNOWN,NO_DIRECTIONAL_PERSONAL_EVIDENCE_CLASSIFIED,,,,,2019-06-13,In Character We Trust,https://fraser.stlouisfed.org/title/statements-speeches-patrick-t-harker-6102/character-trust-586819,COMMUNICATION_EVENT_DATE_STRICTLY_BEFORE_SEP_WHEN_TIME_UNKNOWN,SEP_RELEASE_DATE_AFTER_OFFICIAL_POLICY_STATEMENT; EXACT_RELEASE_TIME_NOT_STORED,NO
2019-06-19,Randal K. Quarles,COMMITTEE_HOLD,0,UNCHANGED,VOTE_ACTION_PROXY,2019-06-19,0,https://www.federalreserve.gov/newsevents/pressreleases/monetary20190619a.htm,"Voting for the monetary policy action were Jerome H. Powell, Chair; John C. Williams, Vice Chair; Michelle W. Bowman; Lael Brainard; Richard H. Clarida; Charles L. Evans; Esther L. George; Randal K. Quarles; and Eric S. Rosengren. Voting against the action was James Bullard, who preferred at this meeting to lower the target range for the federal funds rate by 25 basis points. Implementation Note issued June 19, 2019",2019-06-03,The Next Stage in the LIBOR Transition (via prerecorded video),https://www.federalreserve.gov/newsevents/speech/quarles20190603a.htm,COMMUNICATION_EVENT_DATE_STRICTLY_BEFORE_SEP_WHEN_TIME_UNKNOWN,SEP_RELEASE_DATE_AFTER_OFFICIAL_POLICY_STATEMENT; EXACT_RELEASE_TIME_NOT_STORED,NO
2019-06-19,Raphael W. Bostic,UNKNOWN,,UNKNOWN,NO_DIRECTIONAL_PERSONAL_EVIDENCE_CLASSIFIED,,,,,2019-06-05,Atlanta Regional Housing Forum: A Conversation with Dr. Raphael Bostic,https://www.atlantafed.org/news-and-events/speeches/2019/06/05/atlanta-regional-housing-forum-a-conversation-with-dr-raphael-bostic,COMMUNICATION_EVENT_DATE_STRICTLY_BEFORE_SEP_WHEN_TIME_UNKNOWN,SEP_RELEASE_DATE_AFTER_OFFICIAL_POLICY_STATEMENT; EXACT_RELEASE_TIME_NOT_STORED,NO
2019-06-19,Richard H. Clarida,COMMITTEE_HOLD,0,UNCHANGED,VOTE_ACTION_PROXY,2019-06-19,0,https://www.federalreserve.gov/newsevents/pressreleases/monetary20190619a.htm,"Voting for the monetary policy action were Jerome H. Powell, Chair; John C. Williams, Vice Chair; Michelle W. Bowman; Lael Brainard; Richard H. Clarida; Charles L. Evans; Esther L. George; Randal K. Quarles; and Eric S. Rosengren. Voting against the action was James Bullard, who preferred at this meeting to lower the target range for the federal funds rate by 25 basis points. Implementation Note issued June 19, 2019",2019-06-05,"The Federal Reserve's Review of Its Monetary Policy Strategy, Tools, and Communication Practices",https://www.federalreserve.gov/newsevents/speech/clarida20190605a.htm,COMMUNICATION_EVENT_DATE_STRICTLY_BEFORE_SEP_WHEN_TIME_UNKNOWN,SEP_RELEASE_DATE_AFTER_OFFICIAL_POLICY_STATEMENT; EXACT_RELEASE_TIME_NOT_STORED,NO
2019-06-19,Robert S. Kaplan,UNKNOWN,,UNKNOWN,NO_DIRECTIONAL_PERSONAL_EVIDENCE_CLASSIFIED,,,,,2019-05-07,Remarks for Hoover Institution Monetary Policy Conference,https://fraser.stlouisfed.org/title/statements-speeches-robert-s-kaplan-6146/remarks-hoover-institution-monetary-policy-conference-594016,COMMUNICATION_EVENT_DATE_STRICTLY_BEFORE_SEP_WHEN_TIME_UNKNOWN,SEP_RELEASE_DATE_AFTER_OFFICIAL_POLICY_STATEMENT; EXACT_RELEASE_TIME_NOT_STORED,NO
2019-06-19,Thomas I. Barkin,UNKNOWN,,UNKNOWN,NO_DIRECTIONAL_PERSONAL_EVIDENCE_CLASSIFIED,,,,,2019-06-03,Challenges to Women's Labor Force Participation,https://fraser.stlouisfed.org/title/statements-speeches-tom-barkin-9266/challenges-womens-labor-force-participation-678781,COMMUNICATION_EVENT_DATE_STRICTLY_BEFORE_SEP_WHEN_TIME_UNKNOWN,SEP_RELEASE_DATE_AFTER_OFFICIAL_POLICY_STATEMENT; EXACT_RELEASE_TIME_NOT_STORED,NO
2019-09-18,Charles L. Evans,COMMITTEE_CUT,-1,MORE_DOVISH,VOTE_ACTION_PROXY,2019-09-18,0,https://www.federalreserve.gov/newsevents/pressreleases/monetary20190918a.htm,"Voting for the monetary policy action were Jerome H. Powell, Chair, John C. Williams, Vice Chair; Michelle W. Bowman; Lael Brainard; Richard H. Clarida; Charles L. Evans; and Randal K. Quarles. Voting against the action were James Bullard, who preferred at this meeting to lower the target range for the federal funds rate to 1-1/2 to 1-3/4 percent; and Esther L. George and Eric S. Rosengren, who preferred to maintain the target range at 2 percent to 2-1/4 percent. Implementation Note issued September 18, 2019",2019-09-04,North American Trade and the Auto Sector,https://fraser.stlouisfed.org/title/statements-speeches-charles-l-evans-8969/north-american-trade-auto-sector-666950,COMMUNICATION_EVENT_DATE_STRICTLY_BEFORE_SEP_WHEN_TIME_UNKNOWN,SEP_RELEASE_DATE_AFTER_OFFICIAL_POLICY_STATEMENT; EXACT_RELEASE_TIME_NOT_STORED,NO
2019-09-18,Eric S. Rosengren,TIGHTER,2,MORE_HAWKISH,NAMED_DISSENT,2019-09-18,0,https://www.federalreserve.gov/newsevents/pressreleases/monetary20190918a.htm,"Voting for the monetary policy action were Jerome H. Powell, Chair, John C. Williams, Vice Chair; Michelle W. Bowman; Lael Brainard; Richard H. Clarida; Charles L. Evans; and Randal K. Quarles. Voting against the action were James Bullard, who preferred at this meeting to lower the target range for the federal funds rate to 1-1/2 to 1-3/4 percent; and Esther L. George and Eric S. Rosengren, who preferred to maintain the target range at 2 percent to 2-1/4 percent. Implementation Note issued September 18, 2019",2019-09-09,President Rosengren to speak about the economy and monetary policy,https://www.bostonfed.org/news-and-events/events/presidents-speeches/2019/0920.aspx,COMMUNICATION_EVENT_DATE_STRICTLY_BEFORE_SEP_WHEN_TIME_UNKNOWN,SEP_RELEASE_DATE_AFTER_OFFICIAL_POLICY_STATEMENT; EXACT_RELEASE_TIME_NOT_STORED,NO
2019-09-18,Esther L. George,TIGHTER,2,MORE_HAWKISH,NAMED_DISSENT,2019-09-18,0,https://www.federalreserve.gov/newsevents/pressreleases/monetary20190918a.htm,"Voting for the monetary policy action were Jerome H. Powell, Chair, John C. Williams, Vice Chair; Michelle W. Bowman; Lael Brainard; Richard H. Clarida; Charles L. Evans; and Randal K. Quarles. Voting against the action were James Bullard, who preferred at this meeting to lower the target range for the federal funds rate to 1-1/2 to 1-3/4 percent; and Esther L. George and Eric S. Rosengren, who preferred to maintain the target range at 2 percent to 2-1/4 percent. Implementation Note issued September 18, 2019",2019-08-22,"Opening Remarks at the Jackson Hole Economic Policy Symposium, ""Challenges for Monetary Policy,"" Jackson Hole, Wyoming",https://fraser.stlouisfed.org/title/statements-speeches-esther-l-george-9278/opening-remarks-jackson-hole-economic-policy-symposium-challenges-monetary-policy-jackson-hole-wyoming-679598,COMMUNICATION_EVENT_DATE_STRICTLY_BEFORE_SEP_WHEN_TIME_UNKNOWN,SEP_RELEASE_DATE_AFTER_OFFICIAL_POLICY_STATEMENT; EXACT_RELEASE_TIME_NOT_STORED,NO
2019-09-18,James Bullard,EASIER,-2,UNCHANGED,NAMED_DISSENT,2019-09-18,0,https://www.federalreserve.gov/newsevents/pressreleases/monetary20190918a.htm,"Voting for the monetary policy action were Jerome H. Powell, Chair, John C. Williams, Vice Chair; Michelle W. Bowman; Lael Brainard; Richard H. Clarida; Charles L. Evans; and Randal K. Quarles. Voting against the action were James Bullard, who preferred at this meeting to lower the target range for the federal funds rate to 1-1/2 to 1-3/4 percent; and Esther L. George and Eric S. Rosengren, who preferred to maintain the target range at 2 percent to 2-1/4 percent. Implementation Note issued September 18, 2019",2019-08-14,Bullard Discusses the Fed's Monetary Policy Framework Review,https://fraser.stlouisfed.org/title/statements-speeches-james-bullard-7161/bullard-discusses-feds-monetary-policy-framework-review-655017,COMMUNICATION_EVENT_DATE_STRICTLY_BEFORE_SEP_WHEN_TIME_UNKNOWN,SEP_RELEASE_DATE_AFTER_OFFICIAL_POLICY_STATEMENT; EXACT_RELEASE_TIME_NOT_STORED,NO
2019-09-18,Jerome H. Powell,COMMITTEE_CUT,-1,MORE_DOVISH,VOTE_ACTION_PROXY,2019-09-18,0,https://www.federalreserve.gov/newsevents/pressreleases/monetary20190918a.htm,"Voting for the monetary policy action were Jerome H. Powell, Chair, John C. Williams, Vice Chair; Michelle W. Bowman; Lael Brainard; Richard H. Clarida; Charles L. Evans; and Randal K. Quarles. Voting against the action were James Bullard, who preferred at this meeting to lower the target range for the federal funds rate to 1-1/2 to 1-3/4 percent; and Esther L. George and Eric S. Rosengren, who preferred to maintain the target range at 2 percent to 2-1/4 percent. Implementation Note issued September 18, 2019",2019-08-23,Challenges for Monetary Policy,https://www.federalreserve.gov/newsevents/speech/powell20190823a.htm,COMMUNICATION_EVENT_DATE_STRICTLY_BEFORE_SEP_WHEN_TIME_UNKNOWN,SEP_RELEASE_DATE_AFTER_OFFICIAL_POLICY_STATEMENT; EXACT_RELEASE_TIME_NOT_STORED,NO
2019-09-18,John C. Williams,COMMITTEE_CUT,-1,MORE_DOVISH,VOTE_ACTION_PROXY,2019-09-18,0,https://www.federalreserve.gov/newsevents/pressreleases/monetary20190918a.htm,"Voting for the monetary policy action were Jerome H. Powell, Chair, John C. Williams, Vice Chair; Michelle W. Bowman; Lael Brainard; Richard H. Clarida; Charles L. Evans; and Randal K. Quarles. Voting against the action were James Bullard, who preferred at this meeting to lower the target range for the federal funds rate to 1-1/2 to 1-3/4 percent; and Esther L. George and Eric S. Rosengren, who preferred to maintain the target range at 2 percent to 2-1/4 percent. Implementation Note issued September 18, 2019",2019-09-04,Monetary Policy and the Economic Outlook,https://fraser.stlouisfed.org/title/statements-speeches-john-c-williams-9040/monetary-policy-economic-outlook-680895,COMMUNICATION_EVENT_DATE_STRICTLY_BEFORE_SEP_WHEN_TIME_UNKNOWN,SEP_RELEASE_DATE_AFTER_OFFICIAL_POLICY_STATEMENT; EXACT_RELEASE_TIME_NOT_STORED,NO
2019-09-18,Lael Brainard,COMMITTEE_CUT,-1,MORE_DOVISH,VOTE_ACTION_PROXY,2019-09-18,0,https://www.federalreserve.gov/newsevents/pressreleases/monetary20190918a.htm,"Voting for the monetary policy action were Jerome H. Powell, Chair, John C. Williams, Vice Chair; Michelle W. Bowman; Lael Brainard; Richard H. Clarida; Charles L. Evans; and Randal K. Quarles. Voting against the action were James Bullard, who preferred at this meeting to lower the target range for the federal funds rate to 1-1/2 to 1-3/4 percent; and Esther L. George and Eric S. Rosengren, who preferred to maintain the target range at 2 percent to 2-1/4 percent. Implementation Note issued September 18, 2019",2019-08-05,Delivering Fast Payments for All,https://www.federalreserve.gov/newsevents/speech/brainard20190805a.htm,COMMUNICATION_EVENT_DATE_STRICTLY_BEFORE_SEP_WHEN_TIME_UNKNOWN,SEP_RELEASE_DATE_AFTER_OFFICIAL_POLICY_STATEMENT; EXACT_RELEASE_TIME_NOT_STORED,NO
2019-09-18,Loretta J. Mester,UNKNOWN,,UNKNOWN,NO_DIRECTIONAL_PERSONAL_EVIDENCE_CLASSIFIED,,,,,2019-07-02,Views on the U.S. Economy and Monetary Policy,https://www.clevelandfed.org/collections/speeches/2019/sp-20190702-views-on-the-us-economy-and-monetary-policy,COMMUNICATION_EVENT_DATE_STRICTLY_BEFORE_SEP_WHEN_TIME_UNKNOWN,SEP_RELEASE_DATE_AFTER_OFFICIAL_POLICY_STATEMENT; EXACT_RELEASE_TIME_NOT_STORED,NO
2019-09-18,Mary C. Daly,UNKNOWN,,UNKNOWN,NO_DIRECTIONAL_PERSONAL_EVIDENCE_CLASSIFIED,,,,,2019-08-29,A New Balancing Act: Monetary Policy Tradeoffs in a Changing World,https://fraser.stlouisfed.org/title/statements-speeches-mary-c-daly-9034/a-new-balancing-act-monetary-policy-tradeoffs-a-changing-world-671945,COMMUNICATION_EVENT_DATE_STRICTLY_BEFORE_SEP_WHEN_TIME_UNKNOWN,SEP_RELEASE_DATE_AFTER_OFFICIAL_POLICY_STATEMENT; EXACT_RELEASE_TIME_NOT_STORED,NO
2019-09-18,Michael Strine,UNKNOWN,,UNKNOWN,NO_DIRECTIONAL_PERSONAL_EVIDENCE_CLASSIFIED,,,,,2016-03-22,Strine: Forming the Next Generation of Bankers: The Future of Business Education and Ethics,https://www.newyorkfed.org/newsevents/speeches/2016/str160322,COMMUNICATION_EVENT_DATE_STRICTLY_BEFORE_SEP_WHEN_TIME_UNKNOWN,SEP_RELEASE_DATE_AFTER_OFFICIAL_POLICY_STATEMENT; EXACT_RELEASE_TIME_NOT_STORED,NO
2019-09-18,Michelle W. Bowman,COMMITTEE_CUT,-1,MORE_DOVISH,VOTE_ACTION_PROXY,2019-09-18,0,https://www.federalreserve.gov/newsevents/pressreleases/monetary20190918a.htm,"Voting for the monetary policy action were Jerome H. Powell, Chair, John C. Williams, Vice Chair; Michelle W. Bowman; Lael Brainard; Richard H. Clarida; Charles L. Evans; and Randal K. Quarles. Voting against the action were James Bullard, who preferred at this meeting to lower the target range for the federal funds rate to 1-1/2 to 1-3/4 percent; and Esther L. George and Eric S. Rosengren, who preferred to maintain the target range at 2 percent to 2-1/4 percent. Implementation Note issued September 18, 2019",2019-09-04,Introductory Remarks,https://www.federalreserve.gov/newsevents/speech/bowman20190904a.htm,COMMUNICATION_EVENT_DATE_STRICTLY_BEFORE_SEP_WHEN_TIME_UNKNOWN,SEP_RELEASE_DATE_AFTER_OFFICIAL_POLICY_STATEMENT; EXACT_RELEASE_TIME_NOT_STORED,NO
2019-09-18,Neel Kashkari,UNKNOWN,,UNKNOWN,NO_DIRECTIONAL_PERSONAL_EVIDENCE_CLASSIFIED,,,,,2019-09-04,Neel Kashkari speaks to the MN chapter of the NACD in Minneapolis,https://minneapolisfed.org/speeches/2019/neel-kashkari-speaks-to-the-mn-chapter-of-the-nacd-in-minneapolis,COMMUNICATION_EVENT_DATE_STRICTLY_BEFORE_SEP_WHEN_TIME_UNKNOWN,SEP_RELEASE_DATE_AFTER_OFFICIAL_POLICY_STATEMENT; EXACT_RELEASE_TIME_NOT_STORED,NO
2019-09-18,Patrick Harker,UNKNOWN,,UNKNOWN,NO_DIRECTIONAL_PERSONAL_EVIDENCE_CLASSIFIED,,,,,2019-08-06,"Welcome Remarks, Neuroeconomics and Financial Decision Making: Foundations and Applications in New Domains Symposium, Federal Reserve Bank of Philadelphia's Consumer Finance Institute",https://fraser.stlouisfed.org/title/statements-speeches-patrick-t-harker-6102/welcome-remarks-neuroeconomics-financial-decision-making-foundations-applications-new-domains-symposium-federal-reserve-bank-philadelphia-s-consumer-finance-institute-586820,COMMUNICATION_EVENT_DATE_STRICTLY_BEFORE_SEP_WHEN_TIME_UNKNOWN,SEP_RELEASE_DATE_AFTER_OFFICIAL_POLICY_STATEMENT; EXACT_RELEASE_TIME_NOT_STORED,NO
2019-09-18,Randal K. Quarles,COMMITTEE_CUT,-1,MORE_DOVISH,VOTE_ACTION_PROXY,2019-09-18,0,https://www.federalreserve.gov/newsevents/pressreleases/monetary20190918a.htm,"Voting for the monetary policy action were Jerome H. Powell, Chair, John C. Williams, Vice Chair; Michelle W. Bowman; Lael Brainard; Richard H. Clarida; Charles L. Evans; and Randal K. Quarles. Voting against the action were James Bullard, who preferred at this meeting to lower the target range for the federal funds rate to 1-1/2 to 1-3/4 percent; and Esther L. George and Eric S. Rosengren, who preferred to maintain the target range at 2 percent to 2-1/4 percent. Implementation Note issued September 18, 2019",2019-09-05,Refining the Stress Capital Buffer,https://www.federalreserve.gov/newsevents/speech/quarles20190905a.htm,COMMUNICATION_EVENT_DATE_STRICTLY_BEFORE_SEP_WHEN_TIME_UNKNOWN,SEP_RELEASE_DATE_AFTER_OFFICIAL_POLICY_STATEMENT; EXACT_RELEASE_TIME_NOT_STORED,NO
2019-09-18,Raphael W. Bostic,UNKNOWN,,UNKNOWN,NO_DIRECTIONAL_PERSONAL_EVIDENCE_CLASSIFIED,,,,,2019-07-16,"Fed Listens: A Community Listening Session in Augusta, Georgia - July 16, 2019",https://www.atlantafed.org/news-and-events/speeches/2019/07/16/fed-listens-augusta,COMMUNICATION_EVENT_DATE_STRICTLY_BEFORE_SEP_WHEN_TIME_UNKNOWN,SEP_RELEASE_DATE_AFTER_OFFICIAL_POLICY_STATEMENT; EXACT_RELEASE_TIME_NOT_STORED,NO
2019-09-18,Richard H. Clarida,COMMITTEE_CUT,-1,MORE_DOVISH,VOTE_ACTION_PROXY,2019-09-18,0,https://www.federalreserve.gov/newsevents/pressreleases/monetary20190918a.htm,"Voting for the monetary policy action were Jerome H. Powell, Chair, John C. Williams, Vice Chair; Michelle W. Bowman; Lael Brainard; Richard H. Clarida; Charles L. Evans; and Randal K. Quarles. Voting against the action were James Bullard, who preferred at this meeting to lower the target range for the federal funds rate to 1-1/2 to 1-3/4 percent; and Esther L. George and Eric S. Rosengren, who preferred to maintain the target range at 2 percent to 2-1/4 percent. Implementation Note issued September 18, 2019",2019-07-01,"The Federal Reserve's Review of Its Monetary Policy Strategy, Tools, and Communication Practices",https://www.federalreserve.gov/newsevents/speech/clarida20190701a.htm,COMMUNICATION_EVENT_DATE_STRICTLY_BEFORE_SEP_WHEN_TIME_UNKNOWN,SEP_RELEASE_DATE_AFTER_OFFICIAL_POLICY_STATEMENT; EXACT_RELEASE_TIME_NOT_STORED,NO
2019-09-18,Robert S. Kaplan,UNKNOWN,,UNKNOWN,NO_DIRECTIONAL_PERSONAL_EVIDENCE_CLASSIFIED,,,,,2019-06-27,A Brief Discussion Regarding the Impact of Climate Change on Economic Conditions in the Eleventh District,https://fraser.stlouisfed.org/title/statements-speeches-robert-s-kaplan-6146/a-brief-discussion-regarding-impact-climate-change-economic-conditions-eleventh-district-594018,COMMUNICATION_EVENT_DATE_STRICTLY_BEFORE_SEP_WHEN_TIME_UNKNOWN,SEP_RELEASE_DATE_AFTER_OFFICIAL_POLICY_STATEMENT; EXACT_RELEASE_TIME_NOT_STORED,NO
2019-09-18,Thomas I. Barkin,UNKNOWN,,UNKNOWN,NO_DIRECTIONAL_PERSONAL_EVIDENCE_CLASSIFIED,,,,,2019-08-28,Fostering Entrepreneurship,https://fraser.stlouisfed.org/title/statements-speeches-tom-barkin-9266/fostering-entrepreneurship-678783,COMMUNICATION_EVENT_DATE_STRICTLY_BEFORE_SEP_WHEN_TIME_UNKNOWN,SEP_RELEASE_DATE_AFTER_OFFICIAL_POLICY_STATEMENT; EXACT_RELEASE_TIME_NOT_STORED,NO
2019-12-11,Charles L. Evans,COMMITTEE_HOLD,0,MORE_HAWKISH,VOTE_ACTION_PROXY,2019-12-11,0,https://www.federalreserve.gov/newsevents/pressreleases/monetary20191211a.htm,"Voting for the monetary policy action were Jerome H. Powell, Chair; John C. Williams, Vice Chair; Michelle W. Bowman; Lael Brainard; James Bullard; Richard H. Clarida; Charles L. Evans; Esther L. George; Randal K. Quarles; and Eric S. Rosengren. Implementation Note issued December 11, 2019",2019-11-14,Innovation on the Fringe and at the Core of Financial Services,https://fraser.stlouisfed.org/title/statements-speeches-charles-l-evans-8969/innovation-fringe-core-financial-services-666954,COMMUNICATION_EVENT_DATE_STRICTLY_BEFORE_SEP_WHEN_TIME_UNKNOWN,SEP_RELEASE_DATE_AFTER_OFFICIAL_POLICY_STATEMENT; EXACT_RELEASE_TIME_NOT_STORED,NO
2019-12-11,Eric S. Rosengren,UNKNOWN,,UNKNOWN,NO_DIRECTIONAL_PERSONAL_EVIDENCE_CLASSIFIED,,,,,2019-12-06,President Rosengren to speak about the economy and monetary policy,https://www.bostonfed.org/news-and-events/events/presidents-speeches/2019/1217.aspx,COMMUNICATION_EVENT_DATE_STRICTLY_BEFORE_SEP_WHEN_TIME_UNKNOWN,SEP_RELEASE_DATE_AFTER_OFFICIAL_POLICY_STATEMENT; EXACT_RELEASE_TIME_NOT_STORED,NO
2019-12-11,Esther L. George,COMMITTEE_HOLD,0,MORE_DOVISH,VOTE_ACTION_PROXY,2019-12-11,0,https://www.federalreserve.gov/newsevents/pressreleases/monetary20191211a.htm,"Voting for the monetary policy action were Jerome H. Powell, Chair; John C. Williams, Vice Chair; Michelle W. Bowman; Lael Brainard; James Bullard; Richard H. Clarida; Charles L. Evans; Esther L. George; Randal K. Quarles; and Eric S. Rosengren. Implementation Note issued December 11, 2019",2019-10-18,Informing Today's Monetary Policy Choices,https://fraser.stlouisfed.org/title/statements-speeches-esther-l-george-9278/informing-todays-monetary-policy-choices-679604,COMMUNICATION_EVENT_DATE_STRICTLY_BEFORE_SEP_WHEN_TIME_UNKNOWN,SEP_RELEASE_DATE_AFTER_OFFICIAL_POLICY_STATEMENT; EXACT_RELEASE_TIME_NOT_STORED,NO
2019-12-11,James Bullard,COMMITTEE_HOLD,0,MORE_HAWKISH,VOTE_ACTION_PROXY,2019-12-11,0,https://www.federalreserve.gov/newsevents/pressreleases/monetary20191211a.htm,"Voting for the monetary policy action were Jerome H. Powell, Chair; John C. Williams, Vice Chair; Michelle W. Bowman; Lael Brainard; James Bullard; Richard H. Clarida; Charles L. Evans; Esther L. George; Randal K. Quarles; and Eric S. Rosengren. Implementation Note issued December 11, 2019",2019-08-14,Bullard Discusses the Fed's Monetary Policy Framework Review,https://fraser.stlouisfed.org/title/statements-speeches-james-bullard-7161/bullard-discusses-feds-monetary-policy-framework-review-655017,COMMUNICATION_EVENT_DATE_STRICTLY_BEFORE_SEP_WHEN_TIME_UNKNOWN,SEP_RELEASE_DATE_AFTER_OFFICIAL_POLICY_STATEMENT; EXACT_RELEASE_TIME_NOT_STORED,NO
2019-12-11,Jerome H. Powell,COMMITTEE_HOLD,0,MORE_HAWKISH,VOTE_ACTION_PROXY,2019-12-11,0,https://www.federalreserve.gov/newsevents/pressreleases/monetary20191211a.htm,"Voting for the monetary policy action were Jerome H. Powell, Chair; John C. Williams, Vice Chair; Michelle W. Bowman; Lael Brainard; James Bullard; Richard H. Clarida; Charles L. Evans; Esther L. George; Randal K. Quarles; and Eric S. Rosengren. Implementation Note issued December 11, 2019",2019-11-25,Building on the Gains from the Long Expansion,https://www.federalreserve.gov/newsevents/speech/powell20191125a.htm,COMMUNICATION_EVENT_DATE_STRICTLY_BEFORE_SEP_WHEN_TIME_UNKNOWN,SEP_RELEASE_DATE_AFTER_OFFICIAL_POLICY_STATEMENT; EXACT_RELEASE_TIME_NOT_STORED,NO
2019-12-11,John C. Williams,COMMITTEE_HOLD,0,MORE_HAWKISH,VOTE_ACTION_PROXY,2019-12-11,0,https://www.federalreserve.gov/newsevents/pressreleases/monetary20191211a.htm,"Voting for the monetary policy action were Jerome H. Powell, Chair; John C. Williams, Vice Chair; Michelle W. Bowman; Lael Brainard; James Bullard; Richard H. Clarida; Charles L. Evans; Esther L. George; Randal K. Quarles; and Eric S. Rosengren. Implementation Note issued December 11, 2019",2019-11-14,No Man Is an Island,https://fraser.stlouisfed.org/title/statements-speeches-john-c-williams-9040/man-island-680899,COMMUNICATION_EVENT_DATE_STRICTLY_BEFORE_SEP_WHEN_TIME_UNKNOWN,SEP_RELEASE_DATE_AFTER_OFFICIAL_POLICY_STATEMENT; EXACT_RELEASE_TIME_NOT_STORED,NO
2019-12-11,Lael Brainard,COMMITTEE_HOLD,0,MORE_HAWKISH,VOTE_ACTION_PROXY,2019-12-11,0,https://www.federalreserve.gov/newsevents/pressreleases/monetary20191211a.htm,"Voting for the monetary policy action were Jerome H. Powell, Chair; John C. Williams, Vice Chair; Michelle W. Bowman; Lael Brainard; James Bullard; Richard H. Clarida; Charles L. Evans; Esther L. George; Randal K. Quarles; and Eric S. Rosengren. Implementation Note issued December 11, 2019",2019-11-26,"Federal Reserve Review of Monetary Policy Strategy, Tools, and Communications: Some Preliminary Views",https://www.federalreserve.gov/newsevents/speech/brainard20191126a.htm,COMMUNICATION_EVENT_DATE_STRICTLY_BEFORE_SEP_WHEN_TIME_UNKNOWN,SEP_RELEASE_DATE_AFTER_OFFICIAL_POLICY_STATEMENT; EXACT_RELEASE_TIME_NOT_STORED,NO
2019-12-11,Loretta J. Mester,UNKNOWN,,UNKNOWN,NO_DIRECTIONAL_PERSONAL_EVIDENCE_CLASSIFIED,,,,,2019-11-21,Cybersecurity and Financial Stability,https://www.clevelandfed.org/collections/speeches/2019/sp-20191121-cybersecurity-and-financial-stability,COMMUNICATION_EVENT_DATE_STRICTLY_BEFORE_SEP_WHEN_TIME_UNKNOWN,SEP_RELEASE_DATE_AFTER_OFFICIAL_POLICY_STATEMENT; EXACT_RELEASE_TIME_NOT_STORED,NO
2019-12-11,Mary C. Daly,UNKNOWN,,UNKNOWN,NO_DIRECTIONAL_PERSONAL_EVIDENCE_CLASSIFIED,,,,,2019-11-16,Net-Net: Opportunity - San Francisco Fed,https://www.frbsf.org/news-and-media/speeches/mary-c-daly/2019/11/net-net-opportunity,COMMUNICATION_EVENT_DATE_STRICTLY_BEFORE_SEP_WHEN_TIME_UNKNOWN,SEP_RELEASE_DATE_AFTER_OFFICIAL_POLICY_STATEMENT; EXACT_RELEASE_TIME_NOT_STORED,NO
2019-12-11,Michael Strine,UNKNOWN,,UNKNOWN,NO_DIRECTIONAL_PERSONAL_EVIDENCE_CLASSIFIED,,,,,2016-03-22,Strine: Forming the Next Generation of Bankers: The Future of Business Education and Ethics,https://www.newyorkfed.org/newsevents/speeches/2016/str160322,COMMUNICATION_EVENT_DATE_STRICTLY_BEFORE_SEP_WHEN_TIME_UNKNOWN,SEP_RELEASE_DATE_AFTER_OFFICIAL_POLICY_STATEMENT; EXACT_RELEASE_TIME_NOT_STORED,NO
2019-12-11,Michelle W. Bowman,COMMITTEE_HOLD,0,MORE_HAWKISH,VOTE_ACTION_PROXY,2019-12-11,0,https://www.federalreserve.gov/newsevents/pressreleases/monetary20191211a.htm,"Voting for the monetary policy action were Jerome H. Powell, Chair; John C. Williams, Vice Chair; Michelle W. Bowman; Lael Brainard; James Bullard; Richard H. Clarida; Charles L. Evans; Esther L. George; Randal K. Quarles; and Eric S. Rosengren. Implementation Note issued December 11, 2019",2019-10-21,Video,https://www.federalreserve.gov/newsevents/speech/bowman20191021a.htm,COMMUNICATION_EVENT_DATE_STRICTLY_BEFORE_SEP_WHEN_TIME_UNKNOWN,SEP_RELEASE_DATE_AFTER_OFFICIAL_POLICY_STATEMENT; EXACT_RELEASE_TIME_NOT_STORED,NO
2019-12-11,Neel Kashkari,UNKNOWN,,UNKNOWN,NO_DIRECTIONAL_PERSONAL_EVIDENCE_CLASSIFIED,,,,,2019-11-21,Neel Kashkari at Minnesota Chamber,https://minneapolisfed.org/speeches/2019/neel-kashkari-at-minnesota-chamber,COMMUNICATION_EVENT_DATE_STRICTLY_BEFORE_SEP_WHEN_TIME_UNKNOWN,SEP_RELEASE_DATE_AFTER_OFFICIAL_POLICY_STATEMENT; EXACT_RELEASE_TIME_NOT_STORED,NO
2019-12-11,Patrick Harker,UNKNOWN,,UNKNOWN,NO_DIRECTIONAL_PERSONAL_EVIDENCE_CLASSIFIED,,,,,2019-11-13,An Economic Outlook,https://fraser.stlouisfed.org/title/statements-speeches-patrick-t-harker-6102/economic-outlook-586824,COMMUNICATION_EVENT_DATE_STRICTLY_BEFORE_SEP_WHEN_TIME_UNKNOWN,SEP_RELEASE_DATE_AFTER_OFFICIAL_POLICY_STATEMENT; EXACT_RELEASE_TIME_NOT_STORED,NO
2019-12-11,Randal K. Quarles,COMMITTEE_HOLD,0,MORE_HAWKISH,VOTE_ACTION_PROXY,2019-12-11,0,https://www.federalreserve.gov/newsevents/pressreleases/monetary20191211a.htm,"Voting for the monetary policy action were Jerome H. Powell, Chair; John C. Williams, Vice Chair; Michelle W. Bowman; Lael Brainard; James Bullard; Richard H. Clarida; Charles L. Evans; Esther L. George; Randal K. Quarles; and Eric S. Rosengren. Implementation Note issued December 11, 2019",2019-11-14,Video,https://www.federalreserve.gov/newsevents/speech/quarles20191114a.htm,COMMUNICATION_EVENT_DATE_STRICTLY_BEFORE_SEP_WHEN_TIME_UNKNOWN,SEP_RELEASE_DATE_AFTER_OFFICIAL_POLICY_STATEMENT; EXACT_RELEASE_TIME_NOT_STORED,NO
2019-12-11,Raphael W. Bostic,UNKNOWN,,UNKNOWN,NO_DIRECTIONAL_PERSONAL_EVIDENCE_CLASSIFIED,,,,,2019-11-07,Thinking Globally and Locally: The Art and Science of Data Dependence,https://fraser.stlouisfed.org/title/statements-speeches-raphael-bostic-8996/thinking-globally-locally-art-science-data-dependence-680783,COMMUNICATION_EVENT_DATE_STRICTLY_BEFORE_SEP_WHEN_TIME_UNKNOWN,SEP_RELEASE_DATE_AFTER_OFFICIAL_POLICY_STATEMENT; EXACT_RELEASE_TIME_NOT_STORED,NO
2019-12-11,Richard H. Clarida,COMMITTEE_HOLD,0,MORE_HAWKISH,VOTE_ACTION_PROXY,2019-12-11,0,https://www.federalreserve.gov/newsevents/pressreleases/monetary20191211a.htm,"Voting for the monetary policy action were Jerome H. Powell, Chair; John C. Williams, Vice Chair; Michelle W. Bowman; Lael Brainard; James Bullard; Richard H. Clarida; Charles L. Evans; Esther L. George; Randal K. Quarles; and Eric S. Rosengren. Implementation Note issued December 11, 2019",2019-11-14,"The Federal Reserve’s Review of Its Monetary Policy Strategy, Tools, and Communication Practices",https://www.federalreserve.gov/newsevents/speech/clarida20191114a.htm,COMMUNICATION_EVENT_DATE_STRICTLY_BEFORE_SEP_WHEN_TIME_UNKNOWN,SEP_RELEASE_DATE_AFTER_OFFICIAL_POLICY_STATEMENT; EXACT_RELEASE_TIME_NOT_STORED,NO
2019-12-11,Robert S. Kaplan,UNKNOWN,,UNKNOWN,NO_DIRECTIONAL_PERSONAL_EVIDENCE_CLASSIFIED,,,,,2019-10-10,Economic Conditions and the Key Structural Drivers Impacting the Economic Outlook,https://www.dallasfed.org/news/speeches/kaplan/2019/rsk191010,COMMUNICATION_EVENT_DATE_STRICTLY_BEFORE_SEP_WHEN_TIME_UNKNOWN,SEP_RELEASE_DATE_AFTER_OFFICIAL_POLICY_STATEMENT; EXACT_RELEASE_TIME_NOT_STORED,NO
2019-12-11,Thomas I. Barkin,UNKNOWN,,UNKNOWN,NO_DIRECTIONAL_PERSONAL_EVIDENCE_CLASSIFIED,,,,,2019-11-13,The New Environment for Monetary Policy,https://fraser.stlouisfed.org/title/statements-speeches-tom-barkin-9266/new-environment-monetary-policy-678788,COMMUNICATION_EVENT_DATE_STRICTLY_BEFORE_SEP_WHEN_TIME_UNKNOWN,SEP_RELEASE_DATE_AFTER_OFFICIAL_POLICY_STATEMENT; EXACT_RELEASE_TIME_NOT_STORED,NO
2020-06-10,Charles L. Evans,UNKNOWN,,UNKNOWN,NO_DIRECTIONAL_PERSONAL_EVIDENCE_CLASSIFIED,,,,,2020-01-03,"""Women in Central Banking"" Opening Remarks and Intros, Allied Social Science Associations 2020 Annual Meeting, San Diego, CA",https://fraser.stlouisfed.org/title/statements-speeches-charles-l-evans-8969/women-central-banking-opening-remarks-intros-allied-social-science-associations-2020-annual-meeting-san-diego-ca-666955,COMMUNICATION_EVENT_DATE_STRICTLY_BEFORE_SEP_WHEN_TIME_UNKNOWN,SEP_RELEASE_DATE_AFTER_OFFICIAL_POLICY_STATEMENT; EXACT_RELEASE_TIME_NOT_STORED,NO
2020-06-10,Eric S. Rosengren,UNKNOWN,,UNKNOWN,NO_DIRECTIONAL_PERSONAL_EVIDENCE_CLASSIFIED,,,,,2020-06-09,President Rosengren to speak about the economy and monetary policy,https://www.bostonfed.org/news-and-events/events/presidents-speeches/2020/0619.aspx,COMMUNICATION_EVENT_DATE_STRICTLY_BEFORE_SEP_WHEN_TIME_UNKNOWN,SEP_RELEASE_DATE_AFTER_OFFICIAL_POLICY_STATEMENT; EXACT_RELEASE_TIME_NOT_STORED,NO
2020-06-10,Esther L. George,UNKNOWN,,UNKNOWN,NO_DIRECTIONAL_PERSONAL_EVIDENCE_CLASSIFIED,,,,,2020-03-06,Perspectives on Balance Sheet and Credit Policies: A Tribute to Marvin Goodfriend,https://fraser.stlouisfed.org/title/statements-speeches-esther-l-george-9278/perspectives-balance-sheet-credit-policies-a-tribute-marvin-goodfriend-679607,COMMUNICATION_EVENT_DATE_STRICTLY_BEFORE_SEP_WHEN_TIME_UNKNOWN,SEP_RELEASE_DATE_AFTER_OFFICIAL_POLICY_STATEMENT; EXACT_RELEASE_TIME_NOT_STORED,NO
2020-06-10,James Bullard,UNKNOWN,,UNKNOWN,NO_DIRECTIONAL_PERSONAL_EVIDENCE_CLASSIFIED,,,,,2020-03-17,COVID-19 and the St. Louis Fed,https://fraser.stlouisfed.org/title/statements-speeches-james-bullard-7161/covid-19-st-louis-fed-659551,COMMUNICATION_EVENT_DATE_STRICTLY_BEFORE_SEP_WHEN_TIME_UNKNOWN,SEP_RELEASE_DATE_AFTER_OFFICIAL_POLICY_STATEMENT; EXACT_RELEASE_TIME_NOT_STORED,NO
2020-06-10,Jerome H. Powell,COMMITTEE_HOLD,0,UNCHANGED,VOTE_ACTION_PROXY,2020-06-10,0,https://www.federalreserve.gov/newsevents/pressreleases/monetary20200610a.htm,"Voting for the monetary policy action were Jerome H. Powell, Chair; John C. Williams, Vice Chair; Michelle W. Bowman; Lael Brainard; Richard H. Clarida; Patrick Harker; Robert S. Kaplan; Neel Kashkari; Loretta J. Mester; and Randal K. Quarles. Implementation Note issued June 10, 2020",2020-05-21,Opening Remarks,https://www.federalreserve.gov/newsevents/speech/powell20200521a.htm,COMMUNICATION_EVENT_DATE_STRICTLY_BEFORE_SEP_WHEN_TIME_UNKNOWN,SEP_RELEASE_DATE_AFTER_OFFICIAL_POLICY_STATEMENT; EXACT_RELEASE_TIME_NOT_STORED,NO
2020-06-10,John C. Williams,COMMITTEE_HOLD,0,UNCHANGED,VOTE_ACTION_PROXY,2020-06-10,0,https://www.federalreserve.gov/newsevents/pressreleases/monetary20200610a.htm,"Voting for the monetary policy action were Jerome H. Powell, Chair; John C. Williams, Vice Chair; Michelle W. Bowman; Lael Brainard; Richard H. Clarida; Patrick Harker; Robert S. Kaplan; Neel Kashkari; Loretta J. Mester; and Randal K. Quarles. Implementation Note issued June 10, 2020",2020-05-21,The Economy in the Time of Coronavirus,https://fraser.stlouisfed.org/title/statements-speeches-john-c-williams-9040/economy-time-coronavirus-680905,COMMUNICATION_EVENT_DATE_STRICTLY_BEFORE_SEP_WHEN_TIME_UNKNOWN,SEP_RELEASE_DATE_AFTER_OFFICIAL_POLICY_STATEMENT; EXACT_RELEASE_TIME_NOT_STORED,NO
2020-06-10,Lael Brainard,COMMITTEE_HOLD,0,UNCHANGED,VOTE_ACTION_PROXY,2020-06-10,0,https://www.federalreserve.gov/newsevents/pressreleases/monetary20200610a.htm,"Voting for the monetary policy action were Jerome H. Powell, Chair; John C. Williams, Vice Chair; Michelle W. Bowman; Lael Brainard; Richard H. Clarida; Patrick Harker; Robert S. Kaplan; Neel Kashkari; Loretta J. Mester; and Randal K. Quarles. Implementation Note issued June 10, 2020",2020-05-21,Introductory remarks for the Fed Listens panel on the COVID-19 pandemic,https://www.federalreserve.gov/newsevents/speech/brainard20200521a.htm,COMMUNICATION_EVENT_DATE_STRICTLY_BEFORE_SEP_WHEN_TIME_UNKNOWN,SEP_RELEASE_DATE_AFTER_OFFICIAL_POLICY_STATEMENT; EXACT_RELEASE_TIME_NOT_STORED,NO
2020-06-10,Loretta J. Mester,COMMITTEE_HOLD,0,UNKNOWN,VOTE_ACTION_PROXY,2020-06-10,0,https://www.federalreserve.gov/newsevents/pressreleases/monetary20200610a.htm,"Voting for the monetary policy action were Jerome H. Powell, Chair; John C. Williams, Vice Chair; Michelle W. Bowman; Lael Brainard; Richard H. Clarida; Patrick Harker; Robert S. Kaplan; Neel Kashkari; Loretta J. Mester; and Randal K. Quarles. Implementation Note issued June 10, 2020",2020-05-12,An Update on the Economy and the Federal Reserve's Policy Response,https://www.clevelandfed.org/collections/speeches/2020/sp-20200512-an-update-on-the-economy-and-the-federal-reserves-policy-response,COMMUNICATION_EVENT_DATE_STRICTLY_BEFORE_SEP_WHEN_TIME_UNKNOWN,SEP_RELEASE_DATE_AFTER_OFFICIAL_POLICY_STATEMENT; EXACT_RELEASE_TIME_NOT_STORED,NO
2020-06-10,Mary C. Daly,UNKNOWN,,UNKNOWN,NO_DIRECTIONAL_PERSONAL_EVIDENCE_CLASSIFIED,,,,,2020-04-16,3D Public Servants: The Courage to Be Human,https://fraser.stlouisfed.org/title/statements-speeches-mary-c-daly-9034/3d-public-servants-courage-human-671951,COMMUNICATION_EVENT_DATE_STRICTLY_BEFORE_SEP_WHEN_TIME_UNKNOWN,SEP_RELEASE_DATE_AFTER_OFFICIAL_POLICY_STATEMENT; EXACT_RELEASE_TIME_NOT_STORED,NO
2020-06-10,Michael Strine,UNKNOWN,,UNKNOWN,NO_DIRECTIONAL_PERSONAL_EVIDENCE_CLASSIFIED,,,,,2016-03-22,Strine: Forming the Next Generation of Bankers: The Future of Business Education and Ethics,https://www.newyorkfed.org/newsevents/speeches/2016/str160322,COMMUNICATION_EVENT_DATE_STRICTLY_BEFORE_SEP_WHEN_TIME_UNKNOWN,SEP_RELEASE_DATE_AFTER_OFFICIAL_POLICY_STATEMENT; EXACT_RELEASE_TIME_NOT_STORED,NO
2020-06-10,Michelle W. Bowman,COMMITTEE_HOLD,0,UNCHANGED,VOTE_ACTION_PROXY,2020-06-10,0,https://www.federalreserve.gov/newsevents/pressreleases/monetary20200610a.htm,"Voting for the monetary policy action were Jerome H. Powell, Chair; John C. Williams, Vice Chair; Michelle W. Bowman; Lael Brainard; Richard H. Clarida; Patrick Harker; Robert S. Kaplan; Neel Kashkari; Loretta J. Mester; and Randal K. Quarles. Implementation Note issued June 10, 2020",2020-02-27,Direction of Supervision: Impact of Payment System Innovation on Community Banks,https://www.federalreserve.gov/newsevents/speech/bowman20200227a.htm,COMMUNICATION_EVENT_DATE_STRICTLY_BEFORE_SEP_WHEN_TIME_UNKNOWN,SEP_RELEASE_DATE_AFTER_OFFICIAL_POLICY_STATEMENT; EXACT_RELEASE_TIME_NOT_STORED,NO
2020-06-10,Neel Kashkari,COMMITTEE_HOLD,0,UNKNOWN,VOTE_ACTION_PROXY,2020-06-10,0,https://www.federalreserve.gov/newsevents/pressreleases/monetary20200610a.htm,"Voting for the monetary policy action were Jerome H. Powell, Chair; John C. Williams, Vice Chair; Michelle W. Bowman; Lael Brainard; Richard H. Clarida; Patrick Harker; Robert S. Kaplan; Neel Kashkari; Loretta J. Mester; and Randal K. Quarles. Implementation Note issued June 10, 2020",2020-05-14,Our Economy and Health in Crisis,https://www.minneapolisfed.org/events/2020/our-economy-and-health-in-crisis,COMMUNICATION_EVENT_DATE_STRICTLY_BEFORE_SEP_WHEN_TIME_UNKNOWN,SEP_RELEASE_DATE_AFTER_OFFICIAL_POLICY_STATEMENT; EXACT_RELEASE_TIME_NOT_STORED,NO
2020-06-10,Patrick Harker,COMMITTEE_HOLD,0,UNKNOWN,VOTE_ACTION_PROXY,2020-06-10,0,https://www.federalreserve.gov/newsevents/pressreleases/monetary20200610a.htm,"Voting for the monetary policy action were Jerome H. Powell, Chair; John C. Williams, Vice Chair; Michelle W. Bowman; Lael Brainard; Richard H. Clarida; Patrick Harker; Robert S. Kaplan; Neel Kashkari; Loretta J. Mester; and Randal K. Quarles. Implementation Note issued June 10, 2020",2020-05-28,Equity and the Recovery,https://fraser.stlouisfed.org/title/statements-speeches-patrick-t-harker-6102/equity-recovery-605041,COMMUNICATION_EVENT_DATE_STRICTLY_BEFORE_SEP_WHEN_TIME_UNKNOWN,SEP_RELEASE_DATE_AFTER_OFFICIAL_POLICY_STATEMENT; EXACT_RELEASE_TIME_NOT_STORED,NO
2020-06-10,Randal K. Quarles,UNKNOWN,,UNKNOWN,NO_DIRECTIONAL_PERSONAL_EVIDENCE_CLASSIFIED,,,,,2020-02-11,"Spontaneity and Order: Transparency, Accountability, and Fairness in Bank Supervision",https://www.federalreserve.gov/newsevents/speech/quarles20200211a.htm,COMMUNICATION_EVENT_DATE_STRICTLY_BEFORE_SEP_WHEN_TIME_UNKNOWN,SEP_RELEASE_DATE_AFTER_OFFICIAL_POLICY_STATEMENT; EXACT_RELEASE_TIME_NOT_STORED,NO
2020-06-10,Raphael W. Bostic,UNKNOWN,,UNKNOWN,NO_DIRECTIONAL_PERSONAL_EVIDENCE_CLASSIFIED,,,,,2020-05-27,COVID-19 Community Impact Survey Webinar,https://www.atlantafed.org/news-and-events/speeches/2020/05/27/covid-19-community-impact-survey-webinar,COMMUNICATION_EVENT_DATE_STRICTLY_BEFORE_SEP_WHEN_TIME_UNKNOWN,SEP_RELEASE_DATE_AFTER_OFFICIAL_POLICY_STATEMENT; EXACT_RELEASE_TIME_NOT_STORED,NO
2020-06-10,Richard H. Clarida,COMMITTEE_HOLD,0,UNCHANGED,VOTE_ACTION_PROXY,2020-06-10,0,https://www.federalreserve.gov/newsevents/pressreleases/monetary20200610a.htm,"Voting for the monetary policy action were Jerome H. Powell, Chair; John C. Williams, Vice Chair; Michelle W. Bowman; Lael Brainard; Richard H. Clarida; Patrick Harker; Robert S. Kaplan; Neel Kashkari; Loretta J. Mester; and Randal K. Quarles. Implementation Note issued June 10, 2020",2020-05-21,U.S. Economic Outlook and Monetary Policy,https://www.federalreserve.gov/newsevents/speech/clarida20200521a.htm,COMMUNICATION_EVENT_DATE_STRICTLY_BEFORE_SEP_WHEN_TIME_UNKNOWN,SEP_RELEASE_DATE_AFTER_OFFICIAL_POLICY_STATEMENT; EXACT_RELEASE_TIME_NOT_STORED,NO
2020-06-10,Robert S. Kaplan,COMMITTEE_HOLD,0,UNKNOWN,VOTE_ACTION_PROXY,2020-06-10,0,https://www.federalreserve.gov/newsevents/pressreleases/monetary20200610a.htm,"Voting for the monetary policy action were Jerome H. Powell, Chair; John C. Williams, Vice Chair; Michelle W. Bowman; Lael Brainard; Richard H. Clarida; Patrick Harker; Robert S. Kaplan; Neel Kashkari; Loretta J. Mester; and Randal K. Quarles. Implementation Note issued June 10, 2020",2020-02-18,An Assessment of Economic Conditions and the Stance of Monetary Policy,https://fraser.stlouisfed.org/title/statements-speeches-robert-s-kaplan-6146/assessment-economic-conditions-stance-monetary-policy-598791,COMMUNICATION_EVENT_DATE_STRICTLY_BEFORE_SEP_WHEN_TIME_UNKNOWN,SEP_RELEASE_DATE_AFTER_OFFICIAL_POLICY_STATEMENT; EXACT_RELEASE_TIME_NOT_STORED,NO
2020-06-10,Thomas I. Barkin,UNKNOWN,,UNKNOWN,NO_DIRECTIONAL_PERSONAL_EVIDENCE_CLASSIFIED,,,,,2020-05-21,"Different Realities, Different Recoveries",https://fraser.stlouisfed.org/title/statements-speeches-tom-barkin-9266/different-realities-different-recoveries-678794,COMMUNICATION_EVENT_DATE_STRICTLY_BEFORE_SEP_WHEN_TIME_UNKNOWN,SEP_RELEASE_DATE_AFTER_OFFICIAL_POLICY_STATEMENT; EXACT_RELEASE_TIME_NOT_STORED,NO
2020-09-16,Charles L. Evans,UNKNOWN,,UNKNOWN,NO_DIRECTIONAL_PERSONAL_EVIDENCE_CLASSIFIED,,,,,2020-09-03,Covid-19 and the Future of the U.S. Economy,https://fraser.stlouisfed.org/title/statements-speeches-charles-l-evans-8969/covid-19-future-us-economy-666959,COMMUNICATION_EVENT_DATE_STRICTLY_BEFORE_SEP_WHEN_TIME_UNKNOWN,SEP_RELEASE_DATE_AFTER_OFFICIAL_POLICY_STATEMENT; EXACT_RELEASE_TIME_NOT_STORED,NO
2020-09-16,Eric S. Rosengren,UNKNOWN,,UNKNOWN,NO_DIRECTIONAL_PERSONAL_EVIDENCE_CLASSIFIED,,,,,2020-08-12,"The COVID-19 Pandemic, the Economic Outlook, and the Main Street Lending Program",https://www.bostonfed.org/news-and-events/speeches/2020/the-covid-19-pandemic-the-economic-outlook-and-the-main-street-lending-program.aspx,COMMUNICATION_EVENT_DATE_STRICTLY_BEFORE_SEP_WHEN_TIME_UNKNOWN,SEP_RELEASE_DATE_AFTER_OFFICIAL_POLICY_STATEMENT; EXACT_RELEASE_TIME_NOT_STORED,NO
2020-09-16,Esther L. George,UNKNOWN,,UNKNOWN,NO_DIRECTIONAL_PERSONAL_EVIDENCE_CLASSIFIED,,,,,2020-06-25,The Coronavirus Shock: Implications for the Economy and Monetary Policy,https://fraser.stlouisfed.org/title/statements-speeches-esther-l-george-9278/coronavirus-shock-implications-economy-monetary-policy-679608,COMMUNICATION_EVENT_DATE_STRICTLY_BEFORE_SEP_WHEN_TIME_UNKNOWN,SEP_RELEASE_DATE_AFTER_OFFICIAL_POLICY_STATEMENT; EXACT_RELEASE_TIME_NOT_STORED,NO
2020-09-16,James Bullard,UNKNOWN,,UNKNOWN,NO_DIRECTIONAL_PERSONAL_EVIDENCE_CLASSIFIED,,,,,2020-06-18,Bullard Speaks about the Economic Crisis and Prospects,https://fraser.stlouisfed.org/title/statements-speeches-james-bullard-7161/bullard-speaks-economic-crisis-prospects-655024,COMMUNICATION_EVENT_DATE_STRICTLY_BEFORE_SEP_WHEN_TIME_UNKNOWN,SEP_RELEASE_DATE_AFTER_OFFICIAL_POLICY_STATEMENT; EXACT_RELEASE_TIME_NOT_STORED,NO
2020-09-16,Jerome H. Powell,COMMITTEE_HOLD,0,UNCHANGED,VOTE_ACTION_PROXY,2020-09-16,0,https://www.federalreserve.gov/newsevents/pressreleases/monetary20200916a.htm,"Voting for the monetary policy action were Jerome H. Powell, Chair; John C. Williams, Vice Chair; Michelle W. Bowman; Lael Brainard; Richard H. Clarida; Patrick Harker; Loretta J. Mester; and Randal K. Quarles. Voting against the action were Robert S. Kaplan, who expects that it will be appropriate to maintain the current target range until the Committee is confident that the economy has weathered recent events and is on track to achieve its maximum employment and price stability goals as articulated in its new policy strategy statement, but prefers that the Committee retain greater policy rate flexibility beyond that point; and Neel Kashkari, who prefers that the Committee indicate that it expects to maintain the current target range until core inflation has reached 2 percent on a sustained basis. Implementation Note issued September 16, 2020",2020-08-27,New Economic Challenges and the Fed's Monetary Policy Review,https://www.federalreserve.gov/newsevents/speech/powell20200827a.htm,COMMUNICATION_EVENT_DATE_STRICTLY_BEFORE_SEP_WHEN_TIME_UNKNOWN,SEP_RELEASE_DATE_AFTER_OFFICIAL_POLICY_STATEMENT; EXACT_RELEASE_TIME_NOT_STORED,NO
2020-09-16,John C. Williams,COMMITTEE_HOLD,0,UNCHANGED,VOTE_ACTION_PROXY,2020-09-16,0,https://www.federalreserve.gov/newsevents/pressreleases/monetary20200916a.htm,"Voting for the monetary policy action were Jerome H. Powell, Chair; John C. Williams, Vice Chair; Michelle W. Bowman; Lael Brainard; Richard H. Clarida; Patrick Harker; Loretta J. Mester; and Randal K. Quarles. Voting against the action were Robert S. Kaplan, who expects that it will be appropriate to maintain the current target range until the Committee is confident that the economy has weathered recent events and is on track to achieve its maximum employment and price stability goals as articulated in its new policy strategy statement, but prefers that the Committee retain greater policy rate flexibility beyond that point; and Neel Kashkari, who prefers that the Committee indicate that it expects to maintain the current target range until core inflation has reached 2 percent on a sustained basis. Implementation Note issued September 16, 2020",2020-09-02,A New Chapter for the FOMC Monetary Policy Framework,https://fraser.stlouisfed.org/title/statements-speeches-john-c-williams-9040/a-new-chapter-fomc-monetary-policy-framework-680909,COMMUNICATION_EVENT_DATE_STRICTLY_BEFORE_SEP_WHEN_TIME_UNKNOWN,SEP_RELEASE_DATE_AFTER_OFFICIAL_POLICY_STATEMENT; EXACT_RELEASE_TIME_NOT_STORED,NO
2020-09-16,Lael Brainard,COMMITTEE_HOLD,0,UNCHANGED,VOTE_ACTION_PROXY,2020-09-16,0,https://www.federalreserve.gov/newsevents/pressreleases/monetary20200916a.htm,"Voting for the monetary policy action were Jerome H. Powell, Chair; John C. Williams, Vice Chair; Michelle W. Bowman; Lael Brainard; Richard H. Clarida; Patrick Harker; Loretta J. Mester; and Randal K. Quarles. Voting against the action were Robert S. Kaplan, who expects that it will be appropriate to maintain the current target range until the Committee is confident that the economy has weathered recent events and is on track to achieve its maximum employment and price stability goals as articulated in its new policy strategy statement, but prefers that the Committee retain greater policy rate flexibility beyond that point; and Neel Kashkari, who prefers that the Committee indicate that it expects to maintain the current target range until core inflation has reached 2 percent on a sustained basis. Implementation Note issued September 16, 2020",2020-09-01,Bringing the Statement on Longer-Run Goals and Monetary Policy Strategy into Alignment with Longer-Run Changes in the Economy,https://www.federalreserve.gov/newsevents/speech/brainard20200901a.htm,COMMUNICATION_EVENT_DATE_STRICTLY_BEFORE_SEP_WHEN_TIME_UNKNOWN,SEP_RELEASE_DATE_AFTER_OFFICIAL_POLICY_STATEMENT; EXACT_RELEASE_TIME_NOT_STORED,NO
2020-09-16,Loretta J. Mester,COMMITTEE_HOLD,0,UNCHANGED,VOTE_ACTION_PROXY,2020-09-16,0,https://www.federalreserve.gov/newsevents/pressreleases/monetary20200916a.htm,"Voting for the monetary policy action were Jerome H. Powell, Chair; John C. Williams, Vice Chair; Michelle W. Bowman; Lael Brainard; Richard H. Clarida; Patrick Harker; Loretta J. Mester; and Randal K. Quarles. Voting against the action were Robert S. Kaplan, who expects that it will be appropriate to maintain the current target range until the Committee is confident that the economy has weathered recent events and is on track to achieve its maximum employment and price stability goals as articulated in its new policy strategy statement, but prefers that the Committee retain greater policy rate flexibility beyond that point; and Neel Kashkari, who prefers that the Committee indicate that it expects to maintain the current target range until core inflation has reached 2 percent on a sustained basis. Implementation Note issued September 16, 2020",2020-09-02,An Update on the Economy and Monetary Policy,https://www.clevelandfed.org/collections/speeches/2020/sp-20200902-an-update-on-the-economy-and-monetary-policy,COMMUNICATION_EVENT_DATE_STRICTLY_BEFORE_SEP_WHEN_TIME_UNKNOWN,SEP_RELEASE_DATE_AFTER_OFFICIAL_POLICY_STATEMENT; EXACT_RELEASE_TIME_NOT_STORED,NO
2020-09-16,Mary C. Daly,UNKNOWN,,UNKNOWN,NO_DIRECTIONAL_PERSONAL_EVIDENCE_CLASSIFIED,,,,,2020-08-20,The New Future of Work: Remote Work,https://fraser.stlouisfed.org/title/statements-speeches-mary-c-daly-9034/new-future-work-remote-work-671955,COMMUNICATION_EVENT_DATE_STRICTLY_BEFORE_SEP_WHEN_TIME_UNKNOWN,SEP_RELEASE_DATE_AFTER_OFFICIAL_POLICY_STATEMENT; EXACT_RELEASE_TIME_NOT_STORED,NO
2020-09-16,Michael Strine,UNKNOWN,,UNKNOWN,NO_DIRECTIONAL_PERSONAL_EVIDENCE_CLASSIFIED,,,,,2016-03-22,Strine: Forming the Next Generation of Bankers: The Future of Business Education and Ethics,https://www.newyorkfed.org/newsevents/speeches/2016/str160322,COMMUNICATION_EVENT_DATE_STRICTLY_BEFORE_SEP_WHEN_TIME_UNKNOWN,SEP_RELEASE_DATE_AFTER_OFFICIAL_POLICY_STATEMENT; EXACT_RELEASE_TIME_NOT_STORED,NO
2020-09-16,Michelle W. Bowman,COMMITTEE_HOLD,0,UNCHANGED,VOTE_ACTION_PROXY,2020-09-16,0,https://www.federalreserve.gov/newsevents/pressreleases/monetary20200916a.htm,"Voting for the monetary policy action were Jerome H. Powell, Chair; John C. Williams, Vice Chair; Michelle W. Bowman; Lael Brainard; Richard H. Clarida; Patrick Harker; Loretta J. Mester; and Randal K. Quarles. Voting against the action were Robert S. Kaplan, who expects that it will be appropriate to maintain the current target range until the Committee is confident that the economy has weathered recent events and is on track to achieve its maximum employment and price stability goals as articulated in its new policy strategy statement, but prefers that the Committee retain greater policy rate flexibility beyond that point; and Neel Kashkari, who prefers that the Committee indicate that it expects to maintain the current target range until core inflation has reached 2 percent on a sustained basis. Implementation Note issued September 16, 2020",2020-08-26,The Pandemic’s Effect on the Economy and Banking,https://www.federalreserve.gov/newsevents/speech/bowman20200826a.htm,COMMUNICATION_EVENT_DATE_STRICTLY_BEFORE_SEP_WHEN_TIME_UNKNOWN,SEP_RELEASE_DATE_AFTER_OFFICIAL_POLICY_STATEMENT; EXACT_RELEASE_TIME_NOT_STORED,NO
2020-09-16,Neel Kashkari,EASIER_GUIDANCE,-1,MORE_DOVISH,NAMED_DISSENT,2020-09-16,0,https://www.federalreserve.gov/newsevents/pressreleases/monetary20200916a.htm,"Voting for the monetary policy action were Jerome H. Powell, Chair; John C. Williams, Vice Chair; Michelle W. Bowman; Lael Brainard; Richard H. Clarida; Patrick Harker; Loretta J. Mester; and Randal K. Quarles. Voting against the action were Robert S. Kaplan, who expects that it will be appropriate to maintain the current target range until the Committee is confident that the economy has weathered recent events and is on track to achieve its maximum employment and price stability goals as articulated in its new policy strategy statement, but prefers that the Committee retain greater policy rate flexibility beyond that point; and Neel Kashkari, who prefers that the Committee indicate that it expects to maintain the current target range until core inflation has reached 2 percent on a sustained basis. Implementation Note issued September 16, 2020",2020-09-02,Neel Kashkari at Brookings event Where are the Black financial regulators | Federal Reserve Bank of Minneapolis,https://minneapolisfed.org/speeches/2020/neel-kashkari-at-brookings-event-where-are-the-black-financial-regulators,COMMUNICATION_EVENT_DATE_STRICTLY_BEFORE_SEP_WHEN_TIME_UNKNOWN,SEP_RELEASE_DATE_AFTER_OFFICIAL_POLICY_STATEMENT; EXACT_RELEASE_TIME_NOT_STORED,NO
2020-09-16,Patrick Harker,COMMITTEE_HOLD,0,UNCHANGED,VOTE_ACTION_PROXY,2020-09-16,0,https://www.federalreserve.gov/newsevents/pressreleases/monetary20200916a.htm,"Voting for the monetary policy action were Jerome H. Powell, Chair; John C. Williams, Vice Chair; Michelle W. Bowman; Lael Brainard; Richard H. Clarida; Patrick Harker; Loretta J. Mester; and Randal K. Quarles. Voting against the action were Robert S. Kaplan, who expects that it will be appropriate to maintain the current target range until the Committee is confident that the economy has weathered recent events and is on track to achieve its maximum employment and price stability goals as articulated in its new policy strategy statement, but prefers that the Committee retain greater policy rate flexibility beyond that point; and Neel Kashkari, who prefers that the Committee indicate that it expects to maintain the current target range until core inflation has reached 2 percent on a sustained basis. Implementation Note issued September 16, 2020",2020-07-15,Economic Outlook and Building an Inclusive Recovery,https://fraser.stlouisfed.org/title/statements-speeches-patrick-t-harker-6102/economic-outlook-building-inclusive-recovery-605044,COMMUNICATION_EVENT_DATE_STRICTLY_BEFORE_SEP_WHEN_TIME_UNKNOWN,SEP_RELEASE_DATE_AFTER_OFFICIAL_POLICY_STATEMENT; EXACT_RELEASE_TIME_NOT_STORED,NO
2020-09-16,Randal K. Quarles,COMMITTEE_HOLD,0,UNKNOWN,VOTE_ACTION_PROXY,2020-09-16,0,https://www.federalreserve.gov/newsevents/pressreleases/monetary20200916a.htm,"Voting for the monetary policy action were Jerome H. Powell, Chair; John C. Williams, Vice Chair; Michelle W. Bowman; Lael Brainard; Richard H. Clarida; Patrick Harker; Loretta J. Mester; and Randal K. Quarles. Voting against the action were Robert S. Kaplan, who expects that it will be appropriate to maintain the current target range until the Committee is confident that the economy has weathered recent events and is on track to achieve its maximum employment and price stability goals as articulated in its new policy strategy statement, but prefers that the Committee retain greater policy rate flexibility beyond that point; and Neel Kashkari, who prefers that the Committee indicate that it expects to maintain the current target range until core inflation has reached 2 percent on a sustained basis. Implementation Note issued September 16, 2020",2020-07-07,Global in Life and Orderly in Death: Post-Crisis Reforms and the Too-Big-to-Fail Question,https://www.federalreserve.gov/newsevents/speech/quarles20200707a.htm,COMMUNICATION_EVENT_DATE_STRICTLY_BEFORE_SEP_WHEN_TIME_UNKNOWN,SEP_RELEASE_DATE_AFTER_OFFICIAL_POLICY_STATEMENT; EXACT_RELEASE_TIME_NOT_STORED,NO
2020-09-16,Raphael W. Bostic,UNKNOWN,,UNKNOWN,NO_DIRECTIONAL_PERSONAL_EVIDENCE_CLASSIFIED,,,,,2020-08-31,Bostic and Leone de Nie Speak to the Florida Philanthropic Network,https://www.atlantafed.org/news-and-events/speeches/2020/08/31/bostic-leone-de-nie-florida-philanthropic-network,COMMUNICATION_EVENT_DATE_STRICTLY_BEFORE_SEP_WHEN_TIME_UNKNOWN,SEP_RELEASE_DATE_AFTER_OFFICIAL_POLICY_STATEMENT; EXACT_RELEASE_TIME_NOT_STORED,NO
2020-09-16,Richard H. Clarida,COMMITTEE_HOLD,0,UNCHANGED,VOTE_ACTION_PROXY,2020-09-16,0,https://www.federalreserve.gov/newsevents/pressreleases/monetary20200916a.htm,"Voting for the monetary policy action were Jerome H. Powell, Chair; John C. Williams, Vice Chair; Michelle W. Bowman; Lael Brainard; Richard H. Clarida; Patrick Harker; Loretta J. Mester; and Randal K. Quarles. Voting against the action were Robert S. Kaplan, who expects that it will be appropriate to maintain the current target range until the Committee is confident that the economy has weathered recent events and is on track to achieve its maximum employment and price stability goals as articulated in its new policy strategy statement, but prefers that the Committee retain greater policy rate flexibility beyond that point; and Neel Kashkari, who prefers that the Committee indicate that it expects to maintain the current target range until core inflation has reached 2 percent on a sustained basis. Implementation Note issued September 16, 2020",2020-08-31,The Federal Reserve’s New Monetary Policy Framework: A Robust Evolution,https://www.federalreserve.gov/newsevents/speech/clarida20200831a.htm,COMMUNICATION_EVENT_DATE_STRICTLY_BEFORE_SEP_WHEN_TIME_UNKNOWN,SEP_RELEASE_DATE_AFTER_OFFICIAL_POLICY_STATEMENT; EXACT_RELEASE_TIME_NOT_STORED,NO
2020-09-16,Robert S. Kaplan,TIGHTER_GUIDANCE,1,MORE_HAWKISH,NAMED_DISSENT,2020-09-16,0,https://www.federalreserve.gov/newsevents/pressreleases/monetary20200916a.htm,"Voting for the monetary policy action were Jerome H. Powell, Chair; John C. Williams, Vice Chair; Michelle W. Bowman; Lael Brainard; Richard H. Clarida; Patrick Harker; Loretta J. Mester; and Randal K. Quarles. Voting against the action were Robert S. Kaplan, who expects that it will be appropriate to maintain the current target range until the Committee is confident that the economy has weathered recent events and is on track to achieve its maximum employment and price stability goals as articulated in its new policy strategy statement, but prefers that the Committee retain greater policy rate flexibility beyond that point; and Neel Kashkari, who prefers that the Committee indicate that it expects to maintain the current target range until core inflation has reached 2 percent on a sustained basis. Implementation Note issued September 16, 2020",2020-02-18,An Assessment of Economic Conditions and the Stance of Monetary Policy,https://fraser.stlouisfed.org/title/statements-speeches-robert-s-kaplan-6146/assessment-economic-conditions-stance-monetary-policy-598791,COMMUNICATION_EVENT_DATE_STRICTLY_BEFORE_SEP_WHEN_TIME_UNKNOWN,SEP_RELEASE_DATE_AFTER_OFFICIAL_POLICY_STATEMENT; EXACT_RELEASE_TIME_NOT_STORED,NO
2020-09-16,Thomas I. Barkin,UNKNOWN,,UNKNOWN,NO_DIRECTIONAL_PERSONAL_EVIDENCE_CLASSIFIED,,,,,2020-09-14,Enabling Women to Work,https://fraser.stlouisfed.org/title/statements-speeches-tom-barkin-9266/enabling-women-work-678799,COMMUNICATION_EVENT_DATE_STRICTLY_BEFORE_SEP_WHEN_TIME_UNKNOWN,SEP_RELEASE_DATE_AFTER_OFFICIAL_POLICY_STATEMENT; EXACT_RELEASE_TIME_NOT_STORED,NO
2020-12-16,Charles L. Evans,UNKNOWN,,UNKNOWN,NO_DIRECTIONAL_PERSONAL_EVIDENCE_CLASSIFIED,,,,,2020-10-07,An Uneven Recovery and the Path Ahead,https://fraser.stlouisfed.org/title/statements-speeches-charles-l-evans-8969/uneven-recovery-path-ahead-666962,COMMUNICATION_EVENT_DATE_STRICTLY_BEFORE_SEP_WHEN_TIME_UNKNOWN,SEP_RELEASE_DATE_AFTER_OFFICIAL_POLICY_STATEMENT; EXACT_RELEASE_TIME_NOT_STORED,NO
2020-12-16,Eric S. Rosengren,UNKNOWN,,UNKNOWN,NO_DIRECTIONAL_PERSONAL_EVIDENCE_CLASSIFIED,,,,,2020-11-10,Financial Stability Factors and the Severity of the Current Recession,https://www.bostonfed.org/news-and-events/speeches/2020/financial-stability-factors-and-the-severity-current-recession.aspx,COMMUNICATION_EVENT_DATE_STRICTLY_BEFORE_SEP_WHEN_TIME_UNKNOWN,SEP_RELEASE_DATE_AFTER_OFFICIAL_POLICY_STATEMENT; EXACT_RELEASE_TIME_NOT_STORED,NO
2020-12-16,Esther L. George,UNKNOWN,,UNKNOWN,NO_DIRECTIONAL_PERSONAL_EVIDENCE_CLASSIFIED,,,,,2020-12-11,Confidentially Speaking: Is It Time to Reconsider CSI Standards?,https://fraser.stlouisfed.org/title/statements-speeches-esther-l-george-9278/confidentially-speaking-time-reconsider-csi-standards-679612,COMMUNICATION_EVENT_DATE_STRICTLY_BEFORE_SEP_WHEN_TIME_UNKNOWN,SEP_RELEASE_DATE_AFTER_OFFICIAL_POLICY_STATEMENT; EXACT_RELEASE_TIME_NOT_STORED,NO
2020-12-16,Helen E. Mucciolo,UNKNOWN,,UNKNOWN,NO_DIRECTIONAL_PERSONAL_EVIDENCE_CLASSIFIED,,,,,,,,COMMUNICATION_EVENT_DATE_STRICTLY_BEFORE_SEP_WHEN_TIME_UNKNOWN,SEP_RELEASE_DATE_AFTER_OFFICIAL_POLICY_STATEMENT; EXACT_RELEASE_TIME_NOT_STORED,NO
2020-12-16,James Bullard,UNKNOWN,,UNKNOWN,NO_DIRECTIONAL_PERSONAL_EVIDENCE_CLASSIFIED,,,,,2020-10-21,"Bullard Discusses U.S. Economy, Policy, Inflation During Virtual Event",https://fraser.stlouisfed.org/title/statements-speeches-james-bullard-7161/bullard-discusses-us-economy-policy-inflation-virtual-event-655030,COMMUNICATION_EVENT_DATE_STRICTLY_BEFORE_SEP_WHEN_TIME_UNKNOWN,SEP_RELEASE_DATE_AFTER_OFFICIAL_POLICY_STATEMENT; EXACT_RELEASE_TIME_NOT_STORED,NO
2020-12-16,Jerome H. Powell,COMMITTEE_HOLD,0,UNCHANGED,VOTE_ACTION_PROXY,2020-12-16,0,https://www.federalreserve.gov/newsevents/pressreleases/monetary20201216a.htm,"Voting for the monetary policy action were Jerome H. Powell, Chair; John C. Williams, Vice Chair; Michelle W. Bowman; Lael Brainard; Richard H. Clarida; Patrick Harker; Robert S. Kaplan; Neel Kashkari; Loretta J. Mester; and Randal K. Quarles. Implementation Note issued December 16, 2020",2020-10-06,Recent Economic Developments and the Challenges Ahead,https://www.federalreserve.gov/newsevents/speech/powell20201006a.htm,COMMUNICATION_EVENT_DATE_STRICTLY_BEFORE_SEP_WHEN_TIME_UNKNOWN,SEP_RELEASE_DATE_AFTER_OFFICIAL_POLICY_STATEMENT; EXACT_RELEASE_TIME_NOT_STORED,NO
2020-12-16,John C. Williams,COMMITTEE_HOLD,0,UNCHANGED,VOTE_ACTION_PROXY,2020-12-16,0,https://www.federalreserve.gov/newsevents/pressreleases/monetary20201216a.htm,"Voting for the monetary policy action were Jerome H. Powell, Chair; John C. Williams, Vice Chair; Michelle W. Bowman; Lael Brainard; Richard H. Clarida; Patrick Harker; Robert S. Kaplan; Neel Kashkari; Loretta J. Mester; and Randal K. Quarles. Implementation Note issued December 16, 2020",2020-12-10,Wuerffel: A Resolution for 2021: No New LIBOR,https://www.newyorkfed.org/newsevents/speeches/2020/wue201210,COMMUNICATION_EVENT_DATE_STRICTLY_BEFORE_SEP_WHEN_TIME_UNKNOWN,SEP_RELEASE_DATE_AFTER_OFFICIAL_POLICY_STATEMENT; EXACT_RELEASE_TIME_NOT_STORED,NO
2020-12-16,Lael Brainard,COMMITTEE_HOLD,0,UNCHANGED,VOTE_ACTION_PROXY,2020-12-16,0,https://www.federalreserve.gov/newsevents/pressreleases/monetary20201216a.htm,"Voting for the monetary policy action were Jerome H. Powell, Chair; John C. Williams, Vice Chair; Michelle W. Bowman; Lael Brainard; Richard H. Clarida; Patrick Harker; Robert S. Kaplan; Neel Kashkari; Loretta J. Mester; and Randal K. Quarles. Implementation Note issued December 16, 2020",2020-12-01,Modernizing and Strengthening CRA Regulations: A Conversation with the Chicago Community Trust,https://www.federalreserve.gov/newsevents/speech/brainard20201201a.htm,COMMUNICATION_EVENT_DATE_STRICTLY_BEFORE_SEP_WHEN_TIME_UNKNOWN,SEP_RELEASE_DATE_AFTER_OFFICIAL_POLICY_STATEMENT; EXACT_RELEASE_TIME_NOT_STORED,NO
2020-12-16,Loretta J. Mester,COMMITTEE_HOLD,0,UNCHANGED,VOTE_ACTION_PROXY,2020-12-16,0,https://www.federalreserve.gov/newsevents/pressreleases/monetary20201216a.htm,"Voting for the monetary policy action were Jerome H. Powell, Chair; John C. Williams, Vice Chair; Michelle W. Bowman; Lael Brainard; Richard H. Clarida; Patrick Harker; Robert S. Kaplan; Neel Kashkari; Loretta J. Mester; and Randal K. Quarles. Implementation Note issued December 16, 2020",2020-11-09,"Fintech, Bigtech, and Financial Inclusion",https://www.clevelandfed.org/collections/speeches/2020/sp-20201109-fintech-bigtech-and-financial-inclusion,COMMUNICATION_EVENT_DATE_STRICTLY_BEFORE_SEP_WHEN_TIME_UNKNOWN,SEP_RELEASE_DATE_AFTER_OFFICIAL_POLICY_STATEMENT; EXACT_RELEASE_TIME_NOT_STORED,NO
2020-12-16,Mary C. Daly,UNKNOWN,,UNKNOWN,NO_DIRECTIONAL_PERSONAL_EVIDENCE_CLASSIFIED,,,,,2020-12-01,"2020 Lessons, 2021 Priorities",https://fraser.stlouisfed.org/title/statements-speeches-mary-c-daly-9034/2020-lessons-2021-priorities-671958,COMMUNICATION_EVENT_DATE_STRICTLY_BEFORE_SEP_WHEN_TIME_UNKNOWN,SEP_RELEASE_DATE_AFTER_OFFICIAL_POLICY_STATEMENT; EXACT_RELEASE_TIME_NOT_STORED,NO
2020-12-16,Michelle W. Bowman,COMMITTEE_HOLD,0,UNCHANGED,VOTE_ACTION_PROXY,2020-12-16,0,https://www.federalreserve.gov/newsevents/pressreleases/monetary20201216a.htm,"Voting for the monetary policy action were Jerome H. Powell, Chair; John C. Williams, Vice Chair; Michelle W. Bowman; Lael Brainard; Richard H. Clarida; Patrick Harker; Robert S. Kaplan; Neel Kashkari; Loretta J. Mester; and Randal K. Quarles. Implementation Note issued December 16, 2020",2020-12-04,Technology and the Regulatory Agenda for Community Banking,https://www.federalreserve.gov/newsevents/speech/bowman20201204a.htm,COMMUNICATION_EVENT_DATE_STRICTLY_BEFORE_SEP_WHEN_TIME_UNKNOWN,SEP_RELEASE_DATE_AFTER_OFFICIAL_POLICY_STATEMENT; EXACT_RELEASE_TIME_NOT_STORED,NO
2020-12-16,Neel Kashkari,COMMITTEE_HOLD,0,MORE_HAWKISH,VOTE_ACTION_PROXY,2020-12-16,0,https://www.federalreserve.gov/newsevents/pressreleases/monetary20201216a.htm,"Voting for the monetary policy action were Jerome H. Powell, Chair; John C. Williams, Vice Chair; Michelle W. Bowman; Lael Brainard; Richard H. Clarida; Patrick Harker; Robert S. Kaplan; Neel Kashkari; Loretta J. Mester; and Randal K. Quarles. Implementation Note issued December 16, 2020",2020-12-04,Neel Kashkari at 2020 Rochester Chamber Economic Summit,https://minneapolisfed.org/speeches/2020/neel-kashkari-at-2020-rochester-chamber-economic-summit,COMMUNICATION_EVENT_DATE_STRICTLY_BEFORE_SEP_WHEN_TIME_UNKNOWN,SEP_RELEASE_DATE_AFTER_OFFICIAL_POLICY_STATEMENT; EXACT_RELEASE_TIME_NOT_STORED,NO
2020-12-16,Patrick Harker,COMMITTEE_HOLD,0,UNCHANGED,VOTE_ACTION_PROXY,2020-12-16,0,https://www.federalreserve.gov/newsevents/pressreleases/monetary20201216a.htm,"Voting for the monetary policy action were Jerome H. Powell, Chair; John C. Williams, Vice Chair; Michelle W. Bowman; Lael Brainard; Richard H. Clarida; Patrick Harker; Robert S. Kaplan; Neel Kashkari; Loretta J. Mester; and Randal K. Quarles. Implementation Note issued December 16, 2020",2020-12-02,The Certainty of Uncertainty,https://fraser.stlouisfed.org/title/statements-speeches-patrick-t-harker-6102/certainty-uncertainty-605049,COMMUNICATION_EVENT_DATE_STRICTLY_BEFORE_SEP_WHEN_TIME_UNKNOWN,SEP_RELEASE_DATE_AFTER_OFFICIAL_POLICY_STATEMENT; EXACT_RELEASE_TIME_NOT_STORED,NO
2020-12-16,Randal K. Quarles,UNKNOWN,,UNKNOWN,NO_DIRECTIONAL_PERSONAL_EVIDENCE_CLASSIFIED,,,,,2020-12-11,The Eye of Providence: Thoughts on the Evolution of Bank Supervision,https://www.federalreserve.gov/newsevents/speech/quarles20201211a.htm,COMMUNICATION_EVENT_DATE_STRICTLY_BEFORE_SEP_WHEN_TIME_UNKNOWN,SEP_RELEASE_DATE_AFTER_OFFICIAL_POLICY_STATEMENT; EXACT_RELEASE_TIME_NOT_STORED,NO
2020-12-16,Raphael W. Bostic,UNKNOWN,,UNKNOWN,NO_DIRECTIONAL_PERSONAL_EVIDENCE_CLASSIFIED,,,,,2020-11-20,Regional Leadership on Economic Mobility and Inclusive Growth,https://www.atlantafed.org/news-and-events/speeches/2020/11/20/bostic-barkin-shared-values-summit,COMMUNICATION_EVENT_DATE_STRICTLY_BEFORE_SEP_WHEN_TIME_UNKNOWN,SEP_RELEASE_DATE_AFTER_OFFICIAL_POLICY_STATEMENT; EXACT_RELEASE_TIME_NOT_STORED,NO
2020-12-16,Richard H. Clarida,COMMITTEE_HOLD,0,UNCHANGED,VOTE_ACTION_PROXY,2020-12-16,0,https://www.federalreserve.gov/newsevents/pressreleases/monetary20201216a.htm,"Voting for the monetary policy action were Jerome H. Powell, Chair; John C. Williams, Vice Chair; Michelle W. Bowman; Lael Brainard; Richard H. Clarida; Patrick Harker; Robert S. Kaplan; Neel Kashkari; Loretta J. Mester; and Randal K. Quarles. Implementation Note issued December 16, 2020",2020-11-16,The Federal Reserve's New Framework: Context and Consequences,https://www.federalreserve.gov/newsevents/speech/clarida20201116a.htm,COMMUNICATION_EVENT_DATE_STRICTLY_BEFORE_SEP_WHEN_TIME_UNKNOWN,SEP_RELEASE_DATE_AFTER_OFFICIAL_POLICY_STATEMENT; EXACT_RELEASE_TIME_NOT_STORED,NO
2020-12-16,Robert S. Kaplan,COMMITTEE_HOLD,0,MORE_DOVISH,VOTE_ACTION_PROXY,2020-12-16,0,https://www.federalreserve.gov/newsevents/pressreleases/monetary20201216a.htm,"Voting for the monetary policy action were Jerome H. Powell, Chair; John C. Williams, Vice Chair; Michelle W. Bowman; Lael Brainard; Richard H. Clarida; Patrick Harker; Robert S. Kaplan; Neel Kashkari; Loretta J. Mester; and Randal K. Quarles. Implementation Note issued December 16, 2020",2020-09-29,Economic Conditions and the Path of Monetary Policy,https://www.dallasfed.org/news/speeches/kaplan/2020/rsk200929,COMMUNICATION_EVENT_DATE_STRICTLY_BEFORE_SEP_WHEN_TIME_UNKNOWN,SEP_RELEASE_DATE_AFTER_OFFICIAL_POLICY_STATEMENT; EXACT_RELEASE_TIME_NOT_STORED,NO
2020-12-16,Thomas I. Barkin,UNKNOWN,,UNKNOWN,NO_DIRECTIONAL_PERSONAL_EVIDENCE_CLASSIFIED,,,,,2020-11-10,Building the Post-COVID Pipeline: Invigorating Community Colleges,https://fraser.stlouisfed.org/title/statements-speeches-tom-barkin-9266/building-post-covid-pipeline-invigorating-community-colleges-678804,COMMUNICATION_EVENT_DATE_STRICTLY_BEFORE_SEP_WHEN_TIME_UNKNOWN,SEP_RELEASE_DATE_AFTER_OFFICIAL_POLICY_STATEMENT; EXACT_RELEASE_TIME_NOT_STORED,NO
2021-03-17,Charles L. Evans,COMMITTEE_HOLD,0,UNKNOWN,VOTE_ACTION_PROXY,2021-03-17,0,https://www.federalreserve.gov/newsevents/pressreleases/monetary20210317a.htm,"Voting for the monetary policy action were Jerome H. Powell, Chair; John C. Williams, Vice Chair; Thomas I. Barkin; Raphael W. Bostic; Michelle W. Bowman; Lael Brainard; Richard H. Clarida; Mary C. Daly; Charles L. Evans; Randal K. Quarles; and Christopher J. Waller. Implementation Note issued March 17, 2021",2021-02-03,"U.S. Economic Outlook and Monetary Policy: Challenges, Resiliency, and Opportunities",https://fraser.stlouisfed.org/title/statements-speeches-charles-l-evans-8969/us-economic-outlook-monetary-policy-challenges-resiliency-opportunities-666965,COMMUNICATION_EVENT_DATE_STRICTLY_BEFORE_SEP_WHEN_TIME_UNKNOWN,SEP_RELEASE_DATE_AFTER_OFFICIAL_POLICY_STATEMENT; EXACT_RELEASE_TIME_NOT_STORED,NO
2021-03-17,Christopher J. Waller,UNKNOWN,,UNKNOWN,NO_DIRECTIONAL_PERSONAL_EVIDENCE_CLASSIFIED,,,,,,,,COMMUNICATION_EVENT_DATE_STRICTLY_BEFORE_SEP_WHEN_TIME_UNKNOWN,SEP_RELEASE_DATE_AFTER_OFFICIAL_POLICY_STATEMENT; EXACT_RELEASE_TIME_NOT_STORED,NO
2021-03-17,Eric S. Rosengren,UNKNOWN,,UNKNOWN,NO_DIRECTIONAL_PERSONAL_EVIDENCE_CLASSIFIED,,,,,2021-02-19,Perspectives on the Eventual Economic Recovery,https://www.bostonfed.org/news-and-events/speeches/2021/perspectives-on-the-eventual-economic-recovery.aspx,COMMUNICATION_EVENT_DATE_STRICTLY_BEFORE_SEP_WHEN_TIME_UNKNOWN,SEP_RELEASE_DATE_AFTER_OFFICIAL_POLICY_STATEMENT; EXACT_RELEASE_TIME_NOT_STORED,NO
2021-03-17,Esther L. George,UNKNOWN,,UNKNOWN,NO_DIRECTIONAL_PERSONAL_EVIDENCE_CLASSIFIED,,,,,2021-02-25,An Uncertain (Though Optimistic) Outlook for an Uneven Economy,https://fraser.stlouisfed.org/title/statements-speeches-esther-l-george-9278/uncertain-though-optimistic-outlook-uneven-economy-679615,COMMUNICATION_EVENT_DATE_STRICTLY_BEFORE_SEP_WHEN_TIME_UNKNOWN,SEP_RELEASE_DATE_AFTER_OFFICIAL_POLICY_STATEMENT; EXACT_RELEASE_TIME_NOT_STORED,NO
2021-03-17,James Bullard,UNKNOWN,,UNKNOWN,NO_DIRECTIONAL_PERSONAL_EVIDENCE_CLASSIFIED,,,,,2020-10-21,"Bullard Discusses U.S. Economy, Policy, Inflation During Virtual Event",https://fraser.stlouisfed.org/title/statements-speeches-james-bullard-7161/bullard-discusses-us-economy-policy-inflation-virtual-event-655030,COMMUNICATION_EVENT_DATE_STRICTLY_BEFORE_SEP_WHEN_TIME_UNKNOWN,SEP_RELEASE_DATE_AFTER_OFFICIAL_POLICY_STATEMENT; EXACT_RELEASE_TIME_NOT_STORED,NO
2021-03-17,Jerome H. Powell,COMMITTEE_HOLD,0,UNCHANGED,VOTE_ACTION_PROXY,2021-03-17,0,https://www.federalreserve.gov/newsevents/pressreleases/monetary20210317a.htm,"Voting for the monetary policy action were Jerome H. Powell, Chair; John C. Williams, Vice Chair; Thomas I. Barkin; Raphael W. Bostic; Michelle W. Bowman; Lael Brainard; Richard H. Clarida; Mary C. Daly; Charles L. Evans; Randal K. Quarles; and Christopher J. Waller. Implementation Note issued March 17, 2021",2021-02-10,Getting Back to a Strong Labor Market,https://www.federalreserve.gov/newsevents/speech/powell20210210a.htm,COMMUNICATION_EVENT_DATE_STRICTLY_BEFORE_SEP_WHEN_TIME_UNKNOWN,SEP_RELEASE_DATE_AFTER_OFFICIAL_POLICY_STATEMENT; EXACT_RELEASE_TIME_NOT_STORED,NO
2021-03-17,John C. Williams,COMMITTEE_HOLD,0,UNCHANGED,VOTE_ACTION_PROXY,2021-03-17,0,https://www.federalreserve.gov/newsevents/pressreleases/monetary20210317a.htm,"Voting for the monetary policy action were Jerome H. Powell, Chair; John C. Williams, Vice Chair; Thomas I. Barkin; Raphael W. Bostic; Michelle W. Bowman; Lael Brainard; Richard H. Clarida; Mary C. Daly; Charles L. Evans; Randal K. Quarles; and Christopher J. Waller. Implementation Note issued March 17, 2021",2021-02-25,"The Economic Outlook: Getting Back to ""More Like Normal""",https://fraser.stlouisfed.org/title/statements-speeches-john-c-williams-9040/economic-outlook-getting-back-like-normal-680913,COMMUNICATION_EVENT_DATE_STRICTLY_BEFORE_SEP_WHEN_TIME_UNKNOWN,SEP_RELEASE_DATE_AFTER_OFFICIAL_POLICY_STATEMENT; EXACT_RELEASE_TIME_NOT_STORED,NO
2021-03-17,Lael Brainard,COMMITTEE_HOLD,0,UNCHANGED,VOTE_ACTION_PROXY,2021-03-17,0,https://www.federalreserve.gov/newsevents/pressreleases/monetary20210317a.htm,"Voting for the monetary policy action were Jerome H. Powell, Chair; John C. Williams, Vice Chair; Thomas I. Barkin; Raphael W. Bostic; Michelle W. Bowman; Lael Brainard; Richard H. Clarida; Mary C. Daly; Charles L. Evans; Randal K. Quarles; and Christopher J. Waller. Implementation Note issued March 17, 2021",2021-03-02,U.S. Economic Outlook and Monetary Policy: An Update,https://www.federalreserve.gov/newsevents/speech/brainard20210302a.htm,COMMUNICATION_EVENT_DATE_STRICTLY_BEFORE_SEP_WHEN_TIME_UNKNOWN,SEP_RELEASE_DATE_AFTER_OFFICIAL_POLICY_STATEMENT; EXACT_RELEASE_TIME_NOT_STORED,NO
2021-03-17,Loretta J. Mester,UNKNOWN,,UNKNOWN,NO_DIRECTIONAL_PERSONAL_EVIDENCE_CLASSIFIED,,,,,2021-03-01,President Mester discusses housing inequity,https://www.clevelandfed.org/collections/speeches/2021/sp-20210301-president-mester-discusses-housing-inequity,COMMUNICATION_EVENT_DATE_STRICTLY_BEFORE_SEP_WHEN_TIME_UNKNOWN,SEP_RELEASE_DATE_AFTER_OFFICIAL_POLICY_STATEMENT; EXACT_RELEASE_TIME_NOT_STORED,NO
2021-03-17,Mary C. Daly,COMMITTEE_HOLD,0,UNKNOWN,VOTE_ACTION_PROXY,2021-03-17,0,https://www.federalreserve.gov/newsevents/pressreleases/monetary20210317a.htm,"Voting for the monetary policy action were Jerome H. Powell, Chair; John C. Williams, Vice Chair; Thomas I. Barkin; Raphael W. Bostic; Michelle W. Bowman; Lael Brainard; Richard H. Clarida; Mary C. Daly; Charles L. Evans; Randal K. Quarles; and Christopher J. Waller. Implementation Note issued March 17, 2021",2021-03-02,"Lessons from History, Policy for Today - San Francisco Fed",https://www.frbsf.org/news-and-media/speeches/mary-c-daly/2021/03/lessons-from-history-policy-for-today,COMMUNICATION_EVENT_DATE_STRICTLY_BEFORE_SEP_WHEN_TIME_UNKNOWN,SEP_RELEASE_DATE_AFTER_OFFICIAL_POLICY_STATEMENT; EXACT_RELEASE_TIME_NOT_STORED,NO
2021-03-17,Michelle W. Bowman,COMMITTEE_HOLD,0,UNCHANGED,VOTE_ACTION_PROXY,2021-03-17,0,https://www.federalreserve.gov/newsevents/pressreleases/monetary20210317a.htm,"Voting for the monetary policy action were Jerome H. Powell, Chair; John C. Williams, Vice Chair; Thomas I. Barkin; Raphael W. Bostic; Michelle W. Bowman; Lael Brainard; Richard H. Clarida; Mary C. Daly; Charles L. Evans; Randal K. Quarles; and Christopher J. Waller. Implementation Note issued March 17, 2021",2021-02-22,Economic Inclusion in Lower-Income Communities,https://www.federalreserve.gov/newsevents/speech/bowman20210222a.htm,COMMUNICATION_EVENT_DATE_STRICTLY_BEFORE_SEP_WHEN_TIME_UNKNOWN,SEP_RELEASE_DATE_AFTER_OFFICIAL_POLICY_STATEMENT; EXACT_RELEASE_TIME_NOT_STORED,NO
2021-03-17,Neel Kashkari,UNKNOWN,,UNKNOWN,NO_DIRECTIONAL_PERSONAL_EVIDENCE_CLASSIFIED,,,,,2021-03-03,Minnesota School Boards Association Journal op-ed: Quality education should be a civil right,https://www.minneapolisfed.org/article/2021/minnesota-school-boards-association-journal-op-ed-quality-education-should-be-a-civil-right,COMMUNICATION_EVENT_DATE_STRICTLY_BEFORE_SEP_WHEN_TIME_UNKNOWN,SEP_RELEASE_DATE_AFTER_OFFICIAL_POLICY_STATEMENT; EXACT_RELEASE_TIME_NOT_STORED,NO
2021-03-17,Patrick Harker,UNKNOWN,,UNKNOWN,NO_DIRECTIONAL_PERSONAL_EVIDENCE_CLASSIFIED,,,,,2021-03-03,The Opportunity Gap and How to Fix It,https://fraser.stlouisfed.org/title/statements-speeches-patrick-t-harker-6102/opportunity-gap-fix-610475,COMMUNICATION_EVENT_DATE_STRICTLY_BEFORE_SEP_WHEN_TIME_UNKNOWN,SEP_RELEASE_DATE_AFTER_OFFICIAL_POLICY_STATEMENT; EXACT_RELEASE_TIME_NOT_STORED,NO
2021-03-17,Randal K. Quarles,COMMITTEE_HOLD,0,UNKNOWN,VOTE_ACTION_PROXY,2021-03-17,0,https://www.federalreserve.gov/newsevents/pressreleases/monetary20210317a.htm,"Voting for the monetary policy action were Jerome H. Powell, Chair; John C. Williams, Vice Chair; Thomas I. Barkin; Raphael W. Bostic; Michelle W. Bowman; Lael Brainard; Richard H. Clarida; Mary C. Daly; Charles L. Evans; Randal K. Quarles; and Christopher J. Waller. Implementation Note issued March 17, 2021",2021-02-25,Themistocles and the Mathematicians: The Role of Stress Testing,https://www.federalreserve.gov/newsevents/speech/quarles20210225a.htm,COMMUNICATION_EVENT_DATE_STRICTLY_BEFORE_SEP_WHEN_TIME_UNKNOWN,SEP_RELEASE_DATE_AFTER_OFFICIAL_POLICY_STATEMENT; EXACT_RELEASE_TIME_NOT_STORED,NO
2021-03-17,Raphael W. Bostic,COMMITTEE_HOLD,0,UNKNOWN,VOTE_ACTION_PROXY,2021-03-17,0,https://www.federalreserve.gov/newsevents/pressreleases/monetary20210317a.htm,"Voting for the monetary policy action were Jerome H. Powell, Chair; John C. Williams, Vice Chair; Thomas I. Barkin; Raphael W. Bostic; Michelle W. Bowman; Lael Brainard; Richard H. Clarida; Mary C. Daly; Charles L. Evans; Randal K. Quarles; and Christopher J. Waller. Implementation Note issued March 17, 2021",2021-03-05,The Uneven Economic Recovery,https://www.atlantafed.org/news-and-events/speeches/2021/03/05/bostic-uneven-economic-recovery,COMMUNICATION_EVENT_DATE_STRICTLY_BEFORE_SEP_WHEN_TIME_UNKNOWN,SEP_RELEASE_DATE_AFTER_OFFICIAL_POLICY_STATEMENT; EXACT_RELEASE_TIME_NOT_STORED,NO
2021-03-17,Richard H. Clarida,COMMITTEE_HOLD,0,UNCHANGED,VOTE_ACTION_PROXY,2021-03-17,0,https://www.federalreserve.gov/newsevents/pressreleases/monetary20210317a.htm,"Voting for the monetary policy action were Jerome H. Powell, Chair; John C. Williams, Vice Chair; Thomas I. Barkin; Raphael W. Bostic; Michelle W. Bowman; Lael Brainard; Richard H. Clarida; Mary C. Daly; Charles L. Evans; Randal K. Quarles; and Christopher J. Waller. Implementation Note issued March 17, 2021",2021-02-24,U.S. Economic Outlook and Monetary Policy,https://www.federalreserve.gov/newsevents/speech/clarida20210224a.htm,COMMUNICATION_EVENT_DATE_STRICTLY_BEFORE_SEP_WHEN_TIME_UNKNOWN,SEP_RELEASE_DATE_AFTER_OFFICIAL_POLICY_STATEMENT; EXACT_RELEASE_TIME_NOT_STORED,NO
2021-03-17,Robert S. Kaplan,UNKNOWN,,UNKNOWN,NO_DIRECTIONAL_PERSONAL_EVIDENCE_CLASSIFIED,,,,,2020-09-29,Economic Conditions and the Path of Monetary Policy,https://www.dallasfed.org/news/speeches/kaplan/2020/rsk200929,COMMUNICATION_EVENT_DATE_STRICTLY_BEFORE_SEP_WHEN_TIME_UNKNOWN,SEP_RELEASE_DATE_AFTER_OFFICIAL_POLICY_STATEMENT; EXACT_RELEASE_TIME_NOT_STORED,NO
2021-03-17,Thomas I. Barkin,COMMITTEE_HOLD,0,UNKNOWN,VOTE_ACTION_PROXY,2021-03-17,0,https://www.federalreserve.gov/newsevents/pressreleases/monetary20210317a.htm,"Voting for the monetary policy action were Jerome H. Powell, Chair; John C. Williams, Vice Chair; Thomas I. Barkin; Raphael W. Bostic; Michelle W. Bowman; Lael Brainard; Richard H. Clarida; Mary C. Daly; Charles L. Evans; Randal K. Quarles; and Christopher J. Waller. Implementation Note issued March 17, 2021",2021-02-24,"To Invest in Infrastructure, Invest in People",https://fraser.stlouisfed.org/title/statements-speeches-tom-barkin-9266/invest-infrastructure-invest-people-678807,COMMUNICATION_EVENT_DATE_STRICTLY_BEFORE_SEP_WHEN_TIME_UNKNOWN,SEP_RELEASE_DATE_AFTER_OFFICIAL_POLICY_STATEMENT; EXACT_RELEASE_TIME_NOT_STORED,NO
2021-06-16,Charles L. Evans,COMMITTEE_HOLD,0,UNCHANGED,VOTE_ACTION_PROXY,2021-06-16,0,https://www.federalreserve.gov/newsevents/pressreleases/monetary20210616a.htm,"Voting for the monetary policy action were Jerome H. Powell, Chair; John C. Williams, Vice Chair; Thomas I. Barkin; Raphael W. Bostic; Michelle W. Bowman; Lael Brainard; Richard H. Clarida; Mary C. Daly; Charles L. Evans; Randal K. Quarles; and Christopher J. Waller. Implementation Note issued June 16, 2021",2021-05-05,A Promising Growth Outlook and Thoughts on Inflation Dynamics,https://fraser.stlouisfed.org/title/statements-speeches-charles-l-evans-8969/a-promising-growth-outlook-thoughts-inflation-dynamics-666967,COMMUNICATION_EVENT_DATE_STRICTLY_BEFORE_SEP_WHEN_TIME_UNKNOWN,SEP_RELEASE_DATE_AFTER_OFFICIAL_POLICY_STATEMENT; EXACT_RELEASE_TIME_NOT_STORED,NO
2021-06-16,Christopher J. Waller,UNKNOWN,,UNKNOWN,NO_DIRECTIONAL_PERSONAL_EVIDENCE_CLASSIFIED,,,,,2021-05-13,The Economic Outlook and Monetary Policy,https://www.federalreserve.gov/newsevents/speech/waller20210513a.htm,COMMUNICATION_EVENT_DATE_STRICTLY_BEFORE_SEP_WHEN_TIME_UNKNOWN,SEP_RELEASE_DATE_AFTER_OFFICIAL_POLICY_STATEMENT; EXACT_RELEASE_TIME_NOT_STORED,NO
2021-06-16,Eric S. Rosengren,UNKNOWN,,UNKNOWN,NO_DIRECTIONAL_PERSONAL_EVIDENCE_CLASSIFIED,,,,,2021-05-14,"Pandemic Ebbs and Flows: Economic Data, Inflation Concerns, and Policymaking",https://www.bostonfed.org/news-and-events/speeches/2021/pandemic-ebbs-flows-economic-data-inflation-concerns-policymaking.aspx,COMMUNICATION_EVENT_DATE_STRICTLY_BEFORE_SEP_WHEN_TIME_UNKNOWN,SEP_RELEASE_DATE_AFTER_OFFICIAL_POLICY_STATEMENT; EXACT_RELEASE_TIME_NOT_STORED,NO
2021-06-16,Esther L. George,UNKNOWN,,UNKNOWN,NO_DIRECTIONAL_PERSONAL_EVIDENCE_CLASSIFIED,,,,,2021-05-26,The Outlook for the Economy and Banks,https://fraser.stlouisfed.org/title/statements-speeches-esther-l-george-9278/outlook-economy-banks-679618,COMMUNICATION_EVENT_DATE_STRICTLY_BEFORE_SEP_WHEN_TIME_UNKNOWN,SEP_RELEASE_DATE_AFTER_OFFICIAL_POLICY_STATEMENT; EXACT_RELEASE_TIME_NOT_STORED,NO
2021-06-16,James Bullard,UNKNOWN,,UNKNOWN,NO_DIRECTIONAL_PERSONAL_EVIDENCE_CLASSIFIED,,,,,2020-10-21,"Bullard Discusses U.S. Economy, Policy, Inflation During Virtual Event",https://fraser.stlouisfed.org/title/statements-speeches-james-bullard-7161/bullard-discusses-us-economy-policy-inflation-virtual-event-655030,COMMUNICATION_EVENT_DATE_STRICTLY_BEFORE_SEP_WHEN_TIME_UNKNOWN,SEP_RELEASE_DATE_AFTER_OFFICIAL_POLICY_STATEMENT; EXACT_RELEASE_TIME_NOT_STORED,NO
2021-06-16,Jerome H. Powell,COMMITTEE_HOLD,0,UNCHANGED,VOTE_ACTION_PROXY,2021-06-16,0,https://www.federalreserve.gov/newsevents/pressreleases/monetary20210616a.htm,"Voting for the monetary policy action were Jerome H. Powell, Chair; John C. Williams, Vice Chair; Thomas I. Barkin; Raphael W. Bostic; Michelle W. Bowman; Lael Brainard; Richard H. Clarida; Mary C. Daly; Charles L. Evans; Randal K. Quarles; and Christopher J. Waller. Implementation Note issued June 16, 2021",2021-05-03,Community Development,https://www.federalreserve.gov/newsevents/speech/powell20210503a.htm,COMMUNICATION_EVENT_DATE_STRICTLY_BEFORE_SEP_WHEN_TIME_UNKNOWN,SEP_RELEASE_DATE_AFTER_OFFICIAL_POLICY_STATEMENT; EXACT_RELEASE_TIME_NOT_STORED,NO
2021-06-16,John C. Williams,COMMITTEE_HOLD,0,UNCHANGED,VOTE_ACTION_PROXY,2021-06-16,0,https://www.federalreserve.gov/newsevents/pressreleases/monetary20210616a.htm,"Voting for the monetary policy action were Jerome H. Powell, Chair; John C. Williams, Vice Chair; Thomas I. Barkin; Raphael W. Bostic; Michelle W. Bowman; Lael Brainard; Richard H. Clarida; Mary C. Daly; Charles L. Evans; Randal K. Quarles; and Christopher J. Waller. Implementation Note issued June 16, 2021",2021-05-11,"Measure Twice, Cut Once",https://fraser.stlouisfed.org/title/statements-speeches-john-c-williams-9040/measure-twice-cut-680915,COMMUNICATION_EVENT_DATE_STRICTLY_BEFORE_SEP_WHEN_TIME_UNKNOWN,SEP_RELEASE_DATE_AFTER_OFFICIAL_POLICY_STATEMENT; EXACT_RELEASE_TIME_NOT_STORED,NO
2021-06-16,Lael Brainard,COMMITTEE_HOLD,0,UNCHANGED,VOTE_ACTION_PROXY,2021-06-16,0,https://www.federalreserve.gov/newsevents/pressreleases/monetary20210616a.htm,"Voting for the monetary policy action were Jerome H. Powell, Chair; John C. Williams, Vice Chair; Thomas I. Barkin; Raphael W. Bostic; Michelle W. Bowman; Lael Brainard; Richard H. Clarida; Mary C. Daly; Charles L. Evans; Randal K. Quarles; and Christopher J. Waller. Implementation Note issued June 16, 2021",2021-06-01,Remaining Steady as the Economy Reopens,https://www.federalreserve.gov/newsevents/speech/brainard20210601a.htm,COMMUNICATION_EVENT_DATE_STRICTLY_BEFORE_SEP_WHEN_TIME_UNKNOWN,SEP_RELEASE_DATE_AFTER_OFFICIAL_POLICY_STATEMENT; EXACT_RELEASE_TIME_NOT_STORED,NO
2021-06-16,Loretta J. Mester,UNKNOWN,,UNKNOWN,NO_DIRECTIONAL_PERSONAL_EVIDENCE_CLASSIFIED,,,,,2021-05-06,President Mester in discussion with UC Santa Barbara Economic Forecast Project,https://www.clevelandfed.org/collections/speeches/2021/sp-20210506-president-mester-in-discussion-with-uc-santa-barbara-economic-forecast-project,COMMUNICATION_EVENT_DATE_STRICTLY_BEFORE_SEP_WHEN_TIME_UNKNOWN,SEP_RELEASE_DATE_AFTER_OFFICIAL_POLICY_STATEMENT; EXACT_RELEASE_TIME_NOT_STORED,NO
2021-06-16,Mary C. Daly,COMMITTEE_HOLD,0,UNCHANGED,VOTE_ACTION_PROXY,2021-06-16,0,https://www.federalreserve.gov/newsevents/pressreleases/monetary20210616a.htm,"Voting for the monetary policy action were Jerome H. Powell, Chair; John C. Williams, Vice Chair; Thomas I. Barkin; Raphael W. Bostic; Michelle W. Bowman; Lael Brainard; Richard H. Clarida; Mary C. Daly; Charles L. Evans; Randal K. Quarles; and Christopher J. Waller. Implementation Note issued June 16, 2021",2021-05-21,"Wage Dynamics: Theory, Data, and Policy - San Francisco Fed",https://www.frbsf.org/news-and-media/speeches/mary-c-daly/2021/05/wage-dynamics-theory-data-and-policy,COMMUNICATION_EVENT_DATE_STRICTLY_BEFORE_SEP_WHEN_TIME_UNKNOWN,SEP_RELEASE_DATE_AFTER_OFFICIAL_POLICY_STATEMENT; EXACT_RELEASE_TIME_NOT_STORED,NO
2021-06-16,Michelle W. Bowman,COMMITTEE_HOLD,0,UNCHANGED,VOTE_ACTION_PROXY,2021-06-16,0,https://www.federalreserve.gov/newsevents/pressreleases/monetary20210616a.htm,"Voting for the monetary policy action were Jerome H. Powell, Chair; John C. Williams, Vice Chair; Thomas I. Barkin; Raphael W. Bostic; Michelle W. Bowman; Lael Brainard; Richard H. Clarida; Mary C. Daly; Charles L. Evans; Randal K. Quarles; and Christopher J. Waller. Implementation Note issued June 16, 2021",2021-05-05,The Economic Outlook and Implications for Monetary Policy,https://www.federalreserve.gov/newsevents/speech/bowman20210505a.htm,COMMUNICATION_EVENT_DATE_STRICTLY_BEFORE_SEP_WHEN_TIME_UNKNOWN,SEP_RELEASE_DATE_AFTER_OFFICIAL_POLICY_STATEMENT; EXACT_RELEASE_TIME_NOT_STORED,NO
2021-06-16,Naureen Hassan,UNKNOWN,,UNKNOWN,NO_DIRECTIONAL_PERSONAL_EVIDENCE_CLASSIFIED,,,,,,,,COMMUNICATION_EVENT_DATE_STRICTLY_BEFORE_SEP_WHEN_TIME_UNKNOWN,SEP_RELEASE_DATE_AFTER_OFFICIAL_POLICY_STATEMENT; EXACT_RELEASE_TIME_NOT_STORED,NO
2021-06-16,Neel Kashkari,UNKNOWN,,UNKNOWN,NO_DIRECTIONAL_PERSONAL_EVIDENCE_CLASSIFIED,,,,,2021-06-09,Page amendment: A community conversation with Twin Cities Diversity in Practice about educating all of our children,https://www.minneapolisfed.org/events/2021/page-amendment-a-community-conversation-with-twin-cities-diversity-in-practice,COMMUNICATION_EVENT_DATE_STRICTLY_BEFORE_SEP_WHEN_TIME_UNKNOWN,SEP_RELEASE_DATE_AFTER_OFFICIAL_POLICY_STATEMENT; EXACT_RELEASE_TIME_NOT_STORED,NO
2021-06-16,Patrick Harker,UNKNOWN,,UNKNOWN,NO_DIRECTIONAL_PERSONAL_EVIDENCE_CLASSIFIED,,,,,2021-06-03,Innovative Pathways to an Equitable Workforce Recovery,https://fraser.stlouisfed.org/title/statements-speeches-patrick-t-harker-6102/innovative-pathways-equitable-workforce-recovery-610482,COMMUNICATION_EVENT_DATE_STRICTLY_BEFORE_SEP_WHEN_TIME_UNKNOWN,SEP_RELEASE_DATE_AFTER_OFFICIAL_POLICY_STATEMENT; EXACT_RELEASE_TIME_NOT_STORED,NO
2021-06-16,Randal K. Quarles,COMMITTEE_HOLD,0,UNCHANGED,VOTE_ACTION_PROXY,2021-06-16,0,https://www.federalreserve.gov/newsevents/pressreleases/monetary20210616a.htm,"Voting for the monetary policy action were Jerome H. Powell, Chair; John C. Williams, Vice Chair; Thomas I. Barkin; Raphael W. Bostic; Michelle W. Bowman; Lael Brainard; Richard H. Clarida; Mary C. Daly; Charles L. Evans; Randal K. Quarles; and Christopher J. Waller. Implementation Note issued June 16, 2021",2021-06-03,"Jet Flight, Mail Bags, and Banking Regulation",https://www.federalreserve.gov/newsevents/speech/quarles20210603a.htm,COMMUNICATION_EVENT_DATE_STRICTLY_BEFORE_SEP_WHEN_TIME_UNKNOWN,SEP_RELEASE_DATE_AFTER_OFFICIAL_POLICY_STATEMENT; EXACT_RELEASE_TIME_NOT_STORED,NO
2021-06-16,Raphael W. Bostic,COMMITTEE_HOLD,0,UNCHANGED,VOTE_ACTION_PROXY,2021-06-16,0,https://www.federalreserve.gov/newsevents/pressreleases/monetary20210616a.htm,"Voting for the monetary policy action were Jerome H. Powell, Chair; John C. Williams, Vice Chair; Thomas I. Barkin; Raphael W. Bostic; Michelle W. Bowman; Lael Brainard; Richard H. Clarida; Mary C. Daly; Charles L. Evans; Randal K. Quarles; and Christopher J. Waller. Implementation Note issued June 16, 2021",2021-06-03,Workforce Realigned: How New Partnerships Are Advancing Economic Mobility,https://www.atlantafed.org/news-and-events/speeches/2021/06/03/workforce-realigned,COMMUNICATION_EVENT_DATE_STRICTLY_BEFORE_SEP_WHEN_TIME_UNKNOWN,SEP_RELEASE_DATE_AFTER_OFFICIAL_POLICY_STATEMENT; EXACT_RELEASE_TIME_NOT_STORED,NO
2021-06-16,Richard H. Clarida,COMMITTEE_HOLD,0,UNCHANGED,VOTE_ACTION_PROXY,2021-06-16,0,https://www.federalreserve.gov/newsevents/pressreleases/monetary20210616a.htm,"Voting for the monetary policy action were Jerome H. Powell, Chair; John C. Williams, Vice Chair; Thomas I. Barkin; Raphael W. Bostic; Michelle W. Bowman; Lael Brainard; Richard H. Clarida; Mary C. Daly; Charles L. Evans; Randal K. Quarles; and Christopher J. Waller. Implementation Note issued June 16, 2021",2021-05-17,"Sovereign Markets, Global Factors",https://www.federalreserve.gov/newsevents/speech/clarida20210517a.htm,COMMUNICATION_EVENT_DATE_STRICTLY_BEFORE_SEP_WHEN_TIME_UNKNOWN,SEP_RELEASE_DATE_AFTER_OFFICIAL_POLICY_STATEMENT; EXACT_RELEASE_TIME_NOT_STORED,NO
2021-06-16,Robert S. Kaplan,UNKNOWN,,UNKNOWN,NO_DIRECTIONAL_PERSONAL_EVIDENCE_CLASSIFIED,,,,,2021-05-27,Speeches and essays by former President Robert S. Kaplan (2015–21),https://www.dallasfed.org/news/speeches/kaplan,COMMUNICATION_EVENT_DATE_STRICTLY_BEFORE_SEP_WHEN_TIME_UNKNOWN,SEP_RELEASE_DATE_AFTER_OFFICIAL_POLICY_STATEMENT; EXACT_RELEASE_TIME_NOT_STORED,NO
2021-06-16,Thomas I. Barkin,COMMITTEE_HOLD,0,UNCHANGED,VOTE_ACTION_PROXY,2021-06-16,0,https://www.federalreserve.gov/newsevents/pressreleases/monetary20210616a.htm,"Voting for the monetary policy action were Jerome H. Powell, Chair; John C. Williams, Vice Chair; Thomas I. Barkin; Raphael W. Bostic; Michelle W. Bowman; Lael Brainard; Richard H. Clarida; Mary C. Daly; Charles L. Evans; Randal K. Quarles; and Christopher J. Waller. Implementation Note issued June 16, 2021",2021-06-02,A Unique Wage Environment,https://fraser.stlouisfed.org/title/statements-speeches-tom-barkin-9266/a-unique-wage-environment-678812,COMMUNICATION_EVENT_DATE_STRICTLY_BEFORE_SEP_WHEN_TIME_UNKNOWN,SEP_RELEASE_DATE_AFTER_OFFICIAL_POLICY_STATEMENT; EXACT_RELEASE_TIME_NOT_STORED,NO
2021-09-22,Charles L. Evans,COMMITTEE_HOLD,0,UNCHANGED,VOTE_ACTION_PROXY,2021-09-22,0,https://www.federalreserve.gov/newsevents/pressreleases/monetary20210922a.htm,"Voting for the monetary policy action were Jerome H. Powell, Chair; John C. Williams, Vice Chair; Thomas I. Barkin; Raphael W. Bostic; Michelle W. Bowman; Lael Brainard; Richard H. Clarida; Mary C. Daly; Charles L. Evans; Randal K. Quarles; and Christopher J. Waller. Implementation Note issued September 22, 2021",2021-09-09,Welcome Remarks Presented Virtually at 'Exploring Career Pathways in Economics and Related Fields' Cosponsored by the Federal Reserve Bank of Chicago and the Sadie Collective,https://fraser.stlouisfed.org/title/statements-speeches-charles-l-evans-8969/welcome-remarks-presented-virtually-exploring-career-pathways-economics-related-fields-cosponsored-federal-reserve-bank-chicago-sadie-collective-666968,COMMUNICATION_EVENT_DATE_STRICTLY_BEFORE_SEP_WHEN_TIME_UNKNOWN,SEP_RELEASE_DATE_AFTER_OFFICIAL_POLICY_STATEMENT; EXACT_RELEASE_TIME_NOT_STORED,NO
2021-09-22,Christopher J. Waller,UNKNOWN,,UNKNOWN,NO_DIRECTIONAL_PERSONAL_EVIDENCE_CLASSIFIED,,,,,2021-08-05,CBDC: A Solution in Search of a Problem?,https://www.federalreserve.gov/newsevents/speech/waller20210805a.htm,COMMUNICATION_EVENT_DATE_STRICTLY_BEFORE_SEP_WHEN_TIME_UNKNOWN,SEP_RELEASE_DATE_AFTER_OFFICIAL_POLICY_STATEMENT; EXACT_RELEASE_TIME_NOT_STORED,NO
2021-09-22,Eric S. Rosengren,UNKNOWN,,UNKNOWN,NO_DIRECTIONAL_PERSONAL_EVIDENCE_CLASSIFIED,,,,,2021-06-25,Official Monetary and Financial Institutions Forum Fed Week Financial Stability Session,https://www.bostonfed.org/news-and-events/speeches/2021/official-monetary-and-financial-institutions-forum-fed-week-financial-stability-session.aspx,COMMUNICATION_EVENT_DATE_STRICTLY_BEFORE_SEP_WHEN_TIME_UNKNOWN,SEP_RELEASE_DATE_AFTER_OFFICIAL_POLICY_STATEMENT; EXACT_RELEASE_TIME_NOT_STORED,NO
2021-09-22,Esther L. George,UNKNOWN,,UNKNOWN,NO_DIRECTIONAL_PERSONAL_EVIDENCE_CLASSIFIED,,,,,2021-08-11,Is the Economy Tight or Slack?,https://fraser.stlouisfed.org/title/statements-speeches-esther-l-george-9278/economy-tight-slack-679619,COMMUNICATION_EVENT_DATE_STRICTLY_BEFORE_SEP_WHEN_TIME_UNKNOWN,SEP_RELEASE_DATE_AFTER_OFFICIAL_POLICY_STATEMENT; EXACT_RELEASE_TIME_NOT_STORED,NO
2021-09-22,James Bullard,UNKNOWN,,UNKNOWN,NO_DIRECTIONAL_PERSONAL_EVIDENCE_CLASSIFIED,,,,,2021-08-30,U.S. Macroeconomic Performance During the Pandemic with Three Topics for Future Research,https://fraser.stlouisfed.org/title/statements-speeches-james-bullard-7161/us-macroeconomic-performance-pandemic-three-topics-future-research-655035,COMMUNICATION_EVENT_DATE_STRICTLY_BEFORE_SEP_WHEN_TIME_UNKNOWN,SEP_RELEASE_DATE_AFTER_OFFICIAL_POLICY_STATEMENT; EXACT_RELEASE_TIME_NOT_STORED,NO
2021-09-22,Jerome H. Powell,COMMITTEE_HOLD,0,UNCHANGED,VOTE_ACTION_PROXY,2021-09-22,0,https://www.federalreserve.gov/newsevents/pressreleases/monetary20210922a.htm,"Voting for the monetary policy action were Jerome H. Powell, Chair; John C. Williams, Vice Chair; Thomas I. Barkin; Raphael W. Bostic; Michelle W. Bowman; Lael Brainard; Richard H. Clarida; Mary C. Daly; Charles L. Evans; Randal K. Quarles; and Christopher J. Waller. Implementation Note issued September 22, 2021",2021-08-27,Monetary Policy in the Time of COVID,https://www.federalreserve.gov/newsevents/speech/powell20210827a.htm,COMMUNICATION_EVENT_DATE_STRICTLY_BEFORE_SEP_WHEN_TIME_UNKNOWN,SEP_RELEASE_DATE_AFTER_OFFICIAL_POLICY_STATEMENT; EXACT_RELEASE_TIME_NOT_STORED,NO
2021-09-22,John C. Williams,COMMITTEE_HOLD,0,UNCHANGED,VOTE_ACTION_PROXY,2021-09-22,0,https://www.federalreserve.gov/newsevents/pressreleases/monetary20210922a.htm,"Voting for the monetary policy action were Jerome H. Powell, Chair; John C. Williams, Vice Chair; Thomas I. Barkin; Raphael W. Bostic; Michelle W. Bowman; Lael Brainard; Richard H. Clarida; Mary C. Daly; Charles L. Evans; Randal K. Quarles; and Christopher J. Waller. Implementation Note issued September 22, 2021",2021-09-15,Held: Prepare for Landing,https://www.newyorkfed.org/newsevents/speeches/2021/hel210915,COMMUNICATION_EVENT_DATE_STRICTLY_BEFORE_SEP_WHEN_TIME_UNKNOWN,SEP_RELEASE_DATE_AFTER_OFFICIAL_POLICY_STATEMENT; EXACT_RELEASE_TIME_NOT_STORED,NO
2021-09-22,Lael Brainard,COMMITTEE_HOLD,0,UNCHANGED,VOTE_ACTION_PROXY,2021-09-22,0,https://www.federalreserve.gov/newsevents/pressreleases/monetary20210922a.htm,"Voting for the monetary policy action were Jerome H. Powell, Chair; John C. Williams, Vice Chair; Thomas I. Barkin; Raphael W. Bostic; Michelle W. Bowman; Lael Brainard; Richard H. Clarida; Mary C. Daly; Charles L. Evans; Randal K. Quarles; and Christopher J. Waller. Implementation Note issued September 22, 2021",2021-07-30,Assessing Progress as the Economy Moves from Reopening to Recovery,https://www.federalreserve.gov/newsevents/speech/brainard20210730a.htm,COMMUNICATION_EVENT_DATE_STRICTLY_BEFORE_SEP_WHEN_TIME_UNKNOWN,SEP_RELEASE_DATE_AFTER_OFFICIAL_POLICY_STATEMENT; EXACT_RELEASE_TIME_NOT_STORED,NO
2021-09-22,Loretta J. Mester,UNKNOWN,,UNKNOWN,NO_DIRECTIONAL_PERSONAL_EVIDENCE_CLASSIFIED,,,,,2021-09-10,The Federal Reserve's Revised Monetary Policy Strategy and Its First Year of Practice,https://www.clevelandfed.org/collections/speeches/2021/sp-20210910-the-federal-reserves-revised-monetary-policy-strategy-and-its-first-year-of-practice,COMMUNICATION_EVENT_DATE_STRICTLY_BEFORE_SEP_WHEN_TIME_UNKNOWN,SEP_RELEASE_DATE_AFTER_OFFICIAL_POLICY_STATEMENT; EXACT_RELEASE_TIME_NOT_STORED,NO
2021-09-22,Mary C. Daly,COMMITTEE_HOLD,0,UNCHANGED,VOTE_ACTION_PROXY,2021-09-22,0,https://www.federalreserve.gov/newsevents/pressreleases/monetary20210922a.htm,"Voting for the monetary policy action were Jerome H. Powell, Chair; John C. Williams, Vice Chair; Thomas I. Barkin; Raphael W. Bostic; Michelle W. Bowman; Lael Brainard; Richard H. Clarida; Mary C. Daly; Charles L. Evans; Randal K. Quarles; and Christopher J. Waller. Implementation Note issued September 22, 2021",2021-08-25,"Fintech, Racial Equity, and an Inclusive Financial System",https://fraser.stlouisfed.org/title/statements-speeches-mary-c-daly-9034/fintech-racial-equity-inclusive-financial-system-671967,COMMUNICATION_EVENT_DATE_STRICTLY_BEFORE_SEP_WHEN_TIME_UNKNOWN,SEP_RELEASE_DATE_AFTER_OFFICIAL_POLICY_STATEMENT; EXACT_RELEASE_TIME_NOT_STORED,NO
2021-09-22,Michelle W. Bowman,COMMITTEE_HOLD,0,UNCHANGED,VOTE_ACTION_PROXY,2021-09-22,0,https://www.federalreserve.gov/newsevents/pressreleases/monetary20210922a.htm,"Voting for the monetary policy action were Jerome H. Powell, Chair; John C. Williams, Vice Chair; Thomas I. Barkin; Raphael W. Bostic; Michelle W. Bowman; Lael Brainard; Richard H. Clarida; Mary C. Daly; Charles L. Evans; Randal K. Quarles; and Christopher J. Waller. Implementation Note issued September 22, 2021",2021-09-09,Community Bank Access to Innovation,https://www.federalreserve.gov/newsevents/speech/bowman20210909a.htm,COMMUNICATION_EVENT_DATE_STRICTLY_BEFORE_SEP_WHEN_TIME_UNKNOWN,SEP_RELEASE_DATE_AFTER_OFFICIAL_POLICY_STATEMENT; EXACT_RELEASE_TIME_NOT_STORED,NO
2021-09-22,Naureen Hassan,UNKNOWN,,UNKNOWN,NO_DIRECTIONAL_PERSONAL_EVIDENCE_CLASSIFIED,,,,,,,,COMMUNICATION_EVENT_DATE_STRICTLY_BEFORE_SEP_WHEN_TIME_UNKNOWN,SEP_RELEASE_DATE_AFTER_OFFICIAL_POLICY_STATEMENT; EXACT_RELEASE_TIME_NOT_STORED,NO
2021-09-22,Neel Kashkari,UNKNOWN,,UNKNOWN,NO_DIRECTIONAL_PERSONAL_EVIDENCE_CLASSIFIED,,,,,2021-08-17,Neel Kashkari Q&A at the Pacific Northwest Economic Region Annual Summit (PNWER),https://minneapolisfed.org/speeches/2021/neel-kashkari-qa-at-the-pacific-northwest-economic-region-annual-summit-pnwer,COMMUNICATION_EVENT_DATE_STRICTLY_BEFORE_SEP_WHEN_TIME_UNKNOWN,SEP_RELEASE_DATE_AFTER_OFFICIAL_POLICY_STATEMENT; EXACT_RELEASE_TIME_NOT_STORED,NO
2021-09-22,Patrick Harker,UNKNOWN,,UNKNOWN,NO_DIRECTIONAL_PERSONAL_EVIDENCE_CLASSIFIED,,,,,2021-09-09,"Understanding How Americans Earn, Save, and Invest",https://fraser.stlouisfed.org/title/statements-speeches-patrick-t-harker-6102/understanding-americans-earn-save-invest-610485,COMMUNICATION_EVENT_DATE_STRICTLY_BEFORE_SEP_WHEN_TIME_UNKNOWN,SEP_RELEASE_DATE_AFTER_OFFICIAL_POLICY_STATEMENT; EXACT_RELEASE_TIME_NOT_STORED,NO
2021-09-22,Randal K. Quarles,COMMITTEE_HOLD,0,UNCHANGED,VOTE_ACTION_PROXY,2021-09-22,0,https://www.federalreserve.gov/newsevents/pressreleases/monetary20210922a.htm,"Voting for the monetary policy action were Jerome H. Powell, Chair; John C. Williams, Vice Chair; Thomas I. Barkin; Raphael W. Bostic; Michelle W. Bowman; Lael Brainard; Richard H. Clarida; Mary C. Daly; Charles L. Evans; Randal K. Quarles; and Christopher J. Waller. Implementation Note issued September 22, 2021",2021-07-11,Disclosures and Data: Building Strong Foundations for Addressing Climate-Related Financial Risks,https://www.federalreserve.gov/newsevents/speech/quarles20210711a.htm,COMMUNICATION_EVENT_DATE_STRICTLY_BEFORE_SEP_WHEN_TIME_UNKNOWN,SEP_RELEASE_DATE_AFTER_OFFICIAL_POLICY_STATEMENT; EXACT_RELEASE_TIME_NOT_STORED,NO
2021-09-22,Raphael W. Bostic,COMMITTEE_HOLD,0,UNCHANGED,VOTE_ACTION_PROXY,2021-09-22,0,https://www.federalreserve.gov/newsevents/pressreleases/monetary20210922a.htm,"Voting for the monetary policy action were Jerome H. Powell, Chair; John C. Williams, Vice Chair; Thomas I. Barkin; Raphael W. Bostic; Michelle W. Bowman; Lael Brainard; Richard H. Clarida; Mary C. Daly; Charles L. Evans; Randal K. Quarles; and Christopher J. Waller. Implementation Note issued September 22, 2021",2021-09-02,President Bostic Shares Insight on the Economy on Bloomberg TV,https://www.atlantafed.org/news-and-events/speeches/2021/09/02/bostic-economic-opportunity-for-all,COMMUNICATION_EVENT_DATE_STRICTLY_BEFORE_SEP_WHEN_TIME_UNKNOWN,SEP_RELEASE_DATE_AFTER_OFFICIAL_POLICY_STATEMENT; EXACT_RELEASE_TIME_NOT_STORED,NO
2021-09-22,Richard H. Clarida,COMMITTEE_HOLD,0,UNCHANGED,VOTE_ACTION_PROXY,2021-09-22,0,https://www.federalreserve.gov/newsevents/pressreleases/monetary20210922a.htm,"Voting for the monetary policy action were Jerome H. Powell, Chair; John C. Williams, Vice Chair; Thomas I. Barkin; Raphael W. Bostic; Michelle W. Bowman; Lael Brainard; Richard H. Clarida; Mary C. Daly; Charles L. Evans; Randal K. Quarles; and Christopher J. Waller. Implementation Note issued September 22, 2021",2021-08-04,"Outlooks, Outcomes, and Prospects for U.S. Monetary Policy",https://www.federalreserve.gov/newsevents/speech/clarida20210804a.htm,COMMUNICATION_EVENT_DATE_STRICTLY_BEFORE_SEP_WHEN_TIME_UNKNOWN,SEP_RELEASE_DATE_AFTER_OFFICIAL_POLICY_STATEMENT; EXACT_RELEASE_TIME_NOT_STORED,NO
2021-09-22,Robert S. Kaplan,UNKNOWN,,UNKNOWN,NO_DIRECTIONAL_PERSONAL_EVIDENCE_CLASSIFIED,,,,,2021-05-27,Speeches and essays by former President Robert S. Kaplan (2015–21),https://www.dallasfed.org/news/speeches/kaplan,COMMUNICATION_EVENT_DATE_STRICTLY_BEFORE_SEP_WHEN_TIME_UNKNOWN,SEP_RELEASE_DATE_AFTER_OFFICIAL_POLICY_STATEMENT; EXACT_RELEASE_TIME_NOT_STORED,NO
2021-09-22,Thomas I. Barkin,COMMITTEE_HOLD,0,UNCHANGED,VOTE_ACTION_PROXY,2021-09-22,0,https://www.federalreserve.gov/newsevents/pressreleases/monetary20210922a.htm,"Voting for the monetary policy action were Jerome H. Powell, Chair; John C. Williams, Vice Chair; Thomas I. Barkin; Raphael W. Bostic; Michelle W. Bowman; Lael Brainard; Richard H. Clarida; Mary C. Daly; Charles L. Evans; Randal K. Quarles; and Christopher J. Waller. Implementation Note issued September 22, 2021",2021-09-10,Are More Quits on the Horizon?,https://fraser.stlouisfed.org/title/statements-speeches-tom-barkin-9266/quits-horizon-678820,COMMUNICATION_EVENT_DATE_STRICTLY_BEFORE_SEP_WHEN_TIME_UNKNOWN,SEP_RELEASE_DATE_AFTER_OFFICIAL_POLICY_STATEMENT; EXACT_RELEASE_TIME_NOT_STORED,NO
2021-12-15,Charles L. Evans,COMMITTEE_HOLD,0,UNCHANGED,VOTE_ACTION_PROXY,2021-12-15,0,https://www.federalreserve.gov/newsevents/pressreleases/monetary20211215a.htm,"Voting for the monetary policy action were Jerome H. Powell, Chair; John C. Williams, Vice Chair; Thomas I. Barkin; Raphael W. Bostic; Michelle W. Bowman; Lael Brainard; Richard H. Clarida; Mary C. Daly; Charles L. Evans; Randal K. Quarles; and Christopher J. Waller. Implementation Note issued December 15, 2021",2021-11-08,What's Driving Growth and Inflation?,https://fraser.stlouisfed.org/title/statements-speeches-charles-l-evans-8969/whats-driving-growth-inflation-666970,COMMUNICATION_EVENT_DATE_STRICTLY_BEFORE_SEP_WHEN_TIME_UNKNOWN,SEP_RELEASE_DATE_AFTER_OFFICIAL_POLICY_STATEMENT; EXACT_RELEASE_TIME_NOT_STORED,NO
2021-12-15,Christopher J. Waller,UNKNOWN,,UNKNOWN,NO_DIRECTIONAL_PERSONAL_EVIDENCE_CLASSIFIED,,,,,2021-11-19,Economic Outlook,https://www.federalreserve.gov/newsevents/speech/waller20211119a.htm,COMMUNICATION_EVENT_DATE_STRICTLY_BEFORE_SEP_WHEN_TIME_UNKNOWN,SEP_RELEASE_DATE_AFTER_OFFICIAL_POLICY_STATEMENT; EXACT_RELEASE_TIME_NOT_STORED,NO
2021-12-15,Esther L. George,UNKNOWN,,UNKNOWN,NO_DIRECTIONAL_PERSONAL_EVIDENCE_CLASSIFIED,,,,,2021-11-05,"Higher Prices: Supply Bottlenecks, Robust Demand, or Both? Lessons from Energy Markets for the Broader Economy",https://fraser.stlouisfed.org/title/statements-speeches-esther-l-george-9278/higher-prices-supply-bottlenecks-robust-demand-lessons-energy-markets-broader-economy-679623,COMMUNICATION_EVENT_DATE_STRICTLY_BEFORE_SEP_WHEN_TIME_UNKNOWN,SEP_RELEASE_DATE_AFTER_OFFICIAL_POLICY_STATEMENT; EXACT_RELEASE_TIME_NOT_STORED,NO
2021-12-15,James Bullard,UNKNOWN,,UNKNOWN,NO_DIRECTIONAL_PERSONAL_EVIDENCE_CLASSIFIED,,,,,2021-09-28,Bullard Speaks about Inflation Risk and Delta Variant Effect on Growth at a Research Conference,https://fraser.stlouisfed.org/title/statements-speeches-james-bullard-7161/bullard-speaks-inflation-risk-delta-variant-effect-growth-a-research-conference-655036,COMMUNICATION_EVENT_DATE_STRICTLY_BEFORE_SEP_WHEN_TIME_UNKNOWN,SEP_RELEASE_DATE_AFTER_OFFICIAL_POLICY_STATEMENT; EXACT_RELEASE_TIME_NOT_STORED,NO
2021-12-15,Jerome H. Powell,COMMITTEE_HOLD,0,UNCHANGED,VOTE_ACTION_PROXY,2021-12-15,0,https://www.federalreserve.gov/newsevents/pressreleases/monetary20211215a.htm,"Voting for the monetary policy action were Jerome H. Powell, Chair; John C. Williams, Vice Chair; Thomas I. Barkin; Raphael W. Bostic; Michelle W. Bowman; Lael Brainard; Richard H. Clarida; Mary C. Daly; Charles L. Evans; Randal K. Quarles; and Christopher J. Waller. Implementation Note issued December 15, 2021",2021-11-29,Opening Remarks,https://www.federalreserve.gov/newsevents/speech/powell20211129a.htm,COMMUNICATION_EVENT_DATE_STRICTLY_BEFORE_SEP_WHEN_TIME_UNKNOWN,SEP_RELEASE_DATE_AFTER_OFFICIAL_POLICY_STATEMENT; EXACT_RELEASE_TIME_NOT_STORED,NO
2021-12-15,John C. Williams,COMMITTEE_HOLD,0,UNCHANGED,VOTE_ACTION_PROXY,2021-12-15,0,https://www.federalreserve.gov/newsevents/pressreleases/monetary20211215a.htm,"Voting for the monetary policy action were Jerome H. Powell, Chair; John C. Williams, Vice Chair; Thomas I. Barkin; Raphael W. Bostic; Michelle W. Bowman; Lael Brainard; Richard H. Clarida; Mary C. Daly; Charles L. Evans; Randal K. Quarles; and Christopher J. Waller. Implementation Note issued December 15, 2021",2021-11-30,"Healthy Workforce, Healthy Economy",https://fraser.stlouisfed.org/title/statements-speeches-john-c-williams-9040/healthy-workforce-healthy-economy-680922,COMMUNICATION_EVENT_DATE_STRICTLY_BEFORE_SEP_WHEN_TIME_UNKNOWN,SEP_RELEASE_DATE_AFTER_OFFICIAL_POLICY_STATEMENT; EXACT_RELEASE_TIME_NOT_STORED,NO
2021-12-15,Kenneth C. Montgomery,UNKNOWN,,UNKNOWN,NO_DIRECTIONAL_PERSONAL_EVIDENCE_CLASSIFIED,,,,,2021-11-08,The Importance of Examining the Risks of High Leverage to the Real Economy,https://www.bostonfed.org/news-and-events/speeches/2021/the-importance-of-examining-the-risks-of-high-leverage-to-the-real-economy.aspx,COMMUNICATION_EVENT_DATE_STRICTLY_BEFORE_SEP_WHEN_TIME_UNKNOWN,SEP_RELEASE_DATE_AFTER_OFFICIAL_POLICY_STATEMENT; EXACT_RELEASE_TIME_NOT_STORED,NO
2021-12-15,Lael Brainard,COMMITTEE_HOLD,0,UNCHANGED,VOTE_ACTION_PROXY,2021-12-15,0,https://www.federalreserve.gov/newsevents/pressreleases/monetary20211215a.htm,"Voting for the monetary policy action were Jerome H. Powell, Chair; John C. Williams, Vice Chair; Thomas I. Barkin; Raphael W. Bostic; Michelle W. Bowman; Lael Brainard; Richard H. Clarida; Mary C. Daly; Charles L. Evans; Randal K. Quarles; and Christopher J. Waller. Implementation Note issued December 15, 2021",2021-10-13,Financial Inclusion and Economic Challenges in the Shadow of the Pandemic: A Conversation with Tribal Leaders,https://www.federalreserve.gov/newsevents/speech/brainard20211013a.htm,COMMUNICATION_EVENT_DATE_STRICTLY_BEFORE_SEP_WHEN_TIME_UNKNOWN,SEP_RELEASE_DATE_AFTER_OFFICIAL_POLICY_STATEMENT; EXACT_RELEASE_TIME_NOT_STORED,NO
2021-12-15,Loretta J. Mester,UNKNOWN,,UNKNOWN,NO_DIRECTIONAL_PERSONAL_EVIDENCE_CLASSIFIED,,,,,2021-11-30,President Mester in conversation with Federal Reserve Vice Chair Clarida,https://www.clevelandfed.org/collections/speeches/2021/sp-20211130-president-mester-in-conversation-with-federal-reserve-vice-chair-clarida,COMMUNICATION_EVENT_DATE_STRICTLY_BEFORE_SEP_WHEN_TIME_UNKNOWN,SEP_RELEASE_DATE_AFTER_OFFICIAL_POLICY_STATEMENT; EXACT_RELEASE_TIME_NOT_STORED,NO
2021-12-15,Mary C. Daly,COMMITTEE_HOLD,0,UNCHANGED,VOTE_ACTION_PROXY,2021-12-15,0,https://www.federalreserve.gov/newsevents/pressreleases/monetary20211215a.htm,"Voting for the monetary policy action were Jerome H. Powell, Chair; John C. Williams, Vice Chair; Thomas I. Barkin; Raphael W. Bostic; Michelle W. Bowman; Lael Brainard; Richard H. Clarida; Mary C. Daly; Charles L. Evans; Randal K. Quarles; and Christopher J. Waller. Implementation Note issued December 15, 2021",2021-11-16,Policymaking in a Time of Uncertainty - San Francisco Fed,https://www.frbsf.org/news-and-media/speeches/mary-c-daly/2021/11/policymaking-in-a-time-of-uncertainty,COMMUNICATION_EVENT_DATE_STRICTLY_BEFORE_SEP_WHEN_TIME_UNKNOWN,SEP_RELEASE_DATE_AFTER_OFFICIAL_POLICY_STATEMENT; EXACT_RELEASE_TIME_NOT_STORED,NO
2021-12-15,Michelle W. Bowman,COMMITTEE_HOLD,0,UNCHANGED,VOTE_ACTION_PROXY,2021-12-15,0,https://www.federalreserve.gov/newsevents/pressreleases/monetary20211215a.htm,"Voting for the monetary policy action were Jerome H. Powell, Chair; John C. Williams, Vice Chair; Thomas I. Barkin; Raphael W. Bostic; Michelle W. Bowman; Lael Brainard; Richard H. Clarida; Mary C. Daly; Charles L. Evans; Randal K. Quarles; and Christopher J. Waller. Implementation Note issued December 15, 2021",2021-11-29,"Engagement, Research and Policy: Integrating Indigenous Voices into Economic Inclusion at the Federal Reserve",https://www.federalreserve.gov/newsevents/speech/bowman20211129a.htm,COMMUNICATION_EVENT_DATE_STRICTLY_BEFORE_SEP_WHEN_TIME_UNKNOWN,SEP_RELEASE_DATE_AFTER_OFFICIAL_POLICY_STATEMENT; EXACT_RELEASE_TIME_NOT_STORED,NO
2021-12-15,Naureen Hassan,UNKNOWN,,UNKNOWN,NO_DIRECTIONAL_PERSONAL_EVIDENCE_CLASSIFIED,,,,,,,,COMMUNICATION_EVENT_DATE_STRICTLY_BEFORE_SEP_WHEN_TIME_UNKNOWN,SEP_RELEASE_DATE_AFTER_OFFICIAL_POLICY_STATEMENT; EXACT_RELEASE_TIME_NOT_STORED,NO
2021-12-15,Neel Kashkari,UNKNOWN,,UNKNOWN,NO_DIRECTIONAL_PERSONAL_EVIDENCE_CLASSIFIED,,,,,2021-12-07,The Time Is Now to Put Minnesota Children First: A Conversation in St. Cloud,https://www.minneapolisfed.org/events/2021/the-time-is-now-to-put-minnesota-children-first-a-conversation-in-st-cloud,COMMUNICATION_EVENT_DATE_STRICTLY_BEFORE_SEP_WHEN_TIME_UNKNOWN,SEP_RELEASE_DATE_AFTER_OFFICIAL_POLICY_STATEMENT; EXACT_RELEASE_TIME_NOT_STORED,NO
2021-12-15,Patrick Harker,UNKNOWN,,UNKNOWN,NO_DIRECTIONAL_PERSONAL_EVIDENCE_CLASSIFIED,,,,,2021-11-16,Fintech and Financial Inclusion,https://fraser.stlouisfed.org/title/statements-speeches-patrick-t-harker-6102/fintech-financial-inclusion-610490,COMMUNICATION_EVENT_DATE_STRICTLY_BEFORE_SEP_WHEN_TIME_UNKNOWN,SEP_RELEASE_DATE_AFTER_OFFICIAL_POLICY_STATEMENT; EXACT_RELEASE_TIME_NOT_STORED,NO
2021-12-15,Randal K. Quarles,COMMITTEE_HOLD,0,UNCHANGED,VOTE_ACTION_PROXY,2021-12-15,0,https://www.federalreserve.gov/newsevents/pressreleases/monetary20211215a.htm,"Voting for the monetary policy action were Jerome H. Powell, Chair; John C. Williams, Vice Chair; Thomas I. Barkin; Raphael W. Bostic; Michelle W. Bowman; Lael Brainard; Richard H. Clarida; Mary C. Daly; Charles L. Evans; Randal K. Quarles; and Christopher J. Waller. Implementation Note issued December 15, 2021",2021-12-02,Between the Hither and the Farther Shore: Thoughts on Unfinished Business,https://www.federalreserve.gov/newsevents/speech/quarles20211202a.htm,COMMUNICATION_EVENT_DATE_STRICTLY_BEFORE_SEP_WHEN_TIME_UNKNOWN,SEP_RELEASE_DATE_AFTER_OFFICIAL_POLICY_STATEMENT; EXACT_RELEASE_TIME_NOT_STORED,NO
2021-12-15,Raphael W. Bostic,COMMITTEE_HOLD,0,UNCHANGED,VOTE_ACTION_PROXY,2021-12-15,0,https://www.federalreserve.gov/newsevents/pressreleases/monetary20211215a.htm,"Voting for the monetary policy action were Jerome H. Powell, Chair; John C. Williams, Vice Chair; Thomas I. Barkin; Raphael W. Bostic; Michelle W. Bowman; Lael Brainard; Richard H. Clarida; Mary C. Daly; Charles L. Evans; Randal K. Quarles; and Christopher J. Waller. Implementation Note issued December 15, 2021",2021-12-02,Bostic Speaks at Reuters Next,https://www.atlantafed.org/news-and-events/media-interviews/2021/12/02/bostic-speaks-at-reuters-next,COMMUNICATION_EVENT_DATE_STRICTLY_BEFORE_SEP_WHEN_TIME_UNKNOWN,SEP_RELEASE_DATE_AFTER_OFFICIAL_POLICY_STATEMENT; EXACT_RELEASE_TIME_NOT_STORED,NO
2021-12-15,Richard H. Clarida,COMMITTEE_HOLD,0,UNCHANGED,VOTE_ACTION_PROXY,2021-12-15,0,https://www.federalreserve.gov/newsevents/pressreleases/monetary20211215a.htm,"Voting for the monetary policy action were Jerome H. Powell, Chair; John C. Williams, Vice Chair; Thomas I. Barkin; Raphael W. Bostic; Michelle W. Bowman; Lael Brainard; Richard H. Clarida; Mary C. Daly; Charles L. Evans; Randal K. Quarles; and Christopher J. Waller. Implementation Note issued December 15, 2021",2021-11-30,Federal Reserve Independence: Foundations and Responsibilities,https://www.federalreserve.gov/newsevents/speech/clarida20211130a.htm,COMMUNICATION_EVENT_DATE_STRICTLY_BEFORE_SEP_WHEN_TIME_UNKNOWN,SEP_RELEASE_DATE_AFTER_OFFICIAL_POLICY_STATEMENT; EXACT_RELEASE_TIME_NOT_STORED,NO
2021-12-15,Thomas I. Barkin,COMMITTEE_HOLD,0,UNCHANGED,VOTE_ACTION_PROXY,2021-12-15,0,https://www.federalreserve.gov/newsevents/pressreleases/monetary20211215a.htm,"Voting for the monetary policy action were Jerome H. Powell, Chair; John C. Williams, Vice Chair; Thomas I. Barkin; Raphael W. Bostic; Michelle W. Bowman; Lael Brainard; Richard H. Clarida; Mary C. Daly; Charles L. Evans; Randal K. Quarles; and Christopher J. Waller. Implementation Note issued December 15, 2021",2021-10-21,What's Sidelining Women?,https://fraser.stlouisfed.org/title/statements-speeches-tom-barkin-9266/whats-sidelining-women-678824,COMMUNICATION_EVENT_DATE_STRICTLY_BEFORE_SEP_WHEN_TIME_UNKNOWN,SEP_RELEASE_DATE_AFTER_OFFICIAL_POLICY_STATEMENT; EXACT_RELEASE_TIME_NOT_STORED,NO
2022-03-16,Charles L. Evans,UNKNOWN,,UNKNOWN,NO_DIRECTIONAL_PERSONAL_EVIDENCE_CLASSIFIED,,,,,2022-02-18,On the Benefits of Running the Economy Hot,https://fraser.stlouisfed.org/title/statements-speeches-charles-l-evans-8969/benefits-running-economy-hot-666972,COMMUNICATION_EVENT_DATE_STRICTLY_BEFORE_SEP_WHEN_TIME_UNKNOWN,SEP_RELEASE_DATE_AFTER_OFFICIAL_POLICY_STATEMENT; EXACT_RELEASE_TIME_NOT_STORED,NO
2022-03-16,Christopher J. Waller,COMMITTEE_HIKE,1,UNKNOWN,VOTE_ACTION_PROXY,2022-03-16,0,https://www.federalreserve.gov/newsevents/pressreleases/monetary20220316a.htm,"Voting for the monetary policy action were Jerome H. Powell, Chair; John C. Williams, Vice Chair; Michelle W. Bowman; Lael Brainard; Esther L. George; Patrick Harker; Loretta J. Mester; and Christopher J. Waller. Voting against this action was James Bullard, who preferred at this meeting to raise the target range for the federal funds rate by 0.5 percentage point to 1/2 to 3/4 percent. Patrick Harker voted as an alternate member at this meeting. Implementation Note issued March 16, 2022",2022-02-24,Fighting Inflation with Rate Hikes and Balance Sheet Reduction,https://www.federalreserve.gov/newsevents/speech/waller20220224a.htm,COMMUNICATION_EVENT_DATE_STRICTLY_BEFORE_SEP_WHEN_TIME_UNKNOWN,SEP_RELEASE_DATE_AFTER_OFFICIAL_POLICY_STATEMENT; EXACT_RELEASE_TIME_NOT_STORED,NO
2022-03-16,Esther L. George,COMMITTEE_HIKE,1,UNKNOWN,VOTE_ACTION_PROXY,2022-03-16,0,https://www.federalreserve.gov/newsevents/pressreleases/monetary20220316a.htm,"Voting for the monetary policy action were Jerome H. Powell, Chair; John C. Williams, Vice Chair; Michelle W. Bowman; Lael Brainard; Esther L. George; Patrick Harker; Loretta J. Mester; and Christopher J. Waller. Voting against this action was James Bullard, who preferred at this meeting to raise the target range for the federal funds rate by 0.5 percentage point to 1/2 to 3/4 percent. Patrick Harker voted as an alternate member at this meeting. Implementation Note issued March 16, 2022",2022-01-31,The Economic Outlook and Monetary Policy,https://fraser.stlouisfed.org/title/statements-speeches-esther-l-george-9278/economic-outlook-monetary-policy-679625,COMMUNICATION_EVENT_DATE_STRICTLY_BEFORE_SEP_WHEN_TIME_UNKNOWN,SEP_RELEASE_DATE_AFTER_OFFICIAL_POLICY_STATEMENT; EXACT_RELEASE_TIME_NOT_STORED,NO
2022-03-16,James Bullard,TIGHTER,2,UNKNOWN,NAMED_DISSENT,2022-03-16,0,https://www.federalreserve.gov/newsevents/pressreleases/monetary20220316a.htm,"Voting for the monetary policy action were Jerome H. Powell, Chair; John C. Williams, Vice Chair; Michelle W. Bowman; Lael Brainard; Esther L. George; Patrick Harker; Loretta J. Mester; and Christopher J. Waller. Voting against this action was James Bullard, who preferred at this meeting to raise the target range for the federal funds rate by 0.5 percentage point to 1/2 to 3/4 percent. Patrick Harker voted as an alternate member at this meeting. Implementation Note issued March 16, 2022",2022-02-11,A Two-Tranche View of National Debt,https://fraser.stlouisfed.org/title/statements-speeches-james-bullard-7161/a-two-tranche-view-national-debt-655040,COMMUNICATION_EVENT_DATE_STRICTLY_BEFORE_SEP_WHEN_TIME_UNKNOWN,SEP_RELEASE_DATE_AFTER_OFFICIAL_POLICY_STATEMENT; EXACT_RELEASE_TIME_NOT_STORED,NO
2022-03-16,Jerome H. Powell,COMMITTEE_HIKE,1,MORE_HAWKISH,VOTE_ACTION_PROXY,2022-03-16,0,https://www.federalreserve.gov/newsevents/pressreleases/monetary20220316a.htm,"Voting for the monetary policy action were Jerome H. Powell, Chair; John C. Williams, Vice Chair; Michelle W. Bowman; Lael Brainard; Esther L. George; Patrick Harker; Loretta J. Mester; and Christopher J. Waller. Voting against this action was James Bullard, who preferred at this meeting to raise the target range for the federal funds rate by 0.5 percentage point to 1/2 to 3/4 percent. Patrick Harker voted as an alternate member at this meeting. Implementation Note issued March 16, 2022",2021-11-29,Opening Remarks,https://www.federalreserve.gov/newsevents/speech/powell20211129a.htm,COMMUNICATION_EVENT_DATE_STRICTLY_BEFORE_SEP_WHEN_TIME_UNKNOWN,SEP_RELEASE_DATE_AFTER_OFFICIAL_POLICY_STATEMENT; EXACT_RELEASE_TIME_NOT_STORED,NO
2022-03-16,John C. Williams,COMMITTEE_HIKE,1,MORE_HAWKISH,VOTE_ACTION_PROXY,2022-03-16,0,https://www.federalreserve.gov/newsevents/pressreleases/monetary20220316a.htm,"Voting for the monetary policy action were Jerome H. Powell, Chair; John C. Williams, Vice Chair; Michelle W. Bowman; Lael Brainard; Esther L. George; Patrick Harker; Loretta J. Mester; and Christopher J. Waller. Voting against this action was James Bullard, who preferred at this meeting to raise the target range for the federal funds rate by 0.5 percentage point to 1/2 to 3/4 percent. Patrick Harker voted as an alternate member at this meeting. Implementation Note issued March 16, 2022",2022-02-18,Restoring Balance,https://fraser.stlouisfed.org/title/statements-speeches-john-c-williams-9040/restoring-balance-680924,COMMUNICATION_EVENT_DATE_STRICTLY_BEFORE_SEP_WHEN_TIME_UNKNOWN,SEP_RELEASE_DATE_AFTER_OFFICIAL_POLICY_STATEMENT; EXACT_RELEASE_TIME_NOT_STORED,NO
2022-03-16,Lael Brainard,COMMITTEE_HIKE,1,MORE_HAWKISH,VOTE_ACTION_PROXY,2022-03-16,0,https://www.federalreserve.gov/newsevents/pressreleases/monetary20220316a.htm,"Voting for the monetary policy action were Jerome H. Powell, Chair; John C. Williams, Vice Chair; Michelle W. Bowman; Lael Brainard; Esther L. George; Patrick Harker; Loretta J. Mester; and Christopher J. Waller. Voting against this action was James Bullard, who preferred at this meeting to raise the target range for the federal funds rate by 0.5 percentage point to 1/2 to 3/4 percent. Patrick Harker voted as an alternate member at this meeting. Implementation Note issued March 16, 2022",2022-02-18,Preparing for the Financial System of the Future,https://www.federalreserve.gov/newsevents/speech/brainard20220218a.htm,COMMUNICATION_EVENT_DATE_STRICTLY_BEFORE_SEP_WHEN_TIME_UNKNOWN,SEP_RELEASE_DATE_AFTER_OFFICIAL_POLICY_STATEMENT; EXACT_RELEASE_TIME_NOT_STORED,NO
2022-03-16,Loretta J. Mester,COMMITTEE_HIKE,1,UNKNOWN,VOTE_ACTION_PROXY,2022-03-16,0,https://www.federalreserve.gov/newsevents/pressreleases/monetary20220316a.htm,"Voting for the monetary policy action were Jerome H. Powell, Chair; John C. Williams, Vice Chair; Michelle W. Bowman; Lael Brainard; Esther L. George; Patrick Harker; Loretta J. Mester; and Christopher J. Waller. Voting against this action was James Bullard, who preferred at this meeting to raise the target range for the federal funds rate by 0.5 percentage point to 1/2 to 3/4 percent. Patrick Harker voted as an alternate member at this meeting. Implementation Note issued March 16, 2022",2022-02-24,An Update on the U.S. Economy and Monetary Policy,https://www.clevelandfed.org/collections/speeches/2022/sp-20220224-an-update-on-the-us-economy-and-monetary-policy,COMMUNICATION_EVENT_DATE_STRICTLY_BEFORE_SEP_WHEN_TIME_UNKNOWN,SEP_RELEASE_DATE_AFTER_OFFICIAL_POLICY_STATEMENT; EXACT_RELEASE_TIME_NOT_STORED,NO
2022-03-16,Mary C. Daly,UNKNOWN,,UNKNOWN,NO_DIRECTIONAL_PERSONAL_EVIDENCE_CLASSIFIED,,,,,2022-02-23,This Time Is Different…Because We Are - San Francisco Fed,https://www.frbsf.org/news-and-media/speeches/mary-c-daly/2022/02/this-time-is-different-because-we-are,COMMUNICATION_EVENT_DATE_STRICTLY_BEFORE_SEP_WHEN_TIME_UNKNOWN,SEP_RELEASE_DATE_AFTER_OFFICIAL_POLICY_STATEMENT; EXACT_RELEASE_TIME_NOT_STORED,NO
2022-03-16,Meredith Black,UNKNOWN,,UNKNOWN,NO_DIRECTIONAL_PERSONAL_EVIDENCE_CLASSIFIED,,,,,,,,COMMUNICATION_EVENT_DATE_STRICTLY_BEFORE_SEP_WHEN_TIME_UNKNOWN,SEP_RELEASE_DATE_AFTER_OFFICIAL_POLICY_STATEMENT; EXACT_RELEASE_TIME_NOT_STORED,NO
2022-03-16,Michelle W. Bowman,COMMITTEE_HIKE,1,MORE_HAWKISH,VOTE_ACTION_PROXY,2022-03-16,0,https://www.federalreserve.gov/newsevents/pressreleases/monetary20220316a.htm,"Voting for the monetary policy action were Jerome H. Powell, Chair; John C. Williams, Vice Chair; Michelle W. Bowman; Lael Brainard; Esther L. George; Patrick Harker; Loretta J. Mester; and Christopher J. Waller. Voting against this action was James Bullard, who preferred at this meeting to raise the target range for the federal funds rate by 0.5 percentage point to 1/2 to 3/4 percent. Patrick Harker voted as an alternate member at this meeting. Implementation Note issued March 16, 2022",2022-02-21,High Inflation and the Outlook for Monetary Policy,https://www.federalreserve.gov/newsevents/speech/bowman20220221a.htm,COMMUNICATION_EVENT_DATE_STRICTLY_BEFORE_SEP_WHEN_TIME_UNKNOWN,SEP_RELEASE_DATE_AFTER_OFFICIAL_POLICY_STATEMENT; EXACT_RELEASE_TIME_NOT_STORED,NO
2022-03-16,Naureen Hassan,UNKNOWN,,UNKNOWN,NO_DIRECTIONAL_PERSONAL_EVIDENCE_CLASSIFIED,,,,,,,,COMMUNICATION_EVENT_DATE_STRICTLY_BEFORE_SEP_WHEN_TIME_UNKNOWN,SEP_RELEASE_DATE_AFTER_OFFICIAL_POLICY_STATEMENT; EXACT_RELEASE_TIME_NOT_STORED,NO
2022-03-16,Neel Kashkari,UNKNOWN,,UNKNOWN,NO_DIRECTIONAL_PERSONAL_EVIDENCE_CLASSIFIED,,,,,2022-02-25,The Time Is Now to Put Minnesota Children First:  A Conversation in Rochester,https://www.minneapolisfed.org/events/2022/the-time-is-now-to-put-minnesota-children-first-a-conversation-in-rochester,COMMUNICATION_EVENT_DATE_STRICTLY_BEFORE_SEP_WHEN_TIME_UNKNOWN,SEP_RELEASE_DATE_AFTER_OFFICIAL_POLICY_STATEMENT; EXACT_RELEASE_TIME_NOT_STORED,NO
2022-03-16,Patrick Harker,COMMITTEE_HIKE,1,UNKNOWN,VOTE_ACTION_PROXY,2022-03-16,0,https://www.federalreserve.gov/newsevents/pressreleases/monetary20220316a.htm,"Voting for the monetary policy action were Jerome H. Powell, Chair; John C. Williams, Vice Chair; Michelle W. Bowman; Lael Brainard; Esther L. George; Patrick Harker; Loretta J. Mester; and Christopher J. Waller. Voting against this action was James Bullard, who preferred at this meeting to raise the target range for the federal funds rate by 0.5 percentage point to 1/2 to 3/4 percent. Patrick Harker voted as an alternate member at this meeting. Implementation Note issued March 16, 2022",2022-01-14,Survey Results on the State of the Economy,https://fraser.stlouisfed.org/title/statements-speeches-patrick-t-harker-6102/survey-results-state-economy-667636,COMMUNICATION_EVENT_DATE_STRICTLY_BEFORE_SEP_WHEN_TIME_UNKNOWN,SEP_RELEASE_DATE_AFTER_OFFICIAL_POLICY_STATEMENT; EXACT_RELEASE_TIME_NOT_STORED,NO
2022-03-16,Raphael W. Bostic,UNKNOWN,,UNKNOWN,NO_DIRECTIONAL_PERSONAL_EVIDENCE_CLASSIFIED,,,,,2022-03-09,President Bostic Speaks with Atlanta Voice in Interview Series,https://www.atlantafed.org/news-and-events/media-interviews/2022/03/09/bostic-interview-atlanta-voice,COMMUNICATION_EVENT_DATE_STRICTLY_BEFORE_SEP_WHEN_TIME_UNKNOWN,SEP_RELEASE_DATE_AFTER_OFFICIAL_POLICY_STATEMENT; EXACT_RELEASE_TIME_NOT_STORED,NO
2022-03-16,Thomas I. Barkin,UNKNOWN,,UNKNOWN,NO_DIRECTIONAL_PERSONAL_EVIDENCE_CLASSIFIED,,,,,2022-03-03,Breaking Down the Labor Shortage,https://fraser.stlouisfed.org/title/statements-speeches-tom-barkin-9266/breaking-labor-shortage-678827,COMMUNICATION_EVENT_DATE_STRICTLY_BEFORE_SEP_WHEN_TIME_UNKNOWN,SEP_RELEASE_DATE_AFTER_OFFICIAL_POLICY_STATEMENT; EXACT_RELEASE_TIME_NOT_STORED,NO
2022-06-15,Charles L. Evans,UNKNOWN,,UNKNOWN,NO_DIRECTIONAL_PERSONAL_EVIDENCE_CLASSIFIED,,,,,2022-05-17,Inflation Dynamics and the Monetary Policy Response,https://fraser.stlouisfed.org/title/statements-speeches-charles-l-evans-8969/inflation-dynamics-monetary-policy-response-666975,COMMUNICATION_EVENT_DATE_STRICTLY_BEFORE_SEP_WHEN_TIME_UNKNOWN,SEP_RELEASE_DATE_AFTER_OFFICIAL_POLICY_STATEMENT; EXACT_RELEASE_TIME_NOT_STORED,NO
2022-06-15,Christopher J. Waller,COMMITTEE_HIKE,1,UNCHANGED,VOTE_ACTION_PROXY,2022-06-15,0,https://www.federalreserve.gov/newsevents/pressreleases/monetary20220615a.htm,"Voting for the monetary policy action were Jerome H. Powell, Chair; John C. Williams, Vice Chair; Michelle W. Bowman; Lael Brainard; James Bullard; Lisa D. Cook; Patrick Harker; Philip N. Jefferson; Loretta J. Mester; and Christopher J. Waller. Voting against this action was Esther L. George, who preferred at this meeting to raise the target range for the federal funds rate by 0.5 percentage point to 1-1/4 percent to 1-1/2 percent. Patrick Harker voted as an alternate member at this meeting. Implementation Note issued June 15, 2022",2022-06-03,Risk in the Crypto Markets,https://www.federalreserve.gov/newsevents/speech/waller20220603a.htm,COMMUNICATION_EVENT_DATE_STRICTLY_BEFORE_SEP_WHEN_TIME_UNKNOWN,SEP_RELEASE_DATE_AFTER_OFFICIAL_POLICY_STATEMENT; EXACT_RELEASE_TIME_NOT_STORED,NO
2022-06-15,Esther L. George,EASIER,-2,MORE_DOVISH,NAMED_DISSENT,2022-06-15,0,https://www.federalreserve.gov/newsevents/pressreleases/monetary20220615a.htm,"Voting for the monetary policy action were Jerome H. Powell, Chair; John C. Williams, Vice Chair; Michelle W. Bowman; Lael Brainard; James Bullard; Lisa D. Cook; Patrick Harker; Philip N. Jefferson; Loretta J. Mester; and Christopher J. Waller. Voting against this action was Esther L. George, who preferred at this meeting to raise the target range for the federal funds rate by 0.5 percentage point to 1-1/4 percent to 1-1/2 percent. Patrick Harker voted as an alternate member at this meeting. Implementation Note issued June 15, 2022",2022-05-23,Monetary Policy in a Supply Constrained Economy,https://fraser.stlouisfed.org/title/statements-speeches-esther-l-george-9278/monetary-policy-a-supply-constrained-economy-679627,COMMUNICATION_EVENT_DATE_STRICTLY_BEFORE_SEP_WHEN_TIME_UNKNOWN,SEP_RELEASE_DATE_AFTER_OFFICIAL_POLICY_STATEMENT; EXACT_RELEASE_TIME_NOT_STORED,NO
2022-06-15,James Bullard,COMMITTEE_HIKE,1,MORE_DOVISH,VOTE_ACTION_PROXY,2022-06-15,0,https://www.federalreserve.gov/newsevents/pressreleases/monetary20220615a.htm,"Voting for the monetary policy action were Jerome H. Powell, Chair; John C. Williams, Vice Chair; Michelle W. Bowman; Lael Brainard; James Bullard; Lisa D. Cook; Patrick Harker; Philip N. Jefferson; Loretta J. Mester; and Christopher J. Waller. Voting against this action was Esther L. George, who preferred at this meeting to raise the target range for the federal funds rate by 0.5 percentage point to 1-1/4 percent to 1-1/2 percent. Patrick Harker voted as an alternate member at this meeting. Implementation Note issued June 15, 2022",2022-05-27,Getting Ahead of U.S. Inflation,https://fraser.stlouisfed.org/title/statements-speeches-james-bullard-7161/getting-ahead-us-inflation-655044,COMMUNICATION_EVENT_DATE_STRICTLY_BEFORE_SEP_WHEN_TIME_UNKNOWN,SEP_RELEASE_DATE_AFTER_OFFICIAL_POLICY_STATEMENT; EXACT_RELEASE_TIME_NOT_STORED,NO
2022-06-15,Jerome H. Powell,COMMITTEE_HIKE,1,UNCHANGED,VOTE_ACTION_PROXY,2022-06-15,0,https://www.federalreserve.gov/newsevents/pressreleases/monetary20220615a.htm,"Voting for the monetary policy action were Jerome H. Powell, Chair; John C. Williams, Vice Chair; Michelle W. Bowman; Lael Brainard; James Bullard; Lisa D. Cook; Patrick Harker; Philip N. Jefferson; Loretta J. Mester; and Christopher J. Waller. Voting against this action was Esther L. George, who preferred at this meeting to raise the target range for the federal funds rate by 0.5 percentage point to 1-1/4 percent to 1-1/2 percent. Patrick Harker voted as an alternate member at this meeting. Implementation Note issued June 15, 2022",2022-05-24,Video,https://www.federalreserve.gov/newsevents/speech/powell20220524a.htm,COMMUNICATION_EVENT_DATE_STRICTLY_BEFORE_SEP_WHEN_TIME_UNKNOWN,SEP_RELEASE_DATE_AFTER_OFFICIAL_POLICY_STATEMENT; EXACT_RELEASE_TIME_NOT_STORED,NO
2022-06-15,John C. Williams,COMMITTEE_HIKE,1,UNCHANGED,VOTE_ACTION_PROXY,2022-06-15,0,https://www.federalreserve.gov/newsevents/pressreleases/monetary20220615a.htm,"Voting for the monetary policy action were Jerome H. Powell, Chair; John C. Williams, Vice Chair; Michelle W. Bowman; Lael Brainard; James Bullard; Lisa D. Cook; Patrick Harker; Philip N. Jefferson; Loretta J. Mester; and Christopher J. Waller. Voting against this action was Esther L. George, who preferred at this meeting to raise the target range for the federal funds rate by 0.5 percentage point to 1-1/4 percent to 1-1/2 percent. Patrick Harker voted as an alternate member at this meeting. Implementation Note issued June 15, 2022",2022-06-01,The Song Remains the Same,https://fraser.stlouisfed.org/title/statements-speeches-john-c-williams-9040/song-remains-680929,COMMUNICATION_EVENT_DATE_STRICTLY_BEFORE_SEP_WHEN_TIME_UNKNOWN,SEP_RELEASE_DATE_AFTER_OFFICIAL_POLICY_STATEMENT; EXACT_RELEASE_TIME_NOT_STORED,NO
2022-06-15,Lael Brainard,COMMITTEE_HIKE,1,UNCHANGED,VOTE_ACTION_PROXY,2022-06-15,0,https://www.federalreserve.gov/newsevents/pressreleases/monetary20220615a.htm,"Voting for the monetary policy action were Jerome H. Powell, Chair; John C. Williams, Vice Chair; Michelle W. Bowman; Lael Brainard; James Bullard; Lisa D. Cook; Patrick Harker; Philip N. Jefferson; Loretta J. Mester; and Christopher J. Waller. Voting against this action was Esther L. George, who preferred at this meeting to raise the target range for the federal funds rate by 0.5 percentage point to 1-1/4 percent to 1-1/2 percent. Patrick Harker voted as an alternate member at this meeting. Implementation Note issued June 15, 2022",2022-05-25,Commencement Remarks,https://www.federalreserve.gov/newsevents/speech/brainard20220525a.htm,COMMUNICATION_EVENT_DATE_STRICTLY_BEFORE_SEP_WHEN_TIME_UNKNOWN,SEP_RELEASE_DATE_AFTER_OFFICIAL_POLICY_STATEMENT; EXACT_RELEASE_TIME_NOT_STORED,NO
2022-06-15,Lisa D. Cook,COMMITTEE_HIKE,1,UNKNOWN,VOTE_ACTION_PROXY,2022-06-15,0,https://www.federalreserve.gov/newsevents/pressreleases/monetary20220615a.htm,"Voting for the monetary policy action were Jerome H. Powell, Chair; John C. Williams, Vice Chair; Michelle W. Bowman; Lael Brainard; James Bullard; Lisa D. Cook; Patrick Harker; Philip N. Jefferson; Loretta J. Mester; and Christopher J. Waller. Voting against this action was Esther L. George, who preferred at this meeting to raise the target range for the federal funds rate by 0.5 percentage point to 1-1/4 percent to 1-1/2 percent. Patrick Harker voted as an alternate member at this meeting. Implementation Note issued June 15, 2022",,,,COMMUNICATION_EVENT_DATE_STRICTLY_BEFORE_SEP_WHEN_TIME_UNKNOWN,SEP_RELEASE_DATE_AFTER_OFFICIAL_POLICY_STATEMENT; EXACT_RELEASE_TIME_NOT_STORED,NO
2022-06-15,Loretta J. Mester,COMMITTEE_HIKE,1,UNCHANGED,VOTE_ACTION_PROXY,2022-06-15,0,https://www.federalreserve.gov/newsevents/pressreleases/monetary20220615a.htm,"Voting for the monetary policy action were Jerome H. Powell, Chair; John C. Williams, Vice Chair; Michelle W. Bowman; Lael Brainard; James Bullard; Lisa D. Cook; Patrick Harker; Philip N. Jefferson; Loretta J. Mester; and Christopher J. Waller. Voting against this action was Esther L. George, who preferred at this meeting to raise the target range for the federal funds rate by 0.5 percentage point to 1-1/4 percent to 1-1/2 percent. Patrick Harker voted as an alternate member at this meeting. Implementation Note issued June 15, 2022",2022-06-02,An Update on the Economy and Monetary Policy,https://www.clevelandfed.org/collections/speeches/2022/sp-20220602-an-update-on-the-economy-and-monetary-policy,COMMUNICATION_EVENT_DATE_STRICTLY_BEFORE_SEP_WHEN_TIME_UNKNOWN,SEP_RELEASE_DATE_AFTER_OFFICIAL_POLICY_STATEMENT; EXACT_RELEASE_TIME_NOT_STORED,NO
2022-06-15,Mary C. Daly,UNKNOWN,,UNKNOWN,NO_DIRECTIONAL_PERSONAL_EVIDENCE_CLASSIFIED,,,,,2022-05-06,What Will Your Letter Say?,https://fraser.stlouisfed.org/title/statements-speeches-mary-c-daly-9034/letter-say-671972,COMMUNICATION_EVENT_DATE_STRICTLY_BEFORE_SEP_WHEN_TIME_UNKNOWN,SEP_RELEASE_DATE_AFTER_OFFICIAL_POLICY_STATEMENT; EXACT_RELEASE_TIME_NOT_STORED,NO
2022-06-15,Meredith Black,UNKNOWN,,UNKNOWN,NO_DIRECTIONAL_PERSONAL_EVIDENCE_CLASSIFIED,,,,,,,,COMMUNICATION_EVENT_DATE_STRICTLY_BEFORE_SEP_WHEN_TIME_UNKNOWN,SEP_RELEASE_DATE_AFTER_OFFICIAL_POLICY_STATEMENT; EXACT_RELEASE_TIME_NOT_STORED,NO
2022-06-15,Michelle W. Bowman,COMMITTEE_HIKE,1,UNCHANGED,VOTE_ACTION_PROXY,2022-06-15,0,https://www.federalreserve.gov/newsevents/pressreleases/monetary20220615a.htm,"Voting for the monetary policy action were Jerome H. Powell, Chair; John C. Williams, Vice Chair; Michelle W. Bowman; Lael Brainard; James Bullard; Lisa D. Cook; Patrick Harker; Philip N. Jefferson; Loretta J. Mester; and Christopher J. Waller. Voting against this action was Esther L. George, who preferred at this meeting to raise the target range for the federal funds rate by 0.5 percentage point to 1-1/4 percent to 1-1/2 percent. Patrick Harker voted as an alternate member at this meeting. Implementation Note issued June 15, 2022",2022-03-18,Welcoming Remarks,https://www.federalreserve.gov/newsevents/speech/bowman20220318a.htm,COMMUNICATION_EVENT_DATE_STRICTLY_BEFORE_SEP_WHEN_TIME_UNKNOWN,SEP_RELEASE_DATE_AFTER_OFFICIAL_POLICY_STATEMENT; EXACT_RELEASE_TIME_NOT_STORED,NO
2022-06-15,Naureen Hassan,UNKNOWN,,UNKNOWN,NO_DIRECTIONAL_PERSONAL_EVIDENCE_CLASSIFIED,,,,,,,,COMMUNICATION_EVENT_DATE_STRICTLY_BEFORE_SEP_WHEN_TIME_UNKNOWN,SEP_RELEASE_DATE_AFTER_OFFICIAL_POLICY_STATEMENT; EXACT_RELEASE_TIME_NOT_STORED,NO
2022-06-15,Neel Kashkari,UNKNOWN,,UNKNOWN,NO_DIRECTIONAL_PERSONAL_EVIDENCE_CLASSIFIED,,,,,2022-05-17,"Neel Kashkari Q&A at Lake Superior State University, Sault Ste. Marie, Michigan",https://minneapolisfed.org/speeches/2022/neel-kashkari-qa-at-lake-superior-state-university-sault-ste-marie-michigan,COMMUNICATION_EVENT_DATE_STRICTLY_BEFORE_SEP_WHEN_TIME_UNKNOWN,SEP_RELEASE_DATE_AFTER_OFFICIAL_POLICY_STATEMENT; EXACT_RELEASE_TIME_NOT_STORED,NO
2022-06-15,Patrick Harker,COMMITTEE_HIKE,1,UNCHANGED,VOTE_ACTION_PROXY,2022-06-15,0,https://www.federalreserve.gov/newsevents/pressreleases/monetary20220615a.htm,"Voting for the monetary policy action were Jerome H. Powell, Chair; John C. Williams, Vice Chair; Michelle W. Bowman; Lael Brainard; James Bullard; Lisa D. Cook; Patrick Harker; Philip N. Jefferson; Loretta J. Mester; and Christopher J. Waller. Voting against this action was Esther L. George, who preferred at this meeting to raise the target range for the federal funds rate by 0.5 percentage point to 1-1/4 percent to 1-1/2 percent. Patrick Harker voted as an alternate member at this meeting. Implementation Note issued June 15, 2022",2022-05-18,Economic Outlook: The More Things Change,https://fraser.stlouisfed.org/title/statements-speeches-patrick-t-harker-6102/economic-outlook-things-change-667641,COMMUNICATION_EVENT_DATE_STRICTLY_BEFORE_SEP_WHEN_TIME_UNKNOWN,SEP_RELEASE_DATE_AFTER_OFFICIAL_POLICY_STATEMENT; EXACT_RELEASE_TIME_NOT_STORED,NO
2022-06-15,Philip N. Jefferson,COMMITTEE_HIKE,1,UNKNOWN,VOTE_ACTION_PROXY,2022-06-15,0,https://www.federalreserve.gov/newsevents/pressreleases/monetary20220615a.htm,"Voting for the monetary policy action were Jerome H. Powell, Chair; John C. Williams, Vice Chair; Michelle W. Bowman; Lael Brainard; James Bullard; Lisa D. Cook; Patrick Harker; Philip N. Jefferson; Loretta J. Mester; and Christopher J. Waller. Voting against this action was Esther L. George, who preferred at this meeting to raise the target range for the federal funds rate by 0.5 percentage point to 1-1/4 percent to 1-1/2 percent. Patrick Harker voted as an alternate member at this meeting. Implementation Note issued June 15, 2022",,,,COMMUNICATION_EVENT_DATE_STRICTLY_BEFORE_SEP_WHEN_TIME_UNKNOWN,SEP_RELEASE_DATE_AFTER_OFFICIAL_POLICY_STATEMENT; EXACT_RELEASE_TIME_NOT_STORED,NO
2022-06-15,Raphael W. Bostic,UNKNOWN,,UNKNOWN,NO_DIRECTIONAL_PERSONAL_EVIDENCE_CLASSIFIED,,,,,2022-05-23,President Bostic Shares Insight on the Economy with Atlanta Rotary,https://www.atlantafed.org/news-and-events/speeches/2022/05/23/bostic-shares-insight-on-economy-with-atlanta-rotary,COMMUNICATION_EVENT_DATE_STRICTLY_BEFORE_SEP_WHEN_TIME_UNKNOWN,SEP_RELEASE_DATE_AFTER_OFFICIAL_POLICY_STATEMENT; EXACT_RELEASE_TIME_NOT_STORED,NO
2022-06-15,Thomas I. Barkin,UNKNOWN,,UNKNOWN,NO_DIRECTIONAL_PERSONAL_EVIDENCE_CLASSIFIED,,,,,2022-05-26,Rethinking the Office,https://fraser.stlouisfed.org/title/statements-speeches-tom-barkin-9266/rethinking-office-678832,COMMUNICATION_EVENT_DATE_STRICTLY_BEFORE_SEP_WHEN_TIME_UNKNOWN,SEP_RELEASE_DATE_AFTER_OFFICIAL_POLICY_STATEMENT; EXACT_RELEASE_TIME_NOT_STORED,NO
2022-09-21,Charles L. Evans,UNKNOWN,,UNKNOWN,NO_DIRECTIONAL_PERSONAL_EVIDENCE_CLASSIFIED,,,,,2022-09-09,"Welcome Remarks, 3rd Annual Exploring Career Pathways in Economics and Related Fields Conference Cosponsored by the Federal Reserve Bank of Chicago and the Sadie Collective",https://fraser.stlouisfed.org/title/statements-speeches-charles-l-evans-8969/welcome-remarks-3rd-annual-exploring-career-pathways-economics-related-fields-conference-cosponsored-federal-reserve-bank-chicago-sadie-collective-666977,COMMUNICATION_EVENT_DATE_STRICTLY_BEFORE_SEP_WHEN_TIME_UNKNOWN,SEP_RELEASE_DATE_AFTER_OFFICIAL_POLICY_STATEMENT; EXACT_RELEASE_TIME_NOT_STORED,NO
2022-09-21,Christopher J. Waller,UNKNOWN,,UNKNOWN,NO_DIRECTIONAL_PERSONAL_EVIDENCE_CLASSIFIED,,,,,2022-09-09,The Economic Outlook: Time to Let the Data Do the Talking,https://www.federalreserve.gov/newsevents/speech/waller20220909a.htm,COMMUNICATION_EVENT_DATE_STRICTLY_BEFORE_SEP_WHEN_TIME_UNKNOWN,SEP_RELEASE_DATE_AFTER_OFFICIAL_POLICY_STATEMENT; EXACT_RELEASE_TIME_NOT_STORED,NO
2022-09-21,Esther L. George,COMMITTEE_HIKE,1,MORE_HAWKISH,VOTE_ACTION_PROXY,2022-09-21,0,https://www.federalreserve.gov/newsevents/pressreleases/monetary20220921a.htm,"Voting for the monetary policy action were Jerome H. Powell, Chair; John C. Williams, Vice Chair; Michael S. Barr; Michelle W. Bowman; Lael Brainard; James Bullard; Susan M. Collins; Lisa D. Cook; Esther L. George; Philip N. Jefferson; Loretta J. Mester; and Christopher J. Waller. Implementation Note issued September 21, 2022",2022-09-09,Constraints on the Economy and Policy,https://fraser.stlouisfed.org/title/statements-speeches-esther-l-george-9278/constraints-economy-policy-679630,COMMUNICATION_EVENT_DATE_STRICTLY_BEFORE_SEP_WHEN_TIME_UNKNOWN,SEP_RELEASE_DATE_AFTER_OFFICIAL_POLICY_STATEMENT; EXACT_RELEASE_TIME_NOT_STORED,NO
2022-09-21,Helen E. Mucciolo,UNKNOWN,,UNKNOWN,NO_DIRECTIONAL_PERSONAL_EVIDENCE_CLASSIFIED,,,,,,,,COMMUNICATION_EVENT_DATE_STRICTLY_BEFORE_SEP_WHEN_TIME_UNKNOWN,SEP_RELEASE_DATE_AFTER_OFFICIAL_POLICY_STATEMENT; EXACT_RELEASE_TIME_NOT_STORED,NO
2022-09-21,James Bullard,COMMITTEE_HIKE,1,UNCHANGED,VOTE_ACTION_PROXY,2022-09-21,0,https://www.federalreserve.gov/newsevents/pressreleases/monetary20220921a.htm,"Voting for the monetary policy action were Jerome H. Powell, Chair; John C. Williams, Vice Chair; Michael S. Barr; Michelle W. Bowman; Lael Brainard; James Bullard; Susan M. Collins; Lisa D. Cook; Esther L. George; Philip N. Jefferson; Loretta J. Mester; and Christopher J. Waller. Implementation Note issued September 21, 2022",2022-07-07,Disinflationary Policy and Financial Stability in the U.S.,https://fraser.stlouisfed.org/title/statements-speeches-james-bullard-7161/disinflationary-policy-financial-stability-us-655047,COMMUNICATION_EVENT_DATE_STRICTLY_BEFORE_SEP_WHEN_TIME_UNKNOWN,SEP_RELEASE_DATE_AFTER_OFFICIAL_POLICY_STATEMENT; EXACT_RELEASE_TIME_NOT_STORED,NO
2022-09-21,Jerome H. Powell,COMMITTEE_HIKE,1,UNCHANGED,VOTE_ACTION_PROXY,2022-09-21,0,https://www.federalreserve.gov/newsevents/pressreleases/monetary20220921a.htm,"Voting for the monetary policy action were Jerome H. Powell, Chair; John C. Williams, Vice Chair; Michael S. Barr; Michelle W. Bowman; Lael Brainard; James Bullard; Susan M. Collins; Lisa D. Cook; Esther L. George; Philip N. Jefferson; Loretta J. Mester; and Christopher J. Waller. Implementation Note issued September 21, 2022",2022-08-26,Monetary Policy and Price Stability,https://www.federalreserve.gov/newsevents/speech/powell20220826a.htm,COMMUNICATION_EVENT_DATE_STRICTLY_BEFORE_SEP_WHEN_TIME_UNKNOWN,SEP_RELEASE_DATE_AFTER_OFFICIAL_POLICY_STATEMENT; EXACT_RELEASE_TIME_NOT_STORED,NO
2022-09-21,John C. Williams,COMMITTEE_HIKE,1,UNCHANGED,VOTE_ACTION_PROXY,2022-09-21,0,https://www.federalreserve.gov/newsevents/pressreleases/monetary20220921a.htm,"Voting for the monetary policy action were Jerome H. Powell, Chair; John C. Williams, Vice Chair; Michael S. Barr; Michelle W. Bowman; Lael Brainard; James Bullard; Susan M. Collins; Lisa D. Cook; Esther L. George; Philip N. Jefferson; Loretta J. Mester; and Christopher J. Waller. Implementation Note issued September 21, 2022",2022-07-08,Price Stability: The Foundation for a Strong Economy,https://fraser.stlouisfed.org/title/statements-speeches-john-c-williams-9040/price-stability-foundation-a-strong-economy-680930,COMMUNICATION_EVENT_DATE_STRICTLY_BEFORE_SEP_WHEN_TIME_UNKNOWN,SEP_RELEASE_DATE_AFTER_OFFICIAL_POLICY_STATEMENT; EXACT_RELEASE_TIME_NOT_STORED,NO
2022-09-21,Lael Brainard,COMMITTEE_HIKE,1,UNCHANGED,VOTE_ACTION_PROXY,2022-09-21,0,https://www.federalreserve.gov/newsevents/pressreleases/monetary20220921a.htm,"Voting for the monetary policy action were Jerome H. Powell, Chair; John C. Williams, Vice Chair; Michael S. Barr; Michelle W. Bowman; Lael Brainard; James Bullard; Susan M. Collins; Lisa D. Cook; Esther L. George; Philip N. Jefferson; Loretta J. Mester; and Christopher J. Waller. Implementation Note issued September 21, 2022",2022-09-07,Bringing Inflation Down,https://www.federalreserve.gov/newsevents/speech/brainard20220907a.htm,COMMUNICATION_EVENT_DATE_STRICTLY_BEFORE_SEP_WHEN_TIME_UNKNOWN,SEP_RELEASE_DATE_AFTER_OFFICIAL_POLICY_STATEMENT; EXACT_RELEASE_TIME_NOT_STORED,NO
2022-09-21,Lisa D. Cook,COMMITTEE_HIKE,1,UNCHANGED,VOTE_ACTION_PROXY,2022-09-21,0,https://www.federalreserve.gov/newsevents/pressreleases/monetary20220921a.htm,"Voting for the monetary policy action were Jerome H. Powell, Chair; John C. Williams, Vice Chair; Michael S. Barr; Michelle W. Bowman; Lael Brainard; James Bullard; Susan M. Collins; Lisa D. Cook; Esther L. George; Philip N. Jefferson; Loretta J. Mester; and Christopher J. Waller. Implementation Note issued September 21, 2022",,,,COMMUNICATION_EVENT_DATE_STRICTLY_BEFORE_SEP_WHEN_TIME_UNKNOWN,SEP_RELEASE_DATE_AFTER_OFFICIAL_POLICY_STATEMENT; EXACT_RELEASE_TIME_NOT_STORED,NO
2022-09-21,Loretta J. Mester,COMMITTEE_HIKE,1,UNCHANGED,VOTE_ACTION_PROXY,2022-09-21,0,https://www.federalreserve.gov/newsevents/pressreleases/monetary20220921a.htm,"Voting for the monetary policy action were Jerome H. Powell, Chair; John C. Williams, Vice Chair; Michael S. Barr; Michelle W. Bowman; Lael Brainard; James Bullard; Susan M. Collins; Lisa D. Cook; Esther L. George; Philip N. Jefferson; Loretta J. Mester; and Christopher J. Waller. Implementation Note issued September 21, 2022",2022-09-07,An Update on the Economic Outlook and Monetary Policy,https://www.clevelandfed.org/collections/speeches/2022/sp-20220907-an-update-on-the-economic-outlook-and-monetary-policy,COMMUNICATION_EVENT_DATE_STRICTLY_BEFORE_SEP_WHEN_TIME_UNKNOWN,SEP_RELEASE_DATE_AFTER_OFFICIAL_POLICY_STATEMENT; EXACT_RELEASE_TIME_NOT_STORED,NO
2022-09-21,Lorie K. Logan,UNKNOWN,,UNKNOWN,NO_DIRECTIONAL_PERSONAL_EVIDENCE_CLASSIFIED,,,,,,,,COMMUNICATION_EVENT_DATE_STRICTLY_BEFORE_SEP_WHEN_TIME_UNKNOWN,SEP_RELEASE_DATE_AFTER_OFFICIAL_POLICY_STATEMENT; EXACT_RELEASE_TIME_NOT_STORED,NO
2022-09-21,Mary C. Daly,UNKNOWN,,UNKNOWN,NO_DIRECTIONAL_PERSONAL_EVIDENCE_CLASSIFIED,,,,,2022-06-24,Policy Nimbleness Through Forward Guidance - San Francisco Fed,https://www.frbsf.org/news-and-media/speeches/mary-c-daly/2022/06/policy-nimbleness-through-forward-guidance,COMMUNICATION_EVENT_DATE_STRICTLY_BEFORE_SEP_WHEN_TIME_UNKNOWN,SEP_RELEASE_DATE_AFTER_OFFICIAL_POLICY_STATEMENT; EXACT_RELEASE_TIME_NOT_STORED,NO
2022-09-21,Michael S. Barr,COMMITTEE_HIKE,1,UNKNOWN,VOTE_ACTION_PROXY,2022-09-21,0,https://www.federalreserve.gov/newsevents/pressreleases/monetary20220921a.htm,"Voting for the monetary policy action were Jerome H. Powell, Chair; John C. Williams, Vice Chair; Michael S. Barr; Michelle W. Bowman; Lael Brainard; James Bullard; Susan M. Collins; Lisa D. Cook; Esther L. George; Philip N. Jefferson; Loretta J. Mester; and Christopher J. Waller. Implementation Note issued September 21, 2022",2022-09-07,Making the Financial System Safer and Fairer,https://www.federalreserve.gov/newsevents/speech/barr20220907a.htm,COMMUNICATION_EVENT_DATE_STRICTLY_BEFORE_SEP_WHEN_TIME_UNKNOWN,SEP_RELEASE_DATE_AFTER_OFFICIAL_POLICY_STATEMENT; EXACT_RELEASE_TIME_NOT_STORED,NO
2022-09-21,Michelle W. Bowman,COMMITTEE_HIKE,1,UNCHANGED,VOTE_ACTION_PROXY,2022-09-21,0,https://www.federalreserve.gov/newsevents/pressreleases/monetary20220921a.htm,"Voting for the monetary policy action were Jerome H. Powell, Chair; John C. Williams, Vice Chair; Michael S. Barr; Michelle W. Bowman; Lael Brainard; James Bullard; Susan M. Collins; Lisa D. Cook; Esther L. George; Philip N. Jefferson; Loretta J. Mester; and Christopher J. Waller. Implementation Note issued September 21, 2022",2022-08-17,"Technology, Innovation, and Financial Services",https://www.federalreserve.gov/newsevents/speech/bowman20220817a.htm,COMMUNICATION_EVENT_DATE_STRICTLY_BEFORE_SEP_WHEN_TIME_UNKNOWN,SEP_RELEASE_DATE_AFTER_OFFICIAL_POLICY_STATEMENT; EXACT_RELEASE_TIME_NOT_STORED,NO
2022-09-21,Neel Kashkari,UNKNOWN,,UNKNOWN,NO_DIRECTIONAL_PERSONAL_EVIDENCE_CLASSIFIED,,,,,2022-08-23,Neel Kashkari Q&A at Wharton Club of Minnesota alumni event in Minneapolis,https://minneapolisfed.org/speeches/2022/neel-kashkari-qa-at-wharton-club-of-minnesota-alumni-event-in-minneapolis,COMMUNICATION_EVENT_DATE_STRICTLY_BEFORE_SEP_WHEN_TIME_UNKNOWN,SEP_RELEASE_DATE_AFTER_OFFICIAL_POLICY_STATEMENT; EXACT_RELEASE_TIME_NOT_STORED,NO
2022-09-21,Patrick Harker,UNKNOWN,,UNKNOWN,NO_DIRECTIONAL_PERSONAL_EVIDENCE_CLASSIFIED,,,,,2022-08-03,Fintech in a Changing World,https://fraser.stlouisfed.org/title/statements-speeches-patrick-t-harker-6102/fintech-a-changing-world-667642,COMMUNICATION_EVENT_DATE_STRICTLY_BEFORE_SEP_WHEN_TIME_UNKNOWN,SEP_RELEASE_DATE_AFTER_OFFICIAL_POLICY_STATEMENT; EXACT_RELEASE_TIME_NOT_STORED,NO
2022-09-21,Philip N. Jefferson,COMMITTEE_HIKE,1,UNCHANGED,VOTE_ACTION_PROXY,2022-09-21,0,https://www.federalreserve.gov/newsevents/pressreleases/monetary20220921a.htm,"Voting for the monetary policy action were Jerome H. Powell, Chair; John C. Williams, Vice Chair; Michael S. Barr; Michelle W. Bowman; Lael Brainard; James Bullard; Susan M. Collins; Lisa D. Cook; Esther L. George; Philip N. Jefferson; Loretta J. Mester; and Christopher J. Waller. Implementation Note issued September 21, 2022",,,,COMMUNICATION_EVENT_DATE_STRICTLY_BEFORE_SEP_WHEN_TIME_UNKNOWN,SEP_RELEASE_DATE_AFTER_OFFICIAL_POLICY_STATEMENT; EXACT_RELEASE_TIME_NOT_STORED,NO
2022-09-21,Raphael W. Bostic,UNKNOWN,,UNKNOWN,NO_DIRECTIONAL_PERSONAL_EVIDENCE_CLASSIFIED,,,,,2022-08-31,President Bostic Discusses the Atlanta Fed with Georgia Fintech Academy,https://www.atlantafed.org/news-and-events/speeches/2022/08/31/bostic-discusses-atlanta-fed-with-georgia-fintech-academy,COMMUNICATION_EVENT_DATE_STRICTLY_BEFORE_SEP_WHEN_TIME_UNKNOWN,SEP_RELEASE_DATE_AFTER_OFFICIAL_POLICY_STATEMENT; EXACT_RELEASE_TIME_NOT_STORED,NO
2022-09-21,Susan M. Collins,COMMITTEE_HIKE,1,UNKNOWN,VOTE_ACTION_PROXY,2022-09-21,0,https://www.federalreserve.gov/newsevents/pressreleases/monetary20220921a.htm,"Voting for the monetary policy action were Jerome H. Powell, Chair; John C. Williams, Vice Chair; Michael S. Barr; Michelle W. Bowman; Lael Brainard; James Bullard; Susan M. Collins; Lisa D. Cook; Esther L. George; Philip N. Jefferson; Loretta J. Mester; and Christopher J. Waller. Implementation Note issued September 21, 2022",2022-09-16,President Collins to share perspectives on the economy and on the opportunities ahead,https://www.bostonfed.org/news-and-events/events/presidents-speeches/2022/0926.aspx,COMMUNICATION_EVENT_DATE_STRICTLY_BEFORE_SEP_WHEN_TIME_UNKNOWN,SEP_RELEASE_DATE_AFTER_OFFICIAL_POLICY_STATEMENT; EXACT_RELEASE_TIME_NOT_STORED,NO
2022-09-21,Thomas I. Barkin,UNKNOWN,,UNKNOWN,NO_DIRECTIONAL_PERSONAL_EVIDENCE_CLASSIFIED,,,,,2022-08-24,The Staffing Challenge in Schools and Caregiving,https://fraser.stlouisfed.org/title/statements-speeches-tom-barkin-9266/staffing-challenge-schools-caregiving-678835,COMMUNICATION_EVENT_DATE_STRICTLY_BEFORE_SEP_WHEN_TIME_UNKNOWN,SEP_RELEASE_DATE_AFTER_OFFICIAL_POLICY_STATEMENT; EXACT_RELEASE_TIME_NOT_STORED,NO
2022-12-14,Charles L. Evans,UNKNOWN,,UNKNOWN,NO_DIRECTIONAL_PERSONAL_EVIDENCE_CLASSIFIED,,,,,2022-12-02,Reflections on the History of Banking Conferences at the Chicago Fed,https://fraser.stlouisfed.org/title/statements-speeches-charles-l-evans-8969/reflections-history-banking-conferences-chicago-fed-666981,COMMUNICATION_EVENT_DATE_STRICTLY_BEFORE_SEP_WHEN_TIME_UNKNOWN,SEP_RELEASE_DATE_AFTER_OFFICIAL_POLICY_STATEMENT; EXACT_RELEASE_TIME_NOT_STORED,NO
2022-12-14,Christopher J. Waller,COMMITTEE_HIKE,1,UNKNOWN,VOTE_ACTION_PROXY,2022-12-14,0,https://www.federalreserve.gov/newsevents/pressreleases/monetary20221214a.htm,"Voting for the monetary policy action were Jerome H. Powell, Chair; John C. Williams, Vice Chair; Michael S. Barr; Michelle W. Bowman; Lael Brainard; James Bullard; Susan M. Collins; Lisa D. Cook; Esther L. George; Philip N. Jefferson; Loretta J. Mester; and Christopher J. Waller.",2022-11-16,The Economic Outlook and a Word of Caution on Inflation,https://www.federalreserve.gov/newsevents/speech/waller20221116a.htm,COMMUNICATION_EVENT_DATE_STRICTLY_BEFORE_SEP_WHEN_TIME_UNKNOWN,SEP_RELEASE_DATE_AFTER_OFFICIAL_POLICY_STATEMENT; EXACT_RELEASE_TIME_NOT_STORED,NO
2022-12-14,Esther L. George,COMMITTEE_HIKE,1,UNCHANGED,VOTE_ACTION_PROXY,2022-12-14,0,https://www.federalreserve.gov/newsevents/pressreleases/monetary20221214a.htm,"Voting for the monetary policy action were Jerome H. Powell, Chair; John C. Williams, Vice Chair; Michael S. Barr; Michelle W. Bowman; Lael Brainard; James Bullard; Susan M. Collins; Lisa D. Cook; Esther L. George; Philip N. Jefferson; Loretta J. Mester; and Christopher J. Waller.",2022-11-22,Heterogeneity and Monetary Policy,https://fraser.stlouisfed.org/title/statements-speeches-esther-l-george-9278/heterogeneity-monetary-policy-679632,COMMUNICATION_EVENT_DATE_STRICTLY_BEFORE_SEP_WHEN_TIME_UNKNOWN,SEP_RELEASE_DATE_AFTER_OFFICIAL_POLICY_STATEMENT; EXACT_RELEASE_TIME_NOT_STORED,NO
2022-12-14,Helen E. Mucciolo,UNKNOWN,,UNKNOWN,NO_DIRECTIONAL_PERSONAL_EVIDENCE_CLASSIFIED,,,,,,,,COMMUNICATION_EVENT_DATE_STRICTLY_BEFORE_SEP_WHEN_TIME_UNKNOWN,SEP_RELEASE_DATE_AFTER_OFFICIAL_POLICY_STATEMENT; EXACT_RELEASE_TIME_NOT_STORED,NO
2022-12-14,James Bullard,COMMITTEE_HIKE,1,UNCHANGED,VOTE_ACTION_PROXY,2022-12-14,0,https://www.federalreserve.gov/newsevents/pressreleases/monetary20221214a.htm,"Voting for the monetary policy action were Jerome H. Powell, Chair; John C. Williams, Vice Chair; Michael S. Barr; Michelle W. Bowman; Lael Brainard; James Bullard; Susan M. Collins; Lisa D. Cook; Esther L. George; Philip N. Jefferson; Loretta J. Mester; and Christopher J. Waller.",2022-10-14,Remarks,https://fraser.stlouisfed.org/title/statements-speeches-james-bullard-7161/remarks-655051,COMMUNICATION_EVENT_DATE_STRICTLY_BEFORE_SEP_WHEN_TIME_UNKNOWN,SEP_RELEASE_DATE_AFTER_OFFICIAL_POLICY_STATEMENT; EXACT_RELEASE_TIME_NOT_STORED,NO
2022-12-14,Jerome H. Powell,COMMITTEE_HIKE,1,UNCHANGED,VOTE_ACTION_PROXY,2022-12-14,0,https://www.federalreserve.gov/newsevents/pressreleases/monetary20221214a.htm,"Voting for the monetary policy action were Jerome H. Powell, Chair; John C. Williams, Vice Chair; Michael S. Barr; Michelle W. Bowman; Lael Brainard; James Bullard; Susan M. Collins; Lisa D. Cook; Esther L. George; Philip N. Jefferson; Loretta J. Mester; and Christopher J. Waller.",2022-11-30,Inflation and the Labor Market,https://www.federalreserve.gov/newsevents/speech/powell20221130a.htm,COMMUNICATION_EVENT_DATE_STRICTLY_BEFORE_SEP_WHEN_TIME_UNKNOWN,SEP_RELEASE_DATE_AFTER_OFFICIAL_POLICY_STATEMENT; EXACT_RELEASE_TIME_NOT_STORED,NO
2022-12-14,John C. Williams,COMMITTEE_HIKE,1,UNCHANGED,VOTE_ACTION_PROXY,2022-12-14,0,https://www.federalreserve.gov/newsevents/pressreleases/monetary20221214a.htm,"Voting for the monetary policy action were Jerome H. Powell, Chair; John C. Williams, Vice Chair; Michael S. Barr; Michelle W. Bowman; Lael Brainard; James Bullard; Susan M. Collins; Lisa D. Cook; Esther L. George; Philip N. Jefferson; Loretta J. Mester; and Christopher J. Waller.",2022-11-28,Peeling the Inflation Onion,https://fraser.stlouisfed.org/title/statements-speeches-john-c-williams-9040/peeling-inflation-onion-680935,COMMUNICATION_EVENT_DATE_STRICTLY_BEFORE_SEP_WHEN_TIME_UNKNOWN,SEP_RELEASE_DATE_AFTER_OFFICIAL_POLICY_STATEMENT; EXACT_RELEASE_TIME_NOT_STORED,NO
2022-12-14,Lael Brainard,COMMITTEE_HIKE,1,UNCHANGED,VOTE_ACTION_PROXY,2022-12-14,0,https://www.federalreserve.gov/newsevents/pressreleases/monetary20221214a.htm,"Voting for the monetary policy action were Jerome H. Powell, Chair; John C. Williams, Vice Chair; Michael S. Barr; Michelle W. Bowman; Lael Brainard; James Bullard; Susan M. Collins; Lisa D. Cook; Esther L. George; Philip N. Jefferson; Loretta J. Mester; and Christopher J. Waller.",2022-11-28,"What Can We Learn from the Pandemic and the War about Supply Shocks, Inflation, and Monetary Policy?",https://www.federalreserve.gov/newsevents/speech/brainard20221128a.htm,COMMUNICATION_EVENT_DATE_STRICTLY_BEFORE_SEP_WHEN_TIME_UNKNOWN,SEP_RELEASE_DATE_AFTER_OFFICIAL_POLICY_STATEMENT; EXACT_RELEASE_TIME_NOT_STORED,NO
2022-12-14,Lisa D. Cook,COMMITTEE_HIKE,1,UNCHANGED,VOTE_ACTION_PROXY,2022-12-14,0,https://www.federalreserve.gov/newsevents/pressreleases/monetary20221214a.htm,"Voting for the monetary policy action were Jerome H. Powell, Chair; John C. Williams, Vice Chair; Michael S. Barr; Michelle W. Bowman; Lael Brainard; James Bullard; Susan M. Collins; Lisa D. Cook; Esther L. George; Philip N. Jefferson; Loretta J. Mester; and Christopher J. Waller.",2022-11-30,The Economic Outlook and U.S. Productivity,https://www.federalreserve.gov/newsevents/speech/cook20221130a.htm,COMMUNICATION_EVENT_DATE_STRICTLY_BEFORE_SEP_WHEN_TIME_UNKNOWN,SEP_RELEASE_DATE_AFTER_OFFICIAL_POLICY_STATEMENT; EXACT_RELEASE_TIME_NOT_STORED,NO
2022-12-14,Loretta J. Mester,COMMITTEE_HIKE,1,UNCHANGED,VOTE_ACTION_PROXY,2022-12-14,0,https://www.federalreserve.gov/newsevents/pressreleases/monetary20221214a.htm,"Voting for the monetary policy action were Jerome H. Powell, Chair; John C. Williams, Vice Chair; Michael S. Barr; Michelle W. Bowman; Lael Brainard; James Bullard; Susan M. Collins; Lisa D. Cook; Esther L. George; Philip N. Jefferson; Loretta J. Mester; and Christopher J. Waller.",2022-11-10,A Diligent Return to Price Stability,https://www.clevelandfed.org/collections/speeches/2022/sp-20221110-a-diligent-return-to-price-stability,COMMUNICATION_EVENT_DATE_STRICTLY_BEFORE_SEP_WHEN_TIME_UNKNOWN,SEP_RELEASE_DATE_AFTER_OFFICIAL_POLICY_STATEMENT; EXACT_RELEASE_TIME_NOT_STORED,NO
2022-12-14,Lorie K. Logan,UNKNOWN,,UNKNOWN,NO_DIRECTIONAL_PERSONAL_EVIDENCE_CLASSIFIED,,,,,2022-11-10,Opening Remarks for ‘Energy and the Economy: The New Energy Landscape’ Conference,https://www.dallasfed.org/news/speeches/logan/2022/lkl221110,COMMUNICATION_EVENT_DATE_STRICTLY_BEFORE_SEP_WHEN_TIME_UNKNOWN,SEP_RELEASE_DATE_AFTER_OFFICIAL_POLICY_STATEMENT; EXACT_RELEASE_TIME_NOT_STORED,NO
2022-12-14,Mary C. Daly,UNKNOWN,,UNKNOWN,NO_DIRECTIONAL_PERSONAL_EVIDENCE_CLASSIFIED,,,,,2022-11-21,Resolute and Mindful: The Path to Price Stability - San Francisco Fed,https://www.frbsf.org/news-and-media/speeches/mary-c-daly/2022/11/resolute-and-mindful-the-path-to-price-stability,COMMUNICATION_EVENT_DATE_STRICTLY_BEFORE_SEP_WHEN_TIME_UNKNOWN,SEP_RELEASE_DATE_AFTER_OFFICIAL_POLICY_STATEMENT; EXACT_RELEASE_TIME_NOT_STORED,NO
2022-12-14,Michael S. Barr,COMMITTEE_HIKE,1,UNCHANGED,VOTE_ACTION_PROXY,2022-12-14,0,https://www.federalreserve.gov/newsevents/pressreleases/monetary20221214a.htm,"Voting for the monetary policy action were Jerome H. Powell, Chair; John C. Williams, Vice Chair; Michael S. Barr; Michelle W. Bowman; Lael Brainard; James Bullard; Susan M. Collins; Lisa D. Cook; Esther L. George; Philip N. Jefferson; Loretta J. Mester; and Christopher J. Waller.",2022-12-01,Why Bank Capital Matters,https://www.federalreserve.gov/newsevents/speech/barr20221201a.htm,COMMUNICATION_EVENT_DATE_STRICTLY_BEFORE_SEP_WHEN_TIME_UNKNOWN,SEP_RELEASE_DATE_AFTER_OFFICIAL_POLICY_STATEMENT; EXACT_RELEASE_TIME_NOT_STORED,NO
2022-12-14,Michelle W. Bowman,COMMITTEE_HIKE,1,UNCHANGED,VOTE_ACTION_PROXY,2022-12-14,0,https://www.federalreserve.gov/newsevents/pressreleases/monetary20221214a.htm,"Voting for the monetary policy action were Jerome H. Powell, Chair; John C. Williams, Vice Chair; Michael S. Barr; Michelle W. Bowman; Lael Brainard; James Bullard; Susan M. Collins; Lisa D. Cook; Esther L. George; Philip N. Jefferson; Loretta J. Mester; and Christopher J. Waller.",2022-11-17,Financial Education,https://www.federalreserve.gov/newsevents/speech/bowman20221117a.htm,COMMUNICATION_EVENT_DATE_STRICTLY_BEFORE_SEP_WHEN_TIME_UNKNOWN,SEP_RELEASE_DATE_AFTER_OFFICIAL_POLICY_STATEMENT; EXACT_RELEASE_TIME_NOT_STORED,NO
2022-12-14,Neel Kashkari,UNKNOWN,,UNKNOWN,NO_DIRECTIONAL_PERSONAL_EVIDENCE_CLASSIFIED,,,,,2022-11-17,Neel Kashkari Q&A at the Minnesota Chamber of Commerce's 2022 Economic Summit,https://minneapolisfed.org/speeches/2022/neel-kashkari-qa-at-the-minnesota-chamber-of-commerce-2022-economic-summit,COMMUNICATION_EVENT_DATE_STRICTLY_BEFORE_SEP_WHEN_TIME_UNKNOWN,SEP_RELEASE_DATE_AFTER_OFFICIAL_POLICY_STATEMENT; EXACT_RELEASE_TIME_NOT_STORED,NO
2022-12-14,Patrick Harker,UNKNOWN,,UNKNOWN,NO_DIRECTIONAL_PERSONAL_EVIDENCE_CLASSIFIED,,,,,2022-11-15,"Inflation, Monetary Policy, and the Anchor Economy Initiative",https://fraser.stlouisfed.org/title/statements-speeches-patrick-t-harker-6102/inflation-monetary-policy-anchor-economy-initiative-667646,COMMUNICATION_EVENT_DATE_STRICTLY_BEFORE_SEP_WHEN_TIME_UNKNOWN,SEP_RELEASE_DATE_AFTER_OFFICIAL_POLICY_STATEMENT; EXACT_RELEASE_TIME_NOT_STORED,NO
2022-12-14,Philip N. Jefferson,COMMITTEE_HIKE,1,UNCHANGED,VOTE_ACTION_PROXY,2022-12-14,0,https://www.federalreserve.gov/newsevents/pressreleases/monetary20221214a.htm,"Voting for the monetary policy action were Jerome H. Powell, Chair; John C. Williams, Vice Chair; Michael S. Barr; Michelle W. Bowman; Lael Brainard; James Bullard; Susan M. Collins; Lisa D. Cook; Esther L. George; Philip N. Jefferson; Loretta J. Mester; and Christopher J. Waller.",2022-11-17,Opportunity and Inclusive Economic Growth,https://www.federalreserve.gov/newsevents/speech/jefferson20221117a.htm,COMMUNICATION_EVENT_DATE_STRICTLY_BEFORE_SEP_WHEN_TIME_UNKNOWN,SEP_RELEASE_DATE_AFTER_OFFICIAL_POLICY_STATEMENT; EXACT_RELEASE_TIME_NOT_STORED,NO
2022-12-14,Raphael W. Bostic,UNKNOWN,,UNKNOWN,NO_DIRECTIONAL_PERSONAL_EVIDENCE_CLASSIFIED,,,,,2022-11-19,From Academia to the FOMC: The Journey of One Fed President,https://www.atlantafed.org/news-and-events/speeches/2022/11/19/bostic-from-academia-to-the-fomc,COMMUNICATION_EVENT_DATE_STRICTLY_BEFORE_SEP_WHEN_TIME_UNKNOWN,SEP_RELEASE_DATE_AFTER_OFFICIAL_POLICY_STATEMENT; EXACT_RELEASE_TIME_NOT_STORED,NO
2022-12-14,Susan M. Collins,COMMITTEE_HIKE,1,UNCHANGED,VOTE_ACTION_PROXY,2022-12-14,0,https://www.federalreserve.gov/newsevents/pressreleases/monetary20221214a.htm,"Voting for the monetary policy action were Jerome H. Powell, Chair; John C. Williams, Vice Chair; Michael S. Barr; Michelle W. Bowman; Lael Brainard; James Bullard; Susan M. Collins; Lisa D. Cook; Esther L. George; Philip N. Jefferson; Loretta J. Mester; and Christopher J. Waller.",2022-11-18,Parsing the Pandemic’s Effects on Labor Markets,https://www.bostonfed.org/news-and-events/events/presidents-speeches/2022/1118.aspx,COMMUNICATION_EVENT_DATE_STRICTLY_BEFORE_SEP_WHEN_TIME_UNKNOWN,SEP_RELEASE_DATE_AFTER_OFFICIAL_POLICY_STATEMENT; EXACT_RELEASE_TIME_NOT_STORED,NO
2022-12-14,Thomas I. Barkin,UNKNOWN,,UNKNOWN,NO_DIRECTIONAL_PERSONAL_EVIDENCE_CLASSIFIED,,,,,2022-12-02,Is a Labor Challenge Coming?,https://fraser.stlouisfed.org/title/statements-speeches-tom-barkin-9266/a-labor-challenge-coming-678838,COMMUNICATION_EVENT_DATE_STRICTLY_BEFORE_SEP_WHEN_TIME_UNKNOWN,SEP_RELEASE_DATE_AFTER_OFFICIAL_POLICY_STATEMENT; EXACT_RELEASE_TIME_NOT_STORED,NO
2023-03-22,Austan D. Goolsbee,COMMITTEE_HIKE,1,UNKNOWN,VOTE_ACTION_PROXY,2023-03-22,0,https://www.federalreserve.gov/newsevents/pressreleases/monetary20230322a.htm,"Voting for the monetary policy action were Jerome H. Powell, Chair; John C. Williams, Vice Chair; Michael S. Barr; Michelle W. Bowman; Lisa D. Cook; Austan D. Goolsbee; Patrick Harker; Philip N. Jefferson; Neel Kashkari; Lorie K. Logan; and Christopher J. Waller.",2023-02-28,Ivy Tech Community College,https://www.chicagofed.org/publications/speeches/2023/february-28-ivy-tech-community-college,COMMUNICATION_EVENT_DATE_STRICTLY_BEFORE_SEP_WHEN_TIME_UNKNOWN,SEP_RELEASE_DATE_AFTER_OFFICIAL_POLICY_STATEMENT; EXACT_RELEASE_TIME_NOT_STORED,NO
2023-03-22,Christopher J. Waller,COMMITTEE_HIKE,1,UNCHANGED,VOTE_ACTION_PROXY,2023-03-22,0,https://www.federalreserve.gov/newsevents/pressreleases/monetary20230322a.htm,"Voting for the monetary policy action were Jerome H. Powell, Chair; John C. Williams, Vice Chair; Michael S. Barr; Michelle W. Bowman; Lisa D. Cook; Austan D. Goolsbee; Patrick Harker; Philip N. Jefferson; Neel Kashkari; Lorie K. Logan; and Christopher J. Waller.",2023-03-02,February’s Hot Data Releases,https://www.federalreserve.gov/newsevents/speech/waller20230302a.htm,COMMUNICATION_EVENT_DATE_STRICTLY_BEFORE_SEP_WHEN_TIME_UNKNOWN,SEP_RELEASE_DATE_AFTER_OFFICIAL_POLICY_STATEMENT; EXACT_RELEASE_TIME_NOT_STORED,NO
2023-03-22,James Bullard,UNKNOWN,,UNKNOWN,NO_DIRECTIONAL_PERSONAL_EVIDENCE_CLASSIFIED,,,,,2023-02-04,Social Learning for the Masses,https://fraser.stlouisfed.org/title/statements-speeches-james-bullard-7161/social-learning-masses-654962,COMMUNICATION_EVENT_DATE_STRICTLY_BEFORE_SEP_WHEN_TIME_UNKNOWN,SEP_RELEASE_DATE_AFTER_OFFICIAL_POLICY_STATEMENT; EXACT_RELEASE_TIME_NOT_STORED,NO
2023-03-22,Jerome H. Powell,COMMITTEE_HIKE,1,UNCHANGED,VOTE_ACTION_PROXY,2023-03-22,0,https://www.federalreserve.gov/newsevents/pressreleases/monetary20230322a.htm,"Voting for the monetary policy action were Jerome H. Powell, Chair; John C. Williams, Vice Chair; Michael S. Barr; Michelle W. Bowman; Lisa D. Cook; Austan D. Goolsbee; Patrick Harker; Philip N. Jefferson; Neel Kashkari; Lorie K. Logan; and Christopher J. Waller.",2023-01-10,"Panel on ""Central Bank Independence and the Mandate—Evolving Views""",https://www.federalreserve.gov/newsevents/speech/powell20230110a.htm,COMMUNICATION_EVENT_DATE_STRICTLY_BEFORE_SEP_WHEN_TIME_UNKNOWN,SEP_RELEASE_DATE_AFTER_OFFICIAL_POLICY_STATEMENT; EXACT_RELEASE_TIME_NOT_STORED,NO
2023-03-22,John C. Williams,COMMITTEE_HIKE,1,UNCHANGED,VOTE_ACTION_PROXY,2023-03-22,0,https://www.federalreserve.gov/newsevents/pressreleases/monetary20230322a.htm,"Voting for the monetary policy action were Jerome H. Powell, Chair; John C. Williams, Vice Chair; Michael S. Barr; Michelle W. Bowman; Lisa D. Cook; Austan D. Goolsbee; Patrick Harker; Philip N. Jefferson; Neel Kashkari; Lorie K. Logan; and Christopher J. Waller.",2023-02-14,Our Work Is Not Yet Done,https://fraser.stlouisfed.org/title/statements-speeches-john-c-williams-9040/work-yet-done-680937,COMMUNICATION_EVENT_DATE_STRICTLY_BEFORE_SEP_WHEN_TIME_UNKNOWN,SEP_RELEASE_DATE_AFTER_OFFICIAL_POLICY_STATEMENT; EXACT_RELEASE_TIME_NOT_STORED,NO
2023-03-22,Lisa D. Cook,COMMITTEE_HIKE,1,UNCHANGED,VOTE_ACTION_PROXY,2023-03-22,0,https://www.federalreserve.gov/newsevents/pressreleases/monetary20230322a.htm,"Voting for the monetary policy action were Jerome H. Powell, Chair; John C. Williams, Vice Chair; Michael S. Barr; Michelle W. Bowman; Lisa D. Cook; Austan D. Goolsbee; Patrick Harker; Philip N. Jefferson; Neel Kashkari; Lorie K. Logan; and Christopher J. Waller.",2023-02-16,Welcome Remarks,https://www.federalreserve.gov/newsevents/speech/cook20230216a.htm,COMMUNICATION_EVENT_DATE_STRICTLY_BEFORE_SEP_WHEN_TIME_UNKNOWN,SEP_RELEASE_DATE_AFTER_OFFICIAL_POLICY_STATEMENT; EXACT_RELEASE_TIME_NOT_STORED,NO
2023-03-22,Loretta J. Mester,UNKNOWN,,UNKNOWN,NO_DIRECTIONAL_PERSONAL_EVIDENCE_CLASSIFIED,,,,,2023-02-24,"Comments on ""Managing Disinflations"" by Stephen G. Cecchetti, Michael E. Feroli, Peter Hooper, Frederic S. Mishkin, and Kermit L. Schoenholtz with Matthew Luzzetti and Justin Weidner, 2023 US Monetary Policy Forum Sponsored by the Initiative on Global Markets at the University of Chicago Booth School of Business, New York, NY",https://fraser.stlouisfed.org/title/statements-speeches-loretta-j-mester-9033/comments-managing-disinflations-stephen-g-cecchetti-michael-e-feroli-peter-hooper-frederic-s-mishkin-kermit-l-schoenholtz-matthew-luzzetti-justin-weidner-2023-us-monetary-policy-forum-sponsored-initiative-global-markets-university-chicago-booth-school-business-new-york-ny-669946,COMMUNICATION_EVENT_DATE_STRICTLY_BEFORE_SEP_WHEN_TIME_UNKNOWN,SEP_RELEASE_DATE_AFTER_OFFICIAL_POLICY_STATEMENT; EXACT_RELEASE_TIME_NOT_STORED,NO
2023-03-22,Lorie K. Logan,COMMITTEE_HIKE,1,UNKNOWN,VOTE_ACTION_PROXY,2023-03-22,0,https://www.federalreserve.gov/newsevents/pressreleases/monetary20230322a.htm,"Voting for the monetary policy action were Jerome H. Powell, Chair; John C. Williams, Vice Chair; Michael S. Barr; Michelle W. Bowman; Lisa D. Cook; Austan D. Goolsbee; Patrick Harker; Philip N. Jefferson; Neel Kashkari; Lorie K. Logan; and Christopher J. Waller.",2023-03-03,Preventing and responding to dysfunction in core markets,https://www.dallasfed.org/news/speeches/logan/2023/lkl230303,COMMUNICATION_EVENT_DATE_STRICTLY_BEFORE_SEP_WHEN_TIME_UNKNOWN,SEP_RELEASE_DATE_AFTER_OFFICIAL_POLICY_STATEMENT; EXACT_RELEASE_TIME_NOT_STORED,NO
2023-03-22,Mary C. Daly,UNKNOWN,,UNKNOWN,NO_DIRECTIONAL_PERSONAL_EVIDENCE_CLASSIFIED,,,,,2023-03-04,Forward-Looking Policy in a Real-Time World,https://fraser.stlouisfed.org/title/statements-speeches-mary-c-daly-9034/forward-looking-policy-a-real-time-world-671979,COMMUNICATION_EVENT_DATE_STRICTLY_BEFORE_SEP_WHEN_TIME_UNKNOWN,SEP_RELEASE_DATE_AFTER_OFFICIAL_POLICY_STATEMENT; EXACT_RELEASE_TIME_NOT_STORED,NO
2023-03-22,Michael S. Barr,COMMITTEE_HIKE,1,UNCHANGED,VOTE_ACTION_PROXY,2023-03-22,0,https://www.federalreserve.gov/newsevents/pressreleases/monetary20230322a.htm,"Voting for the monetary policy action were Jerome H. Powell, Chair; John C. Williams, Vice Chair; Michael S. Barr; Michelle W. Bowman; Lisa D. Cook; Austan D. Goolsbee; Patrick Harker; Philip N. Jefferson; Neel Kashkari; Lorie K. Logan; and Christopher J. Waller.",2023-03-09,Supporting Innovation with Guardrails: The Federal Reserve’s Approach to Supervision and Regulation of Banks’ Crypto-related Activities,https://www.federalreserve.gov/newsevents/speech/barr20230309a.htm,COMMUNICATION_EVENT_DATE_STRICTLY_BEFORE_SEP_WHEN_TIME_UNKNOWN,SEP_RELEASE_DATE_AFTER_OFFICIAL_POLICY_STATEMENT; EXACT_RELEASE_TIME_NOT_STORED,NO
2023-03-22,Michelle W. Bowman,COMMITTEE_HIKE,1,UNCHANGED,VOTE_ACTION_PROXY,2023-03-22,0,https://www.federalreserve.gov/newsevents/pressreleases/monetary20230322a.htm,"Voting for the monetary policy action were Jerome H. Powell, Chair; John C. Williams, Vice Chair; Michael S. Barr; Michelle W. Bowman; Lisa D. Cook; Austan D. Goolsbee; Patrick Harker; Philip N. Jefferson; Neel Kashkari; Lorie K. Logan; and Christopher J. Waller.",2023-03-14,The Innovation Imperative: Modernizing Traditional Banking,https://www.federalreserve.gov/newsevents/speech/bowman20230314a.htm,COMMUNICATION_EVENT_DATE_STRICTLY_BEFORE_SEP_WHEN_TIME_UNKNOWN,SEP_RELEASE_DATE_AFTER_OFFICIAL_POLICY_STATEMENT; EXACT_RELEASE_TIME_NOT_STORED,NO
2023-03-22,Neel Kashkari,COMMITTEE_HIKE,1,UNKNOWN,VOTE_ACTION_PROXY,2023-03-22,0,https://www.federalreserve.gov/newsevents/pressreleases/monetary20230322a.htm,"Voting for the monetary policy action were Jerome H. Powell, Chair; John C. Williams, Vice Chair; Michael S. Barr; Michelle W. Bowman; Lisa D. Cook; Austan D. Goolsbee; Patrick Harker; Philip N. Jefferson; Neel Kashkari; Lorie K. Logan; and Christopher J. Waller.",2023-03-02,"Neel Kashkari participates in ""TESTIFY Talk: Race, Justice and the Economy"" at the Minneapolis Central Library",https://www.minneapolisfed.org/events/2023/neel-kashkari-participates-in-testify-talk-race-justice-and-the-economy-at-the-minneapolis-central-library,COMMUNICATION_EVENT_DATE_STRICTLY_BEFORE_SEP_WHEN_TIME_UNKNOWN,SEP_RELEASE_DATE_AFTER_OFFICIAL_POLICY_STATEMENT; EXACT_RELEASE_TIME_NOT_STORED,NO
2023-03-22,Patrick Harker,COMMITTEE_HIKE,1,UNKNOWN,VOTE_ACTION_PROXY,2023-03-22,0,https://www.federalreserve.gov/newsevents/pressreleases/monetary20230322a.htm,"Voting for the monetary policy action were Jerome H. Powell, Chair; John C. Williams, Vice Chair; Michael S. Barr; Michelle W. Bowman; Lisa D. Cook; Austan D. Goolsbee; Patrick Harker; Philip N. Jefferson; Neel Kashkari; Lorie K. Logan; and Christopher J. Waller.",2023-02-14,"The Fed and the Economy: Where We're Going, Where We've Been",https://fraser.stlouisfed.org/title/statements-speeches-patrick-t-harker-6102/fed-economy-going-weve-667652,COMMUNICATION_EVENT_DATE_STRICTLY_BEFORE_SEP_WHEN_TIME_UNKNOWN,SEP_RELEASE_DATE_AFTER_OFFICIAL_POLICY_STATEMENT; EXACT_RELEASE_TIME_NOT_STORED,NO
2023-03-22,Philip N. Jefferson,COMMITTEE_HIKE,1,UNCHANGED,VOTE_ACTION_PROXY,2023-03-22,0,https://www.federalreserve.gov/newsevents/pressreleases/monetary20230322a.htm,"Voting for the monetary policy action were Jerome H. Powell, Chair; John C. Williams, Vice Chair; Michael S. Barr; Michelle W. Bowman; Lisa D. Cook; Austan D. Goolsbee; Patrick Harker; Philip N. Jefferson; Neel Kashkari; Lorie K. Logan; and Christopher J. Waller.",2023-02-27,Recent Inflation and the Dual Mandate,https://www.federalreserve.gov/newsevents/speech/jefferson20230227a.htm,COMMUNICATION_EVENT_DATE_STRICTLY_BEFORE_SEP_WHEN_TIME_UNKNOWN,SEP_RELEASE_DATE_AFTER_OFFICIAL_POLICY_STATEMENT; EXACT_RELEASE_TIME_NOT_STORED,NO
2023-03-22,Raphael W. Bostic,UNKNOWN,,UNKNOWN,NO_DIRECTIONAL_PERSONAL_EVIDENCE_CLASSIFIED,,,,,2023-03-03,Racial Inequality in Macroeconomics Conference,https://www.atlantafed.org/news-and-events/speeches/2023/03/03/bostic-racial-inequality-in-macroeconomics,COMMUNICATION_EVENT_DATE_STRICTLY_BEFORE_SEP_WHEN_TIME_UNKNOWN,SEP_RELEASE_DATE_AFTER_OFFICIAL_POLICY_STATEMENT; EXACT_RELEASE_TIME_NOT_STORED,NO
2023-03-22,Susan M. Collins,UNKNOWN,,UNKNOWN,NO_DIRECTIONAL_PERSONAL_EVIDENCE_CLASSIFIED,,,,,2023-03-03,Remarks at the Vermont Bankers Association’s Women in Leadership Conference,https://www.bostonfed.org/news-and-events/events/presidents-speeches/2023/0301.aspx,COMMUNICATION_EVENT_DATE_STRICTLY_BEFORE_SEP_WHEN_TIME_UNKNOWN,SEP_RELEASE_DATE_AFTER_OFFICIAL_POLICY_STATEMENT; EXACT_RELEASE_TIME_NOT_STORED,NO
2023-03-22,Sushmita Shukla,UNKNOWN,,UNKNOWN,NO_DIRECTIONAL_PERSONAL_EVIDENCE_CLASSIFIED,,,,,,,,COMMUNICATION_EVENT_DATE_STRICTLY_BEFORE_SEP_WHEN_TIME_UNKNOWN,SEP_RELEASE_DATE_AFTER_OFFICIAL_POLICY_STATEMENT; EXACT_RELEASE_TIME_NOT_STORED,NO
2023-03-22,Thomas I. Barkin,UNKNOWN,,UNKNOWN,NO_DIRECTIONAL_PERSONAL_EVIDENCE_CLASSIFIED,,,,,2023-03-03,What's Keeping Inflation Elevated?,https://fraser.stlouisfed.org/title/statements-speeches-tom-barkin-9266/whats-keeping-inflation-elevated-678841,COMMUNICATION_EVENT_DATE_STRICTLY_BEFORE_SEP_WHEN_TIME_UNKNOWN,SEP_RELEASE_DATE_AFTER_OFFICIAL_POLICY_STATEMENT; EXACT_RELEASE_TIME_NOT_STORED,NO
2023-06-14,Austan D. Goolsbee,COMMITTEE_HOLD,0,MORE_DOVISH,VOTE_ACTION_PROXY,2023-06-14,0,https://www.federalreserve.gov/newsevents/pressreleases/monetary20230614a.htm,"Voting for the monetary policy action were Jerome H. Powell, Chair; John C. Williams, Vice Chair; Michael S. Barr; Michelle W. Bowman; Lisa D. Cook; Austan D. Goolsbee; Patrick Harker; Philip N. Jefferson; Neel Kashkari; Lorie K. Logan; and Christopher J. Waller.",2023-05-16,Panel discussion at the Atlanta Fed's Financial Markets Conference,https://fraser.stlouisfed.org/title/statements-speeches-austan-d-goolsbee-8963/panel-discussion-atlanta-feds-financial-markets-conference-666011,COMMUNICATION_EVENT_DATE_STRICTLY_BEFORE_SEP_WHEN_TIME_UNKNOWN,SEP_RELEASE_DATE_AFTER_OFFICIAL_POLICY_STATEMENT; EXACT_RELEASE_TIME_NOT_STORED,NO
2023-06-14,Christopher J. Waller,COMMITTEE_HOLD,0,MORE_DOVISH,VOTE_ACTION_PROXY,2023-06-14,0,https://www.federalreserve.gov/newsevents/pressreleases/monetary20230614a.htm,"Voting for the monetary policy action were Jerome H. Powell, Chair; John C. Williams, Vice Chair; Michael S. Barr; Michelle W. Bowman; Lisa D. Cook; Austan D. Goolsbee; Patrick Harker; Philip N. Jefferson; Neel Kashkari; Lorie K. Logan; and Christopher J. Waller.",2023-05-24,"Hike, Skip, or Pause?",https://www.federalreserve.gov/newsevents/speech/waller20230524a.htm,COMMUNICATION_EVENT_DATE_STRICTLY_BEFORE_SEP_WHEN_TIME_UNKNOWN,SEP_RELEASE_DATE_AFTER_OFFICIAL_POLICY_STATEMENT; EXACT_RELEASE_TIME_NOT_STORED,NO
2023-06-14,James Bullard,UNKNOWN,,UNKNOWN,NO_DIRECTIONAL_PERSONAL_EVIDENCE_CLASSIFIED,,,,,2023-02-04,Social Learning for the Masses,https://fraser.stlouisfed.org/title/statements-speeches-james-bullard-7161/social-learning-masses-654962,COMMUNICATION_EVENT_DATE_STRICTLY_BEFORE_SEP_WHEN_TIME_UNKNOWN,SEP_RELEASE_DATE_AFTER_OFFICIAL_POLICY_STATEMENT; EXACT_RELEASE_TIME_NOT_STORED,NO
2023-06-14,Jerome H. Powell,COMMITTEE_HOLD,0,MORE_DOVISH,VOTE_ACTION_PROXY,2023-06-14,0,https://www.federalreserve.gov/newsevents/pressreleases/monetary20230614a.htm,"Voting for the monetary policy action were Jerome H. Powell, Chair; John C. Williams, Vice Chair; Michael S. Barr; Michelle W. Bowman; Lisa D. Cook; Austan D. Goolsbee; Patrick Harker; Philip N. Jefferson; Neel Kashkari; Lorie K. Logan; and Christopher J. Waller.",2023-01-10,"Panel on ""Central Bank Independence and the Mandate—Evolving Views""",https://www.federalreserve.gov/newsevents/speech/powell20230110a.htm,COMMUNICATION_EVENT_DATE_STRICTLY_BEFORE_SEP_WHEN_TIME_UNKNOWN,SEP_RELEASE_DATE_AFTER_OFFICIAL_POLICY_STATEMENT; EXACT_RELEASE_TIME_NOT_STORED,NO
2023-06-14,John C. Williams,COMMITTEE_HOLD,0,MORE_DOVISH,VOTE_ACTION_PROXY,2023-06-14,0,https://www.federalreserve.gov/newsevents/pressreleases/monetary20230614a.htm,"Voting for the monetary policy action were Jerome H. Powell, Chair; John C. Williams, Vice Chair; Michael S. Barr; Michelle W. Bowman; Lisa D. Cook; Austan D. Goolsbee; Patrick Harker; Philip N. Jefferson; Neel Kashkari; Lorie K. Logan; and Christopher J. Waller.",2023-05-19,"Measuring the Natural Rate of Interest: Past, Present, and Future",https://fraser.stlouisfed.org/title/statements-speeches-john-c-williams-9040/measuring-natural-rate-interest-past-present-future-680941,COMMUNICATION_EVENT_DATE_STRICTLY_BEFORE_SEP_WHEN_TIME_UNKNOWN,SEP_RELEASE_DATE_AFTER_OFFICIAL_POLICY_STATEMENT; EXACT_RELEASE_TIME_NOT_STORED,NO
2023-06-14,Lisa D. Cook,COMMITTEE_HOLD,0,MORE_DOVISH,VOTE_ACTION_PROXY,2023-06-14,0,https://www.federalreserve.gov/newsevents/pressreleases/monetary20230614a.htm,"Voting for the monetary policy action were Jerome H. Powell, Chair; John C. Williams, Vice Chair; Michael S. Barr; Michelle W. Bowman; Lisa D. Cook; Austan D. Goolsbee; Patrick Harker; Philip N. Jefferson; Neel Kashkari; Lorie K. Logan; and Christopher J. Waller.",2023-05-15,Commencement Address,https://www.federalreserve.gov/newsevents/speech/cook20230515a.htm,COMMUNICATION_EVENT_DATE_STRICTLY_BEFORE_SEP_WHEN_TIME_UNKNOWN,SEP_RELEASE_DATE_AFTER_OFFICIAL_POLICY_STATEMENT; EXACT_RELEASE_TIME_NOT_STORED,NO
2023-06-14,Loretta J. Mester,UNKNOWN,,UNKNOWN,NO_DIRECTIONAL_PERSONAL_EVIDENCE_CLASSIFIED,,,,,2023-05-16,Longer-Run Trends and the U.S. Economy,https://www.clevelandfed.org/collections/speeches/2023/sp-20230516-longer-run-trends-us-economy,COMMUNICATION_EVENT_DATE_STRICTLY_BEFORE_SEP_WHEN_TIME_UNKNOWN,SEP_RELEASE_DATE_AFTER_OFFICIAL_POLICY_STATEMENT; EXACT_RELEASE_TIME_NOT_STORED,NO
2023-06-14,Lorie K. Logan,COMMITTEE_HOLD,0,MORE_DOVISH,VOTE_ACTION_PROXY,2023-06-14,0,https://www.federalreserve.gov/newsevents/pressreleases/monetary20230614a.htm,"Voting for the monetary policy action were Jerome H. Powell, Chair; John C. Williams, Vice Chair; Michael S. Barr; Michelle W. Bowman; Lisa D. Cook; Austan D. Goolsbee; Patrick Harker; Philip N. Jefferson; Neel Kashkari; Lorie K. Logan; and Christopher J. Waller.",2023-05-23,Welcoming Remarks at Day 2 of the Technology-Enabled Disruption Conference,https://www.dallasfed.org/news/speeches/logan/2023/lkl230523,COMMUNICATION_EVENT_DATE_STRICTLY_BEFORE_SEP_WHEN_TIME_UNKNOWN,SEP_RELEASE_DATE_AFTER_OFFICIAL_POLICY_STATEMENT; EXACT_RELEASE_TIME_NOT_STORED,NO
2023-06-14,Mary C. Daly,UNKNOWN,,UNKNOWN,NO_DIRECTIONAL_PERSONAL_EVIDENCE_CLASSIFIED,,,,,2023-05-22,Fireside Chat with the National Association for Business Economics,https://fraser.stlouisfed.org/title/statements-speeches-mary-c-daly-9034/fireside-chat-national-association-business-economics-671982,COMMUNICATION_EVENT_DATE_STRICTLY_BEFORE_SEP_WHEN_TIME_UNKNOWN,SEP_RELEASE_DATE_AFTER_OFFICIAL_POLICY_STATEMENT; EXACT_RELEASE_TIME_NOT_STORED,NO
2023-06-14,Michael S. Barr,COMMITTEE_HOLD,0,MORE_DOVISH,VOTE_ACTION_PROXY,2023-06-14,0,https://www.federalreserve.gov/newsevents/pressreleases/monetary20230614a.htm,"Voting for the monetary policy action were Jerome H. Powell, Chair; John C. Williams, Vice Chair; Michael S. Barr; Michelle W. Bowman; Lisa D. Cook; Austan D. Goolsbee; Patrick Harker; Philip N. Jefferson; Neel Kashkari; Lorie K. Logan; and Christopher J. Waller.",2023-03-29,Brief Remarks,https://www.federalreserve.gov/newsevents/speech/barr20230329a.htm,COMMUNICATION_EVENT_DATE_STRICTLY_BEFORE_SEP_WHEN_TIME_UNKNOWN,SEP_RELEASE_DATE_AFTER_OFFICIAL_POLICY_STATEMENT; EXACT_RELEASE_TIME_NOT_STORED,NO
2023-06-14,Michelle W. Bowman,COMMITTEE_HOLD,0,MORE_DOVISH,VOTE_ACTION_PROXY,2023-06-14,0,https://www.federalreserve.gov/newsevents/pressreleases/monetary20230614a.htm,"Voting for the monetary policy action were Jerome H. Powell, Chair; John C. Williams, Vice Chair; Michael S. Barr; Michelle W. Bowman; Lisa D. Cook; Austan D. Goolsbee; Patrick Harker; Philip N. Jefferson; Neel Kashkari; Lorie K. Logan; and Christopher J. Waller.",2023-05-31,Brief Remarks,https://www.federalreserve.gov/newsevents/speech/bowman20230531a.htm,COMMUNICATION_EVENT_DATE_STRICTLY_BEFORE_SEP_WHEN_TIME_UNKNOWN,SEP_RELEASE_DATE_AFTER_OFFICIAL_POLICY_STATEMENT; EXACT_RELEASE_TIME_NOT_STORED,NO
2023-06-14,Neel Kashkari,COMMITTEE_HOLD,0,MORE_DOVISH,VOTE_ACTION_PROXY,2023-06-14,0,https://www.federalreserve.gov/newsevents/pressreleases/monetary20230614a.htm,"Voting for the monetary policy action were Jerome H. Powell, Chair; John C. Williams, Vice Chair; Michael S. Barr; Michelle W. Bowman; Lisa D. Cook; Austan D. Goolsbee; Patrick Harker; Philip N. Jefferson; Neel Kashkari; Lorie K. Logan; and Christopher J. Waller.",2023-06-08,Minneapolis Fed leaders remember William Spriggs,https://www.minneapolisfed.org/article/2023/minneapolis-fed-leaders-remember-william-spriggs,COMMUNICATION_EVENT_DATE_STRICTLY_BEFORE_SEP_WHEN_TIME_UNKNOWN,SEP_RELEASE_DATE_AFTER_OFFICIAL_POLICY_STATEMENT; EXACT_RELEASE_TIME_NOT_STORED,NO
2023-06-14,Patrick Harker,COMMITTEE_HOLD,0,MORE_DOVISH,VOTE_ACTION_PROXY,2023-06-14,0,https://www.federalreserve.gov/newsevents/pressreleases/monetary20230614a.htm,"Voting for the monetary policy action were Jerome H. Powell, Chair; John C. Williams, Vice Chair; Michael S. Barr; Michelle W. Bowman; Lisa D. Cook; Austan D. Goolsbee; Patrick Harker; Philip N. Jefferson; Neel Kashkari; Lorie K. Logan; and Christopher J. Waller.",2023-06-01,Highlighting the Labor Market's New Complexities; Listening to Worker Voices,https://fraser.stlouisfed.org/title/statements-speeches-patrick-t-harker-6102/highlighting-labor-markets-new-complexities-listening-worker-voices-667655,COMMUNICATION_EVENT_DATE_STRICTLY_BEFORE_SEP_WHEN_TIME_UNKNOWN,SEP_RELEASE_DATE_AFTER_OFFICIAL_POLICY_STATEMENT; EXACT_RELEASE_TIME_NOT_STORED,NO
2023-06-14,Philip N. Jefferson,COMMITTEE_HOLD,0,MORE_DOVISH,VOTE_ACTION_PROXY,2023-06-14,0,https://www.federalreserve.gov/newsevents/pressreleases/monetary20230614a.htm,"Voting for the monetary policy action were Jerome H. Powell, Chair; John C. Williams, Vice Chair; Michael S. Barr; Michelle W. Bowman; Lisa D. Cook; Austan D. Goolsbee; Patrick Harker; Philip N. Jefferson; Neel Kashkari; Lorie K. Logan; and Christopher J. Waller.",2023-05-31,Financial Stability and the U.S. Economy,https://www.federalreserve.gov/newsevents/speech/jefferson20230531a.htm,COMMUNICATION_EVENT_DATE_STRICTLY_BEFORE_SEP_WHEN_TIME_UNKNOWN,SEP_RELEASE_DATE_AFTER_OFFICIAL_POLICY_STATEMENT; EXACT_RELEASE_TIME_NOT_STORED,NO
2023-06-14,Raphael W. Bostic,UNKNOWN,,UNKNOWN,NO_DIRECTIONAL_PERSONAL_EVIDENCE_CLASSIFIED,,,,,2023-05-24,Atlanta Fed President Interviews with Marketplace on Economic Conditions,https://www.atlantafed.org/news-and-events/media-interviews/2023/05/24/bostic-discusses-views-labor-markets-inflation,COMMUNICATION_EVENT_DATE_STRICTLY_BEFORE_SEP_WHEN_TIME_UNKNOWN,SEP_RELEASE_DATE_AFTER_OFFICIAL_POLICY_STATEMENT; EXACT_RELEASE_TIME_NOT_STORED,NO
2023-06-14,Susan M. Collins,UNKNOWN,,UNKNOWN,NO_DIRECTIONAL_PERSONAL_EVIDENCE_CLASSIFIED,,,,,2023-05-31,Brief Remarks at 2023 FedListens: Transitioning to the Post-Pandemic Economy,https://www.bostonfed.org/news-and-events/speeches/2023/remarks-at-2023-fedlistens-transitioning-to-the-post-pandemic-economy.aspx,COMMUNICATION_EVENT_DATE_STRICTLY_BEFORE_SEP_WHEN_TIME_UNKNOWN,SEP_RELEASE_DATE_AFTER_OFFICIAL_POLICY_STATEMENT; EXACT_RELEASE_TIME_NOT_STORED,NO
2023-06-14,Thomas I. Barkin,UNKNOWN,,UNKNOWN,NO_DIRECTIONAL_PERSONAL_EVIDENCE_CLASSIFIED,,,,,2023-04-12,Bringing Talent to Small Towns,https://fraser.stlouisfed.org/title/statements-speeches-tom-barkin-9266/bringing-talent-small-towns-678843,COMMUNICATION_EVENT_DATE_STRICTLY_BEFORE_SEP_WHEN_TIME_UNKNOWN,SEP_RELEASE_DATE_AFTER_OFFICIAL_POLICY_STATEMENT; EXACT_RELEASE_TIME_NOT_STORED,NO
2023-09-20,Adriana D. Kugler,COMMITTEE_HOLD,0,UNKNOWN,VOTE_ACTION_PROXY,2023-09-20,0,https://www.federalreserve.gov/newsevents/pressreleases/monetary20230920a.htm,"Voting for the monetary policy action were Jerome H. Powell, Chair; John C. Williams, Vice Chair; Michael S. Barr; Michelle W. Bowman; Lisa D. Cook; Austan D. Goolsbee; Patrick Harker; Philip N. Jefferson; Neel Kashkari; Adriana D. Kugler; Lorie K. Logan; and Christopher J. Waller.",,,,COMMUNICATION_EVENT_DATE_STRICTLY_BEFORE_SEP_WHEN_TIME_UNKNOWN,SEP_RELEASE_DATE_AFTER_OFFICIAL_POLICY_STATEMENT; EXACT_RELEASE_TIME_NOT_STORED,NO
2023-09-20,Austan D. Goolsbee,COMMITTEE_HOLD,0,UNCHANGED,VOTE_ACTION_PROXY,2023-09-20,0,https://www.federalreserve.gov/newsevents/pressreleases/monetary20230920a.htm,"Voting for the monetary policy action were Jerome H. Powell, Chair; John C. Williams, Vice Chair; Michael S. Barr; Michelle W. Bowman; Lisa D. Cook; Austan D. Goolsbee; Patrick Harker; Philip N. Jefferson; Neel Kashkari; Adriana D. Kugler; Lorie K. Logan; and Christopher J. Waller.",2023-09-07,Fourth Annual Exploring Career Pathways in Economics and Related Fields Conference,https://fraser.stlouisfed.org/title/statements-speeches-austan-d-goolsbee-8963/fourth-annual-exploring-career-pathways-economics-related-fields-conference-666013,COMMUNICATION_EVENT_DATE_STRICTLY_BEFORE_SEP_WHEN_TIME_UNKNOWN,SEP_RELEASE_DATE_AFTER_OFFICIAL_POLICY_STATEMENT; EXACT_RELEASE_TIME_NOT_STORED,NO
2023-09-20,Christopher J. Waller,COMMITTEE_HOLD,0,UNCHANGED,VOTE_ACTION_PROXY,2023-09-20,0,https://www.federalreserve.gov/newsevents/pressreleases/monetary20230920a.htm,"Voting for the monetary policy action were Jerome H. Powell, Chair; John C. Williams, Vice Chair; Michael S. Barr; Michelle W. Bowman; Lisa D. Cook; Austan D. Goolsbee; Patrick Harker; Philip N. Jefferson; Neel Kashkari; Adriana D. Kugler; Lorie K. Logan; and Christopher J. Waller.",2023-07-13,Big Shocks Travel Fast: Why Policy Lags May Be Shorter Than You Think,https://www.federalreserve.gov/newsevents/speech/waller20230713a.htm,COMMUNICATION_EVENT_DATE_STRICTLY_BEFORE_SEP_WHEN_TIME_UNKNOWN,SEP_RELEASE_DATE_AFTER_OFFICIAL_POLICY_STATEMENT; EXACT_RELEASE_TIME_NOT_STORED,NO
2023-09-20,Jeffrey R. Schmid,UNKNOWN,,UNKNOWN,NO_DIRECTIONAL_PERSONAL_EVIDENCE_CLASSIFIED,,,,,,,,COMMUNICATION_EVENT_DATE_STRICTLY_BEFORE_SEP_WHEN_TIME_UNKNOWN,SEP_RELEASE_DATE_AFTER_OFFICIAL_POLICY_STATEMENT; EXACT_RELEASE_TIME_NOT_STORED,NO
2023-09-20,Jerome H. Powell,COMMITTEE_HOLD,0,UNCHANGED,VOTE_ACTION_PROXY,2023-09-20,0,https://www.federalreserve.gov/newsevents/pressreleases/monetary20230920a.htm,"Voting for the monetary policy action were Jerome H. Powell, Chair; John C. Williams, Vice Chair; Michael S. Barr; Michelle W. Bowman; Lisa D. Cook; Austan D. Goolsbee; Patrick Harker; Philip N. Jefferson; Neel Kashkari; Adriana D. Kugler; Lorie K. Logan; and Christopher J. Waller.",2023-08-25,Inflation: Progress and the Path Ahead,https://www.federalreserve.gov/newsevents/speech/powell20230825a.htm,COMMUNICATION_EVENT_DATE_STRICTLY_BEFORE_SEP_WHEN_TIME_UNKNOWN,SEP_RELEASE_DATE_AFTER_OFFICIAL_POLICY_STATEMENT; EXACT_RELEASE_TIME_NOT_STORED,NO
2023-09-20,John C. Williams,COMMITTEE_HOLD,0,UNCHANGED,VOTE_ACTION_PROXY,2023-09-20,0,https://www.federalreserve.gov/newsevents/pressreleases/monetary20230920a.htm,"Voting for the monetary policy action were Jerome H. Powell, Chair; John C. Williams, Vice Chair; Michael S. Barr; Michelle W. Bowman; Lisa D. Cook; Austan D. Goolsbee; Patrick Harker; Philip N. Jefferson; Neel Kashkari; Adriana D. Kugler; Lorie K. Logan; and Christopher J. Waller.",2023-05-19,"Measuring the Natural Rate of Interest: Past, Present, and Future",https://fraser.stlouisfed.org/title/statements-speeches-john-c-williams-9040/measuring-natural-rate-interest-past-present-future-680941,COMMUNICATION_EVENT_DATE_STRICTLY_BEFORE_SEP_WHEN_TIME_UNKNOWN,SEP_RELEASE_DATE_AFTER_OFFICIAL_POLICY_STATEMENT; EXACT_RELEASE_TIME_NOT_STORED,NO
2023-09-20,Lisa D. Cook,COMMITTEE_HOLD,0,UNCHANGED,VOTE_ACTION_PROXY,2023-09-20,0,https://www.federalreserve.gov/newsevents/pressreleases/monetary20230920a.htm,"Voting for the monetary policy action were Jerome H. Powell, Chair; John C. Williams, Vice Chair; Michael S. Barr; Michelle W. Bowman; Lisa D. Cook; Austan D. Goolsbee; Patrick Harker; Philip N. Jefferson; Neel Kashkari; Adriana D. Kugler; Lorie K. Logan; and Christopher J. Waller.",2023-05-15,Commencement Address,https://www.federalreserve.gov/newsevents/speech/cook20230515a.htm,COMMUNICATION_EVENT_DATE_STRICTLY_BEFORE_SEP_WHEN_TIME_UNKNOWN,SEP_RELEASE_DATE_AFTER_OFFICIAL_POLICY_STATEMENT; EXACT_RELEASE_TIME_NOT_STORED,NO
2023-09-20,Loretta J. Mester,UNKNOWN,,UNKNOWN,NO_DIRECTIONAL_PERSONAL_EVIDENCE_CLASSIFIED,,,,,2023-09-01,Inflation: Four Questions Requiring Further Research to Inform Monetary Policy,https://www.clevelandfed.org/collections/speeches/2023/sp-20230901-inflation-four-questions-requiring-further-research-to-inform-monetary-policy,COMMUNICATION_EVENT_DATE_STRICTLY_BEFORE_SEP_WHEN_TIME_UNKNOWN,SEP_RELEASE_DATE_AFTER_OFFICIAL_POLICY_STATEMENT; EXACT_RELEASE_TIME_NOT_STORED,NO
2023-09-20,Lorie K. Logan,COMMITTEE_HOLD,0,UNCHANGED,VOTE_ACTION_PROXY,2023-09-20,0,https://www.federalreserve.gov/newsevents/pressreleases/monetary20230920a.htm,"Voting for the monetary policy action were Jerome H. Powell, Chair; John C. Williams, Vice Chair; Michael S. Barr; Michelle W. Bowman; Lisa D. Cook; Austan D. Goolsbee; Patrick Harker; Philip N. Jefferson; Neel Kashkari; Adriana D. Kugler; Lorie K. Logan; and Christopher J. Waller.",2023-09-07,Restoring price stability requires careful calibration,https://www.dallasfed.org/news/speeches/logan/2023/lkl230907,COMMUNICATION_EVENT_DATE_STRICTLY_BEFORE_SEP_WHEN_TIME_UNKNOWN,SEP_RELEASE_DATE_AFTER_OFFICIAL_POLICY_STATEMENT; EXACT_RELEASE_TIME_NOT_STORED,NO
2023-09-20,Mary C. Daly,UNKNOWN,,UNKNOWN,NO_DIRECTIONAL_PERSONAL_EVIDENCE_CLASSIFIED,,,,,2023-07-10,"Fireside Chat at the Brookings Institution, Washington, DC",https://fraser.stlouisfed.org/title/statements-speeches-mary-c-daly-9034/fireside-chat-brookings-institution-washington-dc-671983,COMMUNICATION_EVENT_DATE_STRICTLY_BEFORE_SEP_WHEN_TIME_UNKNOWN,SEP_RELEASE_DATE_AFTER_OFFICIAL_POLICY_STATEMENT; EXACT_RELEASE_TIME_NOT_STORED,NO
2023-09-20,Michael S. Barr,COMMITTEE_HOLD,0,UNCHANGED,VOTE_ACTION_PROXY,2023-09-20,0,https://www.federalreserve.gov/newsevents/pressreleases/monetary20230920a.htm,"Voting for the monetary policy action were Jerome H. Powell, Chair; John C. Williams, Vice Chair; Michael S. Barr; Michelle W. Bowman; Lisa D. Cook; Austan D. Goolsbee; Patrick Harker; Philip N. Jefferson; Neel Kashkari; Adriana D. Kugler; Lorie K. Logan; and Christopher J. Waller.",2023-09-08,The Federal Reserve’s Role in Supporting Responsible Innovation,https://www.federalreserve.gov/newsevents/speech/barr20230908a.htm,COMMUNICATION_EVENT_DATE_STRICTLY_BEFORE_SEP_WHEN_TIME_UNKNOWN,SEP_RELEASE_DATE_AFTER_OFFICIAL_POLICY_STATEMENT; EXACT_RELEASE_TIME_NOT_STORED,NO
2023-09-20,Michelle W. Bowman,COMMITTEE_HOLD,0,UNCHANGED,VOTE_ACTION_PROXY,2023-09-20,0,https://www.federalreserve.gov/newsevents/pressreleases/monetary20230920a.htm,"Voting for the monetary policy action were Jerome H. Powell, Chair; John C. Williams, Vice Chair; Michael S. Barr; Michelle W. Bowman; Lisa D. Cook; Austan D. Goolsbee; Patrick Harker; Philip N. Jefferson; Neel Kashkari; Adriana D. Kugler; Lorie K. Logan; and Christopher J. Waller.",2023-08-22,Welcoming Remarks,https://www.federalreserve.gov/newsevents/speech/bowman20230822a.htm,COMMUNICATION_EVENT_DATE_STRICTLY_BEFORE_SEP_WHEN_TIME_UNKNOWN,SEP_RELEASE_DATE_AFTER_OFFICIAL_POLICY_STATEMENT; EXACT_RELEASE_TIME_NOT_STORED,NO
2023-09-20,Neel Kashkari,COMMITTEE_HOLD,0,UNCHANGED,VOTE_ACTION_PROXY,2023-09-20,0,https://www.federalreserve.gov/newsevents/pressreleases/monetary20230920a.htm,"Voting for the monetary policy action were Jerome H. Powell, Chair; John C. Williams, Vice Chair; Michael S. Barr; Michelle W. Bowman; Lisa D. Cook; Austan D. Goolsbee; Patrick Harker; Philip N. Jefferson; Neel Kashkari; Adriana D. Kugler; Lorie K. Logan; and Christopher J. Waller.",2023-08-15,Neel Kashkari participates in Q&A at APi Group's Global Controllers Conference in Minneapolis,https://www.minneapolisfed.org/speeches/2023/neel-kashkari-participates-in-qa-at-api-groups-global-controllers-conference-in-minneapolis,COMMUNICATION_EVENT_DATE_STRICTLY_BEFORE_SEP_WHEN_TIME_UNKNOWN,SEP_RELEASE_DATE_AFTER_OFFICIAL_POLICY_STATEMENT; EXACT_RELEASE_TIME_NOT_STORED,NO
2023-09-20,Patrick Harker,COMMITTEE_HOLD,0,UNCHANGED,VOTE_ACTION_PROXY,2023-09-20,0,https://www.federalreserve.gov/newsevents/pressreleases/monetary20230920a.htm,"Voting for the monetary policy action were Jerome H. Powell, Chair; John C. Williams, Vice Chair; Michael S. Barr; Michelle W. Bowman; Lisa D. Cook; Austan D. Goolsbee; Patrick Harker; Philip N. Jefferson; Neel Kashkari; Adriana D. Kugler; Lorie K. Logan; and Christopher J. Waller.",2023-09-07,"Fintech: Ask ""What Next?"" Not ""What If?""",https://fraser.stlouisfed.org/title/statements-speeches-patrick-t-harker-6102/fintech-ask-next-667658,COMMUNICATION_EVENT_DATE_STRICTLY_BEFORE_SEP_WHEN_TIME_UNKNOWN,SEP_RELEASE_DATE_AFTER_OFFICIAL_POLICY_STATEMENT; EXACT_RELEASE_TIME_NOT_STORED,NO
2023-09-20,Philip N. Jefferson,COMMITTEE_HOLD,0,UNCHANGED,VOTE_ACTION_PROXY,2023-09-20,0,https://www.federalreserve.gov/newsevents/pressreleases/monetary20230920a.htm,"Voting for the monetary policy action were Jerome H. Powell, Chair; John C. Williams, Vice Chair; Michael S. Barr; Michelle W. Bowman; Lisa D. Cook; Austan D. Goolsbee; Patrick Harker; Philip N. Jefferson; Neel Kashkari; Adriana D. Kugler; Lorie K. Logan; and Christopher J. Waller.",2023-05-31,Financial Stability and the U.S. Economy,https://www.federalreserve.gov/newsevents/speech/jefferson20230531a.htm,COMMUNICATION_EVENT_DATE_STRICTLY_BEFORE_SEP_WHEN_TIME_UNKNOWN,SEP_RELEASE_DATE_AFTER_OFFICIAL_POLICY_STATEMENT; EXACT_RELEASE_TIME_NOT_STORED,NO
2023-09-20,Raphael W. Bostic,UNKNOWN,,UNKNOWN,NO_DIRECTIONAL_PERSONAL_EVIDENCE_CLASSIFIED,,,,,2023-09-07,Atlanta Fed President Connects with Greater Fort Lauderdale Alliance Foundation Leaders,https://www.atlantafed.org/news-and-events/speeches/2023/09/07/bostic-connects-with-greater-ft-lauderdale-alliance-foundation,COMMUNICATION_EVENT_DATE_STRICTLY_BEFORE_SEP_WHEN_TIME_UNKNOWN,SEP_RELEASE_DATE_AFTER_OFFICIAL_POLICY_STATEMENT; EXACT_RELEASE_TIME_NOT_STORED,NO
2023-09-20,Susan M. Collins,UNKNOWN,,UNKNOWN,NO_DIRECTIONAL_PERSONAL_EVIDENCE_CLASSIFIED,,,,,2023-09-06,Perspectives on the Economy and Policymaking,https://www.bostonfed.org/news-and-events/events/presidents-speeches/2023/0906.aspx,COMMUNICATION_EVENT_DATE_STRICTLY_BEFORE_SEP_WHEN_TIME_UNKNOWN,SEP_RELEASE_DATE_AFTER_OFFICIAL_POLICY_STATEMENT; EXACT_RELEASE_TIME_NOT_STORED,NO
2023-09-20,Thomas I. Barkin,UNKNOWN,,UNKNOWN,NO_DIRECTIONAL_PERSONAL_EVIDENCE_CLASSIFIED,,,,,2023-08-03,Recession Revisited,https://fraser.stlouisfed.org/title/statements-speeches-tom-barkin-9266/recession-revisited-678845,COMMUNICATION_EVENT_DATE_STRICTLY_BEFORE_SEP_WHEN_TIME_UNKNOWN,SEP_RELEASE_DATE_AFTER_OFFICIAL_POLICY_STATEMENT; EXACT_RELEASE_TIME_NOT_STORED,NO
2023-12-13,Adriana D. Kugler,COMMITTEE_HOLD,0,UNCHANGED,VOTE_ACTION_PROXY,2023-12-13,0,https://www.federalreserve.gov/newsevents/pressreleases/monetary20231213a.htm,"Voting for the monetary policy action were Jerome H. Powell, Chair; John C. Williams, Vice Chair; Michael S. Barr; Michelle W. Bowman; Lisa D. Cook; Austan D. Goolsbee; Patrick Harker; Philip N. Jefferson; Neel Kashkari; Adriana D. Kugler; Lorie K. Logan; and Christopher J. Waller.",,,,COMMUNICATION_EVENT_DATE_STRICTLY_BEFORE_SEP_WHEN_TIME_UNKNOWN,SEP_RELEASE_DATE_AFTER_OFFICIAL_POLICY_STATEMENT; EXACT_RELEASE_TIME_NOT_STORED,NO
2023-12-13,Austan D. Goolsbee,COMMITTEE_HOLD,0,UNCHANGED,VOTE_ACTION_PROXY,2023-12-13,0,https://www.federalreserve.gov/newsevents/pressreleases/monetary20231213a.htm,"Voting for the monetary policy action were Jerome H. Powell, Chair; John C. Williams, Vice Chair; Michael S. Barr; Michelle W. Bowman; Lisa D. Cook; Austan D. Goolsbee; Patrick Harker; Philip N. Jefferson; Neel Kashkari; Adriana D. Kugler; Lorie K. Logan; and Christopher J. Waller.",2023-12-01,Economic Outlook Symposium,https://www.chicagofed.org/publications/speeches/2023/dec-1-economic-outlook-symposium,COMMUNICATION_EVENT_DATE_STRICTLY_BEFORE_SEP_WHEN_TIME_UNKNOWN,SEP_RELEASE_DATE_AFTER_OFFICIAL_POLICY_STATEMENT; EXACT_RELEASE_TIME_NOT_STORED,NO
2023-12-13,Christopher J. Waller,COMMITTEE_HOLD,0,UNCHANGED,VOTE_ACTION_PROXY,2023-12-13,0,https://www.federalreserve.gov/newsevents/pressreleases/monetary20231213a.htm,"Voting for the monetary policy action were Jerome H. Powell, Chair; John C. Williams, Vice Chair; Michael S. Barr; Michelle W. Bowman; Lisa D. Cook; Austan D. Goolsbee; Patrick Harker; Philip N. Jefferson; Neel Kashkari; Adriana D. Kugler; Lorie K. Logan; and Christopher J. Waller.",2023-11-28,Something Appears to Be Giving,https://www.federalreserve.gov/newsevents/speech/waller20231128a.htm,COMMUNICATION_EVENT_DATE_STRICTLY_BEFORE_SEP_WHEN_TIME_UNKNOWN,SEP_RELEASE_DATE_AFTER_OFFICIAL_POLICY_STATEMENT; EXACT_RELEASE_TIME_NOT_STORED,NO
2023-12-13,Jeffrey R. Schmid,UNKNOWN,,UNKNOWN,NO_DIRECTIONAL_PERSONAL_EVIDENCE_CLASSIFIED,,,,,2023-11-07,Opening Remarks,https://www.kansascityfed.org/energy/energy-conference/energy-and-the-economy-reshuffling-the-energy-deck/,COMMUNICATION_EVENT_DATE_STRICTLY_BEFORE_SEP_WHEN_TIME_UNKNOWN,SEP_RELEASE_DATE_AFTER_OFFICIAL_POLICY_STATEMENT; EXACT_RELEASE_TIME_NOT_STORED,NO
2023-12-13,Jerome H. Powell,COMMITTEE_HOLD,0,UNCHANGED,VOTE_ACTION_PROXY,2023-12-13,0,https://www.federalreserve.gov/newsevents/pressreleases/monetary20231213a.htm,"Voting for the monetary policy action were Jerome H. Powell, Chair; John C. Williams, Vice Chair; Michael S. Barr; Michelle W. Bowman; Lisa D. Cook; Austan D. Goolsbee; Patrick Harker; Philip N. Jefferson; Neel Kashkari; Adriana D. Kugler; Lorie K. Logan; and Christopher J. Waller.",2023-12-01,Opening Remarks,https://www.federalreserve.gov/newsevents/speech/powell20231201a.htm,COMMUNICATION_EVENT_DATE_STRICTLY_BEFORE_SEP_WHEN_TIME_UNKNOWN,SEP_RELEASE_DATE_AFTER_OFFICIAL_POLICY_STATEMENT; EXACT_RELEASE_TIME_NOT_STORED,NO
2023-12-13,John C. Williams,COMMITTEE_HOLD,0,UNCHANGED,VOTE_ACTION_PROXY,2023-12-13,0,https://www.federalreserve.gov/newsevents/pressreleases/monetary20231213a.htm,"Voting for the monetary policy action were Jerome H. Powell, Chair; John C. Williams, Vice Chair; Michael S. Barr; Michelle W. Bowman; Lisa D. Cook; Austan D. Goolsbee; Patrick Harker; Philip N. Jefferson; Neel Kashkari; Adriana D. Kugler; Lorie K. Logan; and Christopher J. Waller.",2023-11-30,Restoring Price Stability,https://fraser.stlouisfed.org/title/statements-speeches-john-c-williams-9040/restoring-price-stability-680946,COMMUNICATION_EVENT_DATE_STRICTLY_BEFORE_SEP_WHEN_TIME_UNKNOWN,SEP_RELEASE_DATE_AFTER_OFFICIAL_POLICY_STATEMENT; EXACT_RELEASE_TIME_NOT_STORED,NO
2023-12-13,Lisa D. Cook,COMMITTEE_HOLD,0,UNCHANGED,VOTE_ACTION_PROXY,2023-12-13,0,https://www.federalreserve.gov/newsevents/pressreleases/monetary20231213a.htm,"Voting for the monetary policy action were Jerome H. Powell, Chair; John C. Williams, Vice Chair; Michael S. Barr; Michelle W. Bowman; Lisa D. Cook; Austan D. Goolsbee; Patrick Harker; Philip N. Jefferson; Neel Kashkari; Adriana D. Kugler; Lorie K. Logan; and Christopher J. Waller.",2023-11-16,"Global Linkages: Supply, Spillovers, and Common Challenges",https://www.federalreserve.gov/newsevents/speech/cook20231116a.htm,COMMUNICATION_EVENT_DATE_STRICTLY_BEFORE_SEP_WHEN_TIME_UNKNOWN,SEP_RELEASE_DATE_AFTER_OFFICIAL_POLICY_STATEMENT; EXACT_RELEASE_TIME_NOT_STORED,NO
2023-12-13,Loretta J. Mester,UNKNOWN,,UNKNOWN,NO_DIRECTIONAL_PERSONAL_EVIDENCE_CLASSIFIED,,,,,2023-11-29,Financial System Resilience,https://www.clevelandfed.org/collections/speeches/2023/sp-20231129-financial-system-resilience,COMMUNICATION_EVENT_DATE_STRICTLY_BEFORE_SEP_WHEN_TIME_UNKNOWN,SEP_RELEASE_DATE_AFTER_OFFICIAL_POLICY_STATEMENT; EXACT_RELEASE_TIME_NOT_STORED,NO
2023-12-13,Lorie K. Logan,COMMITTEE_HOLD,0,UNCHANGED,VOTE_ACTION_PROXY,2023-12-13,0,https://www.federalreserve.gov/newsevents/pressreleases/monetary20231213a.htm,"Voting for the monetary policy action were Jerome H. Powell, Chair; John C. Williams, Vice Chair; Michael S. Barr; Michelle W. Bowman; Lisa D. Cook; Austan D. Goolsbee; Patrick Harker; Philip N. Jefferson; Neel Kashkari; Adriana D. Kugler; Lorie K. Logan; and Christopher J. Waller.",2023-11-10,Ample reserves and the Friedman rule,https://www.dallasfed.org/news/speeches/logan/2023/lkl231110,COMMUNICATION_EVENT_DATE_STRICTLY_BEFORE_SEP_WHEN_TIME_UNKNOWN,SEP_RELEASE_DATE_AFTER_OFFICIAL_POLICY_STATEMENT; EXACT_RELEASE_TIME_NOT_STORED,NO
2023-12-13,Mary C. Daly,UNKNOWN,,UNKNOWN,NO_DIRECTIONAL_PERSONAL_EVIDENCE_CLASSIFIED,,,,,2023-11-17,What the Moment Demands - San Francisco Fed,https://www.frbsf.org/news-and-media/speeches/mary-c-daly/2023/11/what-the-moment-demands,COMMUNICATION_EVENT_DATE_STRICTLY_BEFORE_SEP_WHEN_TIME_UNKNOWN,SEP_RELEASE_DATE_AFTER_OFFICIAL_POLICY_STATEMENT; EXACT_RELEASE_TIME_NOT_STORED,NO
2023-12-13,Michael S. Barr,COMMITTEE_HOLD,0,UNCHANGED,VOTE_ACTION_PROXY,2023-12-13,0,https://www.federalreserve.gov/newsevents/pressreleases/monetary20231213a.htm,"Voting for the monetary policy action were Jerome H. Powell, Chair; John C. Williams, Vice Chair; Michael S. Barr; Michelle W. Bowman; Lisa D. Cook; Austan D. Goolsbee; Patrick Harker; Philip N. Jefferson; Neel Kashkari; Adriana D. Kugler; Lorie K. Logan; and Christopher J. Waller.",2023-12-01,The Importance of Effective Liquidity Risk Management,https://www.federalreserve.gov/newsevents/speech/barr20231201a.htm,COMMUNICATION_EVENT_DATE_STRICTLY_BEFORE_SEP_WHEN_TIME_UNKNOWN,SEP_RELEASE_DATE_AFTER_OFFICIAL_POLICY_STATEMENT; EXACT_RELEASE_TIME_NOT_STORED,NO
2023-12-13,Michelle W. Bowman,COMMITTEE_HOLD,0,UNCHANGED,VOTE_ACTION_PROXY,2023-12-13,0,https://www.federalreserve.gov/newsevents/pressreleases/monetary20231213a.htm,"Voting for the monetary policy action were Jerome H. Powell, Chair; John C. Williams, Vice Chair; Michael S. Barr; Michelle W. Bowman; Lisa D. Cook; Austan D. Goolsbee; Patrick Harker; Philip N. Jefferson; Neel Kashkari; Adriana D. Kugler; Lorie K. Logan; and Christopher J. Waller.",2023-12-05,Building a More Inclusive Financial System through Collaboration and Action,https://www.federalreserve.gov/newsevents/speech/bowman20231205a.htm,COMMUNICATION_EVENT_DATE_STRICTLY_BEFORE_SEP_WHEN_TIME_UNKNOWN,SEP_RELEASE_DATE_AFTER_OFFICIAL_POLICY_STATEMENT; EXACT_RELEASE_TIME_NOT_STORED,NO
2023-12-13,Neel Kashkari,COMMITTEE_HOLD,0,UNCHANGED,VOTE_ACTION_PROXY,2023-12-13,0,https://www.federalreserve.gov/newsevents/pressreleases/monetary20231213a.htm,"Voting for the monetary policy action were Jerome H. Powell, Chair; John C. Williams, Vice Chair; Michael S. Barr; Michelle W. Bowman; Lisa D. Cook; Austan D. Goolsbee; Patrick Harker; Philip N. Jefferson; Neel Kashkari; Adriana D. Kugler; Lorie K. Logan; and Christopher J. Waller.",2023-11-03,Neel Kashkari in conversation with Bill George and Poppy Harlow,https://minneapolisfed.org/speeches/2023/neel-kashkari-in-conversation-with-bill-george-and-poppy-harlow,COMMUNICATION_EVENT_DATE_STRICTLY_BEFORE_SEP_WHEN_TIME_UNKNOWN,SEP_RELEASE_DATE_AFTER_OFFICIAL_POLICY_STATEMENT; EXACT_RELEASE_TIME_NOT_STORED,NO
2023-12-13,Patrick Harker,COMMITTEE_HOLD,0,UNCHANGED,VOTE_ACTION_PROXY,2023-12-13,0,https://www.federalreserve.gov/newsevents/pressreleases/monetary20231213a.htm,"Voting for the monetary policy action were Jerome H. Powell, Chair; John C. Williams, Vice Chair; Michael S. Barr; Michelle W. Bowman; Lisa D. Cook; Austan D. Goolsbee; Patrick Harker; Philip N. Jefferson; Neel Kashkari; Adriana D. Kugler; Lorie K. Logan; and Christopher J. Waller.",2023-11-08,Fulfilling John Hayford's Legacy: Moving Economics Toward a New Way to Value Infrastructure,https://fraser.stlouisfed.org/title/statements-speeches-patrick-t-harker-6102/fulfilling-john-hayfords-legacy-moving-economics-toward-a-new-way-value-infrastructure-667665,COMMUNICATION_EVENT_DATE_STRICTLY_BEFORE_SEP_WHEN_TIME_UNKNOWN,SEP_RELEASE_DATE_AFTER_OFFICIAL_POLICY_STATEMENT; EXACT_RELEASE_TIME_NOT_STORED,NO
2023-12-13,Philip N. Jefferson,COMMITTEE_HOLD,0,UNCHANGED,VOTE_ACTION_PROXY,2023-12-13,0,https://www.federalreserve.gov/newsevents/pressreleases/monetary20231213a.htm,"Voting for the monetary policy action were Jerome H. Powell, Chair; John C. Williams, Vice Chair; Michael S. Barr; Michelle W. Bowman; Lisa D. Cook; Austan D. Goolsbee; Patrick Harker; Philip N. Jefferson; Neel Kashkari; Adriana D. Kugler; Lorie K. Logan; and Christopher J. Waller.",2023-11-14,Elevated Economic Uncertainty: Causes and Consequences,https://www.federalreserve.gov/newsevents/speech/jefferson20231114a.htm,COMMUNICATION_EVENT_DATE_STRICTLY_BEFORE_SEP_WHEN_TIME_UNKNOWN,SEP_RELEASE_DATE_AFTER_OFFICIAL_POLICY_STATEMENT; EXACT_RELEASE_TIME_NOT_STORED,NO
2023-12-13,Raphael W. Bostic,UNKNOWN,,UNKNOWN,NO_DIRECTIONAL_PERSONAL_EVIDENCE_CLASSIFIED,,,,,2023-11-03,President Bostic Talks with Bloomberg TV about the Economy,https://www.atlantafed.org/news-and-events/media-interviews/2023/11/03/bostic-talks-with-bloomberg-tv,COMMUNICATION_EVENT_DATE_STRICTLY_BEFORE_SEP_WHEN_TIME_UNKNOWN,SEP_RELEASE_DATE_AFTER_OFFICIAL_POLICY_STATEMENT; EXACT_RELEASE_TIME_NOT_STORED,NO
2023-12-13,Susan M. Collins,UNKNOWN,,UNKNOWN,NO_DIRECTIONAL_PERSONAL_EVIDENCE_CLASSIFIED,,,,,2023-11-17,"Full Employment: A Broad-Based, Inclusive Goal",https://www.bostonfed.org/news-and-events/events/presidents-speeches/2023/1117.aspx,COMMUNICATION_EVENT_DATE_STRICTLY_BEFORE_SEP_WHEN_TIME_UNKNOWN,SEP_RELEASE_DATE_AFTER_OFFICIAL_POLICY_STATEMENT; EXACT_RELEASE_TIME_NOT_STORED,NO
2023-12-13,Thomas I. Barkin,UNKNOWN,,UNKNOWN,NO_DIRECTIONAL_PERSONAL_EVIDENCE_CLASSIFIED,,,,,2023-11-15,The Housing Challenge,https://fraser.stlouisfed.org/title/statements-speeches-tom-barkin-9266/housing-challenge-678849,COMMUNICATION_EVENT_DATE_STRICTLY_BEFORE_SEP_WHEN_TIME_UNKNOWN,SEP_RELEASE_DATE_AFTER_OFFICIAL_POLICY_STATEMENT; EXACT_RELEASE_TIME_NOT_STORED,NO
2024-03-20,Adriana D. Kugler,COMMITTEE_HOLD,0,UNCHANGED,VOTE_ACTION_PROXY,2024-03-20,0,https://www.federalreserve.gov/newsevents/pressreleases/monetary20240320a.htm,"Voting for the monetary policy action were Jerome H. Powell, Chair; John C. Williams, Vice Chair; Thomas I. Barkin; Michael S. Barr; Raphael W. Bostic; Michelle W. Bowman; Lisa D. Cook; Mary C. Daly; Philip N. Jefferson; Adriana D. Kugler; Loretta J. Mester; and Christopher J. Waller.",2024-03-01,Disinflation without a Rise in Unemployment? What Is Different This Time Around,https://www.federalreserve.gov/newsevents/speech/kugler20240301a.htm,COMMUNICATION_EVENT_DATE_STRICTLY_BEFORE_SEP_WHEN_TIME_UNKNOWN,SEP_RELEASE_DATE_AFTER_OFFICIAL_POLICY_STATEMENT; EXACT_RELEASE_TIME_NOT_STORED,NO
2024-03-20,Austan D. Goolsbee,UNKNOWN,,UNKNOWN,NO_DIRECTIONAL_PERSONAL_EVIDENCE_CLASSIFIED,,,,,2024-02-29,Markus' Academy: Princeton University Bendheim Center for Finance,https://www.chicagofed.org/publications/speeches/2024/feb-29-markus-academy,COMMUNICATION_EVENT_DATE_STRICTLY_BEFORE_SEP_WHEN_TIME_UNKNOWN,SEP_RELEASE_DATE_AFTER_OFFICIAL_POLICY_STATEMENT; EXACT_RELEASE_TIME_NOT_STORED,NO
2024-03-20,Christopher J. Waller,COMMITTEE_HOLD,0,UNCHANGED,VOTE_ACTION_PROXY,2024-03-20,0,https://www.federalreserve.gov/newsevents/pressreleases/monetary20240320a.htm,"Voting for the monetary policy action were Jerome H. Powell, Chair; John C. Williams, Vice Chair; Thomas I. Barkin; Michael S. Barr; Raphael W. Bostic; Michelle W. Bowman; Lisa D. Cook; Mary C. Daly; Philip N. Jefferson; Adriana D. Kugler; Loretta J. Mester; and Christopher J. Waller.",2024-03-01,"Thoughts on Quantitative Tightening, Including Remarks on the Paper ""Quantitative Tightening around the Globe: What Have We Learned?""",https://www.federalreserve.gov/newsevents/speech/waller20240301a.htm,COMMUNICATION_EVENT_DATE_STRICTLY_BEFORE_SEP_WHEN_TIME_UNKNOWN,SEP_RELEASE_DATE_AFTER_OFFICIAL_POLICY_STATEMENT; EXACT_RELEASE_TIME_NOT_STORED,NO
2024-03-20,Jeffrey R. Schmid,UNKNOWN,,UNKNOWN,NO_DIRECTIONAL_PERSONAL_EVIDENCE_CLASSIFIED,,,,,2023-11-07,Opening Remarks,https://www.kansascityfed.org/energy/energy-conference/energy-and-the-economy-reshuffling-the-energy-deck/,COMMUNICATION_EVENT_DATE_STRICTLY_BEFORE_SEP_WHEN_TIME_UNKNOWN,SEP_RELEASE_DATE_AFTER_OFFICIAL_POLICY_STATEMENT; EXACT_RELEASE_TIME_NOT_STORED,NO
2024-03-20,Jerome H. Powell,COMMITTEE_HOLD,0,UNCHANGED,VOTE_ACTION_PROXY,2024-03-20,0,https://www.federalreserve.gov/newsevents/pressreleases/monetary20240320a.htm,"Voting for the monetary policy action were Jerome H. Powell, Chair; John C. Williams, Vice Chair; Thomas I. Barkin; Michael S. Barr; Raphael W. Bostic; Michelle W. Bowman; Lisa D. Cook; Mary C. Daly; Philip N. Jefferson; Adriana D. Kugler; Loretta J. Mester; and Christopher J. Waller.",2023-12-01,Opening Remarks,https://www.federalreserve.gov/newsevents/speech/powell20231201a.htm,COMMUNICATION_EVENT_DATE_STRICTLY_BEFORE_SEP_WHEN_TIME_UNKNOWN,SEP_RELEASE_DATE_AFTER_OFFICIAL_POLICY_STATEMENT; EXACT_RELEASE_TIME_NOT_STORED,NO
2024-03-20,John C. Williams,COMMITTEE_HOLD,0,UNCHANGED,VOTE_ACTION_PROXY,2024-03-20,0,https://www.federalreserve.gov/newsevents/pressreleases/monetary20240320a.htm,"Voting for the monetary policy action were Jerome H. Powell, Chair; John C. Williams, Vice Chair; Thomas I. Barkin; Michael S. Barr; Raphael W. Bostic; Michelle W. Bowman; Lisa D. Cook; Mary C. Daly; Philip N. Jefferson; Adriana D. Kugler; Loretta J. Mester; and Christopher J. Waller.",2024-02-28,There and Back Again,https://fraser.stlouisfed.org/title/statements-speeches-john-c-williams-9040/back-680948,COMMUNICATION_EVENT_DATE_STRICTLY_BEFORE_SEP_WHEN_TIME_UNKNOWN,SEP_RELEASE_DATE_AFTER_OFFICIAL_POLICY_STATEMENT; EXACT_RELEASE_TIME_NOT_STORED,NO
2024-03-20,Kathleen O'Neill Paese,UNKNOWN,,UNKNOWN,NO_DIRECTIONAL_PERSONAL_EVIDENCE_CLASSIFIED,,,,,,,,COMMUNICATION_EVENT_DATE_STRICTLY_BEFORE_SEP_WHEN_TIME_UNKNOWN,SEP_RELEASE_DATE_AFTER_OFFICIAL_POLICY_STATEMENT; EXACT_RELEASE_TIME_NOT_STORED,NO
2024-03-20,Lisa D. Cook,COMMITTEE_HOLD,0,UNCHANGED,VOTE_ACTION_PROXY,2024-03-20,0,https://www.federalreserve.gov/newsevents/pressreleases/monetary20240320a.htm,"Voting for the monetary policy action were Jerome H. Powell, Chair; John C. Williams, Vice Chair; Thomas I. Barkin; Michael S. Barr; Raphael W. Bostic; Michelle W. Bowman; Lisa D. Cook; Mary C. Daly; Philip N. Jefferson; Adriana D. Kugler; Loretta J. Mester; and Christopher J. Waller.",2024-02-22,Sources of Uncertainty in the Short Run and the Long Run,https://www.federalreserve.gov/newsevents/speech/cook20240222a.htm,COMMUNICATION_EVENT_DATE_STRICTLY_BEFORE_SEP_WHEN_TIME_UNKNOWN,SEP_RELEASE_DATE_AFTER_OFFICIAL_POLICY_STATEMENT; EXACT_RELEASE_TIME_NOT_STORED,NO
2024-03-20,Loretta J. Mester,COMMITTEE_HOLD,0,UNKNOWN,VOTE_ACTION_PROXY,2024-03-20,0,https://www.federalreserve.gov/newsevents/pressreleases/monetary20240320a.htm,"Voting for the monetary policy action were Jerome H. Powell, Chair; John C. Williams, Vice Chair; Thomas I. Barkin; Michael S. Barr; Raphael W. Bostic; Michelle W. Bowman; Lisa D. Cook; Mary C. Daly; Philip N. Jefferson; Adriana D. Kugler; Loretta J. Mester; and Christopher J. Waller.",2024-03-07,Brief Remarks about the U.S. Economy and Monetary Policy,https://www.clevelandfed.org/collections/speeches/2024/sp-20240307-us-economy-and-monetary-policy,COMMUNICATION_EVENT_DATE_STRICTLY_BEFORE_SEP_WHEN_TIME_UNKNOWN,SEP_RELEASE_DATE_AFTER_OFFICIAL_POLICY_STATEMENT; EXACT_RELEASE_TIME_NOT_STORED,NO
2024-03-20,Lorie K. Logan,UNKNOWN,,UNKNOWN,NO_DIRECTIONAL_PERSONAL_EVIDENCE_CLASSIFIED,,,,,2024-03-01,"Discussion of ‘Quantitative Tightening Around the Globe: What Have We Learned?’ by Wenxin Du, Kristin Forbes and Matthew Luzzetti",https://www.dallasfed.org/news/speeches/logan/2024/lkl240301,COMMUNICATION_EVENT_DATE_STRICTLY_BEFORE_SEP_WHEN_TIME_UNKNOWN,SEP_RELEASE_DATE_AFTER_OFFICIAL_POLICY_STATEMENT; EXACT_RELEASE_TIME_NOT_STORED,NO
2024-03-20,Mary C. Daly,COMMITTEE_HOLD,0,UNKNOWN,VOTE_ACTION_PROXY,2024-03-20,0,https://www.federalreserve.gov/newsevents/pressreleases/monetary20240320a.htm,"Voting for the monetary policy action were Jerome H. Powell, Chair; John C. Williams, Vice Chair; Thomas I. Barkin; Michael S. Barr; Raphael W. Bostic; Michelle W. Bowman; Lisa D. Cook; Mary C. Daly; Philip N. Jefferson; Adriana D. Kugler; Loretta J. Mester; and Christopher J. Waller.",2024-03-06,Home Truths: Changing the Conversation on Housing,https://fraser.stlouisfed.org/title/statements-speeches-mary-c-daly-9034/home-truths-changing-conversation-housing-671988,COMMUNICATION_EVENT_DATE_STRICTLY_BEFORE_SEP_WHEN_TIME_UNKNOWN,SEP_RELEASE_DATE_AFTER_OFFICIAL_POLICY_STATEMENT; EXACT_RELEASE_TIME_NOT_STORED,NO
2024-03-20,Michael S. Barr,COMMITTEE_HOLD,0,UNCHANGED,VOTE_ACTION_PROXY,2024-03-20,0,https://www.federalreserve.gov/newsevents/pressreleases/monetary20240320a.htm,"Voting for the monetary policy action were Jerome H. Powell, Chair; John C. Williams, Vice Chair; Thomas I. Barkin; Michael S. Barr; Raphael W. Bostic; Michelle W. Bowman; Lisa D. Cook; Mary C. Daly; Philip N. Jefferson; Adriana D. Kugler; Loretta J. Mester; and Christopher J. Waller.",2024-02-27,The Importance of Counterparty Credit Risk Management,https://www.federalreserve.gov/newsevents/speech/barr20240227a.htm,COMMUNICATION_EVENT_DATE_STRICTLY_BEFORE_SEP_WHEN_TIME_UNKNOWN,SEP_RELEASE_DATE_AFTER_OFFICIAL_POLICY_STATEMENT; EXACT_RELEASE_TIME_NOT_STORED,NO
2024-03-20,Michelle W. Bowman,COMMITTEE_HOLD,0,UNCHANGED,VOTE_ACTION_PROXY,2024-03-20,0,https://www.federalreserve.gov/newsevents/pressreleases/monetary20240320a.htm,"Voting for the monetary policy action were Jerome H. Powell, Chair; John C. Williams, Vice Chair; Thomas I. Barkin; Michael S. Barr; Raphael W. Bostic; Michelle W. Bowman; Lisa D. Cook; Mary C. Daly; Philip N. Jefferson; Adriana D. Kugler; Loretta J. Mester; and Christopher J. Waller.",2024-03-07,Reflections on the Economy and Bank Regulation,https://www.federalreserve.gov/newsevents/speech/bowman20240307a.htm,COMMUNICATION_EVENT_DATE_STRICTLY_BEFORE_SEP_WHEN_TIME_UNKNOWN,SEP_RELEASE_DATE_AFTER_OFFICIAL_POLICY_STATEMENT; EXACT_RELEASE_TIME_NOT_STORED,NO
2024-03-20,Neel Kashkari,UNKNOWN,,UNKNOWN,NO_DIRECTIONAL_PERSONAL_EVIDENCE_CLASSIFIED,,,,,2024-02-22,Neel Kashkari participates in Northside Economic Opportunity Network (NEON) Community Conversations series,https://minneapolisfed.org/speeches/2024/neel-kashkari-participates-in-northside-economic-opportunity-network-community-conversations-series,COMMUNICATION_EVENT_DATE_STRICTLY_BEFORE_SEP_WHEN_TIME_UNKNOWN,SEP_RELEASE_DATE_AFTER_OFFICIAL_POLICY_STATEMENT; EXACT_RELEASE_TIME_NOT_STORED,NO
2024-03-20,Patrick Harker,UNKNOWN,,UNKNOWN,NO_DIRECTIONAL_PERSONAL_EVIDENCE_CLASSIFIED,,,,,2024-02-22,Economic Outlook: We Are in the Final Mile of the Marathon,https://fraser.stlouisfed.org/title/statements-speeches-patrick-t-harker-6102/economic-outlook-final-mile-marathon-689924,COMMUNICATION_EVENT_DATE_STRICTLY_BEFORE_SEP_WHEN_TIME_UNKNOWN,SEP_RELEASE_DATE_AFTER_OFFICIAL_POLICY_STATEMENT; EXACT_RELEASE_TIME_NOT_STORED,NO
2024-03-20,Philip N. Jefferson,COMMITTEE_HOLD,0,UNCHANGED,VOTE_ACTION_PROXY,2024-03-20,0,https://www.federalreserve.gov/newsevents/pressreleases/monetary20240320a.htm,"Voting for the monetary policy action were Jerome H. Powell, Chair; John C. Williams, Vice Chair; Thomas I. Barkin; Michael S. Barr; Raphael W. Bostic; Michelle W. Bowman; Lisa D. Cook; Mary C. Daly; Philip N. Jefferson; Adriana D. Kugler; Loretta J. Mester; and Christopher J. Waller.",2024-02-22,Is This Time Different? Recent Monetary Policy Cycles in Retrospect,https://www.federalreserve.gov/newsevents/speech/jefferson20240222a.htm,COMMUNICATION_EVENT_DATE_STRICTLY_BEFORE_SEP_WHEN_TIME_UNKNOWN,SEP_RELEASE_DATE_AFTER_OFFICIAL_POLICY_STATEMENT; EXACT_RELEASE_TIME_NOT_STORED,NO
2024-03-20,Raphael W. Bostic,HOLD_RESTRICTIVE,0,UNKNOWN,MANUALLY_REVIEWED_PERSONAL_COMMUNICATION,2024-01-18,62,https://www.atlantafed.org/news-and-events/speeches/2024/01/18/bostic-arc-of-monetary-policy,monetary policy is sufficiently restrictive to promote the return of inflation to the Committee's 2 percent target over the medium term.,2024-03-01,Fireside Chat: UF Real Estate Trends and Strategies Conference,https://www.atlantafed.org/news-and-events/speeches/2024/03/01/bostic-chat-uf-real-estate-center,COMMUNICATION_EVENT_DATE_STRICTLY_BEFORE_SEP_WHEN_TIME_UNKNOWN,SEP_RELEASE_DATE_AFTER_OFFICIAL_POLICY_STATEMENT; EXACT_RELEASE_TIME_NOT_STORED,NO
2024-03-20,Susan M. Collins,UNKNOWN,,UNKNOWN,NO_DIRECTIONAL_PERSONAL_EVIDENCE_CLASSIFIED,,,,,2024-03-06,Remarks to the Retail Industry Leaders Association,https://www.bostonfed.org/news-and-events/speeches/2024/remarks-to-the-retail-industry-leaders-association.aspx,COMMUNICATION_EVENT_DATE_STRICTLY_BEFORE_SEP_WHEN_TIME_UNKNOWN,SEP_RELEASE_DATE_AFTER_OFFICIAL_POLICY_STATEMENT; EXACT_RELEASE_TIME_NOT_STORED,NO
2024-03-20,Thomas I. Barkin,COMMITTEE_HOLD,0,UNKNOWN,VOTE_ACTION_PROXY,2024-03-20,0,https://www.federalreserve.gov/newsevents/pressreleases/monetary20240320a.htm,"Voting for the monetary policy action were Jerome H. Powell, Chair; John C. Williams, Vice Chair; Thomas I. Barkin; Michael S. Barr; Raphael W. Bostic; Michelle W. Bowman; Lisa D. Cook; Mary C. Daly; Philip N. Jefferson; Adriana D. Kugler; Loretta J. Mester; and Christopher J. Waller.",2024-02-08,Inflation: Handle With Care,https://fraser.stlouisfed.org/title/statements-speeches-tom-barkin-9266/inflation-handle-care-678851,COMMUNICATION_EVENT_DATE_STRICTLY_BEFORE_SEP_WHEN_TIME_UNKNOWN,SEP_RELEASE_DATE_AFTER_OFFICIAL_POLICY_STATEMENT; EXACT_RELEASE_TIME_NOT_STORED,NO
2024-06-12,Adriana D. Kugler,CUT_BIAS,-1,MORE_DOVISH,MANUALLY_REVIEWED_PERSONAL_COMMUNICATION,2024-04-03,70,https://www.federalreserve.gov/newsevents/speech/kugler20240403a.htm,if disinflation and labor market conditions proceed as I am currently expecting,2024-05-18,"On the Road Ahead, Cherish the Detours",https://www.federalreserve.gov/newsevents/speech/kugler20240518a.htm,COMMUNICATION_EVENT_DATE_STRICTLY_BEFORE_SEP_WHEN_TIME_UNKNOWN,SEP_RELEASE_DATE_AFTER_OFFICIAL_POLICY_STATEMENT; EXACT_RELEASE_TIME_NOT_STORED,NO
2024-06-12,Alberto G. Musalem,UNKNOWN,,UNKNOWN,NO_DIRECTIONAL_PERSONAL_EVIDENCE_CLASSIFIED,,,,,2024-04-04,Musalem’s Remarks: 2024 Women in Economics Symposium,https://www.stlouisfed.org/from-the-president/remarks/2024/introductory-remarks-women-in-economics-symposium,COMMUNICATION_EVENT_DATE_STRICTLY_BEFORE_SEP_WHEN_TIME_UNKNOWN,SEP_RELEASE_DATE_AFTER_OFFICIAL_POLICY_STATEMENT; EXACT_RELEASE_TIME_NOT_STORED,NO
2024-06-12,Austan D. Goolsbee,UNKNOWN,,UNKNOWN,NO_DIRECTIONAL_PERSONAL_EVIDENCE_CLASSIFIED,,,,,2024-05-22,Holding Company Symposium,https://www.chicagofed.org/publications/speeches/2024/may-22-holding-company-symposium,COMMUNICATION_EVENT_DATE_STRICTLY_BEFORE_SEP_WHEN_TIME_UNKNOWN,SEP_RELEASE_DATE_AFTER_OFFICIAL_POLICY_STATEMENT; EXACT_RELEASE_TIME_NOT_STORED,NO
2024-06-12,Christopher J. Waller,HOLD_LONGER,1,MORE_HAWKISH,MANUALLY_REVIEWED_PERSONAL_COMMUNICATION,2024-05-21,22,https://www.federalreserve.gov/newsevents/speech/waller20240521a.htm,I need to see several more months of good inflation data before I would be comfortable supporting an easing in the stance of monetary policy.,2024-05-24,Some Thoughts on r*: Why Did It Fall and Will It Rise?,https://www.federalreserve.gov/newsevents/speech/waller20240524a.htm,COMMUNICATION_EVENT_DATE_STRICTLY_BEFORE_SEP_WHEN_TIME_UNKNOWN,SEP_RELEASE_DATE_AFTER_OFFICIAL_POLICY_STATEMENT; EXACT_RELEASE_TIME_NOT_STORED,NO
2024-06-12,Jeffrey R. Schmid,UNKNOWN,,UNKNOWN,NO_DIRECTIONAL_PERSONAL_EVIDENCE_CLASSIFIED,,,,,2024-04-02,A Workshop on the Future of Banking: Opening Remarks,https://www.kansascityfed.org/speeches/a-workshop-on-the-future-of-banking-opening-remarks,COMMUNICATION_EVENT_DATE_STRICTLY_BEFORE_SEP_WHEN_TIME_UNKNOWN,SEP_RELEASE_DATE_AFTER_OFFICIAL_POLICY_STATEMENT; EXACT_RELEASE_TIME_NOT_STORED,NO
2024-06-12,Jerome H. Powell,COMMITTEE_HOLD,0,UNCHANGED,VOTE_ACTION_PROXY,2024-06-12,0,https://www.federalreserve.gov/newsevents/pressreleases/monetary20240612a.htm,"Voting for the monetary policy action were Jerome H. Powell, Chair; John C. Williams, Vice Chair; Thomas I. Barkin; Michael S. Barr; Raphael W. Bostic; Michelle W. Bowman; Lisa D. Cook; Mary C. Daly; Philip N. Jefferson; Adriana D. Kugler; Loretta J. Mester; and Christopher J. Waller.",2024-05-19,Georgetown University Law Center Commencement Address,https://www.federalreserve.gov/newsevents/speech/powell20240519a.htm,COMMUNICATION_EVENT_DATE_STRICTLY_BEFORE_SEP_WHEN_TIME_UNKNOWN,SEP_RELEASE_DATE_AFTER_OFFICIAL_POLICY_STATEMENT; EXACT_RELEASE_TIME_NOT_STORED,NO
2024-06-12,John C. Williams,HOLD,0,UNCHANGED,MANUALLY_REVIEWED_PERSONAL_COMMUNICATION,2024-05-30,13,https://www.newyorkfed.org/newsevents/speeches/2024/wil240530,I see the current stance of monetary policy as being well positioned to continue the progress we've made toward achieving our objectives.,2024-05-30,Finding Balance in the Economy,https://fraser.stlouisfed.org/title/statements-speeches-john-c-williams-9040/finding-balance-economy-680951,COMMUNICATION_EVENT_DATE_STRICTLY_BEFORE_SEP_WHEN_TIME_UNKNOWN,SEP_RELEASE_DATE_AFTER_OFFICIAL_POLICY_STATEMENT; EXACT_RELEASE_TIME_NOT_STORED,NO
2024-06-12,Lisa D. Cook,COMMITTEE_HOLD,0,UNCHANGED,VOTE_ACTION_PROXY,2024-06-12,0,https://www.federalreserve.gov/newsevents/pressreleases/monetary20240612a.htm,"Voting for the monetary policy action were Jerome H. Powell, Chair; John C. Williams, Vice Chair; Thomas I. Barkin; Michael S. Barr; Raphael W. Bostic; Michelle W. Bowman; Lisa D. Cook; Mary C. Daly; Philip N. Jefferson; Adriana D. Kugler; Loretta J. Mester; and Christopher J. Waller.",2024-06-07,A New Class of Trailblazers,https://www.federalreserve.gov/newsevents/speech/cook20240607a.htm,COMMUNICATION_EVENT_DATE_STRICTLY_BEFORE_SEP_WHEN_TIME_UNKNOWN,SEP_RELEASE_DATE_AFTER_OFFICIAL_POLICY_STATEMENT; EXACT_RELEASE_TIME_NOT_STORED,NO
2024-06-12,Loretta J. Mester,COMMITTEE_HOLD,0,UNCHANGED,VOTE_ACTION_PROXY,2024-06-12,0,https://www.federalreserve.gov/newsevents/pressreleases/monetary20240612a.htm,"Voting for the monetary policy action were Jerome H. Powell, Chair; John C. Williams, Vice Chair; Thomas I. Barkin; Michael S. Barr; Raphael W. Bostic; Michelle W. Bowman; Lisa D. Cook; Mary C. Daly; Philip N. Jefferson; Adriana D. Kugler; Loretta J. Mester; and Christopher J. Waller.",2024-05-28,Forward Guidance and Monetary Policy Communications: Use Your Words and Connect the Dots,https://www.clevelandfed.org/collections/speeches/2024/sp-20240528-forward-guidance-and-monetary-policy-communications,COMMUNICATION_EVENT_DATE_STRICTLY_BEFORE_SEP_WHEN_TIME_UNKNOWN,SEP_RELEASE_DATE_AFTER_OFFICIAL_POLICY_STATEMENT; EXACT_RELEASE_TIME_NOT_STORED,NO
2024-06-12,Lorie K. Logan,UNKNOWN,,UNKNOWN,NO_DIRECTIONAL_PERSONAL_EVIDENCE_CLASSIFIED,,,,,2024-04-05,Sustainably restoring price stability: progress so far and risks ahead,https://www.dallasfed.org/news/speeches/logan/2024/lkl240405,COMMUNICATION_EVENT_DATE_STRICTLY_BEFORE_SEP_WHEN_TIME_UNKNOWN,SEP_RELEASE_DATE_AFTER_OFFICIAL_POLICY_STATEMENT; EXACT_RELEASE_TIME_NOT_STORED,NO
2024-06-12,Mary C. Daly,COMMITTEE_HOLD,0,UNCHANGED,VOTE_ACTION_PROXY,2024-06-12,0,https://www.federalreserve.gov/newsevents/pressreleases/monetary20240612a.htm,"Voting for the monetary policy action were Jerome H. Powell, Chair; John C. Williams, Vice Chair; Thomas I. Barkin; Michael S. Barr; Raphael W. Bostic; Michelle W. Bowman; Lisa D. Cook; Mary C. Daly; Philip N. Jefferson; Adriana D. Kugler; Loretta J. Mester; and Christopher J. Waller.",2024-05-17,Version Two,https://fraser.stlouisfed.org/title/statements-speeches-mary-c-daly-9034/version-two-671989,COMMUNICATION_EVENT_DATE_STRICTLY_BEFORE_SEP_WHEN_TIME_UNKNOWN,SEP_RELEASE_DATE_AFTER_OFFICIAL_POLICY_STATEMENT; EXACT_RELEASE_TIME_NOT_STORED,NO
2024-06-12,Michael S. Barr,COMMITTEE_HOLD,0,UNCHANGED,VOTE_ACTION_PROXY,2024-06-12,0,https://www.federalreserve.gov/newsevents/pressreleases/monetary20240612a.htm,"Voting for the monetary policy action were Jerome H. Powell, Chair; John C. Williams, Vice Chair; Thomas I. Barkin; Michael S. Barr; Raphael W. Bostic; Michelle W. Bowman; Lisa D. Cook; Mary C. Daly; Philip N. Jefferson; Adriana D. Kugler; Loretta J. Mester; and Christopher J. Waller.",2024-05-20,On Building a Resilient Regulatory Framework,https://www.federalreserve.gov/newsevents/speech/barr20240520a.htm,COMMUNICATION_EVENT_DATE_STRICTLY_BEFORE_SEP_WHEN_TIME_UNKNOWN,SEP_RELEASE_DATE_AFTER_OFFICIAL_POLICY_STATEMENT; EXACT_RELEASE_TIME_NOT_STORED,NO
2024-06-12,Michelle W. Bowman,COMMITTEE_HOLD,0,UNCHANGED,VOTE_ACTION_PROXY,2024-06-12,0,https://www.federalreserve.gov/newsevents/pressreleases/monetary20240612a.htm,"Voting for the monetary policy action were Jerome H. Powell, Chair; John C. Williams, Vice Chair; Thomas I. Barkin; Michael S. Barr; Raphael W. Bostic; Michelle W. Bowman; Lisa D. Cook; Mary C. Daly; Philip N. Jefferson; Adriana D. Kugler; Loretta J. Mester; and Christopher J. Waller.",2024-05-28,The Federal Reserve's Balance Sheet as a Monetary Policy Tool: Past Lessons and Future Considerations,https://www.federalreserve.gov/newsevents/speech/bowman20240528a.htm,COMMUNICATION_EVENT_DATE_STRICTLY_BEFORE_SEP_WHEN_TIME_UNKNOWN,SEP_RELEASE_DATE_AFTER_OFFICIAL_POLICY_STATEMENT; EXACT_RELEASE_TIME_NOT_STORED,NO
2024-06-12,Neel Kashkari,UNKNOWN,,UNKNOWN,NO_DIRECTIONAL_PERSONAL_EVIDENCE_CLASSIFIED,,,,,2024-05-28,Neel Kashkari at the Barclays-CEPR International Monetary Policy Forum 2024,https://minneapolisfed.org/speeches/2024/neel-kashkari-at-the-barclays-cepr-international-monetary-policy-forum-2024,COMMUNICATION_EVENT_DATE_STRICTLY_BEFORE_SEP_WHEN_TIME_UNKNOWN,SEP_RELEASE_DATE_AFTER_OFFICIAL_POLICY_STATEMENT; EXACT_RELEASE_TIME_NOT_STORED,NO
2024-06-12,Patrick Harker,UNKNOWN,,UNKNOWN,NO_DIRECTIONAL_PERSONAL_EVIDENCE_CLASSIFIED,,,,,2024-05-16,Anchor Reliance in Regions,https://fraser.stlouisfed.org/title/statements-speeches-patrick-t-harker-6102/anchor-reliance-regions-689925,COMMUNICATION_EVENT_DATE_STRICTLY_BEFORE_SEP_WHEN_TIME_UNKNOWN,SEP_RELEASE_DATE_AFTER_OFFICIAL_POLICY_STATEMENT; EXACT_RELEASE_TIME_NOT_STORED,NO
2024-06-12,Philip N. Jefferson,COMMITTEE_HOLD,0,UNCHANGED,VOTE_ACTION_PROXY,2024-06-12,0,https://www.federalreserve.gov/newsevents/pressreleases/monetary20240612a.htm,"Voting for the monetary policy action were Jerome H. Powell, Chair; John C. Williams, Vice Chair; Thomas I. Barkin; Michael S. Barr; Raphael W. Bostic; Michelle W. Bowman; Lisa D. Cook; Mary C. Daly; Philip N. Jefferson; Adriana D. Kugler; Loretta J. Mester; and Christopher J. Waller.",2024-05-20,U.S. Economic Outlook and Housing Price Dynamics,https://www.federalreserve.gov/newsevents/speech/jefferson20240520a.htm,COMMUNICATION_EVENT_DATE_STRICTLY_BEFORE_SEP_WHEN_TIME_UNKNOWN,SEP_RELEASE_DATE_AFTER_OFFICIAL_POLICY_STATEMENT; EXACT_RELEASE_TIME_NOT_STORED,NO
2024-06-12,Raphael W. Bostic,HOLD_RESTRICTIVE,0,UNCHANGED,MANUALLY_REVIEWED_PERSONAL_COMMUNICATION,2024-01-18,146,https://www.atlantafed.org/news-and-events/speeches/2024/01/18/bostic-arc-of-monetary-policy,monetary policy is sufficiently restrictive to promote the return of inflation to the Committee's 2 percent target over the medium term.,2024-06-10,Bostic Speaks to National Association of Securities Professionals,https://www.atlantafed.org/news-and-events/speeches/2024/06/10/bostic-nasp-welcome-remarks,COMMUNICATION_EVENT_DATE_STRICTLY_BEFORE_SEP_WHEN_TIME_UNKNOWN,SEP_RELEASE_DATE_AFTER_OFFICIAL_POLICY_STATEMENT; EXACT_RELEASE_TIME_NOT_STORED,NO
2024-06-12,Susan M. Collins,UNKNOWN,,UNKNOWN,NO_DIRECTIONAL_PERSONAL_EVIDENCE_CLASSIFIED,,,,,2024-05-08,Reflections on Uncertainty and Patience in Monetary Policymaking,https://www.bostonfed.org/news-and-events/speeches/2024/reflections-on-uncertainty-and-patience-in-monetary-policymaking.aspx,COMMUNICATION_EVENT_DATE_STRICTLY_BEFORE_SEP_WHEN_TIME_UNKNOWN,SEP_RELEASE_DATE_AFTER_OFFICIAL_POLICY_STATEMENT; EXACT_RELEASE_TIME_NOT_STORED,NO
2024-06-12,Thomas I. Barkin,COMMITTEE_HOLD,0,UNCHANGED,VOTE_ACTION_PROXY,2024-06-12,0,https://www.federalreserve.gov/newsevents/pressreleases/monetary20240612a.htm,"Voting for the monetary policy action were Jerome H. Powell, Chair; John C. Williams, Vice Chair; Thomas I. Barkin; Michael S. Barr; Raphael W. Bostic; Michelle W. Bowman; Lisa D. Cook; Mary C. Daly; Philip N. Jefferson; Adriana D. Kugler; Loretta J. Mester; and Christopher J. Waller.",2024-05-06,Navigating Data Whiplash,https://fraser.stlouisfed.org/title/statements-speeches-tom-barkin-9266/navigating-data-whiplash-678853,COMMUNICATION_EVENT_DATE_STRICTLY_BEFORE_SEP_WHEN_TIME_UNKNOWN,SEP_RELEASE_DATE_AFTER_OFFICIAL_POLICY_STATEMENT; EXACT_RELEASE_TIME_NOT_STORED,NO
2024-09-18,Adriana D. Kugler,CUT_BIAS,-1,UNCHANGED,MANUALLY_REVIEWED_PERSONAL_COMMUNICATION,2024-04-03,168,https://www.federalreserve.gov/newsevents/speech/kugler20240403a.htm,if disinflation and labor market conditions proceed as I am currently expecting,2024-07-16,The Challenges Facing Economic Measurement and Creative Solutions,https://www.federalreserve.gov/newsevents/speech/kugler20240716a.htm,COMMUNICATION_EVENT_DATE_STRICTLY_BEFORE_SEP_WHEN_TIME_UNKNOWN,SEP_RELEASE_DATE_AFTER_OFFICIAL_POLICY_STATEMENT; EXACT_RELEASE_TIME_NOT_STORED,NO
2024-09-18,Alberto G. Musalem,UNKNOWN,,UNKNOWN,NO_DIRECTIONAL_PERSONAL_EVIDENCE_CLASSIFIED,,,,,2024-08-15,Musalem Discusses Fed’s Dual Mandate and Monetary Policy during Louisville Event,https://www.stlouisfed.org/from-the-president/remarks/2024/musalem-fireside-chat-august-lvl,COMMUNICATION_EVENT_DATE_STRICTLY_BEFORE_SEP_WHEN_TIME_UNKNOWN,SEP_RELEASE_DATE_AFTER_OFFICIAL_POLICY_STATEMENT; EXACT_RELEASE_TIME_NOT_STORED,NO
2024-09-18,Austan D. Goolsbee,UNKNOWN,,UNKNOWN,NO_DIRECTIONAL_PERSONAL_EVIDENCE_CLASSIFIED,,,,,2024-08-16,Fireside Chat with Angeles Investors,https://www.chicagofed.org/publications/speeches/2024/aug-16-angeles-investors,COMMUNICATION_EVENT_DATE_STRICTLY_BEFORE_SEP_WHEN_TIME_UNKNOWN,SEP_RELEASE_DATE_AFTER_OFFICIAL_POLICY_STATEMENT; EXACT_RELEASE_TIME_NOT_STORED,NO
2024-09-18,Beth M. Hammack,COMMITTEE_CUT,-1,UNKNOWN,VOTE_ACTION_PROXY,2024-09-18,0,https://www.federalreserve.gov/newsevents/pressreleases/monetary20240918a.htm,"Voting for the monetary policy action were Jerome H. Powell, Chair; John C. Williams, Vice Chair; Thomas I. Barkin; Michael S. Barr; Raphael W. Bostic; Lisa D. Cook; Mary C. Daly; Beth M. Hammack; Philip N. Jefferson; Adriana D. Kugler; and Christopher J. Waller. Voting against this action was Michelle W. Bowman, who preferred to lower the target range for the federal funds rate by 1/4 percentage point at this meeting.",,,,COMMUNICATION_EVENT_DATE_STRICTLY_BEFORE_SEP_WHEN_TIME_UNKNOWN,SEP_RELEASE_DATE_AFTER_OFFICIAL_POLICY_STATEMENT; EXACT_RELEASE_TIME_NOT_STORED,NO
2024-09-18,Christopher J. Waller,CUT_BIAS,-1,MORE_DOVISH,MANUALLY_REVIEWED_PERSONAL_COMMUNICATION,2024-07-17,63,https://www.federalreserve.gov/newsevents/speech/waller20240717a.htm,I believe the time to lower the policy rate is drawing closer.,2024-09-06,The Time Has Come,https://www.federalreserve.gov/newsevents/speech/waller20240906a.htm,COMMUNICATION_EVENT_DATE_STRICTLY_BEFORE_SEP_WHEN_TIME_UNKNOWN,SEP_RELEASE_DATE_AFTER_OFFICIAL_POLICY_STATEMENT; EXACT_RELEASE_TIME_NOT_STORED,NO
2024-09-18,Jeffrey R. Schmid,UNKNOWN,,UNKNOWN,NO_DIRECTIONAL_PERSONAL_EVIDENCE_CLASSIFIED,,,,,2024-04-02,A Workshop on the Future of Banking: Opening Remarks,https://www.kansascityfed.org/speeches/a-workshop-on-the-future-of-banking-opening-remarks,COMMUNICATION_EVENT_DATE_STRICTLY_BEFORE_SEP_WHEN_TIME_UNKNOWN,SEP_RELEASE_DATE_AFTER_OFFICIAL_POLICY_STATEMENT; EXACT_RELEASE_TIME_NOT_STORED,NO
2024-09-18,Jerome H. Powell,CUT_BIAS,-1,MORE_DOVISH,MANUALLY_REVIEWED_PERSONAL_COMMUNICATION,2024-08-23,26,https://www.federalreserve.gov/newsevents/speech/powell20240823a.htm,The time has come for policy to adjust.,2024-08-23,Review and Outlook,https://www.federalreserve.gov/newsevents/speech/powell20240823a.htm,COMMUNICATION_EVENT_DATE_STRICTLY_BEFORE_SEP_WHEN_TIME_UNKNOWN,SEP_RELEASE_DATE_AFTER_OFFICIAL_POLICY_STATEMENT; EXACT_RELEASE_TIME_NOT_STORED,NO
2024-09-18,John C. Williams,HOLD,0,UNCHANGED,MANUALLY_REVIEWED_PERSONAL_COMMUNICATION,2024-05-30,111,https://www.newyorkfed.org/newsevents/speeches/2024/wil240530,I see the current stance of monetary policy as being well positioned to continue the progress we've made toward achieving our objectives.,2024-09-06,'E' Is for Equipoise,https://fraser.stlouisfed.org/title/statements-speeches-john-c-williams-9040/e-equipoise-680954,COMMUNICATION_EVENT_DATE_STRICTLY_BEFORE_SEP_WHEN_TIME_UNKNOWN,SEP_RELEASE_DATE_AFTER_OFFICIAL_POLICY_STATEMENT; EXACT_RELEASE_TIME_NOT_STORED,NO
2024-09-18,Lisa D. Cook,COMMITTEE_CUT,-1,MORE_DOVISH,VOTE_ACTION_PROXY,2024-09-18,0,https://www.federalreserve.gov/newsevents/pressreleases/monetary20240918a.htm,"Voting for the monetary policy action were Jerome H. Powell, Chair; John C. Williams, Vice Chair; Thomas I. Barkin; Michael S. Barr; Raphael W. Bostic; Lisa D. Cook; Mary C. Daly; Beth M. Hammack; Philip N. Jefferson; Adriana D. Kugler; and Christopher J. Waller. Voting against this action was Michelle W. Bowman, who preferred to lower the target range for the federal funds rate by 1/4 percentage point at this meeting.",2024-07-10,Common Inflation and Monetary Policy Challenges across Countries,https://www.federalreserve.gov/newsevents/speech/cook20240710a.htm,COMMUNICATION_EVENT_DATE_STRICTLY_BEFORE_SEP_WHEN_TIME_UNKNOWN,SEP_RELEASE_DATE_AFTER_OFFICIAL_POLICY_STATEMENT; EXACT_RELEASE_TIME_NOT_STORED,NO
2024-09-18,Lorie K. Logan,UNKNOWN,,UNKNOWN,NO_DIRECTIONAL_PERSONAL_EVIDENCE_CLASSIFIED,,,,,2024-09-17,Opening remarks for the Eleventh District Banking Conference,https://www.dallasfed.org/news/speeches/logan/2024/lkl240917,COMMUNICATION_EVENT_DATE_STRICTLY_BEFORE_SEP_WHEN_TIME_UNKNOWN,SEP_RELEASE_DATE_AFTER_OFFICIAL_POLICY_STATEMENT; EXACT_RELEASE_TIME_NOT_STORED,NO
2024-09-18,Mary C. Daly,COMMITTEE_CUT,-1,MORE_DOVISH,VOTE_ACTION_PROXY,2024-09-18,0,https://www.federalreserve.gov/newsevents/pressreleases/monetary20240918a.htm,"Voting for the monetary policy action were Jerome H. Powell, Chair; John C. Williams, Vice Chair; Thomas I. Barkin; Michael S. Barr; Raphael W. Bostic; Lisa D. Cook; Mary C. Daly; Beth M. Hammack; Philip N. Jefferson; Adriana D. Kugler; and Christopher J. Waller. Voting against this action was Michelle W. Bowman, who preferred to lower the target range for the federal funds rate by 1/4 percentage point at this meeting.",2024-06-24,Getting It Right: Meeting Uncertainty with Conditionality,https://fraser.stlouisfed.org/title/statements-speeches-mary-c-daly-9034/getting-right-meeting-uncertainty-conditionality-671990,COMMUNICATION_EVENT_DATE_STRICTLY_BEFORE_SEP_WHEN_TIME_UNKNOWN,SEP_RELEASE_DATE_AFTER_OFFICIAL_POLICY_STATEMENT; EXACT_RELEASE_TIME_NOT_STORED,NO
2024-09-18,Michael S. Barr,COMMITTEE_CUT,-1,MORE_DOVISH,VOTE_ACTION_PROXY,2024-09-18,0,https://www.federalreserve.gov/newsevents/pressreleases/monetary20240918a.htm,"Voting for the monetary policy action were Jerome H. Powell, Chair; John C. Williams, Vice Chair; Thomas I. Barkin; Michael S. Barr; Raphael W. Bostic; Lisa D. Cook; Mary C. Daly; Beth M. Hammack; Philip N. Jefferson; Adriana D. Kugler; and Christopher J. Waller. Voting against this action was Michelle W. Bowman, who preferred to lower the target range for the federal funds rate by 1/4 percentage point at this meeting.",2024-09-10,The Next Steps on Capital,https://www.federalreserve.gov/newsevents/speech/barr20240910a.htm,COMMUNICATION_EVENT_DATE_STRICTLY_BEFORE_SEP_WHEN_TIME_UNKNOWN,SEP_RELEASE_DATE_AFTER_OFFICIAL_POLICY_STATEMENT; EXACT_RELEASE_TIME_NOT_STORED,NO
2024-09-18,Michelle W. Bowman,TIGHTER,2,MORE_HAWKISH,NAMED_DISSENT,2024-09-18,0,https://www.federalreserve.gov/newsevents/pressreleases/monetary20240918a.htm,"Voting for the monetary policy action were Jerome H. Powell, Chair; John C. Williams, Vice Chair; Thomas I. Barkin; Michael S. Barr; Raphael W. Bostic; Lisa D. Cook; Mary C. Daly; Beth M. Hammack; Philip N. Jefferson; Adriana D. Kugler; and Christopher J. Waller. Voting against this action was Michelle W. Bowman, who preferred to lower the target range for the federal funds rate by 1/4 percentage point at this meeting.",2024-09-10,The Future of Stress Testing and the Stress Capital Buffer Framework,https://www.federalreserve.gov/newsevents/speech/bowman20240910a.htm,COMMUNICATION_EVENT_DATE_STRICTLY_BEFORE_SEP_WHEN_TIME_UNKNOWN,SEP_RELEASE_DATE_AFTER_OFFICIAL_POLICY_STATEMENT; EXACT_RELEASE_TIME_NOT_STORED,NO
2024-09-18,Neel Kashkari,UNKNOWN,,UNKNOWN,NO_DIRECTIONAL_PERSONAL_EVIDENCE_CLASSIFIED,,,,,2024-06-20,Neel Kashkari at the 2024 Michigan Bankers Association Convention,https://minneapolisfed.org/speeches/2024/neel-kashkari-at-the-2024-michigan-bankers-association-convention-,COMMUNICATION_EVENT_DATE_STRICTLY_BEFORE_SEP_WHEN_TIME_UNKNOWN,SEP_RELEASE_DATE_AFTER_OFFICIAL_POLICY_STATEMENT; EXACT_RELEASE_TIME_NOT_STORED,NO
2024-09-18,Patrick Harker,UNKNOWN,,UNKNOWN,NO_DIRECTIONAL_PERSONAL_EVIDENCE_CLASSIFIED,,,,,2024-08-15,Center for the REstoration of Economic Data: The Past Is Indeed Prologue,https://fraser.stlouisfed.org/title/statements-speeches-patrick-t-harker-6102/center-restoration-economic-data-past-indeed-prologue-689927,COMMUNICATION_EVENT_DATE_STRICTLY_BEFORE_SEP_WHEN_TIME_UNKNOWN,SEP_RELEASE_DATE_AFTER_OFFICIAL_POLICY_STATEMENT; EXACT_RELEASE_TIME_NOT_STORED,NO
2024-09-18,Philip N. Jefferson,COMMITTEE_CUT,-1,MORE_DOVISH,VOTE_ACTION_PROXY,2024-09-18,0,https://www.federalreserve.gov/newsevents/pressreleases/monetary20240918a.htm,"Voting for the monetary policy action were Jerome H. Powell, Chair; John C. Williams, Vice Chair; Thomas I. Barkin; Michael S. Barr; Raphael W. Bostic; Lisa D. Cook; Mary C. Daly; Beth M. Hammack; Philip N. Jefferson; Adriana D. Kugler; and Christopher J. Waller. Voting against this action was Michelle W. Bowman, who preferred to lower the target range for the federal funds rate by 1/4 percentage point at this meeting.",2024-05-20,U.S. Economic Outlook and Housing Price Dynamics,https://www.federalreserve.gov/newsevents/speech/jefferson20240520a.htm,COMMUNICATION_EVENT_DATE_STRICTLY_BEFORE_SEP_WHEN_TIME_UNKNOWN,SEP_RELEASE_DATE_AFTER_OFFICIAL_POLICY_STATEMENT; EXACT_RELEASE_TIME_NOT_STORED,NO
2024-09-18,Raphael W. Bostic,HOLD_RESTRICTIVE,0,UNCHANGED,MANUALLY_REVIEWED_PERSONAL_COMMUNICATION,2024-01-18,244,https://www.atlantafed.org/news-and-events/speeches/2024/01/18/bostic-arc-of-monetary-policy,monetary policy is sufficiently restrictive to promote the return of inflation to the Committee's 2 percent target over the medium term.,2024-08-29,President Bostic Speaks to Georgia Tech Students,https://www.atlantafed.org/news-and-events/speeches/2024/08/29/bostic-speaks-to-georgia-tech-students,COMMUNICATION_EVENT_DATE_STRICTLY_BEFORE_SEP_WHEN_TIME_UNKNOWN,SEP_RELEASE_DATE_AFTER_OFFICIAL_POLICY_STATEMENT; EXACT_RELEASE_TIME_NOT_STORED,NO
2024-09-18,Susan M. Collins,UNKNOWN,,UNKNOWN,NO_DIRECTIONAL_PERSONAL_EVIDENCE_CLASSIFIED,,,,,2024-06-18,A Partnership for Progress,https://www.bostonfed.org/news-and-events/speeches/2024/a-partnership-for-progress.aspx,COMMUNICATION_EVENT_DATE_STRICTLY_BEFORE_SEP_WHEN_TIME_UNKNOWN,SEP_RELEASE_DATE_AFTER_OFFICIAL_POLICY_STATEMENT; EXACT_RELEASE_TIME_NOT_STORED,NO
2024-09-18,Thomas I. Barkin,COMMITTEE_CUT,-1,MORE_DOVISH,VOTE_ACTION_PROXY,2024-09-18,0,https://www.federalreserve.gov/newsevents/pressreleases/monetary20240918a.htm,"Voting for the monetary policy action were Jerome H. Powell, Chair; John C. Williams, Vice Chair; Thomas I. Barkin; Michael S. Barr; Raphael W. Bostic; Lisa D. Cook; Mary C. Daly; Beth M. Hammack; Philip N. Jefferson; Adriana D. Kugler; and Christopher J. Waller. Voting against this action was Michelle W. Bowman, who preferred to lower the target range for the federal funds rate by 1/4 percentage point at this meeting.",2024-06-28,Why Were Forecasts Off?,https://fraser.stlouisfed.org/title/statements-speeches-tom-barkin-9266/forecasts-678854,COMMUNICATION_EVENT_DATE_STRICTLY_BEFORE_SEP_WHEN_TIME_UNKNOWN,SEP_RELEASE_DATE_AFTER_OFFICIAL_POLICY_STATEMENT; EXACT_RELEASE_TIME_NOT_STORED,NO
2024-12-18,Adriana D. Kugler,CUT_BIAS,-1,UNCHANGED,MANUALLY_REVIEWED_PERSONAL_COMMUNICATION,2024-09-25,84,https://www.federalreserve.gov/newsevents/speech/kugler20240925a.htm,if conditions continue to evolve in the direction traveled thus far,2024-12-03,A Year in Review: A Tale of Two Supply Shocks,https://www.federalreserve.gov/newsevents/speech/kugler20241203a.htm,COMMUNICATION_EVENT_DATE_STRICTLY_BEFORE_SEP_WHEN_TIME_UNKNOWN,SEP_RELEASE_DATE_AFTER_OFFICIAL_POLICY_STATEMENT; EXACT_RELEASE_TIME_NOT_STORED,NO
2024-12-18,Alberto G. Musalem,UNKNOWN,,UNKNOWN,NO_DIRECTIONAL_PERSONAL_EVIDENCE_CLASSIFIED,,,,,2024-08-15,Musalem Discusses Fed’s Dual Mandate and Monetary Policy during Louisville Event,https://www.stlouisfed.org/from-the-president/remarks/2024/musalem-fireside-chat-august-lvl,COMMUNICATION_EVENT_DATE_STRICTLY_BEFORE_SEP_WHEN_TIME_UNKNOWN,SEP_RELEASE_DATE_AFTER_OFFICIAL_POLICY_STATEMENT; EXACT_RELEASE_TIME_NOT_STORED,NO
2024-12-18,Austan D. Goolsbee,UNKNOWN,,UNKNOWN,NO_DIRECTIONAL_PERSONAL_EVIDENCE_CLASSIFIED,,,,,2024-12-06,"Fireside Chat at 38th Annual Economic Outlook Symposium, Federal Reserve Bank of Chicago, Chicago",https://fraser.stlouisfed.org/title/statements-speeches-austan-d-goolsbee-8963/fireside-chat-38th-annual-economic-outlook-symposium-federal-reserve-bank-chicago-chicago-680787,COMMUNICATION_EVENT_DATE_STRICTLY_BEFORE_SEP_WHEN_TIME_UNKNOWN,SEP_RELEASE_DATE_AFTER_OFFICIAL_POLICY_STATEMENT; EXACT_RELEASE_TIME_NOT_STORED,NO
2024-12-18,Beth M. Hammack,TIGHTER,2,MORE_HAWKISH,NAMED_DISSENT,2024-12-18,0,https://www.federalreserve.gov/newsevents/pressreleases/monetary20241218a.htm,"Voting for the monetary policy action were Jerome H. Powell, Chair; John C. Williams, Vice Chair; Thomas I. Barkin; Michael S. Barr; Raphael W. Bostic; Michelle W. Bowman; Lisa D. Cook; Mary C. Daly; Philip N. Jefferson; Adriana D. Kugler; and Christopher J. Waller. Voting against the action was Beth M. Hammack, who preferred to maintain the target range for the federal funds rate at 4-1/2 to 4-3/4 percent.",2024-12-06,Lake Effect: Views from the Fourth District on the Economy and Monetary Policy,https://www.clevelandfed.org/collections/speeches/2024/sp-20241206-views-from-fourth-district-on-economic-and-monetary-policy,COMMUNICATION_EVENT_DATE_STRICTLY_BEFORE_SEP_WHEN_TIME_UNKNOWN,SEP_RELEASE_DATE_AFTER_OFFICIAL_POLICY_STATEMENT; EXACT_RELEASE_TIME_NOT_STORED,NO
2024-12-18,Christopher J. Waller,CUT_BIAS,-1,UNCHANGED,MANUALLY_REVIEWED_PERSONAL_COMMUNICATION,2024-07-17,154,https://www.federalreserve.gov/newsevents/speech/waller20240717a.htm,I believe the time to lower the policy rate is drawing closer.,2024-12-02,Cut or Skip?,https://www.federalreserve.gov/newsevents/speech/waller20241202a.htm,COMMUNICATION_EVENT_DATE_STRICTLY_BEFORE_SEP_WHEN_TIME_UNKNOWN,SEP_RELEASE_DATE_AFTER_OFFICIAL_POLICY_STATEMENT; EXACT_RELEASE_TIME_NOT_STORED,NO
2024-12-18,Jeffrey R. Schmid,UNKNOWN,,UNKNOWN,NO_DIRECTIONAL_PERSONAL_EVIDENCE_CLASSIFIED,,,,,2024-04-02,A Workshop on the Future of Banking: Opening Remarks,https://www.kansascityfed.org/speeches/a-workshop-on-the-future-of-banking-opening-remarks,COMMUNICATION_EVENT_DATE_STRICTLY_BEFORE_SEP_WHEN_TIME_UNKNOWN,SEP_RELEASE_DATE_AFTER_OFFICIAL_POLICY_STATEMENT; EXACT_RELEASE_TIME_NOT_STORED,NO
2024-12-18,Jerome H. Powell,CUT_BIAS,-1,UNCHANGED,MANUALLY_REVIEWED_PERSONAL_COMMUNICATION,2024-08-23,117,https://www.federalreserve.gov/newsevents/speech/powell20240823a.htm,The time has come for policy to adjust.,2024-11-14,Economic Outlook,https://www.federalreserve.gov/newsevents/speech/powell20241114a.htm,COMMUNICATION_EVENT_DATE_STRICTLY_BEFORE_SEP_WHEN_TIME_UNKNOWN,SEP_RELEASE_DATE_AFTER_OFFICIAL_POLICY_STATEMENT; EXACT_RELEASE_TIME_NOT_STORED,NO
2024-12-18,John C. Williams,HOLD,0,UNCHANGED,MANUALLY_REVIEWED_PERSONAL_COMMUNICATION,2024-05-30,202,https://www.newyorkfed.org/newsevents/speeches/2024/wil240530,I see the current stance of monetary policy as being well positioned to continue the progress we've made toward achieving our objectives.,2024-12-02,The Journey,https://fraser.stlouisfed.org/title/statements-speeches-john-c-williams-9040/journey-680960,COMMUNICATION_EVENT_DATE_STRICTLY_BEFORE_SEP_WHEN_TIME_UNKNOWN,SEP_RELEASE_DATE_AFTER_OFFICIAL_POLICY_STATEMENT; EXACT_RELEASE_TIME_NOT_STORED,NO
2024-12-18,Lisa D. Cook,COMMITTEE_CUT,-1,UNCHANGED,VOTE_ACTION_PROXY,2024-12-18,0,https://www.federalreserve.gov/newsevents/pressreleases/monetary20241218a.htm,"Voting for the monetary policy action were Jerome H. Powell, Chair; John C. Williams, Vice Chair; Thomas I. Barkin; Michael S. Barr; Raphael W. Bostic; Michelle W. Bowman; Lisa D. Cook; Mary C. Daly; Philip N. Jefferson; Adriana D. Kugler; and Christopher J. Waller. Voting against the action was Beth M. Hammack, who preferred to maintain the target range for the federal funds rate at 4-1/2 to 4-3/4 percent.",2024-11-20,Economic Outlook,https://www.federalreserve.gov/newsevents/speech/cook20241120a.htm,COMMUNICATION_EVENT_DATE_STRICTLY_BEFORE_SEP_WHEN_TIME_UNKNOWN,SEP_RELEASE_DATE_AFTER_OFFICIAL_POLICY_STATEMENT; EXACT_RELEASE_TIME_NOT_STORED,NO
2024-12-18,Lorie K. Logan,UNKNOWN,,UNKNOWN,NO_DIRECTIONAL_PERSONAL_EVIDENCE_CLASSIFIED,,,,,2024-11-13,Navigating in shallow waters: Monetary policy strategy in a better-balanced economy,https://www.dallasfed.org/news/speeches/logan/2024/lkl241113,COMMUNICATION_EVENT_DATE_STRICTLY_BEFORE_SEP_WHEN_TIME_UNKNOWN,SEP_RELEASE_DATE_AFTER_OFFICIAL_POLICY_STATEMENT; EXACT_RELEASE_TIME_NOT_STORED,NO
2024-12-18,Mary C. Daly,COMMITTEE_CUT,-1,UNCHANGED,VOTE_ACTION_PROXY,2024-12-18,0,https://www.federalreserve.gov/newsevents/pressreleases/monetary20241218a.htm,"Voting for the monetary policy action were Jerome H. Powell, Chair; John C. Williams, Vice Chair; Thomas I. Barkin; Michael S. Barr; Raphael W. Bostic; Michelle W. Bowman; Lisa D. Cook; Mary C. Daly; Philip N. Jefferson; Adriana D. Kugler; and Christopher J. Waller. Voting against the action was Beth M. Hammack, who preferred to maintain the target range for the federal funds rate at 4-1/2 to 4-3/4 percent.",2024-10-15,Landing Softly Is Just the Beginning,https://fraser.stlouisfed.org/title/statements-speeches-mary-c-daly-9034/landing-softly-beginning-717499,COMMUNICATION_EVENT_DATE_STRICTLY_BEFORE_SEP_WHEN_TIME_UNKNOWN,SEP_RELEASE_DATE_AFTER_OFFICIAL_POLICY_STATEMENT; EXACT_RELEASE_TIME_NOT_STORED,NO
2024-12-18,Michael S. Barr,COMMITTEE_CUT,-1,UNCHANGED,VOTE_ACTION_PROXY,2024-12-18,0,https://www.federalreserve.gov/newsevents/pressreleases/monetary20241218a.htm,"Voting for the monetary policy action were Jerome H. Powell, Chair; John C. Williams, Vice Chair; Thomas I. Barkin; Michael S. Barr; Raphael W. Bostic; Michelle W. Bowman; Lisa D. Cook; Mary C. Daly; Philip N. Jefferson; Adriana D. Kugler; and Christopher J. Waller. Voting against the action was Beth M. Hammack, who preferred to maintain the target range for the federal funds rate at 4-1/2 to 4-3/4 percent.",2024-09-26,Supporting Market Resilience and Financial Stability,https://www.federalreserve.gov/newsevents/speech/barr20240926a.htm,COMMUNICATION_EVENT_DATE_STRICTLY_BEFORE_SEP_WHEN_TIME_UNKNOWN,SEP_RELEASE_DATE_AFTER_OFFICIAL_POLICY_STATEMENT; EXACT_RELEASE_TIME_NOT_STORED,NO
2024-12-18,Michelle W. Bowman,HIKE_RISK,1,MORE_DOVISH,MANUALLY_REVIEWED_PERSONAL_COMMUNICATION,2024-06-25,176,https://www.federalreserve.gov/newsevents/speech/bowman20240625a.htm,I remain willing to raise the target range for the federal funds rate at a future meeting should progress on inflation stall or even reverse.,2024-11-22,Artificial Intelligence in the Financial System,https://www.federalreserve.gov/newsevents/speech/bowman20241122a.htm,COMMUNICATION_EVENT_DATE_STRICTLY_BEFORE_SEP_WHEN_TIME_UNKNOWN,SEP_RELEASE_DATE_AFTER_OFFICIAL_POLICY_STATEMENT; EXACT_RELEASE_TIME_NOT_STORED,NO
2024-12-18,Neel Kashkari,UNKNOWN,,UNKNOWN,NO_DIRECTIONAL_PERSONAL_EVIDENCE_CLASSIFIED,,,,,2024-11-12,Neel Kashkari Q&A at Yahoo Finance Invest 2024 conference,https://minneapolisfed.org/speeches/2024/neel-kashkari-qa-at-yahoo-finance-invest-2024-conference,COMMUNICATION_EVENT_DATE_STRICTLY_BEFORE_SEP_WHEN_TIME_UNKNOWN,SEP_RELEASE_DATE_AFTER_OFFICIAL_POLICY_STATEMENT; EXACT_RELEASE_TIME_NOT_STORED,NO
2024-12-18,Patrick Harker,UNKNOWN,,UNKNOWN,NO_DIRECTIONAL_PERSONAL_EVIDENCE_CLASSIFIED,,,,,2024-11-12,"Fintech, AI, and the Changing Financial Landscape",https://fraser.stlouisfed.org/title/statements-speeches-patrick-t-harker-6102/fintech-ai-changing-financial-landscape-689930,COMMUNICATION_EVENT_DATE_STRICTLY_BEFORE_SEP_WHEN_TIME_UNKNOWN,SEP_RELEASE_DATE_AFTER_OFFICIAL_POLICY_STATEMENT; EXACT_RELEASE_TIME_NOT_STORED,NO
2024-12-18,Philip N. Jefferson,COMMITTEE_CUT,-1,UNCHANGED,VOTE_ACTION_PROXY,2024-12-18,0,https://www.federalreserve.gov/newsevents/pressreleases/monetary20241218a.htm,"Voting for the monetary policy action were Jerome H. Powell, Chair; John C. Williams, Vice Chair; Thomas I. Barkin; Michael S. Barr; Raphael W. Bostic; Michelle W. Bowman; Lisa D. Cook; Mary C. Daly; Philip N. Jefferson; Adriana D. Kugler; and Christopher J. Waller. Voting against the action was Beth M. Hammack, who preferred to maintain the target range for the federal funds rate at 4-1/2 to 4-3/4 percent.",2024-10-09,The Fed's Discount Window: 1990 to the Present,https://www.federalreserve.gov/newsevents/speech/jefferson20241009a.htm,COMMUNICATION_EVENT_DATE_STRICTLY_BEFORE_SEP_WHEN_TIME_UNKNOWN,SEP_RELEASE_DATE_AFTER_OFFICIAL_POLICY_STATEMENT; EXACT_RELEASE_TIME_NOT_STORED,NO
2024-12-18,Raphael W. Bostic,CUT_SUPPORT,-1,MORE_DOVISH,MANUALLY_REVIEWED_PERSONAL_COMMUNICATION,2024-09-23,86,https://www.atlantafed.org/news-and-events/speeches/2024/09/23/bostic-on-the-state-of-the-us-economy-and-monetary-policy,I fully supported this decision.,2024-10-18,Mississippi Council on Economic Education Student Lecture,https://www.atlantafed.org/news-and-events/speeches/2024/10/18/bostic-mississippi-council-on-economic-education-student-lecture,COMMUNICATION_EVENT_DATE_STRICTLY_BEFORE_SEP_WHEN_TIME_UNKNOWN,SEP_RELEASE_DATE_AFTER_OFFICIAL_POLICY_STATEMENT; EXACT_RELEASE_TIME_NOT_STORED,NO
2024-12-18,Susan M. Collins,UNKNOWN,,UNKNOWN,NO_DIRECTIONAL_PERSONAL_EVIDENCE_CLASSIFIED,,,,,2024-11-20,Perspectives on the Economy and Policy,https://www.bostonfed.org/news-and-events/speeches/2024/perspectives-on-the-economy-and-policy.aspx,COMMUNICATION_EVENT_DATE_STRICTLY_BEFORE_SEP_WHEN_TIME_UNKNOWN,SEP_RELEASE_DATE_AFTER_OFFICIAL_POLICY_STATEMENT; EXACT_RELEASE_TIME_NOT_STORED,NO
2024-12-18,Sushmita Shukla,UNKNOWN,,UNKNOWN,NO_DIRECTIONAL_PERSONAL_EVIDENCE_CLASSIFIED,,,,,,,,COMMUNICATION_EVENT_DATE_STRICTLY_BEFORE_SEP_WHEN_TIME_UNKNOWN,SEP_RELEASE_DATE_AFTER_OFFICIAL_POLICY_STATEMENT; EXACT_RELEASE_TIME_NOT_STORED,NO
2024-12-18,Thomas I. Barkin,COMMITTEE_CUT,-1,UNCHANGED,VOTE_ACTION_PROXY,2024-12-18,0,https://www.federalreserve.gov/newsevents/pressreleases/monetary20241218a.htm,"Voting for the monetary policy action were Jerome H. Powell, Chair; John C. Williams, Vice Chair; Thomas I. Barkin; Michael S. Barr; Raphael W. Bostic; Michelle W. Bowman; Lisa D. Cook; Mary C. Daly; Philip N. Jefferson; Adriana D. Kugler; and Christopher J. Waller. Voting against the action was Beth M. Hammack, who preferred to maintain the target range for the federal funds rate at 4-1/2 to 4-3/4 percent.",2024-11-12,How Did the Economy Get Here?,https://fraser.stlouisfed.org/title/statements-speeches-tom-barkin-9266/economy-get-680834,COMMUNICATION_EVENT_DATE_STRICTLY_BEFORE_SEP_WHEN_TIME_UNKNOWN,SEP_RELEASE_DATE_AFTER_OFFICIAL_POLICY_STATEMENT; EXACT_RELEASE_TIME_NOT_STORED,NO
2025-03-19,Adriana D. Kugler,CUT_BIAS,-1,UNCHANGED,MANUALLY_REVIEWED_PERSONAL_COMMUNICATION,2024-09-25,175,https://www.federalreserve.gov/newsevents/speech/kugler20240925a.htm,if conditions continue to evolve in the direction traveled thus far,2025-03-07,The Rebalancing of Labor Markets across the World,https://www.federalreserve.gov/newsevents/speech/kugler20250307a.htm,COMMUNICATION_EVENT_DATE_STRICTLY_BEFORE_SEP_WHEN_TIME_UNKNOWN,SEP_RELEASE_DATE_AFTER_OFFICIAL_POLICY_STATEMENT; EXACT_RELEASE_TIME_NOT_STORED,NO
2025-03-19,Alberto G. Musalem,COMMITTEE_HOLD,0,UNKNOWN,VOTE_ACTION_PROXY,2025-03-19,0,https://www.federalreserve.gov/newsevents/pressreleases/monetary20250319a.htm,"Voting for the monetary policy action were Jerome H. Powell, Chair; John C. Williams, Vice Chair; Michael S. Barr; Michelle W. Bowman; Susan M. Collins; Lisa D. Cook; Austan D. Goolsbee; Philip N. Jefferson; Adriana D. Kugler; Alberto G. Musalem; and Jeffrey R. Schmid. Voting against this action was Christopher J. Waller, who supported no change for the federal funds target range but preferred to continue the current pace of decline in securities holdings.",2025-03-03,Remarks on the Economic Outlook and Monetary Policy,https://www.stlouisfed.org/from-the-president/remarks/2025/remarks-on-economic-outlook-and-monetary-policy,COMMUNICATION_EVENT_DATE_STRICTLY_BEFORE_SEP_WHEN_TIME_UNKNOWN,SEP_RELEASE_DATE_AFTER_OFFICIAL_POLICY_STATEMENT; EXACT_RELEASE_TIME_NOT_STORED,NO
2025-03-19,Austan D. Goolsbee,COMMITTEE_HOLD,0,UNKNOWN,VOTE_ACTION_PROXY,2025-03-19,0,https://www.federalreserve.gov/newsevents/pressreleases/monetary20250319a.htm,"Voting for the monetary policy action were Jerome H. Powell, Chair; John C. Williams, Vice Chair; Michael S. Barr; Michelle W. Bowman; Susan M. Collins; Lisa D. Cook; Austan D. Goolsbee; Philip N. Jefferson; Adriana D. Kugler; Alberto G. Musalem; and Jeffrey R. Schmid. Voting against this action was Christopher J. Waller, who supported no change for the federal funds target range but preferred to continue the current pace of decline in securities holdings.",2025-02-28,Remarks on Productivity Growth and Monetary Policy,https://fraser.stlouisfed.org/title/statements-speeches-austan-d-goolsbee-8963/remarks-productivity-growth-monetary-policy-717480,COMMUNICATION_EVENT_DATE_STRICTLY_BEFORE_SEP_WHEN_TIME_UNKNOWN,SEP_RELEASE_DATE_AFTER_OFFICIAL_POLICY_STATEMENT; EXACT_RELEASE_TIME_NOT_STORED,NO
2025-03-19,Beth M. Hammack,UNKNOWN,,UNKNOWN,NO_DIRECTIONAL_PERSONAL_EVIDENCE_CLASSIFIED,,,,,2025-02-27,Trading Places: My New View from Inside the Federal Reserve,https://www.clevelandfed.org/collections/speeches/2025/sp-20250227-trading-places-my-new-view-from-inside-the-federal-reserve,COMMUNICATION_EVENT_DATE_STRICTLY_BEFORE_SEP_WHEN_TIME_UNKNOWN,SEP_RELEASE_DATE_AFTER_OFFICIAL_POLICY_STATEMENT; EXACT_RELEASE_TIME_NOT_STORED,NO
2025-03-19,Christopher J. Waller,TIGHTER_BALANCE_SHEET,1,MORE_HAWKISH,NAMED_DISSENT,2025-03-19,0,https://www.federalreserve.gov/newsevents/pressreleases/monetary20250319a.htm,"Voting for the monetary policy action were Jerome H. Powell, Chair; John C. Williams, Vice Chair; Michael S. Barr; Michelle W. Bowman; Susan M. Collins; Lisa D. Cook; Austan D. Goolsbee; Philip N. Jefferson; Adriana D. Kugler; Alberto G. Musalem; and Jeffrey R. Schmid. Voting against this action was Christopher J. Waller, who supported no change for the federal funds target range but preferred to continue the current pace of decline in securities holdings.",2025-02-17,Disinflation Progress Uneven but Still on Track Rates Cuts on Track as Well,https://www.federalreserve.gov/newsevents/speech/waller20250217a.htm,COMMUNICATION_EVENT_DATE_STRICTLY_BEFORE_SEP_WHEN_TIME_UNKNOWN,SEP_RELEASE_DATE_AFTER_OFFICIAL_POLICY_STATEMENT; EXACT_RELEASE_TIME_NOT_STORED,NO
2025-03-19,Jeffrey R. Schmid,COMMITTEE_HOLD,0,UNKNOWN,VOTE_ACTION_PROXY,2025-03-19,0,https://www.federalreserve.gov/newsevents/pressreleases/monetary20250319a.htm,"Voting for the monetary policy action were Jerome H. Powell, Chair; John C. Williams, Vice Chair; Michael S. Barr; Michelle W. Bowman; Susan M. Collins; Lisa D. Cook; Austan D. Goolsbee; Philip N. Jefferson; Adriana D. Kugler; Alberto G. Musalem; and Jeffrey R. Schmid. Voting against this action was Christopher J. Waller, who supported no change for the federal funds target range but preferred to continue the current pace of decline in securities holdings.",2025-02-27,Agriculture and the Federal Reserve,https://www.kansascityfed.org/speeches/agriculture-and-the-federal-reserve-html,COMMUNICATION_EVENT_DATE_STRICTLY_BEFORE_SEP_WHEN_TIME_UNKNOWN,SEP_RELEASE_DATE_AFTER_OFFICIAL_POLICY_STATEMENT; EXACT_RELEASE_TIME_NOT_STORED,NO
2025-03-19,Jerome H. Powell,HOLD,0,MORE_HAWKISH,MANUALLY_REVIEWED_PERSONAL_COMMUNICATION,2025-03-07,12,https://www.federalreserve.gov/newsevents/speech/powell20250307a.htm,We do not need to be in a hurry,2025-03-07,Economic Outlook,https://www.federalreserve.gov/newsevents/speech/powell20250307a.htm,COMMUNICATION_EVENT_DATE_STRICTLY_BEFORE_SEP_WHEN_TIME_UNKNOWN,SEP_RELEASE_DATE_AFTER_OFFICIAL_POLICY_STATEMENT; EXACT_RELEASE_TIME_NOT_STORED,NO
2025-03-19,John C. Williams,HOLD,0,UNCHANGED,MANUALLY_REVIEWED_PERSONAL_COMMUNICATION,2024-05-30,293,https://www.newyorkfed.org/newsevents/speeches/2024/wil240530,I see the current stance of monetary policy as being well positioned to continue the progress we've made toward achieving our objectives.,2025-03-07,"Discussion of ""Monetary Policy Transmission to Real Activity""",https://fraser.stlouisfed.org/title/statements-speeches-john-c-williams-9040/discussion-monetary-policy-transmission-real-activity-717503,COMMUNICATION_EVENT_DATE_STRICTLY_BEFORE_SEP_WHEN_TIME_UNKNOWN,SEP_RELEASE_DATE_AFTER_OFFICIAL_POLICY_STATEMENT; EXACT_RELEASE_TIME_NOT_STORED,NO
2025-03-19,Lisa D. Cook,COMMITTEE_HOLD,0,MORE_HAWKISH,VOTE_ACTION_PROXY,2025-03-19,0,https://www.federalreserve.gov/newsevents/pressreleases/monetary20250319a.htm,"Voting for the monetary policy action were Jerome H. Powell, Chair; John C. Williams, Vice Chair; Michael S. Barr; Michelle W. Bowman; Susan M. Collins; Lisa D. Cook; Austan D. Goolsbee; Philip N. Jefferson; Adriana D. Kugler; Alberto G. Musalem; and Jeffrey R. Schmid. Voting against this action was Christopher J. Waller, who supported no change for the federal funds target range but preferred to continue the current pace of decline in securities holdings.",2025-01-06,An Assessment of the Economy and Financial Stability,https://www.federalreserve.gov/newsevents/speech/cook20250106a.htm,COMMUNICATION_EVENT_DATE_STRICTLY_BEFORE_SEP_WHEN_TIME_UNKNOWN,SEP_RELEASE_DATE_AFTER_OFFICIAL_POLICY_STATEMENT; EXACT_RELEASE_TIME_NOT_STORED,NO
2025-03-19,Lorie K. Logan,UNKNOWN,,UNKNOWN,NO_DIRECTIONAL_PERSONAL_EVIDENCE_CLASSIFIED,,,,,2025-02-25,Efficient and effective central bank balance sheets,https://www.dallasfed.org/news/speeches/logan/2025/lkl250225,COMMUNICATION_EVENT_DATE_STRICTLY_BEFORE_SEP_WHEN_TIME_UNKNOWN,SEP_RELEASE_DATE_AFTER_OFFICIAL_POLICY_STATEMENT; EXACT_RELEASE_TIME_NOT_STORED,NO
2025-03-19,Mary C. Daly,UNKNOWN,,UNKNOWN,NO_DIRECTIONAL_PERSONAL_EVIDENCE_CLASSIFIED,,,,,2025-02-18,Community Banking: Aligning Ideals with Practice,https://fraser.stlouisfed.org/title/statements-speeches-mary-c-daly-9034/community-banking-aligning-ideals-practice-717497,COMMUNICATION_EVENT_DATE_STRICTLY_BEFORE_SEP_WHEN_TIME_UNKNOWN,SEP_RELEASE_DATE_AFTER_OFFICIAL_POLICY_STATEMENT; EXACT_RELEASE_TIME_NOT_STORED,NO
2025-03-19,Michael S. Barr,COMMITTEE_HOLD,0,MORE_HAWKISH,VOTE_ACTION_PROXY,2025-03-19,0,https://www.federalreserve.gov/newsevents/pressreleases/monetary20250319a.htm,"Voting for the monetary policy action were Jerome H. Powell, Chair; John C. Williams, Vice Chair; Michael S. Barr; Michelle W. Bowman; Susan M. Collins; Lisa D. Cook; Austan D. Goolsbee; Philip N. Jefferson; Adriana D. Kugler; Alberto G. Musalem; and Jeffrey R. Schmid. Voting against this action was Christopher J. Waller, who supported no change for the federal funds target range but preferred to continue the current pace of decline in securities holdings.",2025-02-27,Promoting Responsible Innovation through the Novel Activities Program,https://www.federalreserve.gov/newsevents/speech/barr20250227a.htm,COMMUNICATION_EVENT_DATE_STRICTLY_BEFORE_SEP_WHEN_TIME_UNKNOWN,SEP_RELEASE_DATE_AFTER_OFFICIAL_POLICY_STATEMENT; EXACT_RELEASE_TIME_NOT_STORED,NO
2025-03-19,Michelle W. Bowman,HIKE_RISK,1,UNCHANGED,MANUALLY_REVIEWED_PERSONAL_COMMUNICATION,2024-06-25,267,https://www.federalreserve.gov/newsevents/speech/bowman20240625a.htm,I remain willing to raise the target range for the federal funds rate at a future meeting should progress on inflation stall or even reverse.,2025-03-07,"Remarks on ""Monetary Policy Transmission to Real Activity"" and the Recent Experience",https://www.federalreserve.gov/newsevents/speech/bowman20250307a.htm,COMMUNICATION_EVENT_DATE_STRICTLY_BEFORE_SEP_WHEN_TIME_UNKNOWN,SEP_RELEASE_DATE_AFTER_OFFICIAL_POLICY_STATEMENT; EXACT_RELEASE_TIME_NOT_STORED,NO
2025-03-19,Neel Kashkari,UNKNOWN,,UNKNOWN,NO_DIRECTIONAL_PERSONAL_EVIDENCE_CLASSIFIED,,,,,2024-11-12,Neel Kashkari Q&A at Yahoo Finance Invest 2024 conference,https://minneapolisfed.org/speeches/2024/neel-kashkari-qa-at-yahoo-finance-invest-2024-conference,COMMUNICATION_EVENT_DATE_STRICTLY_BEFORE_SEP_WHEN_TIME_UNKNOWN,SEP_RELEASE_DATE_AFTER_OFFICIAL_POLICY_STATEMENT; EXACT_RELEASE_TIME_NOT_STORED,NO
2025-03-19,Patrick Harker,UNKNOWN,,UNKNOWN,NO_DIRECTIONAL_PERSONAL_EVIDENCE_CLASSIFIED,,,,,2025-03-06,Economic Education as Key to a Strong Economic Future,https://fraser.stlouisfed.org/title/statements-speeches-patrick-t-harker-6102/economic-education-key-a-strong-economic-future-717595,COMMUNICATION_EVENT_DATE_STRICTLY_BEFORE_SEP_WHEN_TIME_UNKNOWN,SEP_RELEASE_DATE_AFTER_OFFICIAL_POLICY_STATEMENT; EXACT_RELEASE_TIME_NOT_STORED,NO
2025-03-19,Philip N. Jefferson,COMMITTEE_HOLD,0,MORE_HAWKISH,VOTE_ACTION_PROXY,2025-03-19,0,https://www.federalreserve.gov/newsevents/pressreleases/monetary20250319a.htm,"Voting for the monetary policy action were Jerome H. Powell, Chair; John C. Williams, Vice Chair; Michael S. Barr; Michelle W. Bowman; Susan M. Collins; Lisa D. Cook; Austan D. Goolsbee; Philip N. Jefferson; Adriana D. Kugler; Alberto G. Musalem; and Jeffrey R. Schmid. Voting against this action was Christopher J. Waller, who supported no change for the federal funds target range but preferred to continue the current pace of decline in securities holdings.",2025-02-21,Reading between the Lines? Textual Analysis of Central Bank Communications,https://www.federalreserve.gov/newsevents/speech/jefferson20250221a.htm,COMMUNICATION_EVENT_DATE_STRICTLY_BEFORE_SEP_WHEN_TIME_UNKNOWN,SEP_RELEASE_DATE_AFTER_OFFICIAL_POLICY_STATEMENT; EXACT_RELEASE_TIME_NOT_STORED,NO
2025-03-19,Raphael W. Bostic,CUT_SUPPORT,-1,UNCHANGED,MANUALLY_REVIEWED_PERSONAL_COMMUNICATION,2024-09-23,177,https://www.atlantafed.org/news-and-events/speeches/2024/09/23/bostic-on-the-state-of-the-us-economy-and-monetary-policy,I fully supported this decision.,2025-03-06,Birmingham Business Journal Fireside Chat,https://www.atlantafed.org/news-and-events/media-interviews/2025/03/06/bostic-birmingham-business-journal-fireside-chat,COMMUNICATION_EVENT_DATE_STRICTLY_BEFORE_SEP_WHEN_TIME_UNKNOWN,SEP_RELEASE_DATE_AFTER_OFFICIAL_POLICY_STATEMENT; EXACT_RELEASE_TIME_NOT_STORED,NO
2025-03-19,Susan M. Collins,COMMITTEE_HOLD,0,UNKNOWN,VOTE_ACTION_PROXY,2025-03-19,0,https://www.federalreserve.gov/newsevents/pressreleases/monetary20250319a.htm,"Voting for the monetary policy action were Jerome H. Powell, Chair; John C. Williams, Vice Chair; Michael S. Barr; Michelle W. Bowman; Susan M. Collins; Lisa D. Cook; Austan D. Goolsbee; Philip N. Jefferson; Adriana D. Kugler; Alberto G. Musalem; and Jeffrey R. Schmid. Voting against this action was Christopher J. Waller, who supported no change for the federal funds target range but preferred to continue the current pace of decline in securities holdings.",2025-01-09,Assessing the Economy as a New Year Begins,https://www.bostonfed.org/news-and-events/speeches/2025/assessing-economy-as-new-year-begins.aspx,COMMUNICATION_EVENT_DATE_STRICTLY_BEFORE_SEP_WHEN_TIME_UNKNOWN,SEP_RELEASE_DATE_AFTER_OFFICIAL_POLICY_STATEMENT; EXACT_RELEASE_TIME_NOT_STORED,NO
2025-03-19,Thomas I. Barkin,UNKNOWN,,UNKNOWN,NO_DIRECTIONAL_PERSONAL_EVIDENCE_CLASSIFIED,,,,,2025-02-25,Inflation Then and Now,https://fraser.stlouisfed.org/title/statements-speeches-tom-barkin-9266/inflation-717490,COMMUNICATION_EVENT_DATE_STRICTLY_BEFORE_SEP_WHEN_TIME_UNKNOWN,SEP_RELEASE_DATE_AFTER_OFFICIAL_POLICY_STATEMENT; EXACT_RELEASE_TIME_NOT_STORED,NO
2025-06-18,Adriana D. Kugler,HOLD,0,MORE_HAWKISH,MANUALLY_REVIEWED_PERSONAL_COMMUNICATION,2025-05-12,37,https://www.federalreserve.gov/newsevents/speech/kugler20250512a.htm,I supported the decision to keep rates at that level.,2025-06-05,The Economic Outlook and Appropriate Monetary Policy,https://www.federalreserve.gov/newsevents/speech/kugler20250605a.htm,COMMUNICATION_EVENT_DATE_STRICTLY_BEFORE_SEP_WHEN_TIME_UNKNOWN,SEP_RELEASE_DATE_AFTER_OFFICIAL_POLICY_STATEMENT; EXACT_RELEASE_TIME_NOT_STORED,NO
2025-06-18,Alberto G. Musalem,COMMITTEE_HOLD,0,UNCHANGED,VOTE_ACTION_PROXY,2025-06-18,0,https://www.federalreserve.gov/newsevents/pressreleases/monetary20250618a.htm,"Voting for the monetary policy action were Jerome H. Powell, Chair; John C. Williams, Vice Chair; Michael S. Barr; Michelle W. Bowman; Susan M. Collins; Lisa D. Cook; Austan D. Goolsbee; Philip N. Jefferson; Adriana D. Kugler; Alberto G. Musalem; Jeffrey R. Schmid; and Christopher J. Waller.",2025-05-23,Northwest Arkansas Fireside Chat and Visit,https://www.stlouisfed.org/from-the-president/remarks/2025/northwest-arkansas-fireside-chat-and-visit,COMMUNICATION_EVENT_DATE_STRICTLY_BEFORE_SEP_WHEN_TIME_UNKNOWN,SEP_RELEASE_DATE_AFTER_OFFICIAL_POLICY_STATEMENT; EXACT_RELEASE_TIME_NOT_STORED,NO
2025-06-18,Austan D. Goolsbee,COMMITTEE_HOLD,0,UNCHANGED,VOTE_ACTION_PROXY,2025-06-18,0,https://www.federalreserve.gov/newsevents/pressreleases/monetary20250618a.htm,"Voting for the monetary policy action were Jerome H. Powell, Chair; John C. Williams, Vice Chair; Michael S. Barr; Michelle W. Bowman; Susan M. Collins; Lisa D. Cook; Austan D. Goolsbee; Philip N. Jefferson; Adriana D. Kugler; Alberto G. Musalem; Jeffrey R. Schmid; and Christopher J. Waller.",2025-05-29,2025 Mackinac Policy Conference,https://www.chicagofed.org/publications/speeches/2025/may-29-mackinac-policy-conference,COMMUNICATION_EVENT_DATE_STRICTLY_BEFORE_SEP_WHEN_TIME_UNKNOWN,SEP_RELEASE_DATE_AFTER_OFFICIAL_POLICY_STATEMENT; EXACT_RELEASE_TIME_NOT_STORED,NO
2025-06-18,Beth M. Hammack,HOLD_LONGER,1,UNKNOWN,MANUALLY_REVIEWED_PERSONAL_COMMUNICATION,2025-05-09,40,https://www.clevelandfed.org/people/profiles/h/hammack-beth-m/sp-20250509-the-outlook-for-the-economy-and-monetary-policy,there is a strong case to hold monetary policy steady at its current modestly restrictive setting.,2025-05-09,The Outlook for the Economy and Monetary Policy,https://www.clevelandfed.org/collections/speeches/2025/sp-20250509-the-outlook-for-the-economy-and-monetary-policy,COMMUNICATION_EVENT_DATE_STRICTLY_BEFORE_SEP_WHEN_TIME_UNKNOWN,SEP_RELEASE_DATE_AFTER_OFFICIAL_POLICY_STATEMENT; EXACT_RELEASE_TIME_NOT_STORED,NO
2025-06-18,Christopher J. Waller,CUT_BIAS,-1,MORE_DOVISH,MANUALLY_REVIEWED_PERSONAL_COMMUNICATION,2024-07-17,336,https://www.federalreserve.gov/newsevents/speech/waller20240717a.htm,I believe the time to lower the policy rate is drawing closer.,2025-06-01,"The Effects of Tariffs on the Three I’s: Inflation, Inflation Persistence, and Inflation Expectations",https://www.federalreserve.gov/newsevents/speech/waller20250601a.htm,COMMUNICATION_EVENT_DATE_STRICTLY_BEFORE_SEP_WHEN_TIME_UNKNOWN,SEP_RELEASE_DATE_AFTER_OFFICIAL_POLICY_STATEMENT; EXACT_RELEASE_TIME_NOT_STORED,NO
2025-06-18,Jeffrey R. Schmid,COMMITTEE_HOLD,0,UNCHANGED,VOTE_ACTION_PROXY,2025-06-18,0,https://www.federalreserve.gov/newsevents/pressreleases/monetary20250618a.htm,"Voting for the monetary policy action were Jerome H. Powell, Chair; John C. Williams, Vice Chair; Michael S. Barr; Michelle W. Bowman; Susan M. Collins; Lisa D. Cook; Austan D. Goolsbee; Philip N. Jefferson; Adriana D. Kugler; Alberto G. Musalem; Jeffrey R. Schmid; and Christopher J. Waller.",2025-06-05,Remarks on Banking Policy and the Economic Outlook,https://www.kansascityfed.org/speeches/remarks-on-banking-policy-and-the-economic-outlook,COMMUNICATION_EVENT_DATE_STRICTLY_BEFORE_SEP_WHEN_TIME_UNKNOWN,SEP_RELEASE_DATE_AFTER_OFFICIAL_POLICY_STATEMENT; EXACT_RELEASE_TIME_NOT_STORED,NO
2025-06-18,Jerome H. Powell,HOLD,0,UNCHANGED,MANUALLY_REVIEWED_PERSONAL_COMMUNICATION,2025-03-07,103,https://www.federalreserve.gov/newsevents/speech/powell20250307a.htm,We do not need to be in a hurry,2025-06-02,Opening Remarks,https://www.federalreserve.gov/newsevents/speech/powell20250602a.htm,COMMUNICATION_EVENT_DATE_STRICTLY_BEFORE_SEP_WHEN_TIME_UNKNOWN,SEP_RELEASE_DATE_AFTER_OFFICIAL_POLICY_STATEMENT; EXACT_RELEASE_TIME_NOT_STORED,NO
2025-06-18,John C. Williams,HOLD,0,UNCHANGED,MANUALLY_REVIEWED_PERSONAL_COMMUNICATION,2024-05-30,384,https://www.newyorkfed.org/newsevents/speeches/2024/wil240530,I see the current stance of monetary policy as being well positioned to continue the progress we've made toward achieving our objectives.,2025-05-22,Perli: The Evolution of the Federal Reserve’s Monetary Policy Implementation Framework,https://www.newyorkfed.org/newsevents/speeches/2025/per250522,COMMUNICATION_EVENT_DATE_STRICTLY_BEFORE_SEP_WHEN_TIME_UNKNOWN,SEP_RELEASE_DATE_AFTER_OFFICIAL_POLICY_STATEMENT; EXACT_RELEASE_TIME_NOT_STORED,NO
2025-06-18,Lisa D. Cook,COMMITTEE_HOLD,0,UNCHANGED,VOTE_ACTION_PROXY,2025-06-18,0,https://www.federalreserve.gov/newsevents/pressreleases/monetary20250618a.htm,"Voting for the monetary policy action were Jerome H. Powell, Chair; John C. Williams, Vice Chair; Michael S. Barr; Michelle W. Bowman; Susan M. Collins; Lisa D. Cook; Austan D. Goolsbee; Philip N. Jefferson; Adriana D. Kugler; Alberto G. Musalem; Jeffrey R. Schmid; and Christopher J. Waller.",2025-06-04,Welcoming Remarks,https://www.federalreserve.gov/newsevents/speech/cook20250604a.htm,COMMUNICATION_EVENT_DATE_STRICTLY_BEFORE_SEP_WHEN_TIME_UNKNOWN,SEP_RELEASE_DATE_AFTER_OFFICIAL_POLICY_STATEMENT; EXACT_RELEASE_TIME_NOT_STORED,NO
2025-06-18,Lorie K. Logan,UNKNOWN,,UNKNOWN,NO_DIRECTIONAL_PERSONAL_EVIDENCE_CLASSIFIED,,,,,2025-06-03,Opening remarks for Fed Listens,https://www.dallasfed.org/news/speeches/logan/2025/lkl250603,COMMUNICATION_EVENT_DATE_STRICTLY_BEFORE_SEP_WHEN_TIME_UNKNOWN,SEP_RELEASE_DATE_AFTER_OFFICIAL_POLICY_STATEMENT; EXACT_RELEASE_TIME_NOT_STORED,NO
2025-06-18,Mary C. Daly,UNKNOWN,,UNKNOWN,NO_DIRECTIONAL_PERSONAL_EVIDENCE_CLASSIFIED,,,,,2025-05-16,Choose and Choose Again,https://fraser.stlouisfed.org/title/statements-speeches-mary-c-daly-9034/choose-choose-717496,COMMUNICATION_EVENT_DATE_STRICTLY_BEFORE_SEP_WHEN_TIME_UNKNOWN,SEP_RELEASE_DATE_AFTER_OFFICIAL_POLICY_STATEMENT; EXACT_RELEASE_TIME_NOT_STORED,NO
2025-06-18,Michael S. Barr,COMMITTEE_HOLD,0,UNCHANGED,VOTE_ACTION_PROXY,2025-06-18,0,https://www.federalreserve.gov/newsevents/pressreleases/monetary20250618a.htm,"Voting for the monetary policy action were Jerome H. Powell, Chair; John C. Williams, Vice Chair; Michael S. Barr; Michelle W. Bowman; Susan M. Collins; Lisa D. Cook; Austan D. Goolsbee; Philip N. Jefferson; Adriana D. Kugler; Alberto G. Musalem; Jeffrey R. Schmid; and Christopher J. Waller.",2025-05-15,Opening Remarks,https://www.federalreserve.gov/newsevents/speech/barr20250515a.htm,COMMUNICATION_EVENT_DATE_STRICTLY_BEFORE_SEP_WHEN_TIME_UNKNOWN,SEP_RELEASE_DATE_AFTER_OFFICIAL_POLICY_STATEMENT; EXACT_RELEASE_TIME_NOT_STORED,NO
2025-06-18,Michelle W. Bowman,HIKE_RISK,1,UNCHANGED,MANUALLY_REVIEWED_PERSONAL_COMMUNICATION,2024-06-25,358,https://www.federalreserve.gov/newsevents/speech/bowman20240625a.htm,I remain willing to raise the target range for the federal funds rate at a future meeting should progress on inflation stall or even reverse.,2025-06-06,Taking a Fresh Look at Supervision and Regulation,https://www.federalreserve.gov/newsevents/speech/bowman20250606a.htm,COMMUNICATION_EVENT_DATE_STRICTLY_BEFORE_SEP_WHEN_TIME_UNKNOWN,SEP_RELEASE_DATE_AFTER_OFFICIAL_POLICY_STATEMENT; EXACT_RELEASE_TIME_NOT_STORED,NO
2025-06-18,Neel Kashkari,UNKNOWN,,UNKNOWN,NO_DIRECTIONAL_PERSONAL_EVIDENCE_CLASSIFIED,,,,,2025-05-28,Town hall with Neel Kashkari at Keio University in Tokyo,https://minneapolisfed.org/speeches/2025/town-hall-with-neel-kashkari-at-keio-university-in-tokyo,COMMUNICATION_EVENT_DATE_STRICTLY_BEFORE_SEP_WHEN_TIME_UNKNOWN,SEP_RELEASE_DATE_AFTER_OFFICIAL_POLICY_STATEMENT; EXACT_RELEASE_TIME_NOT_STORED,NO
2025-06-18,Patrick Harker,UNKNOWN,,UNKNOWN,NO_DIRECTIONAL_PERSONAL_EVIDENCE_CLASSIFIED,,,,,2025-06-05,"In Final Speech as Philadelphia Fed President, Harker Calls for Continued “Deliberate” Actions as Economic Uncertainties Remain",https://www.philadelphiafed.org/the-economy/monetary-policy/250605-in-final-speech-as-philadelphia-fed-president-harker-calls-for-continued-deliberate-actions,COMMUNICATION_EVENT_DATE_STRICTLY_BEFORE_SEP_WHEN_TIME_UNKNOWN,SEP_RELEASE_DATE_AFTER_OFFICIAL_POLICY_STATEMENT; EXACT_RELEASE_TIME_NOT_STORED,NO
2025-06-18,Philip N. Jefferson,COMMITTEE_HOLD,0,UNCHANGED,VOTE_ACTION_PROXY,2025-06-18,0,https://www.federalreserve.gov/newsevents/pressreleases/monetary20250618a.htm,"Voting for the monetary policy action were Jerome H. Powell, Chair; John C. Williams, Vice Chair; Michael S. Barr; Michelle W. Bowman; Susan M. Collins; Lisa D. Cook; Austan D. Goolsbee; Philip N. Jefferson; Adriana D. Kugler; Alberto G. Musalem; Jeffrey R. Schmid; and Christopher J. Waller.",2025-05-19,Liquidity Facilities: Purposes and Functions,https://www.federalreserve.gov/newsevents/speech/jefferson20250519a.htm,COMMUNICATION_EVENT_DATE_STRICTLY_BEFORE_SEP_WHEN_TIME_UNKNOWN,SEP_RELEASE_DATE_AFTER_OFFICIAL_POLICY_STATEMENT; EXACT_RELEASE_TIME_NOT_STORED,NO
2025-06-18,Raphael W. Bostic,CUT_SUPPORT,-1,UNCHANGED,MANUALLY_REVIEWED_PERSONAL_COMMUNICATION,2024-09-23,268,https://www.atlantafed.org/news-and-events/speeches/2024/09/23/bostic-on-the-state-of-the-us-economy-and-monetary-policy,I fully supported this decision.,2025-05-30,President Bostic Speaks at the National Economics Challenge,https://www.atlantafed.org/news-and-events/speeches/2025/05/30/bostic-fmc-fed-presidents,COMMUNICATION_EVENT_DATE_STRICTLY_BEFORE_SEP_WHEN_TIME_UNKNOWN,SEP_RELEASE_DATE_AFTER_OFFICIAL_POLICY_STATEMENT; EXACT_RELEASE_TIME_NOT_STORED,NO
2025-06-18,Susan M. Collins,COMMITTEE_HOLD,0,UNCHANGED,VOTE_ACTION_PROXY,2025-06-18,0,https://www.federalreserve.gov/newsevents/pressreleases/monetary20250618a.htm,"Voting for the monetary policy action were Jerome H. Powell, Chair; John C. Williams, Vice Chair; Michael S. Barr; Michelle W. Bowman; Susan M. Collins; Lisa D. Cook; Austan D. Goolsbee; Philip N. Jefferson; Adriana D. Kugler; Alberto G. Musalem; Jeffrey R. Schmid; and Christopher J. Waller.",2025-05-20,Brief Remarks at Fed Listens 2025: A conversation with New England Stakeholders,https://www.bostonfed.org/news-and-events/speeches/2025/fedlistens-remarks.aspx,COMMUNICATION_EVENT_DATE_STRICTLY_BEFORE_SEP_WHEN_TIME_UNKNOWN,SEP_RELEASE_DATE_AFTER_OFFICIAL_POLICY_STATEMENT; EXACT_RELEASE_TIME_NOT_STORED,NO
2025-06-18,Thomas I. Barkin,UNKNOWN,,UNKNOWN,NO_DIRECTIONAL_PERSONAL_EVIDENCE_CLASSIFIED,,,,,2025-05-20,How Do Small Towns Grow?,https://fraser.stlouisfed.org/title/statements-speeches-tom-barkin-9266/small-towns-grow-717486,COMMUNICATION_EVENT_DATE_STRICTLY_BEFORE_SEP_WHEN_TIME_UNKNOWN,SEP_RELEASE_DATE_AFTER_OFFICIAL_POLICY_STATEMENT; EXACT_RELEASE_TIME_NOT_STORED,NO
2025-09-17,Alberto G. Musalem,COMMITTEE_CUT,-1,MORE_DOVISH,VOTE_ACTION_PROXY,2025-09-17,0,https://www.federalreserve.gov/newsevents/pressreleases/monetary20250917a.htm,"Voting for the monetary policy action were Jerome H. Powell, Chair; John C. Williams, Vice Chair; Michael S. Barr; Michelle W. Bowman; Susan M. Collins; Lisa D. Cook; Austan D. Goolsbee; Philip N. Jefferson; Alberto G. Musalem; Jeffrey R. Schmid; and Christopher J. Waller. Voting against this action was Stephen I. Miran, who preferred to lower the target range for the federal funds rate by 1/2 percentage point at this meeting.",2025-07-10,OMFIF Conversation with President Musalem,https://www.stlouisfed.org/from-the-president/remarks/2025/omfif-conversation-with-president-musalem,COMMUNICATION_EVENT_DATE_STRICTLY_BEFORE_SEP_WHEN_TIME_UNKNOWN,SEP_RELEASE_DATE_AFTER_OFFICIAL_POLICY_STATEMENT; EXACT_RELEASE_TIME_NOT_STORED,NO
2025-09-17,Anna Paulson,UNKNOWN,,UNKNOWN,NO_DIRECTIONAL_PERSONAL_EVIDENCE_CLASSIFIED,,,,,,,,COMMUNICATION_EVENT_DATE_STRICTLY_BEFORE_SEP_WHEN_TIME_UNKNOWN,SEP_RELEASE_DATE_AFTER_OFFICIAL_POLICY_STATEMENT; EXACT_RELEASE_TIME_NOT_STORED,NO
2025-09-17,Austan D. Goolsbee,COMMITTEE_CUT,-1,MORE_DOVISH,VOTE_ACTION_PROXY,2025-09-17,0,https://www.federalreserve.gov/newsevents/pressreleases/monetary20250917a.htm,"Voting for the monetary policy action were Jerome H. Powell, Chair; John C. Williams, Vice Chair; Michael S. Barr; Michelle W. Bowman; Susan M. Collins; Lisa D. Cook; Austan D. Goolsbee; Philip N. Jefferson; Alberto G. Musalem; Jeffrey R. Schmid; and Christopher J. Waller. Voting against this action was Stephen I. Miran, who preferred to lower the target range for the federal funds rate by 1/2 percentage point at this meeting.",2025-09-04,mHUB’s Industry Disruptor Series,https://www.chicagofed.org/publications/speeches/2025/sept-4-mhubs-industry-disruptor-series,COMMUNICATION_EVENT_DATE_STRICTLY_BEFORE_SEP_WHEN_TIME_UNKNOWN,SEP_RELEASE_DATE_AFTER_OFFICIAL_POLICY_STATEMENT; EXACT_RELEASE_TIME_NOT_STORED,NO
2025-09-17,Beth M. Hammack,HOLD_LONGER,1,UNCHANGED,MANUALLY_REVIEWED_PERSONAL_COMMUNICATION,2025-05-09,131,https://www.clevelandfed.org/people/profiles/h/hammack-beth-m/sp-20250509-the-outlook-for-the-economy-and-monetary-policy,there is a strong case to hold monetary policy steady at its current modestly restrictive setting.,2025-07-16,The Cleveland Fed's Excellent Community Development Adventure,https://www.clevelandfed.org/collections/speeches/2025/sp-20250716-cleveland-feds-community-development-adventure,COMMUNICATION_EVENT_DATE_STRICTLY_BEFORE_SEP_WHEN_TIME_UNKNOWN,SEP_RELEASE_DATE_AFTER_OFFICIAL_POLICY_STATEMENT; EXACT_RELEASE_TIME_NOT_STORED,NO
2025-09-17,Christopher J. Waller,CUT_BIAS,-1,UNCHANGED,MANUALLY_REVIEWED_PERSONAL_COMMUNICATION,2025-08-28,20,https://www.federalreserve.gov/newsevents/speech/waller20250828a.htm,I would support a 25 basis point cut at the Committee's meeting on September 16 and 17.,2025-08-28,Let’s Get On with It,https://www.federalreserve.gov/newsevents/speech/waller20250828a.htm,COMMUNICATION_EVENT_DATE_STRICTLY_BEFORE_SEP_WHEN_TIME_UNKNOWN,SEP_RELEASE_DATE_AFTER_OFFICIAL_POLICY_STATEMENT; EXACT_RELEASE_TIME_NOT_STORED,NO
2025-09-17,Jeffrey R. Schmid,COMMITTEE_CUT,-1,MORE_DOVISH,VOTE_ACTION_PROXY,2025-09-17,0,https://www.federalreserve.gov/newsevents/pressreleases/monetary20250917a.htm,"Voting for the monetary policy action were Jerome H. Powell, Chair; John C. Williams, Vice Chair; Michael S. Barr; Michelle W. Bowman; Susan M. Collins; Lisa D. Cook; Austan D. Goolsbee; Philip N. Jefferson; Alberto G. Musalem; Jeffrey R. Schmid; and Christopher J. Waller. Voting against this action was Stephen I. Miran, who preferred to lower the target range for the federal funds rate by 1/2 percentage point at this meeting.",2025-08-20,Discussion with the Wednesday Lunch Club,https://www.kansascityfed.org/speeches/discussion-with-the-wednesday-lunch-club,COMMUNICATION_EVENT_DATE_STRICTLY_BEFORE_SEP_WHEN_TIME_UNKNOWN,SEP_RELEASE_DATE_AFTER_OFFICIAL_POLICY_STATEMENT; EXACT_RELEASE_TIME_NOT_STORED,NO
2025-09-17,Jerome H. Powell,CUT_BIAS,-1,MORE_DOVISH,MANUALLY_REVIEWED_PERSONAL_COMMUNICATION,2025-08-22,26,https://www.federalreserve.gov/newsevents/speech/powell20250822a.htm,the baseline outlook and the shifting balance of risks may warrant adjusting our policy stance.,2025-08-22,Monetary Policy and the Fed’s Framework Review,https://www.federalreserve.gov/newsevents/speech/powell20250822a.htm,COMMUNICATION_EVENT_DATE_STRICTLY_BEFORE_SEP_WHEN_TIME_UNKNOWN,SEP_RELEASE_DATE_AFTER_OFFICIAL_POLICY_STATEMENT; EXACT_RELEASE_TIME_NOT_STORED,NO
2025-09-17,John C. Williams,HOLD,0,UNCHANGED,MANUALLY_REVIEWED_PERSONAL_COMMUNICATION,2024-05-30,475,https://www.newyorkfed.org/newsevents/speeches/2024/wil240530,I see the current stance of monetary policy as being well positioned to continue the progress we've made toward achieving our objectives.,2025-09-04,Hat Tip to the Data,https://fraser.stlouisfed.org/title/statements-speeches-john-c-williams-9040/hat-tip-data-717505,COMMUNICATION_EVENT_DATE_STRICTLY_BEFORE_SEP_WHEN_TIME_UNKNOWN,SEP_RELEASE_DATE_AFTER_OFFICIAL_POLICY_STATEMENT; EXACT_RELEASE_TIME_NOT_STORED,NO
2025-09-17,Lisa D. Cook,COMMITTEE_CUT,-1,MORE_DOVISH,VOTE_ACTION_PROXY,2025-09-17,0,https://www.federalreserve.gov/newsevents/pressreleases/monetary20250917a.htm,"Voting for the monetary policy action were Jerome H. Powell, Chair; John C. Williams, Vice Chair; Michael S. Barr; Michelle W. Bowman; Susan M. Collins; Lisa D. Cook; Austan D. Goolsbee; Philip N. Jefferson; Alberto G. Musalem; Jeffrey R. Schmid; and Christopher J. Waller. Voting against this action was Stephen I. Miran, who preferred to lower the target range for the federal funds rate by 1/2 percentage point at this meeting.",2025-07-17,AI: A Fed Policymaker's View,https://www.federalreserve.gov/newsevents/speech/cook20250717a.htm,COMMUNICATION_EVENT_DATE_STRICTLY_BEFORE_SEP_WHEN_TIME_UNKNOWN,SEP_RELEASE_DATE_AFTER_OFFICIAL_POLICY_STATEMENT; EXACT_RELEASE_TIME_NOT_STORED,NO
2025-09-17,Lorie K. Logan,UNKNOWN,,UNKNOWN,NO_DIRECTIONAL_PERSONAL_EVIDENCE_CLASSIFIED,,,,,2025-08-25,The case for modernizing the FOMC’s operating target rate,https://www.dallasfed.org/news/speeches/logan/2025/lkl250925,COMMUNICATION_EVENT_DATE_STRICTLY_BEFORE_SEP_WHEN_TIME_UNKNOWN,SEP_RELEASE_DATE_AFTER_OFFICIAL_POLICY_STATEMENT; EXACT_RELEASE_TIME_NOT_STORED,NO
2025-09-17,Mary C. Daly,UNKNOWN,,UNKNOWN,NO_DIRECTIONAL_PERSONAL_EVIDENCE_CLASSIFIED,,,,,2025-08-06,Investing in a Durable Economic Future - San Francisco Fed,https://www.frbsf.org/news-and-media/speeches/mary-c-daly/2025/08/investing-in-a-durable-economic-future,COMMUNICATION_EVENT_DATE_STRICTLY_BEFORE_SEP_WHEN_TIME_UNKNOWN,SEP_RELEASE_DATE_AFTER_OFFICIAL_POLICY_STATEMENT; EXACT_RELEASE_TIME_NOT_STORED,NO
2025-09-17,Michael S. Barr,COMMITTEE_CUT,-1,MORE_DOVISH,VOTE_ACTION_PROXY,2025-09-17,0,https://www.federalreserve.gov/newsevents/pressreleases/monetary20250917a.htm,"Voting for the monetary policy action were Jerome H. Powell, Chair; John C. Williams, Vice Chair; Michael S. Barr; Michelle W. Bowman; Susan M. Collins; Lisa D. Cook; Austan D. Goolsbee; Philip N. Jefferson; Alberto G. Musalem; Jeffrey R. Schmid; and Christopher J. Waller. Voting against this action was Stephen I. Miran, who preferred to lower the target range for the federal funds rate by 1/2 percentage point at this meeting.",2025-07-16,Booms and Busts and the Regulatory Cycle,https://www.federalreserve.gov/newsevents/speech/barr20250716a.htm,COMMUNICATION_EVENT_DATE_STRICTLY_BEFORE_SEP_WHEN_TIME_UNKNOWN,SEP_RELEASE_DATE_AFTER_OFFICIAL_POLICY_STATEMENT; EXACT_RELEASE_TIME_NOT_STORED,NO
2025-09-17,Michelle W. Bowman,HIKE_RISK,1,UNCHANGED,MANUALLY_REVIEWED_PERSONAL_COMMUNICATION,2024-06-25,449,https://www.federalreserve.gov/newsevents/speech/bowman20240625a.htm,I remain willing to raise the target range for the federal funds rate at a future meeting should progress on inflation stall or even reverse.,2025-08-19,Embracing Innovation,https://www.federalreserve.gov/newsevents/speech/bowman20250819a.htm,COMMUNICATION_EVENT_DATE_STRICTLY_BEFORE_SEP_WHEN_TIME_UNKNOWN,SEP_RELEASE_DATE_AFTER_OFFICIAL_POLICY_STATEMENT; EXACT_RELEASE_TIME_NOT_STORED,NO
2025-09-17,Neel Kashkari,UNKNOWN,,UNKNOWN,NO_DIRECTIONAL_PERSONAL_EVIDENCE_CLASSIFIED,,,,,2025-09-03,Q&A with Neel Kashkari at Minnesota Women’s Economic Roundtable event,https://minneapolisfed.org/speeches/2025/qa-with-neel-kashkari-at-minnesota-womens-economic-roundtable-event,COMMUNICATION_EVENT_DATE_STRICTLY_BEFORE_SEP_WHEN_TIME_UNKNOWN,SEP_RELEASE_DATE_AFTER_OFFICIAL_POLICY_STATEMENT; EXACT_RELEASE_TIME_NOT_STORED,NO
2025-09-17,Philip N. Jefferson,COMMITTEE_CUT,-1,MORE_DOVISH,VOTE_ACTION_PROXY,2025-09-17,0,https://www.federalreserve.gov/newsevents/pressreleases/monetary20250917a.htm,"Voting for the monetary policy action were Jerome H. Powell, Chair; John C. Williams, Vice Chair; Michael S. Barr; Michelle W. Bowman; Susan M. Collins; Lisa D. Cook; Austan D. Goolsbee; Philip N. Jefferson; Alberto G. Musalem; Jeffrey R. Schmid; and Christopher J. Waller. Voting against this action was Stephen I. Miran, who preferred to lower the target range for the federal funds rate by 1/2 percentage point at this meeting.",2025-05-19,Liquidity Facilities: Purposes and Functions,https://www.federalreserve.gov/newsevents/speech/jefferson20250519a.htm,COMMUNICATION_EVENT_DATE_STRICTLY_BEFORE_SEP_WHEN_TIME_UNKNOWN,SEP_RELEASE_DATE_AFTER_OFFICIAL_POLICY_STATEMENT; EXACT_RELEASE_TIME_NOT_STORED,NO
2025-09-17,Raphael W. Bostic,CUT_SUPPORT,-1,UNCHANGED,MANUALLY_REVIEWED_PERSONAL_COMMUNICATION,2024-09-23,359,https://www.atlantafed.org/news-and-events/speeches/2024/09/23/bostic-on-the-state-of-the-us-economy-and-monetary-policy,I fully supported this decision.,2025-09-04,President Bostic on WABE Radio,https://www.atlantafed.org/news-and-events/media-interviews/2025/09/04/bostic-on-wabe-radio,COMMUNICATION_EVENT_DATE_STRICTLY_BEFORE_SEP_WHEN_TIME_UNKNOWN,SEP_RELEASE_DATE_AFTER_OFFICIAL_POLICY_STATEMENT; EXACT_RELEASE_TIME_NOT_STORED,NO
2025-09-17,Stephen I. Miran,EASIER,-2,UNKNOWN,NAMED_DISSENT,2025-09-17,0,https://www.federalreserve.gov/newsevents/pressreleases/monetary20250917a.htm,"Voting for the monetary policy action were Jerome H. Powell, Chair; John C. Williams, Vice Chair; Michael S. Barr; Michelle W. Bowman; Susan M. Collins; Lisa D. Cook; Austan D. Goolsbee; Philip N. Jefferson; Alberto G. Musalem; Jeffrey R. Schmid; and Christopher J. Waller. Voting against this action was Stephen I. Miran, who preferred to lower the target range for the federal funds rate by 1/2 percentage point at this meeting.",,,,COMMUNICATION_EVENT_DATE_STRICTLY_BEFORE_SEP_WHEN_TIME_UNKNOWN,SEP_RELEASE_DATE_AFTER_OFFICIAL_POLICY_STATEMENT; EXACT_RELEASE_TIME_NOT_STORED,NO
2025-09-17,Susan M. Collins,COMMITTEE_CUT,-1,MORE_DOVISH,VOTE_ACTION_PROXY,2025-09-17,0,https://www.federalreserve.gov/newsevents/pressreleases/monetary20250917a.htm,"Voting for the monetary policy action were Jerome H. Powell, Chair; John C. Williams, Vice Chair; Michael S. Barr; Michelle W. Bowman; Susan M. Collins; Lisa D. Cook; Austan D. Goolsbee; Philip N. Jefferson; Alberto G. Musalem; Jeffrey R. Schmid; and Christopher J. Waller. Voting against this action was Stephen I. Miran, who preferred to lower the target range for the federal funds rate by 1/2 percentage point at this meeting.",2025-07-15,Using Data in Monetary Policymaking: A View from the Fed,https://www.bostonfed.org/news-and-events/speeches/2025/using-data-in-monetary-policymaking.aspx,COMMUNICATION_EVENT_DATE_STRICTLY_BEFORE_SEP_WHEN_TIME_UNKNOWN,SEP_RELEASE_DATE_AFTER_OFFICIAL_POLICY_STATEMENT; EXACT_RELEASE_TIME_NOT_STORED,NO
2025-09-17,Sushmita Shukla,UNKNOWN,,UNKNOWN,NO_DIRECTIONAL_PERSONAL_EVIDENCE_CLASSIFIED,,,,,,,,COMMUNICATION_EVENT_DATE_STRICTLY_BEFORE_SEP_WHEN_TIME_UNKNOWN,SEP_RELEASE_DATE_AFTER_OFFICIAL_POLICY_STATEMENT; EXACT_RELEASE_TIME_NOT_STORED,NO
2025-09-17,Thomas I. Barkin,UNKNOWN,,UNKNOWN,NO_DIRECTIONAL_PERSONAL_EVIDENCE_CLASSIFIED,,,,,2025-08-12,Why the Consumer Matters,https://fraser.stlouisfed.org/title/statements-speeches-tom-barkin-9266/consumer-matters-717484,COMMUNICATION_EVENT_DATE_STRICTLY_BEFORE_SEP_WHEN_TIME_UNKNOWN,SEP_RELEASE_DATE_AFTER_OFFICIAL_POLICY_STATEMENT; EXACT_RELEASE_TIME_NOT_STORED,NO
2025-12-10,Alberto G. Musalem,COMMITTEE_CUT,-1,UNCHANGED,VOTE_ACTION_PROXY,2025-12-10,0,https://www.federalreserve.gov/newsevents/pressreleases/monetary20251210a.htm,"Voting for the monetary policy action were Jerome H. Powell, Chair; John C. Williams, Vice Chair; Michael S. Barr; Michelle W. Bowman; Susan M. Collins; Lisa D. Cook; Philip N. Jefferson; Alberto G. Musalem; and Christopher J. Waller. Voting against this action were Stephen I. Miran, who preferred to lower the target range for the federal funds rate by 1/2 percentage point at this meeting; and Austan D. Goolsbee and Jeffrey R. Schmid, who preferred no change to the target range for the federal funds rate at this meeting.",2025-07-10,OMFIF Conversation with President Musalem,https://www.stlouisfed.org/from-the-president/remarks/2025/omfif-conversation-with-president-musalem,COMMUNICATION_EVENT_DATE_STRICTLY_BEFORE_SEP_WHEN_TIME_UNKNOWN,SEP_RELEASE_DATE_AFTER_OFFICIAL_POLICY_STATEMENT; EXACT_RELEASE_TIME_NOT_STORED,NO
2025-12-10,Anna Paulson,UNKNOWN,,UNKNOWN,NO_DIRECTIONAL_PERSONAL_EVIDENCE_CLASSIFIED,,,,,2025-11-20,Economic Outlook,https://fraser.stlouisfed.org/title/statements-speeches-anna-l-paulson-9813/economic-outlook-717601,COMMUNICATION_EVENT_DATE_STRICTLY_BEFORE_SEP_WHEN_TIME_UNKNOWN,SEP_RELEASE_DATE_AFTER_OFFICIAL_POLICY_STATEMENT; EXACT_RELEASE_TIME_NOT_STORED,NO
2025-12-10,Austan D. Goolsbee,TIGHTER,2,MORE_HAWKISH,NAMED_DISSENT,2025-12-10,0,https://www.federalreserve.gov/newsevents/pressreleases/monetary20251210a.htm,"Voting for the monetary policy action were Jerome H. Powell, Chair; John C. Williams, Vice Chair; Michael S. Barr; Michelle W. Bowman; Susan M. Collins; Lisa D. Cook; Philip N. Jefferson; Alberto G. Musalem; and Christopher J. Waller. Voting against this action were Stephen I. Miran, who preferred to lower the target range for the federal funds rate by 1/2 percentage point at this meeting; and Austan D. Goolsbee and Jeffrey R. Schmid, who preferred no change to the target range for the federal funds rate at this meeting.",2025-11-20,CFA Society of Indianapolis Annual Lunch,https://www.chicagofed.org/publications/speeches/2025/11-20-cfa-society-indianapolis-annual-lunch,COMMUNICATION_EVENT_DATE_STRICTLY_BEFORE_SEP_WHEN_TIME_UNKNOWN,SEP_RELEASE_DATE_AFTER_OFFICIAL_POLICY_STATEMENT; EXACT_RELEASE_TIME_NOT_STORED,NO
2025-12-10,Beth M. Hammack,HOLD_LONGER,1,UNCHANGED,MANUALLY_REVIEWED_PERSONAL_COMMUNICATION,2025-05-09,215,https://www.clevelandfed.org/people/profiles/h/hammack-beth-m/sp-20250509-the-outlook-for-the-economy-and-monetary-policy,there is a strong case to hold monetary policy steady at its current modestly restrictive setting.,2025-11-20,"Opening Remarks, 2025 Financial Stability Conference",https://fraser.stlouisfed.org/title/statements-speeches-beth-m-hammack-9815/opening-remarks-2025-financial-stability-conference-717972,COMMUNICATION_EVENT_DATE_STRICTLY_BEFORE_SEP_WHEN_TIME_UNKNOWN,SEP_RELEASE_DATE_AFTER_OFFICIAL_POLICY_STATEMENT; EXACT_RELEASE_TIME_NOT_STORED,NO
2025-12-10,Christopher J. Waller,CUT_BIAS,-1,UNCHANGED,MANUALLY_REVIEWED_PERSONAL_COMMUNICATION,2025-08-28,104,https://www.federalreserve.gov/newsevents/speech/waller20250828a.htm,I would support a 25 basis point cut at the Committee's meeting on September 16 and 17.,2025-11-17,The Case for Continuing Rate Cuts,https://www.federalreserve.gov/newsevents/speech/waller20251117a.htm,COMMUNICATION_EVENT_DATE_STRICTLY_BEFORE_SEP_WHEN_TIME_UNKNOWN,SEP_RELEASE_DATE_AFTER_OFFICIAL_POLICY_STATEMENT; EXACT_RELEASE_TIME_NOT_STORED,NO
2025-12-10,Jeffrey R. Schmid,TIGHTER,2,MORE_HAWKISH,NAMED_DISSENT,2025-12-10,0,https://www.federalreserve.gov/newsevents/pressreleases/monetary20251210a.htm,"Voting for the monetary policy action were Jerome H. Powell, Chair; John C. Williams, Vice Chair; Michael S. Barr; Michelle W. Bowman; Susan M. Collins; Lisa D. Cook; Philip N. Jefferson; Alberto G. Musalem; and Christopher J. Waller. Voting against this action were Stephen I. Miran, who preferred to lower the target range for the federal funds rate by 1/2 percentage point at this meeting; and Austan D. Goolsbee and Jeffrey R. Schmid, who preferred no change to the target range for the federal funds rate at this meeting.",2025-11-14,Maintaining the Balance in Monetary Policy,https://www.kansascityfed.org/speeches/maintaining-the-balance-in-monetary-policy,COMMUNICATION_EVENT_DATE_STRICTLY_BEFORE_SEP_WHEN_TIME_UNKNOWN,SEP_RELEASE_DATE_AFTER_OFFICIAL_POLICY_STATEMENT; EXACT_RELEASE_TIME_NOT_STORED,NO
2025-12-10,Jerome H. Powell,CUT_BIAS,-1,UNCHANGED,MANUALLY_REVIEWED_PERSONAL_COMMUNICATION,2025-08-22,110,https://www.federalreserve.gov/newsevents/speech/powell20250822a.htm,the baseline outlook and the shifting balance of risks may warrant adjusting our policy stance.,2025-12-01,Opening Remarks,https://www.federalreserve.gov/newsevents/speech/powell20251201a.htm,COMMUNICATION_EVENT_DATE_STRICTLY_BEFORE_SEP_WHEN_TIME_UNKNOWN,SEP_RELEASE_DATE_AFTER_OFFICIAL_POLICY_STATEMENT; EXACT_RELEASE_TIME_NOT_STORED,NO
2025-12-10,John C. Williams,HOLD,0,UNCHANGED,MANUALLY_REVIEWED_PERSONAL_COMMUNICATION,2024-05-30,559,https://www.newyorkfed.org/newsevents/speeches/2024/wil240530,I see the current stance of monetary policy as being well positioned to continue the progress we've made toward achieving our objectives.,2025-11-21,Navigating Unpredictable Terrain,https://fraser.stlouisfed.org/title/statements-speeches-john-c-williams-9040/navigating-unpredictable-terrain-717507,COMMUNICATION_EVENT_DATE_STRICTLY_BEFORE_SEP_WHEN_TIME_UNKNOWN,SEP_RELEASE_DATE_AFTER_OFFICIAL_POLICY_STATEMENT; EXACT_RELEASE_TIME_NOT_STORED,NO
2025-12-10,Lisa D. Cook,COMMITTEE_CUT,-1,UNCHANGED,VOTE_ACTION_PROXY,2025-12-10,0,https://www.federalreserve.gov/newsevents/pressreleases/monetary20251210a.htm,"Voting for the monetary policy action were Jerome H. Powell, Chair; John C. Williams, Vice Chair; Michael S. Barr; Michelle W. Bowman; Susan M. Collins; Lisa D. Cook; Philip N. Jefferson; Alberto G. Musalem; and Christopher J. Waller. Voting against this action were Stephen I. Miran, who preferred to lower the target range for the federal funds rate by 1/2 percentage point at this meeting; and Austan D. Goolsbee and Jeffrey R. Schmid, who preferred no change to the target range for the federal funds rate at this meeting.",2025-11-20,A Policymaker’s View of Financial Stability,https://www.federalreserve.gov/newsevents/speech/cook20251120a.htm,COMMUNICATION_EVENT_DATE_STRICTLY_BEFORE_SEP_WHEN_TIME_UNKNOWN,SEP_RELEASE_DATE_AFTER_OFFICIAL_POLICY_STATEMENT; EXACT_RELEASE_TIME_NOT_STORED,NO
2025-12-10,Lorie K. Logan,UNKNOWN,,UNKNOWN,NO_DIRECTIONAL_PERSONAL_EVIDENCE_CLASSIFIED,,,,,2025-11-21,Opening remarks for panel titled ‘Economic uncertainty and the design and conduct of monetary policy’,https://www.dallasfed.org/news/speeches/logan/2025/lkl251121,COMMUNICATION_EVENT_DATE_STRICTLY_BEFORE_SEP_WHEN_TIME_UNKNOWN,SEP_RELEASE_DATE_AFTER_OFFICIAL_POLICY_STATEMENT; EXACT_RELEASE_TIME_NOT_STORED,NO
2025-12-10,Mary C. Daly,UNKNOWN,,UNKNOWN,NO_DIRECTIONAL_PERSONAL_EVIDENCE_CLASSIFIED,,,,,2025-11-13,Modern Central Banking: Monetary Policy Implementation and Communication - San Francisco Fed,https://www.frbsf.org/news-and-media/speeches/mary-c-daly/2025/11/modern-central-banking-monetary-policy-implementation-and-communication,COMMUNICATION_EVENT_DATE_STRICTLY_BEFORE_SEP_WHEN_TIME_UNKNOWN,SEP_RELEASE_DATE_AFTER_OFFICIAL_POLICY_STATEMENT; EXACT_RELEASE_TIME_NOT_STORED,NO
2025-12-10,Michael S. Barr,COMMITTEE_CUT,-1,UNCHANGED,VOTE_ACTION_PROXY,2025-12-10,0,https://www.federalreserve.gov/newsevents/pressreleases/monetary20251210a.htm,"Voting for the monetary policy action were Jerome H. Powell, Chair; John C. Williams, Vice Chair; Michael S. Barr; Michelle W. Bowman; Susan M. Collins; Lisa D. Cook; Philip N. Jefferson; Alberto G. Musalem; and Christopher J. Waller. Voting against this action were Stephen I. Miran, who preferred to lower the target range for the federal funds rate by 1/2 percentage point at this meeting; and Austan D. Goolsbee and Jeffrey R. Schmid, who preferred no change to the target range for the federal funds rate at this meeting.",2025-11-21,Welcoming Remarks,https://www.federalreserve.gov/newsevents/speech/barr20251121a.htm,COMMUNICATION_EVENT_DATE_STRICTLY_BEFORE_SEP_WHEN_TIME_UNKNOWN,SEP_RELEASE_DATE_AFTER_OFFICIAL_POLICY_STATEMENT; EXACT_RELEASE_TIME_NOT_STORED,NO
2025-12-10,Michelle W. Bowman,CUT_BIAS,-1,MORE_DOVISH,MANUALLY_REVIEWED_PERSONAL_COMMUNICATION,2025-09-23,78,https://www.federalreserve.gov/newsevents/speech/bowman20250923a.htm,I supported reducing the policy rate at this meeting.,2025-10-30,Opening Remarks,https://www.federalreserve.gov/newsevents/speech/bowman20251030a.htm,COMMUNICATION_EVENT_DATE_STRICTLY_BEFORE_SEP_WHEN_TIME_UNKNOWN,SEP_RELEASE_DATE_AFTER_OFFICIAL_POLICY_STATEMENT; EXACT_RELEASE_TIME_NOT_STORED,NO
2025-12-10,Neel Kashkari,UNKNOWN,,UNKNOWN,NO_DIRECTIONAL_PERSONAL_EVIDENCE_CLASSIFIED,,,,,2025-11-17,Neel Kashkari in conversation with Christophe Beck at the Economic Club of Minnesota,https://minneapolisfed.org/speeches/2025/neel-kashkari-at-economic-club-of-minnesota,COMMUNICATION_EVENT_DATE_STRICTLY_BEFORE_SEP_WHEN_TIME_UNKNOWN,SEP_RELEASE_DATE_AFTER_OFFICIAL_POLICY_STATEMENT; EXACT_RELEASE_TIME_NOT_STORED,NO
2025-12-10,Philip N. Jefferson,COMMITTEE_CUT,-1,UNCHANGED,VOTE_ACTION_PROXY,2025-12-10,0,https://www.federalreserve.gov/newsevents/pressreleases/monetary20251210a.htm,"Voting for the monetary policy action were Jerome H. Powell, Chair; John C. Williams, Vice Chair; Michael S. Barr; Michelle W. Bowman; Susan M. Collins; Lisa D. Cook; Philip N. Jefferson; Alberto G. Musalem; and Christopher J. Waller. Voting against this action were Stephen I. Miran, who preferred to lower the target range for the federal funds rate by 1/2 percentage point at this meeting; and Austan D. Goolsbee and Jeffrey R. Schmid, who preferred no change to the target range for the federal funds rate at this meeting.",2025-11-21,"AI, the Economy, and Financial Stability",https://www.federalreserve.gov/newsevents/speech/jefferson20251121a.htm,COMMUNICATION_EVENT_DATE_STRICTLY_BEFORE_SEP_WHEN_TIME_UNKNOWN,SEP_RELEASE_DATE_AFTER_OFFICIAL_POLICY_STATEMENT; EXACT_RELEASE_TIME_NOT_STORED,NO
2025-12-10,Raphael W. Bostic,CUT_SUPPORT,-1,UNCHANGED,MANUALLY_REVIEWED_PERSONAL_COMMUNICATION,2024-09-23,443,https://www.atlantafed.org/news-and-events/speeches/2024/09/23/bostic-on-the-state-of-the-us-economy-and-monetary-policy,I fully supported this decision.,2025-11-14,President Bostic Speaks at APPAM Research Conference,https://www.atlantafed.org/news-and-events/speeches/2025/11/14/bostic-speaks-at-appam-research-conference,COMMUNICATION_EVENT_DATE_STRICTLY_BEFORE_SEP_WHEN_TIME_UNKNOWN,SEP_RELEASE_DATE_AFTER_OFFICIAL_POLICY_STATEMENT; EXACT_RELEASE_TIME_NOT_STORED,NO
2025-12-10,Stephen I. Miran,EASIER,-2,UNCHANGED,NAMED_DISSENT,2025-12-10,0,https://www.federalreserve.gov/newsevents/pressreleases/monetary20251210a.htm,"Voting for the monetary policy action were Jerome H. Powell, Chair; John C. Williams, Vice Chair; Michael S. Barr; Michelle W. Bowman; Susan M. Collins; Lisa D. Cook; Philip N. Jefferson; Alberto G. Musalem; and Christopher J. Waller. Voting against this action were Stephen I. Miran, who preferred to lower the target range for the federal funds rate by 1/2 percentage point at this meeting; and Austan D. Goolsbee and Jeffrey R. Schmid, who preferred no change to the target range for the federal funds rate at this meeting.",2025-11-19,Regulatory Dominance of the Federal Reserve’s Balance Sheet,https://www.federalreserve.gov/newsevents/speech/miran20251119a.htm,COMMUNICATION_EVENT_DATE_STRICTLY_BEFORE_SEP_WHEN_TIME_UNKNOWN,SEP_RELEASE_DATE_AFTER_OFFICIAL_POLICY_STATEMENT; EXACT_RELEASE_TIME_NOT_STORED,NO
2025-12-10,Susan M. Collins,COMMITTEE_CUT,-1,UNCHANGED,VOTE_ACTION_PROXY,2025-12-10,0,https://www.federalreserve.gov/newsevents/pressreleases/monetary20251210a.htm,"Voting for the monetary policy action were Jerome H. Powell, Chair; John C. Williams, Vice Chair; Michael S. Barr; Michelle W. Bowman; Susan M. Collins; Lisa D. Cook; Philip N. Jefferson; Alberto G. Musalem; and Christopher J. Waller. Voting against this action were Stephen I. Miran, who preferred to lower the target range for the federal funds rate by 1/2 percentage point at this meeting; and Austan D. Goolsbee and Jeffrey R. Schmid, who preferred no change to the target range for the federal funds rate at this meeting.",2025-11-21,Observations on the U.S. Economy in a Changing Global Landscape,https://www.bostonfed.org/news-and-events/speeches/2025/us-economy-in-a-changing-global-landscape-remarks.aspx,COMMUNICATION_EVENT_DATE_STRICTLY_BEFORE_SEP_WHEN_TIME_UNKNOWN,SEP_RELEASE_DATE_AFTER_OFFICIAL_POLICY_STATEMENT; EXACT_RELEASE_TIME_NOT_STORED,NO
2025-12-10,Sushmita Shukla,UNKNOWN,,UNKNOWN,NO_DIRECTIONAL_PERSONAL_EVIDENCE_CLASSIFIED,,,,,,,,COMMUNICATION_EVENT_DATE_STRICTLY_BEFORE_SEP_WHEN_TIME_UNKNOWN,SEP_RELEASE_DATE_AFTER_OFFICIAL_POLICY_STATEMENT; EXACT_RELEASE_TIME_NOT_STORED,NO
2025-12-10,Thomas I. Barkin,UNKNOWN,,UNKNOWN,NO_DIRECTIONAL_PERSONAL_EVIDENCE_CLASSIFIED,,,,,2025-11-18,Operating with Limited Data,https://fraser.stlouisfed.org/title/statements-speeches-tom-barkin-9266/operating-limited-data-717482,COMMUNICATION_EVENT_DATE_STRICTLY_BEFORE_SEP_WHEN_TIME_UNKNOWN,SEP_RELEASE_DATE_AFTER_OFFICIAL_POLICY_STATEMENT; EXACT_RELEASE_TIME_NOT_STORED,NO
2026-03-18,Alberto G. Musalem,UNKNOWN,,UNKNOWN,NO_DIRECTIONAL_PERSONAL_EVIDENCE_CLASSIFIED,,,,,2026-03-02,"Roundtable Discussion and Tour in Chesterfield, Mo",https://www.stlouisfed.org/from-the-president/remarks/2026/roundtable-discussion-tour-chesterfield,COMMUNICATION_EVENT_DATE_STRICTLY_BEFORE_SEP_WHEN_TIME_UNKNOWN,SEP_RELEASE_DATE_AFTER_OFFICIAL_POLICY_STATEMENT; EXACT_RELEASE_TIME_NOT_STORED,NO
2026-03-18,Anna Paulson,COMMITTEE_HOLD,0,UNKNOWN,VOTE_ACTION_PROXY,2026-03-18,0,https://www.federalreserve.gov/newsevents/pressreleases/monetary20260318a.htm,"Voting for the monetary policy action were Jerome H. Powell, Chair; John C. Williams, Vice Chair; Michael S. Barr; Michelle W. Bowman; Lisa D. Cook; Beth M. Hammack; Philip N. Jefferson; Neel Kashkari; Lorie K. Logan; Anna Paulson; and Christopher J. Waller. Voting against this action was Stephen I. Miran, who preferred to lower the target range for the federal funds rate by 1/4 percentage point at this meeting.",2026-03-06,Discussion Points on “Private Canaries: The Value of Private-Sector Data for U.S. Monetary Policy Making”,https://www.philadelphiafed.org/the-economy/monetary-policy/260306-2026-us-monetary-policy-forum,COMMUNICATION_EVENT_DATE_STRICTLY_BEFORE_SEP_WHEN_TIME_UNKNOWN,SEP_RELEASE_DATE_AFTER_OFFICIAL_POLICY_STATEMENT; EXACT_RELEASE_TIME_NOT_STORED,NO
2026-03-18,Austan D. Goolsbee,UNKNOWN,,UNKNOWN,NO_DIRECTIONAL_PERSONAL_EVIDENCE_CLASSIFIED,,,,,2025-11-20,CFA Society of Indianapolis Annual Lunch,https://www.chicagofed.org/publications/speeches/2025/11-20-cfa-society-indianapolis-annual-lunch,COMMUNICATION_EVENT_DATE_STRICTLY_BEFORE_SEP_WHEN_TIME_UNKNOWN,SEP_RELEASE_DATE_AFTER_OFFICIAL_POLICY_STATEMENT; EXACT_RELEASE_TIME_NOT_STORED,NO
2026-03-18,Beth M. Hammack,HOLD_LONGER,1,UNCHANGED,MANUALLY_REVIEWED_PERSONAL_COMMUNICATION,2025-05-09,313,https://www.clevelandfed.org/people/profiles/h/hammack-beth-m/sp-20250509-the-outlook-for-the-economy-and-monetary-policy,there is a strong case to hold monetary policy steady at its current modestly restrictive setting.,2026-03-06,Remarks for the Panel: On the Safe-Haven Status of the Dollar,https://www.clevelandfed.org/collections/speeches/2026/sp-20260306-on-the-safe-haven-status-of-the-dollar,COMMUNICATION_EVENT_DATE_STRICTLY_BEFORE_SEP_WHEN_TIME_UNKNOWN,SEP_RELEASE_DATE_AFTER_OFFICIAL_POLICY_STATEMENT; EXACT_RELEASE_TIME_NOT_STORED,NO
2026-03-18,Cheryl L. Venable,UNKNOWN,,UNKNOWN,NO_DIRECTIONAL_PERSONAL_EVIDENCE_CLASSIFIED,,,,,,,,COMMUNICATION_EVENT_DATE_STRICTLY_BEFORE_SEP_WHEN_TIME_UNKNOWN,SEP_RELEASE_DATE_AFTER_OFFICIAL_POLICY_STATEMENT; EXACT_RELEASE_TIME_NOT_STORED,NO
2026-03-18,Christopher J. Waller,CUT_BIAS,-1,UNCHANGED,MANUALLY_REVIEWED_PERSONAL_COMMUNICATION,2025-08-28,202,https://www.federalreserve.gov/newsevents/speech/waller20250828a.htm,I would support a 25 basis point cut at the Committee's meeting on September 16 and 17.,2026-02-24,Operationalizing AI at the Federal Reserve,https://www.federalreserve.gov/newsevents/speech/waller20260224a.htm,COMMUNICATION_EVENT_DATE_STRICTLY_BEFORE_SEP_WHEN_TIME_UNKNOWN,SEP_RELEASE_DATE_AFTER_OFFICIAL_POLICY_STATEMENT; EXACT_RELEASE_TIME_NOT_STORED,NO
2026-03-18,Jeffrey R. Schmid,UNKNOWN,,UNKNOWN,NO_DIRECTIONAL_PERSONAL_EVIDENCE_CLASSIFIED,,,,,2026-03-03,The Economic Outlook and Monetary Policy,https://www.kansascityfed.org/speeches/the-economic-outlook-and-monetary-policy-march-2026,COMMUNICATION_EVENT_DATE_STRICTLY_BEFORE_SEP_WHEN_TIME_UNKNOWN,SEP_RELEASE_DATE_AFTER_OFFICIAL_POLICY_STATEMENT; EXACT_RELEASE_TIME_NOT_STORED,NO
2026-03-18,Jerome H. Powell,CUT_BIAS,-1,UNCHANGED,MANUALLY_REVIEWED_PERSONAL_COMMUNICATION,2025-08-22,208,https://www.federalreserve.gov/newsevents/speech/powell20250822a.htm,the baseline outlook and the shifting balance of risks may warrant adjusting our policy stance.,2026-01-11,Video,https://www.federalreserve.gov/newsevents/speech/powell20260111a.htm,COMMUNICATION_EVENT_DATE_STRICTLY_BEFORE_SEP_WHEN_TIME_UNKNOWN,SEP_RELEASE_DATE_AFTER_OFFICIAL_POLICY_STATEMENT; EXACT_RELEASE_TIME_NOT_STORED,NO
2026-03-18,John C. Williams,HOLD,0,UNCHANGED,MANUALLY_REVIEWED_PERSONAL_COMMUNICATION,2024-05-30,657,https://www.newyorkfed.org/newsevents/speeches/2024/wil240530,I see the current stance of monetary policy as being well positioned to continue the progress we've made toward achieving our objectives.,2026-03-03,Williams: Two Sides of a Coin,https://www.newyorkfed.org/newsevents/speeches/2026/wil260303,COMMUNICATION_EVENT_DATE_STRICTLY_BEFORE_SEP_WHEN_TIME_UNKNOWN,SEP_RELEASE_DATE_AFTER_OFFICIAL_POLICY_STATEMENT; EXACT_RELEASE_TIME_NOT_STORED,NO
2026-03-18,Lisa D. Cook,COMMITTEE_HOLD,0,MORE_HAWKISH,VOTE_ACTION_PROXY,2026-03-18,0,https://www.federalreserve.gov/newsevents/pressreleases/monetary20260318a.htm,"Voting for the monetary policy action were Jerome H. Powell, Chair; John C. Williams, Vice Chair; Michael S. Barr; Michelle W. Bowman; Lisa D. Cook; Beth M. Hammack; Philip N. Jefferson; Neel Kashkari; Lorie K. Logan; Anna Paulson; and Christopher J. Waller. Voting against this action was Stephen I. Miran, who preferred to lower the target range for the federal funds rate by 1/4 percentage point at this meeting.",2026-02-24,Opening Remarks for the “AI and Productivity across the Economy” Panel,https://www.federalreserve.gov/newsevents/speech/cook20260224a.htm,COMMUNICATION_EVENT_DATE_STRICTLY_BEFORE_SEP_WHEN_TIME_UNKNOWN,SEP_RELEASE_DATE_AFTER_OFFICIAL_POLICY_STATEMENT; EXACT_RELEASE_TIME_NOT_STORED,NO
2026-03-18,Lorie K. Logan,COMMITTEE_HOLD,0,UNKNOWN,VOTE_ACTION_PROXY,2026-03-18,0,https://www.federalreserve.gov/newsevents/pressreleases/monetary20260318a.htm,"Voting for the monetary policy action were Jerome H. Powell, Chair; John C. Williams, Vice Chair; Michael S. Barr; Michelle W. Bowman; Lisa D. Cook; Beth M. Hammack; Philip N. Jefferson; Neel Kashkari; Lorie K. Logan; Anna Paulson; and Christopher J. Waller. Voting against this action was Stephen I. Miran, who preferred to lower the target range for the federal funds rate by 1/4 percentage point at this meeting.",2026-02-10,Outlook for the economy and monetary policy,https://www.dallasfed.org/news/speeches/logan/2026/lkl260210,COMMUNICATION_EVENT_DATE_STRICTLY_BEFORE_SEP_WHEN_TIME_UNKNOWN,SEP_RELEASE_DATE_AFTER_OFFICIAL_POLICY_STATEMENT; EXACT_RELEASE_TIME_NOT_STORED,NO
2026-03-18,Mary C. Daly,UNKNOWN,,UNKNOWN,NO_DIRECTIONAL_PERSONAL_EVIDENCE_CLASSIFIED,,,,,2026-02-17,"The AI Moment? Possibilities, Productivity, and Policy - San Francisco Fed",https://www.frbsf.org/news-and-media/speeches/mary-c-daly/2026/02/the-ai-moment-possibilities-productivity-and-policy,COMMUNICATION_EVENT_DATE_STRICTLY_BEFORE_SEP_WHEN_TIME_UNKNOWN,SEP_RELEASE_DATE_AFTER_OFFICIAL_POLICY_STATEMENT; EXACT_RELEASE_TIME_NOT_STORED,NO
2026-03-18,Michael S. Barr,COMMITTEE_HOLD,0,MORE_HAWKISH,VOTE_ACTION_PROXY,2026-03-18,0,https://www.federalreserve.gov/newsevents/pressreleases/monetary20260318a.htm,"Voting for the monetary policy action were Jerome H. Powell, Chair; John C. Williams, Vice Chair; Michael S. Barr; Michelle W. Bowman; Lisa D. Cook; Beth M. Hammack; Philip N. Jefferson; Neel Kashkari; Lorie K. Logan; Anna Paulson; and Christopher J. Waller. Voting against this action was Stephen I. Miran, who preferred to lower the target range for the federal funds rate by 1/4 percentage point at this meeting.",2026-02-17,What Will Artificial Intelligence Mean for the Labor Market and the Economy?,https://www.federalreserve.gov/newsevents/speech/barr20260217a.htm,COMMUNICATION_EVENT_DATE_STRICTLY_BEFORE_SEP_WHEN_TIME_UNKNOWN,SEP_RELEASE_DATE_AFTER_OFFICIAL_POLICY_STATEMENT; EXACT_RELEASE_TIME_NOT_STORED,NO
2026-03-18,Michelle W. Bowman,CUT_BIAS,-1,UNCHANGED,MANUALLY_REVIEWED_PERSONAL_COMMUNICATION,2025-09-23,176,https://www.federalreserve.gov/newsevents/speech/bowman20250923a.htm,I supported reducing the policy rate at this meeting.,2026-03-12,Capital Rules for the Real Economy,https://www.federalreserve.gov/newsevents/speech/bowman20260312a.htm,COMMUNICATION_EVENT_DATE_STRICTLY_BEFORE_SEP_WHEN_TIME_UNKNOWN,SEP_RELEASE_DATE_AFTER_OFFICIAL_POLICY_STATEMENT; EXACT_RELEASE_TIME_NOT_STORED,NO
2026-03-18,Neel Kashkari,COMMITTEE_HOLD,0,UNKNOWN,VOTE_ACTION_PROXY,2026-03-18,0,https://www.federalreserve.gov/newsevents/pressreleases/monetary20260318a.htm,"Voting for the monetary policy action were Jerome H. Powell, Chair; John C. Williams, Vice Chair; Michael S. Barr; Michelle W. Bowman; Lisa D. Cook; Beth M. Hammack; Philip N. Jefferson; Neel Kashkari; Lorie K. Logan; Anna Paulson; and Christopher J. Waller. Voting against this action was Stephen I. Miran, who preferred to lower the target range for the federal funds rate by 1/4 percentage point at this meeting.",2026-03-03,Conversation with Neel Kashkari at the 2026 Bloomberg Invest conference,https://minneapolisfed.org/speeches/2026/conversation-with-neel-kashkari-at-the-2026-bloomberg-invest-conference,COMMUNICATION_EVENT_DATE_STRICTLY_BEFORE_SEP_WHEN_TIME_UNKNOWN,SEP_RELEASE_DATE_AFTER_OFFICIAL_POLICY_STATEMENT; EXACT_RELEASE_TIME_NOT_STORED,NO
2026-03-18,Philip N. Jefferson,COMMITTEE_HOLD,0,MORE_HAWKISH,VOTE_ACTION_PROXY,2026-03-18,0,https://www.federalreserve.gov/newsevents/pressreleases/monetary20260318a.htm,"Voting for the monetary policy action were Jerome H. Powell, Chair; John C. Williams, Vice Chair; Michael S. Barr; Michelle W. Bowman; Lisa D. Cook; Beth M. Hammack; Philip N. Jefferson; Neel Kashkari; Lorie K. Logan; Anna Paulson; and Christopher J. Waller. Voting against this action was Stephen I. Miran, who preferred to lower the target range for the federal funds rate by 1/4 percentage point at this meeting.",2026-02-06,Economic Outlook and Supply-Side (Dis)Inflation Dynamics,https://www.federalreserve.gov/newsevents/speech/jefferson20260206a.htm,COMMUNICATION_EVENT_DATE_STRICTLY_BEFORE_SEP_WHEN_TIME_UNKNOWN,SEP_RELEASE_DATE_AFTER_OFFICIAL_POLICY_STATEMENT; EXACT_RELEASE_TIME_NOT_STORED,NO
2026-03-18,Stephen I. Miran,EASIER,-2,UNCHANGED,NAMED_DISSENT,2026-03-18,0,https://www.federalreserve.gov/newsevents/pressreleases/monetary20260318a.htm,"Voting for the monetary policy action were Jerome H. Powell, Chair; John C. Williams, Vice Chair; Michael S. Barr; Michelle W. Bowman; Lisa D. Cook; Beth M. Hammack; Philip N. Jefferson; Neel Kashkari; Lorie K. Logan; Anna Paulson; and Christopher J. Waller. Voting against this action was Stephen I. Miran, who preferred to lower the target range for the federal funds rate by 1/4 percentage point at this meeting.",2026-01-14,"Regulations, the Supply Side, and Monetary Policy",https://www.federalreserve.gov/newsevents/speech/miran20260114a.htm,COMMUNICATION_EVENT_DATE_STRICTLY_BEFORE_SEP_WHEN_TIME_UNKNOWN,SEP_RELEASE_DATE_AFTER_OFFICIAL_POLICY_STATEMENT; EXACT_RELEASE_TIME_NOT_STORED,NO
2026-03-18,Susan M. Collins,UNKNOWN,,UNKNOWN,NO_DIRECTIONAL_PERSONAL_EVIDENCE_CLASSIFIED,,,,,2026-03-06,"Observations on the Economic Outlook, and Small Business",https://www.bostonfed.org/news-and-events/speeches/2026/economic-outlook-small-business.aspx,COMMUNICATION_EVENT_DATE_STRICTLY_BEFORE_SEP_WHEN_TIME_UNKNOWN,SEP_RELEASE_DATE_AFTER_OFFICIAL_POLICY_STATEMENT; EXACT_RELEASE_TIME_NOT_STORED,NO
2026-03-18,Sushmita Shukla,UNKNOWN,,UNKNOWN,NO_DIRECTIONAL_PERSONAL_EVIDENCE_CLASSIFIED,,,,,,,,COMMUNICATION_EVENT_DATE_STRICTLY_BEFORE_SEP_WHEN_TIME_UNKNOWN,SEP_RELEASE_DATE_AFTER_OFFICIAL_POLICY_STATEMENT; EXACT_RELEASE_TIME_NOT_STORED,NO
2026-03-18,Thomas I. Barkin,UNKNOWN,,UNKNOWN,NO_DIRECTIONAL_PERSONAL_EVIDENCE_CLASSIFIED,,,,,2026-02-03,U.S. Economy: The Road Ahead,https://www.richmondfed.org/press_room/speeches/thomas_i_barkin/2026/barkin_speech_20260203,COMMUNICATION_EVENT_DATE_STRICTLY_BEFORE_SEP_WHEN_TIME_UNKNOWN,SEP_RELEASE_DATE_AFTER_OFFICIAL_POLICY_STATEMENT; EXACT_RELEASE_TIME_NOT_STORED,NO
2026-06-17,Alberto G. Musalem,RESTRICTIVE_INFLATION_FOCUS,1,UNKNOWN,MANUALLY_REVIEWED_PERSONAL_COMMUNICATION,2026-05-28,20,https://www.stlouisfed.org/from-the-president/remarks/2026/monetary-policy-and-productivity-brazil,"inflation is well above the FOMC’s 2% target, and the balance of risks is tilted toward inflation remaining above target a year or more from now. Against this backdrop, it is crucial that monetary policy put a meaningful restraint on underlying inflation",2026-05-28,Monetary Policy and Productivity: Promoting Growth vs. Stabilizing Prices,https://www.stlouisfed.org/from-the-president/remarks/2026/monetary-policy-and-productivity-brazil,COMMUNICATION_EVENT_DATE_STRICTLY_BEFORE_SEP_WHEN_TIME_UNKNOWN,SEP_RELEASE_DATE_AFTER_OFFICIAL_POLICY_STATEMENT; EXACT_RELEASE_TIME_NOT_STORED,NO
2026-06-17,Anna Paulson,COMMITTEE_HOLD,0,UNCHANGED,VOTE_ACTION_PROXY,2026-06-17,0,https://www.federalreserve.gov/monetarypolicy/fomcminutes20260617.htm,"Voting for this action: Kevin Warsh, John C. Williams, Michael S. Barr, Michelle W. Bowman, Lisa D. Cook, Beth M. Hammack, Philip N. Jefferson, Neel Kashkari, Lorie K. Logan, Anna Paulson, Jerome H. Powell, and Christopher J. Waller. Voting against this action: None. Consistent with the Committee's decision to leave the target range for the federal funds rate unchanged, the Board of Governors of the Federal Reserve System voted unanimously to maintain the interest rate paid on reserve balances at 3.65 percent, effective June 18, 2026. The Board of Governors of the Federal Reserve System voted unanimously to approve the establishment of the primary credit rate at the existing level of 3.75 percent. It was agreed that the next meeting of the Committee would be held on Tuesday–Wednesday, July 28–29, 2026. The meeting adjourned at 10:30 a.m. on June 17, 2026. Notation Vote By notation vote completed on May 19, 2026, the Committee unanimously approved the minutes of the Committee meeting held on April 28–29, 2026. Attendance Kevin Warsh, Chairman John C. Williams, Vice Chair Michael S. Barr Michelle W. Bowman Lisa D. Cook Beth M. Hammack Philip N. Jefferson Neel Kashkari Lorie K. Logan Anna Paulson Jerome H. Powell Christopher J. Waller Thomas I. Barkin, Mary C. Daly, Austan D. Goolsbee, Sushmita Shukla, and Cheryl L. Venable, Alternate Members of the Committee Susan M. Collins, Alberto G. Musalem, and Jeffrey R. Schmid, Presidents of the Federal Reserve Banks of Boston, St. Louis, and Kansas City, respectively Joshua Gallin, Secretary Matthew M. Luecke, Deputy Secretary Michelle A. Smith, Assistant Secretary Mark E. Van Der Weide, General Counsel Richard Ostrander, Deputy General Counsel Trevor A. Reeve, Economist Stacey Tevlin, Economist Beth Anne Wilson, Economist Stephanie R. Aaronson, Shaghil Ahmed, Brian M. Doyle, Eric M. Engen, Michael T. Kiley, Elizabeth Klee, Edward S. Knotek II, Karel Mertens, Andrea Raffo, and Donald Keith Sill, Associate Economists Roberto Perli, Manager, System Open Market Account Julie Ann Remache, Deputy Manager, System Open Market Account Jose Acosta, Senior System Engineer II, Division of Information Technology, Board Isaiah C. Ahn, Information Management Analyst, Division of Monetary Affairs, Board Alyssa Arute,2 Assistant Director, Division of Reserve Bank Operations and Payment Systems, Board Gadi Barlevy, Executive Vice President, Federal Reserve Bank of Chicago William F. Bassett, Senior Associate Director, Division of Financial Stability, Board Kimberly N. Bayard, Section Chief, Division of Research and Statistics, Board Michele Cavallo, Special Adviser to the Board, Division of Board Members, Board Lisa Chung,2 Head of Domestic and International Markets, Federal Reserve Bank of New York Andrew Cohen,3 Special Adviser to the Board, Division of Board Members, Board Francisco Covas, Deputy Director, Division of Supervision and Regulation, Board Ryan A. Decker, Special Adviser to the Board, Division of Board Members, Board Cynthia L. Doniger,4 Principal Economist, Division of Monetary Affairs, Board Burcu Duygan-Bump, Deputy Director, Division of Research and Statistics, Board Eric C. Engstrom, Special Adviser to the Chairman, Division of Board Members, Board Giovanni Favara, Associate Director, Division of Monetary Affairs, Board Laura J. Feiveson,4 Special Adviser to the Board, Division of Board Members, Board Andrew Figura, Senior Associate Director, Division of Research and Statistics, Board Jenn Gallagher, Assistant to the Board, Division of Board Members, Board Carlos Garriga, Senior Vice President, Federal Reserve Bank of St. Louis Joseph W. Gruber, Executive Vice President, Federal Reserve Bank of Kansas City Daniel L. Heil, Assistant to the Chairman (Special Projects), Division of Board Members, Board Erik Heitfield, Deputy Associate Director, Division of Research and Statistics, Board Valerie S. Hinojosa, Assistant Director, Division of Monetary Affairs, Board Jane E. Ihrig, Special Adviser to the Board, Division of Board Members, Board Margaret M. Jacobson, Senior Economist, Division of Monetary Affairs, Board Benjamin K. Johannsen, Deputy Associate Director, Division of Monetary Affairs, Board Anna R. Kovner, Executive Vice President, Federal Reserve Bank of Richmond Spencer D. Krane, Senior Vice President, Federal Reserve Bank of Chicago Sylvain Leduc, Executive Vice President and Director of Economic Research, Federal Reserve Bank of San Francisco Andreas Lehnert, Director, Division of Financial Stability, Board Paul Lengermann, Deputy Associate Director, Division of Research and Statistics, Board Eric LeSueur,2 Policy and Market Analysis Advisor, Federal Reserve Bank of New York Logan T. Lewis, Assistant Director, Division of International Finance, Board Laura Lipscomb, Special Adviser to the Board, Division of Board Members, Board Francesca Loria, Principal Economist, Division of Monetary Affairs, Board Byron Lutz, Deputy Associate Director, Division of Research and Statistics, Board Jonathan P. McCarthy, Economic Research Advisor, Federal Reserve Bank of New York John P. McConnell, Assistant to the Chairman (Speechwriting), Division of Board Members, Board Benjamin W. McDonough, Secretary of the Board, Office of the Secretary, Board David Newville, Director, Division of Consumer and Community Affairs, Board Anna Nordstrom, Head of Markets, Federal Reserve Bank of New York Alyssa T. O'Connor, Special Adviser to the Board, Division of Board Members, Board Karen A. Pennell, First Vice President, Federal Reserve Bank of Boston Eugenio P. Pinto, Special Adviser to the Board, Division of Board Members, Board Odelle Quisumbing,2 Assistant to the Secretary, Office of the Secretary, Board Nellisha D. Ramdass, Deputy Director, Division of Monetary Affairs, Board Romina D. Ruprecht, Senior Economist, Division of Monetary Affairs, Board Zeynep Senyuz, Special Adviser to the Board, Division of Board Members, Board Hiroatsu Tanaka, Principal Economist, Division of Monetary Affairs, Board Mary H. Tian, Group Manager, Division of Monetary Affairs, Board Jeffrey D. Walker,2 Senior Associate Director, Division of Reserve Bank Operations and Payment Systems, Board Jonathan Willis, Vice President, Federal Reserve Bank of Atlanta Paul Winfree, Assistant to the Chairman (Special Projects), Division of Board Members, Board Emre Yoldas, Deputy Associate Director, Division of International Finance, Board Egon Zakrajšek, Executive Vice President, Federal Reserve Bank of Boston _______________________ Joshua Gallin Secretary 1. The Federal Open Market Committee is referenced as the ""FOMC"" and the ""Committee"" in these minutes; the Board of Governors of the Federal Reserve System is referenced as the ""Board"" in these minutes. Return to text 2. Attended through the discussion of developments in financial markets and open market operations. Return to text 3. Attended Wednesday's session only. Return to text 4. Attended Tuesday's session only. Return to text Back to Top",2026-05-19,"Navigating Uncertainty: Inflation, Labor Markets, and the Stance of Monetary Policy",https://www.philadelphiafed.org/the-economy/monetary-policy/260519-2026-financial-markets-conference,COMMUNICATION_EVENT_DATE_STRICTLY_BEFORE_SEP_WHEN_TIME_UNKNOWN,SEP_RELEASE_DATE_AFTER_OFFICIAL_POLICY_STATEMENT; EXACT_RELEASE_TIME_NOT_STORED,NO
2026-06-17,Austan D. Goolsbee,UNKNOWN,,UNKNOWN,NO_DIRECTIONAL_PERSONAL_EVIDENCE_CLASSIFIED,,,,,2025-11-20,CFA Society of Indianapolis Annual Lunch,https://www.chicagofed.org/publications/speeches/2025/11-20-cfa-society-indianapolis-annual-lunch,COMMUNICATION_EVENT_DATE_STRICTLY_BEFORE_SEP_WHEN_TIME_UNKNOWN,SEP_RELEASE_DATE_AFTER_OFFICIAL_POLICY_STATEMENT; EXACT_RELEASE_TIME_NOT_STORED,NO
2026-06-17,Beth M. Hammack,HOLD_LONGER,1,UNCHANGED,MANUALLY_REVIEWED_PERSONAL_COMMUNICATION,2025-05-09,404,https://www.clevelandfed.org/people/profiles/h/hammack-beth-m/sp-20250509-the-outlook-for-the-economy-and-monetary-policy,there is a strong case to hold monetary policy steady at its current modestly restrictive setting.,2026-06-02,It Takes Two to Make an Economy Go Right,https://www.clevelandfed.org/collections/speeches/2026/sp-20260602-it-takes-two-to-make-an-economy-go-right,COMMUNICATION_EVENT_DATE_STRICTLY_BEFORE_SEP_WHEN_TIME_UNKNOWN,SEP_RELEASE_DATE_AFTER_OFFICIAL_POLICY_STATEMENT; EXACT_RELEASE_TIME_NOT_STORED,NO
2026-06-17,Cheryl L. Venable,UNKNOWN,,UNKNOWN,NO_DIRECTIONAL_PERSONAL_EVIDENCE_CLASSIFIED,,,,,,,,COMMUNICATION_EVENT_DATE_STRICTLY_BEFORE_SEP_WHEN_TIME_UNKNOWN,SEP_RELEASE_DATE_AFTER_OFFICIAL_POLICY_STATEMENT; EXACT_RELEASE_TIME_NOT_STORED,NO
2026-06-17,Christopher J. Waller,CUT_BIAS,-1,UNCHANGED,MANUALLY_REVIEWED_PERSONAL_COMMUNICATION,2025-08-28,293,https://www.federalreserve.gov/newsevents/speech/waller20250828a.htm,I would support a 25 basis point cut at the Committee's meeting on September 16 and 17.,2026-05-22,Policy Risks Have Changed,https://www.federalreserve.gov/newsevents/speech/waller20260522a.htm,COMMUNICATION_EVENT_DATE_STRICTLY_BEFORE_SEP_WHEN_TIME_UNKNOWN,SEP_RELEASE_DATE_AFTER_OFFICIAL_POLICY_STATEMENT; EXACT_RELEASE_TIME_NOT_STORED,NO
2026-06-17,Jeffrey R. Schmid,INFLATION_FOCUS_HAWKISH,1,UNKNOWN,MANUALLY_REVIEWED_PERSONAL_COMMUNICATION,2026-05-29,19,https://www.kansascityfed.org/speeches/the-local-and-the-global-in-monetary-policy/,"My primary concern is inflation, which is too hot and has been above target for too long. I place little stock in assuming that the most recent runup in prices is transitory within an acceptable time horizon. As such, my focus remains on inflation in setting the correct course for policy.",2026-05-29,The Local and the Global in Monetary Policy,https://www.kansascityfed.org/speeches/the-local-and-the-global-in-monetary-policy,COMMUNICATION_EVENT_DATE_STRICTLY_BEFORE_SEP_WHEN_TIME_UNKNOWN,SEP_RELEASE_DATE_AFTER_OFFICIAL_POLICY_STATEMENT; EXACT_RELEASE_TIME_NOT_STORED,NO
2026-06-17,Jerome H. Powell,CUT_BIAS,-1,UNCHANGED,MANUALLY_REVIEWED_PERSONAL_COMMUNICATION,2025-08-22,299,https://www.federalreserve.gov/newsevents/speech/powell20250822a.htm,the baseline outlook and the shifting balance of risks may warrant adjusting our policy stance.,2026-05-31,Acceptance Remarks,https://www.federalreserve.gov/newsevents/speech/powell20260531a.htm,COMMUNICATION_EVENT_DATE_STRICTLY_BEFORE_SEP_WHEN_TIME_UNKNOWN,SEP_RELEASE_DATE_AFTER_OFFICIAL_POLICY_STATEMENT; EXACT_RELEASE_TIME_NOT_STORED,NO
2026-06-17,John C. Williams,HOLD,0,UNCHANGED,MANUALLY_REVIEWED_PERSONAL_COMMUNICATION,2024-05-30,748,https://www.newyorkfed.org/newsevents/speeches/2024/wil240530,I see the current stance of monetary policy as being well positioned to continue the progress we've made toward achieving our objectives.,2026-05-28,Williams: Productivity Growth and the Challenge of Real-Time Policymaking,https://www.newyorkfed.org/newsevents/speeches/2026/wil260528,COMMUNICATION_EVENT_DATE_STRICTLY_BEFORE_SEP_WHEN_TIME_UNKNOWN,SEP_RELEASE_DATE_AFTER_OFFICIAL_POLICY_STATEMENT; EXACT_RELEASE_TIME_NOT_STORED,NO
2026-06-17,Kevin Warsh,COMMITTEE_HOLD,0,UNKNOWN,VOTE_ACTION_PROXY,2026-06-17,0,https://www.federalreserve.gov/monetarypolicy/fomcminutes20260617.htm,"Voting for this action: Kevin Warsh, John C. Williams, Michael S. Barr, Michelle W. Bowman, Lisa D. Cook, Beth M. Hammack, Philip N. Jefferson, Neel Kashkari, Lorie K. Logan, Anna Paulson, Jerome H. Powell, and Christopher J. Waller. Voting against this action: None. Consistent with the Committee's decision to leave the target range for the federal funds rate unchanged, the Board of Governors of the Federal Reserve System voted unanimously to maintain the interest rate paid on reserve balances at 3.65 percent, effective June 18, 2026. The Board of Governors of the Federal Reserve System voted unanimously to approve the establishment of the primary credit rate at the existing level of 3.75 percent. It was agreed that the next meeting of the Committee would be held on Tuesday–Wednesday, July 28–29, 2026. The meeting adjourned at 10:30 a.m. on June 17, 2026. Notation Vote By notation vote completed on May 19, 2026, the Committee unanimously approved the minutes of the Committee meeting held on April 28–29, 2026. Attendance Kevin Warsh, Chairman John C. Williams, Vice Chair Michael S. Barr Michelle W. Bowman Lisa D. Cook Beth M. Hammack Philip N. Jefferson Neel Kashkari Lorie K. Logan Anna Paulson Jerome H. Powell Christopher J. Waller Thomas I. Barkin, Mary C. Daly, Austan D. Goolsbee, Sushmita Shukla, and Cheryl L. Venable, Alternate Members of the Committee Susan M. Collins, Alberto G. Musalem, and Jeffrey R. Schmid, Presidents of the Federal Reserve Banks of Boston, St. Louis, and Kansas City, respectively Joshua Gallin, Secretary Matthew M. Luecke, Deputy Secretary Michelle A. Smith, Assistant Secretary Mark E. Van Der Weide, General Counsel Richard Ostrander, Deputy General Counsel Trevor A. Reeve, Economist Stacey Tevlin, Economist Beth Anne Wilson, Economist Stephanie R. Aaronson, Shaghil Ahmed, Brian M. Doyle, Eric M. Engen, Michael T. Kiley, Elizabeth Klee, Edward S. Knotek II, Karel Mertens, Andrea Raffo, and Donald Keith Sill, Associate Economists Roberto Perli, Manager, System Open Market Account Julie Ann Remache, Deputy Manager, System Open Market Account Jose Acosta, Senior System Engineer II, Division of Information Technology, Board Isaiah C. Ahn, Information Management Analyst, Division of Monetary Affairs, Board Alyssa Arute,2 Assistant Director, Division of Reserve Bank Operations and Payment Systems, Board Gadi Barlevy, Executive Vice President, Federal Reserve Bank of Chicago William F. Bassett, Senior Associate Director, Division of Financial Stability, Board Kimberly N. Bayard, Section Chief, Division of Research and Statistics, Board Michele Cavallo, Special Adviser to the Board, Division of Board Members, Board Lisa Chung,2 Head of Domestic and International Markets, Federal Reserve Bank of New York Andrew Cohen,3 Special Adviser to the Board, Division of Board Members, Board Francisco Covas, Deputy Director, Division of Supervision and Regulation, Board Ryan A. Decker, Special Adviser to the Board, Division of Board Members, Board Cynthia L. Doniger,4 Principal Economist, Division of Monetary Affairs, Board Burcu Duygan-Bump, Deputy Director, Division of Research and Statistics, Board Eric C. Engstrom, Special Adviser to the Chairman, Division of Board Members, Board Giovanni Favara, Associate Director, Division of Monetary Affairs, Board Laura J. Feiveson,4 Special Adviser to the Board, Division of Board Members, Board Andrew Figura, Senior Associate Director, Division of Research and Statistics, Board Jenn Gallagher, Assistant to the Board, Division of Board Members, Board Carlos Garriga, Senior Vice President, Federal Reserve Bank of St. Louis Joseph W. Gruber, Executive Vice President, Federal Reserve Bank of Kansas City Daniel L. Heil, Assistant to the Chairman (Special Projects), Division of Board Members, Board Erik Heitfield, Deputy Associate Director, Division of Research and Statistics, Board Valerie S. Hinojosa, Assistant Director, Division of Monetary Affairs, Board Jane E. Ihrig, Special Adviser to the Board, Division of Board Members, Board Margaret M. Jacobson, Senior Economist, Division of Monetary Affairs, Board Benjamin K. Johannsen, Deputy Associate Director, Division of Monetary Affairs, Board Anna R. Kovner, Executive Vice President, Federal Reserve Bank of Richmond Spencer D. Krane, Senior Vice President, Federal Reserve Bank of Chicago Sylvain Leduc, Executive Vice President and Director of Economic Research, Federal Reserve Bank of San Francisco Andreas Lehnert, Director, Division of Financial Stability, Board Paul Lengermann, Deputy Associate Director, Division of Research and Statistics, Board Eric LeSueur,2 Policy and Market Analysis Advisor, Federal Reserve Bank of New York Logan T. Lewis, Assistant Director, Division of International Finance, Board Laura Lipscomb, Special Adviser to the Board, Division of Board Members, Board Francesca Loria, Principal Economist, Division of Monetary Affairs, Board Byron Lutz, Deputy Associate Director, Division of Research and Statistics, Board Jonathan P. McCarthy, Economic Research Advisor, Federal Reserve Bank of New York John P. McConnell, Assistant to the Chairman (Speechwriting), Division of Board Members, Board Benjamin W. McDonough, Secretary of the Board, Office of the Secretary, Board David Newville, Director, Division of Consumer and Community Affairs, Board Anna Nordstrom, Head of Markets, Federal Reserve Bank of New York Alyssa T. O'Connor, Special Adviser to the Board, Division of Board Members, Board Karen A. Pennell, First Vice President, Federal Reserve Bank of Boston Eugenio P. Pinto, Special Adviser to the Board, Division of Board Members, Board Odelle Quisumbing,2 Assistant to the Secretary, Office of the Secretary, Board Nellisha D. Ramdass, Deputy Director, Division of Monetary Affairs, Board Romina D. Ruprecht, Senior Economist, Division of Monetary Affairs, Board Zeynep Senyuz, Special Adviser to the Board, Division of Board Members, Board Hiroatsu Tanaka, Principal Economist, Division of Monetary Affairs, Board Mary H. Tian, Group Manager, Division of Monetary Affairs, Board Jeffrey D. Walker,2 Senior Associate Director, Division of Reserve Bank Operations and Payment Systems, Board Jonathan Willis, Vice President, Federal Reserve Bank of Atlanta Paul Winfree, Assistant to the Chairman (Special Projects), Division of Board Members, Board Emre Yoldas, Deputy Associate Director, Division of International Finance, Board Egon Zakrajšek, Executive Vice President, Federal Reserve Bank of Boston _______________________ Joshua Gallin Secretary 1. The Federal Open Market Committee is referenced as the ""FOMC"" and the ""Committee"" in these minutes; the Board of Governors of the Federal Reserve System is referenced as the ""Board"" in these minutes. Return to text 2. Attended through the discussion of developments in financial markets and open market operations. Return to text 3. Attended Wednesday's session only. Return to text 4. Attended Tuesday's session only. Return to text Back to Top",,,,COMMUNICATION_EVENT_DATE_STRICTLY_BEFORE_SEP_WHEN_TIME_UNKNOWN,SEP_RELEASE_DATE_AFTER_OFFICIAL_POLICY_STATEMENT; EXACT_RELEASE_TIME_NOT_STORED,NO
2026-06-17,Lisa D. Cook,COMMITTEE_HOLD,0,UNCHANGED,VOTE_ACTION_PROXY,2026-06-17,0,https://www.federalreserve.gov/monetarypolicy/fomcminutes20260617.htm,"Voting for this action: Kevin Warsh, John C. Williams, Michael S. Barr, Michelle W. Bowman, Lisa D. Cook, Beth M. Hammack, Philip N. Jefferson, Neel Kashkari, Lorie K. Logan, Anna Paulson, Jerome H. Powell, and Christopher J. Waller. Voting against this action: None. Consistent with the Committee's decision to leave the target range for the federal funds rate unchanged, the Board of Governors of the Federal Reserve System voted unanimously to maintain the interest rate paid on reserve balances at 3.65 percent, effective June 18, 2026. The Board of Governors of the Federal Reserve System voted unanimously to approve the establishment of the primary credit rate at the existing level of 3.75 percent. It was agreed that the next meeting of the Committee would be held on Tuesday–Wednesday, July 28–29, 2026. The meeting adjourned at 10:30 a.m. on June 17, 2026. Notation Vote By notation vote completed on May 19, 2026, the Committee unanimously approved the minutes of the Committee meeting held on April 28–29, 2026. Attendance Kevin Warsh, Chairman John C. Williams, Vice Chair Michael S. Barr Michelle W. Bowman Lisa D. Cook Beth M. Hammack Philip N. Jefferson Neel Kashkari Lorie K. Logan Anna Paulson Jerome H. Powell Christopher J. Waller Thomas I. Barkin, Mary C. Daly, Austan D. Goolsbee, Sushmita Shukla, and Cheryl L. Venable, Alternate Members of the Committee Susan M. Collins, Alberto G. Musalem, and Jeffrey R. Schmid, Presidents of the Federal Reserve Banks of Boston, St. Louis, and Kansas City, respectively Joshua Gallin, Secretary Matthew M. Luecke, Deputy Secretary Michelle A. Smith, Assistant Secretary Mark E. Van Der Weide, General Counsel Richard Ostrander, Deputy General Counsel Trevor A. Reeve, Economist Stacey Tevlin, Economist Beth Anne Wilson, Economist Stephanie R. Aaronson, Shaghil Ahmed, Brian M. Doyle, Eric M. Engen, Michael T. Kiley, Elizabeth Klee, Edward S. Knotek II, Karel Mertens, Andrea Raffo, and Donald Keith Sill, Associate Economists Roberto Perli, Manager, System Open Market Account Julie Ann Remache, Deputy Manager, System Open Market Account Jose Acosta, Senior System Engineer II, Division of Information Technology, Board Isaiah C. Ahn, Information Management Analyst, Division of Monetary Affairs, Board Alyssa Arute,2 Assistant Director, Division of Reserve Bank Operations and Payment Systems, Board Gadi Barlevy, Executive Vice President, Federal Reserve Bank of Chicago William F. Bassett, Senior Associate Director, Division of Financial Stability, Board Kimberly N. Bayard, Section Chief, Division of Research and Statistics, Board Michele Cavallo, Special Adviser to the Board, Division of Board Members, Board Lisa Chung,2 Head of Domestic and International Markets, Federal Reserve Bank of New York Andrew Cohen,3 Special Adviser to the Board, Division of Board Members, Board Francisco Covas, Deputy Director, Division of Supervision and Regulation, Board Ryan A. Decker, Special Adviser to the Board, Division of Board Members, Board Cynthia L. Doniger,4 Principal Economist, Division of Monetary Affairs, Board Burcu Duygan-Bump, Deputy Director, Division of Research and Statistics, Board Eric C. Engstrom, Special Adviser to the Chairman, Division of Board Members, Board Giovanni Favara, Associate Director, Division of Monetary Affairs, Board Laura J. Feiveson,4 Special Adviser to the Board, Division of Board Members, Board Andrew Figura, Senior Associate Director, Division of Research and Statistics, Board Jenn Gallagher, Assistant to the Board, Division of Board Members, Board Carlos Garriga, Senior Vice President, Federal Reserve Bank of St. Louis Joseph W. Gruber, Executive Vice President, Federal Reserve Bank of Kansas City Daniel L. Heil, Assistant to the Chairman (Special Projects), Division of Board Members, Board Erik Heitfield, Deputy Associate Director, Division of Research and Statistics, Board Valerie S. Hinojosa, Assistant Director, Division of Monetary Affairs, Board Jane E. Ihrig, Special Adviser to the Board, Division of Board Members, Board Margaret M. Jacobson, Senior Economist, Division of Monetary Affairs, Board Benjamin K. Johannsen, Deputy Associate Director, Division of Monetary Affairs, Board Anna R. Kovner, Executive Vice President, Federal Reserve Bank of Richmond Spencer D. Krane, Senior Vice President, Federal Reserve Bank of Chicago Sylvain Leduc, Executive Vice President and Director of Economic Research, Federal Reserve Bank of San Francisco Andreas Lehnert, Director, Division of Financial Stability, Board Paul Lengermann, Deputy Associate Director, Division of Research and Statistics, Board Eric LeSueur,2 Policy and Market Analysis Advisor, Federal Reserve Bank of New York Logan T. Lewis, Assistant Director, Division of International Finance, Board Laura Lipscomb, Special Adviser to the Board, Division of Board Members, Board Francesca Loria, Principal Economist, Division of Monetary Affairs, Board Byron Lutz, Deputy Associate Director, Division of Research and Statistics, Board Jonathan P. McCarthy, Economic Research Advisor, Federal Reserve Bank of New York John P. McConnell, Assistant to the Chairman (Speechwriting), Division of Board Members, Board Benjamin W. McDonough, Secretary of the Board, Office of the Secretary, Board David Newville, Director, Division of Consumer and Community Affairs, Board Anna Nordstrom, Head of Markets, Federal Reserve Bank of New York Alyssa T. O'Connor, Special Adviser to the Board, Division of Board Members, Board Karen A. Pennell, First Vice President, Federal Reserve Bank of Boston Eugenio P. Pinto, Special Adviser to the Board, Division of Board Members, Board Odelle Quisumbing,2 Assistant to the Secretary, Office of the Secretary, Board Nellisha D. Ramdass, Deputy Director, Division of Monetary Affairs, Board Romina D. Ruprecht, Senior Economist, Division of Monetary Affairs, Board Zeynep Senyuz, Special Adviser to the Board, Division of Board Members, Board Hiroatsu Tanaka, Principal Economist, Division of Monetary Affairs, Board Mary H. Tian, Group Manager, Division of Monetary Affairs, Board Jeffrey D. Walker,2 Senior Associate Director, Division of Reserve Bank Operations and Payment Systems, Board Jonathan Willis, Vice President, Federal Reserve Bank of Atlanta Paul Winfree, Assistant to the Chairman (Special Projects), Division of Board Members, Board Emre Yoldas, Deputy Associate Director, Division of International Finance, Board Egon Zakrajšek, Executive Vice President, Federal Reserve Bank of Boston _______________________ Joshua Gallin Secretary 1. The Federal Open Market Committee is referenced as the ""FOMC"" and the ""Committee"" in these minutes; the Board of Governors of the Federal Reserve System is referenced as the ""Board"" in these minutes. Return to text 2. Attended through the discussion of developments in financial markets and open market operations. Return to text 3. Attended Wednesday's session only. Return to text 4. Attended Tuesday's session only. Return to text Back to Top",2026-05-27,The Opportunities and Risks AI Presents for the Economy and Financial System,https://www.federalreserve.gov/newsevents/speech/cook20260527a.htm,COMMUNICATION_EVENT_DATE_STRICTLY_BEFORE_SEP_WHEN_TIME_UNKNOWN,SEP_RELEASE_DATE_AFTER_OFFICIAL_POLICY_STATEMENT; EXACT_RELEASE_TIME_NOT_STORED,NO
2026-06-17,Lorie K. Logan,COMMITTEE_HOLD,0,UNCHANGED,VOTE_ACTION_PROXY,2026-06-17,0,https://www.federalreserve.gov/monetarypolicy/fomcminutes20260617.htm,"Voting for this action: Kevin Warsh, John C. Williams, Michael S. Barr, Michelle W. Bowman, Lisa D. Cook, Beth M. Hammack, Philip N. Jefferson, Neel Kashkari, Lorie K. Logan, Anna Paulson, Jerome H. Powell, and Christopher J. Waller. Voting against this action: None. Consistent with the Committee's decision to leave the target range for the federal funds rate unchanged, the Board of Governors of the Federal Reserve System voted unanimously to maintain the interest rate paid on reserve balances at 3.65 percent, effective June 18, 2026. The Board of Governors of the Federal Reserve System voted unanimously to approve the establishment of the primary credit rate at the existing level of 3.75 percent. It was agreed that the next meeting of the Committee would be held on Tuesday–Wednesday, July 28–29, 2026. The meeting adjourned at 10:30 a.m. on June 17, 2026. Notation Vote By notation vote completed on May 19, 2026, the Committee unanimously approved the minutes of the Committee meeting held on April 28–29, 2026. Attendance Kevin Warsh, Chairman John C. Williams, Vice Chair Michael S. Barr Michelle W. Bowman Lisa D. Cook Beth M. Hammack Philip N. Jefferson Neel Kashkari Lorie K. Logan Anna Paulson Jerome H. Powell Christopher J. Waller Thomas I. Barkin, Mary C. Daly, Austan D. Goolsbee, Sushmita Shukla, and Cheryl L. Venable, Alternate Members of the Committee Susan M. Collins, Alberto G. Musalem, and Jeffrey R. Schmid, Presidents of the Federal Reserve Banks of Boston, St. Louis, and Kansas City, respectively Joshua Gallin, Secretary Matthew M. Luecke, Deputy Secretary Michelle A. Smith, Assistant Secretary Mark E. Van Der Weide, General Counsel Richard Ostrander, Deputy General Counsel Trevor A. Reeve, Economist Stacey Tevlin, Economist Beth Anne Wilson, Economist Stephanie R. Aaronson, Shaghil Ahmed, Brian M. Doyle, Eric M. Engen, Michael T. Kiley, Elizabeth Klee, Edward S. Knotek II, Karel Mertens, Andrea Raffo, and Donald Keith Sill, Associate Economists Roberto Perli, Manager, System Open Market Account Julie Ann Remache, Deputy Manager, System Open Market Account Jose Acosta, Senior System Engineer II, Division of Information Technology, Board Isaiah C. Ahn, Information Management Analyst, Division of Monetary Affairs, Board Alyssa Arute,2 Assistant Director, Division of Reserve Bank Operations and Payment Systems, Board Gadi Barlevy, Executive Vice President, Federal Reserve Bank of Chicago William F. Bassett, Senior Associate Director, Division of Financial Stability, Board Kimberly N. Bayard, Section Chief, Division of Research and Statistics, Board Michele Cavallo, Special Adviser to the Board, Division of Board Members, Board Lisa Chung,2 Head of Domestic and International Markets, Federal Reserve Bank of New York Andrew Cohen,3 Special Adviser to the Board, Division of Board Members, Board Francisco Covas, Deputy Director, Division of Supervision and Regulation, Board Ryan A. Decker, Special Adviser to the Board, Division of Board Members, Board Cynthia L. Doniger,4 Principal Economist, Division of Monetary Affairs, Board Burcu Duygan-Bump, Deputy Director, Division of Research and Statistics, Board Eric C. Engstrom, Special Adviser to the Chairman, Division of Board Members, Board Giovanni Favara, Associate Director, Division of Monetary Affairs, Board Laura J. Feiveson,4 Special Adviser to the Board, Division of Board Members, Board Andrew Figura, Senior Associate Director, Division of Research and Statistics, Board Jenn Gallagher, Assistant to the Board, Division of Board Members, Board Carlos Garriga, Senior Vice President, Federal Reserve Bank of St. Louis Joseph W. Gruber, Executive Vice President, Federal Reserve Bank of Kansas City Daniel L. Heil, Assistant to the Chairman (Special Projects), Division of Board Members, Board Erik Heitfield, Deputy Associate Director, Division of Research and Statistics, Board Valerie S. Hinojosa, Assistant Director, Division of Monetary Affairs, Board Jane E. Ihrig, Special Adviser to the Board, Division of Board Members, Board Margaret M. Jacobson, Senior Economist, Division of Monetary Affairs, Board Benjamin K. Johannsen, Deputy Associate Director, Division of Monetary Affairs, Board Anna R. Kovner, Executive Vice President, Federal Reserve Bank of Richmond Spencer D. Krane, Senior Vice President, Federal Reserve Bank of Chicago Sylvain Leduc, Executive Vice President and Director of Economic Research, Federal Reserve Bank of San Francisco Andreas Lehnert, Director, Division of Financial Stability, Board Paul Lengermann, Deputy Associate Director, Division of Research and Statistics, Board Eric LeSueur,2 Policy and Market Analysis Advisor, Federal Reserve Bank of New York Logan T. Lewis, Assistant Director, Division of International Finance, Board Laura Lipscomb, Special Adviser to the Board, Division of Board Members, Board Francesca Loria, Principal Economist, Division of Monetary Affairs, Board Byron Lutz, Deputy Associate Director, Division of Research and Statistics, Board Jonathan P. McCarthy, Economic Research Advisor, Federal Reserve Bank of New York John P. McConnell, Assistant to the Chairman (Speechwriting), Division of Board Members, Board Benjamin W. McDonough, Secretary of the Board, Office of the Secretary, Board David Newville, Director, Division of Consumer and Community Affairs, Board Anna Nordstrom, Head of Markets, Federal Reserve Bank of New York Alyssa T. O'Connor, Special Adviser to the Board, Division of Board Members, Board Karen A. Pennell, First Vice President, Federal Reserve Bank of Boston Eugenio P. Pinto, Special Adviser to the Board, Division of Board Members, Board Odelle Quisumbing,2 Assistant to the Secretary, Office of the Secretary, Board Nellisha D. Ramdass, Deputy Director, Division of Monetary Affairs, Board Romina D. Ruprecht, Senior Economist, Division of Monetary Affairs, Board Zeynep Senyuz, Special Adviser to the Board, Division of Board Members, Board Hiroatsu Tanaka, Principal Economist, Division of Monetary Affairs, Board Mary H. Tian, Group Manager, Division of Monetary Affairs, Board Jeffrey D. Walker,2 Senior Associate Director, Division of Reserve Bank Operations and Payment Systems, Board Jonathan Willis, Vice President, Federal Reserve Bank of Atlanta Paul Winfree, Assistant to the Chairman (Special Projects), Division of Board Members, Board Emre Yoldas, Deputy Associate Director, Division of International Finance, Board Egon Zakrajšek, Executive Vice President, Federal Reserve Bank of Boston _______________________ Joshua Gallin Secretary 1. The Federal Open Market Committee is referenced as the ""FOMC"" and the ""Committee"" in these minutes; the Board of Governors of the Federal Reserve System is referenced as the ""Board"" in these minutes. Return to text 2. Attended through the discussion of developments in financial markets and open market operations. Return to text 3. Attended Wednesday's session only. Return to text 4. Attended Tuesday's session only. Return to text Back to Top",2026-06-03,Opening remarks for moderated conversation at The University of Texas at El Paso,https://www.dallasfed.org/news/speeches/logan/2026/lkl260603,COMMUNICATION_EVENT_DATE_STRICTLY_BEFORE_SEP_WHEN_TIME_UNKNOWN,SEP_RELEASE_DATE_AFTER_OFFICIAL_POLICY_STATEMENT; EXACT_RELEASE_TIME_NOT_STORED,NO
2026-06-17,Mary C. Daly,UNKNOWN,,UNKNOWN,NO_DIRECTIONAL_PERSONAL_EVIDENCE_CLASSIFIED,,,,,2026-04-08,"Regionalism at the Federal Reserve: Many Voices, One Purpose - San Francisco Fed",https://www.frbsf.org/news-and-media/speeches/mary-c-daly/2026/04/many-voices-one-purpose,COMMUNICATION_EVENT_DATE_STRICTLY_BEFORE_SEP_WHEN_TIME_UNKNOWN,SEP_RELEASE_DATE_AFTER_OFFICIAL_POLICY_STATEMENT; EXACT_RELEASE_TIME_NOT_STORED,NO
2026-06-17,Michael S. Barr,COMMITTEE_HOLD,0,UNCHANGED,VOTE_ACTION_PROXY,2026-06-17,0,https://www.federalreserve.gov/monetarypolicy/fomcminutes20260617.htm,"Voting for this action: Kevin Warsh, John C. Williams, Michael S. Barr, Michelle W. Bowman, Lisa D. Cook, Beth M. Hammack, Philip N. Jefferson, Neel Kashkari, Lorie K. Logan, Anna Paulson, Jerome H. Powell, and Christopher J. Waller. Voting against this action: None. Consistent with the Committee's decision to leave the target range for the federal funds rate unchanged, the Board of Governors of the Federal Reserve System voted unanimously to maintain the interest rate paid on reserve balances at 3.65 percent, effective June 18, 2026. The Board of Governors of the Federal Reserve System voted unanimously to approve the establishment of the primary credit rate at the existing level of 3.75 percent. It was agreed that the next meeting of the Committee would be held on Tuesday–Wednesday, July 28–29, 2026. The meeting adjourned at 10:30 a.m. on June 17, 2026. Notation Vote By notation vote completed on May 19, 2026, the Committee unanimously approved the minutes of the Committee meeting held on April 28–29, 2026. Attendance Kevin Warsh, Chairman John C. Williams, Vice Chair Michael S. Barr Michelle W. Bowman Lisa D. Cook Beth M. Hammack Philip N. Jefferson Neel Kashkari Lorie K. Logan Anna Paulson Jerome H. Powell Christopher J. Waller Thomas I. Barkin, Mary C. Daly, Austan D. Goolsbee, Sushmita Shukla, and Cheryl L. Venable, Alternate Members of the Committee Susan M. Collins, Alberto G. Musalem, and Jeffrey R. Schmid, Presidents of the Federal Reserve Banks of Boston, St. Louis, and Kansas City, respectively Joshua Gallin, Secretary Matthew M. Luecke, Deputy Secretary Michelle A. Smith, Assistant Secretary Mark E. Van Der Weide, General Counsel Richard Ostrander, Deputy General Counsel Trevor A. Reeve, Economist Stacey Tevlin, Economist Beth Anne Wilson, Economist Stephanie R. Aaronson, Shaghil Ahmed, Brian M. Doyle, Eric M. Engen, Michael T. Kiley, Elizabeth Klee, Edward S. Knotek II, Karel Mertens, Andrea Raffo, and Donald Keith Sill, Associate Economists Roberto Perli, Manager, System Open Market Account Julie Ann Remache, Deputy Manager, System Open Market Account Jose Acosta, Senior System Engineer II, Division of Information Technology, Board Isaiah C. Ahn, Information Management Analyst, Division of Monetary Affairs, Board Alyssa Arute,2 Assistant Director, Division of Reserve Bank Operations and Payment Systems, Board Gadi Barlevy, Executive Vice President, Federal Reserve Bank of Chicago William F. Bassett, Senior Associate Director, Division of Financial Stability, Board Kimberly N. Bayard, Section Chief, Division of Research and Statistics, Board Michele Cavallo, Special Adviser to the Board, Division of Board Members, Board Lisa Chung,2 Head of Domestic and International Markets, Federal Reserve Bank of New York Andrew Cohen,3 Special Adviser to the Board, Division of Board Members, Board Francisco Covas, Deputy Director, Division of Supervision and Regulation, Board Ryan A. Decker, Special Adviser to the Board, Division of Board Members, Board Cynthia L. Doniger,4 Principal Economist, Division of Monetary Affairs, Board Burcu Duygan-Bump, Deputy Director, Division of Research and Statistics, Board Eric C. Engstrom, Special Adviser to the Chairman, Division of Board Members, Board Giovanni Favara, Associate Director, Division of Monetary Affairs, Board Laura J. Feiveson,4 Special Adviser to the Board, Division of Board Members, Board Andrew Figura, Senior Associate Director, Division of Research and Statistics, Board Jenn Gallagher, Assistant to the Board, Division of Board Members, Board Carlos Garriga, Senior Vice President, Federal Reserve Bank of St. Louis Joseph W. Gruber, Executive Vice President, Federal Reserve Bank of Kansas City Daniel L. Heil, Assistant to the Chairman (Special Projects), Division of Board Members, Board Erik Heitfield, Deputy Associate Director, Division of Research and Statistics, Board Valerie S. Hinojosa, Assistant Director, Division of Monetary Affairs, Board Jane E. Ihrig, Special Adviser to the Board, Division of Board Members, Board Margaret M. Jacobson, Senior Economist, Division of Monetary Affairs, Board Benjamin K. Johannsen, Deputy Associate Director, Division of Monetary Affairs, Board Anna R. Kovner, Executive Vice President, Federal Reserve Bank of Richmond Spencer D. Krane, Senior Vice President, Federal Reserve Bank of Chicago Sylvain Leduc, Executive Vice President and Director of Economic Research, Federal Reserve Bank of San Francisco Andreas Lehnert, Director, Division of Financial Stability, Board Paul Lengermann, Deputy Associate Director, Division of Research and Statistics, Board Eric LeSueur,2 Policy and Market Analysis Advisor, Federal Reserve Bank of New York Logan T. Lewis, Assistant Director, Division of International Finance, Board Laura Lipscomb, Special Adviser to the Board, Division of Board Members, Board Francesca Loria, Principal Economist, Division of Monetary Affairs, Board Byron Lutz, Deputy Associate Director, Division of Research and Statistics, Board Jonathan P. McCarthy, Economic Research Advisor, Federal Reserve Bank of New York John P. McConnell, Assistant to the Chairman (Speechwriting), Division of Board Members, Board Benjamin W. McDonough, Secretary of the Board, Office of the Secretary, Board David Newville, Director, Division of Consumer and Community Affairs, Board Anna Nordstrom, Head of Markets, Federal Reserve Bank of New York Alyssa T. O'Connor, Special Adviser to the Board, Division of Board Members, Board Karen A. Pennell, First Vice President, Federal Reserve Bank of Boston Eugenio P. Pinto, Special Adviser to the Board, Division of Board Members, Board Odelle Quisumbing,2 Assistant to the Secretary, Office of the Secretary, Board Nellisha D. Ramdass, Deputy Director, Division of Monetary Affairs, Board Romina D. Ruprecht, Senior Economist, Division of Monetary Affairs, Board Zeynep Senyuz, Special Adviser to the Board, Division of Board Members, Board Hiroatsu Tanaka, Principal Economist, Division of Monetary Affairs, Board Mary H. Tian, Group Manager, Division of Monetary Affairs, Board Jeffrey D. Walker,2 Senior Associate Director, Division of Reserve Bank Operations and Payment Systems, Board Jonathan Willis, Vice President, Federal Reserve Bank of Atlanta Paul Winfree, Assistant to the Chairman (Special Projects), Division of Board Members, Board Emre Yoldas, Deputy Associate Director, Division of International Finance, Board Egon Zakrajšek, Executive Vice President, Federal Reserve Bank of Boston _______________________ Joshua Gallin Secretary 1. The Federal Open Market Committee is referenced as the ""FOMC"" and the ""Committee"" in these minutes; the Board of Governors of the Federal Reserve System is referenced as the ""Board"" in these minutes. Return to text 2. Attended through the discussion of developments in financial markets and open market operations. Return to text 3. Attended Wednesday's session only. Return to text 4. Attended Tuesday's session only. Return to text Back to Top",2026-06-06,Deregulating in a Financial Boom: What Could Go Wrong?,https://www.federalreserve.gov/newsevents/speech/barr20260606a.htm,COMMUNICATION_EVENT_DATE_STRICTLY_BEFORE_SEP_WHEN_TIME_UNKNOWN,SEP_RELEASE_DATE_AFTER_OFFICIAL_POLICY_STATEMENT; EXACT_RELEASE_TIME_NOT_STORED,NO
2026-06-17,Michelle W. Bowman,CUT_BIAS,-1,UNCHANGED,MANUALLY_REVIEWED_PERSONAL_COMMUNICATION,2025-09-23,267,https://www.federalreserve.gov/newsevents/speech/bowman20250923a.htm,I supported reducing the policy rate at this meeting.,2026-05-29,A Framework for Practical Monetary Policy Decision Making,https://www.federalreserve.gov/newsevents/speech/bowman20260529a.htm,COMMUNICATION_EVENT_DATE_STRICTLY_BEFORE_SEP_WHEN_TIME_UNKNOWN,SEP_RELEASE_DATE_AFTER_OFFICIAL_POLICY_STATEMENT; EXACT_RELEASE_TIME_NOT_STORED,NO
2026-06-17,Neel Kashkari,COMMITTEE_HOLD,0,UNCHANGED,VOTE_ACTION_PROXY,2026-06-17,0,https://www.federalreserve.gov/monetarypolicy/fomcminutes20260617.htm,"Voting for this action: Kevin Warsh, John C. Williams, Michael S. Barr, Michelle W. Bowman, Lisa D. Cook, Beth M. Hammack, Philip N. Jefferson, Neel Kashkari, Lorie K. Logan, Anna Paulson, Jerome H. Powell, and Christopher J. Waller. Voting against this action: None. Consistent with the Committee's decision to leave the target range for the federal funds rate unchanged, the Board of Governors of the Federal Reserve System voted unanimously to maintain the interest rate paid on reserve balances at 3.65 percent, effective June 18, 2026. The Board of Governors of the Federal Reserve System voted unanimously to approve the establishment of the primary credit rate at the existing level of 3.75 percent. It was agreed that the next meeting of the Committee would be held on Tuesday–Wednesday, July 28–29, 2026. The meeting adjourned at 10:30 a.m. on June 17, 2026. Notation Vote By notation vote completed on May 19, 2026, the Committee unanimously approved the minutes of the Committee meeting held on April 28–29, 2026. Attendance Kevin Warsh, Chairman John C. Williams, Vice Chair Michael S. Barr Michelle W. Bowman Lisa D. Cook Beth M. Hammack Philip N. Jefferson Neel Kashkari Lorie K. Logan Anna Paulson Jerome H. Powell Christopher J. Waller Thomas I. Barkin, Mary C. Daly, Austan D. Goolsbee, Sushmita Shukla, and Cheryl L. Venable, Alternate Members of the Committee Susan M. Collins, Alberto G. Musalem, and Jeffrey R. Schmid, Presidents of the Federal Reserve Banks of Boston, St. Louis, and Kansas City, respectively Joshua Gallin, Secretary Matthew M. Luecke, Deputy Secretary Michelle A. Smith, Assistant Secretary Mark E. Van Der Weide, General Counsel Richard Ostrander, Deputy General Counsel Trevor A. Reeve, Economist Stacey Tevlin, Economist Beth Anne Wilson, Economist Stephanie R. Aaronson, Shaghil Ahmed, Brian M. Doyle, Eric M. Engen, Michael T. Kiley, Elizabeth Klee, Edward S. Knotek II, Karel Mertens, Andrea Raffo, and Donald Keith Sill, Associate Economists Roberto Perli, Manager, System Open Market Account Julie Ann Remache, Deputy Manager, System Open Market Account Jose Acosta, Senior System Engineer II, Division of Information Technology, Board Isaiah C. Ahn, Information Management Analyst, Division of Monetary Affairs, Board Alyssa Arute,2 Assistant Director, Division of Reserve Bank Operations and Payment Systems, Board Gadi Barlevy, Executive Vice President, Federal Reserve Bank of Chicago William F. Bassett, Senior Associate Director, Division of Financial Stability, Board Kimberly N. Bayard, Section Chief, Division of Research and Statistics, Board Michele Cavallo, Special Adviser to the Board, Division of Board Members, Board Lisa Chung,2 Head of Domestic and International Markets, Federal Reserve Bank of New York Andrew Cohen,3 Special Adviser to the Board, Division of Board Members, Board Francisco Covas, Deputy Director, Division of Supervision and Regulation, Board Ryan A. Decker, Special Adviser to the Board, Division of Board Members, Board Cynthia L. Doniger,4 Principal Economist, Division of Monetary Affairs, Board Burcu Duygan-Bump, Deputy Director, Division of Research and Statistics, Board Eric C. Engstrom, Special Adviser to the Chairman, Division of Board Members, Board Giovanni Favara, Associate Director, Division of Monetary Affairs, Board Laura J. Feiveson,4 Special Adviser to the Board, Division of Board Members, Board Andrew Figura, Senior Associate Director, Division of Research and Statistics, Board Jenn Gallagher, Assistant to the Board, Division of Board Members, Board Carlos Garriga, Senior Vice President, Federal Reserve Bank of St. Louis Joseph W. Gruber, Executive Vice President, Federal Reserve Bank of Kansas City Daniel L. Heil, Assistant to the Chairman (Special Projects), Division of Board Members, Board Erik Heitfield, Deputy Associate Director, Division of Research and Statistics, Board Valerie S. Hinojosa, Assistant Director, Division of Monetary Affairs, Board Jane E. Ihrig, Special Adviser to the Board, Division of Board Members, Board Margaret M. Jacobson, Senior Economist, Division of Monetary Affairs, Board Benjamin K. Johannsen, Deputy Associate Director, Division of Monetary Affairs, Board Anna R. Kovner, Executive Vice President, Federal Reserve Bank of Richmond Spencer D. Krane, Senior Vice President, Federal Reserve Bank of Chicago Sylvain Leduc, Executive Vice President and Director of Economic Research, Federal Reserve Bank of San Francisco Andreas Lehnert, Director, Division of Financial Stability, Board Paul Lengermann, Deputy Associate Director, Division of Research and Statistics, Board Eric LeSueur,2 Policy and Market Analysis Advisor, Federal Reserve Bank of New York Logan T. Lewis, Assistant Director, Division of International Finance, Board Laura Lipscomb, Special Adviser to the Board, Division of Board Members, Board Francesca Loria, Principal Economist, Division of Monetary Affairs, Board Byron Lutz, Deputy Associate Director, Division of Research and Statistics, Board Jonathan P. McCarthy, Economic Research Advisor, Federal Reserve Bank of New York John P. McConnell, Assistant to the Chairman (Speechwriting), Division of Board Members, Board Benjamin W. McDonough, Secretary of the Board, Office of the Secretary, Board David Newville, Director, Division of Consumer and Community Affairs, Board Anna Nordstrom, Head of Markets, Federal Reserve Bank of New York Alyssa T. O'Connor, Special Adviser to the Board, Division of Board Members, Board Karen A. Pennell, First Vice President, Federal Reserve Bank of Boston Eugenio P. Pinto, Special Adviser to the Board, Division of Board Members, Board Odelle Quisumbing,2 Assistant to the Secretary, Office of the Secretary, Board Nellisha D. Ramdass, Deputy Director, Division of Monetary Affairs, Board Romina D. Ruprecht, Senior Economist, Division of Monetary Affairs, Board Zeynep Senyuz, Special Adviser to the Board, Division of Board Members, Board Hiroatsu Tanaka, Principal Economist, Division of Monetary Affairs, Board Mary H. Tian, Group Manager, Division of Monetary Affairs, Board Jeffrey D. Walker,2 Senior Associate Director, Division of Reserve Bank Operations and Payment Systems, Board Jonathan Willis, Vice President, Federal Reserve Bank of Atlanta Paul Winfree, Assistant to the Chairman (Special Projects), Division of Board Members, Board Emre Yoldas, Deputy Associate Director, Division of International Finance, Board Egon Zakrajšek, Executive Vice President, Federal Reserve Bank of Boston _______________________ Joshua Gallin Secretary 1. The Federal Open Market Committee is referenced as the ""FOMC"" and the ""Committee"" in these minutes; the Board of Governors of the Federal Reserve System is referenced as the ""Board"" in these minutes. Return to text 2. Attended through the discussion of developments in financial markets and open market operations. Return to text 3. Attended Wednesday's session only. Return to text 4. Attended Tuesday's session only. Return to text Back to Top",2026-06-02,Neel Kashkari at 2026 Bank of Korea International Conference,https://minneapolisfed.org/speeches/2026/neel-kashkari-at-2026-bank-of-korea-international-conference,COMMUNICATION_EVENT_DATE_STRICTLY_BEFORE_SEP_WHEN_TIME_UNKNOWN,SEP_RELEASE_DATE_AFTER_OFFICIAL_POLICY_STATEMENT; EXACT_RELEASE_TIME_NOT_STORED,NO
2026-06-17,Philip N. Jefferson,COMMITTEE_HOLD,0,UNCHANGED,VOTE_ACTION_PROXY,2026-06-17,0,https://www.federalreserve.gov/monetarypolicy/fomcminutes20260617.htm,"Voting for this action: Kevin Warsh, John C. Williams, Michael S. Barr, Michelle W. Bowman, Lisa D. Cook, Beth M. Hammack, Philip N. Jefferson, Neel Kashkari, Lorie K. Logan, Anna Paulson, Jerome H. Powell, and Christopher J. Waller. Voting against this action: None. Consistent with the Committee's decision to leave the target range for the federal funds rate unchanged, the Board of Governors of the Federal Reserve System voted unanimously to maintain the interest rate paid on reserve balances at 3.65 percent, effective June 18, 2026. The Board of Governors of the Federal Reserve System voted unanimously to approve the establishment of the primary credit rate at the existing level of 3.75 percent. It was agreed that the next meeting of the Committee would be held on Tuesday–Wednesday, July 28–29, 2026. The meeting adjourned at 10:30 a.m. on June 17, 2026. Notation Vote By notation vote completed on May 19, 2026, the Committee unanimously approved the minutes of the Committee meeting held on April 28–29, 2026. Attendance Kevin Warsh, Chairman John C. Williams, Vice Chair Michael S. Barr Michelle W. Bowman Lisa D. Cook Beth M. Hammack Philip N. Jefferson Neel Kashkari Lorie K. Logan Anna Paulson Jerome H. Powell Christopher J. Waller Thomas I. Barkin, Mary C. Daly, Austan D. Goolsbee, Sushmita Shukla, and Cheryl L. Venable, Alternate Members of the Committee Susan M. Collins, Alberto G. Musalem, and Jeffrey R. Schmid, Presidents of the Federal Reserve Banks of Boston, St. Louis, and Kansas City, respectively Joshua Gallin, Secretary Matthew M. Luecke, Deputy Secretary Michelle A. Smith, Assistant Secretary Mark E. Van Der Weide, General Counsel Richard Ostrander, Deputy General Counsel Trevor A. Reeve, Economist Stacey Tevlin, Economist Beth Anne Wilson, Economist Stephanie R. Aaronson, Shaghil Ahmed, Brian M. Doyle, Eric M. Engen, Michael T. Kiley, Elizabeth Klee, Edward S. Knotek II, Karel Mertens, Andrea Raffo, and Donald Keith Sill, Associate Economists Roberto Perli, Manager, System Open Market Account Julie Ann Remache, Deputy Manager, System Open Market Account Jose Acosta, Senior System Engineer II, Division of Information Technology, Board Isaiah C. Ahn, Information Management Analyst, Division of Monetary Affairs, Board Alyssa Arute,2 Assistant Director, Division of Reserve Bank Operations and Payment Systems, Board Gadi Barlevy, Executive Vice President, Federal Reserve Bank of Chicago William F. Bassett, Senior Associate Director, Division of Financial Stability, Board Kimberly N. Bayard, Section Chief, Division of Research and Statistics, Board Michele Cavallo, Special Adviser to the Board, Division of Board Members, Board Lisa Chung,2 Head of Domestic and International Markets, Federal Reserve Bank of New York Andrew Cohen,3 Special Adviser to the Board, Division of Board Members, Board Francisco Covas, Deputy Director, Division of Supervision and Regulation, Board Ryan A. Decker, Special Adviser to the Board, Division of Board Members, Board Cynthia L. Doniger,4 Principal Economist, Division of Monetary Affairs, Board Burcu Duygan-Bump, Deputy Director, Division of Research and Statistics, Board Eric C. Engstrom, Special Adviser to the Chairman, Division of Board Members, Board Giovanni Favara, Associate Director, Division of Monetary Affairs, Board Laura J. Feiveson,4 Special Adviser to the Board, Division of Board Members, Board Andrew Figura, Senior Associate Director, Division of Research and Statistics, Board Jenn Gallagher, Assistant to the Board, Division of Board Members, Board Carlos Garriga, Senior Vice President, Federal Reserve Bank of St. Louis Joseph W. Gruber, Executive Vice President, Federal Reserve Bank of Kansas City Daniel L. Heil, Assistant to the Chairman (Special Projects), Division of Board Members, Board Erik Heitfield, Deputy Associate Director, Division of Research and Statistics, Board Valerie S. Hinojosa, Assistant Director, Division of Monetary Affairs, Board Jane E. Ihrig, Special Adviser to the Board, Division of Board Members, Board Margaret M. Jacobson, Senior Economist, Division of Monetary Affairs, Board Benjamin K. Johannsen, Deputy Associate Director, Division of Monetary Affairs, Board Anna R. Kovner, Executive Vice President, Federal Reserve Bank of Richmond Spencer D. Krane, Senior Vice President, Federal Reserve Bank of Chicago Sylvain Leduc, Executive Vice President and Director of Economic Research, Federal Reserve Bank of San Francisco Andreas Lehnert, Director, Division of Financial Stability, Board Paul Lengermann, Deputy Associate Director, Division of Research and Statistics, Board Eric LeSueur,2 Policy and Market Analysis Advisor, Federal Reserve Bank of New York Logan T. Lewis, Assistant Director, Division of International Finance, Board Laura Lipscomb, Special Adviser to the Board, Division of Board Members, Board Francesca Loria, Principal Economist, Division of Monetary Affairs, Board Byron Lutz, Deputy Associate Director, Division of Research and Statistics, Board Jonathan P. McCarthy, Economic Research Advisor, Federal Reserve Bank of New York John P. McConnell, Assistant to the Chairman (Speechwriting), Division of Board Members, Board Benjamin W. McDonough, Secretary of the Board, Office of the Secretary, Board David Newville, Director, Division of Consumer and Community Affairs, Board Anna Nordstrom, Head of Markets, Federal Reserve Bank of New York Alyssa T. O'Connor, Special Adviser to the Board, Division of Board Members, Board Karen A. Pennell, First Vice President, Federal Reserve Bank of Boston Eugenio P. Pinto, Special Adviser to the Board, Division of Board Members, Board Odelle Quisumbing,2 Assistant to the Secretary, Office of the Secretary, Board Nellisha D. Ramdass, Deputy Director, Division of Monetary Affairs, Board Romina D. Ruprecht, Senior Economist, Division of Monetary Affairs, Board Zeynep Senyuz, Special Adviser to the Board, Division of Board Members, Board Hiroatsu Tanaka, Principal Economist, Division of Monetary Affairs, Board Mary H. Tian, Group Manager, Division of Monetary Affairs, Board Jeffrey D. Walker,2 Senior Associate Director, Division of Reserve Bank Operations and Payment Systems, Board Jonathan Willis, Vice President, Federal Reserve Bank of Atlanta Paul Winfree, Assistant to the Chairman (Special Projects), Division of Board Members, Board Emre Yoldas, Deputy Associate Director, Division of International Finance, Board Egon Zakrajšek, Executive Vice President, Federal Reserve Bank of Boston _______________________ Joshua Gallin Secretary 1. The Federal Open Market Committee is referenced as the ""FOMC"" and the ""Committee"" in these minutes; the Board of Governors of the Federal Reserve System is referenced as the ""Board"" in these minutes. Return to text 2. Attended through the discussion of developments in financial markets and open market operations. Return to text 3. Attended Wednesday's session only. Return to text 4. Attended Tuesday's session only. Return to text Back to Top",2026-05-27,Global Economic Developments and the U.S. Economy,https://www.federalreserve.gov/newsevents/speech/jefferson20260527a.htm,COMMUNICATION_EVENT_DATE_STRICTLY_BEFORE_SEP_WHEN_TIME_UNKNOWN,SEP_RELEASE_DATE_AFTER_OFFICIAL_POLICY_STATEMENT; EXACT_RELEASE_TIME_NOT_STORED,NO
2026-06-17,Susan M. Collins,BALANCED_HOLD,0,UNKNOWN,MANUALLY_REVIEWED_PERSONAL_COMMUNICATION,2026-05-13,35,https://www.bostonfed.org/news-and-events/speeches/2026/boston-economic-club-remarks.aspx,"Collins shared her economic outlook, emphasizing the challenges for price stability amid ongoing risks, uncertainty, and supply-side shocks. She affirmed that monetary policy is well positioned to respond to economic developments.",2026-05-13,The U.S. Economy: Resilience Amid Risks and Uncertainty,https://www.bostonfed.org/news-and-events/speeches/2026/boston-economic-club-remarks.aspx,COMMUNICATION_EVENT_DATE_STRICTLY_BEFORE_SEP_WHEN_TIME_UNKNOWN,SEP_RELEASE_DATE_AFTER_OFFICIAL_POLICY_STATEMENT; EXACT_RELEASE_TIME_NOT_STORED,NO
2026-06-17,Sushmita Shukla,UNKNOWN,,UNKNOWN,NO_DIRECTIONAL_PERSONAL_EVIDENCE_CLASSIFIED,,,,,,,,COMMUNICATION_EVENT_DATE_STRICTLY_BEFORE_SEP_WHEN_TIME_UNKNOWN,SEP_RELEASE_DATE_AFTER_OFFICIAL_POLICY_STATEMENT; EXACT_RELEASE_TIME_NOT_STORED,NO
2026-06-17,Thomas I. Barkin,WAIT_AND_SEE,0,UNKNOWN,MANUALLY_REVIEWED_PERSONAL_COMMUNICATION,2026-05-21,27,https://www.richmondfed.org/press_room/speeches/thomas_i_barkin/2026/barkin_speech_20260521,"it made sense to give ourselves some time before setting sail. Going forward, I wouldn’t be surprised if we continue to see rough seas that pressure the employment side of our mandate, the inflation side of our mandate, or conceivably both. If we do, the Fed is well positioned to respond as appropriate.",2026-05-21,Navigating Supply Shocks,https://www.richmondfed.org/press_room/speeches/thomas_i_barkin/2026/barkin_speech_20260521,COMMUNICATION_EVENT_DATE_STRICTLY_BEFORE_SEP_WHEN_TIME_UNKNOWN,SEP_RELEASE_DATE_AFTER_OFFICIAL_POLICY_STATEMENT; EXACT_RELEASE_TIME_NOT_STORED,NO
