sep_date,member_id,member_name,sep_eligible,sep_submitted,sep_identity_public,individual_projection_known,evidence_url,evidence_status,note
2012-01-25,ben-s-bernanke,Ben S. Bernanke,YES,UNKNOWN,NO,NO,https://www.federalreserve.gov/monetarypolicy/fomcminutes20120125.htm,VERIFIED_PRESENT,Eligibility inferred from named policymaker participation; no public individual SEP key
2012-01-25,charles-i-plosser,Charles I. Plosser,YES,UNKNOWN,NO,NO,https://www.federalreserve.gov/monetarypolicy/fomcminutes20120125.htm,VERIFIED_PRESENT,Eligibility inferred from named policymaker participation; no public individual SEP key
2012-01-25,charles-l-evans,Charles L. Evans,YES,UNKNOWN,NO,NO,https://www.federalreserve.gov/monetarypolicy/fomcminutes20120125.htm,VERIFIED_PRESENT,Eligibility inferred from named policymaker participation; no public individual SEP key
2012-01-25,christine-cumming,Christine Cumming,YES,UNKNOWN,NO,NO,https://www.federalreserve.gov/monetarypolicy/fomcminutes20120125.htm,VERIFIED_PRESENT,Eligibility inferred from named policymaker participation; no public individual SEP key
2012-01-25,daniel-k-tarullo,Daniel K. Tarullo,YES,UNKNOWN,NO,NO,https://www.federalreserve.gov/monetarypolicy/fomcminutes20120125.htm,VERIFIED_PRESENT,Eligibility inferred from named policymaker participation; no public individual SEP key
2012-01-25,dennis-p-lockhart,Dennis P. Lockhart,YES,UNKNOWN,NO,NO,https://www.federalreserve.gov/monetarypolicy/fomcminutes20120125.htm,VERIFIED_PRESENT,Eligibility inferred from named policymaker participation; no public individual SEP key
2012-01-25,elizabeth-a-duke,Elizabeth A. Duke,YES,UNKNOWN,NO,NO,https://www.federalreserve.gov/monetarypolicy/fomcminutes20120125.htm,VERIFIED_PRESENT,Eligibility inferred from named policymaker participation; no public individual SEP key
2012-01-25,eric-s-rosengren,Eric S. Rosengren,YES,UNKNOWN,NO,NO,https://www.federalreserve.gov/monetarypolicy/fomcminutes20120125.htm,VERIFIED_PRESENT,Eligibility inferred from named policymaker participation; no public individual SEP key
2012-01-25,esther-l-george,Esther L. George,YES,UNKNOWN,NO,NO,https://www.federalreserve.gov/monetarypolicy/fomcminutes20120125.htm,VERIFIED_PRESENT,Eligibility inferred from named policymaker participation; no public individual SEP key
2012-01-25,james-bullard,James Bullard,YES,UNKNOWN,NO,NO,https://www.federalreserve.gov/monetarypolicy/fomcminutes20120125.htm,VERIFIED_PRESENT,Eligibility inferred from named policymaker participation; no public individual SEP key
2012-01-25,janet-l-yellen,Janet L. Yellen,YES,UNKNOWN,NO,NO,https://www.federalreserve.gov/monetarypolicy/fomcminutes20120125.htm,VERIFIED_PRESENT,Eligibility inferred from named policymaker participation; no public individual SEP key
2012-01-25,jeffrey-m-lacker,Jeffrey M. Lacker,YES,UNKNOWN,NO,NO,https://www.federalreserve.gov/monetarypolicy/fomcminutes20120125.htm,VERIFIED_PRESENT,Eligibility inferred from named policymaker participation; no public individual SEP key
2012-01-25,john-c-williams,John C. Williams,YES,UNKNOWN,NO,NO,https://www.federalreserve.gov/monetarypolicy/fomcminutes20120125.htm,VERIFIED_PRESENT,Eligibility inferred from named policymaker participation; no public individual SEP key
2012-01-25,narayana-kocherlakota,Narayana Kocherlakota,YES,UNKNOWN,NO,NO,https://www.federalreserve.gov/monetarypolicy/fomcminutes20120125.htm,VERIFIED_PRESENT,Eligibility inferred from named policymaker participation; no public individual SEP key
2012-01-25,richard-w-fisher,Richard W. Fisher,YES,UNKNOWN,NO,NO,https://www.federalreserve.gov/monetarypolicy/fomcminutes20120125.htm,VERIFIED_PRESENT,Eligibility inferred from named policymaker participation; no public individual SEP key
2012-01-25,sandra-pianalto,Sandra Pianalto,YES,UNKNOWN,NO,NO,https://www.federalreserve.gov/monetarypolicy/fomcminutes20120125.htm,VERIFIED_PRESENT,Eligibility inferred from named policymaker participation; no public individual SEP key
2012-01-25,sarah-bloom-raskin,Sarah Bloom Raskin,YES,UNKNOWN,NO,NO,https://www.federalreserve.gov/monetarypolicy/fomcminutes20120125.htm,VERIFIED_PRESENT,Eligibility inferred from named policymaker participation; no public individual SEP key
2012-01-25,william-c-dudley,William C. Dudley,YES,UNKNOWN,NO,NO,https://www.federalreserve.gov/monetarypolicy/fomcminutes20120125.htm,VERIFIED_PRESENT,Eligibility inferred from named policymaker participation; no public individual SEP key
2012-04-25,ben-s-bernanke,Ben S. Bernanke,YES,UNKNOWN,NO,NO,https://www.federalreserve.gov/monetarypolicy/fomcminutes20120425.htm,VERIFIED_PRESENT,Eligibility inferred from named policymaker participation; no public individual SEP key
2012-04-25,charles-i-plosser,Charles I. Plosser,YES,UNKNOWN,NO,NO,https://www.federalreserve.gov/monetarypolicy/fomcminutes20120425.htm,VERIFIED_PRESENT,Eligibility inferred from named policymaker participation; no public individual SEP key
2012-04-25,charles-l-evans,Charles L. Evans,YES,UNKNOWN,NO,NO,https://www.federalreserve.gov/monetarypolicy/fomcminutes20120425.htm,VERIFIED_PRESENT,Eligibility inferred from named policymaker participation; no public individual SEP key
2012-04-25,christine-cumming,Christine Cumming,YES,UNKNOWN,NO,NO,https://www.federalreserve.gov/monetarypolicy/fomcminutes20120425.htm,VERIFIED_PRESENT,Eligibility inferred from named policymaker participation; no public individual SEP key
2012-04-25,daniel-k-tarullo,Daniel K. Tarullo,YES,UNKNOWN,NO,NO,https://www.federalreserve.gov/monetarypolicy/fomcminutes20120425.htm,VERIFIED_PRESENT,Eligibility inferred from named policymaker participation; no public individual SEP key
2012-04-25,dennis-p-lockhart,Dennis P. Lockhart,YES,UNKNOWN,NO,NO,https://www.federalreserve.gov/monetarypolicy/fomcminutes20120425.htm,VERIFIED_PRESENT,Eligibility inferred from named policymaker participation; no public individual SEP key
2012-04-25,elizabeth-a-duke,Elizabeth A. Duke,YES,UNKNOWN,NO,NO,https://www.federalreserve.gov/monetarypolicy/fomcminutes20120425.htm,VERIFIED_PRESENT,Eligibility inferred from named policymaker participation; no public individual SEP key
2012-04-25,eric-s-rosengren,Eric S. Rosengren,YES,UNKNOWN,NO,NO,https://www.federalreserve.gov/monetarypolicy/fomcminutes20120425.htm,VERIFIED_PRESENT,Eligibility inferred from named policymaker participation; no public individual SEP key
2012-04-25,esther-l-george,Esther L. George,YES,UNKNOWN,NO,NO,https://www.federalreserve.gov/monetarypolicy/fomcminutes20120425.htm,VERIFIED_PRESENT,Eligibility inferred from named policymaker participation; no public individual SEP key
2012-04-25,james-bullard,James Bullard,YES,UNKNOWN,NO,NO,https://www.federalreserve.gov/monetarypolicy/fomcminutes20120425.htm,VERIFIED_PRESENT,Eligibility inferred from named policymaker participation; no public individual SEP key
2012-04-25,janet-l-yellen,Janet L. Yellen,YES,UNKNOWN,NO,NO,https://www.federalreserve.gov/monetarypolicy/fomcminutes20120425.htm,VERIFIED_PRESENT,Eligibility inferred from named policymaker participation; no public individual SEP key
2012-04-25,jeffrey-m-lacker,Jeffrey M. Lacker,YES,UNKNOWN,NO,NO,https://www.federalreserve.gov/monetarypolicy/fomcminutes20120425.htm,VERIFIED_PRESENT,Eligibility inferred from named policymaker participation; no public individual SEP key
2012-04-25,john-c-williams,John C. Williams,YES,UNKNOWN,NO,NO,https://www.federalreserve.gov/monetarypolicy/fomcminutes20120425.htm,VERIFIED_PRESENT,Eligibility inferred from named policymaker participation; no public individual SEP key
2012-04-25,narayana-kocherlakota,Narayana Kocherlakota,YES,UNKNOWN,NO,NO,https://www.federalreserve.gov/monetarypolicy/fomcminutes20120425.htm,VERIFIED_PRESENT,Eligibility inferred from named policymaker participation; no public individual SEP key
2012-04-25,richard-w-fisher,Richard W. Fisher,YES,UNKNOWN,NO,NO,https://www.federalreserve.gov/monetarypolicy/fomcminutes20120425.htm,VERIFIED_PRESENT,Eligibility inferred from named policymaker participation; no public individual SEP key
2012-04-25,sandra-pianalto,Sandra Pianalto,YES,UNKNOWN,NO,NO,https://www.federalreserve.gov/monetarypolicy/fomcminutes20120425.htm,VERIFIED_PRESENT,Eligibility inferred from named policymaker participation; no public individual SEP key
2012-04-25,sarah-bloom-raskin,Sarah Bloom Raskin,YES,UNKNOWN,NO,NO,https://www.federalreserve.gov/monetarypolicy/fomcminutes20120425.htm,VERIFIED_PRESENT,Eligibility inferred from named policymaker participation; no public individual SEP key
2012-04-25,william-c-dudley,William C. Dudley,YES,UNKNOWN,NO,NO,https://www.federalreserve.gov/monetarypolicy/fomcminutes20120425.htm,VERIFIED_PRESENT,Eligibility inferred from named policymaker participation; no public individual SEP key
2012-06-20,ben-s-bernanke,Ben S. Bernanke,YES,UNKNOWN,NO,NO,https://www.federalreserve.gov/monetarypolicy/fomcminutes20120620.htm,VERIFIED_PRESENT,Eligibility inferred from named policymaker participation; no public individual SEP key
2012-06-20,charles-i-plosser,Charles I. Plosser,YES,UNKNOWN,NO,NO,https://www.federalreserve.gov/monetarypolicy/fomcminutes20120620.htm,VERIFIED_PRESENT,Eligibility inferred from named policymaker participation; no public individual SEP key
2012-06-20,charles-l-evans,Charles L. Evans,YES,UNKNOWN,NO,NO,https://www.federalreserve.gov/monetarypolicy/fomcminutes20120620.htm,VERIFIED_PRESENT,Eligibility inferred from named policymaker participation; no public individual SEP key
2012-06-20,christine-cumming,Christine Cumming,YES,UNKNOWN,NO,NO,https://www.federalreserve.gov/monetarypolicy/fomcminutes20120620.htm,VERIFIED_PRESENT,Eligibility inferred from named policymaker participation; no public individual SEP key
2012-06-20,daniel-k-tarullo,Daniel K. Tarullo,YES,UNKNOWN,NO,NO,https://www.federalreserve.gov/monetarypolicy/fomcminutes20120620.htm,VERIFIED_PRESENT,Eligibility inferred from named policymaker participation; no public individual SEP key
2012-06-20,dennis-p-lockhart,Dennis P. Lockhart,YES,UNKNOWN,NO,NO,https://www.federalreserve.gov/monetarypolicy/fomcminutes20120620.htm,VERIFIED_PRESENT,Eligibility inferred from named policymaker participation; no public individual SEP key
2012-06-20,elizabeth-a-duke,Elizabeth A. Duke,YES,UNKNOWN,NO,NO,https://www.federalreserve.gov/monetarypolicy/fomcminutes20120620.htm,VERIFIED_PRESENT,Eligibility inferred from named policymaker participation; no public individual SEP key
2012-06-20,eric-s-rosengren,Eric S. Rosengren,YES,UNKNOWN,NO,NO,https://www.federalreserve.gov/monetarypolicy/fomcminutes20120620.htm,VERIFIED_PRESENT,Eligibility inferred from named policymaker participation; no public individual SEP key
2012-06-20,esther-l-george,Esther L. George,YES,UNKNOWN,NO,NO,https://www.federalreserve.gov/monetarypolicy/fomcminutes20120620.htm,VERIFIED_PRESENT,Eligibility inferred from named policymaker participation; no public individual SEP key
2012-06-20,james-bullard,James Bullard,YES,UNKNOWN,NO,NO,https://www.federalreserve.gov/monetarypolicy/fomcminutes20120620.htm,VERIFIED_PRESENT,Eligibility inferred from named policymaker participation; no public individual SEP key
2012-06-20,janet-l-yellen,Janet L. Yellen,YES,UNKNOWN,NO,NO,https://www.federalreserve.gov/monetarypolicy/fomcminutes20120620.htm,VERIFIED_PRESENT,Eligibility inferred from named policymaker participation; no public individual SEP key
2012-06-20,jeffrey-m-lacker,Jeffrey M. Lacker,YES,UNKNOWN,NO,NO,https://www.federalreserve.gov/monetarypolicy/fomcminutes20120620.htm,VERIFIED_PRESENT,Eligibility inferred from named policymaker participation; no public individual SEP key
2012-06-20,jeremy-c-stein,Jeremy C. Stein,YES,UNKNOWN,NO,NO,https://www.federalreserve.gov/monetarypolicy/fomcminutes20120620.htm,VERIFIED_PRESENT,Eligibility inferred from named policymaker participation; no public individual SEP key
2012-06-20,jerome-h-powell,Jerome H. Powell,YES,UNKNOWN,NO,NO,https://www.federalreserve.gov/monetarypolicy/fomcminutes20120620.htm,VERIFIED_PRESENT,Eligibility inferred from named policymaker participation; no public individual SEP key
2012-06-20,john-c-williams,John C. Williams,YES,UNKNOWN,NO,NO,https://www.federalreserve.gov/monetarypolicy/fomcminutes20120620.htm,VERIFIED_PRESENT,Eligibility inferred from named policymaker participation; no public individual SEP key
2012-06-20,narayana-kocherlakota,Narayana Kocherlakota,YES,UNKNOWN,NO,NO,https://www.federalreserve.gov/monetarypolicy/fomcminutes20120620.htm,VERIFIED_PRESENT,Eligibility inferred from named policymaker participation; no public individual SEP key
2012-06-20,richard-w-fisher,Richard W. Fisher,YES,UNKNOWN,NO,NO,https://www.federalreserve.gov/monetarypolicy/fomcminutes20120620.htm,VERIFIED_PRESENT,Eligibility inferred from named policymaker participation; no public individual SEP key
2012-06-20,sandra-pianalto,Sandra Pianalto,YES,UNKNOWN,NO,NO,https://www.federalreserve.gov/monetarypolicy/fomcminutes20120620.htm,VERIFIED_PRESENT,Eligibility inferred from named policymaker participation; no public individual SEP key
2012-06-20,sarah-bloom-raskin,Sarah Bloom Raskin,YES,UNKNOWN,NO,NO,https://www.federalreserve.gov/monetarypolicy/fomcminutes20120620.htm,VERIFIED_PRESENT,Eligibility inferred from named policymaker participation; no public individual SEP key
2012-06-20,william-c-dudley,William C. Dudley,YES,UNKNOWN,NO,NO,https://www.federalreserve.gov/monetarypolicy/fomcminutes20120620.htm,VERIFIED_PRESENT,Eligibility inferred from named policymaker participation; no public individual SEP key
2012-09-13,ben-s-bernanke,Ben S. Bernanke,YES,UNKNOWN,NO,NO,https://www.federalreserve.gov/monetarypolicy/fomcminutes20120913.htm,VERIFIED_PRESENT,Eligibility inferred from named policymaker participation; no public individual SEP key
2012-09-13,charles-i-plosser,Charles I. Plosser,YES,UNKNOWN,NO,NO,https://www.federalreserve.gov/monetarypolicy/fomcminutes20120913.htm,VERIFIED_PRESENT,Eligibility inferred from named policymaker participation; no public individual SEP key
2012-09-13,charles-l-evans,Charles L. Evans,YES,UNKNOWN,NO,NO,https://www.federalreserve.gov/monetarypolicy/fomcminutes20120913.htm,VERIFIED_PRESENT,Eligibility inferred from named policymaker participation; no public individual SEP key
2012-09-13,christine-cumming,Christine Cumming,YES,UNKNOWN,NO,NO,https://www.federalreserve.gov/monetarypolicy/fomcminutes20120913.htm,VERIFIED_PRESENT,Eligibility inferred from named policymaker participation; no public individual SEP key
2012-09-13,daniel-k-tarullo,Daniel K. Tarullo,YES,UNKNOWN,NO,NO,https://www.federalreserve.gov/monetarypolicy/fomcminutes20120913.htm,VERIFIED_PRESENT,Eligibility inferred from named policymaker participation; no public individual SEP key
2012-09-13,dennis-p-lockhart,Dennis P. Lockhart,YES,UNKNOWN,NO,NO,https://www.federalreserve.gov/monetarypolicy/fomcminutes20120913.htm,VERIFIED_PRESENT,Eligibility inferred from named policymaker participation; no public individual SEP key
2012-09-13,elizabeth-a-duke,Elizabeth A. Duke,YES,UNKNOWN,NO,NO,https://www.federalreserve.gov/monetarypolicy/fomcminutes20120913.htm,VERIFIED_PRESENT,Eligibility inferred from named policymaker participation; no public individual SEP key
2012-09-13,eric-s-rosengren,Eric S. Rosengren,YES,UNKNOWN,NO,NO,https://www.federalreserve.gov/monetarypolicy/fomcminutes20120913.htm,VERIFIED_PRESENT,Eligibility inferred from named policymaker participation; no public individual SEP key
2012-09-13,esther-l-george,Esther L. George,YES,UNKNOWN,NO,NO,https://www.federalreserve.gov/monetarypolicy/fomcminutes20120913.htm,VERIFIED_PRESENT,Eligibility inferred from named policymaker participation; no public individual SEP key
2012-09-13,james-bullard,James Bullard,YES,UNKNOWN,NO,NO,https://www.federalreserve.gov/monetarypolicy/fomcminutes20120913.htm,VERIFIED_PRESENT,Eligibility inferred from named policymaker participation; no public individual SEP key
2012-09-13,janet-l-yellen,Janet L. Yellen,YES,UNKNOWN,NO,NO,https://www.federalreserve.gov/monetarypolicy/fomcminutes20120913.htm,VERIFIED_PRESENT,Eligibility inferred from named policymaker participation; no public individual SEP key
2012-09-13,jeffrey-m-lacker,Jeffrey M. Lacker,YES,UNKNOWN,NO,NO,https://www.federalreserve.gov/monetarypolicy/fomcminutes20120913.htm,VERIFIED_PRESENT,Eligibility inferred from named policymaker participation; no public individual SEP key
2012-09-13,jeremy-c-stein,Jeremy C. Stein,YES,UNKNOWN,NO,NO,https://www.federalreserve.gov/monetarypolicy/fomcminutes20120913.htm,VERIFIED_PRESENT,Eligibility inferred from named policymaker participation; no public individual SEP key
2012-09-13,jerome-h-powell,Jerome H. Powell,YES,UNKNOWN,NO,NO,https://www.federalreserve.gov/monetarypolicy/fomcminutes20120913.htm,VERIFIED_PRESENT,Eligibility inferred from named policymaker participation; no public individual SEP key
2012-09-13,john-c-williams,John C. Williams,YES,UNKNOWN,NO,NO,https://www.federalreserve.gov/monetarypolicy/fomcminutes20120913.htm,VERIFIED_PRESENT,Eligibility inferred from named policymaker participation; no public individual SEP key
2012-09-13,narayana-kocherlakota,Narayana Kocherlakota,YES,UNKNOWN,NO,NO,https://www.federalreserve.gov/monetarypolicy/fomcminutes20120913.htm,VERIFIED_PRESENT,Eligibility inferred from named policymaker participation; no public individual SEP key
2012-09-13,richard-w-fisher,Richard W. Fisher,YES,UNKNOWN,NO,NO,https://www.federalreserve.gov/monetarypolicy/fomcminutes20120913.htm,VERIFIED_PRESENT,Eligibility inferred from named policymaker participation; no public individual SEP key
2012-09-13,sandra-pianalto,Sandra Pianalto,YES,UNKNOWN,NO,NO,https://www.federalreserve.gov/monetarypolicy/fomcminutes20120913.htm,VERIFIED_PRESENT,Eligibility inferred from named policymaker participation; no public individual SEP key
2012-09-13,sarah-bloom-raskin,Sarah Bloom Raskin,YES,UNKNOWN,NO,NO,https://www.federalreserve.gov/monetarypolicy/fomcminutes20120913.htm,VERIFIED_PRESENT,Eligibility inferred from named policymaker participation; no public individual SEP key
2012-09-13,william-c-dudley,William C. Dudley,YES,UNKNOWN,NO,NO,https://www.federalreserve.gov/monetarypolicy/fomcminutes20120913.htm,VERIFIED_PRESENT,Eligibility inferred from named policymaker participation; no public individual SEP key
2012-12-12,ben-s-bernanke,Ben S. Bernanke,YES,UNKNOWN,NO,NO,https://www.federalreserve.gov/monetarypolicy/fomcminutes20121212.htm,VERIFIED_PRESENT,Eligibility inferred from named policymaker participation; no public individual SEP key
2012-12-12,charles-i-plosser,Charles I. Plosser,YES,UNKNOWN,NO,NO,https://www.federalreserve.gov/monetarypolicy/fomcminutes20121212.htm,VERIFIED_PRESENT,Eligibility inferred from named policymaker participation; no public individual SEP key
2012-12-12,charles-l-evans,Charles L. Evans,YES,UNKNOWN,NO,NO,https://www.federalreserve.gov/monetarypolicy/fomcminutes20121212.htm,VERIFIED_PRESENT,Eligibility inferred from named policymaker participation; no public individual SEP key
2012-12-12,christine-cumming,Christine Cumming,YES,UNKNOWN,NO,NO,https://www.federalreserve.gov/monetarypolicy/fomcminutes20121212.htm,VERIFIED_PRESENT,Eligibility inferred from named policymaker participation; no public individual SEP key
2012-12-12,daniel-k-tarullo,Daniel K. Tarullo,YES,UNKNOWN,NO,NO,https://www.federalreserve.gov/monetarypolicy/fomcminutes20121212.htm,VERIFIED_PRESENT,Eligibility inferred from named policymaker participation; no public individual SEP key
2012-12-12,dennis-p-lockhart,Dennis P. Lockhart,YES,UNKNOWN,NO,NO,https://www.federalreserve.gov/monetarypolicy/fomcminutes20121212.htm,VERIFIED_PRESENT,Eligibility inferred from named policymaker participation; no public individual SEP key
2012-12-12,elizabeth-a-duke,Elizabeth A. Duke,YES,UNKNOWN,NO,NO,https://www.federalreserve.gov/monetarypolicy/fomcminutes20121212.htm,VERIFIED_PRESENT,Eligibility inferred from named policymaker participation; no public individual SEP key
2012-12-12,eric-s-rosengren,Eric S. Rosengren,YES,UNKNOWN,NO,NO,https://www.federalreserve.gov/monetarypolicy/fomcminutes20121212.htm,VERIFIED_PRESENT,Eligibility inferred from named policymaker participation; no public individual SEP key
2012-12-12,esther-l-george,Esther L. George,YES,UNKNOWN,NO,NO,https://www.federalreserve.gov/monetarypolicy/fomcminutes20121212.htm,VERIFIED_PRESENT,Eligibility inferred from named policymaker participation; no public individual SEP key
2012-12-12,james-bullard,James Bullard,YES,UNKNOWN,NO,NO,https://www.federalreserve.gov/monetarypolicy/fomcminutes20121212.htm,VERIFIED_PRESENT,Eligibility inferred from named policymaker participation; no public individual SEP key
2012-12-12,janet-l-yellen,Janet L. Yellen,YES,UNKNOWN,NO,NO,https://www.federalreserve.gov/monetarypolicy/fomcminutes20121212.htm,VERIFIED_PRESENT,Eligibility inferred from named policymaker participation; no public individual SEP key
2012-12-12,jeffrey-m-lacker,Jeffrey M. Lacker,YES,UNKNOWN,NO,NO,https://www.federalreserve.gov/monetarypolicy/fomcminutes20121212.htm,VERIFIED_PRESENT,Eligibility inferred from named policymaker participation; no public individual SEP key
2012-12-12,jeremy-c-stein,Jeremy C. Stein,YES,UNKNOWN,NO,NO,https://www.federalreserve.gov/monetarypolicy/fomcminutes20121212.htm,VERIFIED_PRESENT,Eligibility inferred from named policymaker participation; no public individual SEP key
2012-12-12,jerome-h-powell,Jerome H. Powell,YES,UNKNOWN,NO,NO,https://www.federalreserve.gov/monetarypolicy/fomcminutes20121212.htm,VERIFIED_PRESENT,Eligibility inferred from named policymaker participation; no public individual SEP key
2012-12-12,john-c-williams,John C. Williams,YES,UNKNOWN,NO,NO,https://www.federalreserve.gov/monetarypolicy/fomcminutes20121212.htm,VERIFIED_PRESENT,Eligibility inferred from named policymaker participation; no public individual SEP key
2012-12-12,narayana-kocherlakota,Narayana Kocherlakota,YES,UNKNOWN,NO,NO,https://www.federalreserve.gov/monetarypolicy/fomcminutes20121212.htm,VERIFIED_PRESENT,Eligibility inferred from named policymaker participation; no public individual SEP key
2012-12-12,richard-w-fisher,Richard W. Fisher,YES,UNKNOWN,NO,NO,https://www.federalreserve.gov/monetarypolicy/fomcminutes20121212.htm,VERIFIED_PRESENT,Eligibility inferred from named policymaker participation; no public individual SEP key
2012-12-12,sandra-pianalto,Sandra Pianalto,YES,UNKNOWN,NO,NO,https://www.federalreserve.gov/monetarypolicy/fomcminutes20121212.htm,VERIFIED_PRESENT,Eligibility inferred from named policymaker participation; no public individual SEP key
2012-12-12,sarah-bloom-raskin,Sarah Bloom Raskin,YES,UNKNOWN,NO,NO,https://www.federalreserve.gov/monetarypolicy/fomcminutes20121212.htm,VERIFIED_PRESENT,Eligibility inferred from named policymaker participation; no public individual SEP key
2012-12-12,william-c-dudley,William C. Dudley,YES,UNKNOWN,NO,NO,https://www.federalreserve.gov/monetarypolicy/fomcminutes20121212.htm,VERIFIED_PRESENT,Eligibility inferred from named policymaker participation; no public individual SEP key
2013-03-20,ben-s-bernanke,Ben S. Bernanke,YES,UNKNOWN,NO,NO,https://www.federalreserve.gov/monetarypolicy/fomcminutes20130320.htm,VERIFIED_PRESENT,Eligibility inferred from named policymaker participation; no public individual SEP key
2013-03-20,charles-i-plosser,Charles I. Plosser,YES,UNKNOWN,NO,NO,https://www.federalreserve.gov/monetarypolicy/fomcminutes20130320.htm,VERIFIED_PRESENT,Eligibility inferred from named policymaker participation; no public individual SEP key
2013-03-20,charles-l-evans,Charles L. Evans,YES,UNKNOWN,NO,NO,https://www.federalreserve.gov/monetarypolicy/fomcminutes20130320.htm,VERIFIED_PRESENT,Eligibility inferred from named policymaker participation; no public individual SEP key
2013-03-20,christine-cumming,Christine Cumming,YES,UNKNOWN,NO,NO,https://www.federalreserve.gov/monetarypolicy/fomcminutes20130320.htm,VERIFIED_PRESENT,Eligibility inferred from named policymaker participation; no public individual SEP key
2013-03-20,daniel-k-tarullo,Daniel K. Tarullo,YES,UNKNOWN,NO,NO,https://www.federalreserve.gov/monetarypolicy/fomcminutes20130320.htm,VERIFIED_PRESENT,Eligibility inferred from named policymaker participation; no public individual SEP key
2013-03-20,dennis-p-lockhart,Dennis P. Lockhart,YES,UNKNOWN,NO,NO,https://www.federalreserve.gov/monetarypolicy/fomcminutes20130320.htm,VERIFIED_PRESENT,Eligibility inferred from named policymaker participation; no public individual SEP key
2013-03-20,elizabeth-a-duke,Elizabeth A. Duke,YES,UNKNOWN,NO,NO,https://www.federalreserve.gov/monetarypolicy/fomcminutes20130320.htm,VERIFIED_PRESENT,Eligibility inferred from named policymaker participation; no public individual SEP key
2013-03-20,eric-s-rosengren,Eric S. Rosengren,YES,UNKNOWN,NO,NO,https://www.federalreserve.gov/monetarypolicy/fomcminutes20130320.htm,VERIFIED_PRESENT,Eligibility inferred from named policymaker participation; no public individual SEP key
2013-03-20,esther-l-george,Esther L. George,YES,UNKNOWN,NO,NO,https://www.federalreserve.gov/monetarypolicy/fomcminutes20130320.htm,VERIFIED_PRESENT,Eligibility inferred from named policymaker participation; no public individual SEP key
2013-03-20,james-bullard,James Bullard,YES,UNKNOWN,NO,NO,https://www.federalreserve.gov/monetarypolicy/fomcminutes20130320.htm,VERIFIED_PRESENT,Eligibility inferred from named policymaker participation; no public individual SEP key
2013-03-20,janet-l-yellen,Janet L. Yellen,YES,UNKNOWN,NO,NO,https://www.federalreserve.gov/monetarypolicy/fomcminutes20130320.htm,VERIFIED_PRESENT,Eligibility inferred from named policymaker participation; no public individual SEP key
2013-03-20,jeffrey-m-lacker,Jeffrey M. Lacker,YES,UNKNOWN,NO,NO,https://www.federalreserve.gov/monetarypolicy/fomcminutes20130320.htm,VERIFIED_PRESENT,Eligibility inferred from named policymaker participation; no public individual SEP key
2013-03-20,jeremy-c-stein,Jeremy C. Stein,YES,UNKNOWN,NO,NO,https://www.federalreserve.gov/monetarypolicy/fomcminutes20130320.htm,VERIFIED_PRESENT,Eligibility inferred from named policymaker participation; no public individual SEP key
2013-03-20,jerome-h-powell,Jerome H. Powell,YES,UNKNOWN,NO,NO,https://www.federalreserve.gov/monetarypolicy/fomcminutes20130320.htm,VERIFIED_PRESENT,Eligibility inferred from named policymaker participation; no public individual SEP key
2013-03-20,john-c-williams,John C. Williams,YES,UNKNOWN,NO,NO,https://www.federalreserve.gov/monetarypolicy/fomcminutes20130320.htm,VERIFIED_PRESENT,Eligibility inferred from named policymaker participation; no public individual SEP key
2013-03-20,narayana-kocherlakota,Narayana Kocherlakota,YES,UNKNOWN,NO,NO,https://www.federalreserve.gov/monetarypolicy/fomcminutes20130320.htm,VERIFIED_PRESENT,Eligibility inferred from named policymaker participation; no public individual SEP key
2013-03-20,richard-w-fisher,Richard W. Fisher,YES,UNKNOWN,NO,NO,https://www.federalreserve.gov/monetarypolicy/fomcminutes20130320.htm,VERIFIED_PRESENT,Eligibility inferred from named policymaker participation; no public individual SEP key
2013-03-20,sandra-pianalto,Sandra Pianalto,YES,UNKNOWN,NO,NO,https://www.federalreserve.gov/monetarypolicy/fomcminutes20130320.htm,VERIFIED_PRESENT,Eligibility inferred from named policymaker participation; no public individual SEP key
2013-03-20,sarah-bloom-raskin,Sarah Bloom Raskin,YES,UNKNOWN,NO,NO,https://www.federalreserve.gov/monetarypolicy/fomcminutes20130320.htm,VERIFIED_PRESENT,Eligibility inferred from named policymaker participation; no public individual SEP key
2013-03-20,william-c-dudley,William C. Dudley,YES,UNKNOWN,NO,NO,https://www.federalreserve.gov/monetarypolicy/fomcminutes20130320.htm,VERIFIED_PRESENT,Eligibility inferred from named policymaker participation; no public individual SEP key
2013-06-19,ben-s-bernanke,Ben S. Bernanke,YES,UNKNOWN,NO,NO,https://www.federalreserve.gov/monetarypolicy/fomcminutes20130619.htm,VERIFIED_PRESENT,Eligibility inferred from named policymaker participation; no public individual SEP key
2013-06-19,charles-i-plosser,Charles I. Plosser,YES,UNKNOWN,NO,NO,https://www.federalreserve.gov/monetarypolicy/fomcminutes20130619.htm,VERIFIED_PRESENT,Eligibility inferred from named policymaker participation; no public individual SEP key
2013-06-19,charles-l-evans,Charles L. Evans,YES,UNKNOWN,NO,NO,https://www.federalreserve.gov/monetarypolicy/fomcminutes20130619.htm,VERIFIED_PRESENT,Eligibility inferred from named policymaker participation; no public individual SEP key
2013-06-19,christine-cumming,Christine Cumming,YES,UNKNOWN,NO,NO,https://www.federalreserve.gov/monetarypolicy/fomcminutes20130619.htm,VERIFIED_PRESENT,Eligibility inferred from named policymaker participation; no public individual SEP key
2013-06-19,daniel-k-tarullo,Daniel K. Tarullo,YES,UNKNOWN,NO,NO,https://www.federalreserve.gov/monetarypolicy/fomcminutes20130619.htm,VERIFIED_PRESENT,Eligibility inferred from named policymaker participation; no public individual SEP key
2013-06-19,dennis-p-lockhart,Dennis P. Lockhart,YES,UNKNOWN,NO,NO,https://www.federalreserve.gov/monetarypolicy/fomcminutes20130619.htm,VERIFIED_PRESENT,Eligibility inferred from named policymaker participation; no public individual SEP key
2013-06-19,elizabeth-a-duke,Elizabeth A. Duke,YES,UNKNOWN,NO,NO,https://www.federalreserve.gov/monetarypolicy/fomcminutes20130619.htm,VERIFIED_PRESENT,Eligibility inferred from named policymaker participation; no public individual SEP key
2013-06-19,eric-s-rosengren,Eric S. Rosengren,YES,UNKNOWN,NO,NO,https://www.federalreserve.gov/monetarypolicy/fomcminutes20130619.htm,VERIFIED_PRESENT,Eligibility inferred from named policymaker participation; no public individual SEP key
2013-06-19,esther-l-george,Esther L. George,YES,UNKNOWN,NO,NO,https://www.federalreserve.gov/monetarypolicy/fomcminutes20130619.htm,VERIFIED_PRESENT,Eligibility inferred from named policymaker participation; no public individual SEP key
2013-06-19,james-bullard,James Bullard,YES,UNKNOWN,NO,NO,https://www.federalreserve.gov/monetarypolicy/fomcminutes20130619.htm,VERIFIED_PRESENT,Eligibility inferred from named policymaker participation; no public individual SEP key
2013-06-19,janet-l-yellen,Janet L. Yellen,YES,UNKNOWN,NO,NO,https://www.federalreserve.gov/monetarypolicy/fomcminutes20130619.htm,VERIFIED_PRESENT,Eligibility inferred from named policymaker participation; no public individual SEP key
2013-06-19,jeffrey-m-lacker,Jeffrey M. Lacker,YES,UNKNOWN,NO,NO,https://www.federalreserve.gov/monetarypolicy/fomcminutes20130619.htm,VERIFIED_PRESENT,Eligibility inferred from named policymaker participation; no public individual SEP key
2013-06-19,jeremy-c-stein,Jeremy C. Stein,YES,UNKNOWN,NO,NO,https://www.federalreserve.gov/monetarypolicy/fomcminutes20130619.htm,VERIFIED_PRESENT,Eligibility inferred from named policymaker participation; no public individual SEP key
2013-06-19,jerome-h-powell,Jerome H. Powell,YES,UNKNOWN,NO,NO,https://www.federalreserve.gov/monetarypolicy/fomcminutes20130619.htm,VERIFIED_PRESENT,Eligibility inferred from named policymaker participation; no public individual SEP key
2013-06-19,john-c-williams,John C. Williams,YES,UNKNOWN,NO,NO,https://www.federalreserve.gov/monetarypolicy/fomcminutes20130619.htm,VERIFIED_PRESENT,Eligibility inferred from named policymaker participation; no public individual SEP key
2013-06-19,narayana-kocherlakota,Narayana Kocherlakota,YES,UNKNOWN,NO,NO,https://www.federalreserve.gov/monetarypolicy/fomcminutes20130619.htm,VERIFIED_PRESENT,Eligibility inferred from named policymaker participation; no public individual SEP key
2013-06-19,richard-w-fisher,Richard W. Fisher,YES,UNKNOWN,NO,NO,https://www.federalreserve.gov/monetarypolicy/fomcminutes20130619.htm,VERIFIED_PRESENT,Eligibility inferred from named policymaker participation; no public individual SEP key
2013-06-19,sarah-bloom-raskin,Sarah Bloom Raskin,YES,UNKNOWN,NO,NO,https://www.federalreserve.gov/monetarypolicy/fomcminutes20130619.htm,VERIFIED_PRESENT,Eligibility inferred from named policymaker participation; no public individual SEP key
2013-06-19,william-c-dudley,William C. Dudley,YES,UNKNOWN,NO,NO,https://www.federalreserve.gov/monetarypolicy/fomcminutes20130619.htm,VERIFIED_PRESENT,Eligibility inferred from named policymaker participation; no public individual SEP key
2013-09-18,ben-s-bernanke,Ben S. Bernanke,YES,UNKNOWN,NO,NO,https://www.federalreserve.gov/monetarypolicy/fomcminutes20130918.htm,VERIFIED_PRESENT,Eligibility inferred from named policymaker participation; no public individual SEP key
2013-09-18,charles-i-plosser,Charles I. Plosser,YES,UNKNOWN,NO,NO,https://www.federalreserve.gov/monetarypolicy/fomcminutes20130918.htm,VERIFIED_PRESENT,Eligibility inferred from named policymaker participation; no public individual SEP key
2013-09-18,charles-l-evans,Charles L. Evans,YES,UNKNOWN,NO,NO,https://www.federalreserve.gov/monetarypolicy/fomcminutes20130918.htm,VERIFIED_PRESENT,Eligibility inferred from named policymaker participation; no public individual SEP key
2013-09-18,christine-cumming,Christine Cumming,YES,UNKNOWN,NO,NO,https://www.federalreserve.gov/monetarypolicy/fomcminutes20130918.htm,VERIFIED_PRESENT,Eligibility inferred from named policymaker participation; no public individual SEP key
2013-09-18,daniel-k-tarullo,Daniel K. Tarullo,YES,UNKNOWN,NO,NO,https://www.federalreserve.gov/monetarypolicy/fomcminutes20130918.htm,VERIFIED_PRESENT,Eligibility inferred from named policymaker participation; no public individual SEP key
2013-09-18,dennis-p-lockhart,Dennis P. Lockhart,YES,UNKNOWN,NO,NO,https://www.federalreserve.gov/monetarypolicy/fomcminutes20130918.htm,VERIFIED_PRESENT,Eligibility inferred from named policymaker participation; no public individual SEP key
2013-09-18,eric-s-rosengren,Eric S. Rosengren,YES,UNKNOWN,NO,NO,https://www.federalreserve.gov/monetarypolicy/fomcminutes20130918.htm,VERIFIED_PRESENT,Eligibility inferred from named policymaker participation; no public individual SEP key
2013-09-18,esther-l-george,Esther L. George,YES,UNKNOWN,NO,NO,https://www.federalreserve.gov/monetarypolicy/fomcminutes20130918.htm,VERIFIED_PRESENT,Eligibility inferred from named policymaker participation; no public individual SEP key
2013-09-18,james-bullard,James Bullard,YES,UNKNOWN,NO,NO,https://www.federalreserve.gov/monetarypolicy/fomcminutes20130918.htm,VERIFIED_PRESENT,Eligibility inferred from named policymaker participation; no public individual SEP key
2013-09-18,janet-l-yellen,Janet L. Yellen,YES,UNKNOWN,NO,NO,https://www.federalreserve.gov/monetarypolicy/fomcminutes20130918.htm,VERIFIED_PRESENT,Eligibility inferred from named policymaker participation; no public individual SEP key
2013-09-18,jeffrey-m-lacker,Jeffrey M. Lacker,YES,UNKNOWN,NO,NO,https://www.federalreserve.gov/monetarypolicy/fomcminutes20130918.htm,VERIFIED_PRESENT,Eligibility inferred from named policymaker participation; no public individual SEP key
2013-09-18,jeremy-c-stein,Jeremy C. Stein,YES,UNKNOWN,NO,NO,https://www.federalreserve.gov/monetarypolicy/fomcminutes20130918.htm,VERIFIED_PRESENT,Eligibility inferred from named policymaker participation; no public individual SEP key
2013-09-18,jerome-h-powell,Jerome H. Powell,YES,UNKNOWN,NO,NO,https://www.federalreserve.gov/monetarypolicy/fomcminutes20130918.htm,VERIFIED_PRESENT,Eligibility inferred from named policymaker participation; no public individual SEP key
2013-09-18,john-c-williams,John C. Williams,YES,UNKNOWN,NO,NO,https://www.federalreserve.gov/monetarypolicy/fomcminutes20130918.htm,VERIFIED_PRESENT,Eligibility inferred from named policymaker participation; no public individual SEP key
2013-09-18,narayana-kocherlakota,Narayana Kocherlakota,YES,UNKNOWN,NO,NO,https://www.federalreserve.gov/monetarypolicy/fomcminutes20130918.htm,VERIFIED_PRESENT,Eligibility inferred from named policymaker participation; no public individual SEP key
2013-09-18,richard-w-fisher,Richard W. Fisher,YES,UNKNOWN,NO,NO,https://www.federalreserve.gov/monetarypolicy/fomcminutes20130918.htm,VERIFIED_PRESENT,Eligibility inferred from named policymaker participation; no public individual SEP key
2013-09-18,sandra-pianalto,Sandra Pianalto,YES,UNKNOWN,NO,NO,https://www.federalreserve.gov/monetarypolicy/fomcminutes20130918.htm,VERIFIED_PRESENT,Eligibility inferred from named policymaker participation; no public individual SEP key
2013-09-18,william-c-dudley,William C. Dudley,YES,UNKNOWN,NO,NO,https://www.federalreserve.gov/monetarypolicy/fomcminutes20130918.htm,VERIFIED_PRESENT,Eligibility inferred from named policymaker participation; no public individual SEP key
2013-12-18,ben-s-bernanke,Ben S. Bernanke,YES,UNKNOWN,NO,NO,https://www.federalreserve.gov/monetarypolicy/fomcminutes20131218.htm,VERIFIED_PRESENT,Eligibility inferred from named policymaker participation; no public individual SEP key
2013-12-18,charles-i-plosser,Charles I. Plosser,YES,UNKNOWN,NO,NO,https://www.federalreserve.gov/monetarypolicy/fomcminutes20131218.htm,VERIFIED_PRESENT,Eligibility inferred from named policymaker participation; no public individual SEP key
2013-12-18,charles-l-evans,Charles L. Evans,YES,UNKNOWN,NO,NO,https://www.federalreserve.gov/monetarypolicy/fomcminutes20131218.htm,VERIFIED_PRESENT,Eligibility inferred from named policymaker participation; no public individual SEP key
2013-12-18,christine-cumming,Christine Cumming,YES,UNKNOWN,NO,NO,https://www.federalreserve.gov/monetarypolicy/fomcminutes20131218.htm,VERIFIED_PRESENT,Eligibility inferred from named policymaker participation; no public individual SEP key
2013-12-18,daniel-k-tarullo,Daniel K. Tarullo,YES,UNKNOWN,NO,NO,https://www.federalreserve.gov/monetarypolicy/fomcminutes20131218.htm,VERIFIED_PRESENT,Eligibility inferred from named policymaker participation; no public individual SEP key
2013-12-18,dennis-p-lockhart,Dennis P. Lockhart,YES,UNKNOWN,NO,NO,https://www.federalreserve.gov/monetarypolicy/fomcminutes20131218.htm,VERIFIED_PRESENT,Eligibility inferred from named policymaker participation; no public individual SEP key
2013-12-18,eric-s-rosengren,Eric S. Rosengren,YES,UNKNOWN,NO,NO,https://www.federalreserve.gov/monetarypolicy/fomcminutes20131218.htm,VERIFIED_PRESENT,Eligibility inferred from named policymaker participation; no public individual SEP key
2013-12-18,esther-l-george,Esther L. George,YES,UNKNOWN,NO,NO,https://www.federalreserve.gov/monetarypolicy/fomcminutes20131218.htm,VERIFIED_PRESENT,Eligibility inferred from named policymaker participation; no public individual SEP key
2013-12-18,james-bullard,James Bullard,YES,UNKNOWN,NO,NO,https://www.federalreserve.gov/monetarypolicy/fomcminutes20131218.htm,VERIFIED_PRESENT,Eligibility inferred from named policymaker participation; no public individual SEP key
2013-12-18,janet-l-yellen,Janet L. Yellen,YES,UNKNOWN,NO,NO,https://www.federalreserve.gov/monetarypolicy/fomcminutes20131218.htm,VERIFIED_PRESENT,Eligibility inferred from named policymaker participation; no public individual SEP key
2013-12-18,jeffrey-m-lacker,Jeffrey M. Lacker,YES,UNKNOWN,NO,NO,https://www.federalreserve.gov/monetarypolicy/fomcminutes20131218.htm,VERIFIED_PRESENT,Eligibility inferred from named policymaker participation; no public individual SEP key
2013-12-18,jeremy-c-stein,Jeremy C. Stein,YES,UNKNOWN,NO,NO,https://www.federalreserve.gov/monetarypolicy/fomcminutes20131218.htm,VERIFIED_PRESENT,Eligibility inferred from named policymaker participation; no public individual SEP key
2013-12-18,jerome-h-powell,Jerome H. Powell,YES,UNKNOWN,NO,NO,https://www.federalreserve.gov/monetarypolicy/fomcminutes20131218.htm,VERIFIED_PRESENT,Eligibility inferred from named policymaker participation; no public individual SEP key
2013-12-18,john-c-williams,John C. Williams,YES,UNKNOWN,NO,NO,https://www.federalreserve.gov/monetarypolicy/fomcminutes20131218.htm,VERIFIED_PRESENT,Eligibility inferred from named policymaker participation; no public individual SEP key
2013-12-18,narayana-kocherlakota,Narayana Kocherlakota,YES,UNKNOWN,NO,NO,https://www.federalreserve.gov/monetarypolicy/fomcminutes20131218.htm,VERIFIED_PRESENT,Eligibility inferred from named policymaker participation; no public individual SEP key
2013-12-18,richard-w-fisher,Richard W. Fisher,YES,UNKNOWN,NO,NO,https://www.federalreserve.gov/monetarypolicy/fomcminutes20131218.htm,VERIFIED_PRESENT,Eligibility inferred from named policymaker participation; no public individual SEP key
2013-12-18,sandra-pianalto,Sandra Pianalto,YES,UNKNOWN,NO,NO,https://www.federalreserve.gov/monetarypolicy/fomcminutes20131218.htm,VERIFIED_PRESENT,Eligibility inferred from named policymaker participation; no public individual SEP key
2013-12-18,william-c-dudley,William C. Dudley,YES,UNKNOWN,NO,NO,https://www.federalreserve.gov/monetarypolicy/fomcminutes20131218.htm,VERIFIED_PRESENT,Eligibility inferred from named policymaker participation; no public individual SEP key
2014-03-19,charles-i-plosser,Charles I. Plosser,YES,UNKNOWN,NO,NO,https://www.federalreserve.gov/monetarypolicy/fomcminutes20140319.htm,VERIFIED_PRESENT,Eligibility inferred from named policymaker participation; no public individual SEP key
2014-03-19,charles-l-evans,Charles L. Evans,YES,UNKNOWN,NO,NO,https://www.federalreserve.gov/monetarypolicy/fomcminutes20140319.htm,VERIFIED_PRESENT,Eligibility inferred from named policymaker participation; no public individual SEP key
2014-03-19,christine-cumming,Christine Cumming,YES,UNKNOWN,NO,NO,https://www.federalreserve.gov/monetarypolicy/fomcminutes20140319.htm,VERIFIED_PRESENT,Eligibility inferred from named policymaker participation; no public individual SEP key
2014-03-19,daniel-k-tarullo,Daniel K. Tarullo,YES,UNKNOWN,NO,NO,https://www.federalreserve.gov/monetarypolicy/fomcminutes20140319.htm,VERIFIED_PRESENT,Eligibility inferred from named policymaker participation; no public individual SEP key
2014-03-19,dennis-p-lockhart,Dennis P. Lockhart,YES,UNKNOWN,NO,NO,https://www.federalreserve.gov/monetarypolicy/fomcminutes20140319.htm,VERIFIED_PRESENT,Eligibility inferred from named policymaker participation; no public individual SEP key
2014-03-19,eric-s-rosengren,Eric S. Rosengren,YES,UNKNOWN,NO,NO,https://www.federalreserve.gov/monetarypolicy/fomcminutes20140319.htm,VERIFIED_PRESENT,Eligibility inferred from named policymaker participation; no public individual SEP key
2014-03-19,esther-l-george,Esther L. George,YES,UNKNOWN,NO,NO,https://www.federalreserve.gov/monetarypolicy/fomcminutes20140319.htm,VERIFIED_PRESENT,Eligibility inferred from named policymaker participation; no public individual SEP key
2014-03-19,james-bullard,James Bullard,YES,UNKNOWN,NO,NO,https://www.federalreserve.gov/monetarypolicy/fomcminutes20140319.htm,VERIFIED_PRESENT,Eligibility inferred from named policymaker participation; no public individual SEP key
2014-03-19,janet-l-yellen,Janet L. Yellen,YES,UNKNOWN,NO,NO,https://www.federalreserve.gov/monetarypolicy/fomcminutes20140319.htm,VERIFIED_PRESENT,Eligibility inferred from named policymaker participation; no public individual SEP key
2014-03-19,jeffrey-m-lacker,Jeffrey M. Lacker,YES,UNKNOWN,NO,NO,https://www.federalreserve.gov/monetarypolicy/fomcminutes20140319.htm,VERIFIED_PRESENT,Eligibility inferred from named policymaker participation; no public individual SEP key
2014-03-19,jeremy-c-stein,Jeremy C. Stein,YES,UNKNOWN,NO,NO,https://www.federalreserve.gov/monetarypolicy/fomcminutes20140319.htm,VERIFIED_PRESENT,Eligibility inferred from named policymaker participation; no public individual SEP key
2014-03-19,jerome-h-powell,Jerome H. Powell,YES,UNKNOWN,NO,NO,https://www.federalreserve.gov/monetarypolicy/fomcminutes20140319.htm,VERIFIED_PRESENT,Eligibility inferred from named policymaker participation; no public individual SEP key
2014-03-19,john-c-williams,John C. Williams,YES,UNKNOWN,NO,NO,https://www.federalreserve.gov/monetarypolicy/fomcminutes20140319.htm,VERIFIED_PRESENT,Eligibility inferred from named policymaker participation; no public individual SEP key
2014-03-19,narayana-kocherlakota,Narayana Kocherlakota,YES,UNKNOWN,NO,NO,https://www.federalreserve.gov/monetarypolicy/fomcminutes20140319.htm,VERIFIED_PRESENT,Eligibility inferred from named policymaker participation; no public individual SEP key
2014-03-19,richard-w-fisher,Richard W. Fisher,YES,UNKNOWN,NO,NO,https://www.federalreserve.gov/monetarypolicy/fomcminutes20140319.htm,VERIFIED_PRESENT,Eligibility inferred from named policymaker participation; no public individual SEP key
2014-03-19,sandra-pianalto,Sandra Pianalto,YES,UNKNOWN,NO,NO,https://www.federalreserve.gov/monetarypolicy/fomcminutes20140319.htm,VERIFIED_PRESENT,Eligibility inferred from named policymaker participation; no public individual SEP key
2014-03-19,william-c-dudley,William C. Dudley,YES,UNKNOWN,NO,NO,https://www.federalreserve.gov/monetarypolicy/fomcminutes20140319.htm,VERIFIED_PRESENT,Eligibility inferred from named policymaker participation; no public individual SEP key
2014-06-18,charles-i-plosser,Charles I. Plosser,YES,UNKNOWN,NO,NO,https://www.federalreserve.gov/monetarypolicy/fomcminutes20140618.htm,VERIFIED_PRESENT,Eligibility inferred from named policymaker participation; no public individual SEP key
2014-06-18,charles-l-evans,Charles L. Evans,YES,UNKNOWN,NO,NO,https://www.federalreserve.gov/monetarypolicy/fomcminutes20140618.htm,VERIFIED_PRESENT,Eligibility inferred from named policymaker participation; no public individual SEP key
2014-06-18,christine-cumming,Christine Cumming,YES,UNKNOWN,NO,NO,https://www.federalreserve.gov/monetarypolicy/fomcminutes20140618.htm,VERIFIED_PRESENT,Eligibility inferred from named policymaker participation; no public individual SEP key
2014-06-18,daniel-k-tarullo,Daniel K. Tarullo,YES,UNKNOWN,NO,NO,https://www.federalreserve.gov/monetarypolicy/fomcminutes20140618.htm,VERIFIED_PRESENT,Eligibility inferred from named policymaker participation; no public individual SEP key
2014-06-18,dennis-p-lockhart,Dennis P. Lockhart,YES,UNKNOWN,NO,NO,https://www.federalreserve.gov/monetarypolicy/fomcminutes20140618.htm,VERIFIED_PRESENT,Eligibility inferred from named policymaker participation; no public individual SEP key
2014-06-18,eric-s-rosengren,Eric S. Rosengren,YES,UNKNOWN,NO,NO,https://www.federalreserve.gov/monetarypolicy/fomcminutes20140618.htm,VERIFIED_PRESENT,Eligibility inferred from named policymaker participation; no public individual SEP key
2014-06-18,esther-l-george,Esther L. George,YES,UNKNOWN,NO,NO,https://www.federalreserve.gov/monetarypolicy/fomcminutes20140618.htm,VERIFIED_PRESENT,Eligibility inferred from named policymaker participation; no public individual SEP key
2014-06-18,james-bullard,James Bullard,YES,UNKNOWN,NO,NO,https://www.federalreserve.gov/monetarypolicy/fomcminutes20140618.htm,VERIFIED_PRESENT,Eligibility inferred from named policymaker participation; no public individual SEP key
2014-06-18,janet-l-yellen,Janet L. Yellen,YES,UNKNOWN,NO,NO,https://www.federalreserve.gov/monetarypolicy/fomcminutes20140618.htm,VERIFIED_PRESENT,Eligibility inferred from named policymaker participation; no public individual SEP key
2014-06-18,jeffrey-m-lacker,Jeffrey M. Lacker,YES,UNKNOWN,NO,NO,https://www.federalreserve.gov/monetarypolicy/fomcminutes20140618.htm,VERIFIED_PRESENT,Eligibility inferred from named policymaker participation; no public individual SEP key
2014-06-18,jerome-h-powell,Jerome H. Powell,YES,UNKNOWN,NO,NO,https://www.federalreserve.gov/monetarypolicy/fomcminutes20140618.htm,VERIFIED_PRESENT,Eligibility inferred from named policymaker participation; no public individual SEP key
2014-06-18,john-c-williams,John C. Williams,YES,UNKNOWN,NO,NO,https://www.federalreserve.gov/monetarypolicy/fomcminutes20140618.htm,VERIFIED_PRESENT,Eligibility inferred from named policymaker participation; no public individual SEP key
2014-06-18,lael-brainard,Lael Brainard,YES,UNKNOWN,NO,NO,https://www.federalreserve.gov/monetarypolicy/fomcminutes20140618.htm,VERIFIED_PRESENT,Eligibility inferred from named policymaker participation; no public individual SEP key
2014-06-18,loretta-j-mester,Loretta J. Mester,YES,UNKNOWN,NO,NO,https://www.federalreserve.gov/monetarypolicy/fomcminutes20140618.htm,VERIFIED_PRESENT,Eligibility inferred from named policymaker participation; no public individual SEP key
2014-06-18,narayana-kocherlakota,Narayana Kocherlakota,YES,UNKNOWN,NO,NO,https://www.federalreserve.gov/monetarypolicy/fomcminutes20140618.htm,VERIFIED_PRESENT,Eligibility inferred from named policymaker participation; no public individual SEP key
2014-06-18,richard-w-fisher,Richard W. Fisher,YES,UNKNOWN,NO,NO,https://www.federalreserve.gov/monetarypolicy/fomcminutes20140618.htm,VERIFIED_PRESENT,Eligibility inferred from named policymaker participation; no public individual SEP key
2014-06-18,stanley-fischer,Stanley Fischer,YES,UNKNOWN,NO,NO,https://www.federalreserve.gov/monetarypolicy/fomcminutes20140618.htm,VERIFIED_PRESENT,Eligibility inferred from named policymaker participation; no public individual SEP key
2014-06-18,william-c-dudley,William C. Dudley,YES,UNKNOWN,NO,NO,https://www.federalreserve.gov/monetarypolicy/fomcminutes20140618.htm,VERIFIED_PRESENT,Eligibility inferred from named policymaker participation; no public individual SEP key
2014-09-17,charles-i-plosser,Charles I. Plosser,YES,UNKNOWN,NO,NO,https://www.federalreserve.gov/monetarypolicy/fomcminutes20140917.htm,VERIFIED_PRESENT,Eligibility inferred from named policymaker participation; no public individual SEP key
2014-09-17,charles-l-evans,Charles L. Evans,YES,UNKNOWN,NO,NO,https://www.federalreserve.gov/monetarypolicy/fomcminutes20140917.htm,VERIFIED_PRESENT,Eligibility inferred from named policymaker participation; no public individual SEP key
2014-09-17,christine-cumming,Christine Cumming,YES,UNKNOWN,NO,NO,https://www.federalreserve.gov/monetarypolicy/fomcminutes20140917.htm,VERIFIED_PRESENT,Eligibility inferred from named policymaker participation; no public individual SEP key
2014-09-17,daniel-k-tarullo,Daniel K. Tarullo,YES,UNKNOWN,NO,NO,https://www.federalreserve.gov/monetarypolicy/fomcminutes20140917.htm,VERIFIED_PRESENT,Eligibility inferred from named policymaker participation; no public individual SEP key
2014-09-17,dennis-p-lockhart,Dennis P. Lockhart,YES,UNKNOWN,NO,NO,https://www.federalreserve.gov/monetarypolicy/fomcminutes20140917.htm,VERIFIED_PRESENT,Eligibility inferred from named policymaker participation; no public individual SEP key
2014-09-17,eric-s-rosengren,Eric S. Rosengren,YES,UNKNOWN,NO,NO,https://www.federalreserve.gov/monetarypolicy/fomcminutes20140917.htm,VERIFIED_PRESENT,Eligibility inferred from named policymaker participation; no public individual SEP key
2014-09-17,esther-l-george,Esther L. George,YES,UNKNOWN,NO,NO,https://www.federalreserve.gov/monetarypolicy/fomcminutes20140917.htm,VERIFIED_PRESENT,Eligibility inferred from named policymaker participation; no public individual SEP key
2014-09-17,james-bullard,James Bullard,YES,UNKNOWN,NO,NO,https://www.federalreserve.gov/monetarypolicy/fomcminutes20140917.htm,VERIFIED_PRESENT,Eligibility inferred from named policymaker participation; no public individual SEP key
2014-09-17,janet-l-yellen,Janet L. Yellen,YES,UNKNOWN,NO,NO,https://www.federalreserve.gov/monetarypolicy/fomcminutes20140917.htm,VERIFIED_PRESENT,Eligibility inferred from named policymaker participation; no public individual SEP key
2014-09-17,jeffrey-m-lacker,Jeffrey M. Lacker,YES,UNKNOWN,NO,NO,https://www.federalreserve.gov/monetarypolicy/fomcminutes20140917.htm,VERIFIED_PRESENT,Eligibility inferred from named policymaker participation; no public individual SEP key
2014-09-17,jerome-h-powell,Jerome H. Powell,YES,UNKNOWN,NO,NO,https://www.federalreserve.gov/monetarypolicy/fomcminutes20140917.htm,VERIFIED_PRESENT,Eligibility inferred from named policymaker participation; no public individual SEP key
2014-09-17,john-c-williams,John C. Williams,YES,UNKNOWN,NO,NO,https://www.federalreserve.gov/monetarypolicy/fomcminutes20140917.htm,VERIFIED_PRESENT,Eligibility inferred from named policymaker participation; no public individual SEP key
2014-09-17,lael-brainard,Lael Brainard,YES,UNKNOWN,NO,NO,https://www.federalreserve.gov/monetarypolicy/fomcminutes20140917.htm,VERIFIED_PRESENT,Eligibility inferred from named policymaker participation; no public individual SEP key
2014-09-17,loretta-j-mester,Loretta J. Mester,YES,UNKNOWN,NO,NO,https://www.federalreserve.gov/monetarypolicy/fomcminutes20140917.htm,VERIFIED_PRESENT,Eligibility inferred from named policymaker participation; no public individual SEP key
2014-09-17,narayana-kocherlakota,Narayana Kocherlakota,YES,UNKNOWN,NO,NO,https://www.federalreserve.gov/monetarypolicy/fomcminutes20140917.htm,VERIFIED_PRESENT,Eligibility inferred from named policymaker participation; no public individual SEP key
2014-09-17,richard-w-fisher,Richard W. Fisher,YES,UNKNOWN,NO,NO,https://www.federalreserve.gov/monetarypolicy/fomcminutes20140917.htm,VERIFIED_PRESENT,Eligibility inferred from named policymaker participation; no public individual SEP key
2014-09-17,stanley-fischer,Stanley Fischer,YES,UNKNOWN,NO,NO,https://www.federalreserve.gov/monetarypolicy/fomcminutes20140917.htm,VERIFIED_PRESENT,Eligibility inferred from named policymaker participation; no public individual SEP key
2014-09-17,william-c-dudley,William C. Dudley,YES,UNKNOWN,NO,NO,https://www.federalreserve.gov/monetarypolicy/fomcminutes20140917.htm,VERIFIED_PRESENT,Eligibility inferred from named policymaker participation; no public individual SEP key
2014-12-17,charles-i-plosser,Charles I. Plosser,YES,UNKNOWN,NO,NO,https://www.federalreserve.gov/monetarypolicy/fomcminutes20141217.htm,VERIFIED_PRESENT,Eligibility inferred from named policymaker participation; no public individual SEP key
2014-12-17,charles-l-evans,Charles L. Evans,YES,UNKNOWN,NO,NO,https://www.federalreserve.gov/monetarypolicy/fomcminutes20141217.htm,VERIFIED_PRESENT,Eligibility inferred from named policymaker participation; no public individual SEP key
2014-12-17,christine-cumming,Christine Cumming,YES,UNKNOWN,NO,NO,https://www.federalreserve.gov/monetarypolicy/fomcminutes20141217.htm,VERIFIED_PRESENT,Eligibility inferred from named policymaker participation; no public individual SEP key
2014-12-17,daniel-k-tarullo,Daniel K. Tarullo,YES,UNKNOWN,NO,NO,https://www.federalreserve.gov/monetarypolicy/fomcminutes20141217.htm,VERIFIED_PRESENT,Eligibility inferred from named policymaker participation; no public individual SEP key
2014-12-17,dennis-p-lockhart,Dennis P. Lockhart,YES,UNKNOWN,NO,NO,https://www.federalreserve.gov/monetarypolicy/fomcminutes20141217.htm,VERIFIED_PRESENT,Eligibility inferred from named policymaker participation; no public individual SEP key
2014-12-17,eric-s-rosengren,Eric S. Rosengren,YES,UNKNOWN,NO,NO,https://www.federalreserve.gov/monetarypolicy/fomcminutes20141217.htm,VERIFIED_PRESENT,Eligibility inferred from named policymaker participation; no public individual SEP key
2014-12-17,esther-l-george,Esther L. George,YES,UNKNOWN,NO,NO,https://www.federalreserve.gov/monetarypolicy/fomcminutes20141217.htm,VERIFIED_PRESENT,Eligibility inferred from named policymaker participation; no public individual SEP key
2014-12-17,james-bullard,James Bullard,YES,UNKNOWN,NO,NO,https://www.federalreserve.gov/monetarypolicy/fomcminutes20141217.htm,VERIFIED_PRESENT,Eligibility inferred from named policymaker participation; no public individual SEP key
2014-12-17,janet-l-yellen,Janet L. Yellen,YES,UNKNOWN,NO,NO,https://www.federalreserve.gov/monetarypolicy/fomcminutes20141217.htm,VERIFIED_PRESENT,Eligibility inferred from named policymaker participation; no public individual SEP key
2014-12-17,jeffrey-m-lacker,Jeffrey M. Lacker,YES,UNKNOWN,NO,NO,https://www.federalreserve.gov/monetarypolicy/fomcminutes20141217.htm,VERIFIED_PRESENT,Eligibility inferred from named policymaker participation; no public individual SEP key
2014-12-17,jerome-h-powell,Jerome H. Powell,YES,UNKNOWN,NO,NO,https://www.federalreserve.gov/monetarypolicy/fomcminutes20141217.htm,VERIFIED_PRESENT,Eligibility inferred from named policymaker participation; no public individual SEP key
2014-12-17,john-c-williams,John C. Williams,YES,UNKNOWN,NO,NO,https://www.federalreserve.gov/monetarypolicy/fomcminutes20141217.htm,VERIFIED_PRESENT,Eligibility inferred from named policymaker participation; no public individual SEP key
2014-12-17,lael-brainard,Lael Brainard,YES,UNKNOWN,NO,NO,https://www.federalreserve.gov/monetarypolicy/fomcminutes20141217.htm,VERIFIED_PRESENT,Eligibility inferred from named policymaker participation; no public individual SEP key
2014-12-17,loretta-j-mester,Loretta J. Mester,YES,UNKNOWN,NO,NO,https://www.federalreserve.gov/monetarypolicy/fomcminutes20141217.htm,VERIFIED_PRESENT,Eligibility inferred from named policymaker participation; no public individual SEP key
2014-12-17,narayana-kocherlakota,Narayana Kocherlakota,YES,UNKNOWN,NO,NO,https://www.federalreserve.gov/monetarypolicy/fomcminutes20141217.htm,VERIFIED_PRESENT,Eligibility inferred from named policymaker participation; no public individual SEP key
2014-12-17,richard-w-fisher,Richard W. Fisher,YES,UNKNOWN,NO,NO,https://www.federalreserve.gov/monetarypolicy/fomcminutes20141217.htm,VERIFIED_PRESENT,Eligibility inferred from named policymaker participation; no public individual SEP key
2014-12-17,stanley-fischer,Stanley Fischer,YES,UNKNOWN,NO,NO,https://www.federalreserve.gov/monetarypolicy/fomcminutes20141217.htm,VERIFIED_PRESENT,Eligibility inferred from named policymaker participation; no public individual SEP key
2014-12-17,william-c-dudley,William C. Dudley,YES,UNKNOWN,NO,NO,https://www.federalreserve.gov/monetarypolicy/fomcminutes20141217.htm,VERIFIED_PRESENT,Eligibility inferred from named policymaker participation; no public individual SEP key
2015-03-18,charles-l-evans,Charles L. Evans,YES,UNKNOWN,NO,NO,https://www.federalreserve.gov/monetarypolicy/fomcminutes20150318.htm,VERIFIED_PRESENT,Eligibility inferred from named policymaker participation; no public individual SEP key
2015-03-18,christine-cumming,Christine Cumming,YES,UNKNOWN,NO,NO,https://www.federalreserve.gov/monetarypolicy/fomcminutes20150318.htm,VERIFIED_PRESENT,Eligibility inferred from named policymaker participation; no public individual SEP key
2015-03-18,daniel-k-tarullo,Daniel K. Tarullo,YES,UNKNOWN,NO,NO,https://www.federalreserve.gov/monetarypolicy/fomcminutes20150318.htm,VERIFIED_PRESENT,Eligibility inferred from named policymaker participation; no public individual SEP key
2015-03-18,dennis-p-lockhart,Dennis P. Lockhart,YES,UNKNOWN,NO,NO,https://www.federalreserve.gov/monetarypolicy/fomcminutes20150318.htm,VERIFIED_PRESENT,Eligibility inferred from named policymaker participation; no public individual SEP key
2015-03-18,eric-s-rosengren,Eric S. Rosengren,YES,UNKNOWN,NO,NO,https://www.federalreserve.gov/monetarypolicy/fomcminutes20150318.htm,VERIFIED_PRESENT,Eligibility inferred from named policymaker participation; no public individual SEP key
2015-03-18,esther-l-george,Esther L. George,YES,UNKNOWN,NO,NO,https://www.federalreserve.gov/monetarypolicy/fomcminutes20150318.htm,VERIFIED_PRESENT,Eligibility inferred from named policymaker participation; no public individual SEP key
2015-03-18,james-bullard,James Bullard,YES,UNKNOWN,NO,NO,https://www.federalreserve.gov/monetarypolicy/fomcminutes20150318.htm,VERIFIED_PRESENT,Eligibility inferred from named policymaker participation; no public individual SEP key
2015-03-18,janet-l-yellen,Janet L. Yellen,YES,UNKNOWN,NO,NO,https://www.federalreserve.gov/monetarypolicy/fomcminutes20150318.htm,VERIFIED_PRESENT,Eligibility inferred from named policymaker participation; no public individual SEP key
2015-03-18,jeffrey-m-lacker,Jeffrey M. Lacker,YES,UNKNOWN,NO,NO,https://www.federalreserve.gov/monetarypolicy/fomcminutes20150318.htm,VERIFIED_PRESENT,Eligibility inferred from named policymaker participation; no public individual SEP key
2015-03-18,jerome-h-powell,Jerome H. Powell,YES,UNKNOWN,NO,NO,https://www.federalreserve.gov/monetarypolicy/fomcminutes20150318.htm,VERIFIED_PRESENT,Eligibility inferred from named policymaker participation; no public individual SEP key
2015-03-18,john-c-williams,John C. Williams,YES,UNKNOWN,NO,NO,https://www.federalreserve.gov/monetarypolicy/fomcminutes20150318.htm,VERIFIED_PRESENT,Eligibility inferred from named policymaker participation; no public individual SEP key
2015-03-18,lael-brainard,Lael Brainard,YES,UNKNOWN,NO,NO,https://www.federalreserve.gov/monetarypolicy/fomcminutes20150318.htm,VERIFIED_PRESENT,Eligibility inferred from named policymaker participation; no public individual SEP key
2015-03-18,loretta-j-mester,Loretta J. Mester,YES,UNKNOWN,NO,NO,https://www.federalreserve.gov/monetarypolicy/fomcminutes20150318.htm,VERIFIED_PRESENT,Eligibility inferred from named policymaker participation; no public individual SEP key
2015-03-18,stanley-fischer,Stanley Fischer,YES,UNKNOWN,NO,NO,https://www.federalreserve.gov/monetarypolicy/fomcminutes20150318.htm,VERIFIED_PRESENT,Eligibility inferred from named policymaker participation; no public individual SEP key
2015-03-18,william-c-dudley,William C. Dudley,YES,UNKNOWN,NO,NO,https://www.federalreserve.gov/monetarypolicy/fomcminutes20150318.htm,VERIFIED_PRESENT,Eligibility inferred from named policymaker participation; no public individual SEP key
2015-06-17,charles-l-evans,Charles L. Evans,YES,UNKNOWN,NO,NO,https://www.federalreserve.gov/monetarypolicy/fomcminutes20150617.htm,VERIFIED_PRESENT,Eligibility inferred from named policymaker participation; no public individual SEP key
2015-06-17,daniel-k-tarullo,Daniel K. Tarullo,YES,UNKNOWN,NO,NO,https://www.federalreserve.gov/monetarypolicy/fomcminutes20150617.htm,VERIFIED_PRESENT,Eligibility inferred from named policymaker participation; no public individual SEP key
2015-06-17,dennis-p-lockhart,Dennis P. Lockhart,YES,UNKNOWN,NO,NO,https://www.federalreserve.gov/monetarypolicy/fomcminutes20150617.htm,VERIFIED_PRESENT,Eligibility inferred from named policymaker participation; no public individual SEP key
2015-06-17,eric-s-rosengren,Eric S. Rosengren,YES,UNKNOWN,NO,NO,https://www.federalreserve.gov/monetarypolicy/fomcminutes20150617.htm,VERIFIED_PRESENT,Eligibility inferred from named policymaker participation; no public individual SEP key
2015-06-17,esther-l-george,Esther L. George,YES,UNKNOWN,NO,NO,https://www.federalreserve.gov/monetarypolicy/fomcminutes20150617.htm,VERIFIED_PRESENT,Eligibility inferred from named policymaker participation; no public individual SEP key
2015-06-17,james-bullard,James Bullard,YES,UNKNOWN,NO,NO,https://www.federalreserve.gov/monetarypolicy/fomcminutes20150617.htm,VERIFIED_PRESENT,Eligibility inferred from named policymaker participation; no public individual SEP key
2015-06-17,janet-l-yellen,Janet L. Yellen,YES,UNKNOWN,NO,NO,https://www.federalreserve.gov/monetarypolicy/fomcminutes20150617.htm,VERIFIED_PRESENT,Eligibility inferred from named policymaker participation; no public individual SEP key
2015-06-17,jeffrey-m-lacker,Jeffrey M. Lacker,YES,UNKNOWN,NO,NO,https://www.federalreserve.gov/monetarypolicy/fomcminutes20150617.htm,VERIFIED_PRESENT,Eligibility inferred from named policymaker participation; no public individual SEP key
2015-06-17,jerome-h-powell,Jerome H. Powell,YES,UNKNOWN,NO,NO,https://www.federalreserve.gov/monetarypolicy/fomcminutes20150617.htm,VERIFIED_PRESENT,Eligibility inferred from named policymaker participation; no public individual SEP key
2015-06-17,john-c-williams,John C. Williams,YES,UNKNOWN,NO,NO,https://www.federalreserve.gov/monetarypolicy/fomcminutes20150617.htm,VERIFIED_PRESENT,Eligibility inferred from named policymaker participation; no public individual SEP key
2015-06-17,lael-brainard,Lael Brainard,YES,UNKNOWN,NO,NO,https://www.federalreserve.gov/monetarypolicy/fomcminutes20150617.htm,VERIFIED_PRESENT,Eligibility inferred from named policymaker participation; no public individual SEP key
2015-06-17,loretta-j-mester,Loretta J. Mester,YES,UNKNOWN,NO,NO,https://www.federalreserve.gov/monetarypolicy/fomcminutes20150617.htm,VERIFIED_PRESENT,Eligibility inferred from named policymaker participation; no public individual SEP key
2015-06-17,stanley-fischer,Stanley Fischer,YES,UNKNOWN,NO,NO,https://www.federalreserve.gov/monetarypolicy/fomcminutes20150617.htm,VERIFIED_PRESENT,Eligibility inferred from named policymaker participation; no public individual SEP key
2015-06-17,william-c-dudley,William C. Dudley,YES,UNKNOWN,NO,NO,https://www.federalreserve.gov/monetarypolicy/fomcminutes20150617.htm,VERIFIED_PRESENT,Eligibility inferred from named policymaker participation; no public individual SEP key
2015-09-17,charles-l-evans,Charles L. Evans,YES,UNKNOWN,NO,NO,https://www.federalreserve.gov/monetarypolicy/fomcminutes20150917.htm,VERIFIED_PRESENT,Eligibility inferred from named policymaker participation; no public individual SEP key
2015-09-17,daniel-k-tarullo,Daniel K. Tarullo,YES,UNKNOWN,NO,NO,https://www.federalreserve.gov/monetarypolicy/fomcminutes20150917.htm,VERIFIED_PRESENT,Eligibility inferred from named policymaker participation; no public individual SEP key
2015-09-17,dennis-p-lockhart,Dennis P. Lockhart,YES,UNKNOWN,NO,NO,https://www.federalreserve.gov/monetarypolicy/fomcminutes20150917.htm,VERIFIED_PRESENT,Eligibility inferred from named policymaker participation; no public individual SEP key
2015-09-17,eric-s-rosengren,Eric S. Rosengren,YES,UNKNOWN,NO,NO,https://www.federalreserve.gov/monetarypolicy/fomcminutes20150917.htm,VERIFIED_PRESENT,Eligibility inferred from named policymaker participation; no public individual SEP key
2015-09-17,esther-l-george,Esther L. George,YES,UNKNOWN,NO,NO,https://www.federalreserve.gov/monetarypolicy/fomcminutes20150917.htm,VERIFIED_PRESENT,Eligibility inferred from named policymaker participation; no public individual SEP key
2015-09-17,james-bullard,James Bullard,YES,UNKNOWN,NO,NO,https://www.federalreserve.gov/monetarypolicy/fomcminutes20150917.htm,VERIFIED_PRESENT,Eligibility inferred from named policymaker participation; no public individual SEP key
2015-09-17,janet-l-yellen,Janet L. Yellen,YES,UNKNOWN,NO,NO,https://www.federalreserve.gov/monetarypolicy/fomcminutes20150917.htm,VERIFIED_PRESENT,Eligibility inferred from named policymaker participation; no public individual SEP key
2015-09-17,jeffrey-m-lacker,Jeffrey M. Lacker,YES,UNKNOWN,NO,NO,https://www.federalreserve.gov/monetarypolicy/fomcminutes20150917.htm,VERIFIED_PRESENT,Eligibility inferred from named policymaker participation; no public individual SEP key
2015-09-17,jerome-h-powell,Jerome H. Powell,YES,UNKNOWN,NO,NO,https://www.federalreserve.gov/monetarypolicy/fomcminutes20150917.htm,VERIFIED_PRESENT,Eligibility inferred from named policymaker participation; no public individual SEP key
2015-09-17,john-c-williams,John C. Williams,YES,UNKNOWN,NO,NO,https://www.federalreserve.gov/monetarypolicy/fomcminutes20150917.htm,VERIFIED_PRESENT,Eligibility inferred from named policymaker participation; no public individual SEP key
2015-09-17,lael-brainard,Lael Brainard,YES,UNKNOWN,NO,NO,https://www.federalreserve.gov/monetarypolicy/fomcminutes20150917.htm,VERIFIED_PRESENT,Eligibility inferred from named policymaker participation; no public individual SEP key
2015-09-17,loretta-j-mester,Loretta J. Mester,YES,UNKNOWN,NO,NO,https://www.federalreserve.gov/monetarypolicy/fomcminutes20150917.htm,VERIFIED_PRESENT,Eligibility inferred from named policymaker participation; no public individual SEP key
2015-09-17,michael-strine,Michael Strine,YES,UNKNOWN,NO,NO,https://www.federalreserve.gov/monetarypolicy/fomcminutes20150917.htm,VERIFIED_PRESENT,Eligibility inferred from named policymaker participation; no public individual SEP key
2015-09-17,narayana-kocherlakota,Narayana Kocherlakota,YES,UNKNOWN,NO,NO,https://www.federalreserve.gov/monetarypolicy/fomcminutes20150917.htm,VERIFIED_PRESENT,Eligibility inferred from named policymaker participation; no public individual SEP key
2015-09-17,patrick-harker,Patrick Harker,YES,UNKNOWN,NO,NO,https://www.federalreserve.gov/monetarypolicy/fomcminutes20150917.htm,VERIFIED_PRESENT,Eligibility inferred from named policymaker participation; no public individual SEP key
2015-09-17,robert-s-kaplan,Robert S. Kaplan,YES,UNKNOWN,NO,NO,https://www.federalreserve.gov/monetarypolicy/fomcminutes20150917.htm,VERIFIED_PRESENT,Eligibility inferred from named policymaker participation; no public individual SEP key
2015-09-17,stanley-fischer,Stanley Fischer,YES,UNKNOWN,NO,NO,https://www.federalreserve.gov/monetarypolicy/fomcminutes20150917.htm,VERIFIED_PRESENT,Eligibility inferred from named policymaker participation; no public individual SEP key
2015-09-17,william-c-dudley,William C. Dudley,YES,UNKNOWN,NO,NO,https://www.federalreserve.gov/monetarypolicy/fomcminutes20150917.htm,VERIFIED_PRESENT,Eligibility inferred from named policymaker participation; no public individual SEP key
2015-12-16,charles-l-evans,Charles L. Evans,YES,UNKNOWN,NO,NO,https://www.federalreserve.gov/monetarypolicy/fomcminutes20151216.htm,VERIFIED_PRESENT,Eligibility inferred from named policymaker participation; no public individual SEP key
2015-12-16,daniel-k-tarullo,Daniel K. Tarullo,YES,UNKNOWN,NO,NO,https://www.federalreserve.gov/monetarypolicy/fomcminutes20151216.htm,VERIFIED_PRESENT,Eligibility inferred from named policymaker participation; no public individual SEP key
2015-12-16,dennis-p-lockhart,Dennis P. Lockhart,YES,UNKNOWN,NO,NO,https://www.federalreserve.gov/monetarypolicy/fomcminutes20151216.htm,VERIFIED_PRESENT,Eligibility inferred from named policymaker participation; no public individual SEP key
2015-12-16,eric-s-rosengren,Eric S. Rosengren,YES,UNKNOWN,NO,NO,https://www.federalreserve.gov/monetarypolicy/fomcminutes20151216.htm,VERIFIED_PRESENT,Eligibility inferred from named policymaker participation; no public individual SEP key
2015-12-16,esther-l-george,Esther L. George,YES,UNKNOWN,NO,NO,https://www.federalreserve.gov/monetarypolicy/fomcminutes20151216.htm,VERIFIED_PRESENT,Eligibility inferred from named policymaker participation; no public individual SEP key
2015-12-16,james-bullard,James Bullard,YES,UNKNOWN,NO,NO,https://www.federalreserve.gov/monetarypolicy/fomcminutes20151216.htm,VERIFIED_PRESENT,Eligibility inferred from named policymaker participation; no public individual SEP key
2015-12-16,janet-l-yellen,Janet L. Yellen,YES,UNKNOWN,NO,NO,https://www.federalreserve.gov/monetarypolicy/fomcminutes20151216.htm,VERIFIED_PRESENT,Eligibility inferred from named policymaker participation; no public individual SEP key
2015-12-16,jeffrey-m-lacker,Jeffrey M. Lacker,YES,UNKNOWN,NO,NO,https://www.federalreserve.gov/monetarypolicy/fomcminutes20151216.htm,VERIFIED_PRESENT,Eligibility inferred from named policymaker participation; no public individual SEP key
2015-12-16,jerome-h-powell,Jerome H. Powell,YES,UNKNOWN,NO,NO,https://www.federalreserve.gov/monetarypolicy/fomcminutes20151216.htm,VERIFIED_PRESENT,Eligibility inferred from named policymaker participation; no public individual SEP key
2015-12-16,john-c-williams,John C. Williams,YES,UNKNOWN,NO,NO,https://www.federalreserve.gov/monetarypolicy/fomcminutes20151216.htm,VERIFIED_PRESENT,Eligibility inferred from named policymaker participation; no public individual SEP key
2015-12-16,lael-brainard,Lael Brainard,YES,UNKNOWN,NO,NO,https://www.federalreserve.gov/monetarypolicy/fomcminutes20151216.htm,VERIFIED_PRESENT,Eligibility inferred from named policymaker participation; no public individual SEP key
2015-12-16,loretta-j-mester,Loretta J. Mester,YES,UNKNOWN,NO,NO,https://www.federalreserve.gov/monetarypolicy/fomcminutes20151216.htm,VERIFIED_PRESENT,Eligibility inferred from named policymaker participation; no public individual SEP key
2015-12-16,michael-strine,Michael Strine,YES,UNKNOWN,NO,NO,https://www.federalreserve.gov/monetarypolicy/fomcminutes20151216.htm,VERIFIED_PRESENT,Eligibility inferred from named policymaker participation; no public individual SEP key
2015-12-16,patrick-harker,Patrick Harker,YES,UNKNOWN,NO,NO,https://www.federalreserve.gov/monetarypolicy/fomcminutes20151216.htm,VERIFIED_PRESENT,Eligibility inferred from named policymaker participation; no public individual SEP key
2015-12-16,robert-s-kaplan,Robert S. Kaplan,YES,UNKNOWN,NO,NO,https://www.federalreserve.gov/monetarypolicy/fomcminutes20151216.htm,VERIFIED_PRESENT,Eligibility inferred from named policymaker participation; no public individual SEP key
2015-12-16,stanley-fischer,Stanley Fischer,YES,UNKNOWN,NO,NO,https://www.federalreserve.gov/monetarypolicy/fomcminutes20151216.htm,VERIFIED_PRESENT,Eligibility inferred from named policymaker participation; no public individual SEP key
2015-12-16,william-c-dudley,William C. Dudley,YES,UNKNOWN,NO,NO,https://www.federalreserve.gov/monetarypolicy/fomcminutes20151216.htm,VERIFIED_PRESENT,Eligibility inferred from named policymaker participation; no public individual SEP key
2016-03-16,charles-l-evans,Charles L. Evans,YES,UNKNOWN,NO,NO,https://www.federalreserve.gov/monetarypolicy/fomcminutes20160316.htm,VERIFIED_PRESENT,Eligibility inferred from named policymaker participation; no public individual SEP key
2016-03-16,daniel-k-tarullo,Daniel K. Tarullo,YES,UNKNOWN,NO,NO,https://www.federalreserve.gov/monetarypolicy/fomcminutes20160316.htm,VERIFIED_PRESENT,Eligibility inferred from named policymaker participation; no public individual SEP key
2016-03-16,dennis-p-lockhart,Dennis P. Lockhart,YES,UNKNOWN,NO,NO,https://www.federalreserve.gov/monetarypolicy/fomcminutes20160316.htm,VERIFIED_PRESENT,Eligibility inferred from named policymaker participation; no public individual SEP key
2016-03-16,eric-s-rosengren,Eric S. Rosengren,YES,UNKNOWN,NO,NO,https://www.federalreserve.gov/monetarypolicy/fomcminutes20160316.htm,VERIFIED_PRESENT,Eligibility inferred from named policymaker participation; no public individual SEP key
2016-03-16,esther-l-george,Esther L. George,YES,UNKNOWN,NO,NO,https://www.federalreserve.gov/monetarypolicy/fomcminutes20160316.htm,VERIFIED_PRESENT,Eligibility inferred from named policymaker participation; no public individual SEP key
2016-03-16,james-bullard,James Bullard,YES,UNKNOWN,NO,NO,https://www.federalreserve.gov/monetarypolicy/fomcminutes20160316.htm,VERIFIED_PRESENT,Eligibility inferred from named policymaker participation; no public individual SEP key
2016-03-16,janet-l-yellen,Janet L. Yellen,YES,UNKNOWN,NO,NO,https://www.federalreserve.gov/monetarypolicy/fomcminutes20160316.htm,VERIFIED_PRESENT,Eligibility inferred from named policymaker participation; no public individual SEP key
2016-03-16,jeffrey-m-lacker,Jeffrey M. Lacker,YES,UNKNOWN,NO,NO,https://www.federalreserve.gov/monetarypolicy/fomcminutes20160316.htm,VERIFIED_PRESENT,Eligibility inferred from named policymaker participation; no public individual SEP key
2016-03-16,jerome-h-powell,Jerome H. Powell,YES,UNKNOWN,NO,NO,https://www.federalreserve.gov/monetarypolicy/fomcminutes20160316.htm,VERIFIED_PRESENT,Eligibility inferred from named policymaker participation; no public individual SEP key
2016-03-16,john-c-williams,John C. Williams,YES,UNKNOWN,NO,NO,https://www.federalreserve.gov/monetarypolicy/fomcminutes20160316.htm,VERIFIED_PRESENT,Eligibility inferred from named policymaker participation; no public individual SEP key
2016-03-16,lael-brainard,Lael Brainard,YES,UNKNOWN,NO,NO,https://www.federalreserve.gov/monetarypolicy/fomcminutes20160316.htm,VERIFIED_PRESENT,Eligibility inferred from named policymaker participation; no public individual SEP key
2016-03-16,loretta-j-mester,Loretta J. Mester,YES,UNKNOWN,NO,NO,https://www.federalreserve.gov/monetarypolicy/fomcminutes20160316.htm,VERIFIED_PRESENT,Eligibility inferred from named policymaker participation; no public individual SEP key
2016-03-16,michael-strine,Michael Strine,YES,UNKNOWN,NO,NO,https://www.federalreserve.gov/monetarypolicy/fomcminutes20160316.htm,VERIFIED_PRESENT,Eligibility inferred from named policymaker participation; no public individual SEP key
2016-03-16,neel-kashkari,Neel Kashkari,YES,UNKNOWN,NO,NO,https://www.federalreserve.gov/monetarypolicy/fomcminutes20160316.htm,VERIFIED_PRESENT,Eligibility inferred from named policymaker participation; no public individual SEP key
2016-03-16,patrick-harker,Patrick Harker,YES,UNKNOWN,NO,NO,https://www.federalreserve.gov/monetarypolicy/fomcminutes20160316.htm,VERIFIED_PRESENT,Eligibility inferred from named policymaker participation; no public individual SEP key
2016-03-16,robert-s-kaplan,Robert S. Kaplan,YES,UNKNOWN,NO,NO,https://www.federalreserve.gov/monetarypolicy/fomcminutes20160316.htm,VERIFIED_PRESENT,Eligibility inferred from named policymaker participation; no public individual SEP key
2016-03-16,stanley-fischer,Stanley Fischer,YES,UNKNOWN,NO,NO,https://www.federalreserve.gov/monetarypolicy/fomcminutes20160316.htm,VERIFIED_PRESENT,Eligibility inferred from named policymaker participation; no public individual SEP key
2016-03-16,william-c-dudley,William C. Dudley,YES,UNKNOWN,NO,NO,https://www.federalreserve.gov/monetarypolicy/fomcminutes20160316.htm,VERIFIED_PRESENT,Eligibility inferred from named policymaker participation; no public individual SEP key
2016-06-15,charles-l-evans,Charles L. Evans,YES,UNKNOWN,NO,NO,https://www.federalreserve.gov/monetarypolicy/fomcminutes20160615.htm,VERIFIED_PRESENT,Eligibility inferred from named policymaker participation; no public individual SEP key
2016-06-15,daniel-k-tarullo,Daniel K. Tarullo,YES,UNKNOWN,NO,NO,https://www.federalreserve.gov/monetarypolicy/fomcminutes20160615.htm,VERIFIED_PRESENT,Eligibility inferred from named policymaker participation; no public individual SEP key
2016-06-15,dennis-p-lockhart,Dennis P. Lockhart,YES,UNKNOWN,NO,NO,https://www.federalreserve.gov/monetarypolicy/fomcminutes20160615.htm,VERIFIED_PRESENT,Eligibility inferred from named policymaker participation; no public individual SEP key
2016-06-15,eric-s-rosengren,Eric S. Rosengren,YES,UNKNOWN,NO,NO,https://www.federalreserve.gov/monetarypolicy/fomcminutes20160615.htm,VERIFIED_PRESENT,Eligibility inferred from named policymaker participation; no public individual SEP key
2016-06-15,esther-l-george,Esther L. George,YES,UNKNOWN,NO,NO,https://www.federalreserve.gov/monetarypolicy/fomcminutes20160615.htm,VERIFIED_PRESENT,Eligibility inferred from named policymaker participation; no public individual SEP key
2016-06-15,james-bullard,James Bullard,YES,UNKNOWN,NO,NO,https://www.federalreserve.gov/monetarypolicy/fomcminutes20160615.htm,VERIFIED_PRESENT,Eligibility inferred from named policymaker participation; no public individual SEP key
2016-06-15,janet-l-yellen,Janet L. Yellen,YES,UNKNOWN,NO,NO,https://www.federalreserve.gov/monetarypolicy/fomcminutes20160615.htm,VERIFIED_PRESENT,Eligibility inferred from named policymaker participation; no public individual SEP key
2016-06-15,jeffrey-m-lacker,Jeffrey M. Lacker,YES,UNKNOWN,NO,NO,https://www.federalreserve.gov/monetarypolicy/fomcminutes20160615.htm,VERIFIED_PRESENT,Eligibility inferred from named policymaker participation; no public individual SEP key
2016-06-15,jerome-h-powell,Jerome H. Powell,YES,UNKNOWN,NO,NO,https://www.federalreserve.gov/monetarypolicy/fomcminutes20160615.htm,VERIFIED_PRESENT,Eligibility inferred from named policymaker participation; no public individual SEP key
2016-06-15,john-c-williams,John C. Williams,YES,UNKNOWN,NO,NO,https://www.federalreserve.gov/monetarypolicy/fomcminutes20160615.htm,VERIFIED_PRESENT,Eligibility inferred from named policymaker participation; no public individual SEP key
2016-06-15,lael-brainard,Lael Brainard,YES,UNKNOWN,NO,NO,https://www.federalreserve.gov/monetarypolicy/fomcminutes20160615.htm,VERIFIED_PRESENT,Eligibility inferred from named policymaker participation; no public individual SEP key
2016-06-15,loretta-j-mester,Loretta J. Mester,YES,UNKNOWN,NO,NO,https://www.federalreserve.gov/monetarypolicy/fomcminutes20160615.htm,VERIFIED_PRESENT,Eligibility inferred from named policymaker participation; no public individual SEP key
2016-06-15,neel-kashkari,Neel Kashkari,YES,UNKNOWN,NO,NO,https://www.federalreserve.gov/monetarypolicy/fomcminutes20160615.htm,VERIFIED_PRESENT,Eligibility inferred from named policymaker participation; no public individual SEP key
2016-06-15,patrick-harker,Patrick Harker,YES,UNKNOWN,NO,NO,https://www.federalreserve.gov/monetarypolicy/fomcminutes20160615.htm,VERIFIED_PRESENT,Eligibility inferred from named policymaker participation; no public individual SEP key
2016-06-15,robert-s-kaplan,Robert S. Kaplan,YES,UNKNOWN,NO,NO,https://www.federalreserve.gov/monetarypolicy/fomcminutes20160615.htm,VERIFIED_PRESENT,Eligibility inferred from named policymaker participation; no public individual SEP key
2016-06-15,stanley-fischer,Stanley Fischer,YES,UNKNOWN,NO,NO,https://www.federalreserve.gov/monetarypolicy/fomcminutes20160615.htm,VERIFIED_PRESENT,Eligibility inferred from named policymaker participation; no public individual SEP key
2016-06-15,william-c-dudley,William C. Dudley,YES,UNKNOWN,NO,NO,https://www.federalreserve.gov/monetarypolicy/fomcminutes20160615.htm,VERIFIED_PRESENT,Eligibility inferred from named policymaker participation; no public individual SEP key
2016-09-21,charles-l-evans,Charles L. Evans,YES,UNKNOWN,NO,NO,https://www.federalreserve.gov/monetarypolicy/fomcminutes20160921.htm,VERIFIED_PRESENT,Eligibility inferred from named policymaker participation; no public individual SEP key
2016-09-21,daniel-k-tarullo,Daniel K. Tarullo,YES,UNKNOWN,NO,NO,https://www.federalreserve.gov/monetarypolicy/fomcminutes20160921.htm,VERIFIED_PRESENT,Eligibility inferred from named policymaker participation; no public individual SEP key
2016-09-21,dennis-p-lockhart,Dennis P. Lockhart,YES,UNKNOWN,NO,NO,https://www.federalreserve.gov/monetarypolicy/fomcminutes20160921.htm,VERIFIED_PRESENT,Eligibility inferred from named policymaker participation; no public individual SEP key
2016-09-21,eric-s-rosengren,Eric S. Rosengren,YES,UNKNOWN,NO,NO,https://www.federalreserve.gov/monetarypolicy/fomcminutes20160921.htm,VERIFIED_PRESENT,Eligibility inferred from named policymaker participation; no public individual SEP key
2016-09-21,esther-l-george,Esther L. George,YES,UNKNOWN,NO,NO,https://www.federalreserve.gov/monetarypolicy/fomcminutes20160921.htm,VERIFIED_PRESENT,Eligibility inferred from named policymaker participation; no public individual SEP key
2016-09-21,james-bullard,James Bullard,YES,UNKNOWN,NO,NO,https://www.federalreserve.gov/monetarypolicy/fomcminutes20160921.htm,VERIFIED_PRESENT,Eligibility inferred from named policymaker participation; no public individual SEP key
2016-09-21,janet-l-yellen,Janet L. Yellen,YES,UNKNOWN,NO,NO,https://www.federalreserve.gov/monetarypolicy/fomcminutes20160921.htm,VERIFIED_PRESENT,Eligibility inferred from named policymaker participation; no public individual SEP key
2016-09-21,jeffrey-m-lacker,Jeffrey M. Lacker,YES,UNKNOWN,NO,NO,https://www.federalreserve.gov/monetarypolicy/fomcminutes20160921.htm,VERIFIED_PRESENT,Eligibility inferred from named policymaker participation; no public individual SEP key
2016-09-21,jerome-h-powell,Jerome H. Powell,YES,UNKNOWN,NO,NO,https://www.federalreserve.gov/monetarypolicy/fomcminutes20160921.htm,VERIFIED_PRESENT,Eligibility inferred from named policymaker participation; no public individual SEP key
2016-09-21,john-c-williams,John C. Williams,YES,UNKNOWN,NO,NO,https://www.federalreserve.gov/monetarypolicy/fomcminutes20160921.htm,VERIFIED_PRESENT,Eligibility inferred from named policymaker participation; no public individual SEP key
2016-09-21,lael-brainard,Lael Brainard,YES,UNKNOWN,NO,NO,https://www.federalreserve.gov/monetarypolicy/fomcminutes20160921.htm,VERIFIED_PRESENT,Eligibility inferred from named policymaker participation; no public individual SEP key
2016-09-21,loretta-j-mester,Loretta J. Mester,YES,UNKNOWN,NO,NO,https://www.federalreserve.gov/monetarypolicy/fomcminutes20160921.htm,VERIFIED_PRESENT,Eligibility inferred from named policymaker participation; no public individual SEP key
2016-09-21,michael-strine,Michael Strine,YES,UNKNOWN,NO,NO,https://www.federalreserve.gov/monetarypolicy/fomcminutes20160921.htm,VERIFIED_PRESENT,Eligibility inferred from named policymaker participation; no public individual SEP key
2016-09-21,neel-kashkari,Neel Kashkari,YES,UNKNOWN,NO,NO,https://www.federalreserve.gov/monetarypolicy/fomcminutes20160921.htm,VERIFIED_PRESENT,Eligibility inferred from named policymaker participation; no public individual SEP key
2016-09-21,patrick-harker,Patrick Harker,YES,UNKNOWN,NO,NO,https://www.federalreserve.gov/monetarypolicy/fomcminutes20160921.htm,VERIFIED_PRESENT,Eligibility inferred from named policymaker participation; no public individual SEP key
2016-09-21,robert-s-kaplan,Robert S. Kaplan,YES,UNKNOWN,NO,NO,https://www.federalreserve.gov/monetarypolicy/fomcminutes20160921.htm,VERIFIED_PRESENT,Eligibility inferred from named policymaker participation; no public individual SEP key
2016-09-21,stanley-fischer,Stanley Fischer,YES,UNKNOWN,NO,NO,https://www.federalreserve.gov/monetarypolicy/fomcminutes20160921.htm,VERIFIED_PRESENT,Eligibility inferred from named policymaker participation; no public individual SEP key
2016-09-21,william-c-dudley,William C. Dudley,YES,UNKNOWN,NO,NO,https://www.federalreserve.gov/monetarypolicy/fomcminutes20160921.htm,VERIFIED_PRESENT,Eligibility inferred from named policymaker participation; no public individual SEP key
2016-12-14,charles-l-evans,Charles L. Evans,YES,UNKNOWN,NO,NO,https://www.federalreserve.gov/monetarypolicy/fomcminutes20161214.htm,VERIFIED_PRESENT,Eligibility inferred from named policymaker participation; no public individual SEP key
2016-12-14,daniel-k-tarullo,Daniel K. Tarullo,YES,UNKNOWN,NO,NO,https://www.federalreserve.gov/monetarypolicy/fomcminutes20161214.htm,VERIFIED_PRESENT,Eligibility inferred from named policymaker participation; no public individual SEP key
2016-12-14,dennis-p-lockhart,Dennis P. Lockhart,YES,UNKNOWN,NO,NO,https://www.federalreserve.gov/monetarypolicy/fomcminutes20161214.htm,VERIFIED_PRESENT,Eligibility inferred from named policymaker participation; no public individual SEP key
2016-12-14,eric-s-rosengren,Eric S. Rosengren,YES,UNKNOWN,NO,NO,https://www.federalreserve.gov/monetarypolicy/fomcminutes20161214.htm,VERIFIED_PRESENT,Eligibility inferred from named policymaker participation; no public individual SEP key
2016-12-14,esther-l-george,Esther L. George,YES,UNKNOWN,NO,NO,https://www.federalreserve.gov/monetarypolicy/fomcminutes20161214.htm,VERIFIED_PRESENT,Eligibility inferred from named policymaker participation; no public individual SEP key
2016-12-14,james-bullard,James Bullard,YES,UNKNOWN,NO,NO,https://www.federalreserve.gov/monetarypolicy/fomcminutes20161214.htm,VERIFIED_PRESENT,Eligibility inferred from named policymaker participation; no public individual SEP key
2016-12-14,janet-l-yellen,Janet L. Yellen,YES,UNKNOWN,NO,NO,https://www.federalreserve.gov/monetarypolicy/fomcminutes20161214.htm,VERIFIED_PRESENT,Eligibility inferred from named policymaker participation; no public individual SEP key
2016-12-14,jeffrey-m-lacker,Jeffrey M. Lacker,YES,UNKNOWN,NO,NO,https://www.federalreserve.gov/monetarypolicy/fomcminutes20161214.htm,VERIFIED_PRESENT,Eligibility inferred from named policymaker participation; no public individual SEP key
2016-12-14,jerome-h-powell,Jerome H. Powell,YES,UNKNOWN,NO,NO,https://www.federalreserve.gov/monetarypolicy/fomcminutes20161214.htm,VERIFIED_PRESENT,Eligibility inferred from named policymaker participation; no public individual SEP key
2016-12-14,john-c-williams,John C. Williams,YES,UNKNOWN,NO,NO,https://www.federalreserve.gov/monetarypolicy/fomcminutes20161214.htm,VERIFIED_PRESENT,Eligibility inferred from named policymaker participation; no public individual SEP key
2016-12-14,lael-brainard,Lael Brainard,YES,UNKNOWN,NO,NO,https://www.federalreserve.gov/monetarypolicy/fomcminutes20161214.htm,VERIFIED_PRESENT,Eligibility inferred from named policymaker participation; no public individual SEP key
2016-12-14,loretta-j-mester,Loretta J. Mester,YES,UNKNOWN,NO,NO,https://www.federalreserve.gov/monetarypolicy/fomcminutes20161214.htm,VERIFIED_PRESENT,Eligibility inferred from named policymaker participation; no public individual SEP key
2016-12-14,michael-strine,Michael Strine,YES,UNKNOWN,NO,NO,https://www.federalreserve.gov/monetarypolicy/fomcminutes20161214.htm,VERIFIED_PRESENT,Eligibility inferred from named policymaker participation; no public individual SEP key
2016-12-14,neel-kashkari,Neel Kashkari,YES,UNKNOWN,NO,NO,https://www.federalreserve.gov/monetarypolicy/fomcminutes20161214.htm,VERIFIED_PRESENT,Eligibility inferred from named policymaker participation; no public individual SEP key
2016-12-14,patrick-harker,Patrick Harker,YES,UNKNOWN,NO,NO,https://www.federalreserve.gov/monetarypolicy/fomcminutes20161214.htm,VERIFIED_PRESENT,Eligibility inferred from named policymaker participation; no public individual SEP key
2016-12-14,robert-s-kaplan,Robert S. Kaplan,YES,UNKNOWN,NO,NO,https://www.federalreserve.gov/monetarypolicy/fomcminutes20161214.htm,VERIFIED_PRESENT,Eligibility inferred from named policymaker participation; no public individual SEP key
2016-12-14,stanley-fischer,Stanley Fischer,YES,UNKNOWN,NO,NO,https://www.federalreserve.gov/monetarypolicy/fomcminutes20161214.htm,VERIFIED_PRESENT,Eligibility inferred from named policymaker participation; no public individual SEP key
2016-12-14,william-c-dudley,William C. Dudley,YES,UNKNOWN,NO,NO,https://www.federalreserve.gov/monetarypolicy/fomcminutes20161214.htm,VERIFIED_PRESENT,Eligibility inferred from named policymaker participation; no public individual SEP key
2017-03-15,charles-l-evans,Charles L. Evans,YES,UNKNOWN,NO,NO,https://www.federalreserve.gov/monetarypolicy/fomcminutes20170315.htm,VERIFIED_PRESENT,Eligibility inferred from named policymaker participation; no public individual SEP key
2017-03-15,daniel-k-tarullo,Daniel K. Tarullo,YES,UNKNOWN,NO,NO,https://www.federalreserve.gov/monetarypolicy/fomcminutes20170315.htm,VERIFIED_PRESENT,Eligibility inferred from named policymaker participation; no public individual SEP key
2017-03-15,eric-s-rosengren,Eric S. Rosengren,YES,UNKNOWN,NO,NO,https://www.federalreserve.gov/monetarypolicy/fomcminutes20170315.htm,VERIFIED_PRESENT,Eligibility inferred from named policymaker participation; no public individual SEP key
2017-03-15,esther-l-george,Esther L. George,YES,UNKNOWN,NO,NO,https://www.federalreserve.gov/monetarypolicy/fomcminutes20170315.htm,VERIFIED_PRESENT,Eligibility inferred from named policymaker participation; no public individual SEP key
2017-03-15,james-bullard,James Bullard,YES,UNKNOWN,NO,NO,https://www.federalreserve.gov/monetarypolicy/fomcminutes20170315.htm,VERIFIED_PRESENT,Eligibility inferred from named policymaker participation; no public individual SEP key
2017-03-15,janet-l-yellen,Janet L. Yellen,YES,UNKNOWN,NO,NO,https://www.federalreserve.gov/monetarypolicy/fomcminutes20170315.htm,VERIFIED_PRESENT,Eligibility inferred from named policymaker participation; no public individual SEP key
2017-03-15,jeffrey-m-lacker,Jeffrey M. Lacker,YES,UNKNOWN,NO,NO,https://www.federalreserve.gov/monetarypolicy/fomcminutes20170315.htm,VERIFIED_PRESENT,Eligibility inferred from named policymaker participation; no public individual SEP key
2017-03-15,jerome-h-powell,Jerome H. Powell,YES,UNKNOWN,NO,NO,https://www.federalreserve.gov/monetarypolicy/fomcminutes20170315.htm,VERIFIED_PRESENT,Eligibility inferred from named policymaker participation; no public individual SEP key
2017-03-15,john-c-williams,John C. Williams,YES,UNKNOWN,NO,NO,https://www.federalreserve.gov/monetarypolicy/fomcminutes20170315.htm,VERIFIED_PRESENT,Eligibility inferred from named policymaker participation; no public individual SEP key
2017-03-15,lael-brainard,Lael Brainard,YES,UNKNOWN,NO,NO,https://www.federalreserve.gov/monetarypolicy/fomcminutes20170315.htm,VERIFIED_PRESENT,Eligibility inferred from named policymaker participation; no public individual SEP key
2017-03-15,loretta-j-mester,Loretta J. Mester,YES,UNKNOWN,NO,NO,https://www.federalreserve.gov/monetarypolicy/fomcminutes20170315.htm,VERIFIED_PRESENT,Eligibility inferred from named policymaker participation; no public individual SEP key
2017-03-15,marie-gooding,Marie Gooding,YES,UNKNOWN,NO,NO,https://www.federalreserve.gov/monetarypolicy/fomcminutes20170315.htm,VERIFIED_PRESENT,Eligibility inferred from named policymaker participation; no public individual SEP key
2017-03-15,neel-kashkari,Neel Kashkari,YES,UNKNOWN,NO,NO,https://www.federalreserve.gov/monetarypolicy/fomcminutes20170315.htm,VERIFIED_PRESENT,Eligibility inferred from named policymaker participation; no public individual SEP key
2017-03-15,patrick-harker,Patrick Harker,YES,UNKNOWN,NO,NO,https://www.federalreserve.gov/monetarypolicy/fomcminutes20170315.htm,VERIFIED_PRESENT,Eligibility inferred from named policymaker participation; no public individual SEP key
2017-03-15,robert-s-kaplan,Robert S. Kaplan,YES,UNKNOWN,NO,NO,https://www.federalreserve.gov/monetarypolicy/fomcminutes20170315.htm,VERIFIED_PRESENT,Eligibility inferred from named policymaker participation; no public individual SEP key
2017-03-15,stanley-fischer,Stanley Fischer,YES,UNKNOWN,NO,NO,https://www.federalreserve.gov/monetarypolicy/fomcminutes20170315.htm,VERIFIED_PRESENT,Eligibility inferred from named policymaker participation; no public individual SEP key
2017-03-15,william-c-dudley,William C. Dudley,YES,UNKNOWN,NO,NO,https://www.federalreserve.gov/monetarypolicy/fomcminutes20170315.htm,VERIFIED_PRESENT,Eligibility inferred from named policymaker participation; no public individual SEP key
2017-06-14,charles-l-evans,Charles L. Evans,YES,UNKNOWN,NO,NO,https://www.federalreserve.gov/monetarypolicy/fomcminutes20170614.htm,VERIFIED_PRESENT,Eligibility inferred from named policymaker participation; no public individual SEP key
2017-06-14,eric-s-rosengren,Eric S. Rosengren,YES,UNKNOWN,NO,NO,https://www.federalreserve.gov/monetarypolicy/fomcminutes20170614.htm,VERIFIED_PRESENT,Eligibility inferred from named policymaker participation; no public individual SEP key
2017-06-14,esther-l-george,Esther L. George,YES,UNKNOWN,NO,NO,https://www.federalreserve.gov/monetarypolicy/fomcminutes20170614.htm,VERIFIED_PRESENT,Eligibility inferred from named policymaker participation; no public individual SEP key
2017-06-14,james-bullard,James Bullard,YES,UNKNOWN,NO,NO,https://www.federalreserve.gov/monetarypolicy/fomcminutes20170614.htm,VERIFIED_PRESENT,Eligibility inferred from named policymaker participation; no public individual SEP key
2017-06-14,janet-l-yellen,Janet L. Yellen,YES,UNKNOWN,NO,NO,https://www.federalreserve.gov/monetarypolicy/fomcminutes20170614.htm,VERIFIED_PRESENT,Eligibility inferred from named policymaker participation; no public individual SEP key
2017-06-14,jerome-h-powell,Jerome H. Powell,YES,UNKNOWN,NO,NO,https://www.federalreserve.gov/monetarypolicy/fomcminutes20170614.htm,VERIFIED_PRESENT,Eligibility inferred from named policymaker participation; no public individual SEP key
2017-06-14,john-c-williams,John C. Williams,YES,UNKNOWN,NO,NO,https://www.federalreserve.gov/monetarypolicy/fomcminutes20170614.htm,VERIFIED_PRESENT,Eligibility inferred from named policymaker participation; no public individual SEP key
2017-06-14,lael-brainard,Lael Brainard,YES,UNKNOWN,NO,NO,https://www.federalreserve.gov/monetarypolicy/fomcminutes20170614.htm,VERIFIED_PRESENT,Eligibility inferred from named policymaker participation; no public individual SEP key
2017-06-14,loretta-j-mester,Loretta J. Mester,YES,UNKNOWN,NO,NO,https://www.federalreserve.gov/monetarypolicy/fomcminutes20170614.htm,VERIFIED_PRESENT,Eligibility inferred from named policymaker participation; no public individual SEP key
2017-06-14,mark-l-mullinix,Mark L. Mullinix,YES,UNKNOWN,NO,NO,https://www.federalreserve.gov/monetarypolicy/fomcminutes20170614.htm,VERIFIED_PRESENT,Eligibility inferred from named policymaker participation; no public individual SEP key
2017-06-14,michael-strine,Michael Strine,YES,UNKNOWN,NO,NO,https://www.federalreserve.gov/monetarypolicy/fomcminutes20170614.htm,VERIFIED_PRESENT,Eligibility inferred from named policymaker participation; no public individual SEP key
2017-06-14,neel-kashkari,Neel Kashkari,YES,UNKNOWN,NO,NO,https://www.federalreserve.gov/monetarypolicy/fomcminutes20170614.htm,VERIFIED_PRESENT,Eligibility inferred from named policymaker participation; no public individual SEP key
2017-06-14,patrick-harker,Patrick Harker,YES,UNKNOWN,NO,NO,https://www.federalreserve.gov/monetarypolicy/fomcminutes20170614.htm,VERIFIED_PRESENT,Eligibility inferred from named policymaker participation; no public individual SEP key
2017-06-14,raphael-w-bostic,Raphael W. Bostic,YES,UNKNOWN,NO,NO,https://www.federalreserve.gov/monetarypolicy/fomcminutes20170614.htm,VERIFIED_PRESENT,Eligibility inferred from named policymaker participation; no public individual SEP key
2017-06-14,robert-s-kaplan,Robert S. Kaplan,YES,UNKNOWN,NO,NO,https://www.federalreserve.gov/monetarypolicy/fomcminutes20170614.htm,VERIFIED_PRESENT,Eligibility inferred from named policymaker participation; no public individual SEP key
2017-06-14,stanley-fischer,Stanley Fischer,YES,UNKNOWN,NO,NO,https://www.federalreserve.gov/monetarypolicy/fomcminutes20170614.htm,VERIFIED_PRESENT,Eligibility inferred from named policymaker participation; no public individual SEP key
2017-06-14,william-c-dudley,William C. Dudley,YES,UNKNOWN,NO,NO,https://www.federalreserve.gov/monetarypolicy/fomcminutes20170614.htm,VERIFIED_PRESENT,Eligibility inferred from named policymaker participation; no public individual SEP key
2017-09-20,charles-l-evans,Charles L. Evans,YES,UNKNOWN,NO,NO,https://www.federalreserve.gov/monetarypolicy/fomcminutes20170920.htm,VERIFIED_PRESENT,Eligibility inferred from named policymaker participation; no public individual SEP key
2017-09-20,eric-s-rosengren,Eric S. Rosengren,YES,UNKNOWN,NO,NO,https://www.federalreserve.gov/monetarypolicy/fomcminutes20170920.htm,VERIFIED_PRESENT,Eligibility inferred from named policymaker participation; no public individual SEP key
2017-09-20,esther-l-george,Esther L. George,YES,UNKNOWN,NO,NO,https://www.federalreserve.gov/monetarypolicy/fomcminutes20170920.htm,VERIFIED_PRESENT,Eligibility inferred from named policymaker participation; no public individual SEP key
2017-09-20,james-bullard,James Bullard,YES,UNKNOWN,NO,NO,https://www.federalreserve.gov/monetarypolicy/fomcminutes20170920.htm,VERIFIED_PRESENT,Eligibility inferred from named policymaker participation; no public individual SEP key
2017-09-20,janet-l-yellen,Janet L. Yellen,YES,UNKNOWN,NO,NO,https://www.federalreserve.gov/monetarypolicy/fomcminutes20170920.htm,VERIFIED_PRESENT,Eligibility inferred from named policymaker participation; no public individual SEP key
2017-09-20,jerome-h-powell,Jerome H. Powell,YES,UNKNOWN,NO,NO,https://www.federalreserve.gov/monetarypolicy/fomcminutes20170920.htm,VERIFIED_PRESENT,Eligibility inferred from named policymaker participation; no public individual SEP key
2017-09-20,john-c-williams,John C. Williams,YES,UNKNOWN,NO,NO,https://www.federalreserve.gov/monetarypolicy/fomcminutes20170920.htm,VERIFIED_PRESENT,Eligibility inferred from named policymaker participation; no public individual SEP key
2017-09-20,lael-brainard,Lael Brainard,YES,UNKNOWN,NO,NO,https://www.federalreserve.gov/monetarypolicy/fomcminutes20170920.htm,VERIFIED_PRESENT,Eligibility inferred from named policymaker participation; no public individual SEP key
2017-09-20,loretta-j-mester,Loretta J. Mester,YES,UNKNOWN,NO,NO,https://www.federalreserve.gov/monetarypolicy/fomcminutes20170920.htm,VERIFIED_PRESENT,Eligibility inferred from named policymaker participation; no public individual SEP key
2017-09-20,mark-l-mullinix,Mark L. Mullinix,YES,UNKNOWN,NO,NO,https://www.federalreserve.gov/monetarypolicy/fomcminutes20170920.htm,VERIFIED_PRESENT,Eligibility inferred from named policymaker participation; no public individual SEP key
2017-09-20,neel-kashkari,Neel Kashkari,YES,UNKNOWN,NO,NO,https://www.federalreserve.gov/monetarypolicy/fomcminutes20170920.htm,VERIFIED_PRESENT,Eligibility inferred from named policymaker participation; no public individual SEP key
2017-09-20,patrick-harker,Patrick Harker,YES,UNKNOWN,NO,NO,https://www.federalreserve.gov/monetarypolicy/fomcminutes20170920.htm,VERIFIED_PRESENT,Eligibility inferred from named policymaker participation; no public individual SEP key
2017-09-20,raphael-w-bostic,Raphael W. Bostic,YES,UNKNOWN,NO,NO,https://www.federalreserve.gov/monetarypolicy/fomcminutes20170920.htm,VERIFIED_PRESENT,Eligibility inferred from named policymaker participation; no public individual SEP key
2017-09-20,robert-s-kaplan,Robert S. Kaplan,YES,UNKNOWN,NO,NO,https://www.federalreserve.gov/monetarypolicy/fomcminutes20170920.htm,VERIFIED_PRESENT,Eligibility inferred from named policymaker participation; no public individual SEP key
2017-09-20,stanley-fischer,Stanley Fischer,YES,UNKNOWN,NO,NO,https://www.federalreserve.gov/monetarypolicy/fomcminutes20170920.htm,VERIFIED_PRESENT,Eligibility inferred from named policymaker participation; no public individual SEP key
2017-09-20,william-c-dudley,William C. Dudley,YES,UNKNOWN,NO,NO,https://www.federalreserve.gov/monetarypolicy/fomcminutes20170920.htm,VERIFIED_PRESENT,Eligibility inferred from named policymaker participation; no public individual SEP key
2017-12-13,charles-l-evans,Charles L. Evans,YES,UNKNOWN,NO,NO,https://www.federalreserve.gov/monetarypolicy/fomcminutes20171213.htm,VERIFIED_PRESENT,Eligibility inferred from named policymaker participation; no public individual SEP key
2017-12-13,eric-s-rosengren,Eric S. Rosengren,YES,UNKNOWN,NO,NO,https://www.federalreserve.gov/monetarypolicy/fomcminutes20171213.htm,VERIFIED_PRESENT,Eligibility inferred from named policymaker participation; no public individual SEP key
2017-12-13,esther-l-george,Esther L. George,YES,UNKNOWN,NO,NO,https://www.federalreserve.gov/monetarypolicy/fomcminutes20171213.htm,VERIFIED_PRESENT,Eligibility inferred from named policymaker participation; no public individual SEP key
2017-12-13,james-bullard,James Bullard,YES,UNKNOWN,NO,NO,https://www.federalreserve.gov/monetarypolicy/fomcminutes20171213.htm,VERIFIED_PRESENT,Eligibility inferred from named policymaker participation; no public individual SEP key
2017-12-13,janet-l-yellen,Janet L. Yellen,YES,UNKNOWN,NO,NO,https://www.federalreserve.gov/monetarypolicy/fomcminutes20171213.htm,VERIFIED_PRESENT,Eligibility inferred from named policymaker participation; no public individual SEP key
2017-12-13,jerome-h-powell,Jerome H. Powell,YES,UNKNOWN,NO,NO,https://www.federalreserve.gov/monetarypolicy/fomcminutes20171213.htm,VERIFIED_PRESENT,Eligibility inferred from named policymaker participation; no public individual SEP key
2017-12-13,john-c-williams,John C. Williams,YES,UNKNOWN,NO,NO,https://www.federalreserve.gov/monetarypolicy/fomcminutes20171213.htm,VERIFIED_PRESENT,Eligibility inferred from named policymaker participation; no public individual SEP key
2017-12-13,lael-brainard,Lael Brainard,YES,UNKNOWN,NO,NO,https://www.federalreserve.gov/monetarypolicy/fomcminutes20171213.htm,VERIFIED_PRESENT,Eligibility inferred from named policymaker participation; no public individual SEP key
2017-12-13,loretta-j-mester,Loretta J. Mester,YES,UNKNOWN,NO,NO,https://www.federalreserve.gov/monetarypolicy/fomcminutes20171213.htm,VERIFIED_PRESENT,Eligibility inferred from named policymaker participation; no public individual SEP key
2017-12-13,mark-l-mullinix,Mark L. Mullinix,YES,UNKNOWN,NO,NO,https://www.federalreserve.gov/monetarypolicy/fomcminutes20171213.htm,VERIFIED_PRESENT,Eligibility inferred from named policymaker participation; no public individual SEP key
2017-12-13,michael-strine,Michael Strine,YES,UNKNOWN,NO,NO,https://www.federalreserve.gov/monetarypolicy/fomcminutes20171213.htm,VERIFIED_PRESENT,Eligibility inferred from named policymaker participation; no public individual SEP key
2017-12-13,neel-kashkari,Neel Kashkari,YES,UNKNOWN,NO,NO,https://www.federalreserve.gov/monetarypolicy/fomcminutes20171213.htm,VERIFIED_PRESENT,Eligibility inferred from named policymaker participation; no public individual SEP key
2017-12-13,patrick-harker,Patrick Harker,YES,UNKNOWN,NO,NO,https://www.federalreserve.gov/monetarypolicy/fomcminutes20171213.htm,VERIFIED_PRESENT,Eligibility inferred from named policymaker participation; no public individual SEP key
2017-12-13,randal-k-quarles,Randal K. Quarles,YES,UNKNOWN,NO,NO,https://www.federalreserve.gov/monetarypolicy/fomcminutes20171213.htm,VERIFIED_PRESENT,Eligibility inferred from named policymaker participation; no public individual SEP key
2017-12-13,raphael-w-bostic,Raphael W. Bostic,YES,UNKNOWN,NO,NO,https://www.federalreserve.gov/monetarypolicy/fomcminutes20171213.htm,VERIFIED_PRESENT,Eligibility inferred from named policymaker participation; no public individual SEP key
2017-12-13,robert-s-kaplan,Robert S. Kaplan,YES,UNKNOWN,NO,NO,https://www.federalreserve.gov/monetarypolicy/fomcminutes20171213.htm,VERIFIED_PRESENT,Eligibility inferred from named policymaker participation; no public individual SEP key
2017-12-13,william-c-dudley,William C. Dudley,YES,UNKNOWN,NO,NO,https://www.federalreserve.gov/monetarypolicy/fomcminutes20171213.htm,VERIFIED_PRESENT,Eligibility inferred from named policymaker participation; no public individual SEP key
2018-03-21,charles-l-evans,Charles L. Evans,YES,UNKNOWN,NO,NO,https://www.federalreserve.gov/monetarypolicy/fomcminutes20180321.htm,VERIFIED_PRESENT,Eligibility inferred from named policymaker participation; no public individual SEP key
2018-03-21,eric-s-rosengren,Eric S. Rosengren,YES,UNKNOWN,NO,NO,https://www.federalreserve.gov/monetarypolicy/fomcminutes20180321.htm,VERIFIED_PRESENT,Eligibility inferred from named policymaker participation; no public individual SEP key
2018-03-21,esther-l-george,Esther L. George,YES,UNKNOWN,NO,NO,https://www.federalreserve.gov/monetarypolicy/fomcminutes20180321.htm,VERIFIED_PRESENT,Eligibility inferred from named policymaker participation; no public individual SEP key
2018-03-21,james-bullard,James Bullard,YES,UNKNOWN,NO,NO,https://www.federalreserve.gov/monetarypolicy/fomcminutes20180321.htm,VERIFIED_PRESENT,Eligibility inferred from named policymaker participation; no public individual SEP key
2018-03-21,jerome-h-powell,Jerome H. Powell,YES,UNKNOWN,NO,NO,https://www.federalreserve.gov/monetarypolicy/fomcminutes20180321.htm,VERIFIED_PRESENT,Eligibility inferred from named policymaker participation; no public individual SEP key
2018-03-21,john-c-williams,John C. Williams,YES,UNKNOWN,NO,NO,https://www.federalreserve.gov/monetarypolicy/fomcminutes20180321.htm,VERIFIED_PRESENT,Eligibility inferred from named policymaker participation; no public individual SEP key
2018-03-21,lael-brainard,Lael Brainard,YES,UNKNOWN,NO,NO,https://www.federalreserve.gov/monetarypolicy/fomcminutes20180321.htm,VERIFIED_PRESENT,Eligibility inferred from named policymaker participation; no public individual SEP key
2018-03-21,loretta-j-mester,Loretta J. Mester,YES,UNKNOWN,NO,NO,https://www.federalreserve.gov/monetarypolicy/fomcminutes20180321.htm,VERIFIED_PRESENT,Eligibility inferred from named policymaker participation; no public individual SEP key
2018-03-21,michael-strine,Michael Strine,YES,UNKNOWN,NO,NO,https://www.federalreserve.gov/monetarypolicy/fomcminutes20180321.htm,VERIFIED_PRESENT,Eligibility inferred from named policymaker participation; no public individual SEP key
2018-03-21,neel-kashkari,Neel Kashkari,YES,UNKNOWN,NO,NO,https://www.federalreserve.gov/monetarypolicy/fomcminutes20180321.htm,VERIFIED_PRESENT,Eligibility inferred from named policymaker participation; no public individual SEP key
2018-03-21,patrick-harker,Patrick Harker,YES,UNKNOWN,NO,NO,https://www.federalreserve.gov/monetarypolicy/fomcminutes20180321.htm,VERIFIED_PRESENT,Eligibility inferred from named policymaker participation; no public individual SEP key
2018-03-21,randal-k-quarles,Randal K. Quarles,YES,UNKNOWN,NO,NO,https://www.federalreserve.gov/monetarypolicy/fomcminutes20180321.htm,VERIFIED_PRESENT,Eligibility inferred from named policymaker participation; no public individual SEP key
2018-03-21,raphael-w-bostic,Raphael W. Bostic,YES,UNKNOWN,NO,NO,https://www.federalreserve.gov/monetarypolicy/fomcminutes20180321.htm,VERIFIED_PRESENT,Eligibility inferred from named policymaker participation; no public individual SEP key
2018-03-21,robert-s-kaplan,Robert S. Kaplan,YES,UNKNOWN,NO,NO,https://www.federalreserve.gov/monetarypolicy/fomcminutes20180321.htm,VERIFIED_PRESENT,Eligibility inferred from named policymaker participation; no public individual SEP key
2018-03-21,thomas-i-barkin,Thomas I. Barkin,YES,UNKNOWN,NO,NO,https://www.federalreserve.gov/monetarypolicy/fomcminutes20180321.htm,VERIFIED_PRESENT,Eligibility inferred from named policymaker participation; no public individual SEP key
2018-03-21,william-c-dudley,William C. Dudley,YES,UNKNOWN,NO,NO,https://www.federalreserve.gov/monetarypolicy/fomcminutes20180321.htm,VERIFIED_PRESENT,Eligibility inferred from named policymaker participation; no public individual SEP key
2018-06-13,charles-l-evans,Charles L. Evans,YES,UNKNOWN,NO,NO,https://www.federalreserve.gov/monetarypolicy/fomcminutes20180613.htm,VERIFIED_PRESENT,Eligibility inferred from named policymaker participation; no public individual SEP key
2018-06-13,eric-s-rosengren,Eric S. Rosengren,YES,UNKNOWN,NO,NO,https://www.federalreserve.gov/monetarypolicy/fomcminutes20180613.htm,VERIFIED_PRESENT,Eligibility inferred from named policymaker participation; no public individual SEP key
2018-06-13,esther-l-george,Esther L. George,YES,UNKNOWN,NO,NO,https://www.federalreserve.gov/monetarypolicy/fomcminutes20180613.htm,VERIFIED_PRESENT,Eligibility inferred from named policymaker participation; no public individual SEP key
2018-06-13,james-bullard,James Bullard,YES,UNKNOWN,NO,NO,https://www.federalreserve.gov/monetarypolicy/fomcminutes20180613.htm,VERIFIED_PRESENT,Eligibility inferred from named policymaker participation; no public individual SEP key
2018-06-13,jerome-h-powell,Jerome H. Powell,YES,UNKNOWN,NO,NO,https://www.federalreserve.gov/monetarypolicy/fomcminutes20180613.htm,VERIFIED_PRESENT,Eligibility inferred from named policymaker participation; no public individual SEP key
2018-06-13,john-c-williams,John C. Williams,YES,UNKNOWN,NO,NO,https://www.federalreserve.gov/monetarypolicy/fomcminutes20180613.htm,VERIFIED_PRESENT,Eligibility inferred from named policymaker participation; no public individual SEP key
2018-06-13,lael-brainard,Lael Brainard,YES,UNKNOWN,NO,NO,https://www.federalreserve.gov/monetarypolicy/fomcminutes20180613.htm,VERIFIED_PRESENT,Eligibility inferred from named policymaker participation; no public individual SEP key
2018-06-13,loretta-j-mester,Loretta J. Mester,YES,UNKNOWN,NO,NO,https://www.federalreserve.gov/monetarypolicy/fomcminutes20180613.htm,VERIFIED_PRESENT,Eligibility inferred from named policymaker participation; no public individual SEP key
2018-06-13,michael-strine,Michael Strine,YES,UNKNOWN,NO,NO,https://www.federalreserve.gov/monetarypolicy/fomcminutes20180613.htm,VERIFIED_PRESENT,Eligibility inferred from named policymaker participation; no public individual SEP key
2018-06-13,neel-kashkari,Neel Kashkari,YES,UNKNOWN,NO,NO,https://www.federalreserve.gov/monetarypolicy/fomcminutes20180613.htm,VERIFIED_PRESENT,Eligibility inferred from named policymaker participation; no public individual SEP key
2018-06-13,patrick-harker,Patrick Harker,YES,UNKNOWN,NO,NO,https://www.federalreserve.gov/monetarypolicy/fomcminutes20180613.htm,VERIFIED_PRESENT,Eligibility inferred from named policymaker participation; no public individual SEP key
2018-06-13,randal-k-quarles,Randal K. Quarles,YES,UNKNOWN,NO,NO,https://www.federalreserve.gov/monetarypolicy/fomcminutes20180613.htm,VERIFIED_PRESENT,Eligibility inferred from named policymaker participation; no public individual SEP key
2018-06-13,raphael-w-bostic,Raphael W. Bostic,YES,UNKNOWN,NO,NO,https://www.federalreserve.gov/monetarypolicy/fomcminutes20180613.htm,VERIFIED_PRESENT,Eligibility inferred from named policymaker participation; no public individual SEP key
2018-06-13,robert-s-kaplan,Robert S. Kaplan,YES,UNKNOWN,NO,NO,https://www.federalreserve.gov/monetarypolicy/fomcminutes20180613.htm,VERIFIED_PRESENT,Eligibility inferred from named policymaker participation; no public individual SEP key
2018-06-13,thomas-i-barkin,Thomas I. Barkin,YES,UNKNOWN,NO,NO,https://www.federalreserve.gov/monetarypolicy/fomcminutes20180613.htm,VERIFIED_PRESENT,Eligibility inferred from named policymaker participation; no public individual SEP key
2018-06-13,william-c-dudley,William C. Dudley,YES,UNKNOWN,NO,NO,https://www.federalreserve.gov/monetarypolicy/fomcminutes20180613.htm,VERIFIED_PRESENT,Eligibility inferred from named policymaker participation; no public individual SEP key
2018-09-26,charles-l-evans,Charles L. Evans,YES,UNKNOWN,NO,NO,https://www.federalreserve.gov/monetarypolicy/fomcminutes20180926.htm,VERIFIED_PRESENT,Eligibility inferred from named policymaker participation; no public individual SEP key
2018-09-26,eric-s-rosengren,Eric S. Rosengren,YES,UNKNOWN,NO,NO,https://www.federalreserve.gov/monetarypolicy/fomcminutes20180926.htm,VERIFIED_PRESENT,Eligibility inferred from named policymaker participation; no public individual SEP key
2018-09-26,esther-l-george,Esther L. George,YES,UNKNOWN,NO,NO,https://www.federalreserve.gov/monetarypolicy/fomcminutes20180926.htm,VERIFIED_PRESENT,Eligibility inferred from named policymaker participation; no public individual SEP key
2018-09-26,james-bullard,James Bullard,YES,UNKNOWN,NO,NO,https://www.federalreserve.gov/monetarypolicy/fomcminutes20180926.htm,VERIFIED_PRESENT,Eligibility inferred from named policymaker participation; no public individual SEP key
2018-09-26,jerome-h-powell,Jerome H. Powell,YES,UNKNOWN,NO,NO,https://www.federalreserve.gov/monetarypolicy/fomcminutes20180926.htm,VERIFIED_PRESENT,Eligibility inferred from named policymaker participation; no public individual SEP key
2018-09-26,john-c-williams,John C. Williams,YES,UNKNOWN,NO,NO,https://www.federalreserve.gov/monetarypolicy/fomcminutes20180926.htm,VERIFIED_PRESENT,Eligibility inferred from named policymaker participation; no public individual SEP key
2018-09-26,lael-brainard,Lael Brainard,YES,UNKNOWN,NO,NO,https://www.federalreserve.gov/monetarypolicy/fomcminutes20180926.htm,VERIFIED_PRESENT,Eligibility inferred from named policymaker participation; no public individual SEP key
2018-09-26,loretta-j-mester,Loretta J. Mester,YES,UNKNOWN,NO,NO,https://www.federalreserve.gov/monetarypolicy/fomcminutes20180926.htm,VERIFIED_PRESENT,Eligibility inferred from named policymaker participation; no public individual SEP key
2018-09-26,michael-strine,Michael Strine,YES,UNKNOWN,NO,NO,https://www.federalreserve.gov/monetarypolicy/fomcminutes20180926.htm,VERIFIED_PRESENT,Eligibility inferred from named policymaker participation; no public individual SEP key
2018-09-26,neel-kashkari,Neel Kashkari,YES,UNKNOWN,NO,NO,https://www.federalreserve.gov/monetarypolicy/fomcminutes20180926.htm,VERIFIED_PRESENT,Eligibility inferred from named policymaker participation; no public individual SEP key
2018-09-26,patrick-harker,Patrick Harker,YES,UNKNOWN,NO,NO,https://www.federalreserve.gov/monetarypolicy/fomcminutes20180926.htm,VERIFIED_PRESENT,Eligibility inferred from named policymaker participation; no public individual SEP key
2018-09-26,randal-k-quarles,Randal K. Quarles,YES,UNKNOWN,NO,NO,https://www.federalreserve.gov/monetarypolicy/fomcminutes20180926.htm,VERIFIED_PRESENT,Eligibility inferred from named policymaker participation; no public individual SEP key
2018-09-26,raphael-w-bostic,Raphael W. Bostic,YES,UNKNOWN,NO,NO,https://www.federalreserve.gov/monetarypolicy/fomcminutes20180926.htm,VERIFIED_PRESENT,Eligibility inferred from named policymaker participation; no public individual SEP key
2018-09-26,richard-h-clarida,Richard H. Clarida,YES,UNKNOWN,NO,NO,https://www.federalreserve.gov/monetarypolicy/fomcminutes20180926.htm,VERIFIED_PRESENT,Eligibility inferred from named policymaker participation; no public individual SEP key
2018-09-26,robert-s-kaplan,Robert S. Kaplan,YES,UNKNOWN,NO,NO,https://www.federalreserve.gov/monetarypolicy/fomcminutes20180926.htm,VERIFIED_PRESENT,Eligibility inferred from named policymaker participation; no public individual SEP key
2018-09-26,thomas-i-barkin,Thomas I. Barkin,YES,UNKNOWN,NO,NO,https://www.federalreserve.gov/monetarypolicy/fomcminutes20180926.htm,VERIFIED_PRESENT,Eligibility inferred from named policymaker participation; no public individual SEP key
2018-12-19,charles-l-evans,Charles L. Evans,YES,UNKNOWN,NO,NO,https://www.federalreserve.gov/monetarypolicy/fomcminutes20181219.htm,VERIFIED_PRESENT,Eligibility inferred from named policymaker participation; no public individual SEP key
2018-12-19,eric-s-rosengren,Eric S. Rosengren,YES,UNKNOWN,NO,NO,https://www.federalreserve.gov/monetarypolicy/fomcminutes20181219.htm,VERIFIED_PRESENT,Eligibility inferred from named policymaker participation; no public individual SEP key
2018-12-19,esther-l-george,Esther L. George,YES,UNKNOWN,NO,NO,https://www.federalreserve.gov/monetarypolicy/fomcminutes20181219.htm,VERIFIED_PRESENT,Eligibility inferred from named policymaker participation; no public individual SEP key
2018-12-19,james-bullard,James Bullard,YES,UNKNOWN,NO,NO,https://www.federalreserve.gov/monetarypolicy/fomcminutes20181219.htm,VERIFIED_PRESENT,Eligibility inferred from named policymaker participation; no public individual SEP key
2018-12-19,jerome-h-powell,Jerome H. Powell,YES,UNKNOWN,NO,NO,https://www.federalreserve.gov/monetarypolicy/fomcminutes20181219.htm,VERIFIED_PRESENT,Eligibility inferred from named policymaker participation; no public individual SEP key
2018-12-19,john-c-williams,John C. Williams,YES,UNKNOWN,NO,NO,https://www.federalreserve.gov/monetarypolicy/fomcminutes20181219.htm,VERIFIED_PRESENT,Eligibility inferred from named policymaker participation; no public individual SEP key
2018-12-19,lael-brainard,Lael Brainard,YES,UNKNOWN,NO,NO,https://www.federalreserve.gov/monetarypolicy/fomcminutes20181219.htm,VERIFIED_PRESENT,Eligibility inferred from named policymaker participation; no public individual SEP key
2018-12-19,loretta-j-mester,Loretta J. Mester,YES,UNKNOWN,NO,NO,https://www.federalreserve.gov/monetarypolicy/fomcminutes20181219.htm,VERIFIED_PRESENT,Eligibility inferred from named policymaker participation; no public individual SEP key
2018-12-19,mary-c-daly,Mary C. Daly,YES,UNKNOWN,NO,NO,https://www.federalreserve.gov/monetarypolicy/fomcminutes20181219.htm,VERIFIED_PRESENT,Eligibility inferred from named policymaker participation; no public individual SEP key
2018-12-19,michael-strine,Michael Strine,YES,UNKNOWN,NO,NO,https://www.federalreserve.gov/monetarypolicy/fomcminutes20181219.htm,VERIFIED_PRESENT,Eligibility inferred from named policymaker participation; no public individual SEP key
2018-12-19,michelle-w-bowman,Michelle W. Bowman,YES,UNKNOWN,NO,NO,https://www.federalreserve.gov/monetarypolicy/fomcminutes20181219.htm,VERIFIED_PRESENT,Eligibility inferred from named policymaker participation; no public individual SEP key
2018-12-19,neel-kashkari,Neel Kashkari,YES,UNKNOWN,NO,NO,https://www.federalreserve.gov/monetarypolicy/fomcminutes20181219.htm,VERIFIED_PRESENT,Eligibility inferred from named policymaker participation; no public individual SEP key
2018-12-19,patrick-harker,Patrick Harker,YES,UNKNOWN,NO,NO,https://www.federalreserve.gov/monetarypolicy/fomcminutes20181219.htm,VERIFIED_PRESENT,Eligibility inferred from named policymaker participation; no public individual SEP key
2018-12-19,randal-k-quarles,Randal K. Quarles,YES,UNKNOWN,NO,NO,https://www.federalreserve.gov/monetarypolicy/fomcminutes20181219.htm,VERIFIED_PRESENT,Eligibility inferred from named policymaker participation; no public individual SEP key
2018-12-19,raphael-w-bostic,Raphael W. Bostic,YES,UNKNOWN,NO,NO,https://www.federalreserve.gov/monetarypolicy/fomcminutes20181219.htm,VERIFIED_PRESENT,Eligibility inferred from named policymaker participation; no public individual SEP key
2018-12-19,richard-h-clarida,Richard H. Clarida,YES,UNKNOWN,NO,NO,https://www.federalreserve.gov/monetarypolicy/fomcminutes20181219.htm,VERIFIED_PRESENT,Eligibility inferred from named policymaker participation; no public individual SEP key
2018-12-19,robert-s-kaplan,Robert S. Kaplan,YES,UNKNOWN,NO,NO,https://www.federalreserve.gov/monetarypolicy/fomcminutes20181219.htm,VERIFIED_PRESENT,Eligibility inferred from named policymaker participation; no public individual SEP key
2018-12-19,thomas-i-barkin,Thomas I. Barkin,YES,UNKNOWN,NO,NO,https://www.federalreserve.gov/monetarypolicy/fomcminutes20181219.htm,VERIFIED_PRESENT,Eligibility inferred from named policymaker participation; no public individual SEP key
2019-03-20,charles-l-evans,Charles L. Evans,YES,UNKNOWN,NO,NO,https://www.federalreserve.gov/monetarypolicy/fomcminutes20190320.htm,VERIFIED_PRESENT,Eligibility inferred from named policymaker participation; no public individual SEP key
2019-03-20,eric-s-rosengren,Eric S. Rosengren,YES,UNKNOWN,NO,NO,https://www.federalreserve.gov/monetarypolicy/fomcminutes20190320.htm,VERIFIED_PRESENT,Eligibility inferred from named policymaker participation; no public individual SEP key
2019-03-20,esther-l-george,Esther L. George,YES,UNKNOWN,NO,NO,https://www.federalreserve.gov/monetarypolicy/fomcminutes20190320.htm,VERIFIED_PRESENT,Eligibility inferred from named policymaker participation; no public individual SEP key
2019-03-20,james-bullard,James Bullard,YES,UNKNOWN,NO,NO,https://www.federalreserve.gov/monetarypolicy/fomcminutes20190320.htm,VERIFIED_PRESENT,Eligibility inferred from named policymaker participation; no public individual SEP key
2019-03-20,jerome-h-powell,Jerome H. Powell,YES,UNKNOWN,NO,NO,https://www.federalreserve.gov/monetarypolicy/fomcminutes20190320.htm,VERIFIED_PRESENT,Eligibility inferred from named policymaker participation; no public individual SEP key
2019-03-20,john-c-williams,John C. Williams,YES,UNKNOWN,NO,NO,https://www.federalreserve.gov/monetarypolicy/fomcminutes20190320.htm,VERIFIED_PRESENT,Eligibility inferred from named policymaker participation; no public individual SEP key
2019-03-20,lael-brainard,Lael Brainard,YES,UNKNOWN,NO,NO,https://www.federalreserve.gov/monetarypolicy/fomcminutes20190320.htm,VERIFIED_PRESENT,Eligibility inferred from named policymaker participation; no public individual SEP key
2019-03-20,loretta-j-mester,Loretta J. Mester,YES,UNKNOWN,NO,NO,https://www.federalreserve.gov/monetarypolicy/fomcminutes20190320.htm,VERIFIED_PRESENT,Eligibility inferred from named policymaker participation; no public individual SEP key
2019-03-20,mary-c-daly,Mary C. Daly,YES,UNKNOWN,NO,NO,https://www.federalreserve.gov/monetarypolicy/fomcminutes20190320.htm,VERIFIED_PRESENT,Eligibility inferred from named policymaker participation; no public individual SEP key
2019-03-20,michael-strine,Michael Strine,YES,UNKNOWN,NO,NO,https://www.federalreserve.gov/monetarypolicy/fomcminutes20190320.htm,VERIFIED_PRESENT,Eligibility inferred from named policymaker participation; no public individual SEP key
2019-03-20,michelle-w-bowman,Michelle W. Bowman,YES,UNKNOWN,NO,NO,https://www.federalreserve.gov/monetarypolicy/fomcminutes20190320.htm,VERIFIED_PRESENT,Eligibility inferred from named policymaker participation; no public individual SEP key
2019-03-20,neel-kashkari,Neel Kashkari,YES,UNKNOWN,NO,NO,https://www.federalreserve.gov/monetarypolicy/fomcminutes20190320.htm,VERIFIED_PRESENT,Eligibility inferred from named policymaker participation; no public individual SEP key
2019-03-20,patrick-harker,Patrick Harker,YES,UNKNOWN,NO,NO,https://www.federalreserve.gov/monetarypolicy/fomcminutes20190320.htm,VERIFIED_PRESENT,Eligibility inferred from named policymaker participation; no public individual SEP key
2019-03-20,randal-k-quarles,Randal K. Quarles,YES,UNKNOWN,NO,NO,https://www.federalreserve.gov/monetarypolicy/fomcminutes20190320.htm,VERIFIED_PRESENT,Eligibility inferred from named policymaker participation; no public individual SEP key
2019-03-20,raphael-w-bostic,Raphael W. Bostic,YES,UNKNOWN,NO,NO,https://www.federalreserve.gov/monetarypolicy/fomcminutes20190320.htm,VERIFIED_PRESENT,Eligibility inferred from named policymaker participation; no public individual SEP key
2019-03-20,richard-h-clarida,Richard H. Clarida,YES,UNKNOWN,NO,NO,https://www.federalreserve.gov/monetarypolicy/fomcminutes20190320.htm,VERIFIED_PRESENT,Eligibility inferred from named policymaker participation; no public individual SEP key
2019-03-20,robert-s-kaplan,Robert S. Kaplan,YES,UNKNOWN,NO,NO,https://www.federalreserve.gov/monetarypolicy/fomcminutes20190320.htm,VERIFIED_PRESENT,Eligibility inferred from named policymaker participation; no public individual SEP key
2019-03-20,thomas-i-barkin,Thomas I. Barkin,YES,UNKNOWN,NO,NO,https://www.federalreserve.gov/monetarypolicy/fomcminutes20190320.htm,VERIFIED_PRESENT,Eligibility inferred from named policymaker participation; no public individual SEP key
2019-06-19,charles-l-evans,Charles L. Evans,YES,UNKNOWN,NO,NO,https://www.federalreserve.gov/monetarypolicy/fomcminutes20190619.htm,VERIFIED_PRESENT,Eligibility inferred from named policymaker participation; no public individual SEP key
2019-06-19,eric-s-rosengren,Eric S. Rosengren,YES,UNKNOWN,NO,NO,https://www.federalreserve.gov/monetarypolicy/fomcminutes20190619.htm,VERIFIED_PRESENT,Eligibility inferred from named policymaker participation; no public individual SEP key
2019-06-19,esther-l-george,Esther L. George,YES,UNKNOWN,NO,NO,https://www.federalreserve.gov/monetarypolicy/fomcminutes20190619.htm,VERIFIED_PRESENT,Eligibility inferred from named policymaker participation; no public individual SEP key
2019-06-19,james-bullard,James Bullard,YES,UNKNOWN,NO,NO,https://www.federalreserve.gov/monetarypolicy/fomcminutes20190619.htm,VERIFIED_PRESENT,Eligibility inferred from named policymaker participation; no public individual SEP key
2019-06-19,jerome-h-powell,Jerome H. Powell,YES,UNKNOWN,NO,NO,https://www.federalreserve.gov/monetarypolicy/fomcminutes20190619.htm,VERIFIED_PRESENT,Eligibility inferred from named policymaker participation; no public individual SEP key
2019-06-19,john-c-williams,John C. Williams,YES,UNKNOWN,NO,NO,https://www.federalreserve.gov/monetarypolicy/fomcminutes20190619.htm,VERIFIED_PRESENT,Eligibility inferred from named policymaker participation; no public individual SEP key
2019-06-19,lael-brainard,Lael Brainard,YES,UNKNOWN,NO,NO,https://www.federalreserve.gov/monetarypolicy/fomcminutes20190619.htm,VERIFIED_PRESENT,Eligibility inferred from named policymaker participation; no public individual SEP key
2019-06-19,loretta-j-mester,Loretta J. Mester,YES,UNKNOWN,NO,NO,https://www.federalreserve.gov/monetarypolicy/fomcminutes20190619.htm,VERIFIED_PRESENT,Eligibility inferred from named policymaker participation; no public individual SEP key
2019-06-19,mary-c-daly,Mary C. Daly,YES,UNKNOWN,NO,NO,https://www.federalreserve.gov/monetarypolicy/fomcminutes20190619.htm,VERIFIED_PRESENT,Eligibility inferred from named policymaker participation; no public individual SEP key
2019-06-19,michael-strine,Michael Strine,YES,UNKNOWN,NO,NO,https://www.federalreserve.gov/monetarypolicy/fomcminutes20190619.htm,VERIFIED_PRESENT,Eligibility inferred from named policymaker participation; no public individual SEP key
2019-06-19,michelle-w-bowman,Michelle W. Bowman,YES,UNKNOWN,NO,NO,https://www.federalreserve.gov/monetarypolicy/fomcminutes20190619.htm,VERIFIED_PRESENT,Eligibility inferred from named policymaker participation; no public individual SEP key
2019-06-19,neel-kashkari,Neel Kashkari,YES,UNKNOWN,NO,NO,https://www.federalreserve.gov/monetarypolicy/fomcminutes20190619.htm,VERIFIED_PRESENT,Eligibility inferred from named policymaker participation; no public individual SEP key
2019-06-19,patrick-harker,Patrick Harker,YES,UNKNOWN,NO,NO,https://www.federalreserve.gov/monetarypolicy/fomcminutes20190619.htm,VERIFIED_PRESENT,Eligibility inferred from named policymaker participation; no public individual SEP key
2019-06-19,randal-k-quarles,Randal K. Quarles,YES,UNKNOWN,NO,NO,https://www.federalreserve.gov/monetarypolicy/fomcminutes20190619.htm,VERIFIED_PRESENT,Eligibility inferred from named policymaker participation; no public individual SEP key
2019-06-19,raphael-w-bostic,Raphael W. Bostic,YES,UNKNOWN,NO,NO,https://www.federalreserve.gov/monetarypolicy/fomcminutes20190619.htm,VERIFIED_PRESENT,Eligibility inferred from named policymaker participation; no public individual SEP key
2019-06-19,richard-h-clarida,Richard H. Clarida,YES,UNKNOWN,NO,NO,https://www.federalreserve.gov/monetarypolicy/fomcminutes20190619.htm,VERIFIED_PRESENT,Eligibility inferred from named policymaker participation; no public individual SEP key
2019-06-19,robert-s-kaplan,Robert S. Kaplan,YES,UNKNOWN,NO,NO,https://www.federalreserve.gov/monetarypolicy/fomcminutes20190619.htm,VERIFIED_PRESENT,Eligibility inferred from named policymaker participation; no public individual SEP key
2019-06-19,thomas-i-barkin,Thomas I. Barkin,YES,UNKNOWN,NO,NO,https://www.federalreserve.gov/monetarypolicy/fomcminutes20190619.htm,VERIFIED_PRESENT,Eligibility inferred from named policymaker participation; no public individual SEP key
2019-09-18,charles-l-evans,Charles L. Evans,YES,UNKNOWN,NO,NO,https://www.federalreserve.gov/monetarypolicy/fomcminutes20190918.htm,VERIFIED_PRESENT,Eligibility inferred from named policymaker participation; no public individual SEP key
2019-09-18,eric-s-rosengren,Eric S. Rosengren,YES,UNKNOWN,NO,NO,https://www.federalreserve.gov/monetarypolicy/fomcminutes20190918.htm,VERIFIED_PRESENT,Eligibility inferred from named policymaker participation; no public individual SEP key
2019-09-18,esther-l-george,Esther L. George,YES,UNKNOWN,NO,NO,https://www.federalreserve.gov/monetarypolicy/fomcminutes20190918.htm,VERIFIED_PRESENT,Eligibility inferred from named policymaker participation; no public individual SEP key
2019-09-18,james-bullard,James Bullard,YES,UNKNOWN,NO,NO,https://www.federalreserve.gov/monetarypolicy/fomcminutes20190918.htm,VERIFIED_PRESENT,Eligibility inferred from named policymaker participation; no public individual SEP key
2019-09-18,jerome-h-powell,Jerome H. Powell,YES,UNKNOWN,NO,NO,https://www.federalreserve.gov/monetarypolicy/fomcminutes20190918.htm,VERIFIED_PRESENT,Eligibility inferred from named policymaker participation; no public individual SEP key
2019-09-18,john-c-williams,John C. Williams,YES,UNKNOWN,NO,NO,https://www.federalreserve.gov/monetarypolicy/fomcminutes20190918.htm,VERIFIED_PRESENT,Eligibility inferred from named policymaker participation; no public individual SEP key
2019-09-18,lael-brainard,Lael Brainard,YES,UNKNOWN,NO,NO,https://www.federalreserve.gov/monetarypolicy/fomcminutes20190918.htm,VERIFIED_PRESENT,Eligibility inferred from named policymaker participation; no public individual SEP key
2019-09-18,loretta-j-mester,Loretta J. Mester,YES,UNKNOWN,NO,NO,https://www.federalreserve.gov/monetarypolicy/fomcminutes20190918.htm,VERIFIED_PRESENT,Eligibility inferred from named policymaker participation; no public individual SEP key
2019-09-18,mary-c-daly,Mary C. Daly,YES,UNKNOWN,NO,NO,https://www.federalreserve.gov/monetarypolicy/fomcminutes20190918.htm,VERIFIED_PRESENT,Eligibility inferred from named policymaker participation; no public individual SEP key
2019-09-18,michael-strine,Michael Strine,YES,UNKNOWN,NO,NO,https://www.federalreserve.gov/monetarypolicy/fomcminutes20190918.htm,VERIFIED_PRESENT,Eligibility inferred from named policymaker participation; no public individual SEP key
2019-09-18,michelle-w-bowman,Michelle W. Bowman,YES,UNKNOWN,NO,NO,https://www.federalreserve.gov/monetarypolicy/fomcminutes20190918.htm,VERIFIED_PRESENT,Eligibility inferred from named policymaker participation; no public individual SEP key
2019-09-18,neel-kashkari,Neel Kashkari,YES,UNKNOWN,NO,NO,https://www.federalreserve.gov/monetarypolicy/fomcminutes20190918.htm,VERIFIED_PRESENT,Eligibility inferred from named policymaker participation; no public individual SEP key
2019-09-18,patrick-harker,Patrick Harker,YES,UNKNOWN,NO,NO,https://www.federalreserve.gov/monetarypolicy/fomcminutes20190918.htm,VERIFIED_PRESENT,Eligibility inferred from named policymaker participation; no public individual SEP key
2019-09-18,randal-k-quarles,Randal K. Quarles,YES,UNKNOWN,NO,NO,https://www.federalreserve.gov/monetarypolicy/fomcminutes20190918.htm,VERIFIED_PRESENT,Eligibility inferred from named policymaker participation; no public individual SEP key
2019-09-18,raphael-w-bostic,Raphael W. Bostic,YES,UNKNOWN,NO,NO,https://www.federalreserve.gov/monetarypolicy/fomcminutes20190918.htm,VERIFIED_PRESENT,Eligibility inferred from named policymaker participation; no public individual SEP key
2019-09-18,richard-h-clarida,Richard H. Clarida,YES,UNKNOWN,NO,NO,https://www.federalreserve.gov/monetarypolicy/fomcminutes20190918.htm,VERIFIED_PRESENT,Eligibility inferred from named policymaker participation; no public individual SEP key
2019-09-18,robert-s-kaplan,Robert S. Kaplan,YES,UNKNOWN,NO,NO,https://www.federalreserve.gov/monetarypolicy/fomcminutes20190918.htm,VERIFIED_PRESENT,Eligibility inferred from named policymaker participation; no public individual SEP key
2019-09-18,thomas-i-barkin,Thomas I. Barkin,YES,UNKNOWN,NO,NO,https://www.federalreserve.gov/monetarypolicy/fomcminutes20190918.htm,VERIFIED_PRESENT,Eligibility inferred from named policymaker participation; no public individual SEP key
2019-12-11,charles-l-evans,Charles L. Evans,YES,UNKNOWN,NO,NO,https://www.federalreserve.gov/monetarypolicy/fomcminutes20191211.htm,VERIFIED_PRESENT,Eligibility inferred from named policymaker participation; no public individual SEP key
2019-12-11,eric-s-rosengren,Eric S. Rosengren,YES,UNKNOWN,NO,NO,https://www.federalreserve.gov/monetarypolicy/fomcminutes20191211.htm,VERIFIED_PRESENT,Eligibility inferred from named policymaker participation; no public individual SEP key
2019-12-11,esther-l-george,Esther L. George,YES,UNKNOWN,NO,NO,https://www.federalreserve.gov/monetarypolicy/fomcminutes20191211.htm,VERIFIED_PRESENT,Eligibility inferred from named policymaker participation; no public individual SEP key
2019-12-11,james-bullard,James Bullard,YES,UNKNOWN,NO,NO,https://www.federalreserve.gov/monetarypolicy/fomcminutes20191211.htm,VERIFIED_PRESENT,Eligibility inferred from named policymaker participation; no public individual SEP key
2019-12-11,jerome-h-powell,Jerome H. Powell,YES,UNKNOWN,NO,NO,https://www.federalreserve.gov/monetarypolicy/fomcminutes20191211.htm,VERIFIED_PRESENT,Eligibility inferred from named policymaker participation; no public individual SEP key
2019-12-11,john-c-williams,John C. Williams,YES,UNKNOWN,NO,NO,https://www.federalreserve.gov/monetarypolicy/fomcminutes20191211.htm,VERIFIED_PRESENT,Eligibility inferred from named policymaker participation; no public individual SEP key
2019-12-11,lael-brainard,Lael Brainard,YES,UNKNOWN,NO,NO,https://www.federalreserve.gov/monetarypolicy/fomcminutes20191211.htm,VERIFIED_PRESENT,Eligibility inferred from named policymaker participation; no public individual SEP key
2019-12-11,loretta-j-mester,Loretta J. Mester,YES,UNKNOWN,NO,NO,https://www.federalreserve.gov/monetarypolicy/fomcminutes20191211.htm,VERIFIED_PRESENT,Eligibility inferred from named policymaker participation; no public individual SEP key
2019-12-11,mary-c-daly,Mary C. Daly,YES,UNKNOWN,NO,NO,https://www.federalreserve.gov/monetarypolicy/fomcminutes20191211.htm,VERIFIED_PRESENT,Eligibility inferred from named policymaker participation; no public individual SEP key
2019-12-11,michael-strine,Michael Strine,YES,UNKNOWN,NO,NO,https://www.federalreserve.gov/monetarypolicy/fomcminutes20191211.htm,VERIFIED_PRESENT,Eligibility inferred from named policymaker participation; no public individual SEP key
2019-12-11,michelle-w-bowman,Michelle W. Bowman,YES,UNKNOWN,NO,NO,https://www.federalreserve.gov/monetarypolicy/fomcminutes20191211.htm,VERIFIED_PRESENT,Eligibility inferred from named policymaker participation; no public individual SEP key
2019-12-11,neel-kashkari,Neel Kashkari,YES,UNKNOWN,NO,NO,https://www.federalreserve.gov/monetarypolicy/fomcminutes20191211.htm,VERIFIED_PRESENT,Eligibility inferred from named policymaker participation; no public individual SEP key
2019-12-11,patrick-harker,Patrick Harker,YES,UNKNOWN,NO,NO,https://www.federalreserve.gov/monetarypolicy/fomcminutes20191211.htm,VERIFIED_PRESENT,Eligibility inferred from named policymaker participation; no public individual SEP key
2019-12-11,randal-k-quarles,Randal K. Quarles,YES,UNKNOWN,NO,NO,https://www.federalreserve.gov/monetarypolicy/fomcminutes20191211.htm,VERIFIED_PRESENT,Eligibility inferred from named policymaker participation; no public individual SEP key
2019-12-11,raphael-w-bostic,Raphael W. Bostic,YES,UNKNOWN,NO,NO,https://www.federalreserve.gov/monetarypolicy/fomcminutes20191211.htm,VERIFIED_PRESENT,Eligibility inferred from named policymaker participation; no public individual SEP key
2019-12-11,richard-h-clarida,Richard H. Clarida,YES,UNKNOWN,NO,NO,https://www.federalreserve.gov/monetarypolicy/fomcminutes20191211.htm,VERIFIED_PRESENT,Eligibility inferred from named policymaker participation; no public individual SEP key
2019-12-11,robert-s-kaplan,Robert S. Kaplan,YES,UNKNOWN,NO,NO,https://www.federalreserve.gov/monetarypolicy/fomcminutes20191211.htm,VERIFIED_PRESENT,Eligibility inferred from named policymaker participation; no public individual SEP key
2019-12-11,thomas-i-barkin,Thomas I. Barkin,YES,UNKNOWN,NO,NO,https://www.federalreserve.gov/monetarypolicy/fomcminutes20191211.htm,VERIFIED_PRESENT,Eligibility inferred from named policymaker participation; no public individual SEP key
2020-06-10,charles-l-evans,Charles L. Evans,YES,UNKNOWN,NO,NO,https://www.federalreserve.gov/monetarypolicy/fomcminutes20200610.htm,VERIFIED_PRESENT,Eligibility inferred from named policymaker participation; no public individual SEP key
2020-06-10,eric-s-rosengren,Eric S. Rosengren,YES,UNKNOWN,NO,NO,https://www.federalreserve.gov/monetarypolicy/fomcminutes20200610.htm,VERIFIED_PRESENT,Eligibility inferred from named policymaker participation; no public individual SEP key
2020-06-10,esther-l-george,Esther L. George,YES,UNKNOWN,NO,NO,https://www.federalreserve.gov/monetarypolicy/fomcminutes20200610.htm,VERIFIED_PRESENT,Eligibility inferred from named policymaker participation; no public individual SEP key
2020-06-10,james-bullard,James Bullard,YES,UNKNOWN,NO,NO,https://www.federalreserve.gov/monetarypolicy/fomcminutes20200610.htm,VERIFIED_PRESENT,Eligibility inferred from named policymaker participation; no public individual SEP key
2020-06-10,jerome-h-powell,Jerome H. Powell,YES,UNKNOWN,NO,NO,https://www.federalreserve.gov/monetarypolicy/fomcminutes20200610.htm,VERIFIED_PRESENT,Eligibility inferred from named policymaker participation; no public individual SEP key
2020-06-10,john-c-williams,John C. Williams,YES,UNKNOWN,NO,NO,https://www.federalreserve.gov/monetarypolicy/fomcminutes20200610.htm,VERIFIED_PRESENT,Eligibility inferred from named policymaker participation; no public individual SEP key
2020-06-10,lael-brainard,Lael Brainard,YES,UNKNOWN,NO,NO,https://www.federalreserve.gov/monetarypolicy/fomcminutes20200610.htm,VERIFIED_PRESENT,Eligibility inferred from named policymaker participation; no public individual SEP key
2020-06-10,loretta-j-mester,Loretta J. Mester,YES,UNKNOWN,NO,NO,https://www.federalreserve.gov/monetarypolicy/fomcminutes20200610.htm,VERIFIED_PRESENT,Eligibility inferred from named policymaker participation; no public individual SEP key
2020-06-10,mary-c-daly,Mary C. Daly,YES,UNKNOWN,NO,NO,https://www.federalreserve.gov/monetarypolicy/fomcminutes20200610.htm,VERIFIED_PRESENT,Eligibility inferred from named policymaker participation; no public individual SEP key
2020-06-10,michael-strine,Michael Strine,YES,UNKNOWN,NO,NO,https://www.federalreserve.gov/monetarypolicy/fomcminutes20200610.htm,VERIFIED_PRESENT,Eligibility inferred from named policymaker participation; no public individual SEP key
2020-06-10,michelle-w-bowman,Michelle W. Bowman,YES,UNKNOWN,NO,NO,https://www.federalreserve.gov/monetarypolicy/fomcminutes20200610.htm,VERIFIED_PRESENT,Eligibility inferred from named policymaker participation; no public individual SEP key
2020-06-10,neel-kashkari,Neel Kashkari,YES,UNKNOWN,NO,NO,https://www.federalreserve.gov/monetarypolicy/fomcminutes20200610.htm,VERIFIED_PRESENT,Eligibility inferred from named policymaker participation; no public individual SEP key
2020-06-10,patrick-harker,Patrick Harker,YES,UNKNOWN,NO,NO,https://www.federalreserve.gov/monetarypolicy/fomcminutes20200610.htm,VERIFIED_PRESENT,Eligibility inferred from named policymaker participation; no public individual SEP key
2020-06-10,randal-k-quarles,Randal K. Quarles,YES,UNKNOWN,NO,NO,https://www.federalreserve.gov/monetarypolicy/fomcminutes20200610.htm,VERIFIED_PRESENT,Eligibility inferred from named policymaker participation; no public individual SEP key
2020-06-10,raphael-w-bostic,Raphael W. Bostic,YES,UNKNOWN,NO,NO,https://www.federalreserve.gov/monetarypolicy/fomcminutes20200610.htm,VERIFIED_PRESENT,Eligibility inferred from named policymaker participation; no public individual SEP key
2020-06-10,richard-h-clarida,Richard H. Clarida,YES,UNKNOWN,NO,NO,https://www.federalreserve.gov/monetarypolicy/fomcminutes20200610.htm,VERIFIED_PRESENT,Eligibility inferred from named policymaker participation; no public individual SEP key
2020-06-10,robert-s-kaplan,Robert S. Kaplan,YES,UNKNOWN,NO,NO,https://www.federalreserve.gov/monetarypolicy/fomcminutes20200610.htm,VERIFIED_PRESENT,Eligibility inferred from named policymaker participation; no public individual SEP key
2020-06-10,thomas-i-barkin,Thomas I. Barkin,YES,UNKNOWN,NO,NO,https://www.federalreserve.gov/monetarypolicy/fomcminutes20200610.htm,VERIFIED_PRESENT,Eligibility inferred from named policymaker participation; no public individual SEP key
2020-09-16,charles-l-evans,Charles L. Evans,YES,UNKNOWN,NO,NO,https://www.federalreserve.gov/monetarypolicy/fomcminutes20200916.htm,VERIFIED_PRESENT,Eligibility inferred from named policymaker participation; no public individual SEP key
2020-09-16,eric-s-rosengren,Eric S. Rosengren,YES,UNKNOWN,NO,NO,https://www.federalreserve.gov/monetarypolicy/fomcminutes20200916.htm,VERIFIED_PRESENT,Eligibility inferred from named policymaker participation; no public individual SEP key
2020-09-16,esther-l-george,Esther L. George,YES,UNKNOWN,NO,NO,https://www.federalreserve.gov/monetarypolicy/fomcminutes20200916.htm,VERIFIED_PRESENT,Eligibility inferred from named policymaker participation; no public individual SEP key
2020-09-16,james-bullard,James Bullard,YES,UNKNOWN,NO,NO,https://www.federalreserve.gov/monetarypolicy/fomcminutes20200916.htm,VERIFIED_PRESENT,Eligibility inferred from named policymaker participation; no public individual SEP key
2020-09-16,jerome-h-powell,Jerome H. Powell,YES,UNKNOWN,NO,NO,https://www.federalreserve.gov/monetarypolicy/fomcminutes20200916.htm,VERIFIED_PRESENT,Eligibility inferred from named policymaker participation; no public individual SEP key
2020-09-16,john-c-williams,John C. Williams,YES,UNKNOWN,NO,NO,https://www.federalreserve.gov/monetarypolicy/fomcminutes20200916.htm,VERIFIED_PRESENT,Eligibility inferred from named policymaker participation; no public individual SEP key
2020-09-16,lael-brainard,Lael Brainard,YES,UNKNOWN,NO,NO,https://www.federalreserve.gov/monetarypolicy/fomcminutes20200916.htm,VERIFIED_PRESENT,Eligibility inferred from named policymaker participation; no public individual SEP key
2020-09-16,loretta-j-mester,Loretta J. Mester,YES,UNKNOWN,NO,NO,https://www.federalreserve.gov/monetarypolicy/fomcminutes20200916.htm,VERIFIED_PRESENT,Eligibility inferred from named policymaker participation; no public individual SEP key
2020-09-16,mary-c-daly,Mary C. Daly,YES,UNKNOWN,NO,NO,https://www.federalreserve.gov/monetarypolicy/fomcminutes20200916.htm,VERIFIED_PRESENT,Eligibility inferred from named policymaker participation; no public individual SEP key
2020-09-16,michael-strine,Michael Strine,YES,UNKNOWN,NO,NO,https://www.federalreserve.gov/monetarypolicy/fomcminutes20200916.htm,VERIFIED_PRESENT,Eligibility inferred from named policymaker participation; no public individual SEP key
2020-09-16,michelle-w-bowman,Michelle W. Bowman,YES,UNKNOWN,NO,NO,https://www.federalreserve.gov/monetarypolicy/fomcminutes20200916.htm,VERIFIED_PRESENT,Eligibility inferred from named policymaker participation; no public individual SEP key
2020-09-16,neel-kashkari,Neel Kashkari,YES,UNKNOWN,NO,NO,https://www.federalreserve.gov/monetarypolicy/fomcminutes20200916.htm,VERIFIED_PRESENT,Eligibility inferred from named policymaker participation; no public individual SEP key
2020-09-16,patrick-harker,Patrick Harker,YES,UNKNOWN,NO,NO,https://www.federalreserve.gov/monetarypolicy/fomcminutes20200916.htm,VERIFIED_PRESENT,Eligibility inferred from named policymaker participation; no public individual SEP key
2020-09-16,randal-k-quarles,Randal K. Quarles,YES,UNKNOWN,NO,NO,https://www.federalreserve.gov/monetarypolicy/fomcminutes20200916.htm,VERIFIED_PRESENT,Eligibility inferred from named policymaker participation; no public individual SEP key
2020-09-16,raphael-w-bostic,Raphael W. Bostic,YES,UNKNOWN,NO,NO,https://www.federalreserve.gov/monetarypolicy/fomcminutes20200916.htm,VERIFIED_PRESENT,Eligibility inferred from named policymaker participation; no public individual SEP key
2020-09-16,richard-h-clarida,Richard H. Clarida,YES,UNKNOWN,NO,NO,https://www.federalreserve.gov/monetarypolicy/fomcminutes20200916.htm,VERIFIED_PRESENT,Eligibility inferred from named policymaker participation; no public individual SEP key
2020-09-16,robert-s-kaplan,Robert S. Kaplan,YES,UNKNOWN,NO,NO,https://www.federalreserve.gov/monetarypolicy/fomcminutes20200916.htm,VERIFIED_PRESENT,Eligibility inferred from named policymaker participation; no public individual SEP key
2020-09-16,thomas-i-barkin,Thomas I. Barkin,YES,UNKNOWN,NO,NO,https://www.federalreserve.gov/monetarypolicy/fomcminutes20200916.htm,VERIFIED_PRESENT,Eligibility inferred from named policymaker participation; no public individual SEP key
2020-12-16,charles-l-evans,Charles L. Evans,YES,UNKNOWN,NO,NO,https://www.federalreserve.gov/monetarypolicy/fomcminutes20201216.htm,VERIFIED_PRESENT,Eligibility inferred from named policymaker participation; no public individual SEP key
2020-12-16,eric-s-rosengren,Eric S. Rosengren,YES,UNKNOWN,NO,NO,https://www.federalreserve.gov/monetarypolicy/fomcminutes20201216.htm,VERIFIED_PRESENT,Eligibility inferred from named policymaker participation; no public individual SEP key
2020-12-16,esther-l-george,Esther L. George,YES,UNKNOWN,NO,NO,https://www.federalreserve.gov/monetarypolicy/fomcminutes20201216.htm,VERIFIED_PRESENT,Eligibility inferred from named policymaker participation; no public individual SEP key
2020-12-16,helen-e-mucciolo,Helen E. Mucciolo,YES,UNKNOWN,NO,NO,https://www.federalreserve.gov/monetarypolicy/fomcminutes20201216.htm,VERIFIED_PRESENT,Eligibility inferred from named policymaker participation; no public individual SEP key
2020-12-16,james-bullard,James Bullard,YES,UNKNOWN,NO,NO,https://www.federalreserve.gov/monetarypolicy/fomcminutes20201216.htm,VERIFIED_PRESENT,Eligibility inferred from named policymaker participation; no public individual SEP key
2020-12-16,jerome-h-powell,Jerome H. Powell,YES,UNKNOWN,NO,NO,https://www.federalreserve.gov/monetarypolicy/fomcminutes20201216.htm,VERIFIED_PRESENT,Eligibility inferred from named policymaker participation; no public individual SEP key
2020-12-16,john-c-williams,John C. Williams,YES,UNKNOWN,NO,NO,https://www.federalreserve.gov/monetarypolicy/fomcminutes20201216.htm,VERIFIED_PRESENT,Eligibility inferred from named policymaker participation; no public individual SEP key
2020-12-16,lael-brainard,Lael Brainard,YES,UNKNOWN,NO,NO,https://www.federalreserve.gov/monetarypolicy/fomcminutes20201216.htm,VERIFIED_PRESENT,Eligibility inferred from named policymaker participation; no public individual SEP key
2020-12-16,loretta-j-mester,Loretta J. Mester,YES,UNKNOWN,NO,NO,https://www.federalreserve.gov/monetarypolicy/fomcminutes20201216.htm,VERIFIED_PRESENT,Eligibility inferred from named policymaker participation; no public individual SEP key
2020-12-16,mary-c-daly,Mary C. Daly,YES,UNKNOWN,NO,NO,https://www.federalreserve.gov/monetarypolicy/fomcminutes20201216.htm,VERIFIED_PRESENT,Eligibility inferred from named policymaker participation; no public individual SEP key
2020-12-16,michelle-w-bowman,Michelle W. Bowman,YES,UNKNOWN,NO,NO,https://www.federalreserve.gov/monetarypolicy/fomcminutes20201216.htm,VERIFIED_PRESENT,Eligibility inferred from named policymaker participation; no public individual SEP key
2020-12-16,neel-kashkari,Neel Kashkari,YES,UNKNOWN,NO,NO,https://www.federalreserve.gov/monetarypolicy/fomcminutes20201216.htm,VERIFIED_PRESENT,Eligibility inferred from named policymaker participation; no public individual SEP key
2020-12-16,patrick-harker,Patrick Harker,YES,UNKNOWN,NO,NO,https://www.federalreserve.gov/monetarypolicy/fomcminutes20201216.htm,VERIFIED_PRESENT,Eligibility inferred from named policymaker participation; no public individual SEP key
2020-12-16,randal-k-quarles,Randal K. Quarles,YES,UNKNOWN,NO,NO,https://www.federalreserve.gov/monetarypolicy/fomcminutes20201216.htm,VERIFIED_PRESENT,Eligibility inferred from named policymaker participation; no public individual SEP key
2020-12-16,raphael-w-bostic,Raphael W. Bostic,YES,UNKNOWN,NO,NO,https://www.federalreserve.gov/monetarypolicy/fomcminutes20201216.htm,VERIFIED_PRESENT,Eligibility inferred from named policymaker participation; no public individual SEP key
2020-12-16,richard-h-clarida,Richard H. Clarida,YES,UNKNOWN,NO,NO,https://www.federalreserve.gov/monetarypolicy/fomcminutes20201216.htm,VERIFIED_PRESENT,Eligibility inferred from named policymaker participation; no public individual SEP key
2020-12-16,robert-s-kaplan,Robert S. Kaplan,YES,UNKNOWN,NO,NO,https://www.federalreserve.gov/monetarypolicy/fomcminutes20201216.htm,VERIFIED_PRESENT,Eligibility inferred from named policymaker participation; no public individual SEP key
2020-12-16,thomas-i-barkin,Thomas I. Barkin,YES,UNKNOWN,NO,NO,https://www.federalreserve.gov/monetarypolicy/fomcminutes20201216.htm,VERIFIED_PRESENT,Eligibility inferred from named policymaker participation; no public individual SEP key
2021-03-17,charles-l-evans,Charles L. Evans,YES,UNKNOWN,NO,NO,https://www.federalreserve.gov/monetarypolicy/fomcminutes20210317.htm,VERIFIED_PRESENT,Eligibility inferred from named policymaker participation; no public individual SEP key
2021-03-17,christopher-j-waller,Christopher J. Waller,YES,UNKNOWN,NO,NO,https://www.federalreserve.gov/monetarypolicy/fomcminutes20210317.htm,VERIFIED_PRESENT,Eligibility inferred from named policymaker participation; no public individual SEP key
2021-03-17,eric-s-rosengren,Eric S. Rosengren,YES,UNKNOWN,NO,NO,https://www.federalreserve.gov/monetarypolicy/fomcminutes20210317.htm,VERIFIED_PRESENT,Eligibility inferred from named policymaker participation; no public individual SEP key
2021-03-17,esther-l-george,Esther L. George,YES,UNKNOWN,NO,NO,https://www.federalreserve.gov/monetarypolicy/fomcminutes20210317.htm,VERIFIED_PRESENT,Eligibility inferred from named policymaker participation; no public individual SEP key
2021-03-17,james-bullard,James Bullard,YES,UNKNOWN,NO,NO,https://www.federalreserve.gov/monetarypolicy/fomcminutes20210317.htm,VERIFIED_PRESENT,Eligibility inferred from named policymaker participation; no public individual SEP key
2021-03-17,jerome-h-powell,Jerome H. Powell,YES,UNKNOWN,NO,NO,https://www.federalreserve.gov/monetarypolicy/fomcminutes20210317.htm,VERIFIED_PRESENT,Eligibility inferred from named policymaker participation; no public individual SEP key
2021-03-17,john-c-williams,John C. Williams,YES,UNKNOWN,NO,NO,https://www.federalreserve.gov/monetarypolicy/fomcminutes20210317.htm,VERIFIED_PRESENT,Eligibility inferred from named policymaker participation; no public individual SEP key
2021-03-17,lael-brainard,Lael Brainard,YES,UNKNOWN,NO,NO,https://www.federalreserve.gov/monetarypolicy/fomcminutes20210317.htm,VERIFIED_PRESENT,Eligibility inferred from named policymaker participation; no public individual SEP key
2021-03-17,loretta-j-mester,Loretta J. Mester,YES,UNKNOWN,NO,NO,https://www.federalreserve.gov/monetarypolicy/fomcminutes20210317.htm,VERIFIED_PRESENT,Eligibility inferred from named policymaker participation; no public individual SEP key
2021-03-17,mary-c-daly,Mary C. Daly,YES,UNKNOWN,NO,NO,https://www.federalreserve.gov/monetarypolicy/fomcminutes20210317.htm,VERIFIED_PRESENT,Eligibility inferred from named policymaker participation; no public individual SEP key
2021-03-17,michelle-w-bowman,Michelle W. Bowman,YES,UNKNOWN,NO,NO,https://www.federalreserve.gov/monetarypolicy/fomcminutes20210317.htm,VERIFIED_PRESENT,Eligibility inferred from named policymaker participation; no public individual SEP key
2021-03-17,neel-kashkari,Neel Kashkari,YES,UNKNOWN,NO,NO,https://www.federalreserve.gov/monetarypolicy/fomcminutes20210317.htm,VERIFIED_PRESENT,Eligibility inferred from named policymaker participation; no public individual SEP key
2021-03-17,patrick-harker,Patrick Harker,YES,UNKNOWN,NO,NO,https://www.federalreserve.gov/monetarypolicy/fomcminutes20210317.htm,VERIFIED_PRESENT,Eligibility inferred from named policymaker participation; no public individual SEP key
2021-03-17,randal-k-quarles,Randal K. Quarles,YES,UNKNOWN,NO,NO,https://www.federalreserve.gov/monetarypolicy/fomcminutes20210317.htm,VERIFIED_PRESENT,Eligibility inferred from named policymaker participation; no public individual SEP key
2021-03-17,raphael-w-bostic,Raphael W. Bostic,YES,UNKNOWN,NO,NO,https://www.federalreserve.gov/monetarypolicy/fomcminutes20210317.htm,VERIFIED_PRESENT,Eligibility inferred from named policymaker participation; no public individual SEP key
2021-03-17,richard-h-clarida,Richard H. Clarida,YES,UNKNOWN,NO,NO,https://www.federalreserve.gov/monetarypolicy/fomcminutes20210317.htm,VERIFIED_PRESENT,Eligibility inferred from named policymaker participation; no public individual SEP key
2021-03-17,robert-s-kaplan,Robert S. Kaplan,YES,UNKNOWN,NO,NO,https://www.federalreserve.gov/monetarypolicy/fomcminutes20210317.htm,VERIFIED_PRESENT,Eligibility inferred from named policymaker participation; no public individual SEP key
2021-03-17,thomas-i-barkin,Thomas I. Barkin,YES,UNKNOWN,NO,NO,https://www.federalreserve.gov/monetarypolicy/fomcminutes20210317.htm,VERIFIED_PRESENT,Eligibility inferred from named policymaker participation; no public individual SEP key
2021-06-16,charles-l-evans,Charles L. Evans,YES,UNKNOWN,NO,NO,https://www.federalreserve.gov/monetarypolicy/fomcminutes20210616.htm,VERIFIED_PRESENT,Eligibility inferred from named policymaker participation; no public individual SEP key
2021-06-16,christopher-j-waller,Christopher J. Waller,YES,UNKNOWN,NO,NO,https://www.federalreserve.gov/monetarypolicy/fomcminutes20210616.htm,VERIFIED_PRESENT,Eligibility inferred from named policymaker participation; no public individual SEP key
2021-06-16,eric-s-rosengren,Eric S. Rosengren,YES,UNKNOWN,NO,NO,https://www.federalreserve.gov/monetarypolicy/fomcminutes20210616.htm,VERIFIED_PRESENT,Eligibility inferred from named policymaker participation; no public individual SEP key
2021-06-16,esther-l-george,Esther L. George,YES,UNKNOWN,NO,NO,https://www.federalreserve.gov/monetarypolicy/fomcminutes20210616.htm,VERIFIED_PRESENT,Eligibility inferred from named policymaker participation; no public individual SEP key
2021-06-16,james-bullard,James Bullard,YES,UNKNOWN,NO,NO,https://www.federalreserve.gov/monetarypolicy/fomcminutes20210616.htm,VERIFIED_PRESENT,Eligibility inferred from named policymaker participation; no public individual SEP key
2021-06-16,jerome-h-powell,Jerome H. Powell,YES,UNKNOWN,NO,NO,https://www.federalreserve.gov/monetarypolicy/fomcminutes20210616.htm,VERIFIED_PRESENT,Eligibility inferred from named policymaker participation; no public individual SEP key
2021-06-16,john-c-williams,John C. Williams,YES,UNKNOWN,NO,NO,https://www.federalreserve.gov/monetarypolicy/fomcminutes20210616.htm,VERIFIED_PRESENT,Eligibility inferred from named policymaker participation; no public individual SEP key
2021-06-16,lael-brainard,Lael Brainard,YES,UNKNOWN,NO,NO,https://www.federalreserve.gov/monetarypolicy/fomcminutes20210616.htm,VERIFIED_PRESENT,Eligibility inferred from named policymaker participation; no public individual SEP key
2021-06-16,loretta-j-mester,Loretta J. Mester,YES,UNKNOWN,NO,NO,https://www.federalreserve.gov/monetarypolicy/fomcminutes20210616.htm,VERIFIED_PRESENT,Eligibility inferred from named policymaker participation; no public individual SEP key
2021-06-16,mary-c-daly,Mary C. Daly,YES,UNKNOWN,NO,NO,https://www.federalreserve.gov/monetarypolicy/fomcminutes20210616.htm,VERIFIED_PRESENT,Eligibility inferred from named policymaker participation; no public individual SEP key
2021-06-16,michelle-w-bowman,Michelle W. Bowman,YES,UNKNOWN,NO,NO,https://www.federalreserve.gov/monetarypolicy/fomcminutes20210616.htm,VERIFIED_PRESENT,Eligibility inferred from named policymaker participation; no public individual SEP key
2021-06-16,naureen-hassan,Naureen Hassan,YES,UNKNOWN,NO,NO,https://www.federalreserve.gov/monetarypolicy/fomcminutes20210616.htm,VERIFIED_PRESENT,Eligibility inferred from named policymaker participation; no public individual SEP key
2021-06-16,neel-kashkari,Neel Kashkari,YES,UNKNOWN,NO,NO,https://www.federalreserve.gov/monetarypolicy/fomcminutes20210616.htm,VERIFIED_PRESENT,Eligibility inferred from named policymaker participation; no public individual SEP key
2021-06-16,patrick-harker,Patrick Harker,YES,UNKNOWN,NO,NO,https://www.federalreserve.gov/monetarypolicy/fomcminutes20210616.htm,VERIFIED_PRESENT,Eligibility inferred from named policymaker participation; no public individual SEP key
2021-06-16,randal-k-quarles,Randal K. Quarles,YES,UNKNOWN,NO,NO,https://www.federalreserve.gov/monetarypolicy/fomcminutes20210616.htm,VERIFIED_PRESENT,Eligibility inferred from named policymaker participation; no public individual SEP key
2021-06-16,raphael-w-bostic,Raphael W. Bostic,YES,UNKNOWN,NO,NO,https://www.federalreserve.gov/monetarypolicy/fomcminutes20210616.htm,VERIFIED_PRESENT,Eligibility inferred from named policymaker participation; no public individual SEP key
2021-06-16,richard-h-clarida,Richard H. Clarida,YES,UNKNOWN,NO,NO,https://www.federalreserve.gov/monetarypolicy/fomcminutes20210616.htm,VERIFIED_PRESENT,Eligibility inferred from named policymaker participation; no public individual SEP key
2021-06-16,robert-s-kaplan,Robert S. Kaplan,YES,UNKNOWN,NO,NO,https://www.federalreserve.gov/monetarypolicy/fomcminutes20210616.htm,VERIFIED_PRESENT,Eligibility inferred from named policymaker participation; no public individual SEP key
2021-06-16,thomas-i-barkin,Thomas I. Barkin,YES,UNKNOWN,NO,NO,https://www.federalreserve.gov/monetarypolicy/fomcminutes20210616.htm,VERIFIED_PRESENT,Eligibility inferred from named policymaker participation; no public individual SEP key
2021-09-22,charles-l-evans,Charles L. Evans,YES,UNKNOWN,NO,NO,https://www.federalreserve.gov/monetarypolicy/fomcminutes20210922.htm,VERIFIED_PRESENT,Eligibility inferred from named policymaker participation; no public individual SEP key
2021-09-22,christopher-j-waller,Christopher J. Waller,YES,UNKNOWN,NO,NO,https://www.federalreserve.gov/monetarypolicy/fomcminutes20210922.htm,VERIFIED_PRESENT,Eligibility inferred from named policymaker participation; no public individual SEP key
2021-09-22,eric-s-rosengren,Eric S. Rosengren,YES,UNKNOWN,NO,NO,https://www.federalreserve.gov/monetarypolicy/fomcminutes20210922.htm,VERIFIED_PRESENT,Eligibility inferred from named policymaker participation; no public individual SEP key
2021-09-22,esther-l-george,Esther L. George,YES,UNKNOWN,NO,NO,https://www.federalreserve.gov/monetarypolicy/fomcminutes20210922.htm,VERIFIED_PRESENT,Eligibility inferred from named policymaker participation; no public individual SEP key
2021-09-22,james-bullard,James Bullard,YES,UNKNOWN,NO,NO,https://www.federalreserve.gov/monetarypolicy/fomcminutes20210922.htm,VERIFIED_PRESENT,Eligibility inferred from named policymaker participation; no public individual SEP key
2021-09-22,jerome-h-powell,Jerome H. Powell,YES,UNKNOWN,NO,NO,https://www.federalreserve.gov/monetarypolicy/fomcminutes20210922.htm,VERIFIED_PRESENT,Eligibility inferred from named policymaker participation; no public individual SEP key
2021-09-22,john-c-williams,John C. Williams,YES,UNKNOWN,NO,NO,https://www.federalreserve.gov/monetarypolicy/fomcminutes20210922.htm,VERIFIED_PRESENT,Eligibility inferred from named policymaker participation; no public individual SEP key
2021-09-22,lael-brainard,Lael Brainard,YES,UNKNOWN,NO,NO,https://www.federalreserve.gov/monetarypolicy/fomcminutes20210922.htm,VERIFIED_PRESENT,Eligibility inferred from named policymaker participation; no public individual SEP key
2021-09-22,loretta-j-mester,Loretta J. Mester,YES,UNKNOWN,NO,NO,https://www.federalreserve.gov/monetarypolicy/fomcminutes20210922.htm,VERIFIED_PRESENT,Eligibility inferred from named policymaker participation; no public individual SEP key
2021-09-22,mary-c-daly,Mary C. Daly,YES,UNKNOWN,NO,NO,https://www.federalreserve.gov/monetarypolicy/fomcminutes20210922.htm,VERIFIED_PRESENT,Eligibility inferred from named policymaker participation; no public individual SEP key
2021-09-22,michelle-w-bowman,Michelle W. Bowman,YES,UNKNOWN,NO,NO,https://www.federalreserve.gov/monetarypolicy/fomcminutes20210922.htm,VERIFIED_PRESENT,Eligibility inferred from named policymaker participation; no public individual SEP key
2021-09-22,naureen-hassan,Naureen Hassan,YES,UNKNOWN,NO,NO,https://www.federalreserve.gov/monetarypolicy/fomcminutes20210922.htm,VERIFIED_PRESENT,Eligibility inferred from named policymaker participation; no public individual SEP key
2021-09-22,neel-kashkari,Neel Kashkari,YES,UNKNOWN,NO,NO,https://www.federalreserve.gov/monetarypolicy/fomcminutes20210922.htm,VERIFIED_PRESENT,Eligibility inferred from named policymaker participation; no public individual SEP key
2021-09-22,patrick-harker,Patrick Harker,YES,UNKNOWN,NO,NO,https://www.federalreserve.gov/monetarypolicy/fomcminutes20210922.htm,VERIFIED_PRESENT,Eligibility inferred from named policymaker participation; no public individual SEP key
2021-09-22,randal-k-quarles,Randal K. Quarles,YES,UNKNOWN,NO,NO,https://www.federalreserve.gov/monetarypolicy/fomcminutes20210922.htm,VERIFIED_PRESENT,Eligibility inferred from named policymaker participation; no public individual SEP key
2021-09-22,raphael-w-bostic,Raphael W. Bostic,YES,UNKNOWN,NO,NO,https://www.federalreserve.gov/monetarypolicy/fomcminutes20210922.htm,VERIFIED_PRESENT,Eligibility inferred from named policymaker participation; no public individual SEP key
2021-09-22,richard-h-clarida,Richard H. Clarida,YES,UNKNOWN,NO,NO,https://www.federalreserve.gov/monetarypolicy/fomcminutes20210922.htm,VERIFIED_PRESENT,Eligibility inferred from named policymaker participation; no public individual SEP key
2021-09-22,robert-s-kaplan,Robert S. Kaplan,YES,UNKNOWN,NO,NO,https://www.federalreserve.gov/monetarypolicy/fomcminutes20210922.htm,VERIFIED_PRESENT,Eligibility inferred from named policymaker participation; no public individual SEP key
2021-09-22,thomas-i-barkin,Thomas I. Barkin,YES,UNKNOWN,NO,NO,https://www.federalreserve.gov/monetarypolicy/fomcminutes20210922.htm,VERIFIED_PRESENT,Eligibility inferred from named policymaker participation; no public individual SEP key
2021-12-15,charles-l-evans,Charles L. Evans,YES,UNKNOWN,NO,NO,https://www.federalreserve.gov/monetarypolicy/fomcminutes20211215.htm,VERIFIED_PRESENT,Eligibility inferred from named policymaker participation; no public individual SEP key
2021-12-15,christopher-j-waller,Christopher J. Waller,YES,UNKNOWN,NO,NO,https://www.federalreserve.gov/monetarypolicy/fomcminutes20211215.htm,VERIFIED_PRESENT,Eligibility inferred from named policymaker participation; no public individual SEP key
2021-12-15,esther-l-george,Esther L. George,YES,UNKNOWN,NO,NO,https://www.federalreserve.gov/monetarypolicy/fomcminutes20211215.htm,VERIFIED_PRESENT,Eligibility inferred from named policymaker participation; no public individual SEP key
2021-12-15,james-bullard,James Bullard,YES,UNKNOWN,NO,NO,https://www.federalreserve.gov/monetarypolicy/fomcminutes20211215.htm,VERIFIED_PRESENT,Eligibility inferred from named policymaker participation; no public individual SEP key
2021-12-15,jerome-h-powell,Jerome H. Powell,YES,UNKNOWN,NO,NO,https://www.federalreserve.gov/monetarypolicy/fomcminutes20211215.htm,VERIFIED_PRESENT,Eligibility inferred from named policymaker participation; no public individual SEP key
2021-12-15,john-c-williams,John C. Williams,YES,UNKNOWN,NO,NO,https://www.federalreserve.gov/monetarypolicy/fomcminutes20211215.htm,VERIFIED_PRESENT,Eligibility inferred from named policymaker participation; no public individual SEP key
2021-12-15,kenneth-c-montgomery,Kenneth C. Montgomery,YES,UNKNOWN,NO,NO,https://www.federalreserve.gov/monetarypolicy/fomcminutes20211215.htm,VERIFIED_PRESENT,Eligibility inferred from named policymaker participation; no public individual SEP key
2021-12-15,lael-brainard,Lael Brainard,YES,UNKNOWN,NO,NO,https://www.federalreserve.gov/monetarypolicy/fomcminutes20211215.htm,VERIFIED_PRESENT,Eligibility inferred from named policymaker participation; no public individual SEP key
2021-12-15,loretta-j-mester,Loretta J. Mester,YES,UNKNOWN,NO,NO,https://www.federalreserve.gov/monetarypolicy/fomcminutes20211215.htm,VERIFIED_PRESENT,Eligibility inferred from named policymaker participation; no public individual SEP key
2021-12-15,mary-c-daly,Mary C. Daly,YES,UNKNOWN,NO,NO,https://www.federalreserve.gov/monetarypolicy/fomcminutes20211215.htm,VERIFIED_PRESENT,Eligibility inferred from named policymaker participation; no public individual SEP key
2021-12-15,michelle-w-bowman,Michelle W. Bowman,YES,UNKNOWN,NO,NO,https://www.federalreserve.gov/monetarypolicy/fomcminutes20211215.htm,VERIFIED_PRESENT,Eligibility inferred from named policymaker participation; no public individual SEP key
2021-12-15,naureen-hassan,Naureen Hassan,YES,UNKNOWN,NO,NO,https://www.federalreserve.gov/monetarypolicy/fomcminutes20211215.htm,VERIFIED_PRESENT,Eligibility inferred from named policymaker participation; no public individual SEP key
2021-12-15,neel-kashkari,Neel Kashkari,YES,UNKNOWN,NO,NO,https://www.federalreserve.gov/monetarypolicy/fomcminutes20211215.htm,VERIFIED_PRESENT,Eligibility inferred from named policymaker participation; no public individual SEP key
2021-12-15,patrick-harker,Patrick Harker,YES,UNKNOWN,NO,NO,https://www.federalreserve.gov/monetarypolicy/fomcminutes20211215.htm,VERIFIED_PRESENT,Eligibility inferred from named policymaker participation; no public individual SEP key
2021-12-15,randal-k-quarles,Randal K. Quarles,YES,UNKNOWN,NO,NO,https://www.federalreserve.gov/monetarypolicy/fomcminutes20211215.htm,VERIFIED_PRESENT,Eligibility inferred from named policymaker participation; no public individual SEP key
2021-12-15,raphael-w-bostic,Raphael W. Bostic,YES,UNKNOWN,NO,NO,https://www.federalreserve.gov/monetarypolicy/fomcminutes20211215.htm,VERIFIED_PRESENT,Eligibility inferred from named policymaker participation; no public individual SEP key
2021-12-15,richard-h-clarida,Richard H. Clarida,YES,UNKNOWN,NO,NO,https://www.federalreserve.gov/monetarypolicy/fomcminutes20211215.htm,VERIFIED_PRESENT,Eligibility inferred from named policymaker participation; no public individual SEP key
2021-12-15,thomas-i-barkin,Thomas I. Barkin,YES,UNKNOWN,NO,NO,https://www.federalreserve.gov/monetarypolicy/fomcminutes20211215.htm,VERIFIED_PRESENT,Eligibility inferred from named policymaker participation; no public individual SEP key
2022-03-16,charles-l-evans,Charles L. Evans,YES,UNKNOWN,NO,NO,https://www.federalreserve.gov/monetarypolicy/fomcminutes20220316.htm,VERIFIED_PRESENT,Eligibility inferred from named policymaker participation; no public individual SEP key
2022-03-16,christopher-j-waller,Christopher J. Waller,YES,UNKNOWN,NO,NO,https://www.federalreserve.gov/monetarypolicy/fomcminutes20220316.htm,VERIFIED_PRESENT,Eligibility inferred from named policymaker participation; no public individual SEP key
2022-03-16,esther-l-george,Esther L. George,YES,UNKNOWN,NO,NO,https://www.federalreserve.gov/monetarypolicy/fomcminutes20220316.htm,VERIFIED_PRESENT,Eligibility inferred from named policymaker participation; no public individual SEP key
2022-03-16,james-bullard,James Bullard,YES,UNKNOWN,NO,NO,https://www.federalreserve.gov/monetarypolicy/fomcminutes20220316.htm,VERIFIED_PRESENT,Eligibility inferred from named policymaker participation; no public individual SEP key
2022-03-16,jerome-h-powell,Jerome H. Powell,YES,UNKNOWN,NO,NO,https://www.federalreserve.gov/monetarypolicy/fomcminutes20220316.htm,VERIFIED_PRESENT,Eligibility inferred from named policymaker participation; no public individual SEP key
2022-03-16,john-c-williams,John C. Williams,YES,UNKNOWN,NO,NO,https://www.federalreserve.gov/monetarypolicy/fomcminutes20220316.htm,VERIFIED_PRESENT,Eligibility inferred from named policymaker participation; no public individual SEP key
2022-03-16,lael-brainard,Lael Brainard,YES,UNKNOWN,NO,NO,https://www.federalreserve.gov/monetarypolicy/fomcminutes20220316.htm,VERIFIED_PRESENT,Eligibility inferred from named policymaker participation; no public individual SEP key
2022-03-16,loretta-j-mester,Loretta J. Mester,YES,UNKNOWN,NO,NO,https://www.federalreserve.gov/monetarypolicy/fomcminutes20220316.htm,VERIFIED_PRESENT,Eligibility inferred from named policymaker participation; no public individual SEP key
2022-03-16,mary-c-daly,Mary C. Daly,YES,UNKNOWN,NO,NO,https://www.federalreserve.gov/monetarypolicy/fomcminutes20220316.htm,VERIFIED_PRESENT,Eligibility inferred from named policymaker participation; no public individual SEP key
2022-03-16,meredith-black,Meredith Black,YES,UNKNOWN,NO,NO,https://www.federalreserve.gov/monetarypolicy/fomcminutes20220316.htm,VERIFIED_PRESENT,Eligibility inferred from named policymaker participation; no public individual SEP key
2022-03-16,michelle-w-bowman,Michelle W. Bowman,YES,UNKNOWN,NO,NO,https://www.federalreserve.gov/monetarypolicy/fomcminutes20220316.htm,VERIFIED_PRESENT,Eligibility inferred from named policymaker participation; no public individual SEP key
2022-03-16,naureen-hassan,Naureen Hassan,YES,UNKNOWN,NO,NO,https://www.federalreserve.gov/monetarypolicy/fomcminutes20220316.htm,VERIFIED_PRESENT,Eligibility inferred from named policymaker participation; no public individual SEP key
2022-03-16,neel-kashkari,Neel Kashkari,YES,UNKNOWN,NO,NO,https://www.federalreserve.gov/monetarypolicy/fomcminutes20220316.htm,VERIFIED_PRESENT,Eligibility inferred from named policymaker participation; no public individual SEP key
2022-03-16,patrick-harker,Patrick Harker,YES,UNKNOWN,NO,NO,https://www.federalreserve.gov/monetarypolicy/fomcminutes20220316.htm,VERIFIED_PRESENT,Eligibility inferred from named policymaker participation; no public individual SEP key
2022-03-16,raphael-w-bostic,Raphael W. Bostic,YES,UNKNOWN,NO,NO,https://www.federalreserve.gov/monetarypolicy/fomcminutes20220316.htm,VERIFIED_PRESENT,Eligibility inferred from named policymaker participation; no public individual SEP key
2022-03-16,thomas-i-barkin,Thomas I. Barkin,YES,UNKNOWN,NO,NO,https://www.federalreserve.gov/monetarypolicy/fomcminutes20220316.htm,VERIFIED_PRESENT,Eligibility inferred from named policymaker participation; no public individual SEP key
2022-06-15,charles-l-evans,Charles L. Evans,YES,UNKNOWN,NO,NO,https://www.federalreserve.gov/monetarypolicy/fomcminutes20220615.htm,VERIFIED_PRESENT,Eligibility inferred from named policymaker participation; no public individual SEP key
2022-06-15,christopher-j-waller,Christopher J. Waller,YES,UNKNOWN,NO,NO,https://www.federalreserve.gov/monetarypolicy/fomcminutes20220615.htm,VERIFIED_PRESENT,Eligibility inferred from named policymaker participation; no public individual SEP key
2022-06-15,esther-l-george,Esther L. George,YES,UNKNOWN,NO,NO,https://www.federalreserve.gov/monetarypolicy/fomcminutes20220615.htm,VERIFIED_PRESENT,Eligibility inferred from named policymaker participation; no public individual SEP key
2022-06-15,james-bullard,James Bullard,YES,UNKNOWN,NO,NO,https://www.federalreserve.gov/monetarypolicy/fomcminutes20220615.htm,VERIFIED_PRESENT,Eligibility inferred from named policymaker participation; no public individual SEP key
2022-06-15,jerome-h-powell,Jerome H. Powell,YES,UNKNOWN,NO,NO,https://www.federalreserve.gov/monetarypolicy/fomcminutes20220615.htm,VERIFIED_PRESENT,Eligibility inferred from named policymaker participation; no public individual SEP key
2022-06-15,john-c-williams,John C. Williams,YES,UNKNOWN,NO,NO,https://www.federalreserve.gov/monetarypolicy/fomcminutes20220615.htm,VERIFIED_PRESENT,Eligibility inferred from named policymaker participation; no public individual SEP key
2022-06-15,lael-brainard,Lael Brainard,YES,UNKNOWN,NO,NO,https://www.federalreserve.gov/monetarypolicy/fomcminutes20220615.htm,VERIFIED_PRESENT,Eligibility inferred from named policymaker participation; no public individual SEP key
2022-06-15,lisa-d-cook,Lisa D. Cook,YES,UNKNOWN,NO,NO,https://www.federalreserve.gov/monetarypolicy/fomcminutes20220615.htm,VERIFIED_PRESENT,Eligibility inferred from named policymaker participation; no public individual SEP key
2022-06-15,loretta-j-mester,Loretta J. Mester,YES,UNKNOWN,NO,NO,https://www.federalreserve.gov/monetarypolicy/fomcminutes20220615.htm,VERIFIED_PRESENT,Eligibility inferred from named policymaker participation; no public individual SEP key
2022-06-15,mary-c-daly,Mary C. Daly,YES,UNKNOWN,NO,NO,https://www.federalreserve.gov/monetarypolicy/fomcminutes20220615.htm,VERIFIED_PRESENT,Eligibility inferred from named policymaker participation; no public individual SEP key
2022-06-15,meredith-black,Meredith Black,YES,UNKNOWN,NO,NO,https://www.federalreserve.gov/monetarypolicy/fomcminutes20220615.htm,VERIFIED_PRESENT,Eligibility inferred from named policymaker participation; no public individual SEP key
2022-06-15,michelle-w-bowman,Michelle W. Bowman,YES,UNKNOWN,NO,NO,https://www.federalreserve.gov/monetarypolicy/fomcminutes20220615.htm,VERIFIED_PRESENT,Eligibility inferred from named policymaker participation; no public individual SEP key
2022-06-15,naureen-hassan,Naureen Hassan,YES,UNKNOWN,NO,NO,https://www.federalreserve.gov/monetarypolicy/fomcminutes20220615.htm,VERIFIED_PRESENT,Eligibility inferred from named policymaker participation; no public individual SEP key
2022-06-15,neel-kashkari,Neel Kashkari,YES,UNKNOWN,NO,NO,https://www.federalreserve.gov/monetarypolicy/fomcminutes20220615.htm,VERIFIED_PRESENT,Eligibility inferred from named policymaker participation; no public individual SEP key
2022-06-15,patrick-harker,Patrick Harker,YES,UNKNOWN,NO,NO,https://www.federalreserve.gov/monetarypolicy/fomcminutes20220615.htm,VERIFIED_PRESENT,Eligibility inferred from named policymaker participation; no public individual SEP key
2022-06-15,philip-n-jefferson,Philip N. Jefferson,YES,UNKNOWN,NO,NO,https://www.federalreserve.gov/monetarypolicy/fomcminutes20220615.htm,VERIFIED_PRESENT,Eligibility inferred from named policymaker participation; no public individual SEP key
2022-06-15,raphael-w-bostic,Raphael W. Bostic,YES,UNKNOWN,NO,NO,https://www.federalreserve.gov/monetarypolicy/fomcminutes20220615.htm,VERIFIED_PRESENT,Eligibility inferred from named policymaker participation; no public individual SEP key
2022-06-15,thomas-i-barkin,Thomas I. Barkin,YES,UNKNOWN,NO,NO,https://www.federalreserve.gov/monetarypolicy/fomcminutes20220615.htm,VERIFIED_PRESENT,Eligibility inferred from named policymaker participation; no public individual SEP key
2022-09-21,charles-l-evans,Charles L. Evans,YES,UNKNOWN,NO,NO,https://www.federalreserve.gov/monetarypolicy/fomcminutes20220921.htm,VERIFIED_PRESENT,Eligibility inferred from named policymaker participation; no public individual SEP key
2022-09-21,christopher-j-waller,Christopher J. Waller,YES,UNKNOWN,NO,NO,https://www.federalreserve.gov/monetarypolicy/fomcminutes20220921.htm,VERIFIED_PRESENT,Eligibility inferred from named policymaker participation; no public individual SEP key
2022-09-21,esther-l-george,Esther L. George,YES,UNKNOWN,NO,NO,https://www.federalreserve.gov/monetarypolicy/fomcminutes20220921.htm,VERIFIED_PRESENT,Eligibility inferred from named policymaker participation; no public individual SEP key
2022-09-21,helen-e-mucciolo,Helen E. Mucciolo,YES,UNKNOWN,NO,NO,https://www.federalreserve.gov/monetarypolicy/fomcminutes20220921.htm,VERIFIED_PRESENT,Eligibility inferred from named policymaker participation; no public individual SEP key
2022-09-21,james-bullard,James Bullard,YES,UNKNOWN,NO,NO,https://www.federalreserve.gov/monetarypolicy/fomcminutes20220921.htm,VERIFIED_PRESENT,Eligibility inferred from named policymaker participation; no public individual SEP key
2022-09-21,jerome-h-powell,Jerome H. Powell,YES,UNKNOWN,NO,NO,https://www.federalreserve.gov/monetarypolicy/fomcminutes20220921.htm,VERIFIED_PRESENT,Eligibility inferred from named policymaker participation; no public individual SEP key
2022-09-21,john-c-williams,John C. Williams,YES,UNKNOWN,NO,NO,https://www.federalreserve.gov/monetarypolicy/fomcminutes20220921.htm,VERIFIED_PRESENT,Eligibility inferred from named policymaker participation; no public individual SEP key
2022-09-21,lael-brainard,Lael Brainard,YES,UNKNOWN,NO,NO,https://www.federalreserve.gov/monetarypolicy/fomcminutes20220921.htm,VERIFIED_PRESENT,Eligibility inferred from named policymaker participation; no public individual SEP key
2022-09-21,lisa-d-cook,Lisa D. Cook,YES,UNKNOWN,NO,NO,https://www.federalreserve.gov/monetarypolicy/fomcminutes20220921.htm,VERIFIED_PRESENT,Eligibility inferred from named policymaker participation; no public individual SEP key
2022-09-21,loretta-j-mester,Loretta J. Mester,YES,UNKNOWN,NO,NO,https://www.federalreserve.gov/monetarypolicy/fomcminutes20220921.htm,VERIFIED_PRESENT,Eligibility inferred from named policymaker participation; no public individual SEP key
2022-09-21,lorie-k-logan,Lorie K. Logan,YES,UNKNOWN,NO,NO,https://www.federalreserve.gov/monetarypolicy/fomcminutes20220921.htm,VERIFIED_PRESENT,Eligibility inferred from named policymaker participation; no public individual SEP key
2022-09-21,mary-c-daly,Mary C. Daly,YES,UNKNOWN,NO,NO,https://www.federalreserve.gov/monetarypolicy/fomcminutes20220921.htm,VERIFIED_PRESENT,Eligibility inferred from named policymaker participation; no public individual SEP key
2022-09-21,michael-s-barr,Michael S. Barr,YES,UNKNOWN,NO,NO,https://www.federalreserve.gov/monetarypolicy/fomcminutes20220921.htm,VERIFIED_PRESENT,Eligibility inferred from named policymaker participation; no public individual SEP key
2022-09-21,michelle-w-bowman,Michelle W. Bowman,YES,UNKNOWN,NO,NO,https://www.federalreserve.gov/monetarypolicy/fomcminutes20220921.htm,VERIFIED_PRESENT,Eligibility inferred from named policymaker participation; no public individual SEP key
2022-09-21,neel-kashkari,Neel Kashkari,YES,UNKNOWN,NO,NO,https://www.federalreserve.gov/monetarypolicy/fomcminutes20220921.htm,VERIFIED_PRESENT,Eligibility inferred from named policymaker participation; no public individual SEP key
2022-09-21,patrick-harker,Patrick Harker,YES,UNKNOWN,NO,NO,https://www.federalreserve.gov/monetarypolicy/fomcminutes20220921.htm,VERIFIED_PRESENT,Eligibility inferred from named policymaker participation; no public individual SEP key
2022-09-21,philip-n-jefferson,Philip N. Jefferson,YES,UNKNOWN,NO,NO,https://www.federalreserve.gov/monetarypolicy/fomcminutes20220921.htm,VERIFIED_PRESENT,Eligibility inferred from named policymaker participation; no public individual SEP key
2022-09-21,raphael-w-bostic,Raphael W. Bostic,YES,UNKNOWN,NO,NO,https://www.federalreserve.gov/monetarypolicy/fomcminutes20220921.htm,VERIFIED_PRESENT,Eligibility inferred from named policymaker participation; no public individual SEP key
2022-09-21,susan-m-collins,Susan M. Collins,YES,UNKNOWN,NO,NO,https://www.federalreserve.gov/monetarypolicy/fomcminutes20220921.htm,VERIFIED_PRESENT,Eligibility inferred from named policymaker participation; no public individual SEP key
2022-09-21,thomas-i-barkin,Thomas I. Barkin,YES,UNKNOWN,NO,NO,https://www.federalreserve.gov/monetarypolicy/fomcminutes20220921.htm,VERIFIED_PRESENT,Eligibility inferred from named policymaker participation; no public individual SEP key
2022-12-14,charles-l-evans,Charles L. Evans,YES,UNKNOWN,NO,NO,https://www.federalreserve.gov/monetarypolicy/fomcminutes20221214.htm,VERIFIED_PRESENT,Eligibility inferred from named policymaker participation; no public individual SEP key
2022-12-14,christopher-j-waller,Christopher J. Waller,YES,UNKNOWN,NO,NO,https://www.federalreserve.gov/monetarypolicy/fomcminutes20221214.htm,VERIFIED_PRESENT,Eligibility inferred from named policymaker participation; no public individual SEP key
2022-12-14,esther-l-george,Esther L. George,YES,UNKNOWN,NO,NO,https://www.federalreserve.gov/monetarypolicy/fomcminutes20221214.htm,VERIFIED_PRESENT,Eligibility inferred from named policymaker participation; no public individual SEP key
2022-12-14,helen-e-mucciolo,Helen E. Mucciolo,YES,UNKNOWN,NO,NO,https://www.federalreserve.gov/monetarypolicy/fomcminutes20221214.htm,VERIFIED_PRESENT,Eligibility inferred from named policymaker participation; no public individual SEP key
2022-12-14,james-bullard,James Bullard,YES,UNKNOWN,NO,NO,https://www.federalreserve.gov/monetarypolicy/fomcminutes20221214.htm,VERIFIED_PRESENT,Eligibility inferred from named policymaker participation; no public individual SEP key
2022-12-14,jerome-h-powell,Jerome H. Powell,YES,UNKNOWN,NO,NO,https://www.federalreserve.gov/monetarypolicy/fomcminutes20221214.htm,VERIFIED_PRESENT,Eligibility inferred from named policymaker participation; no public individual SEP key
2022-12-14,john-c-williams,John C. Williams,YES,UNKNOWN,NO,NO,https://www.federalreserve.gov/monetarypolicy/fomcminutes20221214.htm,VERIFIED_PRESENT,Eligibility inferred from named policymaker participation; no public individual SEP key
2022-12-14,lael-brainard,Lael Brainard,YES,UNKNOWN,NO,NO,https://www.federalreserve.gov/monetarypolicy/fomcminutes20221214.htm,VERIFIED_PRESENT,Eligibility inferred from named policymaker participation; no public individual SEP key
2022-12-14,lisa-d-cook,Lisa D. Cook,YES,UNKNOWN,NO,NO,https://www.federalreserve.gov/monetarypolicy/fomcminutes20221214.htm,VERIFIED_PRESENT,Eligibility inferred from named policymaker participation; no public individual SEP key
2022-12-14,loretta-j-mester,Loretta J. Mester,YES,UNKNOWN,NO,NO,https://www.federalreserve.gov/monetarypolicy/fomcminutes20221214.htm,VERIFIED_PRESENT,Eligibility inferred from named policymaker participation; no public individual SEP key
2022-12-14,lorie-k-logan,Lorie K. Logan,YES,UNKNOWN,NO,NO,https://www.federalreserve.gov/monetarypolicy/fomcminutes20221214.htm,VERIFIED_PRESENT,Eligibility inferred from named policymaker participation; no public individual SEP key
2022-12-14,mary-c-daly,Mary C. Daly,YES,UNKNOWN,NO,NO,https://www.federalreserve.gov/monetarypolicy/fomcminutes20221214.htm,VERIFIED_PRESENT,Eligibility inferred from named policymaker participation; no public individual SEP key
2022-12-14,michael-s-barr,Michael S. Barr,YES,UNKNOWN,NO,NO,https://www.federalreserve.gov/monetarypolicy/fomcminutes20221214.htm,VERIFIED_PRESENT,Eligibility inferred from named policymaker participation; no public individual SEP key
2022-12-14,michelle-w-bowman,Michelle W. Bowman,YES,UNKNOWN,NO,NO,https://www.federalreserve.gov/monetarypolicy/fomcminutes20221214.htm,VERIFIED_PRESENT,Eligibility inferred from named policymaker participation; no public individual SEP key
2022-12-14,neel-kashkari,Neel Kashkari,YES,UNKNOWN,NO,NO,https://www.federalreserve.gov/monetarypolicy/fomcminutes20221214.htm,VERIFIED_PRESENT,Eligibility inferred from named policymaker participation; no public individual SEP key
2022-12-14,patrick-harker,Patrick Harker,YES,UNKNOWN,NO,NO,https://www.federalreserve.gov/monetarypolicy/fomcminutes20221214.htm,VERIFIED_PRESENT,Eligibility inferred from named policymaker participation; no public individual SEP key
2022-12-14,philip-n-jefferson,Philip N. Jefferson,YES,UNKNOWN,NO,NO,https://www.federalreserve.gov/monetarypolicy/fomcminutes20221214.htm,VERIFIED_PRESENT,Eligibility inferred from named policymaker participation; no public individual SEP key
2022-12-14,raphael-w-bostic,Raphael W. Bostic,YES,UNKNOWN,NO,NO,https://www.federalreserve.gov/monetarypolicy/fomcminutes20221214.htm,VERIFIED_PRESENT,Eligibility inferred from named policymaker participation; no public individual SEP key
2022-12-14,susan-m-collins,Susan M. Collins,YES,UNKNOWN,NO,NO,https://www.federalreserve.gov/monetarypolicy/fomcminutes20221214.htm,VERIFIED_PRESENT,Eligibility inferred from named policymaker participation; no public individual SEP key
2022-12-14,thomas-i-barkin,Thomas I. Barkin,YES,UNKNOWN,NO,NO,https://www.federalreserve.gov/monetarypolicy/fomcminutes20221214.htm,VERIFIED_PRESENT,Eligibility inferred from named policymaker participation; no public individual SEP key
2023-03-22,austan-d-goolsbee,Austan D. Goolsbee,YES,UNKNOWN,NO,NO,https://www.federalreserve.gov/monetarypolicy/fomcminutes20230322.htm,VERIFIED_PRESENT,Eligibility inferred from named policymaker participation; no public individual SEP key
2023-03-22,christopher-j-waller,Christopher J. Waller,YES,UNKNOWN,NO,NO,https://www.federalreserve.gov/monetarypolicy/fomcminutes20230322.htm,VERIFIED_PRESENT,Eligibility inferred from named policymaker participation; no public individual SEP key
2023-03-22,james-bullard,James Bullard,YES,UNKNOWN,NO,NO,https://www.federalreserve.gov/monetarypolicy/fomcminutes20230322.htm,VERIFIED_PRESENT,Eligibility inferred from named policymaker participation; no public individual SEP key
2023-03-22,jerome-h-powell,Jerome H. Powell,YES,UNKNOWN,NO,NO,https://www.federalreserve.gov/monetarypolicy/fomcminutes20230322.htm,VERIFIED_PRESENT,Eligibility inferred from named policymaker participation; no public individual SEP key
2023-03-22,john-c-williams,John C. Williams,YES,UNKNOWN,NO,NO,https://www.federalreserve.gov/monetarypolicy/fomcminutes20230322.htm,VERIFIED_PRESENT,Eligibility inferred from named policymaker participation; no public individual SEP key
2023-03-22,lisa-d-cook,Lisa D. Cook,YES,UNKNOWN,NO,NO,https://www.federalreserve.gov/monetarypolicy/fomcminutes20230322.htm,VERIFIED_PRESENT,Eligibility inferred from named policymaker participation; no public individual SEP key
2023-03-22,loretta-j-mester,Loretta J. Mester,YES,UNKNOWN,NO,NO,https://www.federalreserve.gov/monetarypolicy/fomcminutes20230322.htm,VERIFIED_PRESENT,Eligibility inferred from named policymaker participation; no public individual SEP key
2023-03-22,lorie-k-logan,Lorie K. Logan,YES,UNKNOWN,NO,NO,https://www.federalreserve.gov/monetarypolicy/fomcminutes20230322.htm,VERIFIED_PRESENT,Eligibility inferred from named policymaker participation; no public individual SEP key
2023-03-22,mary-c-daly,Mary C. Daly,YES,UNKNOWN,NO,NO,https://www.federalreserve.gov/monetarypolicy/fomcminutes20230322.htm,VERIFIED_PRESENT,Eligibility inferred from named policymaker participation; no public individual SEP key
2023-03-22,michael-s-barr,Michael S. Barr,YES,UNKNOWN,NO,NO,https://www.federalreserve.gov/monetarypolicy/fomcminutes20230322.htm,VERIFIED_PRESENT,Eligibility inferred from named policymaker participation; no public individual SEP key
2023-03-22,michelle-w-bowman,Michelle W. Bowman,YES,UNKNOWN,NO,NO,https://www.federalreserve.gov/monetarypolicy/fomcminutes20230322.htm,VERIFIED_PRESENT,Eligibility inferred from named policymaker participation; no public individual SEP key
2023-03-22,neel-kashkari,Neel Kashkari,YES,UNKNOWN,NO,NO,https://www.federalreserve.gov/monetarypolicy/fomcminutes20230322.htm,VERIFIED_PRESENT,Eligibility inferred from named policymaker participation; no public individual SEP key
2023-03-22,patrick-harker,Patrick Harker,YES,UNKNOWN,NO,NO,https://www.federalreserve.gov/monetarypolicy/fomcminutes20230322.htm,VERIFIED_PRESENT,Eligibility inferred from named policymaker participation; no public individual SEP key
2023-03-22,philip-n-jefferson,Philip N. Jefferson,YES,UNKNOWN,NO,NO,https://www.federalreserve.gov/monetarypolicy/fomcminutes20230322.htm,VERIFIED_PRESENT,Eligibility inferred from named policymaker participation; no public individual SEP key
2023-03-22,raphael-w-bostic,Raphael W. Bostic,YES,UNKNOWN,NO,NO,https://www.federalreserve.gov/monetarypolicy/fomcminutes20230322.htm,VERIFIED_PRESENT,Eligibility inferred from named policymaker participation; no public individual SEP key
2023-03-22,susan-m-collins,Susan M. Collins,YES,UNKNOWN,NO,NO,https://www.federalreserve.gov/monetarypolicy/fomcminutes20230322.htm,VERIFIED_PRESENT,Eligibility inferred from named policymaker participation; no public individual SEP key
2023-03-22,sushmita-shukla,Sushmita Shukla,YES,UNKNOWN,NO,NO,https://www.federalreserve.gov/monetarypolicy/fomcminutes20230322.htm,VERIFIED_PRESENT,Eligibility inferred from named policymaker participation; no public individual SEP key
2023-03-22,thomas-i-barkin,Thomas I. Barkin,YES,UNKNOWN,NO,NO,https://www.federalreserve.gov/monetarypolicy/fomcminutes20230322.htm,VERIFIED_PRESENT,Eligibility inferred from named policymaker participation; no public individual SEP key
2023-06-14,austan-d-goolsbee,Austan D. Goolsbee,YES,UNKNOWN,NO,NO,https://www.federalreserve.gov/monetarypolicy/fomcminutes20230614.htm,VERIFIED_PRESENT,Eligibility inferred from named policymaker participation; no public individual SEP key
2023-06-14,christopher-j-waller,Christopher J. Waller,YES,UNKNOWN,NO,NO,https://www.federalreserve.gov/monetarypolicy/fomcminutes20230614.htm,VERIFIED_PRESENT,Eligibility inferred from named policymaker participation; no public individual SEP key
2023-06-14,james-bullard,James Bullard,YES,UNKNOWN,NO,NO,https://www.federalreserve.gov/monetarypolicy/fomcminutes20230614.htm,VERIFIED_PRESENT,Eligibility inferred from named policymaker participation; no public individual SEP key
2023-06-14,jerome-h-powell,Jerome H. Powell,YES,UNKNOWN,NO,NO,https://www.federalreserve.gov/monetarypolicy/fomcminutes20230614.htm,VERIFIED_PRESENT,Eligibility inferred from named policymaker participation; no public individual SEP key
2023-06-14,john-c-williams,John C. Williams,YES,UNKNOWN,NO,NO,https://www.federalreserve.gov/monetarypolicy/fomcminutes20230614.htm,VERIFIED_PRESENT,Eligibility inferred from named policymaker participation; no public individual SEP key
2023-06-14,lisa-d-cook,Lisa D. Cook,YES,UNKNOWN,NO,NO,https://www.federalreserve.gov/monetarypolicy/fomcminutes20230614.htm,VERIFIED_PRESENT,Eligibility inferred from named policymaker participation; no public individual SEP key
2023-06-14,loretta-j-mester,Loretta J. Mester,YES,UNKNOWN,NO,NO,https://www.federalreserve.gov/monetarypolicy/fomcminutes20230614.htm,VERIFIED_PRESENT,Eligibility inferred from named policymaker participation; no public individual SEP key
2023-06-14,lorie-k-logan,Lorie K. Logan,YES,UNKNOWN,NO,NO,https://www.federalreserve.gov/monetarypolicy/fomcminutes20230614.htm,VERIFIED_PRESENT,Eligibility inferred from named policymaker participation; no public individual SEP key
2023-06-14,mary-c-daly,Mary C. Daly,YES,UNKNOWN,NO,NO,https://www.federalreserve.gov/monetarypolicy/fomcminutes20230614.htm,VERIFIED_PRESENT,Eligibility inferred from named policymaker participation; no public individual SEP key
2023-06-14,michael-s-barr,Michael S. Barr,YES,UNKNOWN,NO,NO,https://www.federalreserve.gov/monetarypolicy/fomcminutes20230614.htm,VERIFIED_PRESENT,Eligibility inferred from named policymaker participation; no public individual SEP key
2023-06-14,michelle-w-bowman,Michelle W. Bowman,YES,UNKNOWN,NO,NO,https://www.federalreserve.gov/monetarypolicy/fomcminutes20230614.htm,VERIFIED_PRESENT,Eligibility inferred from named policymaker participation; no public individual SEP key
2023-06-14,neel-kashkari,Neel Kashkari,YES,UNKNOWN,NO,NO,https://www.federalreserve.gov/monetarypolicy/fomcminutes20230614.htm,VERIFIED_PRESENT,Eligibility inferred from named policymaker participation; no public individual SEP key
2023-06-14,patrick-harker,Patrick Harker,YES,UNKNOWN,NO,NO,https://www.federalreserve.gov/monetarypolicy/fomcminutes20230614.htm,VERIFIED_PRESENT,Eligibility inferred from named policymaker participation; no public individual SEP key
2023-06-14,philip-n-jefferson,Philip N. Jefferson,YES,UNKNOWN,NO,NO,https://www.federalreserve.gov/monetarypolicy/fomcminutes20230614.htm,VERIFIED_PRESENT,Eligibility inferred from named policymaker participation; no public individual SEP key
2023-06-14,raphael-w-bostic,Raphael W. Bostic,YES,UNKNOWN,NO,NO,https://www.federalreserve.gov/monetarypolicy/fomcminutes20230614.htm,VERIFIED_PRESENT,Eligibility inferred from named policymaker participation; no public individual SEP key
2023-06-14,susan-m-collins,Susan M. Collins,YES,UNKNOWN,NO,NO,https://www.federalreserve.gov/monetarypolicy/fomcminutes20230614.htm,VERIFIED_PRESENT,Eligibility inferred from named policymaker participation; no public individual SEP key
2023-06-14,thomas-i-barkin,Thomas I. Barkin,YES,UNKNOWN,NO,NO,https://www.federalreserve.gov/monetarypolicy/fomcminutes20230614.htm,VERIFIED_PRESENT,Eligibility inferred from named policymaker participation; no public individual SEP key
2023-09-20,adriana-d-kugler,Adriana D. Kugler,YES,UNKNOWN,NO,NO,https://www.federalreserve.gov/monetarypolicy/fomcminutes20230920.htm,VERIFIED_PRESENT,Eligibility inferred from named policymaker participation; no public individual SEP key
2023-09-20,austan-d-goolsbee,Austan D. Goolsbee,YES,UNKNOWN,NO,NO,https://www.federalreserve.gov/monetarypolicy/fomcminutes20230920.htm,VERIFIED_PRESENT,Eligibility inferred from named policymaker participation; no public individual SEP key
2023-09-20,christopher-j-waller,Christopher J. Waller,YES,UNKNOWN,NO,NO,https://www.federalreserve.gov/monetarypolicy/fomcminutes20230920.htm,VERIFIED_PRESENT,Eligibility inferred from named policymaker participation; no public individual SEP key
2023-09-20,jeffrey-r-schmid,Jeffrey R. Schmid,YES,UNKNOWN,NO,NO,https://www.federalreserve.gov/monetarypolicy/fomcminutes20230920.htm,VERIFIED_PRESENT,Eligibility inferred from named policymaker participation; no public individual SEP key
2023-09-20,jerome-h-powell,Jerome H. Powell,YES,UNKNOWN,NO,NO,https://www.federalreserve.gov/monetarypolicy/fomcminutes20230920.htm,VERIFIED_PRESENT,Eligibility inferred from named policymaker participation; no public individual SEP key
2023-09-20,john-c-williams,John C. Williams,YES,UNKNOWN,NO,NO,https://www.federalreserve.gov/monetarypolicy/fomcminutes20230920.htm,VERIFIED_PRESENT,Eligibility inferred from named policymaker participation; no public individual SEP key
2023-09-20,lisa-d-cook,Lisa D. Cook,YES,UNKNOWN,NO,NO,https://www.federalreserve.gov/monetarypolicy/fomcminutes20230920.htm,VERIFIED_PRESENT,Eligibility inferred from named policymaker participation; no public individual SEP key
2023-09-20,loretta-j-mester,Loretta J. Mester,YES,UNKNOWN,NO,NO,https://www.federalreserve.gov/monetarypolicy/fomcminutes20230920.htm,VERIFIED_PRESENT,Eligibility inferred from named policymaker participation; no public individual SEP key
2023-09-20,lorie-k-logan,Lorie K. Logan,YES,UNKNOWN,NO,NO,https://www.federalreserve.gov/monetarypolicy/fomcminutes20230920.htm,VERIFIED_PRESENT,Eligibility inferred from named policymaker participation; no public individual SEP key
2023-09-20,mary-c-daly,Mary C. Daly,YES,UNKNOWN,NO,NO,https://www.federalreserve.gov/monetarypolicy/fomcminutes20230920.htm,VERIFIED_PRESENT,Eligibility inferred from named policymaker participation; no public individual SEP key
2023-09-20,michael-s-barr,Michael S. Barr,YES,UNKNOWN,NO,NO,https://www.federalreserve.gov/monetarypolicy/fomcminutes20230920.htm,VERIFIED_PRESENT,Eligibility inferred from named policymaker participation; no public individual SEP key
2023-09-20,michelle-w-bowman,Michelle W. Bowman,YES,UNKNOWN,NO,NO,https://www.federalreserve.gov/monetarypolicy/fomcminutes20230920.htm,VERIFIED_PRESENT,Eligibility inferred from named policymaker participation; no public individual SEP key
2023-09-20,neel-kashkari,Neel Kashkari,YES,UNKNOWN,NO,NO,https://www.federalreserve.gov/monetarypolicy/fomcminutes20230920.htm,VERIFIED_PRESENT,Eligibility inferred from named policymaker participation; no public individual SEP key
2023-09-20,patrick-harker,Patrick Harker,YES,UNKNOWN,NO,NO,https://www.federalreserve.gov/monetarypolicy/fomcminutes20230920.htm,VERIFIED_PRESENT,Eligibility inferred from named policymaker participation; no public individual SEP key
2023-09-20,philip-n-jefferson,Philip N. Jefferson,YES,UNKNOWN,NO,NO,https://www.federalreserve.gov/monetarypolicy/fomcminutes20230920.htm,VERIFIED_PRESENT,Eligibility inferred from named policymaker participation; no public individual SEP key
2023-09-20,raphael-w-bostic,Raphael W. Bostic,YES,UNKNOWN,NO,NO,https://www.federalreserve.gov/monetarypolicy/fomcminutes20230920.htm,VERIFIED_PRESENT,Eligibility inferred from named policymaker participation; no public individual SEP key
2023-09-20,susan-m-collins,Susan M. Collins,YES,UNKNOWN,NO,NO,https://www.federalreserve.gov/monetarypolicy/fomcminutes20230920.htm,VERIFIED_PRESENT,Eligibility inferred from named policymaker participation; no public individual SEP key
2023-09-20,thomas-i-barkin,Thomas I. Barkin,YES,UNKNOWN,NO,NO,https://www.federalreserve.gov/monetarypolicy/fomcminutes20230920.htm,VERIFIED_PRESENT,Eligibility inferred from named policymaker participation; no public individual SEP key
2023-12-13,adriana-d-kugler,Adriana D. Kugler,YES,UNKNOWN,NO,NO,https://www.federalreserve.gov/monetarypolicy/fomcminutes20231213.htm,VERIFIED_PRESENT,Eligibility inferred from named policymaker participation; no public individual SEP key
2023-12-13,austan-d-goolsbee,Austan D. Goolsbee,YES,UNKNOWN,NO,NO,https://www.federalreserve.gov/monetarypolicy/fomcminutes20231213.htm,VERIFIED_PRESENT,Eligibility inferred from named policymaker participation; no public individual SEP key
2023-12-13,christopher-j-waller,Christopher J. Waller,YES,UNKNOWN,NO,NO,https://www.federalreserve.gov/monetarypolicy/fomcminutes20231213.htm,VERIFIED_PRESENT,Eligibility inferred from named policymaker participation; no public individual SEP key
2023-12-13,jeffrey-r-schmid,Jeffrey R. Schmid,YES,UNKNOWN,NO,NO,https://www.federalreserve.gov/monetarypolicy/fomcminutes20231213.htm,VERIFIED_PRESENT,Eligibility inferred from named policymaker participation; no public individual SEP key
2023-12-13,jerome-h-powell,Jerome H. Powell,YES,UNKNOWN,NO,NO,https://www.federalreserve.gov/monetarypolicy/fomcminutes20231213.htm,VERIFIED_PRESENT,Eligibility inferred from named policymaker participation; no public individual SEP key
2023-12-13,john-c-williams,John C. Williams,YES,UNKNOWN,NO,NO,https://www.federalreserve.gov/monetarypolicy/fomcminutes20231213.htm,VERIFIED_PRESENT,Eligibility inferred from named policymaker participation; no public individual SEP key
2023-12-13,lisa-d-cook,Lisa D. Cook,YES,UNKNOWN,NO,NO,https://www.federalreserve.gov/monetarypolicy/fomcminutes20231213.htm,VERIFIED_PRESENT,Eligibility inferred from named policymaker participation; no public individual SEP key
2023-12-13,loretta-j-mester,Loretta J. Mester,YES,UNKNOWN,NO,NO,https://www.federalreserve.gov/monetarypolicy/fomcminutes20231213.htm,VERIFIED_PRESENT,Eligibility inferred from named policymaker participation; no public individual SEP key
2023-12-13,lorie-k-logan,Lorie K. Logan,YES,UNKNOWN,NO,NO,https://www.federalreserve.gov/monetarypolicy/fomcminutes20231213.htm,VERIFIED_PRESENT,Eligibility inferred from named policymaker participation; no public individual SEP key
2023-12-13,mary-c-daly,Mary C. Daly,YES,UNKNOWN,NO,NO,https://www.federalreserve.gov/monetarypolicy/fomcminutes20231213.htm,VERIFIED_PRESENT,Eligibility inferred from named policymaker participation; no public individual SEP key
2023-12-13,michael-s-barr,Michael S. Barr,YES,UNKNOWN,NO,NO,https://www.federalreserve.gov/monetarypolicy/fomcminutes20231213.htm,VERIFIED_PRESENT,Eligibility inferred from named policymaker participation; no public individual SEP key
2023-12-13,michelle-w-bowman,Michelle W. Bowman,YES,UNKNOWN,NO,NO,https://www.federalreserve.gov/monetarypolicy/fomcminutes20231213.htm,VERIFIED_PRESENT,Eligibility inferred from named policymaker participation; no public individual SEP key
2023-12-13,neel-kashkari,Neel Kashkari,YES,UNKNOWN,NO,NO,https://www.federalreserve.gov/monetarypolicy/fomcminutes20231213.htm,VERIFIED_PRESENT,Eligibility inferred from named policymaker participation; no public individual SEP key
2023-12-13,patrick-harker,Patrick Harker,YES,UNKNOWN,NO,NO,https://www.federalreserve.gov/monetarypolicy/fomcminutes20231213.htm,VERIFIED_PRESENT,Eligibility inferred from named policymaker participation; no public individual SEP key
2023-12-13,philip-n-jefferson,Philip N. Jefferson,YES,UNKNOWN,NO,NO,https://www.federalreserve.gov/monetarypolicy/fomcminutes20231213.htm,VERIFIED_PRESENT,Eligibility inferred from named policymaker participation; no public individual SEP key
2023-12-13,raphael-w-bostic,Raphael W. Bostic,YES,UNKNOWN,NO,NO,https://www.federalreserve.gov/monetarypolicy/fomcminutes20231213.htm,VERIFIED_PRESENT,Eligibility inferred from named policymaker participation; no public individual SEP key
2023-12-13,susan-m-collins,Susan M. Collins,YES,UNKNOWN,NO,NO,https://www.federalreserve.gov/monetarypolicy/fomcminutes20231213.htm,VERIFIED_PRESENT,Eligibility inferred from named policymaker participation; no public individual SEP key
2023-12-13,thomas-i-barkin,Thomas I. Barkin,YES,UNKNOWN,NO,NO,https://www.federalreserve.gov/monetarypolicy/fomcminutes20231213.htm,VERIFIED_PRESENT,Eligibility inferred from named policymaker participation; no public individual SEP key
2024-03-20,adriana-d-kugler,Adriana D. Kugler,YES,UNKNOWN,NO,NO,https://www.federalreserve.gov/monetarypolicy/fomcminutes20240320.htm,VERIFIED_PRESENT,Eligibility inferred from named policymaker participation; no public individual SEP key
2024-03-20,austan-d-goolsbee,Austan D. Goolsbee,YES,UNKNOWN,NO,NO,https://www.federalreserve.gov/monetarypolicy/fomcminutes20240320.htm,VERIFIED_PRESENT,Eligibility inferred from named policymaker participation; no public individual SEP key
2024-03-20,christopher-j-waller,Christopher J. Waller,YES,UNKNOWN,NO,NO,https://www.federalreserve.gov/monetarypolicy/fomcminutes20240320.htm,VERIFIED_PRESENT,Eligibility inferred from named policymaker participation; no public individual SEP key
2024-03-20,jeffrey-r-schmid,Jeffrey R. Schmid,YES,UNKNOWN,NO,NO,https://www.federalreserve.gov/monetarypolicy/fomcminutes20240320.htm,VERIFIED_PRESENT,Eligibility inferred from named policymaker participation; no public individual SEP key
2024-03-20,jerome-h-powell,Jerome H. Powell,YES,UNKNOWN,NO,NO,https://www.federalreserve.gov/monetarypolicy/fomcminutes20240320.htm,VERIFIED_PRESENT,Eligibility inferred from named policymaker participation; no public individual SEP key
2024-03-20,john-c-williams,John C. Williams,YES,UNKNOWN,NO,NO,https://www.federalreserve.gov/monetarypolicy/fomcminutes20240320.htm,VERIFIED_PRESENT,Eligibility inferred from named policymaker participation; no public individual SEP key
2024-03-20,kathleen-o-neill-paese,Kathleen O'Neill Paese,YES,UNKNOWN,NO,NO,https://www.federalreserve.gov/monetarypolicy/fomcminutes20240320.htm,VERIFIED_PRESENT,Eligibility inferred from named policymaker participation; no public individual SEP key
2024-03-20,lisa-d-cook,Lisa D. Cook,YES,UNKNOWN,NO,NO,https://www.federalreserve.gov/monetarypolicy/fomcminutes20240320.htm,VERIFIED_PRESENT,Eligibility inferred from named policymaker participation; no public individual SEP key
2024-03-20,loretta-j-mester,Loretta J. Mester,YES,UNKNOWN,NO,NO,https://www.federalreserve.gov/monetarypolicy/fomcminutes20240320.htm,VERIFIED_PRESENT,Eligibility inferred from named policymaker participation; no public individual SEP key
2024-03-20,lorie-k-logan,Lorie K. Logan,YES,UNKNOWN,NO,NO,https://www.federalreserve.gov/monetarypolicy/fomcminutes20240320.htm,VERIFIED_PRESENT,Eligibility inferred from named policymaker participation; no public individual SEP key
2024-03-20,mary-c-daly,Mary C. Daly,YES,UNKNOWN,NO,NO,https://www.federalreserve.gov/monetarypolicy/fomcminutes20240320.htm,VERIFIED_PRESENT,Eligibility inferred from named policymaker participation; no public individual SEP key
2024-03-20,michael-s-barr,Michael S. Barr,YES,UNKNOWN,NO,NO,https://www.federalreserve.gov/monetarypolicy/fomcminutes20240320.htm,VERIFIED_PRESENT,Eligibility inferred from named policymaker participation; no public individual SEP key
2024-03-20,michelle-w-bowman,Michelle W. Bowman,YES,UNKNOWN,NO,NO,https://www.federalreserve.gov/monetarypolicy/fomcminutes20240320.htm,VERIFIED_PRESENT,Eligibility inferred from named policymaker participation; no public individual SEP key
2024-03-20,neel-kashkari,Neel Kashkari,YES,UNKNOWN,NO,NO,https://www.federalreserve.gov/monetarypolicy/fomcminutes20240320.htm,VERIFIED_PRESENT,Eligibility inferred from named policymaker participation; no public individual SEP key
2024-03-20,patrick-harker,Patrick Harker,YES,UNKNOWN,NO,NO,https://www.federalreserve.gov/monetarypolicy/fomcminutes20240320.htm,VERIFIED_PRESENT,Eligibility inferred from named policymaker participation; no public individual SEP key
2024-03-20,philip-n-jefferson,Philip N. Jefferson,YES,UNKNOWN,NO,NO,https://www.federalreserve.gov/monetarypolicy/fomcminutes20240320.htm,VERIFIED_PRESENT,Eligibility inferred from named policymaker participation; no public individual SEP key
2024-03-20,raphael-w-bostic,Raphael W. Bostic,YES,UNKNOWN,NO,NO,https://www.federalreserve.gov/monetarypolicy/fomcminutes20240320.htm,VERIFIED_PRESENT,Eligibility inferred from named policymaker participation; no public individual SEP key
2024-03-20,susan-m-collins,Susan M. Collins,YES,UNKNOWN,NO,NO,https://www.federalreserve.gov/monetarypolicy/fomcminutes20240320.htm,VERIFIED_PRESENT,Eligibility inferred from named policymaker participation; no public individual SEP key
2024-03-20,thomas-i-barkin,Thomas I. Barkin,YES,UNKNOWN,NO,NO,https://www.federalreserve.gov/monetarypolicy/fomcminutes20240320.htm,VERIFIED_PRESENT,Eligibility inferred from named policymaker participation; no public individual SEP key
2024-06-12,adriana-d-kugler,Adriana D. Kugler,YES,UNKNOWN,NO,NO,https://www.federalreserve.gov/monetarypolicy/fomcminutes20240612.htm,VERIFIED_PRESENT,Eligibility inferred from named policymaker participation; no public individual SEP key
2024-06-12,alberto-g-musalem,Alberto G. Musalem,YES,UNKNOWN,NO,NO,https://www.federalreserve.gov/monetarypolicy/fomcminutes20240612.htm,VERIFIED_PRESENT,Eligibility inferred from named policymaker participation; no public individual SEP key
2024-06-12,austan-d-goolsbee,Austan D. Goolsbee,YES,UNKNOWN,NO,NO,https://www.federalreserve.gov/monetarypolicy/fomcminutes20240612.htm,VERIFIED_PRESENT,Eligibility inferred from named policymaker participation; no public individual SEP key
2024-06-12,christopher-j-waller,Christopher J. Waller,YES,UNKNOWN,NO,NO,https://www.federalreserve.gov/monetarypolicy/fomcminutes20240612.htm,VERIFIED_PRESENT,Eligibility inferred from named policymaker participation; no public individual SEP key
2024-06-12,jeffrey-r-schmid,Jeffrey R. Schmid,YES,UNKNOWN,NO,NO,https://www.federalreserve.gov/monetarypolicy/fomcminutes20240612.htm,VERIFIED_PRESENT,Eligibility inferred from named policymaker participation; no public individual SEP key
2024-06-12,jerome-h-powell,Jerome H. Powell,YES,UNKNOWN,NO,NO,https://www.federalreserve.gov/monetarypolicy/fomcminutes20240612.htm,VERIFIED_PRESENT,Eligibility inferred from named policymaker participation; no public individual SEP key
2024-06-12,john-c-williams,John C. Williams,YES,UNKNOWN,NO,NO,https://www.federalreserve.gov/monetarypolicy/fomcminutes20240612.htm,VERIFIED_PRESENT,Eligibility inferred from named policymaker participation; no public individual SEP key
2024-06-12,lisa-d-cook,Lisa D. Cook,YES,UNKNOWN,NO,NO,https://www.federalreserve.gov/monetarypolicy/fomcminutes20240612.htm,VERIFIED_PRESENT,Eligibility inferred from named policymaker participation; no public individual SEP key
2024-06-12,loretta-j-mester,Loretta J. Mester,YES,UNKNOWN,NO,NO,https://www.federalreserve.gov/monetarypolicy/fomcminutes20240612.htm,VERIFIED_PRESENT,Eligibility inferred from named policymaker participation; no public individual SEP key
2024-06-12,lorie-k-logan,Lorie K. Logan,YES,UNKNOWN,NO,NO,https://www.federalreserve.gov/monetarypolicy/fomcminutes20240612.htm,VERIFIED_PRESENT,Eligibility inferred from named policymaker participation; no public individual SEP key
2024-06-12,mary-c-daly,Mary C. Daly,YES,UNKNOWN,NO,NO,https://www.federalreserve.gov/monetarypolicy/fomcminutes20240612.htm,VERIFIED_PRESENT,Eligibility inferred from named policymaker participation; no public individual SEP key
2024-06-12,michael-s-barr,Michael S. Barr,YES,UNKNOWN,NO,NO,https://www.federalreserve.gov/monetarypolicy/fomcminutes20240612.htm,VERIFIED_PRESENT,Eligibility inferred from named policymaker participation; no public individual SEP key
2024-06-12,michelle-w-bowman,Michelle W. Bowman,YES,UNKNOWN,NO,NO,https://www.federalreserve.gov/monetarypolicy/fomcminutes20240612.htm,VERIFIED_PRESENT,Eligibility inferred from named policymaker participation; no public individual SEP key
2024-06-12,neel-kashkari,Neel Kashkari,YES,UNKNOWN,NO,NO,https://www.federalreserve.gov/monetarypolicy/fomcminutes20240612.htm,VERIFIED_PRESENT,Eligibility inferred from named policymaker participation; no public individual SEP key
2024-06-12,patrick-harker,Patrick Harker,YES,UNKNOWN,NO,NO,https://www.federalreserve.gov/monetarypolicy/fomcminutes20240612.htm,VERIFIED_PRESENT,Eligibility inferred from named policymaker participation; no public individual SEP key
2024-06-12,philip-n-jefferson,Philip N. Jefferson,YES,UNKNOWN,NO,NO,https://www.federalreserve.gov/monetarypolicy/fomcminutes20240612.htm,VERIFIED_PRESENT,Eligibility inferred from named policymaker participation; no public individual SEP key
2024-06-12,raphael-w-bostic,Raphael W. Bostic,YES,UNKNOWN,NO,NO,https://www.federalreserve.gov/monetarypolicy/fomcminutes20240612.htm,VERIFIED_PRESENT,Eligibility inferred from named policymaker participation; no public individual SEP key
2024-06-12,susan-m-collins,Susan M. Collins,YES,UNKNOWN,NO,NO,https://www.federalreserve.gov/monetarypolicy/fomcminutes20240612.htm,VERIFIED_PRESENT,Eligibility inferred from named policymaker participation; no public individual SEP key
2024-06-12,thomas-i-barkin,Thomas I. Barkin,YES,UNKNOWN,NO,NO,https://www.federalreserve.gov/monetarypolicy/fomcminutes20240612.htm,VERIFIED_PRESENT,Eligibility inferred from named policymaker participation; no public individual SEP key
2024-09-18,adriana-d-kugler,Adriana D. Kugler,YES,UNKNOWN,NO,NO,https://www.federalreserve.gov/monetarypolicy/fomcminutes20240918.htm,VERIFIED_PRESENT,Eligibility inferred from named policymaker participation; no public individual SEP key
2024-09-18,alberto-g-musalem,Alberto G. Musalem,YES,UNKNOWN,NO,NO,https://www.federalreserve.gov/monetarypolicy/fomcminutes20240918.htm,VERIFIED_PRESENT,Eligibility inferred from named policymaker participation; no public individual SEP key
2024-09-18,austan-d-goolsbee,Austan D. Goolsbee,YES,UNKNOWN,NO,NO,https://www.federalreserve.gov/monetarypolicy/fomcminutes20240918.htm,VERIFIED_PRESENT,Eligibility inferred from named policymaker participation; no public individual SEP key
2024-09-18,beth-m-hammack,Beth M. Hammack,YES,UNKNOWN,NO,NO,https://www.federalreserve.gov/monetarypolicy/fomcminutes20240918.htm,VERIFIED_PRESENT,Eligibility inferred from named policymaker participation; no public individual SEP key
2024-09-18,christopher-j-waller,Christopher J. Waller,YES,UNKNOWN,NO,NO,https://www.federalreserve.gov/monetarypolicy/fomcminutes20240918.htm,VERIFIED_PRESENT,Eligibility inferred from named policymaker participation; no public individual SEP key
2024-09-18,jeffrey-r-schmid,Jeffrey R. Schmid,YES,UNKNOWN,NO,NO,https://www.federalreserve.gov/monetarypolicy/fomcminutes20240918.htm,VERIFIED_PRESENT,Eligibility inferred from named policymaker participation; no public individual SEP key
2024-09-18,jerome-h-powell,Jerome H. Powell,YES,UNKNOWN,NO,NO,https://www.federalreserve.gov/monetarypolicy/fomcminutes20240918.htm,VERIFIED_PRESENT,Eligibility inferred from named policymaker participation; no public individual SEP key
2024-09-18,john-c-williams,John C. Williams,YES,UNKNOWN,NO,NO,https://www.federalreserve.gov/monetarypolicy/fomcminutes20240918.htm,VERIFIED_PRESENT,Eligibility inferred from named policymaker participation; no public individual SEP key
2024-09-18,lisa-d-cook,Lisa D. Cook,YES,UNKNOWN,NO,NO,https://www.federalreserve.gov/monetarypolicy/fomcminutes20240918.htm,VERIFIED_PRESENT,Eligibility inferred from named policymaker participation; no public individual SEP key
2024-09-18,lorie-k-logan,Lorie K. Logan,YES,UNKNOWN,NO,NO,https://www.federalreserve.gov/monetarypolicy/fomcminutes20240918.htm,VERIFIED_PRESENT,Eligibility inferred from named policymaker participation; no public individual SEP key
2024-09-18,mary-c-daly,Mary C. Daly,YES,UNKNOWN,NO,NO,https://www.federalreserve.gov/monetarypolicy/fomcminutes20240918.htm,VERIFIED_PRESENT,Eligibility inferred from named policymaker participation; no public individual SEP key
2024-09-18,michael-s-barr,Michael S. Barr,YES,UNKNOWN,NO,NO,https://www.federalreserve.gov/monetarypolicy/fomcminutes20240918.htm,VERIFIED_PRESENT,Eligibility inferred from named policymaker participation; no public individual SEP key
2024-09-18,michelle-w-bowman,Michelle W. Bowman,YES,UNKNOWN,NO,NO,https://www.federalreserve.gov/monetarypolicy/fomcminutes20240918.htm,VERIFIED_PRESENT,Eligibility inferred from named policymaker participation; no public individual SEP key
2024-09-18,neel-kashkari,Neel Kashkari,YES,UNKNOWN,NO,NO,https://www.federalreserve.gov/monetarypolicy/fomcminutes20240918.htm,VERIFIED_PRESENT,Eligibility inferred from named policymaker participation; no public individual SEP key
2024-09-18,patrick-harker,Patrick Harker,YES,UNKNOWN,NO,NO,https://www.federalreserve.gov/monetarypolicy/fomcminutes20240918.htm,VERIFIED_PRESENT,Eligibility inferred from named policymaker participation; no public individual SEP key
2024-09-18,philip-n-jefferson,Philip N. Jefferson,YES,UNKNOWN,NO,NO,https://www.federalreserve.gov/monetarypolicy/fomcminutes20240918.htm,VERIFIED_PRESENT,Eligibility inferred from named policymaker participation; no public individual SEP key
2024-09-18,raphael-w-bostic,Raphael W. Bostic,YES,UNKNOWN,NO,NO,https://www.federalreserve.gov/monetarypolicy/fomcminutes20240918.htm,VERIFIED_PRESENT,Eligibility inferred from named policymaker participation; no public individual SEP key
2024-09-18,susan-m-collins,Susan M. Collins,YES,UNKNOWN,NO,NO,https://www.federalreserve.gov/monetarypolicy/fomcminutes20240918.htm,VERIFIED_PRESENT,Eligibility inferred from named policymaker participation; no public individual SEP key
2024-09-18,thomas-i-barkin,Thomas I. Barkin,YES,UNKNOWN,NO,NO,https://www.federalreserve.gov/monetarypolicy/fomcminutes20240918.htm,VERIFIED_PRESENT,Eligibility inferred from named policymaker participation; no public individual SEP key
2024-12-18,adriana-d-kugler,Adriana D. Kugler,YES,UNKNOWN,NO,NO,https://www.federalreserve.gov/monetarypolicy/fomcminutes20241218.htm,VERIFIED_PRESENT,Eligibility inferred from named policymaker participation; no public individual SEP key
2024-12-18,alberto-g-musalem,Alberto G. Musalem,YES,UNKNOWN,NO,NO,https://www.federalreserve.gov/monetarypolicy/fomcminutes20241218.htm,VERIFIED_PRESENT,Eligibility inferred from named policymaker participation; no public individual SEP key
2024-12-18,austan-d-goolsbee,Austan D. Goolsbee,YES,UNKNOWN,NO,NO,https://www.federalreserve.gov/monetarypolicy/fomcminutes20241218.htm,VERIFIED_PRESENT,Eligibility inferred from named policymaker participation; no public individual SEP key
2024-12-18,beth-m-hammack,Beth M. Hammack,YES,UNKNOWN,NO,NO,https://www.federalreserve.gov/monetarypolicy/fomcminutes20241218.htm,VERIFIED_PRESENT,Eligibility inferred from named policymaker participation; no public individual SEP key
2024-12-18,christopher-j-waller,Christopher J. Waller,YES,UNKNOWN,NO,NO,https://www.federalreserve.gov/monetarypolicy/fomcminutes20241218.htm,VERIFIED_PRESENT,Eligibility inferred from named policymaker participation; no public individual SEP key
2024-12-18,jeffrey-r-schmid,Jeffrey R. Schmid,YES,UNKNOWN,NO,NO,https://www.federalreserve.gov/monetarypolicy/fomcminutes20241218.htm,VERIFIED_PRESENT,Eligibility inferred from named policymaker participation; no public individual SEP key
2024-12-18,jerome-h-powell,Jerome H. Powell,YES,UNKNOWN,NO,NO,https://www.federalreserve.gov/monetarypolicy/fomcminutes20241218.htm,VERIFIED_PRESENT,Eligibility inferred from named policymaker participation; no public individual SEP key
2024-12-18,john-c-williams,John C. Williams,YES,UNKNOWN,NO,NO,https://www.federalreserve.gov/monetarypolicy/fomcminutes20241218.htm,VERIFIED_PRESENT,Eligibility inferred from named policymaker participation; no public individual SEP key
2024-12-18,lisa-d-cook,Lisa D. Cook,YES,UNKNOWN,NO,NO,https://www.federalreserve.gov/monetarypolicy/fomcminutes20241218.htm,VERIFIED_PRESENT,Eligibility inferred from named policymaker participation; no public individual SEP key
2024-12-18,lorie-k-logan,Lorie K. Logan,YES,UNKNOWN,NO,NO,https://www.federalreserve.gov/monetarypolicy/fomcminutes20241218.htm,VERIFIED_PRESENT,Eligibility inferred from named policymaker participation; no public individual SEP key
2024-12-18,mary-c-daly,Mary C. Daly,YES,UNKNOWN,NO,NO,https://www.federalreserve.gov/monetarypolicy/fomcminutes20241218.htm,VERIFIED_PRESENT,Eligibility inferred from named policymaker participation; no public individual SEP key
2024-12-18,michael-s-barr,Michael S. Barr,YES,UNKNOWN,NO,NO,https://www.federalreserve.gov/monetarypolicy/fomcminutes20241218.htm,VERIFIED_PRESENT,Eligibility inferred from named policymaker participation; no public individual SEP key
2024-12-18,michelle-w-bowman,Michelle W. Bowman,YES,UNKNOWN,NO,NO,https://www.federalreserve.gov/monetarypolicy/fomcminutes20241218.htm,VERIFIED_PRESENT,Eligibility inferred from named policymaker participation; no public individual SEP key
2024-12-18,neel-kashkari,Neel Kashkari,YES,UNKNOWN,NO,NO,https://www.federalreserve.gov/monetarypolicy/fomcminutes20241218.htm,VERIFIED_PRESENT,Eligibility inferred from named policymaker participation; no public individual SEP key
2024-12-18,patrick-harker,Patrick Harker,YES,UNKNOWN,NO,NO,https://www.federalreserve.gov/monetarypolicy/fomcminutes20241218.htm,VERIFIED_PRESENT,Eligibility inferred from named policymaker participation; no public individual SEP key
2024-12-18,philip-n-jefferson,Philip N. Jefferson,YES,UNKNOWN,NO,NO,https://www.federalreserve.gov/monetarypolicy/fomcminutes20241218.htm,VERIFIED_PRESENT,Eligibility inferred from named policymaker participation; no public individual SEP key
2024-12-18,raphael-w-bostic,Raphael W. Bostic,YES,UNKNOWN,NO,NO,https://www.federalreserve.gov/monetarypolicy/fomcminutes20241218.htm,VERIFIED_PRESENT,Eligibility inferred from named policymaker participation; no public individual SEP key
2024-12-18,susan-m-collins,Susan M. Collins,YES,UNKNOWN,NO,NO,https://www.federalreserve.gov/monetarypolicy/fomcminutes20241218.htm,VERIFIED_PRESENT,Eligibility inferred from named policymaker participation; no public individual SEP key
2024-12-18,sushmita-shukla,Sushmita Shukla,YES,UNKNOWN,NO,NO,https://www.federalreserve.gov/monetarypolicy/fomcminutes20241218.htm,VERIFIED_PRESENT,Eligibility inferred from named policymaker participation; no public individual SEP key
2024-12-18,thomas-i-barkin,Thomas I. Barkin,YES,UNKNOWN,NO,NO,https://www.federalreserve.gov/monetarypolicy/fomcminutes20241218.htm,VERIFIED_PRESENT,Eligibility inferred from named policymaker participation; no public individual SEP key
2025-03-19,adriana-d-kugler,Adriana D. Kugler,YES,UNKNOWN,NO,NO,https://www.federalreserve.gov/monetarypolicy/fomcminutes20250319.htm,VERIFIED_PRESENT,Eligibility inferred from named policymaker participation; no public individual SEP key
2025-03-19,alberto-g-musalem,Alberto G. Musalem,YES,UNKNOWN,NO,NO,https://www.federalreserve.gov/monetarypolicy/fomcminutes20250319.htm,VERIFIED_PRESENT,Eligibility inferred from named policymaker participation; no public individual SEP key
2025-03-19,austan-d-goolsbee,Austan D. Goolsbee,YES,UNKNOWN,NO,NO,https://www.federalreserve.gov/monetarypolicy/fomcminutes20250319.htm,VERIFIED_PRESENT,Eligibility inferred from named policymaker participation; no public individual SEP key
2025-03-19,beth-m-hammack,Beth M. Hammack,YES,UNKNOWN,NO,NO,https://www.federalreserve.gov/monetarypolicy/fomcminutes20250319.htm,VERIFIED_PRESENT,Eligibility inferred from named policymaker participation; no public individual SEP key
2025-03-19,christopher-j-waller,Christopher J. Waller,YES,UNKNOWN,NO,NO,https://www.federalreserve.gov/monetarypolicy/fomcminutes20250319.htm,VERIFIED_PRESENT,Eligibility inferred from named policymaker participation; no public individual SEP key
2025-03-19,jeffrey-r-schmid,Jeffrey R. Schmid,YES,UNKNOWN,NO,NO,https://www.federalreserve.gov/monetarypolicy/fomcminutes20250319.htm,VERIFIED_PRESENT,Eligibility inferred from named policymaker participation; no public individual SEP key
2025-03-19,jerome-h-powell,Jerome H. Powell,YES,UNKNOWN,NO,NO,https://www.federalreserve.gov/monetarypolicy/fomcminutes20250319.htm,VERIFIED_PRESENT,Eligibility inferred from named policymaker participation; no public individual SEP key
2025-03-19,john-c-williams,John C. Williams,YES,UNKNOWN,NO,NO,https://www.federalreserve.gov/monetarypolicy/fomcminutes20250319.htm,VERIFIED_PRESENT,Eligibility inferred from named policymaker participation; no public individual SEP key
2025-03-19,lisa-d-cook,Lisa D. Cook,YES,UNKNOWN,NO,NO,https://www.federalreserve.gov/monetarypolicy/fomcminutes20250319.htm,VERIFIED_PRESENT,Eligibility inferred from named policymaker participation; no public individual SEP key
2025-03-19,lorie-k-logan,Lorie K. Logan,YES,UNKNOWN,NO,NO,https://www.federalreserve.gov/monetarypolicy/fomcminutes20250319.htm,VERIFIED_PRESENT,Eligibility inferred from named policymaker participation; no public individual SEP key
2025-03-19,mary-c-daly,Mary C. Daly,YES,UNKNOWN,NO,NO,https://www.federalreserve.gov/monetarypolicy/fomcminutes20250319.htm,VERIFIED_PRESENT,Eligibility inferred from named policymaker participation; no public individual SEP key
2025-03-19,michael-s-barr,Michael S. Barr,YES,UNKNOWN,NO,NO,https://www.federalreserve.gov/monetarypolicy/fomcminutes20250319.htm,VERIFIED_PRESENT,Eligibility inferred from named policymaker participation; no public individual SEP key
2025-03-19,michelle-w-bowman,Michelle W. Bowman,YES,UNKNOWN,NO,NO,https://www.federalreserve.gov/monetarypolicy/fomcminutes20250319.htm,VERIFIED_PRESENT,Eligibility inferred from named policymaker participation; no public individual SEP key
2025-03-19,neel-kashkari,Neel Kashkari,YES,UNKNOWN,NO,NO,https://www.federalreserve.gov/monetarypolicy/fomcminutes20250319.htm,VERIFIED_PRESENT,Eligibility inferred from named policymaker participation; no public individual SEP key
2025-03-19,patrick-harker,Patrick Harker,YES,UNKNOWN,NO,NO,https://www.federalreserve.gov/monetarypolicy/fomcminutes20250319.htm,VERIFIED_PRESENT,Eligibility inferred from named policymaker participation; no public individual SEP key
2025-03-19,philip-n-jefferson,Philip N. Jefferson,YES,UNKNOWN,NO,NO,https://www.federalreserve.gov/monetarypolicy/fomcminutes20250319.htm,VERIFIED_PRESENT,Eligibility inferred from named policymaker participation; no public individual SEP key
2025-03-19,raphael-w-bostic,Raphael W. Bostic,YES,UNKNOWN,NO,NO,https://www.federalreserve.gov/monetarypolicy/fomcminutes20250319.htm,VERIFIED_PRESENT,Eligibility inferred from named policymaker participation; no public individual SEP key
2025-03-19,susan-m-collins,Susan M. Collins,YES,UNKNOWN,NO,NO,https://www.federalreserve.gov/monetarypolicy/fomcminutes20250319.htm,VERIFIED_PRESENT,Eligibility inferred from named policymaker participation; no public individual SEP key
2025-03-19,thomas-i-barkin,Thomas I. Barkin,YES,UNKNOWN,NO,NO,https://www.federalreserve.gov/monetarypolicy/fomcminutes20250319.htm,VERIFIED_PRESENT,Eligibility inferred from named policymaker participation; no public individual SEP key
2025-06-18,adriana-d-kugler,Adriana D. Kugler,YES,UNKNOWN,NO,NO,https://www.federalreserve.gov/monetarypolicy/fomcminutes20250618.htm,VERIFIED_PRESENT,Eligibility inferred from named policymaker participation; no public individual SEP key
2025-06-18,alberto-g-musalem,Alberto G. Musalem,YES,UNKNOWN,NO,NO,https://www.federalreserve.gov/monetarypolicy/fomcminutes20250618.htm,VERIFIED_PRESENT,Eligibility inferred from named policymaker participation; no public individual SEP key
2025-06-18,austan-d-goolsbee,Austan D. Goolsbee,YES,UNKNOWN,NO,NO,https://www.federalreserve.gov/monetarypolicy/fomcminutes20250618.htm,VERIFIED_PRESENT,Eligibility inferred from named policymaker participation; no public individual SEP key
2025-06-18,beth-m-hammack,Beth M. Hammack,YES,UNKNOWN,NO,NO,https://www.federalreserve.gov/monetarypolicy/fomcminutes20250618.htm,VERIFIED_PRESENT,Eligibility inferred from named policymaker participation; no public individual SEP key
2025-06-18,christopher-j-waller,Christopher J. Waller,YES,UNKNOWN,NO,NO,https://www.federalreserve.gov/monetarypolicy/fomcminutes20250618.htm,VERIFIED_PRESENT,Eligibility inferred from named policymaker participation; no public individual SEP key
2025-06-18,jeffrey-r-schmid,Jeffrey R. Schmid,YES,UNKNOWN,NO,NO,https://www.federalreserve.gov/monetarypolicy/fomcminutes20250618.htm,VERIFIED_PRESENT,Eligibility inferred from named policymaker participation; no public individual SEP key
2025-06-18,jerome-h-powell,Jerome H. Powell,YES,UNKNOWN,NO,NO,https://www.federalreserve.gov/monetarypolicy/fomcminutes20250618.htm,VERIFIED_PRESENT,Eligibility inferred from named policymaker participation; no public individual SEP key
2025-06-18,john-c-williams,John C. Williams,YES,UNKNOWN,NO,NO,https://www.federalreserve.gov/monetarypolicy/fomcminutes20250618.htm,VERIFIED_PRESENT,Eligibility inferred from named policymaker participation; no public individual SEP key
2025-06-18,lisa-d-cook,Lisa D. Cook,YES,UNKNOWN,NO,NO,https://www.federalreserve.gov/monetarypolicy/fomcminutes20250618.htm,VERIFIED_PRESENT,Eligibility inferred from named policymaker participation; no public individual SEP key
2025-06-18,lorie-k-logan,Lorie K. Logan,YES,UNKNOWN,NO,NO,https://www.federalreserve.gov/monetarypolicy/fomcminutes20250618.htm,VERIFIED_PRESENT,Eligibility inferred from named policymaker participation; no public individual SEP key
2025-06-18,mary-c-daly,Mary C. Daly,YES,UNKNOWN,NO,NO,https://www.federalreserve.gov/monetarypolicy/fomcminutes20250618.htm,VERIFIED_PRESENT,Eligibility inferred from named policymaker participation; no public individual SEP key
2025-06-18,michael-s-barr,Michael S. Barr,YES,UNKNOWN,NO,NO,https://www.federalreserve.gov/monetarypolicy/fomcminutes20250618.htm,VERIFIED_PRESENT,Eligibility inferred from named policymaker participation; no public individual SEP key
2025-06-18,michelle-w-bowman,Michelle W. Bowman,YES,UNKNOWN,NO,NO,https://www.federalreserve.gov/monetarypolicy/fomcminutes20250618.htm,VERIFIED_PRESENT,Eligibility inferred from named policymaker participation; no public individual SEP key
2025-06-18,neel-kashkari,Neel Kashkari,YES,UNKNOWN,NO,NO,https://www.federalreserve.gov/monetarypolicy/fomcminutes20250618.htm,VERIFIED_PRESENT,Eligibility inferred from named policymaker participation; no public individual SEP key
2025-06-18,patrick-harker,Patrick Harker,YES,UNKNOWN,NO,NO,https://www.federalreserve.gov/monetarypolicy/fomcminutes20250618.htm,VERIFIED_PRESENT,Eligibility inferred from named policymaker participation; no public individual SEP key
2025-06-18,philip-n-jefferson,Philip N. Jefferson,YES,UNKNOWN,NO,NO,https://www.federalreserve.gov/monetarypolicy/fomcminutes20250618.htm,VERIFIED_PRESENT,Eligibility inferred from named policymaker participation; no public individual SEP key
2025-06-18,raphael-w-bostic,Raphael W. Bostic,YES,UNKNOWN,NO,NO,https://www.federalreserve.gov/monetarypolicy/fomcminutes20250618.htm,VERIFIED_PRESENT,Eligibility inferred from named policymaker participation; no public individual SEP key
2025-06-18,susan-m-collins,Susan M. Collins,YES,UNKNOWN,NO,NO,https://www.federalreserve.gov/monetarypolicy/fomcminutes20250618.htm,VERIFIED_PRESENT,Eligibility inferred from named policymaker participation; no public individual SEP key
2025-06-18,thomas-i-barkin,Thomas I. Barkin,YES,UNKNOWN,NO,NO,https://www.federalreserve.gov/monetarypolicy/fomcminutes20250618.htm,VERIFIED_PRESENT,Eligibility inferred from named policymaker participation; no public individual SEP key
2025-09-17,alberto-g-musalem,Alberto G. Musalem,YES,UNKNOWN,NO,NO,https://www.federalreserve.gov/monetarypolicy/fomcminutes20250917.htm,VERIFIED_PRESENT,Eligibility inferred from named policymaker participation; no public individual SEP key
2025-09-17,anna-paulson,Anna Paulson,YES,UNKNOWN,NO,NO,https://www.federalreserve.gov/monetarypolicy/fomcminutes20250917.htm,VERIFIED_PRESENT,Eligibility inferred from named policymaker participation; no public individual SEP key
2025-09-17,austan-d-goolsbee,Austan D. Goolsbee,YES,UNKNOWN,NO,NO,https://www.federalreserve.gov/monetarypolicy/fomcminutes20250917.htm,VERIFIED_PRESENT,Eligibility inferred from named policymaker participation; no public individual SEP key
2025-09-17,beth-m-hammack,Beth M. Hammack,YES,UNKNOWN,NO,NO,https://www.federalreserve.gov/monetarypolicy/fomcminutes20250917.htm,VERIFIED_PRESENT,Eligibility inferred from named policymaker participation; no public individual SEP key
2025-09-17,christopher-j-waller,Christopher J. Waller,YES,UNKNOWN,NO,NO,https://www.federalreserve.gov/monetarypolicy/fomcminutes20250917.htm,VERIFIED_PRESENT,Eligibility inferred from named policymaker participation; no public individual SEP key
2025-09-17,jeffrey-r-schmid,Jeffrey R. Schmid,YES,UNKNOWN,NO,NO,https://www.federalreserve.gov/monetarypolicy/fomcminutes20250917.htm,VERIFIED_PRESENT,Eligibility inferred from named policymaker participation; no public individual SEP key
2025-09-17,jerome-h-powell,Jerome H. Powell,YES,UNKNOWN,NO,NO,https://www.federalreserve.gov/monetarypolicy/fomcminutes20250917.htm,VERIFIED_PRESENT,Eligibility inferred from named policymaker participation; no public individual SEP key
2025-09-17,john-c-williams,John C. Williams,YES,UNKNOWN,NO,NO,https://www.federalreserve.gov/monetarypolicy/fomcminutes20250917.htm,VERIFIED_PRESENT,Eligibility inferred from named policymaker participation; no public individual SEP key
2025-09-17,lisa-d-cook,Lisa D. Cook,YES,UNKNOWN,NO,NO,https://www.federalreserve.gov/monetarypolicy/fomcminutes20250917.htm,VERIFIED_PRESENT,Eligibility inferred from named policymaker participation; no public individual SEP key
2025-09-17,lorie-k-logan,Lorie K. Logan,YES,UNKNOWN,NO,NO,https://www.federalreserve.gov/monetarypolicy/fomcminutes20250917.htm,VERIFIED_PRESENT,Eligibility inferred from named policymaker participation; no public individual SEP key
2025-09-17,mary-c-daly,Mary C. Daly,YES,UNKNOWN,NO,NO,https://www.federalreserve.gov/monetarypolicy/fomcminutes20250917.htm,VERIFIED_PRESENT,Eligibility inferred from named policymaker participation; no public individual SEP key
2025-09-17,michael-s-barr,Michael S. Barr,YES,UNKNOWN,NO,NO,https://www.federalreserve.gov/monetarypolicy/fomcminutes20250917.htm,VERIFIED_PRESENT,Eligibility inferred from named policymaker participation; no public individual SEP key
2025-09-17,michelle-w-bowman,Michelle W. Bowman,YES,UNKNOWN,NO,NO,https://www.federalreserve.gov/monetarypolicy/fomcminutes20250917.htm,VERIFIED_PRESENT,Eligibility inferred from named policymaker participation; no public individual SEP key
2025-09-17,neel-kashkari,Neel Kashkari,YES,UNKNOWN,NO,NO,https://www.federalreserve.gov/monetarypolicy/fomcminutes20250917.htm,VERIFIED_PRESENT,Eligibility inferred from named policymaker participation; no public individual SEP key
2025-09-17,philip-n-jefferson,Philip N. Jefferson,YES,UNKNOWN,NO,NO,https://www.federalreserve.gov/monetarypolicy/fomcminutes20250917.htm,VERIFIED_PRESENT,Eligibility inferred from named policymaker participation; no public individual SEP key
2025-09-17,raphael-w-bostic,Raphael W. Bostic,YES,UNKNOWN,NO,NO,https://www.federalreserve.gov/monetarypolicy/fomcminutes20250917.htm,VERIFIED_PRESENT,Eligibility inferred from named policymaker participation; no public individual SEP key
2025-09-17,stephen-i-miran,Stephen I. Miran,YES,UNKNOWN,NO,NO,https://www.federalreserve.gov/monetarypolicy/fomcminutes20250917.htm,VERIFIED_PRESENT,Eligibility inferred from named policymaker participation; no public individual SEP key
2025-09-17,susan-m-collins,Susan M. Collins,YES,UNKNOWN,NO,NO,https://www.federalreserve.gov/monetarypolicy/fomcminutes20250917.htm,VERIFIED_PRESENT,Eligibility inferred from named policymaker participation; no public individual SEP key
2025-09-17,sushmita-shukla,Sushmita Shukla,YES,UNKNOWN,NO,NO,https://www.federalreserve.gov/monetarypolicy/fomcminutes20250917.htm,VERIFIED_PRESENT,Eligibility inferred from named policymaker participation; no public individual SEP key
2025-09-17,thomas-i-barkin,Thomas I. Barkin,YES,UNKNOWN,NO,NO,https://www.federalreserve.gov/monetarypolicy/fomcminutes20250917.htm,VERIFIED_PRESENT,Eligibility inferred from named policymaker participation; no public individual SEP key
2025-12-10,alberto-g-musalem,Alberto G. Musalem,YES,UNKNOWN,NO,NO,https://www.federalreserve.gov/monetarypolicy/fomcminutes20251210.htm,VERIFIED_PRESENT,Eligibility inferred from named policymaker participation; no public individual SEP key
2025-12-10,anna-paulson,Anna Paulson,YES,UNKNOWN,NO,NO,https://www.federalreserve.gov/monetarypolicy/fomcminutes20251210.htm,VERIFIED_PRESENT,Eligibility inferred from named policymaker participation; no public individual SEP key
2025-12-10,austan-d-goolsbee,Austan D. Goolsbee,YES,UNKNOWN,NO,NO,https://www.federalreserve.gov/monetarypolicy/fomcminutes20251210.htm,VERIFIED_PRESENT,Eligibility inferred from named policymaker participation; no public individual SEP key
2025-12-10,beth-m-hammack,Beth M. Hammack,YES,UNKNOWN,NO,NO,https://www.federalreserve.gov/monetarypolicy/fomcminutes20251210.htm,VERIFIED_PRESENT,Eligibility inferred from named policymaker participation; no public individual SEP key
2025-12-10,christopher-j-waller,Christopher J. Waller,YES,UNKNOWN,NO,NO,https://www.federalreserve.gov/monetarypolicy/fomcminutes20251210.htm,VERIFIED_PRESENT,Eligibility inferred from named policymaker participation; no public individual SEP key
2025-12-10,jeffrey-r-schmid,Jeffrey R. Schmid,YES,UNKNOWN,NO,NO,https://www.federalreserve.gov/monetarypolicy/fomcminutes20251210.htm,VERIFIED_PRESENT,Eligibility inferred from named policymaker participation; no public individual SEP key
2025-12-10,jerome-h-powell,Jerome H. Powell,YES,UNKNOWN,NO,NO,https://www.federalreserve.gov/monetarypolicy/fomcminutes20251210.htm,VERIFIED_PRESENT,Eligibility inferred from named policymaker participation; no public individual SEP key
2025-12-10,john-c-williams,John C. Williams,YES,UNKNOWN,NO,NO,https://www.federalreserve.gov/monetarypolicy/fomcminutes20251210.htm,VERIFIED_PRESENT,Eligibility inferred from named policymaker participation; no public individual SEP key
2025-12-10,lisa-d-cook,Lisa D. Cook,YES,UNKNOWN,NO,NO,https://www.federalreserve.gov/monetarypolicy/fomcminutes20251210.htm,VERIFIED_PRESENT,Eligibility inferred from named policymaker participation; no public individual SEP key
2025-12-10,lorie-k-logan,Lorie K. Logan,YES,UNKNOWN,NO,NO,https://www.federalreserve.gov/monetarypolicy/fomcminutes20251210.htm,VERIFIED_PRESENT,Eligibility inferred from named policymaker participation; no public individual SEP key
2025-12-10,mary-c-daly,Mary C. Daly,YES,UNKNOWN,NO,NO,https://www.federalreserve.gov/monetarypolicy/fomcminutes20251210.htm,VERIFIED_PRESENT,Eligibility inferred from named policymaker participation; no public individual SEP key
2025-12-10,michael-s-barr,Michael S. Barr,YES,UNKNOWN,NO,NO,https://www.federalreserve.gov/monetarypolicy/fomcminutes20251210.htm,VERIFIED_PRESENT,Eligibility inferred from named policymaker participation; no public individual SEP key
2025-12-10,michelle-w-bowman,Michelle W. Bowman,YES,UNKNOWN,NO,NO,https://www.federalreserve.gov/monetarypolicy/fomcminutes20251210.htm,VERIFIED_PRESENT,Eligibility inferred from named policymaker participation; no public individual SEP key
2025-12-10,neel-kashkari,Neel Kashkari,YES,UNKNOWN,NO,NO,https://www.federalreserve.gov/monetarypolicy/fomcminutes20251210.htm,VERIFIED_PRESENT,Eligibility inferred from named policymaker participation; no public individual SEP key
2025-12-10,philip-n-jefferson,Philip N. Jefferson,YES,UNKNOWN,NO,NO,https://www.federalreserve.gov/monetarypolicy/fomcminutes20251210.htm,VERIFIED_PRESENT,Eligibility inferred from named policymaker participation; no public individual SEP key
2025-12-10,raphael-w-bostic,Raphael W. Bostic,YES,UNKNOWN,NO,NO,https://www.federalreserve.gov/monetarypolicy/fomcminutes20251210.htm,VERIFIED_PRESENT,Eligibility inferred from named policymaker participation; no public individual SEP key
2025-12-10,stephen-i-miran,Stephen I. Miran,YES,UNKNOWN,NO,NO,https://www.federalreserve.gov/monetarypolicy/fomcminutes20251210.htm,VERIFIED_PRESENT,Eligibility inferred from named policymaker participation; no public individual SEP key
2025-12-10,susan-m-collins,Susan M. Collins,YES,UNKNOWN,NO,NO,https://www.federalreserve.gov/monetarypolicy/fomcminutes20251210.htm,VERIFIED_PRESENT,Eligibility inferred from named policymaker participation; no public individual SEP key
2025-12-10,sushmita-shukla,Sushmita Shukla,YES,UNKNOWN,NO,NO,https://www.federalreserve.gov/monetarypolicy/fomcminutes20251210.htm,VERIFIED_PRESENT,Eligibility inferred from named policymaker participation; no public individual SEP key
2025-12-10,thomas-i-barkin,Thomas I. Barkin,YES,UNKNOWN,NO,NO,https://www.federalreserve.gov/monetarypolicy/fomcminutes20251210.htm,VERIFIED_PRESENT,Eligibility inferred from named policymaker participation; no public individual SEP key
2026-03-18,alberto-g-musalem,Alberto G. Musalem,YES,UNKNOWN,NO,NO,https://www.federalreserve.gov/monetarypolicy/fomcminutes20260318.htm,VERIFIED_PRESENT,Eligibility inferred from named policymaker participation; no public individual SEP key
2026-03-18,anna-paulson,Anna Paulson,YES,UNKNOWN,NO,NO,https://www.federalreserve.gov/monetarypolicy/fomcminutes20260318.htm,VERIFIED_PRESENT,Eligibility inferred from named policymaker participation; no public individual SEP key
2026-03-18,austan-d-goolsbee,Austan D. Goolsbee,YES,UNKNOWN,NO,NO,https://www.federalreserve.gov/monetarypolicy/fomcminutes20260318.htm,VERIFIED_PRESENT,Eligibility inferred from named policymaker participation; no public individual SEP key
2026-03-18,beth-m-hammack,Beth M. Hammack,YES,UNKNOWN,NO,NO,https://www.federalreserve.gov/monetarypolicy/fomcminutes20260318.htm,VERIFIED_PRESENT,Eligibility inferred from named policymaker participation; no public individual SEP key
2026-03-18,cheryl-l-venable,Cheryl L. Venable,YES,UNKNOWN,NO,NO,https://www.federalreserve.gov/monetarypolicy/fomcminutes20260318.htm,VERIFIED_PRESENT,Eligibility inferred from named policymaker participation; no public individual SEP key
2026-03-18,christopher-j-waller,Christopher J. Waller,YES,UNKNOWN,NO,NO,https://www.federalreserve.gov/monetarypolicy/fomcminutes20260318.htm,VERIFIED_PRESENT,Eligibility inferred from named policymaker participation; no public individual SEP key
2026-03-18,jeffrey-r-schmid,Jeffrey R. Schmid,YES,UNKNOWN,NO,NO,https://www.federalreserve.gov/monetarypolicy/fomcminutes20260318.htm,VERIFIED_PRESENT,Eligibility inferred from named policymaker participation; no public individual SEP key
2026-03-18,jerome-h-powell,Jerome H. Powell,YES,UNKNOWN,NO,NO,https://www.federalreserve.gov/monetarypolicy/fomcminutes20260318.htm,VERIFIED_PRESENT,Eligibility inferred from named policymaker participation; no public individual SEP key
2026-03-18,john-c-williams,John C. Williams,YES,UNKNOWN,NO,NO,https://www.federalreserve.gov/monetarypolicy/fomcminutes20260318.htm,VERIFIED_PRESENT,Eligibility inferred from named policymaker participation; no public individual SEP key
2026-03-18,lisa-d-cook,Lisa D. Cook,YES,UNKNOWN,NO,NO,https://www.federalreserve.gov/monetarypolicy/fomcminutes20260318.htm,VERIFIED_PRESENT,Eligibility inferred from named policymaker participation; no public individual SEP key
2026-03-18,lorie-k-logan,Lorie K. Logan,YES,UNKNOWN,NO,NO,https://www.federalreserve.gov/monetarypolicy/fomcminutes20260318.htm,VERIFIED_PRESENT,Eligibility inferred from named policymaker participation; no public individual SEP key
2026-03-18,mary-c-daly,Mary C. Daly,YES,UNKNOWN,NO,NO,https://www.federalreserve.gov/monetarypolicy/fomcminutes20260318.htm,VERIFIED_PRESENT,Eligibility inferred from named policymaker participation; no public individual SEP key
2026-03-18,michael-s-barr,Michael S. Barr,YES,UNKNOWN,NO,NO,https://www.federalreserve.gov/monetarypolicy/fomcminutes20260318.htm,VERIFIED_PRESENT,Eligibility inferred from named policymaker participation; no public individual SEP key
2026-03-18,michelle-w-bowman,Michelle W. Bowman,YES,UNKNOWN,NO,NO,https://www.federalreserve.gov/monetarypolicy/fomcminutes20260318.htm,VERIFIED_PRESENT,Eligibility inferred from named policymaker participation; no public individual SEP key
2026-03-18,neel-kashkari,Neel Kashkari,YES,UNKNOWN,NO,NO,https://www.federalreserve.gov/monetarypolicy/fomcminutes20260318.htm,VERIFIED_PRESENT,Eligibility inferred from named policymaker participation; no public individual SEP key
2026-03-18,philip-n-jefferson,Philip N. Jefferson,YES,UNKNOWN,NO,NO,https://www.federalreserve.gov/monetarypolicy/fomcminutes20260318.htm,VERIFIED_PRESENT,Eligibility inferred from named policymaker participation; no public individual SEP key
2026-03-18,stephen-i-miran,Stephen I. Miran,YES,UNKNOWN,NO,NO,https://www.federalreserve.gov/monetarypolicy/fomcminutes20260318.htm,VERIFIED_PRESENT,Eligibility inferred from named policymaker participation; no public individual SEP key
2026-03-18,susan-m-collins,Susan M. Collins,YES,UNKNOWN,NO,NO,https://www.federalreserve.gov/monetarypolicy/fomcminutes20260318.htm,VERIFIED_PRESENT,Eligibility inferred from named policymaker participation; no public individual SEP key
2026-03-18,sushmita-shukla,Sushmita Shukla,YES,UNKNOWN,NO,NO,https://www.federalreserve.gov/monetarypolicy/fomcminutes20260318.htm,VERIFIED_PRESENT,Eligibility inferred from named policymaker participation; no public individual SEP key
2026-03-18,thomas-i-barkin,Thomas I. Barkin,YES,UNKNOWN,NO,NO,https://www.federalreserve.gov/monetarypolicy/fomcminutes20260318.htm,VERIFIED_PRESENT,Eligibility inferred from named policymaker participation; no public individual SEP key
2026-06-17,alberto-g-musalem,Alberto G. Musalem,YES,UNKNOWN,NO,NO,https://www.federalreserve.gov/monetarypolicy/fomcminutes20260617.htm,VERIFIED_PRESENT,Eligibility inferred from named policymaker participation; no public individual SEP key
2026-06-17,anna-paulson,Anna Paulson,YES,UNKNOWN,NO,NO,https://www.federalreserve.gov/monetarypolicy/fomcminutes20260617.htm,VERIFIED_PRESENT,Eligibility inferred from named policymaker participation; no public individual SEP key
2026-06-17,austan-d-goolsbee,Austan D. Goolsbee,YES,UNKNOWN,NO,NO,https://www.federalreserve.gov/monetarypolicy/fomcminutes20260617.htm,VERIFIED_PRESENT,Eligibility inferred from named policymaker participation; no public individual SEP key
2026-06-17,beth-m-hammack,Beth M. Hammack,YES,UNKNOWN,NO,NO,https://www.federalreserve.gov/monetarypolicy/fomcminutes20260617.htm,VERIFIED_PRESENT,Eligibility inferred from named policymaker participation; no public individual SEP key
2026-06-17,cheryl-l-venable,Cheryl L. Venable,YES,UNKNOWN,NO,NO,https://www.federalreserve.gov/monetarypolicy/fomcminutes20260617.htm,VERIFIED_PRESENT,Eligibility inferred from named policymaker participation; no public individual SEP key
2026-06-17,christopher-j-waller,Christopher J. Waller,YES,UNKNOWN,NO,NO,https://www.federalreserve.gov/monetarypolicy/fomcminutes20260617.htm,VERIFIED_PRESENT,Eligibility inferred from named policymaker participation; no public individual SEP key
2026-06-17,jeffrey-r-schmid,Jeffrey R. Schmid,YES,UNKNOWN,NO,NO,https://www.federalreserve.gov/monetarypolicy/fomcminutes20260617.htm,VERIFIED_PRESENT,Eligibility inferred from named policymaker participation; no public individual SEP key
2026-06-17,jerome-h-powell,Jerome H. Powell,YES,UNKNOWN,NO,NO,https://www.federalreserve.gov/monetarypolicy/fomcminutes20260617.htm,VERIFIED_PRESENT,Eligibility inferred from named policymaker participation; no public individual SEP key
2026-06-17,john-c-williams,John C. Williams,YES,UNKNOWN,NO,NO,https://www.federalreserve.gov/monetarypolicy/fomcminutes20260617.htm,VERIFIED_PRESENT,Eligibility inferred from named policymaker participation; no public individual SEP key
2026-06-17,kevin-warsh,Kevin Warsh,YES,UNKNOWN,NO,NO,https://www.federalreserve.gov/monetarypolicy/fomcminutes20260617.htm,VERIFIED_PRESENT,Eligibility inferred from named policymaker participation; no public individual SEP key
2026-06-17,lisa-d-cook,Lisa D. Cook,YES,UNKNOWN,NO,NO,https://www.federalreserve.gov/monetarypolicy/fomcminutes20260617.htm,VERIFIED_PRESENT,Eligibility inferred from named policymaker participation; no public individual SEP key
2026-06-17,lorie-k-logan,Lorie K. Logan,YES,UNKNOWN,NO,NO,https://www.federalreserve.gov/monetarypolicy/fomcminutes20260617.htm,VERIFIED_PRESENT,Eligibility inferred from named policymaker participation; no public individual SEP key
2026-06-17,mary-c-daly,Mary C. Daly,YES,UNKNOWN,NO,NO,https://www.federalreserve.gov/monetarypolicy/fomcminutes20260617.htm,VERIFIED_PRESENT,Eligibility inferred from named policymaker participation; no public individual SEP key
2026-06-17,michael-s-barr,Michael S. Barr,YES,UNKNOWN,NO,NO,https://www.federalreserve.gov/monetarypolicy/fomcminutes20260617.htm,VERIFIED_PRESENT,Eligibility inferred from named policymaker participation; no public individual SEP key
2026-06-17,michelle-w-bowman,Michelle W. Bowman,YES,UNKNOWN,NO,NO,https://www.federalreserve.gov/monetarypolicy/fomcminutes20260617.htm,VERIFIED_PRESENT,Eligibility inferred from named policymaker participation; no public individual SEP key
2026-06-17,neel-kashkari,Neel Kashkari,YES,UNKNOWN,NO,NO,https://www.federalreserve.gov/monetarypolicy/fomcminutes20260617.htm,VERIFIED_PRESENT,Eligibility inferred from named policymaker participation; no public individual SEP key
2026-06-17,philip-n-jefferson,Philip N. Jefferson,YES,UNKNOWN,NO,NO,https://www.federalreserve.gov/monetarypolicy/fomcminutes20260617.htm,VERIFIED_PRESENT,Eligibility inferred from named policymaker participation; no public individual SEP key
2026-06-17,susan-m-collins,Susan M. Collins,YES,UNKNOWN,NO,NO,https://www.federalreserve.gov/monetarypolicy/fomcminutes20260617.htm,VERIFIED_PRESENT,Eligibility inferred from named policymaker participation; no public individual SEP key
2026-06-17,sushmita-shukla,Sushmita Shukla,YES,UNKNOWN,NO,NO,https://www.federalreserve.gov/monetarypolicy/fomcminutes20260617.htm,VERIFIED_PRESENT,Eligibility inferred from named policymaker participation; no public individual SEP key
2026-06-17,thomas-i-barkin,Thomas I. Barkin,YES,UNKNOWN,NO,NO,https://www.federalreserve.gov/monetarypolicy/fomcminutes20260617.htm,VERIFIED_PRESENT,Eligibility inferred from named policymaker participation; no public individual SEP key
