sep_date,member_name,voted,committee_action,policy_preference,stance_label,stance_score,change_vs_prior_sep,evidence_basis,evidence_date,source_url,raw_snippet
2012-01-25,Ben S. Bernanke,FOR,HOLD,HOLD,COMMITTEE_HOLD,0,,VOTE_ACTION_PROXY,2012-01-25,https://www.federalreserve.gov/newsevents/pressreleases/monetary20120125a.htm,"Voting for the FOMC monetary policy action were: Ben S. Bernanke, Chairman; William C. Dudley, Vice Chairman; Elizabeth A. Duke; Dennis P. Lockhart; Sandra Pianalto; Sarah Bloom Raskin; Daniel K. Tarullo; John C. Williams; and Janet L. Yellen. Voting against the action was Jeffrey M. Lacker, who preferred to omit the description of the time period over which economic conditions are likely to warrant exceptionally low levels of the federal funds rate."
2012-01-25,Daniel K. Tarullo,FOR,HOLD,HOLD,COMMITTEE_HOLD,0,,VOTE_ACTION_PROXY,2012-01-25,https://www.federalreserve.gov/newsevents/pressreleases/monetary20120125a.htm,"Voting for the FOMC monetary policy action were: Ben S. Bernanke, Chairman; William C. Dudley, Vice Chairman; Elizabeth A. Duke; Dennis P. Lockhart; Sandra Pianalto; Sarah Bloom Raskin; Daniel K. Tarullo; John C. Williams; and Janet L. Yellen. Voting against the action was Jeffrey M. Lacker, who preferred to omit the description of the time period over which economic conditions are likely to warrant exceptionally low levels of the federal funds rate."
2012-01-25,Dennis P. Lockhart,FOR,HOLD,HOLD,COMMITTEE_HOLD,0,,VOTE_ACTION_PROXY,2012-01-25,https://www.federalreserve.gov/newsevents/pressreleases/monetary20120125a.htm,"Voting for the FOMC monetary policy action were: Ben S. Bernanke, Chairman; William C. Dudley, Vice Chairman; Elizabeth A. Duke; Dennis P. Lockhart; Sandra Pianalto; Sarah Bloom Raskin; Daniel K. Tarullo; John C. Williams; and Janet L. Yellen. Voting against the action was Jeffrey M. Lacker, who preferred to omit the description of the time period over which economic conditions are likely to warrant exceptionally low levels of the federal funds rate."
2012-01-25,Elizabeth A. Duke,FOR,HOLD,HOLD,COMMITTEE_HOLD,0,,VOTE_ACTION_PROXY,2012-01-25,https://www.federalreserve.gov/newsevents/pressreleases/monetary20120125a.htm,"Voting for the FOMC monetary policy action were: Ben S. Bernanke, Chairman; William C. Dudley, Vice Chairman; Elizabeth A. Duke; Dennis P. Lockhart; Sandra Pianalto; Sarah Bloom Raskin; Daniel K. Tarullo; John C. Williams; and Janet L. Yellen. Voting against the action was Jeffrey M. Lacker, who preferred to omit the description of the time period over which economic conditions are likely to warrant exceptionally low levels of the federal funds rate."
2012-01-25,Janet L. Yellen,FOR,HOLD,HOLD,COMMITTEE_HOLD,0,,VOTE_ACTION_PROXY,2012-01-25,https://www.federalreserve.gov/newsevents/pressreleases/monetary20120125a.htm,"Voting for the FOMC monetary policy action were: Ben S. Bernanke, Chairman; William C. Dudley, Vice Chairman; Elizabeth A. Duke; Dennis P. Lockhart; Sandra Pianalto; Sarah Bloom Raskin; Daniel K. Tarullo; John C. Williams; and Janet L. Yellen. Voting against the action was Jeffrey M. Lacker, who preferred to omit the description of the time period over which economic conditions are likely to warrant exceptionally low levels of the federal funds rate."
2012-01-25,Jeffrey M. Lacker,AGAINST,HOLD,LESS_ACCOMMODATION,TIGHTER,2,,VOTE_DISSENT,2012-01-25,https://www.federalreserve.gov/newsevents/pressreleases/monetary20120125a.htm,"Voting for the FOMC monetary policy action were: Ben S. Bernanke, Chairman; William C. Dudley, Vice Chairman; Elizabeth A. Duke; Dennis P. Lockhart; Sandra Pianalto; Sarah Bloom Raskin; Daniel K. Tarullo; John C. Williams; and Janet L. Yellen. Voting against the action was Jeffrey M. Lacker, who preferred to omit the description of the time period over which economic conditions are likely to warrant exceptionally low levels of the federal funds rate."
2012-01-25,John C. Williams,FOR,HOLD,HOLD,COMMITTEE_HOLD,0,,VOTE_ACTION_PROXY,2012-01-25,https://www.federalreserve.gov/newsevents/pressreleases/monetary20120125a.htm,"Voting for the FOMC monetary policy action were: Ben S. Bernanke, Chairman; William C. Dudley, Vice Chairman; Elizabeth A. Duke; Dennis P. Lockhart; Sandra Pianalto; Sarah Bloom Raskin; Daniel K. Tarullo; John C. Williams; and Janet L. Yellen. Voting against the action was Jeffrey M. Lacker, who preferred to omit the description of the time period over which economic conditions are likely to warrant exceptionally low levels of the federal funds rate."
2012-01-25,Sandra Pianalto,FOR,HOLD,HOLD,COMMITTEE_HOLD,0,,VOTE_ACTION_PROXY,2012-01-25,https://www.federalreserve.gov/newsevents/pressreleases/monetary20120125a.htm,"Voting for the FOMC monetary policy action were: Ben S. Bernanke, Chairman; William C. Dudley, Vice Chairman; Elizabeth A. Duke; Dennis P. Lockhart; Sandra Pianalto; Sarah Bloom Raskin; Daniel K. Tarullo; John C. Williams; and Janet L. Yellen. Voting against the action was Jeffrey M. Lacker, who preferred to omit the description of the time period over which economic conditions are likely to warrant exceptionally low levels of the federal funds rate."
2012-01-25,Sarah Bloom Raskin,FOR,HOLD,HOLD,COMMITTEE_HOLD,0,,VOTE_ACTION_PROXY,2012-01-25,https://www.federalreserve.gov/newsevents/pressreleases/monetary20120125a.htm,"Voting for the FOMC monetary policy action were: Ben S. Bernanke, Chairman; William C. Dudley, Vice Chairman; Elizabeth A. Duke; Dennis P. Lockhart; Sandra Pianalto; Sarah Bloom Raskin; Daniel K. Tarullo; John C. Williams; and Janet L. Yellen. Voting against the action was Jeffrey M. Lacker, who preferred to omit the description of the time period over which economic conditions are likely to warrant exceptionally low levels of the federal funds rate."
2012-01-25,William C. Dudley,FOR,HOLD,HOLD,COMMITTEE_HOLD,0,,VOTE_ACTION_PROXY,2012-01-25,https://www.federalreserve.gov/newsevents/pressreleases/monetary20120125a.htm,"Voting for the FOMC monetary policy action were: Ben S. Bernanke, Chairman; William C. Dudley, Vice Chairman; Elizabeth A. Duke; Dennis P. Lockhart; Sandra Pianalto; Sarah Bloom Raskin; Daniel K. Tarullo; John C. Williams; and Janet L. Yellen. Voting against the action was Jeffrey M. Lacker, who preferred to omit the description of the time period over which economic conditions are likely to warrant exceptionally low levels of the federal funds rate."
2012-04-25,Ben S. Bernanke,FOR,HOLD,HOLD,COMMITTEE_HOLD,0,0,VOTE_ACTION_PROXY,2012-04-25,https://www.federalreserve.gov/newsevents/pressreleases/monetary20120425a.htm,"Voting for the FOMC monetary policy action were: Ben S. Bernanke, Chairman; William C. Dudley, Vice Chairman; Elizabeth A. Duke; Dennis P. Lockhart; Sandra Pianalto; Sarah Bloom Raskin; Daniel K. Tarullo; John C. Williams; and Janet L. Yellen. Voting against the action was Jeffrey M. Lacker, who does not anticipate that economic conditions are likely to warrant exceptionally low levels of the federal funds rate through late 2014."
2012-04-25,Daniel K. Tarullo,FOR,HOLD,HOLD,COMMITTEE_HOLD,0,0,VOTE_ACTION_PROXY,2012-04-25,https://www.federalreserve.gov/newsevents/pressreleases/monetary20120425a.htm,"Voting for the FOMC monetary policy action were: Ben S. Bernanke, Chairman; William C. Dudley, Vice Chairman; Elizabeth A. Duke; Dennis P. Lockhart; Sandra Pianalto; Sarah Bloom Raskin; Daniel K. Tarullo; John C. Williams; and Janet L. Yellen. Voting against the action was Jeffrey M. Lacker, who does not anticipate that economic conditions are likely to warrant exceptionally low levels of the federal funds rate through late 2014."
2012-04-25,Dennis P. Lockhart,FOR,HOLD,HOLD,COMMITTEE_HOLD,0,0,VOTE_ACTION_PROXY,2012-04-25,https://www.federalreserve.gov/newsevents/pressreleases/monetary20120425a.htm,"Voting for the FOMC monetary policy action were: Ben S. Bernanke, Chairman; William C. Dudley, Vice Chairman; Elizabeth A. Duke; Dennis P. Lockhart; Sandra Pianalto; Sarah Bloom Raskin; Daniel K. Tarullo; John C. Williams; and Janet L. Yellen. Voting against the action was Jeffrey M. Lacker, who does not anticipate that economic conditions are likely to warrant exceptionally low levels of the federal funds rate through late 2014."
2012-04-25,Elizabeth A. Duke,FOR,HOLD,HOLD,COMMITTEE_HOLD,0,0,VOTE_ACTION_PROXY,2012-04-25,https://www.federalreserve.gov/newsevents/pressreleases/monetary20120425a.htm,"Voting for the FOMC monetary policy action were: Ben S. Bernanke, Chairman; William C. Dudley, Vice Chairman; Elizabeth A. Duke; Dennis P. Lockhart; Sandra Pianalto; Sarah Bloom Raskin; Daniel K. Tarullo; John C. Williams; and Janet L. Yellen. Voting against the action was Jeffrey M. Lacker, who does not anticipate that economic conditions are likely to warrant exceptionally low levels of the federal funds rate through late 2014."
2012-04-25,Janet L. Yellen,FOR,HOLD,HOLD,COMMITTEE_HOLD,0,0,VOTE_ACTION_PROXY,2012-04-25,https://www.federalreserve.gov/newsevents/pressreleases/monetary20120425a.htm,"Voting for the FOMC monetary policy action were: Ben S. Bernanke, Chairman; William C. Dudley, Vice Chairman; Elizabeth A. Duke; Dennis P. Lockhart; Sandra Pianalto; Sarah Bloom Raskin; Daniel K. Tarullo; John C. Williams; and Janet L. Yellen. Voting against the action was Jeffrey M. Lacker, who does not anticipate that economic conditions are likely to warrant exceptionally low levels of the federal funds rate through late 2014."
2012-04-25,Jeffrey M. Lacker,AGAINST,HOLD,LESS_ACCOMMODATION,TIGHTER,2,0,VOTE_DISSENT,2012-04-25,https://www.federalreserve.gov/newsevents/pressreleases/monetary20120425a.htm,"Voting for the FOMC monetary policy action were: Ben S. Bernanke, Chairman; William C. Dudley, Vice Chairman; Elizabeth A. Duke; Dennis P. Lockhart; Sandra Pianalto; Sarah Bloom Raskin; Daniel K. Tarullo; John C. Williams; and Janet L. Yellen. Voting against the action was Jeffrey M. Lacker, who does not anticipate that economic conditions are likely to warrant exceptionally low levels of the federal funds rate through late 2014."
2012-04-25,John C. Williams,FOR,HOLD,HOLD,COMMITTEE_HOLD,0,0,VOTE_ACTION_PROXY,2012-04-25,https://www.federalreserve.gov/newsevents/pressreleases/monetary20120425a.htm,"Voting for the FOMC monetary policy action were: Ben S. Bernanke, Chairman; William C. Dudley, Vice Chairman; Elizabeth A. Duke; Dennis P. Lockhart; Sandra Pianalto; Sarah Bloom Raskin; Daniel K. Tarullo; John C. Williams; and Janet L. Yellen. Voting against the action was Jeffrey M. Lacker, who does not anticipate that economic conditions are likely to warrant exceptionally low levels of the federal funds rate through late 2014."
2012-04-25,Sandra Pianalto,FOR,HOLD,HOLD,COMMITTEE_HOLD,0,0,VOTE_ACTION_PROXY,2012-04-25,https://www.federalreserve.gov/newsevents/pressreleases/monetary20120425a.htm,"Voting for the FOMC monetary policy action were: Ben S. Bernanke, Chairman; William C. Dudley, Vice Chairman; Elizabeth A. Duke; Dennis P. Lockhart; Sandra Pianalto; Sarah Bloom Raskin; Daniel K. Tarullo; John C. Williams; and Janet L. Yellen. Voting against the action was Jeffrey M. Lacker, who does not anticipate that economic conditions are likely to warrant exceptionally low levels of the federal funds rate through late 2014."
2012-04-25,Sarah Bloom Raskin,FOR,HOLD,HOLD,COMMITTEE_HOLD,0,0,VOTE_ACTION_PROXY,2012-04-25,https://www.federalreserve.gov/newsevents/pressreleases/monetary20120425a.htm,"Voting for the FOMC monetary policy action were: Ben S. Bernanke, Chairman; William C. Dudley, Vice Chairman; Elizabeth A. Duke; Dennis P. Lockhart; Sandra Pianalto; Sarah Bloom Raskin; Daniel K. Tarullo; John C. Williams; and Janet L. Yellen. Voting against the action was Jeffrey M. Lacker, who does not anticipate that economic conditions are likely to warrant exceptionally low levels of the federal funds rate through late 2014."
2012-04-25,William C. Dudley,FOR,HOLD,HOLD,COMMITTEE_HOLD,0,0,VOTE_ACTION_PROXY,2012-04-25,https://www.federalreserve.gov/newsevents/pressreleases/monetary20120425a.htm,"Voting for the FOMC monetary policy action were: Ben S. Bernanke, Chairman; William C. Dudley, Vice Chairman; Elizabeth A. Duke; Dennis P. Lockhart; Sandra Pianalto; Sarah Bloom Raskin; Daniel K. Tarullo; John C. Williams; and Janet L. Yellen. Voting against the action was Jeffrey M. Lacker, who does not anticipate that economic conditions are likely to warrant exceptionally low levels of the federal funds rate through late 2014."
2012-06-20,Ben S. Bernanke,FOR,HOLD,HOLD,COMMITTEE_HOLD,0,0,VOTE_ACTION_PROXY,2012-06-20,https://www.federalreserve.gov/newsevents/pressreleases/monetary20120620a.htm,"Voting for the FOMC monetary policy action were: Ben S. Bernanke, Chairman; William C. Dudley, Vice Chairman; Elizabeth A. Duke; Dennis P. Lockhart; Sandra Pianalto; Jerome H. Powell; Sarah Bloom Raskin; Jeremy C. Stein; Daniel K. Tarullo; John C. Williams; and Janet L. Yellen. Voting against the action was Jeffrey M. Lacker, who opposed continuation of the maturity extension program. Statement Regarding Continuation of the Maturity Extension Program Related Information Maturity Extension Program and Reinvestment Policy Frequently Asked Questions"
2012-06-20,Daniel K. Tarullo,FOR,HOLD,HOLD,COMMITTEE_HOLD,0,0,VOTE_ACTION_PROXY,2012-06-20,https://www.federalreserve.gov/newsevents/pressreleases/monetary20120620a.htm,"Voting for the FOMC monetary policy action were: Ben S. Bernanke, Chairman; William C. Dudley, Vice Chairman; Elizabeth A. Duke; Dennis P. Lockhart; Sandra Pianalto; Jerome H. Powell; Sarah Bloom Raskin; Jeremy C. Stein; Daniel K. Tarullo; John C. Williams; and Janet L. Yellen. Voting against the action was Jeffrey M. Lacker, who opposed continuation of the maturity extension program. Statement Regarding Continuation of the Maturity Extension Program Related Information Maturity Extension Program and Reinvestment Policy Frequently Asked Questions"
2012-06-20,Dennis P. Lockhart,FOR,HOLD,HOLD,COMMITTEE_HOLD,0,0,VOTE_ACTION_PROXY,2012-06-20,https://www.federalreserve.gov/newsevents/pressreleases/monetary20120620a.htm,"Voting for the FOMC monetary policy action were: Ben S. Bernanke, Chairman; William C. Dudley, Vice Chairman; Elizabeth A. Duke; Dennis P. Lockhart; Sandra Pianalto; Jerome H. Powell; Sarah Bloom Raskin; Jeremy C. Stein; Daniel K. Tarullo; John C. Williams; and Janet L. Yellen. Voting against the action was Jeffrey M. Lacker, who opposed continuation of the maturity extension program. Statement Regarding Continuation of the Maturity Extension Program Related Information Maturity Extension Program and Reinvestment Policy Frequently Asked Questions"
2012-06-20,Elizabeth A. Duke,FOR,HOLD,HOLD,COMMITTEE_HOLD,0,0,VOTE_ACTION_PROXY,2012-06-20,https://www.federalreserve.gov/newsevents/pressreleases/monetary20120620a.htm,"Voting for the FOMC monetary policy action were: Ben S. Bernanke, Chairman; William C. Dudley, Vice Chairman; Elizabeth A. Duke; Dennis P. Lockhart; Sandra Pianalto; Jerome H. Powell; Sarah Bloom Raskin; Jeremy C. Stein; Daniel K. Tarullo; John C. Williams; and Janet L. Yellen. Voting against the action was Jeffrey M. Lacker, who opposed continuation of the maturity extension program. Statement Regarding Continuation of the Maturity Extension Program Related Information Maturity Extension Program and Reinvestment Policy Frequently Asked Questions"
2012-06-20,Janet L. Yellen,FOR,HOLD,HOLD,COMMITTEE_HOLD,0,0,VOTE_ACTION_PROXY,2012-06-20,https://www.federalreserve.gov/newsevents/pressreleases/monetary20120620a.htm,"Voting for the FOMC monetary policy action were: Ben S. Bernanke, Chairman; William C. Dudley, Vice Chairman; Elizabeth A. Duke; Dennis P. Lockhart; Sandra Pianalto; Jerome H. Powell; Sarah Bloom Raskin; Jeremy C. Stein; Daniel K. Tarullo; John C. Williams; and Janet L. Yellen. Voting against the action was Jeffrey M. Lacker, who opposed continuation of the maturity extension program. Statement Regarding Continuation of the Maturity Extension Program Related Information Maturity Extension Program and Reinvestment Policy Frequently Asked Questions"
2012-06-20,Jeffrey M. Lacker,AGAINST,HOLD,NO_MATURITY_EXTENSION,TIGHTER,2,0,VOTE_DISSENT,2012-06-20,https://www.federalreserve.gov/newsevents/pressreleases/monetary20120620a.htm,"Voting for the FOMC monetary policy action were: Ben S. Bernanke, Chairman; William C. Dudley, Vice Chairman; Elizabeth A. Duke; Dennis P. Lockhart; Sandra Pianalto; Jerome H. Powell; Sarah Bloom Raskin; Jeremy C. Stein; Daniel K. Tarullo; John C. Williams; and Janet L. Yellen. Voting against the action was Jeffrey M. Lacker, who opposed continuation of the maturity extension program. Statement Regarding Continuation of the Maturity Extension Program Related Information Maturity Extension Program and Reinvestment Policy Frequently Asked Questions"
2012-06-20,Jeremy C. Stein,FOR,HOLD,HOLD,COMMITTEE_HOLD,0,,VOTE_ACTION_PROXY,2012-06-20,https://www.federalreserve.gov/newsevents/pressreleases/monetary20120620a.htm,"Voting for the FOMC monetary policy action were: Ben S. Bernanke, Chairman; William C. Dudley, Vice Chairman; Elizabeth A. Duke; Dennis P. Lockhart; Sandra Pianalto; Jerome H. Powell; Sarah Bloom Raskin; Jeremy C. Stein; Daniel K. Tarullo; John C. Williams; and Janet L. Yellen. Voting against the action was Jeffrey M. Lacker, who opposed continuation of the maturity extension program. Statement Regarding Continuation of the Maturity Extension Program Related Information Maturity Extension Program and Reinvestment Policy Frequently Asked Questions"
2012-06-20,Jerome H. Powell,FOR,HOLD,HOLD,COMMITTEE_HOLD,0,,VOTE_ACTION_PROXY,2012-06-20,https://www.federalreserve.gov/newsevents/pressreleases/monetary20120620a.htm,"Voting for the FOMC monetary policy action were: Ben S. Bernanke, Chairman; William C. Dudley, Vice Chairman; Elizabeth A. Duke; Dennis P. Lockhart; Sandra Pianalto; Jerome H. Powell; Sarah Bloom Raskin; Jeremy C. Stein; Daniel K. Tarullo; John C. Williams; and Janet L. Yellen. Voting against the action was Jeffrey M. Lacker, who opposed continuation of the maturity extension program. Statement Regarding Continuation of the Maturity Extension Program Related Information Maturity Extension Program and Reinvestment Policy Frequently Asked Questions"
2012-06-20,John C. Williams,FOR,HOLD,HOLD,COMMITTEE_HOLD,0,0,VOTE_ACTION_PROXY,2012-06-20,https://www.federalreserve.gov/newsevents/pressreleases/monetary20120620a.htm,"Voting for the FOMC monetary policy action were: Ben S. Bernanke, Chairman; William C. Dudley, Vice Chairman; Elizabeth A. Duke; Dennis P. Lockhart; Sandra Pianalto; Jerome H. Powell; Sarah Bloom Raskin; Jeremy C. Stein; Daniel K. Tarullo; John C. Williams; and Janet L. Yellen. Voting against the action was Jeffrey M. Lacker, who opposed continuation of the maturity extension program. Statement Regarding Continuation of the Maturity Extension Program Related Information Maturity Extension Program and Reinvestment Policy Frequently Asked Questions"
2012-06-20,Sandra Pianalto,FOR,HOLD,HOLD,COMMITTEE_HOLD,0,0,VOTE_ACTION_PROXY,2012-06-20,https://www.federalreserve.gov/newsevents/pressreleases/monetary20120620a.htm,"Voting for the FOMC monetary policy action were: Ben S. Bernanke, Chairman; William C. Dudley, Vice Chairman; Elizabeth A. Duke; Dennis P. Lockhart; Sandra Pianalto; Jerome H. Powell; Sarah Bloom Raskin; Jeremy C. Stein; Daniel K. Tarullo; John C. Williams; and Janet L. Yellen. Voting against the action was Jeffrey M. Lacker, who opposed continuation of the maturity extension program. Statement Regarding Continuation of the Maturity Extension Program Related Information Maturity Extension Program and Reinvestment Policy Frequently Asked Questions"
2012-06-20,Sarah Bloom Raskin,FOR,HOLD,HOLD,COMMITTEE_HOLD,0,0,VOTE_ACTION_PROXY,2012-06-20,https://www.federalreserve.gov/newsevents/pressreleases/monetary20120620a.htm,"Voting for the FOMC monetary policy action were: Ben S. Bernanke, Chairman; William C. Dudley, Vice Chairman; Elizabeth A. Duke; Dennis P. Lockhart; Sandra Pianalto; Jerome H. Powell; Sarah Bloom Raskin; Jeremy C. Stein; Daniel K. Tarullo; John C. Williams; and Janet L. Yellen. Voting against the action was Jeffrey M. Lacker, who opposed continuation of the maturity extension program. Statement Regarding Continuation of the Maturity Extension Program Related Information Maturity Extension Program and Reinvestment Policy Frequently Asked Questions"
2012-06-20,William C. Dudley,FOR,HOLD,HOLD,COMMITTEE_HOLD,0,0,VOTE_ACTION_PROXY,2012-06-20,https://www.federalreserve.gov/newsevents/pressreleases/monetary20120620a.htm,"Voting for the FOMC monetary policy action were: Ben S. Bernanke, Chairman; William C. Dudley, Vice Chairman; Elizabeth A. Duke; Dennis P. Lockhart; Sandra Pianalto; Jerome H. Powell; Sarah Bloom Raskin; Jeremy C. Stein; Daniel K. Tarullo; John C. Williams; and Janet L. Yellen. Voting against the action was Jeffrey M. Lacker, who opposed continuation of the maturity extension program. Statement Regarding Continuation of the Maturity Extension Program Related Information Maturity Extension Program and Reinvestment Policy Frequently Asked Questions"
2012-09-13,Ben S. Bernanke,FOR,HOLD,HOLD,COMMITTEE_HOLD,0,0,VOTE_ACTION_PROXY,2012-09-13,https://www.federalreserve.gov/newsevents/pressreleases/monetary20120913a.htm,"Voting for the FOMC monetary policy action were: Ben S. Bernanke, Chairman; William C. Dudley, Vice Chairman; Elizabeth A. Duke; Dennis P. Lockhart; Sandra Pianalto; Jerome H. Powell; Sarah Bloom Raskin; Jeremy C. Stein; Daniel K. Tarullo; John C. Williams; and Janet L. Yellen. Voting against the action was Jeffrey M. Lacker, who opposed additional asset purchases and preferred to omit the description of the time period over which exceptionally low levels for the federal funds rate are likely to be warranted. Statement Regarding Transactions in Agency Mortgage-Backed Securities and Treasury Securities"
2012-09-13,Daniel K. Tarullo,FOR,HOLD,HOLD,COMMITTEE_HOLD,0,0,VOTE_ACTION_PROXY,2012-09-13,https://www.federalreserve.gov/newsevents/pressreleases/monetary20120913a.htm,"Voting for the FOMC monetary policy action were: Ben S. Bernanke, Chairman; William C. Dudley, Vice Chairman; Elizabeth A. Duke; Dennis P. Lockhart; Sandra Pianalto; Jerome H. Powell; Sarah Bloom Raskin; Jeremy C. Stein; Daniel K. Tarullo; John C. Williams; and Janet L. Yellen. Voting against the action was Jeffrey M. Lacker, who opposed additional asset purchases and preferred to omit the description of the time period over which exceptionally low levels for the federal funds rate are likely to be warranted. Statement Regarding Transactions in Agency Mortgage-Backed Securities and Treasury Securities"
2012-09-13,Dennis P. Lockhart,FOR,HOLD,HOLD,COMMITTEE_HOLD,0,0,VOTE_ACTION_PROXY,2012-09-13,https://www.federalreserve.gov/newsevents/pressreleases/monetary20120913a.htm,"Voting for the FOMC monetary policy action were: Ben S. Bernanke, Chairman; William C. Dudley, Vice Chairman; Elizabeth A. Duke; Dennis P. Lockhart; Sandra Pianalto; Jerome H. Powell; Sarah Bloom Raskin; Jeremy C. Stein; Daniel K. Tarullo; John C. Williams; and Janet L. Yellen. Voting against the action was Jeffrey M. Lacker, who opposed additional asset purchases and preferred to omit the description of the time period over which exceptionally low levels for the federal funds rate are likely to be warranted. Statement Regarding Transactions in Agency Mortgage-Backed Securities and Treasury Securities"
2012-09-13,Elizabeth A. Duke,FOR,HOLD,HOLD,COMMITTEE_HOLD,0,0,VOTE_ACTION_PROXY,2012-09-13,https://www.federalreserve.gov/newsevents/pressreleases/monetary20120913a.htm,"Voting for the FOMC monetary policy action were: Ben S. Bernanke, Chairman; William C. Dudley, Vice Chairman; Elizabeth A. Duke; Dennis P. Lockhart; Sandra Pianalto; Jerome H. Powell; Sarah Bloom Raskin; Jeremy C. Stein; Daniel K. Tarullo; John C. Williams; and Janet L. Yellen. Voting against the action was Jeffrey M. Lacker, who opposed additional asset purchases and preferred to omit the description of the time period over which exceptionally low levels for the federal funds rate are likely to be warranted. Statement Regarding Transactions in Agency Mortgage-Backed Securities and Treasury Securities"
2012-09-13,Janet L. Yellen,FOR,HOLD,HOLD,COMMITTEE_HOLD,0,0,VOTE_ACTION_PROXY,2012-09-13,https://www.federalreserve.gov/newsevents/pressreleases/monetary20120913a.htm,"Voting for the FOMC monetary policy action were: Ben S. Bernanke, Chairman; William C. Dudley, Vice Chairman; Elizabeth A. Duke; Dennis P. Lockhart; Sandra Pianalto; Jerome H. Powell; Sarah Bloom Raskin; Jeremy C. Stein; Daniel K. Tarullo; John C. Williams; and Janet L. Yellen. Voting against the action was Jeffrey M. Lacker, who opposed additional asset purchases and preferred to omit the description of the time period over which exceptionally low levels for the federal funds rate are likely to be warranted. Statement Regarding Transactions in Agency Mortgage-Backed Securities and Treasury Securities"
2012-09-13,Jeffrey M. Lacker,AGAINST,HOLD,NO_ADDITIONAL_ASSET_PURCHASES,TIGHTER,2,0,VOTE_DISSENT,2012-09-13,https://www.federalreserve.gov/newsevents/pressreleases/monetary20120913a.htm,"Voting for the FOMC monetary policy action were: Ben S. Bernanke, Chairman; William C. Dudley, Vice Chairman; Elizabeth A. Duke; Dennis P. Lockhart; Sandra Pianalto; Jerome H. Powell; Sarah Bloom Raskin; Jeremy C. Stein; Daniel K. Tarullo; John C. Williams; and Janet L. Yellen. Voting against the action was Jeffrey M. Lacker, who opposed additional asset purchases and preferred to omit the description of the time period over which exceptionally low levels for the federal funds rate are likely to be warranted. Statement Regarding Transactions in Agency Mortgage-Backed Securities and Treasury Securities"
2012-09-13,Jeremy C. Stein,FOR,HOLD,HOLD,COMMITTEE_HOLD,0,0,VOTE_ACTION_PROXY,2012-09-13,https://www.federalreserve.gov/newsevents/pressreleases/monetary20120913a.htm,"Voting for the FOMC monetary policy action were: Ben S. Bernanke, Chairman; William C. Dudley, Vice Chairman; Elizabeth A. Duke; Dennis P. Lockhart; Sandra Pianalto; Jerome H. Powell; Sarah Bloom Raskin; Jeremy C. Stein; Daniel K. Tarullo; John C. Williams; and Janet L. Yellen. Voting against the action was Jeffrey M. Lacker, who opposed additional asset purchases and preferred to omit the description of the time period over which exceptionally low levels for the federal funds rate are likely to be warranted. Statement Regarding Transactions in Agency Mortgage-Backed Securities and Treasury Securities"
2012-09-13,Jerome H. Powell,FOR,HOLD,HOLD,COMMITTEE_HOLD,0,0,VOTE_ACTION_PROXY,2012-09-13,https://www.federalreserve.gov/newsevents/pressreleases/monetary20120913a.htm,"Voting for the FOMC monetary policy action were: Ben S. Bernanke, Chairman; William C. Dudley, Vice Chairman; Elizabeth A. Duke; Dennis P. Lockhart; Sandra Pianalto; Jerome H. Powell; Sarah Bloom Raskin; Jeremy C. Stein; Daniel K. Tarullo; John C. Williams; and Janet L. Yellen. Voting against the action was Jeffrey M. Lacker, who opposed additional asset purchases and preferred to omit the description of the time period over which exceptionally low levels for the federal funds rate are likely to be warranted. Statement Regarding Transactions in Agency Mortgage-Backed Securities and Treasury Securities"
2012-09-13,John C. Williams,FOR,HOLD,HOLD,COMMITTEE_HOLD,0,0,VOTE_ACTION_PROXY,2012-09-13,https://www.federalreserve.gov/newsevents/pressreleases/monetary20120913a.htm,"Voting for the FOMC monetary policy action were: Ben S. Bernanke, Chairman; William C. Dudley, Vice Chairman; Elizabeth A. Duke; Dennis P. Lockhart; Sandra Pianalto; Jerome H. Powell; Sarah Bloom Raskin; Jeremy C. Stein; Daniel K. Tarullo; John C. Williams; and Janet L. Yellen. Voting against the action was Jeffrey M. Lacker, who opposed additional asset purchases and preferred to omit the description of the time period over which exceptionally low levels for the federal funds rate are likely to be warranted. Statement Regarding Transactions in Agency Mortgage-Backed Securities and Treasury Securities"
2012-09-13,Sandra Pianalto,FOR,HOLD,HOLD,COMMITTEE_HOLD,0,0,VOTE_ACTION_PROXY,2012-09-13,https://www.federalreserve.gov/newsevents/pressreleases/monetary20120913a.htm,"Voting for the FOMC monetary policy action were: Ben S. Bernanke, Chairman; William C. Dudley, Vice Chairman; Elizabeth A. Duke; Dennis P. Lockhart; Sandra Pianalto; Jerome H. Powell; Sarah Bloom Raskin; Jeremy C. Stein; Daniel K. Tarullo; John C. Williams; and Janet L. Yellen. Voting against the action was Jeffrey M. Lacker, who opposed additional asset purchases and preferred to omit the description of the time period over which exceptionally low levels for the federal funds rate are likely to be warranted. Statement Regarding Transactions in Agency Mortgage-Backed Securities and Treasury Securities"
2012-09-13,Sarah Bloom Raskin,FOR,HOLD,HOLD,COMMITTEE_HOLD,0,0,VOTE_ACTION_PROXY,2012-09-13,https://www.federalreserve.gov/newsevents/pressreleases/monetary20120913a.htm,"Voting for the FOMC monetary policy action were: Ben S. Bernanke, Chairman; William C. Dudley, Vice Chairman; Elizabeth A. Duke; Dennis P. Lockhart; Sandra Pianalto; Jerome H. Powell; Sarah Bloom Raskin; Jeremy C. Stein; Daniel K. Tarullo; John C. Williams; and Janet L. Yellen. Voting against the action was Jeffrey M. Lacker, who opposed additional asset purchases and preferred to omit the description of the time period over which exceptionally low levels for the federal funds rate are likely to be warranted. Statement Regarding Transactions in Agency Mortgage-Backed Securities and Treasury Securities"
2012-09-13,William C. Dudley,FOR,HOLD,HOLD,COMMITTEE_HOLD,0,0,VOTE_ACTION_PROXY,2012-09-13,https://www.federalreserve.gov/newsevents/pressreleases/monetary20120913a.htm,"Voting for the FOMC monetary policy action were: Ben S. Bernanke, Chairman; William C. Dudley, Vice Chairman; Elizabeth A. Duke; Dennis P. Lockhart; Sandra Pianalto; Jerome H. Powell; Sarah Bloom Raskin; Jeremy C. Stein; Daniel K. Tarullo; John C. Williams; and Janet L. Yellen. Voting against the action was Jeffrey M. Lacker, who opposed additional asset purchases and preferred to omit the description of the time period over which exceptionally low levels for the federal funds rate are likely to be warranted. Statement Regarding Transactions in Agency Mortgage-Backed Securities and Treasury Securities"
2012-12-12,Ben S. Bernanke,FOR,HOLD,HOLD,COMMITTEE_HOLD,0,0,VOTE_ACTION_PROXY,2012-12-12,https://www.federalreserve.gov/newsevents/pressreleases/monetary20121212a.htm,"Voting for the FOMC monetary policy action were: Ben S. Bernanke, Chairman; William C. Dudley, Vice Chairman; Elizabeth A. Duke; Dennis P. Lockhart; Sandra Pianalto; Jerome H. Powell; Sarah Bloom Raskin; Jeremy C. Stein; Daniel K. Tarullo; John C. Williams; and Janet L. Yellen. Voting against the action was Jeffrey M. Lacker, who opposed the asset purchase program and the characterization of the conditions under which an exceptionally low range for the federal funds rate will be appropriate. Statement Regarding Purchases of Treasury Securities and Agency Mortgage-Backed Securities"
2012-12-12,Daniel K. Tarullo,FOR,HOLD,HOLD,COMMITTEE_HOLD,0,0,VOTE_ACTION_PROXY,2012-12-12,https://www.federalreserve.gov/newsevents/pressreleases/monetary20121212a.htm,"Voting for the FOMC monetary policy action were: Ben S. Bernanke, Chairman; William C. Dudley, Vice Chairman; Elizabeth A. Duke; Dennis P. Lockhart; Sandra Pianalto; Jerome H. Powell; Sarah Bloom Raskin; Jeremy C. Stein; Daniel K. Tarullo; John C. Williams; and Janet L. Yellen. Voting against the action was Jeffrey M. Lacker, who opposed the asset purchase program and the characterization of the conditions under which an exceptionally low range for the federal funds rate will be appropriate. Statement Regarding Purchases of Treasury Securities and Agency Mortgage-Backed Securities"
2012-12-12,Dennis P. Lockhart,FOR,HOLD,HOLD,COMMITTEE_HOLD,0,0,VOTE_ACTION_PROXY,2012-12-12,https://www.federalreserve.gov/newsevents/pressreleases/monetary20121212a.htm,"Voting for the FOMC monetary policy action were: Ben S. Bernanke, Chairman; William C. Dudley, Vice Chairman; Elizabeth A. Duke; Dennis P. Lockhart; Sandra Pianalto; Jerome H. Powell; Sarah Bloom Raskin; Jeremy C. Stein; Daniel K. Tarullo; John C. Williams; and Janet L. Yellen. Voting against the action was Jeffrey M. Lacker, who opposed the asset purchase program and the characterization of the conditions under which an exceptionally low range for the federal funds rate will be appropriate. Statement Regarding Purchases of Treasury Securities and Agency Mortgage-Backed Securities"
2012-12-12,Elizabeth A. Duke,FOR,HOLD,HOLD,COMMITTEE_HOLD,0,0,VOTE_ACTION_PROXY,2012-12-12,https://www.federalreserve.gov/newsevents/pressreleases/monetary20121212a.htm,"Voting for the FOMC monetary policy action were: Ben S. Bernanke, Chairman; William C. Dudley, Vice Chairman; Elizabeth A. Duke; Dennis P. Lockhart; Sandra Pianalto; Jerome H. Powell; Sarah Bloom Raskin; Jeremy C. Stein; Daniel K. Tarullo; John C. Williams; and Janet L. Yellen. Voting against the action was Jeffrey M. Lacker, who opposed the asset purchase program and the characterization of the conditions under which an exceptionally low range for the federal funds rate will be appropriate. Statement Regarding Purchases of Treasury Securities and Agency Mortgage-Backed Securities"
2012-12-12,Janet L. Yellen,FOR,HOLD,HOLD,COMMITTEE_HOLD,0,0,VOTE_ACTION_PROXY,2012-12-12,https://www.federalreserve.gov/newsevents/pressreleases/monetary20121212a.htm,"Voting for the FOMC monetary policy action were: Ben S. Bernanke, Chairman; William C. Dudley, Vice Chairman; Elizabeth A. Duke; Dennis P. Lockhart; Sandra Pianalto; Jerome H. Powell; Sarah Bloom Raskin; Jeremy C. Stein; Daniel K. Tarullo; John C. Williams; and Janet L. Yellen. Voting against the action was Jeffrey M. Lacker, who opposed the asset purchase program and the characterization of the conditions under which an exceptionally low range for the federal funds rate will be appropriate. Statement Regarding Purchases of Treasury Securities and Agency Mortgage-Backed Securities"
2012-12-12,Jeffrey M. Lacker,AGAINST,HOLD,NO_ADDITIONAL_ASSET_PURCHASES,TIGHTER,2,0,VOTE_DISSENT,2012-12-12,https://www.federalreserve.gov/newsevents/pressreleases/monetary20121212a.htm,"Voting for the FOMC monetary policy action were: Ben S. Bernanke, Chairman; William C. Dudley, Vice Chairman; Elizabeth A. Duke; Dennis P. Lockhart; Sandra Pianalto; Jerome H. Powell; Sarah Bloom Raskin; Jeremy C. Stein; Daniel K. Tarullo; John C. Williams; and Janet L. Yellen. Voting against the action was Jeffrey M. Lacker, who opposed the asset purchase program and the characterization of the conditions under which an exceptionally low range for the federal funds rate will be appropriate. Statement Regarding Purchases of Treasury Securities and Agency Mortgage-Backed Securities"
2012-12-12,Jeremy C. Stein,FOR,HOLD,HOLD,COMMITTEE_HOLD,0,0,VOTE_ACTION_PROXY,2012-12-12,https://www.federalreserve.gov/newsevents/pressreleases/monetary20121212a.htm,"Voting for the FOMC monetary policy action were: Ben S. Bernanke, Chairman; William C. Dudley, Vice Chairman; Elizabeth A. Duke; Dennis P. Lockhart; Sandra Pianalto; Jerome H. Powell; Sarah Bloom Raskin; Jeremy C. Stein; Daniel K. Tarullo; John C. Williams; and Janet L. Yellen. Voting against the action was Jeffrey M. Lacker, who opposed the asset purchase program and the characterization of the conditions under which an exceptionally low range for the federal funds rate will be appropriate. Statement Regarding Purchases of Treasury Securities and Agency Mortgage-Backed Securities"
2012-12-12,Jerome H. Powell,FOR,HOLD,HOLD,COMMITTEE_HOLD,0,0,VOTE_ACTION_PROXY,2012-12-12,https://www.federalreserve.gov/newsevents/pressreleases/monetary20121212a.htm,"Voting for the FOMC monetary policy action were: Ben S. Bernanke, Chairman; William C. Dudley, Vice Chairman; Elizabeth A. Duke; Dennis P. Lockhart; Sandra Pianalto; Jerome H. Powell; Sarah Bloom Raskin; Jeremy C. Stein; Daniel K. Tarullo; John C. Williams; and Janet L. Yellen. Voting against the action was Jeffrey M. Lacker, who opposed the asset purchase program and the characterization of the conditions under which an exceptionally low range for the federal funds rate will be appropriate. Statement Regarding Purchases of Treasury Securities and Agency Mortgage-Backed Securities"
2012-12-12,John C. Williams,FOR,HOLD,HOLD,COMMITTEE_HOLD,0,0,VOTE_ACTION_PROXY,2012-12-12,https://www.federalreserve.gov/newsevents/pressreleases/monetary20121212a.htm,"Voting for the FOMC monetary policy action were: Ben S. Bernanke, Chairman; William C. Dudley, Vice Chairman; Elizabeth A. Duke; Dennis P. Lockhart; Sandra Pianalto; Jerome H. Powell; Sarah Bloom Raskin; Jeremy C. Stein; Daniel K. Tarullo; John C. Williams; and Janet L. Yellen. Voting against the action was Jeffrey M. Lacker, who opposed the asset purchase program and the characterization of the conditions under which an exceptionally low range for the federal funds rate will be appropriate. Statement Regarding Purchases of Treasury Securities and Agency Mortgage-Backed Securities"
2012-12-12,Sandra Pianalto,FOR,HOLD,HOLD,COMMITTEE_HOLD,0,0,VOTE_ACTION_PROXY,2012-12-12,https://www.federalreserve.gov/newsevents/pressreleases/monetary20121212a.htm,"Voting for the FOMC monetary policy action were: Ben S. Bernanke, Chairman; William C. Dudley, Vice Chairman; Elizabeth A. Duke; Dennis P. Lockhart; Sandra Pianalto; Jerome H. Powell; Sarah Bloom Raskin; Jeremy C. Stein; Daniel K. Tarullo; John C. Williams; and Janet L. Yellen. Voting against the action was Jeffrey M. Lacker, who opposed the asset purchase program and the characterization of the conditions under which an exceptionally low range for the federal funds rate will be appropriate. Statement Regarding Purchases of Treasury Securities and Agency Mortgage-Backed Securities"
2012-12-12,Sarah Bloom Raskin,FOR,HOLD,HOLD,COMMITTEE_HOLD,0,0,VOTE_ACTION_PROXY,2012-12-12,https://www.federalreserve.gov/newsevents/pressreleases/monetary20121212a.htm,"Voting for the FOMC monetary policy action were: Ben S. Bernanke, Chairman; William C. Dudley, Vice Chairman; Elizabeth A. Duke; Dennis P. Lockhart; Sandra Pianalto; Jerome H. Powell; Sarah Bloom Raskin; Jeremy C. Stein; Daniel K. Tarullo; John C. Williams; and Janet L. Yellen. Voting against the action was Jeffrey M. Lacker, who opposed the asset purchase program and the characterization of the conditions under which an exceptionally low range for the federal funds rate will be appropriate. Statement Regarding Purchases of Treasury Securities and Agency Mortgage-Backed Securities"
2012-12-12,William C. Dudley,FOR,HOLD,HOLD,COMMITTEE_HOLD,0,0,VOTE_ACTION_PROXY,2012-12-12,https://www.federalreserve.gov/newsevents/pressreleases/monetary20121212a.htm,"Voting for the FOMC monetary policy action were: Ben S. Bernanke, Chairman; William C. Dudley, Vice Chairman; Elizabeth A. Duke; Dennis P. Lockhart; Sandra Pianalto; Jerome H. Powell; Sarah Bloom Raskin; Jeremy C. Stein; Daniel K. Tarullo; John C. Williams; and Janet L. Yellen. Voting against the action was Jeffrey M. Lacker, who opposed the asset purchase program and the characterization of the conditions under which an exceptionally low range for the federal funds rate will be appropriate. Statement Regarding Purchases of Treasury Securities and Agency Mortgage-Backed Securities"
2013-03-20,Ben S. Bernanke,FOR,HOLD,HOLD,COMMITTEE_HOLD,0,0,VOTE_ACTION_PROXY,2013-03-20,https://www.federalreserve.gov/newsevents/pressreleases/monetary20130320a.htm,"Voting for the FOMC monetary policy action were: Ben S. Bernanke, Chairman; William C. Dudley, Vice Chairman; James Bullard; Elizabeth A. Duke; Charles L. Evans; Jerome H. Powell; Sarah Bloom Raskin; Eric S. Rosengren; Jeremy C. Stein; Daniel K. Tarullo; and Janet L. Yellen. Voting against the action was Esther L. George, who was concerned that the continued high level of monetary accommodation increased the risks of future economic and financial imbalances and, over time, could cause an increase in long-term inflation expectations."
2013-03-20,Charles L. Evans,FOR,HOLD,HOLD,COMMITTEE_HOLD,0,,VOTE_ACTION_PROXY,2013-03-20,https://www.federalreserve.gov/newsevents/pressreleases/monetary20130320a.htm,"Voting for the FOMC monetary policy action were: Ben S. Bernanke, Chairman; William C. Dudley, Vice Chairman; James Bullard; Elizabeth A. Duke; Charles L. Evans; Jerome H. Powell; Sarah Bloom Raskin; Eric S. Rosengren; Jeremy C. Stein; Daniel K. Tarullo; and Janet L. Yellen. Voting against the action was Esther L. George, who was concerned that the continued high level of monetary accommodation increased the risks of future economic and financial imbalances and, over time, could cause an increase in long-term inflation expectations."
2013-03-20,Daniel K. Tarullo,FOR,HOLD,HOLD,COMMITTEE_HOLD,0,0,VOTE_ACTION_PROXY,2013-03-20,https://www.federalreserve.gov/newsevents/pressreleases/monetary20130320a.htm,"Voting for the FOMC monetary policy action were: Ben S. Bernanke, Chairman; William C. Dudley, Vice Chairman; James Bullard; Elizabeth A. Duke; Charles L. Evans; Jerome H. Powell; Sarah Bloom Raskin; Eric S. Rosengren; Jeremy C. Stein; Daniel K. Tarullo; and Janet L. Yellen. Voting against the action was Esther L. George, who was concerned that the continued high level of monetary accommodation increased the risks of future economic and financial imbalances and, over time, could cause an increase in long-term inflation expectations."
2013-03-20,Elizabeth A. Duke,FOR,HOLD,HOLD,COMMITTEE_HOLD,0,0,VOTE_ACTION_PROXY,2013-03-20,https://www.federalreserve.gov/newsevents/pressreleases/monetary20130320a.htm,"Voting for the FOMC monetary policy action were: Ben S. Bernanke, Chairman; William C. Dudley, Vice Chairman; James Bullard; Elizabeth A. Duke; Charles L. Evans; Jerome H. Powell; Sarah Bloom Raskin; Eric S. Rosengren; Jeremy C. Stein; Daniel K. Tarullo; and Janet L. Yellen. Voting against the action was Esther L. George, who was concerned that the continued high level of monetary accommodation increased the risks of future economic and financial imbalances and, over time, could cause an increase in long-term inflation expectations."
2013-03-20,Eric S. Rosengren,FOR,HOLD,HOLD,COMMITTEE_HOLD,0,,VOTE_ACTION_PROXY,2013-03-20,https://www.federalreserve.gov/newsevents/pressreleases/monetary20130320a.htm,"Voting for the FOMC monetary policy action were: Ben S. Bernanke, Chairman; William C. Dudley, Vice Chairman; James Bullard; Elizabeth A. Duke; Charles L. Evans; Jerome H. Powell; Sarah Bloom Raskin; Eric S. Rosengren; Jeremy C. Stein; Daniel K. Tarullo; and Janet L. Yellen. Voting against the action was Esther L. George, who was concerned that the continued high level of monetary accommodation increased the risks of future economic and financial imbalances and, over time, could cause an increase in long-term inflation expectations."
2013-03-20,Esther L. George,AGAINST,HOLD,LESS_ACCOMMODATION,TIGHTER,2,,VOTE_DISSENT,2013-03-20,https://www.federalreserve.gov/newsevents/pressreleases/monetary20130320a.htm,"Voting for the FOMC monetary policy action were: Ben S. Bernanke, Chairman; William C. Dudley, Vice Chairman; James Bullard; Elizabeth A. Duke; Charles L. Evans; Jerome H. Powell; Sarah Bloom Raskin; Eric S. Rosengren; Jeremy C. Stein; Daniel K. Tarullo; and Janet L. Yellen. Voting against the action was Esther L. George, who was concerned that the continued high level of monetary accommodation increased the risks of future economic and financial imbalances and, over time, could cause an increase in long-term inflation expectations."
2013-03-20,James Bullard,FOR,HOLD,HOLD,COMMITTEE_HOLD,0,,VOTE_ACTION_PROXY,2013-03-20,https://www.federalreserve.gov/newsevents/pressreleases/monetary20130320a.htm,"Voting for the FOMC monetary policy action were: Ben S. Bernanke, Chairman; William C. Dudley, Vice Chairman; James Bullard; Elizabeth A. Duke; Charles L. Evans; Jerome H. Powell; Sarah Bloom Raskin; Eric S. Rosengren; Jeremy C. Stein; Daniel K. Tarullo; and Janet L. Yellen. Voting against the action was Esther L. George, who was concerned that the continued high level of monetary accommodation increased the risks of future economic and financial imbalances and, over time, could cause an increase in long-term inflation expectations."
2013-03-20,Janet L. Yellen,FOR,HOLD,HOLD,COMMITTEE_HOLD,0,0,VOTE_ACTION_PROXY,2013-03-20,https://www.federalreserve.gov/newsevents/pressreleases/monetary20130320a.htm,"Voting for the FOMC monetary policy action were: Ben S. Bernanke, Chairman; William C. Dudley, Vice Chairman; James Bullard; Elizabeth A. Duke; Charles L. Evans; Jerome H. Powell; Sarah Bloom Raskin; Eric S. Rosengren; Jeremy C. Stein; Daniel K. Tarullo; and Janet L. Yellen. Voting against the action was Esther L. George, who was concerned that the continued high level of monetary accommodation increased the risks of future economic and financial imbalances and, over time, could cause an increase in long-term inflation expectations."
2013-03-20,Jeremy C. Stein,FOR,HOLD,HOLD,COMMITTEE_HOLD,0,0,VOTE_ACTION_PROXY,2013-03-20,https://www.federalreserve.gov/newsevents/pressreleases/monetary20130320a.htm,"Voting for the FOMC monetary policy action were: Ben S. Bernanke, Chairman; William C. Dudley, Vice Chairman; James Bullard; Elizabeth A. Duke; Charles L. Evans; Jerome H. Powell; Sarah Bloom Raskin; Eric S. Rosengren; Jeremy C. Stein; Daniel K. Tarullo; and Janet L. Yellen. Voting against the action was Esther L. George, who was concerned that the continued high level of monetary accommodation increased the risks of future economic and financial imbalances and, over time, could cause an increase in long-term inflation expectations."
2013-03-20,Jerome H. Powell,FOR,HOLD,HOLD,COMMITTEE_HOLD,0,0,VOTE_ACTION_PROXY,2013-03-20,https://www.federalreserve.gov/newsevents/pressreleases/monetary20130320a.htm,"Voting for the FOMC monetary policy action were: Ben S. Bernanke, Chairman; William C. Dudley, Vice Chairman; James Bullard; Elizabeth A. Duke; Charles L. Evans; Jerome H. Powell; Sarah Bloom Raskin; Eric S. Rosengren; Jeremy C. Stein; Daniel K. Tarullo; and Janet L. Yellen. Voting against the action was Esther L. George, who was concerned that the continued high level of monetary accommodation increased the risks of future economic and financial imbalances and, over time, could cause an increase in long-term inflation expectations."
2013-03-20,Sarah Bloom Raskin,FOR,HOLD,HOLD,COMMITTEE_HOLD,0,0,VOTE_ACTION_PROXY,2013-03-20,https://www.federalreserve.gov/newsevents/pressreleases/monetary20130320a.htm,"Voting for the FOMC monetary policy action were: Ben S. Bernanke, Chairman; William C. Dudley, Vice Chairman; James Bullard; Elizabeth A. Duke; Charles L. Evans; Jerome H. Powell; Sarah Bloom Raskin; Eric S. Rosengren; Jeremy C. Stein; Daniel K. Tarullo; and Janet L. Yellen. Voting against the action was Esther L. George, who was concerned that the continued high level of monetary accommodation increased the risks of future economic and financial imbalances and, over time, could cause an increase in long-term inflation expectations."
2013-03-20,William C. Dudley,FOR,HOLD,HOLD,COMMITTEE_HOLD,0,0,VOTE_ACTION_PROXY,2013-03-20,https://www.federalreserve.gov/newsevents/pressreleases/monetary20130320a.htm,"Voting for the FOMC monetary policy action were: Ben S. Bernanke, Chairman; William C. Dudley, Vice Chairman; James Bullard; Elizabeth A. Duke; Charles L. Evans; Jerome H. Powell; Sarah Bloom Raskin; Eric S. Rosengren; Jeremy C. Stein; Daniel K. Tarullo; and Janet L. Yellen. Voting against the action was Esther L. George, who was concerned that the continued high level of monetary accommodation increased the risks of future economic and financial imbalances and, over time, could cause an increase in long-term inflation expectations."
2013-06-19,Ben S. Bernanke,FOR,HOLD,HOLD,COMMITTEE_HOLD,0,0,VOTE_ACTION_PROXY,2013-06-19,https://www.federalreserve.gov/newsevents/pressreleases/monetary20130619a.htm,"Voting for the FOMC monetary policy action were: Ben S. Bernanke, Chairman; William C. Dudley, Vice Chairman; Elizabeth A. Duke; Charles L. Evans; Jerome H. Powell; Sarah Bloom Raskin; Eric S. Rosengren; Jeremy C. Stein; Daniel K. Tarullo; and Janet L. Yellen. Voting against the action was James Bullard, who believed that the Committee should signal more strongly its willingness to defend its inflation goal in light of recent low inflation readings, and Esther L. George, who was concerned that the continued high level of monetary accommodation increased the risks of future economic and financial imbalances and, over time, could cause an increase in long-term inflation expectations."
2013-06-19,Charles L. Evans,FOR,HOLD,HOLD,COMMITTEE_HOLD,0,0,VOTE_ACTION_PROXY,2013-06-19,https://www.federalreserve.gov/newsevents/pressreleases/monetary20130619a.htm,"Voting for the FOMC monetary policy action were: Ben S. Bernanke, Chairman; William C. Dudley, Vice Chairman; Elizabeth A. Duke; Charles L. Evans; Jerome H. Powell; Sarah Bloom Raskin; Eric S. Rosengren; Jeremy C. Stein; Daniel K. Tarullo; and Janet L. Yellen. Voting against the action was James Bullard, who believed that the Committee should signal more strongly its willingness to defend its inflation goal in light of recent low inflation readings, and Esther L. George, who was concerned that the continued high level of monetary accommodation increased the risks of future economic and financial imbalances and, over time, could cause an increase in long-term inflation expectations."
2013-06-19,Daniel K. Tarullo,FOR,HOLD,HOLD,COMMITTEE_HOLD,0,0,VOTE_ACTION_PROXY,2013-06-19,https://www.federalreserve.gov/newsevents/pressreleases/monetary20130619a.htm,"Voting for the FOMC monetary policy action were: Ben S. Bernanke, Chairman; William C. Dudley, Vice Chairman; Elizabeth A. Duke; Charles L. Evans; Jerome H. Powell; Sarah Bloom Raskin; Eric S. Rosengren; Jeremy C. Stein; Daniel K. Tarullo; and Janet L. Yellen. Voting against the action was James Bullard, who believed that the Committee should signal more strongly its willingness to defend its inflation goal in light of recent low inflation readings, and Esther L. George, who was concerned that the continued high level of monetary accommodation increased the risks of future economic and financial imbalances and, over time, could cause an increase in long-term inflation expectations."
2013-06-19,Elizabeth A. Duke,FOR,HOLD,HOLD,COMMITTEE_HOLD,0,0,VOTE_ACTION_PROXY,2013-06-19,https://www.federalreserve.gov/newsevents/pressreleases/monetary20130619a.htm,"Voting for the FOMC monetary policy action were: Ben S. Bernanke, Chairman; William C. Dudley, Vice Chairman; Elizabeth A. Duke; Charles L. Evans; Jerome H. Powell; Sarah Bloom Raskin; Eric S. Rosengren; Jeremy C. Stein; Daniel K. Tarullo; and Janet L. Yellen. Voting against the action was James Bullard, who believed that the Committee should signal more strongly its willingness to defend its inflation goal in light of recent low inflation readings, and Esther L. George, who was concerned that the continued high level of monetary accommodation increased the risks of future economic and financial imbalances and, over time, could cause an increase in long-term inflation expectations."
2013-06-19,Eric S. Rosengren,FOR,HOLD,HOLD,COMMITTEE_HOLD,0,0,VOTE_ACTION_PROXY,2013-06-19,https://www.federalreserve.gov/newsevents/pressreleases/monetary20130619a.htm,"Voting for the FOMC monetary policy action were: Ben S. Bernanke, Chairman; William C. Dudley, Vice Chairman; Elizabeth A. Duke; Charles L. Evans; Jerome H. Powell; Sarah Bloom Raskin; Eric S. Rosengren; Jeremy C. Stein; Daniel K. Tarullo; and Janet L. Yellen. Voting against the action was James Bullard, who believed that the Committee should signal more strongly its willingness to defend its inflation goal in light of recent low inflation readings, and Esther L. George, who was concerned that the continued high level of monetary accommodation increased the risks of future economic and financial imbalances and, over time, could cause an increase in long-term inflation expectations."
2013-06-19,Esther L. George,AGAINST,HOLD,LESS_ACCOMMODATION,TIGHTER,2,0,VOTE_DISSENT,2013-06-19,https://www.federalreserve.gov/newsevents/pressreleases/monetary20130619a.htm,"Voting for the FOMC monetary policy action were: Ben S. Bernanke, Chairman; William C. Dudley, Vice Chairman; Elizabeth A. Duke; Charles L. Evans; Jerome H. Powell; Sarah Bloom Raskin; Eric S. Rosengren; Jeremy C. Stein; Daniel K. Tarullo; and Janet L. Yellen. Voting against the action was James Bullard, who believed that the Committee should signal more strongly its willingness to defend its inflation goal in light of recent low inflation readings, and Esther L. George, who was concerned that the continued high level of monetary accommodation increased the risks of future economic and financial imbalances and, over time, could cause an increase in long-term inflation expectations."
2013-06-19,James Bullard,AGAINST,HOLD,STRONGER_LOW_INFLATION_DEFENSE,EASIER,-2,-2,VOTE_DISSENT,2013-06-19,https://www.federalreserve.gov/newsevents/pressreleases/monetary20130619a.htm,"Voting for the FOMC monetary policy action were: Ben S. Bernanke, Chairman; William C. Dudley, Vice Chairman; Elizabeth A. Duke; Charles L. Evans; Jerome H. Powell; Sarah Bloom Raskin; Eric S. Rosengren; Jeremy C. Stein; Daniel K. Tarullo; and Janet L. Yellen. Voting against the action was James Bullard, who believed that the Committee should signal more strongly its willingness to defend its inflation goal in light of recent low inflation readings, and Esther L. George, who was concerned that the continued high level of monetary accommodation increased the risks of future economic and financial imbalances and, over time, could cause an increase in long-term inflation expectations."
2013-06-19,Janet L. Yellen,FOR,HOLD,HOLD,COMMITTEE_HOLD,0,0,VOTE_ACTION_PROXY,2013-06-19,https://www.federalreserve.gov/newsevents/pressreleases/monetary20130619a.htm,"Voting for the FOMC monetary policy action were: Ben S. Bernanke, Chairman; William C. Dudley, Vice Chairman; Elizabeth A. Duke; Charles L. Evans; Jerome H. Powell; Sarah Bloom Raskin; Eric S. Rosengren; Jeremy C. Stein; Daniel K. Tarullo; and Janet L. Yellen. Voting against the action was James Bullard, who believed that the Committee should signal more strongly its willingness to defend its inflation goal in light of recent low inflation readings, and Esther L. George, who was concerned that the continued high level of monetary accommodation increased the risks of future economic and financial imbalances and, over time, could cause an increase in long-term inflation expectations."
2013-06-19,Jeremy C. Stein,FOR,HOLD,HOLD,COMMITTEE_HOLD,0,0,VOTE_ACTION_PROXY,2013-06-19,https://www.federalreserve.gov/newsevents/pressreleases/monetary20130619a.htm,"Voting for the FOMC monetary policy action were: Ben S. Bernanke, Chairman; William C. Dudley, Vice Chairman; Elizabeth A. Duke; Charles L. Evans; Jerome H. Powell; Sarah Bloom Raskin; Eric S. Rosengren; Jeremy C. Stein; Daniel K. Tarullo; and Janet L. Yellen. Voting against the action was James Bullard, who believed that the Committee should signal more strongly its willingness to defend its inflation goal in light of recent low inflation readings, and Esther L. George, who was concerned that the continued high level of monetary accommodation increased the risks of future economic and financial imbalances and, over time, could cause an increase in long-term inflation expectations."
2013-06-19,Jerome H. Powell,FOR,HOLD,HOLD,COMMITTEE_HOLD,0,0,VOTE_ACTION_PROXY,2013-06-19,https://www.federalreserve.gov/newsevents/pressreleases/monetary20130619a.htm,"Voting for the FOMC monetary policy action were: Ben S. Bernanke, Chairman; William C. Dudley, Vice Chairman; Elizabeth A. Duke; Charles L. Evans; Jerome H. Powell; Sarah Bloom Raskin; Eric S. Rosengren; Jeremy C. Stein; Daniel K. Tarullo; and Janet L. Yellen. Voting against the action was James Bullard, who believed that the Committee should signal more strongly its willingness to defend its inflation goal in light of recent low inflation readings, and Esther L. George, who was concerned that the continued high level of monetary accommodation increased the risks of future economic and financial imbalances and, over time, could cause an increase in long-term inflation expectations."
2013-06-19,Sarah Bloom Raskin,FOR,HOLD,HOLD,COMMITTEE_HOLD,0,0,VOTE_ACTION_PROXY,2013-06-19,https://www.federalreserve.gov/newsevents/pressreleases/monetary20130619a.htm,"Voting for the FOMC monetary policy action were: Ben S. Bernanke, Chairman; William C. Dudley, Vice Chairman; Elizabeth A. Duke; Charles L. Evans; Jerome H. Powell; Sarah Bloom Raskin; Eric S. Rosengren; Jeremy C. Stein; Daniel K. Tarullo; and Janet L. Yellen. Voting against the action was James Bullard, who believed that the Committee should signal more strongly its willingness to defend its inflation goal in light of recent low inflation readings, and Esther L. George, who was concerned that the continued high level of monetary accommodation increased the risks of future economic and financial imbalances and, over time, could cause an increase in long-term inflation expectations."
2013-06-19,William C. Dudley,FOR,HOLD,HOLD,COMMITTEE_HOLD,0,0,VOTE_ACTION_PROXY,2013-06-19,https://www.federalreserve.gov/newsevents/pressreleases/monetary20130619a.htm,"Voting for the FOMC monetary policy action were: Ben S. Bernanke, Chairman; William C. Dudley, Vice Chairman; Elizabeth A. Duke; Charles L. Evans; Jerome H. Powell; Sarah Bloom Raskin; Eric S. Rosengren; Jeremy C. Stein; Daniel K. Tarullo; and Janet L. Yellen. Voting against the action was James Bullard, who believed that the Committee should signal more strongly its willingness to defend its inflation goal in light of recent low inflation readings, and Esther L. George, who was concerned that the continued high level of monetary accommodation increased the risks of future economic and financial imbalances and, over time, could cause an increase in long-term inflation expectations."
2013-09-18,Ben S. Bernanke,FOR,HOLD,HOLD,COMMITTEE_HOLD,0,0,VOTE_ACTION_PROXY,2013-09-18,https://www.federalreserve.gov/newsevents/pressreleases/monetary20130918a.htm,"Voting for the FOMC monetary policy action were: Ben S. Bernanke, Chairman; William C. Dudley, Vice Chairman; James Bullard; Charles L. Evans; Jerome H. Powell; Eric S. Rosengren; Jeremy C. Stein; Daniel K. Tarullo; and Janet L. Yellen. Voting against the action was Esther L. George, who was concerned that the continued high level of monetary accommodation increased the risks of future economic and financial imbalances and, over time, could cause an increase in long-term inflation expectations."
2013-09-18,Charles L. Evans,FOR,HOLD,HOLD,COMMITTEE_HOLD,0,0,VOTE_ACTION_PROXY,2013-09-18,https://www.federalreserve.gov/newsevents/pressreleases/monetary20130918a.htm,"Voting for the FOMC monetary policy action were: Ben S. Bernanke, Chairman; William C. Dudley, Vice Chairman; James Bullard; Charles L. Evans; Jerome H. Powell; Eric S. Rosengren; Jeremy C. Stein; Daniel K. Tarullo; and Janet L. Yellen. Voting against the action was Esther L. George, who was concerned that the continued high level of monetary accommodation increased the risks of future economic and financial imbalances and, over time, could cause an increase in long-term inflation expectations."
2013-09-18,Daniel K. Tarullo,FOR,HOLD,HOLD,COMMITTEE_HOLD,0,0,VOTE_ACTION_PROXY,2013-09-18,https://www.federalreserve.gov/newsevents/pressreleases/monetary20130918a.htm,"Voting for the FOMC monetary policy action were: Ben S. Bernanke, Chairman; William C. Dudley, Vice Chairman; James Bullard; Charles L. Evans; Jerome H. Powell; Eric S. Rosengren; Jeremy C. Stein; Daniel K. Tarullo; and Janet L. Yellen. Voting against the action was Esther L. George, who was concerned that the continued high level of monetary accommodation increased the risks of future economic and financial imbalances and, over time, could cause an increase in long-term inflation expectations."
2013-09-18,Eric S. Rosengren,FOR,HOLD,HOLD,COMMITTEE_HOLD,0,0,VOTE_ACTION_PROXY,2013-09-18,https://www.federalreserve.gov/newsevents/pressreleases/monetary20130918a.htm,"Voting for the FOMC monetary policy action were: Ben S. Bernanke, Chairman; William C. Dudley, Vice Chairman; James Bullard; Charles L. Evans; Jerome H. Powell; Eric S. Rosengren; Jeremy C. Stein; Daniel K. Tarullo; and Janet L. Yellen. Voting against the action was Esther L. George, who was concerned that the continued high level of monetary accommodation increased the risks of future economic and financial imbalances and, over time, could cause an increase in long-term inflation expectations."
2013-09-18,Esther L. George,AGAINST,HOLD,REDUCE_PURCHASES,TIGHTER,2,0,VOTE_DISSENT,2013-09-18,https://www.federalreserve.gov/newsevents/pressreleases/monetary20130918a.htm,"Voting for the FOMC monetary policy action were: Ben S. Bernanke, Chairman; William C. Dudley, Vice Chairman; James Bullard; Charles L. Evans; Jerome H. Powell; Eric S. Rosengren; Jeremy C. Stein; Daniel K. Tarullo; and Janet L. Yellen. Voting against the action was Esther L. George, who was concerned that the continued high level of monetary accommodation increased the risks of future economic and financial imbalances and, over time, could cause an increase in long-term inflation expectations."
2013-09-18,James Bullard,FOR,HOLD,HOLD,COMMITTEE_HOLD,0,2,VOTE_ACTION_PROXY,2013-09-18,https://www.federalreserve.gov/newsevents/pressreleases/monetary20130918a.htm,"Voting for the FOMC monetary policy action were: Ben S. Bernanke, Chairman; William C. Dudley, Vice Chairman; James Bullard; Charles L. Evans; Jerome H. Powell; Eric S. Rosengren; Jeremy C. Stein; Daniel K. Tarullo; and Janet L. Yellen. Voting against the action was Esther L. George, who was concerned that the continued high level of monetary accommodation increased the risks of future economic and financial imbalances and, over time, could cause an increase in long-term inflation expectations."
2013-09-18,Janet L. Yellen,FOR,HOLD,HOLD,COMMITTEE_HOLD,0,0,VOTE_ACTION_PROXY,2013-09-18,https://www.federalreserve.gov/newsevents/pressreleases/monetary20130918a.htm,"Voting for the FOMC monetary policy action were: Ben S. Bernanke, Chairman; William C. Dudley, Vice Chairman; James Bullard; Charles L. Evans; Jerome H. Powell; Eric S. Rosengren; Jeremy C. Stein; Daniel K. Tarullo; and Janet L. Yellen. Voting against the action was Esther L. George, who was concerned that the continued high level of monetary accommodation increased the risks of future economic and financial imbalances and, over time, could cause an increase in long-term inflation expectations."
2013-09-18,Jeremy C. Stein,FOR,HOLD,HOLD,COMMITTEE_HOLD,0,0,VOTE_ACTION_PROXY,2013-09-18,https://www.federalreserve.gov/newsevents/pressreleases/monetary20130918a.htm,"Voting for the FOMC monetary policy action were: Ben S. Bernanke, Chairman; William C. Dudley, Vice Chairman; James Bullard; Charles L. Evans; Jerome H. Powell; Eric S. Rosengren; Jeremy C. Stein; Daniel K. Tarullo; and Janet L. Yellen. Voting against the action was Esther L. George, who was concerned that the continued high level of monetary accommodation increased the risks of future economic and financial imbalances and, over time, could cause an increase in long-term inflation expectations."
2013-09-18,Jerome H. Powell,FOR,HOLD,HOLD,COMMITTEE_HOLD,0,0,VOTE_ACTION_PROXY,2013-09-18,https://www.federalreserve.gov/newsevents/pressreleases/monetary20130918a.htm,"Voting for the FOMC monetary policy action were: Ben S. Bernanke, Chairman; William C. Dudley, Vice Chairman; James Bullard; Charles L. Evans; Jerome H. Powell; Eric S. Rosengren; Jeremy C. Stein; Daniel K. Tarullo; and Janet L. Yellen. Voting against the action was Esther L. George, who was concerned that the continued high level of monetary accommodation increased the risks of future economic and financial imbalances and, over time, could cause an increase in long-term inflation expectations."
2013-09-18,William C. Dudley,FOR,HOLD,HOLD,COMMITTEE_HOLD,0,0,VOTE_ACTION_PROXY,2013-09-18,https://www.federalreserve.gov/newsevents/pressreleases/monetary20130918a.htm,"Voting for the FOMC monetary policy action were: Ben S. Bernanke, Chairman; William C. Dudley, Vice Chairman; James Bullard; Charles L. Evans; Jerome H. Powell; Eric S. Rosengren; Jeremy C. Stein; Daniel K. Tarullo; and Janet L. Yellen. Voting against the action was Esther L. George, who was concerned that the continued high level of monetary accommodation increased the risks of future economic and financial imbalances and, over time, could cause an increase in long-term inflation expectations."
2013-12-18,Ben S. Bernanke,FOR,HOLD,HOLD,COMMITTEE_HOLD,0,0,VOTE_ACTION_PROXY,2013-12-18,https://www.federalreserve.gov/newsevents/pressreleases/monetary20131218a.htm,"Voting for the FOMC monetary policy action were: Ben S. Bernanke, Chairman; William C. Dudley, Vice Chairman; James Bullard; Charles L. Evans; Esther L. George; Jerome H. Powell; Jeremy C. Stein; Daniel K. Tarullo; and Janet L. Yellen. Voting against the action was Eric S. Rosengren, who believes that, with the unemployment rate still elevated and the inflation rate well below the target, changes in the purchase program are premature until incoming data more clearly indicate that economic growth is likely to be sustained above its potential rate. Statement Regarding Purchases of Treasury Securities and Agency Mortgage-Backed Securities"
2013-12-18,Charles L. Evans,FOR,HOLD,HOLD,COMMITTEE_HOLD,0,0,VOTE_ACTION_PROXY,2013-12-18,https://www.federalreserve.gov/newsevents/pressreleases/monetary20131218a.htm,"Voting for the FOMC monetary policy action were: Ben S. Bernanke, Chairman; William C. Dudley, Vice Chairman; James Bullard; Charles L. Evans; Esther L. George; Jerome H. Powell; Jeremy C. Stein; Daniel K. Tarullo; and Janet L. Yellen. Voting against the action was Eric S. Rosengren, who believes that, with the unemployment rate still elevated and the inflation rate well below the target, changes in the purchase program are premature until incoming data more clearly indicate that economic growth is likely to be sustained above its potential rate. Statement Regarding Purchases of Treasury Securities and Agency Mortgage-Backed Securities"
2013-12-18,Daniel K. Tarullo,FOR,HOLD,HOLD,COMMITTEE_HOLD,0,0,VOTE_ACTION_PROXY,2013-12-18,https://www.federalreserve.gov/newsevents/pressreleases/monetary20131218a.htm,"Voting for the FOMC monetary policy action were: Ben S. Bernanke, Chairman; William C. Dudley, Vice Chairman; James Bullard; Charles L. Evans; Esther L. George; Jerome H. Powell; Jeremy C. Stein; Daniel K. Tarullo; and Janet L. Yellen. Voting against the action was Eric S. Rosengren, who believes that, with the unemployment rate still elevated and the inflation rate well below the target, changes in the purchase program are premature until incoming data more clearly indicate that economic growth is likely to be sustained above its potential rate. Statement Regarding Purchases of Treasury Securities and Agency Mortgage-Backed Securities"
2013-12-18,Eric S. Rosengren,AGAINST,HOLD,CONTINUE_PURCHASE_PACE,EASIER,-2,-2,VOTE_DISSENT,2013-12-18,https://www.federalreserve.gov/newsevents/pressreleases/monetary20131218a.htm,"Voting for the FOMC monetary policy action were: Ben S. Bernanke, Chairman; William C. Dudley, Vice Chairman; James Bullard; Charles L. Evans; Esther L. George; Jerome H. Powell; Jeremy C. Stein; Daniel K. Tarullo; and Janet L. Yellen. Voting against the action was Eric S. Rosengren, who believes that, with the unemployment rate still elevated and the inflation rate well below the target, changes in the purchase program are premature until incoming data more clearly indicate that economic growth is likely to be sustained above its potential rate. Statement Regarding Purchases of Treasury Securities and Agency Mortgage-Backed Securities"
2013-12-18,Esther L. George,FOR,HOLD,HOLD,COMMITTEE_HOLD,0,-2,VOTE_ACTION_PROXY,2013-12-18,https://www.federalreserve.gov/newsevents/pressreleases/monetary20131218a.htm,"Voting for the FOMC monetary policy action were: Ben S. Bernanke, Chairman; William C. Dudley, Vice Chairman; James Bullard; Charles L. Evans; Esther L. George; Jerome H. Powell; Jeremy C. Stein; Daniel K. Tarullo; and Janet L. Yellen. Voting against the action was Eric S. Rosengren, who believes that, with the unemployment rate still elevated and the inflation rate well below the target, changes in the purchase program are premature until incoming data more clearly indicate that economic growth is likely to be sustained above its potential rate. Statement Regarding Purchases of Treasury Securities and Agency Mortgage-Backed Securities"
2013-12-18,James Bullard,FOR,HOLD,HOLD,COMMITTEE_HOLD,0,0,VOTE_ACTION_PROXY,2013-12-18,https://www.federalreserve.gov/newsevents/pressreleases/monetary20131218a.htm,"Voting for the FOMC monetary policy action were: Ben S. Bernanke, Chairman; William C. Dudley, Vice Chairman; James Bullard; Charles L. Evans; Esther L. George; Jerome H. Powell; Jeremy C. Stein; Daniel K. Tarullo; and Janet L. Yellen. Voting against the action was Eric S. Rosengren, who believes that, with the unemployment rate still elevated and the inflation rate well below the target, changes in the purchase program are premature until incoming data more clearly indicate that economic growth is likely to be sustained above its potential rate. Statement Regarding Purchases of Treasury Securities and Agency Mortgage-Backed Securities"
2013-12-18,Janet L. Yellen,FOR,HOLD,HOLD,COMMITTEE_HOLD,0,0,VOTE_ACTION_PROXY,2013-12-18,https://www.federalreserve.gov/newsevents/pressreleases/monetary20131218a.htm,"Voting for the FOMC monetary policy action were: Ben S. Bernanke, Chairman; William C. Dudley, Vice Chairman; James Bullard; Charles L. Evans; Esther L. George; Jerome H. Powell; Jeremy C. Stein; Daniel K. Tarullo; and Janet L. Yellen. Voting against the action was Eric S. Rosengren, who believes that, with the unemployment rate still elevated and the inflation rate well below the target, changes in the purchase program are premature until incoming data more clearly indicate that economic growth is likely to be sustained above its potential rate. Statement Regarding Purchases of Treasury Securities and Agency Mortgage-Backed Securities"
2013-12-18,Jeremy C. Stein,FOR,HOLD,HOLD,COMMITTEE_HOLD,0,0,VOTE_ACTION_PROXY,2013-12-18,https://www.federalreserve.gov/newsevents/pressreleases/monetary20131218a.htm,"Voting for the FOMC monetary policy action were: Ben S. Bernanke, Chairman; William C. Dudley, Vice Chairman; James Bullard; Charles L. Evans; Esther L. George; Jerome H. Powell; Jeremy C. Stein; Daniel K. Tarullo; and Janet L. Yellen. Voting against the action was Eric S. Rosengren, who believes that, with the unemployment rate still elevated and the inflation rate well below the target, changes in the purchase program are premature until incoming data more clearly indicate that economic growth is likely to be sustained above its potential rate. Statement Regarding Purchases of Treasury Securities and Agency Mortgage-Backed Securities"
2013-12-18,Jerome H. Powell,FOR,HOLD,HOLD,COMMITTEE_HOLD,0,0,VOTE_ACTION_PROXY,2013-12-18,https://www.federalreserve.gov/newsevents/pressreleases/monetary20131218a.htm,"Voting for the FOMC monetary policy action were: Ben S. Bernanke, Chairman; William C. Dudley, Vice Chairman; James Bullard; Charles L. Evans; Esther L. George; Jerome H. Powell; Jeremy C. Stein; Daniel K. Tarullo; and Janet L. Yellen. Voting against the action was Eric S. Rosengren, who believes that, with the unemployment rate still elevated and the inflation rate well below the target, changes in the purchase program are premature until incoming data more clearly indicate that economic growth is likely to be sustained above its potential rate. Statement Regarding Purchases of Treasury Securities and Agency Mortgage-Backed Securities"
2013-12-18,William C. Dudley,FOR,HOLD,HOLD,COMMITTEE_HOLD,0,0,VOTE_ACTION_PROXY,2013-12-18,https://www.federalreserve.gov/newsevents/pressreleases/monetary20131218a.htm,"Voting for the FOMC monetary policy action were: Ben S. Bernanke, Chairman; William C. Dudley, Vice Chairman; James Bullard; Charles L. Evans; Esther L. George; Jerome H. Powell; Jeremy C. Stein; Daniel K. Tarullo; and Janet L. Yellen. Voting against the action was Eric S. Rosengren, who believes that, with the unemployment rate still elevated and the inflation rate well below the target, changes in the purchase program are premature until incoming data more clearly indicate that economic growth is likely to be sustained above its potential rate. Statement Regarding Purchases of Treasury Securities and Agency Mortgage-Backed Securities"
2014-03-19,Charles I. Plosser,FOR,HOLD,HOLD,COMMITTEE_HOLD,0,,VOTE_ACTION_PROXY,2014-03-19,https://www.federalreserve.gov/newsevents/pressreleases/monetary20140319a.htm,"Voting for the FOMC monetary policy action were: Janet L. Yellen, Chair; William C. Dudley, Vice Chairman; Richard W. Fisher; Sandra Pianalto; Charles I. Plosser; Jerome H. Powell; Jeremy C. Stein; and Daniel K. Tarullo. Voting against the action was Narayana Kocherlakota, who supported the sixth paragraph, but believed the fifth paragraph weakens the credibility of the Committee's commitment to return inflation to the 2 percent target from below and fosters policy uncertainty that hinders economic activity. Statement Regarding Purchases of Treasury Securities and Agency Mortgage-Backed Securities"
2014-03-19,Daniel K. Tarullo,FOR,HOLD,HOLD,COMMITTEE_HOLD,0,0,VOTE_ACTION_PROXY,2014-03-19,https://www.federalreserve.gov/newsevents/pressreleases/monetary20140319a.htm,"Voting for the FOMC monetary policy action were: Janet L. Yellen, Chair; William C. Dudley, Vice Chairman; Richard W. Fisher; Sandra Pianalto; Charles I. Plosser; Jerome H. Powell; Jeremy C. Stein; and Daniel K. Tarullo. Voting against the action was Narayana Kocherlakota, who supported the sixth paragraph, but believed the fifth paragraph weakens the credibility of the Committee's commitment to return inflation to the 2 percent target from below and fosters policy uncertainty that hinders economic activity. Statement Regarding Purchases of Treasury Securities and Agency Mortgage-Backed Securities"
2014-03-19,Janet L. Yellen,FOR,HOLD,HOLD,COMMITTEE_HOLD,0,0,VOTE_ACTION_PROXY,2014-03-19,https://www.federalreserve.gov/newsevents/pressreleases/monetary20140319a.htm,"Voting for the FOMC monetary policy action were: Janet L. Yellen, Chair; William C. Dudley, Vice Chairman; Richard W. Fisher; Sandra Pianalto; Charles I. Plosser; Jerome H. Powell; Jeremy C. Stein; and Daniel K. Tarullo. Voting against the action was Narayana Kocherlakota, who supported the sixth paragraph, but believed the fifth paragraph weakens the credibility of the Committee's commitment to return inflation to the 2 percent target from below and fosters policy uncertainty that hinders economic activity. Statement Regarding Purchases of Treasury Securities and Agency Mortgage-Backed Securities"
2014-03-19,Jeremy C. Stein,FOR,HOLD,HOLD,COMMITTEE_HOLD,0,0,VOTE_ACTION_PROXY,2014-03-19,https://www.federalreserve.gov/newsevents/pressreleases/monetary20140319a.htm,"Voting for the FOMC monetary policy action were: Janet L. Yellen, Chair; William C. Dudley, Vice Chairman; Richard W. Fisher; Sandra Pianalto; Charles I. Plosser; Jerome H. Powell; Jeremy C. Stein; and Daniel K. Tarullo. Voting against the action was Narayana Kocherlakota, who supported the sixth paragraph, but believed the fifth paragraph weakens the credibility of the Committee's commitment to return inflation to the 2 percent target from below and fosters policy uncertainty that hinders economic activity. Statement Regarding Purchases of Treasury Securities and Agency Mortgage-Backed Securities"
2014-03-19,Jerome H. Powell,FOR,HOLD,HOLD,COMMITTEE_HOLD,0,0,VOTE_ACTION_PROXY,2014-03-19,https://www.federalreserve.gov/newsevents/pressreleases/monetary20140319a.htm,"Voting for the FOMC monetary policy action were: Janet L. Yellen, Chair; William C. Dudley, Vice Chairman; Richard W. Fisher; Sandra Pianalto; Charles I. Plosser; Jerome H. Powell; Jeremy C. Stein; and Daniel K. Tarullo. Voting against the action was Narayana Kocherlakota, who supported the sixth paragraph, but believed the fifth paragraph weakens the credibility of the Committee's commitment to return inflation to the 2 percent target from below and fosters policy uncertainty that hinders economic activity. Statement Regarding Purchases of Treasury Securities and Agency Mortgage-Backed Securities"
2014-03-19,Narayana Kocherlakota,AGAINST,HOLD,MORE_ACCOMMODATIVE_GUIDANCE,EASIER,-2,,VOTE_DISSENT,2014-03-19,https://www.federalreserve.gov/newsevents/pressreleases/monetary20140319a.htm,"Voting for the FOMC monetary policy action were: Janet L. Yellen, Chair; William C. Dudley, Vice Chairman; Richard W. Fisher; Sandra Pianalto; Charles I. Plosser; Jerome H. Powell; Jeremy C. Stein; and Daniel K. Tarullo. Voting against the action was Narayana Kocherlakota, who supported the sixth paragraph, but believed the fifth paragraph weakens the credibility of the Committee's commitment to return inflation to the 2 percent target from below and fosters policy uncertainty that hinders economic activity. Statement Regarding Purchases of Treasury Securities and Agency Mortgage-Backed Securities"
2014-03-19,Richard W. Fisher,FOR,HOLD,HOLD,COMMITTEE_HOLD,0,,VOTE_ACTION_PROXY,2014-03-19,https://www.federalreserve.gov/newsevents/pressreleases/monetary20140319a.htm,"Voting for the FOMC monetary policy action were: Janet L. Yellen, Chair; William C. Dudley, Vice Chairman; Richard W. Fisher; Sandra Pianalto; Charles I. Plosser; Jerome H. Powell; Jeremy C. Stein; and Daniel K. Tarullo. Voting against the action was Narayana Kocherlakota, who supported the sixth paragraph, but believed the fifth paragraph weakens the credibility of the Committee's commitment to return inflation to the 2 percent target from below and fosters policy uncertainty that hinders economic activity. Statement Regarding Purchases of Treasury Securities and Agency Mortgage-Backed Securities"
2014-03-19,Sandra Pianalto,FOR,HOLD,HOLD,COMMITTEE_HOLD,0,,VOTE_ACTION_PROXY,2014-03-19,https://www.federalreserve.gov/newsevents/pressreleases/monetary20140319a.htm,"Voting for the FOMC monetary policy action were: Janet L. Yellen, Chair; William C. Dudley, Vice Chairman; Richard W. Fisher; Sandra Pianalto; Charles I. Plosser; Jerome H. Powell; Jeremy C. Stein; and Daniel K. Tarullo. Voting against the action was Narayana Kocherlakota, who supported the sixth paragraph, but believed the fifth paragraph weakens the credibility of the Committee's commitment to return inflation to the 2 percent target from below and fosters policy uncertainty that hinders economic activity. Statement Regarding Purchases of Treasury Securities and Agency Mortgage-Backed Securities"
2014-03-19,William C. Dudley,FOR,HOLD,HOLD,COMMITTEE_HOLD,0,0,VOTE_ACTION_PROXY,2014-03-19,https://www.federalreserve.gov/newsevents/pressreleases/monetary20140319a.htm,"Voting for the FOMC monetary policy action were: Janet L. Yellen, Chair; William C. Dudley, Vice Chairman; Richard W. Fisher; Sandra Pianalto; Charles I. Plosser; Jerome H. Powell; Jeremy C. Stein; and Daniel K. Tarullo. Voting against the action was Narayana Kocherlakota, who supported the sixth paragraph, but believed the fifth paragraph weakens the credibility of the Committee's commitment to return inflation to the 2 percent target from below and fosters policy uncertainty that hinders economic activity. Statement Regarding Purchases of Treasury Securities and Agency Mortgage-Backed Securities"
2014-06-18,Charles I. Plosser,FOR,HOLD,HOLD,COMMITTEE_HOLD,0,0,VOTE_ACTION_PROXY,2014-06-18,https://www.federalreserve.gov/newsevents/pressreleases/monetary20140618a.htm,"Voting for the FOMC monetary policy action were: Janet L. Yellen, Chair; William C. Dudley, Vice Chairman; Lael Brainard; Stanley Fischer; Richard W. Fisher; Narayana Kocherlakota; Loretta J. Mester; Charles I. Plosser; Jerome H. Powell; and Daniel K. Tarullo. Statement Regarding Purchases of Treasury Securities and Agency Mortgage-Backed Securities"
2014-06-18,Daniel K. Tarullo,FOR,HOLD,HOLD,COMMITTEE_HOLD,0,0,VOTE_ACTION_PROXY,2014-06-18,https://www.federalreserve.gov/newsevents/pressreleases/monetary20140618a.htm,"Voting for the FOMC monetary policy action were: Janet L. Yellen, Chair; William C. Dudley, Vice Chairman; Lael Brainard; Stanley Fischer; Richard W. Fisher; Narayana Kocherlakota; Loretta J. Mester; Charles I. Plosser; Jerome H. Powell; and Daniel K. Tarullo. Statement Regarding Purchases of Treasury Securities and Agency Mortgage-Backed Securities"
2014-06-18,Janet L. Yellen,FOR,HOLD,HOLD,COMMITTEE_HOLD,0,0,VOTE_ACTION_PROXY,2014-06-18,https://www.federalreserve.gov/newsevents/pressreleases/monetary20140618a.htm,"Voting for the FOMC monetary policy action were: Janet L. Yellen, Chair; William C. Dudley, Vice Chairman; Lael Brainard; Stanley Fischer; Richard W. Fisher; Narayana Kocherlakota; Loretta J. Mester; Charles I. Plosser; Jerome H. Powell; and Daniel K. Tarullo. Statement Regarding Purchases of Treasury Securities and Agency Mortgage-Backed Securities"
2014-06-18,Jerome H. Powell,FOR,HOLD,HOLD,COMMITTEE_HOLD,0,0,VOTE_ACTION_PROXY,2014-06-18,https://www.federalreserve.gov/newsevents/pressreleases/monetary20140618a.htm,"Voting for the FOMC monetary policy action were: Janet L. Yellen, Chair; William C. Dudley, Vice Chairman; Lael Brainard; Stanley Fischer; Richard W. Fisher; Narayana Kocherlakota; Loretta J. Mester; Charles I. Plosser; Jerome H. Powell; and Daniel K. Tarullo. Statement Regarding Purchases of Treasury Securities and Agency Mortgage-Backed Securities"
2014-06-18,Lael Brainard,FOR,HOLD,HOLD,COMMITTEE_HOLD,0,,VOTE_ACTION_PROXY,2014-06-18,https://www.federalreserve.gov/newsevents/pressreleases/monetary20140618a.htm,"Voting for the FOMC monetary policy action were: Janet L. Yellen, Chair; William C. Dudley, Vice Chairman; Lael Brainard; Stanley Fischer; Richard W. Fisher; Narayana Kocherlakota; Loretta J. Mester; Charles I. Plosser; Jerome H. Powell; and Daniel K. Tarullo. Statement Regarding Purchases of Treasury Securities and Agency Mortgage-Backed Securities"
2014-06-18,Loretta J. Mester,FOR,HOLD,HOLD,COMMITTEE_HOLD,0,,VOTE_ACTION_PROXY,2014-06-18,https://www.federalreserve.gov/newsevents/pressreleases/monetary20140618a.htm,"Voting for the FOMC monetary policy action were: Janet L. Yellen, Chair; William C. Dudley, Vice Chairman; Lael Brainard; Stanley Fischer; Richard W. Fisher; Narayana Kocherlakota; Loretta J. Mester; Charles I. Plosser; Jerome H. Powell; and Daniel K. Tarullo. Statement Regarding Purchases of Treasury Securities and Agency Mortgage-Backed Securities"
2014-06-18,Narayana Kocherlakota,FOR,HOLD,HOLD,COMMITTEE_HOLD,0,2,VOTE_ACTION_PROXY,2014-06-18,https://www.federalreserve.gov/newsevents/pressreleases/monetary20140618a.htm,"Voting for the FOMC monetary policy action were: Janet L. Yellen, Chair; William C. Dudley, Vice Chairman; Lael Brainard; Stanley Fischer; Richard W. Fisher; Narayana Kocherlakota; Loretta J. Mester; Charles I. Plosser; Jerome H. Powell; and Daniel K. Tarullo. Statement Regarding Purchases of Treasury Securities and Agency Mortgage-Backed Securities"
2014-06-18,Richard W. Fisher,FOR,HOLD,HOLD,COMMITTEE_HOLD,0,0,VOTE_ACTION_PROXY,2014-06-18,https://www.federalreserve.gov/newsevents/pressreleases/monetary20140618a.htm,"Voting for the FOMC monetary policy action were: Janet L. Yellen, Chair; William C. Dudley, Vice Chairman; Lael Brainard; Stanley Fischer; Richard W. Fisher; Narayana Kocherlakota; Loretta J. Mester; Charles I. Plosser; Jerome H. Powell; and Daniel K. Tarullo. Statement Regarding Purchases of Treasury Securities and Agency Mortgage-Backed Securities"
2014-06-18,Stanley Fischer,FOR,HOLD,HOLD,COMMITTEE_HOLD,0,,VOTE_ACTION_PROXY,2014-06-18,https://www.federalreserve.gov/newsevents/pressreleases/monetary20140618a.htm,"Voting for the FOMC monetary policy action were: Janet L. Yellen, Chair; William C. Dudley, Vice Chairman; Lael Brainard; Stanley Fischer; Richard W. Fisher; Narayana Kocherlakota; Loretta J. Mester; Charles I. Plosser; Jerome H. Powell; and Daniel K. Tarullo. Statement Regarding Purchases of Treasury Securities and Agency Mortgage-Backed Securities"
2014-06-18,William C. Dudley,FOR,HOLD,HOLD,COMMITTEE_HOLD,0,0,VOTE_ACTION_PROXY,2014-06-18,https://www.federalreserve.gov/newsevents/pressreleases/monetary20140618a.htm,"Voting for the FOMC monetary policy action were: Janet L. Yellen, Chair; William C. Dudley, Vice Chairman; Lael Brainard; Stanley Fischer; Richard W. Fisher; Narayana Kocherlakota; Loretta J. Mester; Charles I. Plosser; Jerome H. Powell; and Daniel K. Tarullo. Statement Regarding Purchases of Treasury Securities and Agency Mortgage-Backed Securities"
2014-09-17,Charles I. Plosser,AGAINST,HOLD,REMOVE_TIME_GUIDANCE,TIGHTER,2,2,VOTE_DISSENT,2014-09-17,https://www.federalreserve.gov/newsevents/pressreleases/monetary20140917a.htm,"Voting for the FOMC monetary policy action were: Janet L. Yellen, Chair; William C. Dudley, Vice Chairman; Lael Brainard; Stanley Fischer; Narayana Kocherlakota; Loretta J. Mester; Jerome H. Powell; and Daniel K. Tarullo. Voting against the action were Richard W. Fisher and Charles I. Plosser. President Fisher believed that the continued strengthening of the real economy, improved outlook for labor utilization and for general price stability, and continued signs of financial market excess, will likely warrant an earlier reduction in monetary accommodation than is suggested by the Committee's stated forward guidance. President Plosser objected to the guidance indicating that it likely will be appropriate to maintain the current target range for the federal funds rate for ""a considerable time after the asset purchase program ends,"" because such language is time dependent and does not reflect the considerable economic progress that has been made toward the Committee's goals. Statement Regarding Purchases of Treasury Securities and Agency Mortgage-Backed Securities"
2014-09-17,Daniel K. Tarullo,FOR,HOLD,HOLD,COMMITTEE_HOLD,0,0,VOTE_ACTION_PROXY,2014-09-17,https://www.federalreserve.gov/newsevents/pressreleases/monetary20140917a.htm,"Voting for the FOMC monetary policy action were: Janet L. Yellen, Chair; William C. Dudley, Vice Chairman; Lael Brainard; Stanley Fischer; Narayana Kocherlakota; Loretta J. Mester; Jerome H. Powell; and Daniel K. Tarullo. Voting against the action were Richard W. Fisher and Charles I. Plosser. President Fisher believed that the continued strengthening of the real economy, improved outlook for labor utilization and for general price stability, and continued signs of financial market excess, will likely warrant an earlier reduction in monetary accommodation than is suggested by the Committee's stated forward guidance. President Plosser objected to the guidance indicating that it likely will be appropriate to maintain the current target range for the federal funds rate for ""a considerable time after the asset purchase program ends,"" because such language is time dependent and does not reflect the considerable economic progress that has been made toward the Committee's goals. Statement Regarding Purchases of Treasury Securities and Agency Mortgage-Backed Securities"
2014-09-17,Janet L. Yellen,FOR,HOLD,HOLD,COMMITTEE_HOLD,0,0,VOTE_ACTION_PROXY,2014-09-17,https://www.federalreserve.gov/newsevents/pressreleases/monetary20140917a.htm,"Voting for the FOMC monetary policy action were: Janet L. Yellen, Chair; William C. Dudley, Vice Chairman; Lael Brainard; Stanley Fischer; Narayana Kocherlakota; Loretta J. Mester; Jerome H. Powell; and Daniel K. Tarullo. Voting against the action were Richard W. Fisher and Charles I. Plosser. President Fisher believed that the continued strengthening of the real economy, improved outlook for labor utilization and for general price stability, and continued signs of financial market excess, will likely warrant an earlier reduction in monetary accommodation than is suggested by the Committee's stated forward guidance. President Plosser objected to the guidance indicating that it likely will be appropriate to maintain the current target range for the federal funds rate for ""a considerable time after the asset purchase program ends,"" because such language is time dependent and does not reflect the considerable economic progress that has been made toward the Committee's goals. Statement Regarding Purchases of Treasury Securities and Agency Mortgage-Backed Securities"
2014-09-17,Jerome H. Powell,FOR,HOLD,HOLD,COMMITTEE_HOLD,0,0,VOTE_ACTION_PROXY,2014-09-17,https://www.federalreserve.gov/newsevents/pressreleases/monetary20140917a.htm,"Voting for the FOMC monetary policy action were: Janet L. Yellen, Chair; William C. Dudley, Vice Chairman; Lael Brainard; Stanley Fischer; Narayana Kocherlakota; Loretta J. Mester; Jerome H. Powell; and Daniel K. Tarullo. Voting against the action were Richard W. Fisher and Charles I. Plosser. President Fisher believed that the continued strengthening of the real economy, improved outlook for labor utilization and for general price stability, and continued signs of financial market excess, will likely warrant an earlier reduction in monetary accommodation than is suggested by the Committee's stated forward guidance. President Plosser objected to the guidance indicating that it likely will be appropriate to maintain the current target range for the federal funds rate for ""a considerable time after the asset purchase program ends,"" because such language is time dependent and does not reflect the considerable economic progress that has been made toward the Committee's goals. Statement Regarding Purchases of Treasury Securities and Agency Mortgage-Backed Securities"
2014-09-17,Lael Brainard,FOR,HOLD,HOLD,COMMITTEE_HOLD,0,0,VOTE_ACTION_PROXY,2014-09-17,https://www.federalreserve.gov/newsevents/pressreleases/monetary20140917a.htm,"Voting for the FOMC monetary policy action were: Janet L. Yellen, Chair; William C. Dudley, Vice Chairman; Lael Brainard; Stanley Fischer; Narayana Kocherlakota; Loretta J. Mester; Jerome H. Powell; and Daniel K. Tarullo. Voting against the action were Richard W. Fisher and Charles I. Plosser. President Fisher believed that the continued strengthening of the real economy, improved outlook for labor utilization and for general price stability, and continued signs of financial market excess, will likely warrant an earlier reduction in monetary accommodation than is suggested by the Committee's stated forward guidance. President Plosser objected to the guidance indicating that it likely will be appropriate to maintain the current target range for the federal funds rate for ""a considerable time after the asset purchase program ends,"" because such language is time dependent and does not reflect the considerable economic progress that has been made toward the Committee's goals. Statement Regarding Purchases of Treasury Securities and Agency Mortgage-Backed Securities"
2014-09-17,Loretta J. Mester,FOR,HOLD,HOLD,COMMITTEE_HOLD,0,0,VOTE_ACTION_PROXY,2014-09-17,https://www.federalreserve.gov/newsevents/pressreleases/monetary20140917a.htm,"Voting for the FOMC monetary policy action were: Janet L. Yellen, Chair; William C. Dudley, Vice Chairman; Lael Brainard; Stanley Fischer; Narayana Kocherlakota; Loretta J. Mester; Jerome H. Powell; and Daniel K. Tarullo. Voting against the action were Richard W. Fisher and Charles I. Plosser. President Fisher believed that the continued strengthening of the real economy, improved outlook for labor utilization and for general price stability, and continued signs of financial market excess, will likely warrant an earlier reduction in monetary accommodation than is suggested by the Committee's stated forward guidance. President Plosser objected to the guidance indicating that it likely will be appropriate to maintain the current target range for the federal funds rate for ""a considerable time after the asset purchase program ends,"" because such language is time dependent and does not reflect the considerable economic progress that has been made toward the Committee's goals. Statement Regarding Purchases of Treasury Securities and Agency Mortgage-Backed Securities"
2014-09-17,Narayana Kocherlakota,FOR,HOLD,HOLD,COMMITTEE_HOLD,0,0,VOTE_ACTION_PROXY,2014-09-17,https://www.federalreserve.gov/newsevents/pressreleases/monetary20140917a.htm,"Voting for the FOMC monetary policy action were: Janet L. Yellen, Chair; William C. Dudley, Vice Chairman; Lael Brainard; Stanley Fischer; Narayana Kocherlakota; Loretta J. Mester; Jerome H. Powell; and Daniel K. Tarullo. Voting against the action were Richard W. Fisher and Charles I. Plosser. President Fisher believed that the continued strengthening of the real economy, improved outlook for labor utilization and for general price stability, and continued signs of financial market excess, will likely warrant an earlier reduction in monetary accommodation than is suggested by the Committee's stated forward guidance. President Plosser objected to the guidance indicating that it likely will be appropriate to maintain the current target range for the federal funds rate for ""a considerable time after the asset purchase program ends,"" because such language is time dependent and does not reflect the considerable economic progress that has been made toward the Committee's goals. Statement Regarding Purchases of Treasury Securities and Agency Mortgage-Backed Securities"
2014-09-17,Richard W. Fisher,AGAINST,HOLD,EARLIER_TIGHTENING,TIGHTER,2,2,VOTE_DISSENT,2014-09-17,https://www.federalreserve.gov/newsevents/pressreleases/monetary20140917a.htm,"Voting for the FOMC monetary policy action were: Janet L. Yellen, Chair; William C. Dudley, Vice Chairman; Lael Brainard; Stanley Fischer; Narayana Kocherlakota; Loretta J. Mester; Jerome H. Powell; and Daniel K. Tarullo. Voting against the action were Richard W. Fisher and Charles I. Plosser. President Fisher believed that the continued strengthening of the real economy, improved outlook for labor utilization and for general price stability, and continued signs of financial market excess, will likely warrant an earlier reduction in monetary accommodation than is suggested by the Committee's stated forward guidance. President Plosser objected to the guidance indicating that it likely will be appropriate to maintain the current target range for the federal funds rate for ""a considerable time after the asset purchase program ends,"" because such language is time dependent and does not reflect the considerable economic progress that has been made toward the Committee's goals. Statement Regarding Purchases of Treasury Securities and Agency Mortgage-Backed Securities"
2014-09-17,Stanley Fischer,FOR,HOLD,HOLD,COMMITTEE_HOLD,0,0,VOTE_ACTION_PROXY,2014-09-17,https://www.federalreserve.gov/newsevents/pressreleases/monetary20140917a.htm,"Voting for the FOMC monetary policy action were: Janet L. Yellen, Chair; William C. Dudley, Vice Chairman; Lael Brainard; Stanley Fischer; Narayana Kocherlakota; Loretta J. Mester; Jerome H. Powell; and Daniel K. Tarullo. Voting against the action were Richard W. Fisher and Charles I. Plosser. President Fisher believed that the continued strengthening of the real economy, improved outlook for labor utilization and for general price stability, and continued signs of financial market excess, will likely warrant an earlier reduction in monetary accommodation than is suggested by the Committee's stated forward guidance. President Plosser objected to the guidance indicating that it likely will be appropriate to maintain the current target range for the federal funds rate for ""a considerable time after the asset purchase program ends,"" because such language is time dependent and does not reflect the considerable economic progress that has been made toward the Committee's goals. Statement Regarding Purchases of Treasury Securities and Agency Mortgage-Backed Securities"
2014-09-17,William C. Dudley,FOR,HOLD,HOLD,COMMITTEE_HOLD,0,0,VOTE_ACTION_PROXY,2014-09-17,https://www.federalreserve.gov/newsevents/pressreleases/monetary20140917a.htm,"Voting for the FOMC monetary policy action were: Janet L. Yellen, Chair; William C. Dudley, Vice Chairman; Lael Brainard; Stanley Fischer; Narayana Kocherlakota; Loretta J. Mester; Jerome H. Powell; and Daniel K. Tarullo. Voting against the action were Richard W. Fisher and Charles I. Plosser. President Fisher believed that the continued strengthening of the real economy, improved outlook for labor utilization and for general price stability, and continued signs of financial market excess, will likely warrant an earlier reduction in monetary accommodation than is suggested by the Committee's stated forward guidance. President Plosser objected to the guidance indicating that it likely will be appropriate to maintain the current target range for the federal funds rate for ""a considerable time after the asset purchase program ends,"" because such language is time dependent and does not reflect the considerable economic progress that has been made toward the Committee's goals. Statement Regarding Purchases of Treasury Securities and Agency Mortgage-Backed Securities"
2014-12-17,Charles I. Plosser,AGAINST,HOLD,LESS_ACCOMMODATIVE_GUIDANCE,TIGHTER,2,0,VOTE_DISSENT,2014-12-17,https://www.federalreserve.gov/newsevents/pressreleases/monetary20141217a.htm,"Voting for the FOMC monetary policy action were: Janet L. Yellen, Chair; William C. Dudley, Vice Chairman; Lael Brainard; Stanley Fischer; Loretta J. Mester; Jerome H. Powell; and Daniel K. Tarullo. Voting against the action were Richard W. Fisher, who believed that, while the Committee should be patient in beginning to normalize monetary policy, improvement in the U.S. economic performance since October has moved forward, further than the majority of the Committee envisions, the date when it will likely be appropriate to increase the federal funds rate; Narayana Kocherlakota, who believed that the Committee's decision, in the context of ongoing low inflation and falling market-based measures of longer-term inflation expectations, created undue downside risk to the credibility of the 2 percent inflation target; and Charles I. Plosser, who believed that the statement should not stress the importance of the passage of time as a key element of its forward guidance and, given the improvement in economic conditions, should not emphasize the consistency of the current forward guidance with previous statements."
2014-12-17,Daniel K. Tarullo,FOR,HOLD,HOLD,COMMITTEE_HOLD,0,0,VOTE_ACTION_PROXY,2014-12-17,https://www.federalreserve.gov/newsevents/pressreleases/monetary20141217a.htm,"Voting for the FOMC monetary policy action were: Janet L. Yellen, Chair; William C. Dudley, Vice Chairman; Lael Brainard; Stanley Fischer; Loretta J. Mester; Jerome H. Powell; and Daniel K. Tarullo. Voting against the action were Richard W. Fisher, who believed that, while the Committee should be patient in beginning to normalize monetary policy, improvement in the U.S. economic performance since October has moved forward, further than the majority of the Committee envisions, the date when it will likely be appropriate to increase the federal funds rate; Narayana Kocherlakota, who believed that the Committee's decision, in the context of ongoing low inflation and falling market-based measures of longer-term inflation expectations, created undue downside risk to the credibility of the 2 percent inflation target; and Charles I. Plosser, who believed that the statement should not stress the importance of the passage of time as a key element of its forward guidance and, given the improvement in economic conditions, should not emphasize the consistency of the current forward guidance with previous statements."
2014-12-17,Janet L. Yellen,FOR,HOLD,HOLD,COMMITTEE_HOLD,0,0,VOTE_ACTION_PROXY,2014-12-17,https://www.federalreserve.gov/newsevents/pressreleases/monetary20141217a.htm,"Voting for the FOMC monetary policy action were: Janet L. Yellen, Chair; William C. Dudley, Vice Chairman; Lael Brainard; Stanley Fischer; Loretta J. Mester; Jerome H. Powell; and Daniel K. Tarullo. Voting against the action were Richard W. Fisher, who believed that, while the Committee should be patient in beginning to normalize monetary policy, improvement in the U.S. economic performance since October has moved forward, further than the majority of the Committee envisions, the date when it will likely be appropriate to increase the federal funds rate; Narayana Kocherlakota, who believed that the Committee's decision, in the context of ongoing low inflation and falling market-based measures of longer-term inflation expectations, created undue downside risk to the credibility of the 2 percent inflation target; and Charles I. Plosser, who believed that the statement should not stress the importance of the passage of time as a key element of its forward guidance and, given the improvement in economic conditions, should not emphasize the consistency of the current forward guidance with previous statements."
2014-12-17,Jerome H. Powell,FOR,HOLD,HOLD,COMMITTEE_HOLD,0,0,VOTE_ACTION_PROXY,2014-12-17,https://www.federalreserve.gov/newsevents/pressreleases/monetary20141217a.htm,"Voting for the FOMC monetary policy action were: Janet L. Yellen, Chair; William C. Dudley, Vice Chairman; Lael Brainard; Stanley Fischer; Loretta J. Mester; Jerome H. Powell; and Daniel K. Tarullo. Voting against the action were Richard W. Fisher, who believed that, while the Committee should be patient in beginning to normalize monetary policy, improvement in the U.S. economic performance since October has moved forward, further than the majority of the Committee envisions, the date when it will likely be appropriate to increase the federal funds rate; Narayana Kocherlakota, who believed that the Committee's decision, in the context of ongoing low inflation and falling market-based measures of longer-term inflation expectations, created undue downside risk to the credibility of the 2 percent inflation target; and Charles I. Plosser, who believed that the statement should not stress the importance of the passage of time as a key element of its forward guidance and, given the improvement in economic conditions, should not emphasize the consistency of the current forward guidance with previous statements."
2014-12-17,Lael Brainard,FOR,HOLD,HOLD,COMMITTEE_HOLD,0,0,VOTE_ACTION_PROXY,2014-12-17,https://www.federalreserve.gov/newsevents/pressreleases/monetary20141217a.htm,"Voting for the FOMC monetary policy action were: Janet L. Yellen, Chair; William C. Dudley, Vice Chairman; Lael Brainard; Stanley Fischer; Loretta J. Mester; Jerome H. Powell; and Daniel K. Tarullo. Voting against the action were Richard W. Fisher, who believed that, while the Committee should be patient in beginning to normalize monetary policy, improvement in the U.S. economic performance since October has moved forward, further than the majority of the Committee envisions, the date when it will likely be appropriate to increase the federal funds rate; Narayana Kocherlakota, who believed that the Committee's decision, in the context of ongoing low inflation and falling market-based measures of longer-term inflation expectations, created undue downside risk to the credibility of the 2 percent inflation target; and Charles I. Plosser, who believed that the statement should not stress the importance of the passage of time as a key element of its forward guidance and, given the improvement in economic conditions, should not emphasize the consistency of the current forward guidance with previous statements."
2014-12-17,Loretta J. Mester,FOR,HOLD,HOLD,COMMITTEE_HOLD,0,0,VOTE_ACTION_PROXY,2014-12-17,https://www.federalreserve.gov/newsevents/pressreleases/monetary20141217a.htm,"Voting for the FOMC monetary policy action were: Janet L. Yellen, Chair; William C. Dudley, Vice Chairman; Lael Brainard; Stanley Fischer; Loretta J. Mester; Jerome H. Powell; and Daniel K. Tarullo. Voting against the action were Richard W. Fisher, who believed that, while the Committee should be patient in beginning to normalize monetary policy, improvement in the U.S. economic performance since October has moved forward, further than the majority of the Committee envisions, the date when it will likely be appropriate to increase the federal funds rate; Narayana Kocherlakota, who believed that the Committee's decision, in the context of ongoing low inflation and falling market-based measures of longer-term inflation expectations, created undue downside risk to the credibility of the 2 percent inflation target; and Charles I. Plosser, who believed that the statement should not stress the importance of the passage of time as a key element of its forward guidance and, given the improvement in economic conditions, should not emphasize the consistency of the current forward guidance with previous statements."
2014-12-17,Narayana Kocherlakota,AGAINST,HOLD,MORE_ACCOMMODATION,EASIER,-2,-2,VOTE_DISSENT,2014-12-17,https://www.federalreserve.gov/newsevents/pressreleases/monetary20141217a.htm,"Voting for the FOMC monetary policy action were: Janet L. Yellen, Chair; William C. Dudley, Vice Chairman; Lael Brainard; Stanley Fischer; Loretta J. Mester; Jerome H. Powell; and Daniel K. Tarullo. Voting against the action were Richard W. Fisher, who believed that, while the Committee should be patient in beginning to normalize monetary policy, improvement in the U.S. economic performance since October has moved forward, further than the majority of the Committee envisions, the date when it will likely be appropriate to increase the federal funds rate; Narayana Kocherlakota, who believed that the Committee's decision, in the context of ongoing low inflation and falling market-based measures of longer-term inflation expectations, created undue downside risk to the credibility of the 2 percent inflation target; and Charles I. Plosser, who believed that the statement should not stress the importance of the passage of time as a key element of its forward guidance and, given the improvement in economic conditions, should not emphasize the consistency of the current forward guidance with previous statements."
2014-12-17,Richard W. Fisher,AGAINST,HOLD,EARLIER_TIGHTENING,TIGHTER,2,0,VOTE_DISSENT,2014-12-17,https://www.federalreserve.gov/newsevents/pressreleases/monetary20141217a.htm,"Voting for the FOMC monetary policy action were: Janet L. Yellen, Chair; William C. Dudley, Vice Chairman; Lael Brainard; Stanley Fischer; Loretta J. Mester; Jerome H. Powell; and Daniel K. Tarullo. Voting against the action were Richard W. Fisher, who believed that, while the Committee should be patient in beginning to normalize monetary policy, improvement in the U.S. economic performance since October has moved forward, further than the majority of the Committee envisions, the date when it will likely be appropriate to increase the federal funds rate; Narayana Kocherlakota, who believed that the Committee's decision, in the context of ongoing low inflation and falling market-based measures of longer-term inflation expectations, created undue downside risk to the credibility of the 2 percent inflation target; and Charles I. Plosser, who believed that the statement should not stress the importance of the passage of time as a key element of its forward guidance and, given the improvement in economic conditions, should not emphasize the consistency of the current forward guidance with previous statements."
2014-12-17,Stanley Fischer,FOR,HOLD,HOLD,COMMITTEE_HOLD,0,0,VOTE_ACTION_PROXY,2014-12-17,https://www.federalreserve.gov/newsevents/pressreleases/monetary20141217a.htm,"Voting for the FOMC monetary policy action were: Janet L. Yellen, Chair; William C. Dudley, Vice Chairman; Lael Brainard; Stanley Fischer; Loretta J. Mester; Jerome H. Powell; and Daniel K. Tarullo. Voting against the action were Richard W. Fisher, who believed that, while the Committee should be patient in beginning to normalize monetary policy, improvement in the U.S. economic performance since October has moved forward, further than the majority of the Committee envisions, the date when it will likely be appropriate to increase the federal funds rate; Narayana Kocherlakota, who believed that the Committee's decision, in the context of ongoing low inflation and falling market-based measures of longer-term inflation expectations, created undue downside risk to the credibility of the 2 percent inflation target; and Charles I. Plosser, who believed that the statement should not stress the importance of the passage of time as a key element of its forward guidance and, given the improvement in economic conditions, should not emphasize the consistency of the current forward guidance with previous statements."
2014-12-17,William C. Dudley,FOR,HOLD,HOLD,COMMITTEE_HOLD,0,0,VOTE_ACTION_PROXY,2014-12-17,https://www.federalreserve.gov/newsevents/pressreleases/monetary20141217a.htm,"Voting for the FOMC monetary policy action were: Janet L. Yellen, Chair; William C. Dudley, Vice Chairman; Lael Brainard; Stanley Fischer; Loretta J. Mester; Jerome H. Powell; and Daniel K. Tarullo. Voting against the action were Richard W. Fisher, who believed that, while the Committee should be patient in beginning to normalize monetary policy, improvement in the U.S. economic performance since October has moved forward, further than the majority of the Committee envisions, the date when it will likely be appropriate to increase the federal funds rate; Narayana Kocherlakota, who believed that the Committee's decision, in the context of ongoing low inflation and falling market-based measures of longer-term inflation expectations, created undue downside risk to the credibility of the 2 percent inflation target; and Charles I. Plosser, who believed that the statement should not stress the importance of the passage of time as a key element of its forward guidance and, given the improvement in economic conditions, should not emphasize the consistency of the current forward guidance with previous statements."
2015-03-18,Charles L. Evans,FOR,HOLD,HOLD,COMMITTEE_HOLD,0,,VOTE_ACTION_PROXY,2015-03-18,https://www.federalreserve.gov/newsevents/pressreleases/monetary20150318a.htm,"Voting for the FOMC monetary policy action were: Janet L. Yellen, Chair; William C. Dudley, Vice Chairman; Lael Brainard; Charles L. Evans; Stanley Fischer; Jeffrey M. Lacker; Dennis P. Lockhart; Jerome H. Powell; Daniel K. Tarullo; and John C. Williams."
2015-03-18,Daniel K. Tarullo,FOR,HOLD,HOLD,COMMITTEE_HOLD,0,0,VOTE_ACTION_PROXY,2015-03-18,https://www.federalreserve.gov/newsevents/pressreleases/monetary20150318a.htm,"Voting for the FOMC monetary policy action were: Janet L. Yellen, Chair; William C. Dudley, Vice Chairman; Lael Brainard; Charles L. Evans; Stanley Fischer; Jeffrey M. Lacker; Dennis P. Lockhart; Jerome H. Powell; Daniel K. Tarullo; and John C. Williams."
2015-03-18,Dennis P. Lockhart,FOR,HOLD,HOLD,COMMITTEE_HOLD,0,,VOTE_ACTION_PROXY,2015-03-18,https://www.federalreserve.gov/newsevents/pressreleases/monetary20150318a.htm,"Voting for the FOMC monetary policy action were: Janet L. Yellen, Chair; William C. Dudley, Vice Chairman; Lael Brainard; Charles L. Evans; Stanley Fischer; Jeffrey M. Lacker; Dennis P. Lockhart; Jerome H. Powell; Daniel K. Tarullo; and John C. Williams."
2015-03-18,Janet L. Yellen,FOR,HOLD,HOLD,COMMITTEE_HOLD,0,0,VOTE_ACTION_PROXY,2015-03-18,https://www.federalreserve.gov/newsevents/pressreleases/monetary20150318a.htm,"Voting for the FOMC monetary policy action were: Janet L. Yellen, Chair; William C. Dudley, Vice Chairman; Lael Brainard; Charles L. Evans; Stanley Fischer; Jeffrey M. Lacker; Dennis P. Lockhart; Jerome H. Powell; Daniel K. Tarullo; and John C. Williams."
2015-03-18,Jeffrey M. Lacker,FOR,HOLD,HOLD,COMMITTEE_HOLD,0,,VOTE_ACTION_PROXY,2015-03-18,https://www.federalreserve.gov/newsevents/pressreleases/monetary20150318a.htm,"Voting for the FOMC monetary policy action were: Janet L. Yellen, Chair; William C. Dudley, Vice Chairman; Lael Brainard; Charles L. Evans; Stanley Fischer; Jeffrey M. Lacker; Dennis P. Lockhart; Jerome H. Powell; Daniel K. Tarullo; and John C. Williams."
2015-03-18,Jerome H. Powell,FOR,HOLD,HOLD,COMMITTEE_HOLD,0,0,VOTE_ACTION_PROXY,2015-03-18,https://www.federalreserve.gov/newsevents/pressreleases/monetary20150318a.htm,"Voting for the FOMC monetary policy action were: Janet L. Yellen, Chair; William C. Dudley, Vice Chairman; Lael Brainard; Charles L. Evans; Stanley Fischer; Jeffrey M. Lacker; Dennis P. Lockhart; Jerome H. Powell; Daniel K. Tarullo; and John C. Williams."
2015-03-18,John C. Williams,FOR,HOLD,HOLD,COMMITTEE_HOLD,0,,VOTE_ACTION_PROXY,2015-03-18,https://www.federalreserve.gov/newsevents/pressreleases/monetary20150318a.htm,"Voting for the FOMC monetary policy action were: Janet L. Yellen, Chair; William C. Dudley, Vice Chairman; Lael Brainard; Charles L. Evans; Stanley Fischer; Jeffrey M. Lacker; Dennis P. Lockhart; Jerome H. Powell; Daniel K. Tarullo; and John C. Williams."
2015-03-18,Lael Brainard,FOR,HOLD,HOLD,COMMITTEE_HOLD,0,0,VOTE_ACTION_PROXY,2015-03-18,https://www.federalreserve.gov/newsevents/pressreleases/monetary20150318a.htm,"Voting for the FOMC monetary policy action were: Janet L. Yellen, Chair; William C. Dudley, Vice Chairman; Lael Brainard; Charles L. Evans; Stanley Fischer; Jeffrey M. Lacker; Dennis P. Lockhart; Jerome H. Powell; Daniel K. Tarullo; and John C. Williams."
2015-03-18,Stanley Fischer,FOR,HOLD,HOLD,COMMITTEE_HOLD,0,0,VOTE_ACTION_PROXY,2015-03-18,https://www.federalreserve.gov/newsevents/pressreleases/monetary20150318a.htm,"Voting for the FOMC monetary policy action were: Janet L. Yellen, Chair; William C. Dudley, Vice Chairman; Lael Brainard; Charles L. Evans; Stanley Fischer; Jeffrey M. Lacker; Dennis P. Lockhart; Jerome H. Powell; Daniel K. Tarullo; and John C. Williams."
2015-03-18,William C. Dudley,FOR,HOLD,HOLD,COMMITTEE_HOLD,0,0,VOTE_ACTION_PROXY,2015-03-18,https://www.federalreserve.gov/newsevents/pressreleases/monetary20150318a.htm,"Voting for the FOMC monetary policy action were: Janet L. Yellen, Chair; William C. Dudley, Vice Chairman; Lael Brainard; Charles L. Evans; Stanley Fischer; Jeffrey M. Lacker; Dennis P. Lockhart; Jerome H. Powell; Daniel K. Tarullo; and John C. Williams."
2015-06-17,Charles L. Evans,FOR,HOLD,HOLD,COMMITTEE_HOLD,0,0,VOTE_ACTION_PROXY,2015-06-17,https://www.federalreserve.gov/newsevents/pressreleases/monetary20150617a.htm,"Voting for the FOMC monetary policy action were: Janet L. Yellen, Chair; William C. Dudley, Vice Chairman; Lael Brainard; Charles L. Evans; Stanley Fischer; Jeffrey M. Lacker; Dennis P. Lockhart; Jerome H. Powell; Daniel K. Tarullo; and John C. Williams."
2015-06-17,Daniel K. Tarullo,FOR,HOLD,HOLD,COMMITTEE_HOLD,0,0,VOTE_ACTION_PROXY,2015-06-17,https://www.federalreserve.gov/newsevents/pressreleases/monetary20150617a.htm,"Voting for the FOMC monetary policy action were: Janet L. Yellen, Chair; William C. Dudley, Vice Chairman; Lael Brainard; Charles L. Evans; Stanley Fischer; Jeffrey M. Lacker; Dennis P. Lockhart; Jerome H. Powell; Daniel K. Tarullo; and John C. Williams."
2015-06-17,Dennis P. Lockhart,FOR,HOLD,HOLD,COMMITTEE_HOLD,0,0,VOTE_ACTION_PROXY,2015-06-17,https://www.federalreserve.gov/newsevents/pressreleases/monetary20150617a.htm,"Voting for the FOMC monetary policy action were: Janet L. Yellen, Chair; William C. Dudley, Vice Chairman; Lael Brainard; Charles L. Evans; Stanley Fischer; Jeffrey M. Lacker; Dennis P. Lockhart; Jerome H. Powell; Daniel K. Tarullo; and John C. Williams."
2015-06-17,Janet L. Yellen,FOR,HOLD,HOLD,COMMITTEE_HOLD,0,0,VOTE_ACTION_PROXY,2015-06-17,https://www.federalreserve.gov/newsevents/pressreleases/monetary20150617a.htm,"Voting for the FOMC monetary policy action were: Janet L. Yellen, Chair; William C. Dudley, Vice Chairman; Lael Brainard; Charles L. Evans; Stanley Fischer; Jeffrey M. Lacker; Dennis P. Lockhart; Jerome H. Powell; Daniel K. Tarullo; and John C. Williams."
2015-06-17,Jeffrey M. Lacker,FOR,HOLD,HOLD,COMMITTEE_HOLD,0,0,VOTE_ACTION_PROXY,2015-06-17,https://www.federalreserve.gov/newsevents/pressreleases/monetary20150617a.htm,"Voting for the FOMC monetary policy action were: Janet L. Yellen, Chair; William C. Dudley, Vice Chairman; Lael Brainard; Charles L. Evans; Stanley Fischer; Jeffrey M. Lacker; Dennis P. Lockhart; Jerome H. Powell; Daniel K. Tarullo; and John C. Williams."
2015-06-17,Jerome H. Powell,FOR,HOLD,HOLD,COMMITTEE_HOLD,0,0,VOTE_ACTION_PROXY,2015-06-17,https://www.federalreserve.gov/newsevents/pressreleases/monetary20150617a.htm,"Voting for the FOMC monetary policy action were: Janet L. Yellen, Chair; William C. Dudley, Vice Chairman; Lael Brainard; Charles L. Evans; Stanley Fischer; Jeffrey M. Lacker; Dennis P. Lockhart; Jerome H. Powell; Daniel K. Tarullo; and John C. Williams."
2015-06-17,John C. Williams,FOR,HOLD,HOLD,COMMITTEE_HOLD,0,0,VOTE_ACTION_PROXY,2015-06-17,https://www.federalreserve.gov/newsevents/pressreleases/monetary20150617a.htm,"Voting for the FOMC monetary policy action were: Janet L. Yellen, Chair; William C. Dudley, Vice Chairman; Lael Brainard; Charles L. Evans; Stanley Fischer; Jeffrey M. Lacker; Dennis P. Lockhart; Jerome H. Powell; Daniel K. Tarullo; and John C. Williams."
2015-06-17,Lael Brainard,FOR,HOLD,HOLD,COMMITTEE_HOLD,0,0,VOTE_ACTION_PROXY,2015-06-17,https://www.federalreserve.gov/newsevents/pressreleases/monetary20150617a.htm,"Voting for the FOMC monetary policy action were: Janet L. Yellen, Chair; William C. Dudley, Vice Chairman; Lael Brainard; Charles L. Evans; Stanley Fischer; Jeffrey M. Lacker; Dennis P. Lockhart; Jerome H. Powell; Daniel K. Tarullo; and John C. Williams."
2015-06-17,Stanley Fischer,FOR,HOLD,HOLD,COMMITTEE_HOLD,0,0,VOTE_ACTION_PROXY,2015-06-17,https://www.federalreserve.gov/newsevents/pressreleases/monetary20150617a.htm,"Voting for the FOMC monetary policy action were: Janet L. Yellen, Chair; William C. Dudley, Vice Chairman; Lael Brainard; Charles L. Evans; Stanley Fischer; Jeffrey M. Lacker; Dennis P. Lockhart; Jerome H. Powell; Daniel K. Tarullo; and John C. Williams."
2015-06-17,William C. Dudley,FOR,HOLD,HOLD,COMMITTEE_HOLD,0,0,VOTE_ACTION_PROXY,2015-06-17,https://www.federalreserve.gov/newsevents/pressreleases/monetary20150617a.htm,"Voting for the FOMC monetary policy action were: Janet L. Yellen, Chair; William C. Dudley, Vice Chairman; Lael Brainard; Charles L. Evans; Stanley Fischer; Jeffrey M. Lacker; Dennis P. Lockhart; Jerome H. Powell; Daniel K. Tarullo; and John C. Williams."
2015-09-17,Charles L. Evans,FOR,HOLD,HOLD,COMMITTEE_HOLD,0,0,VOTE_ACTION_PROXY,2015-09-17,https://www.federalreserve.gov/newsevents/pressreleases/monetary20150917a.htm,"Voting for the FOMC monetary policy action were: Janet L. Yellen, Chair; William C. Dudley, Vice Chairman; Lael Brainard; Charles L. Evans; Stanley Fischer; Dennis P. Lockhart; Jerome H. Powell; Daniel K. Tarullo; and John C. Williams. Voting against the action was Jeffrey M. Lacker, who preferred to raise the target range for the federal funds rate by 25 basis points at this meeting."
2015-09-17,Daniel K. Tarullo,FOR,HOLD,HOLD,COMMITTEE_HOLD,0,0,VOTE_ACTION_PROXY,2015-09-17,https://www.federalreserve.gov/newsevents/pressreleases/monetary20150917a.htm,"Voting for the FOMC monetary policy action were: Janet L. Yellen, Chair; William C. Dudley, Vice Chairman; Lael Brainard; Charles L. Evans; Stanley Fischer; Dennis P. Lockhart; Jerome H. Powell; Daniel K. Tarullo; and John C. Williams. Voting against the action was Jeffrey M. Lacker, who preferred to raise the target range for the federal funds rate by 25 basis points at this meeting."
2015-09-17,Dennis P. Lockhart,FOR,HOLD,HOLD,COMMITTEE_HOLD,0,0,VOTE_ACTION_PROXY,2015-09-17,https://www.federalreserve.gov/newsevents/pressreleases/monetary20150917a.htm,"Voting for the FOMC monetary policy action were: Janet L. Yellen, Chair; William C. Dudley, Vice Chairman; Lael Brainard; Charles L. Evans; Stanley Fischer; Dennis P. Lockhart; Jerome H. Powell; Daniel K. Tarullo; and John C. Williams. Voting against the action was Jeffrey M. Lacker, who preferred to raise the target range for the federal funds rate by 25 basis points at this meeting."
2015-09-17,Janet L. Yellen,FOR,HOLD,HOLD,COMMITTEE_HOLD,0,0,VOTE_ACTION_PROXY,2015-09-17,https://www.federalreserve.gov/newsevents/pressreleases/monetary20150917a.htm,"Voting for the FOMC monetary policy action were: Janet L. Yellen, Chair; William C. Dudley, Vice Chairman; Lael Brainard; Charles L. Evans; Stanley Fischer; Dennis P. Lockhart; Jerome H. Powell; Daniel K. Tarullo; and John C. Williams. Voting against the action was Jeffrey M. Lacker, who preferred to raise the target range for the federal funds rate by 25 basis points at this meeting."
2015-09-17,Jeffrey M. Lacker,AGAINST,HOLD,HIKE_25BP,TIGHTER,2,2,VOTE_DISSENT,2015-09-17,https://www.federalreserve.gov/newsevents/pressreleases/monetary20150917a.htm,"Voting for the FOMC monetary policy action were: Janet L. Yellen, Chair; William C. Dudley, Vice Chairman; Lael Brainard; Charles L. Evans; Stanley Fischer; Dennis P. Lockhart; Jerome H. Powell; Daniel K. Tarullo; and John C. Williams. Voting against the action was Jeffrey M. Lacker, who preferred to raise the target range for the federal funds rate by 25 basis points at this meeting."
2015-09-17,Jerome H. Powell,FOR,HOLD,HOLD,COMMITTEE_HOLD,0,0,VOTE_ACTION_PROXY,2015-09-17,https://www.federalreserve.gov/newsevents/pressreleases/monetary20150917a.htm,"Voting for the FOMC monetary policy action were: Janet L. Yellen, Chair; William C. Dudley, Vice Chairman; Lael Brainard; Charles L. Evans; Stanley Fischer; Dennis P. Lockhart; Jerome H. Powell; Daniel K. Tarullo; and John C. Williams. Voting against the action was Jeffrey M. Lacker, who preferred to raise the target range for the federal funds rate by 25 basis points at this meeting."
2015-09-17,John C. Williams,FOR,HOLD,HOLD,COMMITTEE_HOLD,0,0,VOTE_ACTION_PROXY,2015-09-17,https://www.federalreserve.gov/newsevents/pressreleases/monetary20150917a.htm,"Voting for the FOMC monetary policy action were: Janet L. Yellen, Chair; William C. Dudley, Vice Chairman; Lael Brainard; Charles L. Evans; Stanley Fischer; Dennis P. Lockhart; Jerome H. Powell; Daniel K. Tarullo; and John C. Williams. Voting against the action was Jeffrey M. Lacker, who preferred to raise the target range for the federal funds rate by 25 basis points at this meeting."
2015-09-17,Lael Brainard,FOR,HOLD,HOLD,COMMITTEE_HOLD,0,0,VOTE_ACTION_PROXY,2015-09-17,https://www.federalreserve.gov/newsevents/pressreleases/monetary20150917a.htm,"Voting for the FOMC monetary policy action were: Janet L. Yellen, Chair; William C. Dudley, Vice Chairman; Lael Brainard; Charles L. Evans; Stanley Fischer; Dennis P. Lockhart; Jerome H. Powell; Daniel K. Tarullo; and John C. Williams. Voting against the action was Jeffrey M. Lacker, who preferred to raise the target range for the federal funds rate by 25 basis points at this meeting."
2015-09-17,Stanley Fischer,FOR,HOLD,HOLD,COMMITTEE_HOLD,0,0,VOTE_ACTION_PROXY,2015-09-17,https://www.federalreserve.gov/newsevents/pressreleases/monetary20150917a.htm,"Voting for the FOMC monetary policy action were: Janet L. Yellen, Chair; William C. Dudley, Vice Chairman; Lael Brainard; Charles L. Evans; Stanley Fischer; Dennis P. Lockhart; Jerome H. Powell; Daniel K. Tarullo; and John C. Williams. Voting against the action was Jeffrey M. Lacker, who preferred to raise the target range for the federal funds rate by 25 basis points at this meeting."
2015-09-17,William C. Dudley,FOR,HOLD,HOLD,COMMITTEE_HOLD,0,0,VOTE_ACTION_PROXY,2015-09-17,https://www.federalreserve.gov/newsevents/pressreleases/monetary20150917a.htm,"Voting for the FOMC monetary policy action were: Janet L. Yellen, Chair; William C. Dudley, Vice Chairman; Lael Brainard; Charles L. Evans; Stanley Fischer; Dennis P. Lockhart; Jerome H. Powell; Daniel K. Tarullo; and John C. Williams. Voting against the action was Jeffrey M. Lacker, who preferred to raise the target range for the federal funds rate by 25 basis points at this meeting."
2015-12-16,Charles L. Evans,FOR,HIKE,HIKE,COMMITTEE_HIKE,1,1,VOTE_ACTION_PROXY,2015-12-16,https://www.federalreserve.gov/newsevents/pressreleases/monetary20151216a.htm,"Voting for the FOMC monetary policy action were: Janet L. Yellen, Chair; William C. Dudley, Vice Chairman; Lael Brainard; Charles L. Evans; Stanley Fischer; Jeffrey M. Lacker; Dennis P. Lockhart; Jerome H. Powell; Daniel K. Tarullo; and John C. Williams."
2015-12-16,Daniel K. Tarullo,FOR,HIKE,HIKE,COMMITTEE_HIKE,1,1,VOTE_ACTION_PROXY,2015-12-16,https://www.federalreserve.gov/newsevents/pressreleases/monetary20151216a.htm,"Voting for the FOMC monetary policy action were: Janet L. Yellen, Chair; William C. Dudley, Vice Chairman; Lael Brainard; Charles L. Evans; Stanley Fischer; Jeffrey M. Lacker; Dennis P. Lockhart; Jerome H. Powell; Daniel K. Tarullo; and John C. Williams."
2015-12-16,Dennis P. Lockhart,FOR,HIKE,HIKE,COMMITTEE_HIKE,1,1,VOTE_ACTION_PROXY,2015-12-16,https://www.federalreserve.gov/newsevents/pressreleases/monetary20151216a.htm,"Voting for the FOMC monetary policy action were: Janet L. Yellen, Chair; William C. Dudley, Vice Chairman; Lael Brainard; Charles L. Evans; Stanley Fischer; Jeffrey M. Lacker; Dennis P. Lockhart; Jerome H. Powell; Daniel K. Tarullo; and John C. Williams."
2015-12-16,Janet L. Yellen,FOR,HIKE,HIKE,COMMITTEE_HIKE,1,1,VOTE_ACTION_PROXY,2015-12-16,https://www.federalreserve.gov/newsevents/pressreleases/monetary20151216a.htm,"Voting for the FOMC monetary policy action were: Janet L. Yellen, Chair; William C. Dudley, Vice Chairman; Lael Brainard; Charles L. Evans; Stanley Fischer; Jeffrey M. Lacker; Dennis P. Lockhart; Jerome H. Powell; Daniel K. Tarullo; and John C. Williams."
2015-12-16,Jeffrey M. Lacker,FOR,HIKE,HIKE,COMMITTEE_HIKE,1,-1,VOTE_ACTION_PROXY,2015-12-16,https://www.federalreserve.gov/newsevents/pressreleases/monetary20151216a.htm,"Voting for the FOMC monetary policy action were: Janet L. Yellen, Chair; William C. Dudley, Vice Chairman; Lael Brainard; Charles L. Evans; Stanley Fischer; Jeffrey M. Lacker; Dennis P. Lockhart; Jerome H. Powell; Daniel K. Tarullo; and John C. Williams."
2015-12-16,Jerome H. Powell,FOR,HIKE,HIKE,COMMITTEE_HIKE,1,1,VOTE_ACTION_PROXY,2015-12-16,https://www.federalreserve.gov/newsevents/pressreleases/monetary20151216a.htm,"Voting for the FOMC monetary policy action were: Janet L. Yellen, Chair; William C. Dudley, Vice Chairman; Lael Brainard; Charles L. Evans; Stanley Fischer; Jeffrey M. Lacker; Dennis P. Lockhart; Jerome H. Powell; Daniel K. Tarullo; and John C. Williams."
2015-12-16,John C. Williams,FOR,HIKE,HIKE,COMMITTEE_HIKE,1,1,VOTE_ACTION_PROXY,2015-12-16,https://www.federalreserve.gov/newsevents/pressreleases/monetary20151216a.htm,"Voting for the FOMC monetary policy action were: Janet L. Yellen, Chair; William C. Dudley, Vice Chairman; Lael Brainard; Charles L. Evans; Stanley Fischer; Jeffrey M. Lacker; Dennis P. Lockhart; Jerome H. Powell; Daniel K. Tarullo; and John C. Williams."
2015-12-16,Lael Brainard,FOR,HIKE,HIKE,COMMITTEE_HIKE,1,1,VOTE_ACTION_PROXY,2015-12-16,https://www.federalreserve.gov/newsevents/pressreleases/monetary20151216a.htm,"Voting for the FOMC monetary policy action were: Janet L. Yellen, Chair; William C. Dudley, Vice Chairman; Lael Brainard; Charles L. Evans; Stanley Fischer; Jeffrey M. Lacker; Dennis P. Lockhart; Jerome H. Powell; Daniel K. Tarullo; and John C. Williams."
2015-12-16,Stanley Fischer,FOR,HIKE,HIKE,COMMITTEE_HIKE,1,1,VOTE_ACTION_PROXY,2015-12-16,https://www.federalreserve.gov/newsevents/pressreleases/monetary20151216a.htm,"Voting for the FOMC monetary policy action were: Janet L. Yellen, Chair; William C. Dudley, Vice Chairman; Lael Brainard; Charles L. Evans; Stanley Fischer; Jeffrey M. Lacker; Dennis P. Lockhart; Jerome H. Powell; Daniel K. Tarullo; and John C. Williams."
2015-12-16,William C. Dudley,FOR,HIKE,HIKE,COMMITTEE_HIKE,1,1,VOTE_ACTION_PROXY,2015-12-16,https://www.federalreserve.gov/newsevents/pressreleases/monetary20151216a.htm,"Voting for the FOMC monetary policy action were: Janet L. Yellen, Chair; William C. Dudley, Vice Chairman; Lael Brainard; Charles L. Evans; Stanley Fischer; Jeffrey M. Lacker; Dennis P. Lockhart; Jerome H. Powell; Daniel K. Tarullo; and John C. Williams."
2016-03-16,Daniel K. Tarullo,FOR,HOLD,HOLD,COMMITTEE_HOLD,0,-1,VOTE_ACTION_PROXY,2016-03-16,https://www.federalreserve.gov/newsevents/pressreleases/monetary20160316a.htm,"Voting for the FOMC monetary policy action were: Janet L. Yellen, Chair; William C. Dudley, Vice Chairman; Lael Brainard; James Bullard; Stanley Fischer; Loretta J. Mester; Jerome H. Powell; Eric Rosengren; and Daniel K. Tarullo. Voting against the action was Esther L. George, who preferred at this meeting to raise the target range for the federal funds rate to 1/2 to 3/4 percent. Implementation Note issued March 16, 2016"
2016-03-16,Eric S. Rosengren,FOR,HOLD,HOLD,COMMITTEE_HOLD,0,,VOTE_ACTION_PROXY,2016-03-16,https://www.federalreserve.gov/newsevents/pressreleases/monetary20160316a.htm,"Voting for the FOMC monetary policy action were: Janet L. Yellen, Chair; William C. Dudley, Vice Chairman; Lael Brainard; James Bullard; Stanley Fischer; Loretta J. Mester; Jerome H. Powell; Eric Rosengren; and Daniel K. Tarullo. Voting against the action was Esther L. George, who preferred at this meeting to raise the target range for the federal funds rate to 1/2 to 3/4 percent. Implementation Note issued March 16, 2016"
2016-03-16,Esther L. George,AGAINST,HOLD,HIKE_25BP,TIGHTER,2,,VOTE_DISSENT,2016-03-16,https://www.federalreserve.gov/newsevents/pressreleases/monetary20160316a.htm,"Voting for the FOMC monetary policy action were: Janet L. Yellen, Chair; William C. Dudley, Vice Chairman; Lael Brainard; James Bullard; Stanley Fischer; Loretta J. Mester; Jerome H. Powell; Eric Rosengren; and Daniel K. Tarullo. Voting against the action was Esther L. George, who preferred at this meeting to raise the target range for the federal funds rate to 1/2 to 3/4 percent. Implementation Note issued March 16, 2016"
2016-03-16,James Bullard,FOR,HOLD,HOLD,COMMITTEE_HOLD,0,,VOTE_ACTION_PROXY,2016-03-16,https://www.federalreserve.gov/newsevents/pressreleases/monetary20160316a.htm,"Voting for the FOMC monetary policy action were: Janet L. Yellen, Chair; William C. Dudley, Vice Chairman; Lael Brainard; James Bullard; Stanley Fischer; Loretta J. Mester; Jerome H. Powell; Eric Rosengren; and Daniel K. Tarullo. Voting against the action was Esther L. George, who preferred at this meeting to raise the target range for the federal funds rate to 1/2 to 3/4 percent. Implementation Note issued March 16, 2016"
2016-03-16,Janet L. Yellen,FOR,HOLD,HOLD,COMMITTEE_HOLD,0,-1,VOTE_ACTION_PROXY,2016-03-16,https://www.federalreserve.gov/newsevents/pressreleases/monetary20160316a.htm,"Voting for the FOMC monetary policy action were: Janet L. Yellen, Chair; William C. Dudley, Vice Chairman; Lael Brainard; James Bullard; Stanley Fischer; Loretta J. Mester; Jerome H. Powell; Eric Rosengren; and Daniel K. Tarullo. Voting against the action was Esther L. George, who preferred at this meeting to raise the target range for the federal funds rate to 1/2 to 3/4 percent. Implementation Note issued March 16, 2016"
2016-03-16,Jerome H. Powell,FOR,HOLD,HOLD,COMMITTEE_HOLD,0,-1,VOTE_ACTION_PROXY,2016-03-16,https://www.federalreserve.gov/newsevents/pressreleases/monetary20160316a.htm,"Voting for the FOMC monetary policy action were: Janet L. Yellen, Chair; William C. Dudley, Vice Chairman; Lael Brainard; James Bullard; Stanley Fischer; Loretta J. Mester; Jerome H. Powell; Eric Rosengren; and Daniel K. Tarullo. Voting against the action was Esther L. George, who preferred at this meeting to raise the target range for the federal funds rate to 1/2 to 3/4 percent. Implementation Note issued March 16, 2016"
2016-03-16,Lael Brainard,FOR,HOLD,HOLD,COMMITTEE_HOLD,0,-1,VOTE_ACTION_PROXY,2016-03-16,https://www.federalreserve.gov/newsevents/pressreleases/monetary20160316a.htm,"Voting for the FOMC monetary policy action were: Janet L. Yellen, Chair; William C. Dudley, Vice Chairman; Lael Brainard; James Bullard; Stanley Fischer; Loretta J. Mester; Jerome H. Powell; Eric Rosengren; and Daniel K. Tarullo. Voting against the action was Esther L. George, who preferred at this meeting to raise the target range for the federal funds rate to 1/2 to 3/4 percent. Implementation Note issued March 16, 2016"
2016-03-16,Loretta J. Mester,FOR,HOLD,HOLD,COMMITTEE_HOLD,0,,VOTE_ACTION_PROXY,2016-03-16,https://www.federalreserve.gov/newsevents/pressreleases/monetary20160316a.htm,"Voting for the FOMC monetary policy action were: Janet L. Yellen, Chair; William C. Dudley, Vice Chairman; Lael Brainard; James Bullard; Stanley Fischer; Loretta J. Mester; Jerome H. Powell; Eric Rosengren; and Daniel K. Tarullo. Voting against the action was Esther L. George, who preferred at this meeting to raise the target range for the federal funds rate to 1/2 to 3/4 percent. Implementation Note issued March 16, 2016"
2016-03-16,Stanley Fischer,FOR,HOLD,HOLD,COMMITTEE_HOLD,0,-1,VOTE_ACTION_PROXY,2016-03-16,https://www.federalreserve.gov/newsevents/pressreleases/monetary20160316a.htm,"Voting for the FOMC monetary policy action were: Janet L. Yellen, Chair; William C. Dudley, Vice Chairman; Lael Brainard; James Bullard; Stanley Fischer; Loretta J. Mester; Jerome H. Powell; Eric Rosengren; and Daniel K. Tarullo. Voting against the action was Esther L. George, who preferred at this meeting to raise the target range for the federal funds rate to 1/2 to 3/4 percent. Implementation Note issued March 16, 2016"
2016-03-16,William C. Dudley,FOR,HOLD,HOLD,COMMITTEE_HOLD,0,-1,VOTE_ACTION_PROXY,2016-03-16,https://www.federalreserve.gov/newsevents/pressreleases/monetary20160316a.htm,"Voting for the FOMC monetary policy action were: Janet L. Yellen, Chair; William C. Dudley, Vice Chairman; Lael Brainard; James Bullard; Stanley Fischer; Loretta J. Mester; Jerome H. Powell; Eric Rosengren; and Daniel K. Tarullo. Voting against the action was Esther L. George, who preferred at this meeting to raise the target range for the federal funds rate to 1/2 to 3/4 percent. Implementation Note issued March 16, 2016"
2016-06-15,Eric S. Rosengren,FOR,HOLD,HOLD,COMMITTEE_HOLD,0,0,VOTE_ACTION_PROXY,2016-06-15,https://www.federalreserve.gov/newsevents/pressreleases/monetary20160615a.htm,"Voting for the FOMC monetary policy action were: Janet L. Yellen, Chair; William C. Dudley, Vice Chairman; Lael Brainard; James Bullard; Stanley Fischer; Esther L. George; Loretta J. Mester; Jerome H. Powell; Eric Rosengren; and Daniel K. Tarullo. Implementation Note issued June 15, 2016"
2016-06-15,Esther L. George,FOR,HOLD,HOLD,COMMITTEE_HOLD,0,-2,VOTE_ACTION_PROXY,2016-06-15,https://www.federalreserve.gov/newsevents/pressreleases/monetary20160615a.htm,"Voting for the FOMC monetary policy action were: Janet L. Yellen, Chair; William C. Dudley, Vice Chairman; Lael Brainard; James Bullard; Stanley Fischer; Esther L. George; Loretta J. Mester; Jerome H. Powell; Eric Rosengren; and Daniel K. Tarullo. Implementation Note issued June 15, 2016"
2016-06-15,James Bullard,FOR,HOLD,HOLD,COMMITTEE_HOLD,0,0,VOTE_ACTION_PROXY,2016-06-15,https://www.federalreserve.gov/newsevents/pressreleases/monetary20160615a.htm,"Voting for the FOMC monetary policy action were: Janet L. Yellen, Chair; William C. Dudley, Vice Chairman; Lael Brainard; James Bullard; Stanley Fischer; Esther L. George; Loretta J. Mester; Jerome H. Powell; Eric Rosengren; and Daniel K. Tarullo. Implementation Note issued June 15, 2016"
2016-06-15,Janet L. Yellen,FOR,HOLD,HOLD,COMMITTEE_HOLD,0,0,VOTE_ACTION_PROXY,2016-06-15,https://www.federalreserve.gov/newsevents/pressreleases/monetary20160615a.htm,"Voting for the FOMC monetary policy action were: Janet L. Yellen, Chair; William C. Dudley, Vice Chairman; Lael Brainard; James Bullard; Stanley Fischer; Esther L. George; Loretta J. Mester; Jerome H. Powell; Eric Rosengren; and Daniel K. Tarullo. Implementation Note issued June 15, 2016"
2016-06-15,Jerome H. Powell,FOR,HOLD,HOLD,COMMITTEE_HOLD,0,0,VOTE_ACTION_PROXY,2016-06-15,https://www.federalreserve.gov/newsevents/pressreleases/monetary20160615a.htm,"Voting for the FOMC monetary policy action were: Janet L. Yellen, Chair; William C. Dudley, Vice Chairman; Lael Brainard; James Bullard; Stanley Fischer; Esther L. George; Loretta J. Mester; Jerome H. Powell; Eric Rosengren; and Daniel K. Tarullo. Implementation Note issued June 15, 2016"
2016-06-15,Lael Brainard,FOR,HOLD,HOLD,COMMITTEE_HOLD,0,0,VOTE_ACTION_PROXY,2016-06-15,https://www.federalreserve.gov/newsevents/pressreleases/monetary20160615a.htm,"Voting for the FOMC monetary policy action were: Janet L. Yellen, Chair; William C. Dudley, Vice Chairman; Lael Brainard; James Bullard; Stanley Fischer; Esther L. George; Loretta J. Mester; Jerome H. Powell; Eric Rosengren; and Daniel K. Tarullo. Implementation Note issued June 15, 2016"
2016-06-15,Loretta J. Mester,FOR,HOLD,HOLD,COMMITTEE_HOLD,0,0,VOTE_ACTION_PROXY,2016-06-15,https://www.federalreserve.gov/newsevents/pressreleases/monetary20160615a.htm,"Voting for the FOMC monetary policy action were: Janet L. Yellen, Chair; William C. Dudley, Vice Chairman; Lael Brainard; James Bullard; Stanley Fischer; Esther L. George; Loretta J. Mester; Jerome H. Powell; Eric Rosengren; and Daniel K. Tarullo. Implementation Note issued June 15, 2016"
2016-06-15,Stanley Fischer,FOR,HOLD,HOLD,COMMITTEE_HOLD,0,0,VOTE_ACTION_PROXY,2016-06-15,https://www.federalreserve.gov/newsevents/pressreleases/monetary20160615a.htm,"Voting for the FOMC monetary policy action were: Janet L. Yellen, Chair; William C. Dudley, Vice Chairman; Lael Brainard; James Bullard; Stanley Fischer; Esther L. George; Loretta J. Mester; Jerome H. Powell; Eric Rosengren; and Daniel K. Tarullo. Implementation Note issued June 15, 2016"
2016-06-15,William C. Dudley,FOR,HOLD,HOLD,COMMITTEE_HOLD,0,0,VOTE_ACTION_PROXY,2016-06-15,https://www.federalreserve.gov/newsevents/pressreleases/monetary20160615a.htm,"Voting for the FOMC monetary policy action were: Janet L. Yellen, Chair; William C. Dudley, Vice Chairman; Lael Brainard; James Bullard; Stanley Fischer; Esther L. George; Loretta J. Mester; Jerome H. Powell; Eric Rosengren; and Daniel K. Tarullo. Implementation Note issued June 15, 2016"
2016-09-21,Daniel K. Tarullo,FOR,HOLD,HOLD,COMMITTEE_HOLD,0,,VOTE_ACTION_PROXY,2016-09-21,https://www.federalreserve.gov/newsevents/pressreleases/monetary20160921a.htm,"Voting for the FOMC monetary policy action were: Janet L. Yellen, Chair; William C. Dudley, Vice Chairman; Lael Brainard; James Bullard; Stanley Fischer; Jerome H. Powell; and Daniel K. Tarullo. Voting against the action were: Esther L. George, Loretta J. Mester, and Eric Rosengren, each of whom preferred at this meeting to raise the target range for the federal funds rate to 1/2 to 3/4 percent. Implementation Note issued September 21, 2016"
2016-09-21,Eric S. Rosengren,AGAINST,HOLD,HIKE_25BP,TIGHTER,2,2,VOTE_DISSENT,2016-09-21,https://www.federalreserve.gov/newsevents/pressreleases/monetary20160921a.htm,"Voting for the FOMC monetary policy action were: Janet L. Yellen, Chair; William C. Dudley, Vice Chairman; Lael Brainard; James Bullard; Stanley Fischer; Jerome H. Powell; and Daniel K. Tarullo. Voting against the action were: Esther L. George, Loretta J. Mester, and Eric Rosengren, each of whom preferred at this meeting to raise the target range for the federal funds rate to 1/2 to 3/4 percent. Implementation Note issued September 21, 2016"
2016-09-21,Esther L. George,AGAINST,HOLD,HIKE_25BP,TIGHTER,2,2,VOTE_DISSENT,2016-09-21,https://www.federalreserve.gov/newsevents/pressreleases/monetary20160921a.htm,"Voting for the FOMC monetary policy action were: Janet L. Yellen, Chair; William C. Dudley, Vice Chairman; Lael Brainard; James Bullard; Stanley Fischer; Jerome H. Powell; and Daniel K. Tarullo. Voting against the action were: Esther L. George, Loretta J. Mester, and Eric Rosengren, each of whom preferred at this meeting to raise the target range for the federal funds rate to 1/2 to 3/4 percent. Implementation Note issued September 21, 2016"
2016-09-21,James Bullard,FOR,HOLD,HOLD,COMMITTEE_HOLD,0,0,VOTE_ACTION_PROXY,2016-09-21,https://www.federalreserve.gov/newsevents/pressreleases/monetary20160921a.htm,"Voting for the FOMC monetary policy action were: Janet L. Yellen, Chair; William C. Dudley, Vice Chairman; Lael Brainard; James Bullard; Stanley Fischer; Jerome H. Powell; and Daniel K. Tarullo. Voting against the action were: Esther L. George, Loretta J. Mester, and Eric Rosengren, each of whom preferred at this meeting to raise the target range for the federal funds rate to 1/2 to 3/4 percent. Implementation Note issued September 21, 2016"
2016-09-21,Janet L. Yellen,FOR,HOLD,HOLD,COMMITTEE_HOLD,0,0,VOTE_ACTION_PROXY,2016-09-21,https://www.federalreserve.gov/newsevents/pressreleases/monetary20160921a.htm,"Voting for the FOMC monetary policy action were: Janet L. Yellen, Chair; William C. Dudley, Vice Chairman; Lael Brainard; James Bullard; Stanley Fischer; Jerome H. Powell; and Daniel K. Tarullo. Voting against the action were: Esther L. George, Loretta J. Mester, and Eric Rosengren, each of whom preferred at this meeting to raise the target range for the federal funds rate to 1/2 to 3/4 percent. Implementation Note issued September 21, 2016"
2016-09-21,Jerome H. Powell,FOR,HOLD,HOLD,COMMITTEE_HOLD,0,0,VOTE_ACTION_PROXY,2016-09-21,https://www.federalreserve.gov/newsevents/pressreleases/monetary20160921a.htm,"Voting for the FOMC monetary policy action were: Janet L. Yellen, Chair; William C. Dudley, Vice Chairman; Lael Brainard; James Bullard; Stanley Fischer; Jerome H. Powell; and Daniel K. Tarullo. Voting against the action were: Esther L. George, Loretta J. Mester, and Eric Rosengren, each of whom preferred at this meeting to raise the target range for the federal funds rate to 1/2 to 3/4 percent. Implementation Note issued September 21, 2016"
2016-09-21,Lael Brainard,FOR,HOLD,HOLD,COMMITTEE_HOLD,0,0,VOTE_ACTION_PROXY,2016-09-21,https://www.federalreserve.gov/newsevents/pressreleases/monetary20160921a.htm,"Voting for the FOMC monetary policy action were: Janet L. Yellen, Chair; William C. Dudley, Vice Chairman; Lael Brainard; James Bullard; Stanley Fischer; Jerome H. Powell; and Daniel K. Tarullo. Voting against the action were: Esther L. George, Loretta J. Mester, and Eric Rosengren, each of whom preferred at this meeting to raise the target range for the federal funds rate to 1/2 to 3/4 percent. Implementation Note issued September 21, 2016"
2016-09-21,Loretta J. Mester,AGAINST,HOLD,HIKE_25BP,TIGHTER,2,2,VOTE_DISSENT,2016-09-21,https://www.federalreserve.gov/newsevents/pressreleases/monetary20160921a.htm,"Voting for the FOMC monetary policy action were: Janet L. Yellen, Chair; William C. Dudley, Vice Chairman; Lael Brainard; James Bullard; Stanley Fischer; Jerome H. Powell; and Daniel K. Tarullo. Voting against the action were: Esther L. George, Loretta J. Mester, and Eric Rosengren, each of whom preferred at this meeting to raise the target range for the federal funds rate to 1/2 to 3/4 percent. Implementation Note issued September 21, 2016"
2016-09-21,Stanley Fischer,FOR,HOLD,HOLD,COMMITTEE_HOLD,0,0,VOTE_ACTION_PROXY,2016-09-21,https://www.federalreserve.gov/newsevents/pressreleases/monetary20160921a.htm,"Voting for the FOMC monetary policy action were: Janet L. Yellen, Chair; William C. Dudley, Vice Chairman; Lael Brainard; James Bullard; Stanley Fischer; Jerome H. Powell; and Daniel K. Tarullo. Voting against the action were: Esther L. George, Loretta J. Mester, and Eric Rosengren, each of whom preferred at this meeting to raise the target range for the federal funds rate to 1/2 to 3/4 percent. Implementation Note issued September 21, 2016"
2016-09-21,William C. Dudley,FOR,HOLD,HOLD,COMMITTEE_HOLD,0,0,VOTE_ACTION_PROXY,2016-09-21,https://www.federalreserve.gov/newsevents/pressreleases/monetary20160921a.htm,"Voting for the FOMC monetary policy action were: Janet L. Yellen, Chair; William C. Dudley, Vice Chairman; Lael Brainard; James Bullard; Stanley Fischer; Jerome H. Powell; and Daniel K. Tarullo. Voting against the action were: Esther L. George, Loretta J. Mester, and Eric Rosengren, each of whom preferred at this meeting to raise the target range for the federal funds rate to 1/2 to 3/4 percent. Implementation Note issued September 21, 2016"
2016-12-14,Eric S. Rosengren,FOR,HIKE,HIKE,COMMITTEE_HIKE,1,-1,VOTE_ACTION_PROXY,2016-12-14,https://www.federalreserve.gov/newsevents/pressreleases/monetary20161214a.htm,"Voting for the FOMC monetary policy action were: Janet L. Yellen, Chair; William C. Dudley, Vice Chairman; Lael Brainard; James Bullard; Stanley Fischer; Esther L. George; Loretta J. Mester; Jerome H. Powell; Eric Rosengren; and Daniel K. Tarullo. Implementation Note issued December 14, 2016"
2016-12-14,Esther L. George,FOR,HIKE,HIKE,COMMITTEE_HIKE,1,-1,VOTE_ACTION_PROXY,2016-12-14,https://www.federalreserve.gov/newsevents/pressreleases/monetary20161214a.htm,"Voting for the FOMC monetary policy action were: Janet L. Yellen, Chair; William C. Dudley, Vice Chairman; Lael Brainard; James Bullard; Stanley Fischer; Esther L. George; Loretta J. Mester; Jerome H. Powell; Eric Rosengren; and Daniel K. Tarullo. Implementation Note issued December 14, 2016"
2016-12-14,James Bullard,FOR,HIKE,HIKE,COMMITTEE_HIKE,1,1,VOTE_ACTION_PROXY,2016-12-14,https://www.federalreserve.gov/newsevents/pressreleases/monetary20161214a.htm,"Voting for the FOMC monetary policy action were: Janet L. Yellen, Chair; William C. Dudley, Vice Chairman; Lael Brainard; James Bullard; Stanley Fischer; Esther L. George; Loretta J. Mester; Jerome H. Powell; Eric Rosengren; and Daniel K. Tarullo. Implementation Note issued December 14, 2016"
2016-12-14,Janet L. Yellen,FOR,HIKE,HIKE,COMMITTEE_HIKE,1,1,VOTE_ACTION_PROXY,2016-12-14,https://www.federalreserve.gov/newsevents/pressreleases/monetary20161214a.htm,"Voting for the FOMC monetary policy action were: Janet L. Yellen, Chair; William C. Dudley, Vice Chairman; Lael Brainard; James Bullard; Stanley Fischer; Esther L. George; Loretta J. Mester; Jerome H. Powell; Eric Rosengren; and Daniel K. Tarullo. Implementation Note issued December 14, 2016"
2016-12-14,Jerome H. Powell,FOR,HIKE,HIKE,COMMITTEE_HIKE,1,1,VOTE_ACTION_PROXY,2016-12-14,https://www.federalreserve.gov/newsevents/pressreleases/monetary20161214a.htm,"Voting for the FOMC monetary policy action were: Janet L. Yellen, Chair; William C. Dudley, Vice Chairman; Lael Brainard; James Bullard; Stanley Fischer; Esther L. George; Loretta J. Mester; Jerome H. Powell; Eric Rosengren; and Daniel K. Tarullo. Implementation Note issued December 14, 2016"
2016-12-14,Lael Brainard,FOR,HIKE,HIKE,COMMITTEE_HIKE,1,1,VOTE_ACTION_PROXY,2016-12-14,https://www.federalreserve.gov/newsevents/pressreleases/monetary20161214a.htm,"Voting for the FOMC monetary policy action were: Janet L. Yellen, Chair; William C. Dudley, Vice Chairman; Lael Brainard; James Bullard; Stanley Fischer; Esther L. George; Loretta J. Mester; Jerome H. Powell; Eric Rosengren; and Daniel K. Tarullo. Implementation Note issued December 14, 2016"
2016-12-14,Loretta J. Mester,FOR,HIKE,HIKE,COMMITTEE_HIKE,1,-1,VOTE_ACTION_PROXY,2016-12-14,https://www.federalreserve.gov/newsevents/pressreleases/monetary20161214a.htm,"Voting for the FOMC monetary policy action were: Janet L. Yellen, Chair; William C. Dudley, Vice Chairman; Lael Brainard; James Bullard; Stanley Fischer; Esther L. George; Loretta J. Mester; Jerome H. Powell; Eric Rosengren; and Daniel K. Tarullo. Implementation Note issued December 14, 2016"
2016-12-14,Stanley Fischer,FOR,HIKE,HIKE,COMMITTEE_HIKE,1,1,VOTE_ACTION_PROXY,2016-12-14,https://www.federalreserve.gov/newsevents/pressreleases/monetary20161214a.htm,"Voting for the FOMC monetary policy action were: Janet L. Yellen, Chair; William C. Dudley, Vice Chairman; Lael Brainard; James Bullard; Stanley Fischer; Esther L. George; Loretta J. Mester; Jerome H. Powell; Eric Rosengren; and Daniel K. Tarullo. Implementation Note issued December 14, 2016"
2016-12-14,William C. Dudley,FOR,HIKE,HIKE,COMMITTEE_HIKE,1,1,VOTE_ACTION_PROXY,2016-12-14,https://www.federalreserve.gov/newsevents/pressreleases/monetary20161214a.htm,"Voting for the FOMC monetary policy action were: Janet L. Yellen, Chair; William C. Dudley, Vice Chairman; Lael Brainard; James Bullard; Stanley Fischer; Esther L. George; Loretta J. Mester; Jerome H. Powell; Eric Rosengren; and Daniel K. Tarullo. Implementation Note issued December 14, 2016"
2017-03-15,Charles L. Evans,FOR,HIKE,HIKE,COMMITTEE_HIKE,1,,VOTE_ACTION_PROXY,2017-03-15,https://www.federalreserve.gov/newsevents/pressreleases/monetary20170315a.htm,"Voting for the FOMC monetary policy action were: Janet L. Yellen, Chair; William C. Dudley, Vice Chairman; Lael Brainard; Charles L. Evans; Stanley Fischer; Patrick Harker; Robert S. Kaplan; Jerome H. Powell; and Daniel K. Tarullo. Voting against the action was Neel Kashkari, who preferred at this meeting to maintain the existing target range for the federal funds rate. Implementation Note issued March 15, 2017"
2017-03-15,Daniel K. Tarullo,FOR,HIKE,HIKE,COMMITTEE_HIKE,1,,VOTE_ACTION_PROXY,2017-03-15,https://www.federalreserve.gov/newsevents/pressreleases/monetary20170315a.htm,"Voting for the FOMC monetary policy action were: Janet L. Yellen, Chair; William C. Dudley, Vice Chairman; Lael Brainard; Charles L. Evans; Stanley Fischer; Patrick Harker; Robert S. Kaplan; Jerome H. Powell; and Daniel K. Tarullo. Voting against the action was Neel Kashkari, who preferred at this meeting to maintain the existing target range for the federal funds rate. Implementation Note issued March 15, 2017"
2017-03-15,Janet L. Yellen,FOR,HIKE,HIKE,COMMITTEE_HIKE,1,0,VOTE_ACTION_PROXY,2017-03-15,https://www.federalreserve.gov/newsevents/pressreleases/monetary20170315a.htm,"Voting for the FOMC monetary policy action were: Janet L. Yellen, Chair; William C. Dudley, Vice Chairman; Lael Brainard; Charles L. Evans; Stanley Fischer; Patrick Harker; Robert S. Kaplan; Jerome H. Powell; and Daniel K. Tarullo. Voting against the action was Neel Kashkari, who preferred at this meeting to maintain the existing target range for the federal funds rate. Implementation Note issued March 15, 2017"
2017-03-15,Jerome H. Powell,FOR,HIKE,HIKE,COMMITTEE_HIKE,1,0,VOTE_ACTION_PROXY,2017-03-15,https://www.federalreserve.gov/newsevents/pressreleases/monetary20170315a.htm,"Voting for the FOMC monetary policy action were: Janet L. Yellen, Chair; William C. Dudley, Vice Chairman; Lael Brainard; Charles L. Evans; Stanley Fischer; Patrick Harker; Robert S. Kaplan; Jerome H. Powell; and Daniel K. Tarullo. Voting against the action was Neel Kashkari, who preferred at this meeting to maintain the existing target range for the federal funds rate. Implementation Note issued March 15, 2017"
2017-03-15,Lael Brainard,FOR,HIKE,HIKE,COMMITTEE_HIKE,1,0,VOTE_ACTION_PROXY,2017-03-15,https://www.federalreserve.gov/newsevents/pressreleases/monetary20170315a.htm,"Voting for the FOMC monetary policy action were: Janet L. Yellen, Chair; William C. Dudley, Vice Chairman; Lael Brainard; Charles L. Evans; Stanley Fischer; Patrick Harker; Robert S. Kaplan; Jerome H. Powell; and Daniel K. Tarullo. Voting against the action was Neel Kashkari, who preferred at this meeting to maintain the existing target range for the federal funds rate. Implementation Note issued March 15, 2017"
2017-03-15,Neel Kashkari,AGAINST,HIKE,HOLD,EASIER,-2,,VOTE_DISSENT,2017-03-15,https://www.federalreserve.gov/newsevents/pressreleases/monetary20170315a.htm,"Voting for the FOMC monetary policy action were: Janet L. Yellen, Chair; William C. Dudley, Vice Chairman; Lael Brainard; Charles L. Evans; Stanley Fischer; Patrick Harker; Robert S. Kaplan; Jerome H. Powell; and Daniel K. Tarullo. Voting against the action was Neel Kashkari, who preferred at this meeting to maintain the existing target range for the federal funds rate. Implementation Note issued March 15, 2017"
2017-03-15,Patrick Harker,FOR,HIKE,HIKE,COMMITTEE_HIKE,1,,VOTE_ACTION_PROXY,2017-03-15,https://www.federalreserve.gov/newsevents/pressreleases/monetary20170315a.htm,"Voting for the FOMC monetary policy action were: Janet L. Yellen, Chair; William C. Dudley, Vice Chairman; Lael Brainard; Charles L. Evans; Stanley Fischer; Patrick Harker; Robert S. Kaplan; Jerome H. Powell; and Daniel K. Tarullo. Voting against the action was Neel Kashkari, who preferred at this meeting to maintain the existing target range for the federal funds rate. Implementation Note issued March 15, 2017"
2017-03-15,Robert S. Kaplan,FOR,HIKE,HIKE,COMMITTEE_HIKE,1,,VOTE_ACTION_PROXY,2017-03-15,https://www.federalreserve.gov/newsevents/pressreleases/monetary20170315a.htm,"Voting for the FOMC monetary policy action were: Janet L. Yellen, Chair; William C. Dudley, Vice Chairman; Lael Brainard; Charles L. Evans; Stanley Fischer; Patrick Harker; Robert S. Kaplan; Jerome H. Powell; and Daniel K. Tarullo. Voting against the action was Neel Kashkari, who preferred at this meeting to maintain the existing target range for the federal funds rate. Implementation Note issued March 15, 2017"
2017-03-15,Stanley Fischer,FOR,HIKE,HIKE,COMMITTEE_HIKE,1,0,VOTE_ACTION_PROXY,2017-03-15,https://www.federalreserve.gov/newsevents/pressreleases/monetary20170315a.htm,"Voting for the FOMC monetary policy action were: Janet L. Yellen, Chair; William C. Dudley, Vice Chairman; Lael Brainard; Charles L. Evans; Stanley Fischer; Patrick Harker; Robert S. Kaplan; Jerome H. Powell; and Daniel K. Tarullo. Voting against the action was Neel Kashkari, who preferred at this meeting to maintain the existing target range for the federal funds rate. Implementation Note issued March 15, 2017"
2017-03-15,William C. Dudley,FOR,HIKE,HIKE,COMMITTEE_HIKE,1,0,VOTE_ACTION_PROXY,2017-03-15,https://www.federalreserve.gov/newsevents/pressreleases/monetary20170315a.htm,"Voting for the FOMC monetary policy action were: Janet L. Yellen, Chair; William C. Dudley, Vice Chairman; Lael Brainard; Charles L. Evans; Stanley Fischer; Patrick Harker; Robert S. Kaplan; Jerome H. Powell; and Daniel K. Tarullo. Voting against the action was Neel Kashkari, who preferred at this meeting to maintain the existing target range for the federal funds rate. Implementation Note issued March 15, 2017"
2017-06-14,Charles L. Evans,FOR,HIKE,HIKE,COMMITTEE_HIKE,1,0,VOTE_ACTION_PROXY,2017-06-14,https://www.federalreserve.gov/newsevents/pressreleases/monetary20170614a.htm,"Voting for the FOMC monetary policy action were: Janet L. Yellen, Chair; William C. Dudley, Vice Chairman; Lael Brainard; Charles L. Evans; Stanley Fischer; Patrick Harker; Robert S. Kaplan; and Jerome H. Powell. Voting against the action was Neel Kashkari, who preferred at this meeting to maintain the existing target range for the federal funds rate. Implementation Note issued June 14, 2017"
2017-06-14,Janet L. Yellen,FOR,HIKE,HIKE,COMMITTEE_HIKE,1,0,VOTE_ACTION_PROXY,2017-06-14,https://www.federalreserve.gov/newsevents/pressreleases/monetary20170614a.htm,"Voting for the FOMC monetary policy action were: Janet L. Yellen, Chair; William C. Dudley, Vice Chairman; Lael Brainard; Charles L. Evans; Stanley Fischer; Patrick Harker; Robert S. Kaplan; and Jerome H. Powell. Voting against the action was Neel Kashkari, who preferred at this meeting to maintain the existing target range for the federal funds rate. Implementation Note issued June 14, 2017"
2017-06-14,Jerome H. Powell,FOR,HIKE,HIKE,COMMITTEE_HIKE,1,0,VOTE_ACTION_PROXY,2017-06-14,https://www.federalreserve.gov/newsevents/pressreleases/monetary20170614a.htm,"Voting for the FOMC monetary policy action were: Janet L. Yellen, Chair; William C. Dudley, Vice Chairman; Lael Brainard; Charles L. Evans; Stanley Fischer; Patrick Harker; Robert S. Kaplan; and Jerome H. Powell. Voting against the action was Neel Kashkari, who preferred at this meeting to maintain the existing target range for the federal funds rate. Implementation Note issued June 14, 2017"
2017-06-14,Lael Brainard,FOR,HIKE,HIKE,COMMITTEE_HIKE,1,0,VOTE_ACTION_PROXY,2017-06-14,https://www.federalreserve.gov/newsevents/pressreleases/monetary20170614a.htm,"Voting for the FOMC monetary policy action were: Janet L. Yellen, Chair; William C. Dudley, Vice Chairman; Lael Brainard; Charles L. Evans; Stanley Fischer; Patrick Harker; Robert S. Kaplan; and Jerome H. Powell. Voting against the action was Neel Kashkari, who preferred at this meeting to maintain the existing target range for the federal funds rate. Implementation Note issued June 14, 2017"
2017-06-14,Neel Kashkari,AGAINST,HIKE,HOLD,EASIER,-2,0,VOTE_DISSENT,2017-06-14,https://www.federalreserve.gov/newsevents/pressreleases/monetary20170614a.htm,"Voting for the FOMC monetary policy action were: Janet L. Yellen, Chair; William C. Dudley, Vice Chairman; Lael Brainard; Charles L. Evans; Stanley Fischer; Patrick Harker; Robert S. Kaplan; and Jerome H. Powell. Voting against the action was Neel Kashkari, who preferred at this meeting to maintain the existing target range for the federal funds rate. Implementation Note issued June 14, 2017"
2017-06-14,Patrick Harker,FOR,HIKE,HIKE,COMMITTEE_HIKE,1,0,VOTE_ACTION_PROXY,2017-06-14,https://www.federalreserve.gov/newsevents/pressreleases/monetary20170614a.htm,"Voting for the FOMC monetary policy action were: Janet L. Yellen, Chair; William C. Dudley, Vice Chairman; Lael Brainard; Charles L. Evans; Stanley Fischer; Patrick Harker; Robert S. Kaplan; and Jerome H. Powell. Voting against the action was Neel Kashkari, who preferred at this meeting to maintain the existing target range for the federal funds rate. Implementation Note issued June 14, 2017"
2017-06-14,Robert S. Kaplan,FOR,HIKE,HIKE,COMMITTEE_HIKE,1,0,VOTE_ACTION_PROXY,2017-06-14,https://www.federalreserve.gov/newsevents/pressreleases/monetary20170614a.htm,"Voting for the FOMC monetary policy action were: Janet L. Yellen, Chair; William C. Dudley, Vice Chairman; Lael Brainard; Charles L. Evans; Stanley Fischer; Patrick Harker; Robert S. Kaplan; and Jerome H. Powell. Voting against the action was Neel Kashkari, who preferred at this meeting to maintain the existing target range for the federal funds rate. Implementation Note issued June 14, 2017"
2017-06-14,Stanley Fischer,FOR,HIKE,HIKE,COMMITTEE_HIKE,1,0,VOTE_ACTION_PROXY,2017-06-14,https://www.federalreserve.gov/newsevents/pressreleases/monetary20170614a.htm,"Voting for the FOMC monetary policy action were: Janet L. Yellen, Chair; William C. Dudley, Vice Chairman; Lael Brainard; Charles L. Evans; Stanley Fischer; Patrick Harker; Robert S. Kaplan; and Jerome H. Powell. Voting against the action was Neel Kashkari, who preferred at this meeting to maintain the existing target range for the federal funds rate. Implementation Note issued June 14, 2017"
2017-06-14,William C. Dudley,FOR,HIKE,HIKE,COMMITTEE_HIKE,1,0,VOTE_ACTION_PROXY,2017-06-14,https://www.federalreserve.gov/newsevents/pressreleases/monetary20170614a.htm,"Voting for the FOMC monetary policy action were: Janet L. Yellen, Chair; William C. Dudley, Vice Chairman; Lael Brainard; Charles L. Evans; Stanley Fischer; Patrick Harker; Robert S. Kaplan; and Jerome H. Powell. Voting against the action was Neel Kashkari, who preferred at this meeting to maintain the existing target range for the federal funds rate. Implementation Note issued June 14, 2017"
2017-09-20,Charles L. Evans,FOR,HOLD,HOLD,COMMITTEE_HOLD,0,-1,VOTE_ACTION_PROXY,2017-09-20,https://www.federalreserve.gov/newsevents/pressreleases/monetary20170920a.htm,"Voting for the FOMC monetary policy action were: Janet L. Yellen, Chair; William C. Dudley, Vice Chairman; Lael Brainard; Charles L. Evans; Stanley Fischer; Patrick Harker; Robert S. Kaplan; Neel Kashkari; and Jerome H. Powell. Implementation Note issued September 20, 2017"
2017-09-20,Janet L. Yellen,FOR,HOLD,HOLD,COMMITTEE_HOLD,0,-1,VOTE_ACTION_PROXY,2017-09-20,https://www.federalreserve.gov/newsevents/pressreleases/monetary20170920a.htm,"Voting for the FOMC monetary policy action were: Janet L. Yellen, Chair; William C. Dudley, Vice Chairman; Lael Brainard; Charles L. Evans; Stanley Fischer; Patrick Harker; Robert S. Kaplan; Neel Kashkari; and Jerome H. Powell. Implementation Note issued September 20, 2017"
2017-09-20,Lael Brainard,FOR,HOLD,HOLD,COMMITTEE_HOLD,0,-1,VOTE_ACTION_PROXY,2017-09-20,https://www.federalreserve.gov/newsevents/pressreleases/monetary20170920a.htm,"Voting for the FOMC monetary policy action were: Janet L. Yellen, Chair; William C. Dudley, Vice Chairman; Lael Brainard; Charles L. Evans; Stanley Fischer; Patrick Harker; Robert S. Kaplan; Neel Kashkari; and Jerome H. Powell. Implementation Note issued September 20, 2017"
2017-09-20,Neel Kashkari,FOR,HOLD,HOLD,COMMITTEE_HOLD,0,2,VOTE_ACTION_PROXY,2017-09-20,https://www.federalreserve.gov/newsevents/pressreleases/monetary20170920a.htm,"Voting for the FOMC monetary policy action were: Janet L. Yellen, Chair; William C. Dudley, Vice Chairman; Lael Brainard; Charles L. Evans; Stanley Fischer; Patrick Harker; Robert S. Kaplan; Neel Kashkari; and Jerome H. Powell. Implementation Note issued September 20, 2017"
2017-09-20,Patrick Harker,FOR,HOLD,HOLD,COMMITTEE_HOLD,0,-1,VOTE_ACTION_PROXY,2017-09-20,https://www.federalreserve.gov/newsevents/pressreleases/monetary20170920a.htm,"Voting for the FOMC monetary policy action were: Janet L. Yellen, Chair; William C. Dudley, Vice Chairman; Lael Brainard; Charles L. Evans; Stanley Fischer; Patrick Harker; Robert S. Kaplan; Neel Kashkari; and Jerome H. Powell. Implementation Note issued September 20, 2017"
2017-09-20,Robert S. Kaplan,FOR,HOLD,HOLD,COMMITTEE_HOLD,0,-1,VOTE_ACTION_PROXY,2017-09-20,https://www.federalreserve.gov/newsevents/pressreleases/monetary20170920a.htm,"Voting for the FOMC monetary policy action were: Janet L. Yellen, Chair; William C. Dudley, Vice Chairman; Lael Brainard; Charles L. Evans; Stanley Fischer; Patrick Harker; Robert S. Kaplan; Neel Kashkari; and Jerome H. Powell. Implementation Note issued September 20, 2017"
2017-09-20,Stanley Fischer,FOR,HOLD,HOLD,COMMITTEE_HOLD,0,-1,VOTE_ACTION_PROXY,2017-09-20,https://www.federalreserve.gov/newsevents/pressreleases/monetary20170920a.htm,"Voting for the FOMC monetary policy action were: Janet L. Yellen, Chair; William C. Dudley, Vice Chairman; Lael Brainard; Charles L. Evans; Stanley Fischer; Patrick Harker; Robert S. Kaplan; Neel Kashkari; and Jerome H. Powell. Implementation Note issued September 20, 2017"
2017-09-20,William C. Dudley,FOR,HOLD,HOLD,COMMITTEE_HOLD,0,-1,VOTE_ACTION_PROXY,2017-09-20,https://www.federalreserve.gov/newsevents/pressreleases/monetary20170920a.htm,"Voting for the FOMC monetary policy action were: Janet L. Yellen, Chair; William C. Dudley, Vice Chairman; Lael Brainard; Charles L. Evans; Stanley Fischer; Patrick Harker; Robert S. Kaplan; Neel Kashkari; and Jerome H. Powell. Implementation Note issued September 20, 2017"
2017-12-13,Charles L. Evans,AGAINST,HIKE,HOLD,EASIER,-2,-2,VOTE_DISSENT,2017-12-13,https://www.federalreserve.gov/newsevents/pressreleases/monetary20171213a.htm,"Voting for the FOMC monetary policy action were Janet L. Yellen, Chair; William C. Dudley, Vice Chairman; Lael Brainard; Patrick Harker; Robert S. Kaplan; Jerome H. Powell; and Randal K. Quarles. Voting against the action were Charles L. Evans and Neel Kashkari, who preferred at this meeting to maintain the existing target range for the federal funds rate. Implementation Note issued December 13, 2017"
2017-12-13,Janet L. Yellen,FOR,HIKE,HIKE,COMMITTEE_HIKE,1,1,VOTE_ACTION_PROXY,2017-12-13,https://www.federalreserve.gov/newsevents/pressreleases/monetary20171213a.htm,"Voting for the FOMC monetary policy action were Janet L. Yellen, Chair; William C. Dudley, Vice Chairman; Lael Brainard; Patrick Harker; Robert S. Kaplan; Jerome H. Powell; and Randal K. Quarles. Voting against the action were Charles L. Evans and Neel Kashkari, who preferred at this meeting to maintain the existing target range for the federal funds rate. Implementation Note issued December 13, 2017"
2017-12-13,Jerome H. Powell,FOR,HIKE,HIKE,COMMITTEE_HIKE,1,,VOTE_ACTION_PROXY,2017-12-13,https://www.federalreserve.gov/newsevents/pressreleases/monetary20171213a.htm,"Voting for the FOMC monetary policy action were Janet L. Yellen, Chair; William C. Dudley, Vice Chairman; Lael Brainard; Patrick Harker; Robert S. Kaplan; Jerome H. Powell; and Randal K. Quarles. Voting against the action were Charles L. Evans and Neel Kashkari, who preferred at this meeting to maintain the existing target range for the federal funds rate. Implementation Note issued December 13, 2017"
2017-12-13,Lael Brainard,FOR,HIKE,HIKE,COMMITTEE_HIKE,1,1,VOTE_ACTION_PROXY,2017-12-13,https://www.federalreserve.gov/newsevents/pressreleases/monetary20171213a.htm,"Voting for the FOMC monetary policy action were Janet L. Yellen, Chair; William C. Dudley, Vice Chairman; Lael Brainard; Patrick Harker; Robert S. Kaplan; Jerome H. Powell; and Randal K. Quarles. Voting against the action were Charles L. Evans and Neel Kashkari, who preferred at this meeting to maintain the existing target range for the federal funds rate. Implementation Note issued December 13, 2017"
2017-12-13,Neel Kashkari,AGAINST,HIKE,HOLD,EASIER,-2,-2,VOTE_DISSENT,2017-12-13,https://www.federalreserve.gov/newsevents/pressreleases/monetary20171213a.htm,"Voting for the FOMC monetary policy action were Janet L. Yellen, Chair; William C. Dudley, Vice Chairman; Lael Brainard; Patrick Harker; Robert S. Kaplan; Jerome H. Powell; and Randal K. Quarles. Voting against the action were Charles L. Evans and Neel Kashkari, who preferred at this meeting to maintain the existing target range for the federal funds rate. Implementation Note issued December 13, 2017"
2017-12-13,Patrick Harker,FOR,HIKE,HIKE,COMMITTEE_HIKE,1,1,VOTE_ACTION_PROXY,2017-12-13,https://www.federalreserve.gov/newsevents/pressreleases/monetary20171213a.htm,"Voting for the FOMC monetary policy action were Janet L. Yellen, Chair; William C. Dudley, Vice Chairman; Lael Brainard; Patrick Harker; Robert S. Kaplan; Jerome H. Powell; and Randal K. Quarles. Voting against the action were Charles L. Evans and Neel Kashkari, who preferred at this meeting to maintain the existing target range for the federal funds rate. Implementation Note issued December 13, 2017"
2017-12-13,Randal K. Quarles,FOR,HIKE,HIKE,COMMITTEE_HIKE,1,,VOTE_ACTION_PROXY,2017-12-13,https://www.federalreserve.gov/newsevents/pressreleases/monetary20171213a.htm,"Voting for the FOMC monetary policy action were Janet L. Yellen, Chair; William C. Dudley, Vice Chairman; Lael Brainard; Patrick Harker; Robert S. Kaplan; Jerome H. Powell; and Randal K. Quarles. Voting against the action were Charles L. Evans and Neel Kashkari, who preferred at this meeting to maintain the existing target range for the federal funds rate. Implementation Note issued December 13, 2017"
2017-12-13,Robert S. Kaplan,FOR,HIKE,HIKE,COMMITTEE_HIKE,1,1,VOTE_ACTION_PROXY,2017-12-13,https://www.federalreserve.gov/newsevents/pressreleases/monetary20171213a.htm,"Voting for the FOMC monetary policy action were Janet L. Yellen, Chair; William C. Dudley, Vice Chairman; Lael Brainard; Patrick Harker; Robert S. Kaplan; Jerome H. Powell; and Randal K. Quarles. Voting against the action were Charles L. Evans and Neel Kashkari, who preferred at this meeting to maintain the existing target range for the federal funds rate. Implementation Note issued December 13, 2017"
2017-12-13,William C. Dudley,FOR,HIKE,HIKE,COMMITTEE_HIKE,1,1,VOTE_ACTION_PROXY,2017-12-13,https://www.federalreserve.gov/newsevents/pressreleases/monetary20171213a.htm,"Voting for the FOMC monetary policy action were Janet L. Yellen, Chair; William C. Dudley, Vice Chairman; Lael Brainard; Patrick Harker; Robert S. Kaplan; Jerome H. Powell; and Randal K. Quarles. Voting against the action were Charles L. Evans and Neel Kashkari, who preferred at this meeting to maintain the existing target range for the federal funds rate. Implementation Note issued December 13, 2017"
2018-03-21,Jerome H. Powell,FOR,HIKE,HIKE,COMMITTEE_HIKE,1,0,VOTE_ACTION_PROXY,2018-03-21,https://www.federalreserve.gov/newsevents/pressreleases/monetary20180321a.htm,"Voting for the FOMC monetary policy action were Jerome H. Powell, Chairman; William C. Dudley, Vice Chairman; Thomas I. Barkin; Raphael W. Bostic; Lael Brainard; Loretta J. Mester; Randal K. Quarles; and John C. Williams. Implementation Note issued March 21, 2018"
2018-03-21,Lael Brainard,FOR,HIKE,HIKE,COMMITTEE_HIKE,1,0,VOTE_ACTION_PROXY,2018-03-21,https://www.federalreserve.gov/newsevents/pressreleases/monetary20180321a.htm,"Voting for the FOMC monetary policy action were Jerome H. Powell, Chairman; William C. Dudley, Vice Chairman; Thomas I. Barkin; Raphael W. Bostic; Lael Brainard; Loretta J. Mester; Randal K. Quarles; and John C. Williams. Implementation Note issued March 21, 2018"
2018-03-21,Loretta J. Mester,FOR,HIKE,HIKE,COMMITTEE_HIKE,1,,VOTE_ACTION_PROXY,2018-03-21,https://www.federalreserve.gov/newsevents/pressreleases/monetary20180321a.htm,"Voting for the FOMC monetary policy action were Jerome H. Powell, Chairman; William C. Dudley, Vice Chairman; Thomas I. Barkin; Raphael W. Bostic; Lael Brainard; Loretta J. Mester; Randal K. Quarles; and John C. Williams. Implementation Note issued March 21, 2018"
2018-03-21,Randal K. Quarles,FOR,HIKE,HIKE,COMMITTEE_HIKE,1,0,VOTE_ACTION_PROXY,2018-03-21,https://www.federalreserve.gov/newsevents/pressreleases/monetary20180321a.htm,"Voting for the FOMC monetary policy action were Jerome H. Powell, Chairman; William C. Dudley, Vice Chairman; Thomas I. Barkin; Raphael W. Bostic; Lael Brainard; Loretta J. Mester; Randal K. Quarles; and John C. Williams. Implementation Note issued March 21, 2018"
2018-03-21,Raphael W. Bostic,FOR,HIKE,HIKE,COMMITTEE_HIKE,1,,VOTE_ACTION_PROXY,2018-03-21,https://www.federalreserve.gov/newsevents/pressreleases/monetary20180321a.htm,"Voting for the FOMC monetary policy action were Jerome H. Powell, Chairman; William C. Dudley, Vice Chairman; Thomas I. Barkin; Raphael W. Bostic; Lael Brainard; Loretta J. Mester; Randal K. Quarles; and John C. Williams. Implementation Note issued March 21, 2018"
2018-03-21,Thomas I. Barkin,FOR,HIKE,HIKE,COMMITTEE_HIKE,1,,VOTE_ACTION_PROXY,2018-03-21,https://www.federalreserve.gov/newsevents/pressreleases/monetary20180321a.htm,"Voting for the FOMC monetary policy action were Jerome H. Powell, Chairman; William C. Dudley, Vice Chairman; Thomas I. Barkin; Raphael W. Bostic; Lael Brainard; Loretta J. Mester; Randal K. Quarles; and John C. Williams. Implementation Note issued March 21, 2018"
2018-03-21,William C. Dudley,FOR,HIKE,HIKE,COMMITTEE_HIKE,1,0,VOTE_ACTION_PROXY,2018-03-21,https://www.federalreserve.gov/newsevents/pressreleases/monetary20180321a.htm,"Voting for the FOMC monetary policy action were Jerome H. Powell, Chairman; William C. Dudley, Vice Chairman; Thomas I. Barkin; Raphael W. Bostic; Lael Brainard; Loretta J. Mester; Randal K. Quarles; and John C. Williams. Implementation Note issued March 21, 2018"
2018-06-13,Jerome H. Powell,FOR,HIKE,HIKE,COMMITTEE_HIKE,1,0,VOTE_ACTION_PROXY,2018-06-13,https://www.federalreserve.gov/newsevents/pressreleases/monetary20180613a.htm,"Voting for the FOMC monetary policy action were Jerome H. Powell, Chairman; William C. Dudley, Vice Chairman; Thomas I. Barkin; Raphael W. Bostic; Lael Brainard; Loretta J. Mester; Randal K. Quarles; and John C. Williams. Implementation Note issued June 13, 2018"
2018-06-13,Lael Brainard,FOR,HIKE,HIKE,COMMITTEE_HIKE,1,0,VOTE_ACTION_PROXY,2018-06-13,https://www.federalreserve.gov/newsevents/pressreleases/monetary20180613a.htm,"Voting for the FOMC monetary policy action were Jerome H. Powell, Chairman; William C. Dudley, Vice Chairman; Thomas I. Barkin; Raphael W. Bostic; Lael Brainard; Loretta J. Mester; Randal K. Quarles; and John C. Williams. Implementation Note issued June 13, 2018"
2018-06-13,Loretta J. Mester,FOR,HIKE,HIKE,COMMITTEE_HIKE,1,0,VOTE_ACTION_PROXY,2018-06-13,https://www.federalreserve.gov/newsevents/pressreleases/monetary20180613a.htm,"Voting for the FOMC monetary policy action were Jerome H. Powell, Chairman; William C. Dudley, Vice Chairman; Thomas I. Barkin; Raphael W. Bostic; Lael Brainard; Loretta J. Mester; Randal K. Quarles; and John C. Williams. Implementation Note issued June 13, 2018"
2018-06-13,Randal K. Quarles,FOR,HIKE,HIKE,COMMITTEE_HIKE,1,0,VOTE_ACTION_PROXY,2018-06-13,https://www.federalreserve.gov/newsevents/pressreleases/monetary20180613a.htm,"Voting for the FOMC monetary policy action were Jerome H. Powell, Chairman; William C. Dudley, Vice Chairman; Thomas I. Barkin; Raphael W. Bostic; Lael Brainard; Loretta J. Mester; Randal K. Quarles; and John C. Williams. Implementation Note issued June 13, 2018"
2018-06-13,Raphael W. Bostic,FOR,HIKE,HIKE,COMMITTEE_HIKE,1,0,VOTE_ACTION_PROXY,2018-06-13,https://www.federalreserve.gov/newsevents/pressreleases/monetary20180613a.htm,"Voting for the FOMC monetary policy action were Jerome H. Powell, Chairman; William C. Dudley, Vice Chairman; Thomas I. Barkin; Raphael W. Bostic; Lael Brainard; Loretta J. Mester; Randal K. Quarles; and John C. Williams. Implementation Note issued June 13, 2018"
2018-06-13,Thomas I. Barkin,FOR,HIKE,HIKE,COMMITTEE_HIKE,1,0,VOTE_ACTION_PROXY,2018-06-13,https://www.federalreserve.gov/newsevents/pressreleases/monetary20180613a.htm,"Voting for the FOMC monetary policy action were Jerome H. Powell, Chairman; William C. Dudley, Vice Chairman; Thomas I. Barkin; Raphael W. Bostic; Lael Brainard; Loretta J. Mester; Randal K. Quarles; and John C. Williams. Implementation Note issued June 13, 2018"
2018-06-13,William C. Dudley,FOR,HIKE,HIKE,COMMITTEE_HIKE,1,0,VOTE_ACTION_PROXY,2018-06-13,https://www.federalreserve.gov/newsevents/pressreleases/monetary20180613a.htm,"Voting for the FOMC monetary policy action were Jerome H. Powell, Chairman; William C. Dudley, Vice Chairman; Thomas I. Barkin; Raphael W. Bostic; Lael Brainard; Loretta J. Mester; Randal K. Quarles; and John C. Williams. Implementation Note issued June 13, 2018"
2018-09-26,Esther L. George,FOR,HIKE,HIKE,COMMITTEE_HIKE,1,,VOTE_ACTION_PROXY,2018-09-26,https://www.federalreserve.gov/newsevents/pressreleases/monetary20180926a.htm,"Voting for the FOMC monetary policy action were: Jerome H. Powell, Chairman; John C. Williams, Vice Chairman; Thomas I. Barkin; Raphael W. Bostic; Lael Brainard; Richard H. Clarida; Esther L. George; Loretta J. Mester; and Randal K. Quarles. Implementation Note issued September 26, 2018"
2018-09-26,Jerome H. Powell,FOR,HIKE,HIKE,COMMITTEE_HIKE,1,0,VOTE_ACTION_PROXY,2018-09-26,https://www.federalreserve.gov/newsevents/pressreleases/monetary20180926a.htm,"Voting for the FOMC monetary policy action were: Jerome H. Powell, Chairman; John C. Williams, Vice Chairman; Thomas I. Barkin; Raphael W. Bostic; Lael Brainard; Richard H. Clarida; Esther L. George; Loretta J. Mester; and Randal K. Quarles. Implementation Note issued September 26, 2018"
2018-09-26,John C. Williams,FOR,HIKE,HIKE,COMMITTEE_HIKE,1,,VOTE_ACTION_PROXY,2018-09-26,https://www.federalreserve.gov/newsevents/pressreleases/monetary20180926a.htm,"Voting for the FOMC monetary policy action were: Jerome H. Powell, Chairman; John C. Williams, Vice Chairman; Thomas I. Barkin; Raphael W. Bostic; Lael Brainard; Richard H. Clarida; Esther L. George; Loretta J. Mester; and Randal K. Quarles. Implementation Note issued September 26, 2018"
2018-09-26,Lael Brainard,FOR,HIKE,HIKE,COMMITTEE_HIKE,1,0,VOTE_ACTION_PROXY,2018-09-26,https://www.federalreserve.gov/newsevents/pressreleases/monetary20180926a.htm,"Voting for the FOMC monetary policy action were: Jerome H. Powell, Chairman; John C. Williams, Vice Chairman; Thomas I. Barkin; Raphael W. Bostic; Lael Brainard; Richard H. Clarida; Esther L. George; Loretta J. Mester; and Randal K. Quarles. Implementation Note issued September 26, 2018"
2018-09-26,Loretta J. Mester,FOR,HIKE,HIKE,COMMITTEE_HIKE,1,0,VOTE_ACTION_PROXY,2018-09-26,https://www.federalreserve.gov/newsevents/pressreleases/monetary20180926a.htm,"Voting for the FOMC monetary policy action were: Jerome H. Powell, Chairman; John C. Williams, Vice Chairman; Thomas I. Barkin; Raphael W. Bostic; Lael Brainard; Richard H. Clarida; Esther L. George; Loretta J. Mester; and Randal K. Quarles. Implementation Note issued September 26, 2018"
2018-09-26,Raphael W. Bostic,FOR,HIKE,HIKE,COMMITTEE_HIKE,1,0,VOTE_ACTION_PROXY,2018-09-26,https://www.federalreserve.gov/newsevents/pressreleases/monetary20180926a.htm,"Voting for the FOMC monetary policy action were: Jerome H. Powell, Chairman; John C. Williams, Vice Chairman; Thomas I. Barkin; Raphael W. Bostic; Lael Brainard; Richard H. Clarida; Esther L. George; Loretta J. Mester; and Randal K. Quarles. Implementation Note issued September 26, 2018"
2018-09-26,Richard H. Clarida,FOR,HIKE,HIKE,COMMITTEE_HIKE,1,,VOTE_ACTION_PROXY,2018-09-26,https://www.federalreserve.gov/newsevents/pressreleases/monetary20180926a.htm,"Voting for the FOMC monetary policy action were: Jerome H. Powell, Chairman; John C. Williams, Vice Chairman; Thomas I. Barkin; Raphael W. Bostic; Lael Brainard; Richard H. Clarida; Esther L. George; Loretta J. Mester; and Randal K. Quarles. Implementation Note issued September 26, 2018"
2018-09-26,Thomas I. Barkin,FOR,HIKE,HIKE,COMMITTEE_HIKE,1,0,VOTE_ACTION_PROXY,2018-09-26,https://www.federalreserve.gov/newsevents/pressreleases/monetary20180926a.htm,"Voting for the FOMC monetary policy action were: Jerome H. Powell, Chairman; John C. Williams, Vice Chairman; Thomas I. Barkin; Raphael W. Bostic; Lael Brainard; Richard H. Clarida; Esther L. George; Loretta J. Mester; and Randal K. Quarles. Implementation Note issued September 26, 2018"
2018-12-19,Jerome H. Powell,FOR,HIKE,HIKE,COMMITTEE_HIKE,1,0,VOTE_ACTION_PROXY,2018-12-19,https://www.federalreserve.gov/newsevents/pressreleases/monetary20181219a.htm,"Voting for the FOMC monetary policy action were: Jerome H. Powell, Chairman; John C. Williams, Vice Chairman; Thomas I. Barkin; Raphael W. Bostic; Michelle W. Bowman; Lael Brainard; Richard H. Clarida; Mary C. Daly; Loretta J. Mester; and Randal K. Quarles. Implementation Note issued December 19, 2018"
2018-12-19,John C. Williams,FOR,HIKE,HIKE,COMMITTEE_HIKE,1,0,VOTE_ACTION_PROXY,2018-12-19,https://www.federalreserve.gov/newsevents/pressreleases/monetary20181219a.htm,"Voting for the FOMC monetary policy action were: Jerome H. Powell, Chairman; John C. Williams, Vice Chairman; Thomas I. Barkin; Raphael W. Bostic; Michelle W. Bowman; Lael Brainard; Richard H. Clarida; Mary C. Daly; Loretta J. Mester; and Randal K. Quarles. Implementation Note issued December 19, 2018"
2018-12-19,Lael Brainard,FOR,HIKE,HIKE,COMMITTEE_HIKE,1,0,VOTE_ACTION_PROXY,2018-12-19,https://www.federalreserve.gov/newsevents/pressreleases/monetary20181219a.htm,"Voting for the FOMC monetary policy action were: Jerome H. Powell, Chairman; John C. Williams, Vice Chairman; Thomas I. Barkin; Raphael W. Bostic; Michelle W. Bowman; Lael Brainard; Richard H. Clarida; Mary C. Daly; Loretta J. Mester; and Randal K. Quarles. Implementation Note issued December 19, 2018"
2018-12-19,Loretta J. Mester,FOR,HIKE,HIKE,COMMITTEE_HIKE,1,0,VOTE_ACTION_PROXY,2018-12-19,https://www.federalreserve.gov/newsevents/pressreleases/monetary20181219a.htm,"Voting for the FOMC monetary policy action were: Jerome H. Powell, Chairman; John C. Williams, Vice Chairman; Thomas I. Barkin; Raphael W. Bostic; Michelle W. Bowman; Lael Brainard; Richard H. Clarida; Mary C. Daly; Loretta J. Mester; and Randal K. Quarles. Implementation Note issued December 19, 2018"
2018-12-19,Mary C. Daly,FOR,HIKE,HIKE,COMMITTEE_HIKE,1,,VOTE_ACTION_PROXY,2018-12-19,https://www.federalreserve.gov/newsevents/pressreleases/monetary20181219a.htm,"Voting for the FOMC monetary policy action were: Jerome H. Powell, Chairman; John C. Williams, Vice Chairman; Thomas I. Barkin; Raphael W. Bostic; Michelle W. Bowman; Lael Brainard; Richard H. Clarida; Mary C. Daly; Loretta J. Mester; and Randal K. Quarles. Implementation Note issued December 19, 2018"
2018-12-19,Michelle W. Bowman,FOR,HIKE,HIKE,COMMITTEE_HIKE,1,,VOTE_ACTION_PROXY,2018-12-19,https://www.federalreserve.gov/newsevents/pressreleases/monetary20181219a.htm,"Voting for the FOMC monetary policy action were: Jerome H. Powell, Chairman; John C. Williams, Vice Chairman; Thomas I. Barkin; Raphael W. Bostic; Michelle W. Bowman; Lael Brainard; Richard H. Clarida; Mary C. Daly; Loretta J. Mester; and Randal K. Quarles. Implementation Note issued December 19, 2018"
2018-12-19,Raphael W. Bostic,FOR,HIKE,HIKE,COMMITTEE_HIKE,1,0,VOTE_ACTION_PROXY,2018-12-19,https://www.federalreserve.gov/newsevents/pressreleases/monetary20181219a.htm,"Voting for the FOMC monetary policy action were: Jerome H. Powell, Chairman; John C. Williams, Vice Chairman; Thomas I. Barkin; Raphael W. Bostic; Michelle W. Bowman; Lael Brainard; Richard H. Clarida; Mary C. Daly; Loretta J. Mester; and Randal K. Quarles. Implementation Note issued December 19, 2018"
2018-12-19,Richard H. Clarida,FOR,HIKE,HIKE,COMMITTEE_HIKE,1,0,VOTE_ACTION_PROXY,2018-12-19,https://www.federalreserve.gov/newsevents/pressreleases/monetary20181219a.htm,"Voting for the FOMC monetary policy action were: Jerome H. Powell, Chairman; John C. Williams, Vice Chairman; Thomas I. Barkin; Raphael W. Bostic; Michelle W. Bowman; Lael Brainard; Richard H. Clarida; Mary C. Daly; Loretta J. Mester; and Randal K. Quarles. Implementation Note issued December 19, 2018"
2018-12-19,Thomas I. Barkin,FOR,HIKE,HIKE,COMMITTEE_HIKE,1,0,VOTE_ACTION_PROXY,2018-12-19,https://www.federalreserve.gov/newsevents/pressreleases/monetary20181219a.htm,"Voting for the FOMC monetary policy action were: Jerome H. Powell, Chairman; John C. Williams, Vice Chairman; Thomas I. Barkin; Raphael W. Bostic; Michelle W. Bowman; Lael Brainard; Richard H. Clarida; Mary C. Daly; Loretta J. Mester; and Randal K. Quarles. Implementation Note issued December 19, 2018"
2019-03-20,Charles L. Evans,FOR,HOLD,HOLD,COMMITTEE_HOLD,0,,VOTE_ACTION_PROXY,2019-03-20,https://www.federalreserve.gov/newsevents/pressreleases/monetary20190320a.htm,"Voting for the FOMC monetary policy action were: Jerome H. Powell, Chairman; John C. Williams, Vice Chairman; Michelle W. Bowman; Lael Brainard; James Bullard; Richard H. Clarida; Charles L. Evans; Esther L. George; Randal K. Quarles; and Eric S. Rosengren. Implementation Note issued March 20, 2019"
2019-03-20,Esther L. George,FOR,HOLD,HOLD,COMMITTEE_HOLD,0,,VOTE_ACTION_PROXY,2019-03-20,https://www.federalreserve.gov/newsevents/pressreleases/monetary20190320a.htm,"Voting for the FOMC monetary policy action were: Jerome H. Powell, Chairman; John C. Williams, Vice Chairman; Michelle W. Bowman; Lael Brainard; James Bullard; Richard H. Clarida; Charles L. Evans; Esther L. George; Randal K. Quarles; and Eric S. Rosengren. Implementation Note issued March 20, 2019"
2019-03-20,James Bullard,FOR,HOLD,HOLD,COMMITTEE_HOLD,0,,VOTE_ACTION_PROXY,2019-03-20,https://www.federalreserve.gov/newsevents/pressreleases/monetary20190320a.htm,"Voting for the FOMC monetary policy action were: Jerome H. Powell, Chairman; John C. Williams, Vice Chairman; Michelle W. Bowman; Lael Brainard; James Bullard; Richard H. Clarida; Charles L. Evans; Esther L. George; Randal K. Quarles; and Eric S. Rosengren. Implementation Note issued March 20, 2019"
2019-03-20,Jerome H. Powell,FOR,HOLD,HOLD,COMMITTEE_HOLD,0,-1,VOTE_ACTION_PROXY,2019-03-20,https://www.federalreserve.gov/newsevents/pressreleases/monetary20190320a.htm,"Voting for the FOMC monetary policy action were: Jerome H. Powell, Chairman; John C. Williams, Vice Chairman; Michelle W. Bowman; Lael Brainard; James Bullard; Richard H. Clarida; Charles L. Evans; Esther L. George; Randal K. Quarles; and Eric S. Rosengren. Implementation Note issued March 20, 2019"
2019-03-20,John C. Williams,FOR,HOLD,HOLD,COMMITTEE_HOLD,0,-1,VOTE_ACTION_PROXY,2019-03-20,https://www.federalreserve.gov/newsevents/pressreleases/monetary20190320a.htm,"Voting for the FOMC monetary policy action were: Jerome H. Powell, Chairman; John C. Williams, Vice Chairman; Michelle W. Bowman; Lael Brainard; James Bullard; Richard H. Clarida; Charles L. Evans; Esther L. George; Randal K. Quarles; and Eric S. Rosengren. Implementation Note issued March 20, 2019"
2019-03-20,Lael Brainard,FOR,HOLD,HOLD,COMMITTEE_HOLD,0,-1,VOTE_ACTION_PROXY,2019-03-20,https://www.federalreserve.gov/newsevents/pressreleases/monetary20190320a.htm,"Voting for the FOMC monetary policy action were: Jerome H. Powell, Chairman; John C. Williams, Vice Chairman; Michelle W. Bowman; Lael Brainard; James Bullard; Richard H. Clarida; Charles L. Evans; Esther L. George; Randal K. Quarles; and Eric S. Rosengren. Implementation Note issued March 20, 2019"
2019-03-20,Michelle W. Bowman,FOR,HOLD,HOLD,COMMITTEE_HOLD,0,-1,VOTE_ACTION_PROXY,2019-03-20,https://www.federalreserve.gov/newsevents/pressreleases/monetary20190320a.htm,"Voting for the FOMC monetary policy action were: Jerome H. Powell, Chairman; John C. Williams, Vice Chairman; Michelle W. Bowman; Lael Brainard; James Bullard; Richard H. Clarida; Charles L. Evans; Esther L. George; Randal K. Quarles; and Eric S. Rosengren. Implementation Note issued March 20, 2019"
2019-03-20,Randal K. Quarles,FOR,HOLD,HOLD,COMMITTEE_HOLD,0,,VOTE_ACTION_PROXY,2019-03-20,https://www.federalreserve.gov/newsevents/pressreleases/monetary20190320a.htm,"Voting for the FOMC monetary policy action were: Jerome H. Powell, Chairman; John C. Williams, Vice Chairman; Michelle W. Bowman; Lael Brainard; James Bullard; Richard H. Clarida; Charles L. Evans; Esther L. George; Randal K. Quarles; and Eric S. Rosengren. Implementation Note issued March 20, 2019"
2019-03-20,Richard H. Clarida,FOR,HOLD,HOLD,COMMITTEE_HOLD,0,-1,VOTE_ACTION_PROXY,2019-03-20,https://www.federalreserve.gov/newsevents/pressreleases/monetary20190320a.htm,"Voting for the FOMC monetary policy action were: Jerome H. Powell, Chairman; John C. Williams, Vice Chairman; Michelle W. Bowman; Lael Brainard; James Bullard; Richard H. Clarida; Charles L. Evans; Esther L. George; Randal K. Quarles; and Eric S. Rosengren. Implementation Note issued March 20, 2019"
2019-06-19,Charles L. Evans,FOR,HOLD,HOLD,COMMITTEE_HOLD,0,0,VOTE_ACTION_PROXY,2019-06-19,https://www.federalreserve.gov/newsevents/pressreleases/monetary20190619a.htm,"Voting for the monetary policy action were Jerome H. Powell, Chair; John C. Williams, Vice Chair; Michelle W. Bowman; Lael Brainard; Richard H. Clarida; Charles L. Evans; Esther L. George; Randal K. Quarles; and Eric S. Rosengren. Voting against the action was James Bullard, who preferred at this meeting to lower the target range for the federal funds rate by 25 basis points. Implementation Note issued June 19, 2019"
2019-06-19,Eric S. Rosengren,FOR,HOLD,HOLD,COMMITTEE_HOLD,0,,VOTE_ACTION_PROXY,2019-06-19,https://www.federalreserve.gov/newsevents/pressreleases/monetary20190619a.htm,"Voting for the monetary policy action were Jerome H. Powell, Chair; John C. Williams, Vice Chair; Michelle W. Bowman; Lael Brainard; Richard H. Clarida; Charles L. Evans; Esther L. George; Randal K. Quarles; and Eric S. Rosengren. Voting against the action was James Bullard, who preferred at this meeting to lower the target range for the federal funds rate by 25 basis points. Implementation Note issued June 19, 2019"
2019-06-19,Esther L. George,FOR,HOLD,HOLD,COMMITTEE_HOLD,0,0,VOTE_ACTION_PROXY,2019-06-19,https://www.federalreserve.gov/newsevents/pressreleases/monetary20190619a.htm,"Voting for the monetary policy action were Jerome H. Powell, Chair; John C. Williams, Vice Chair; Michelle W. Bowman; Lael Brainard; Richard H. Clarida; Charles L. Evans; Esther L. George; Randal K. Quarles; and Eric S. Rosengren. Voting against the action was James Bullard, who preferred at this meeting to lower the target range for the federal funds rate by 25 basis points. Implementation Note issued June 19, 2019"
2019-06-19,James Bullard,AGAINST,HOLD,CUT_25BP,EASIER,-2,-2,VOTE_DISSENT,2019-06-19,https://www.federalreserve.gov/newsevents/pressreleases/monetary20190619a.htm,"Voting for the monetary policy action were Jerome H. Powell, Chair; John C. Williams, Vice Chair; Michelle W. Bowman; Lael Brainard; Richard H. Clarida; Charles L. Evans; Esther L. George; Randal K. Quarles; and Eric S. Rosengren. Voting against the action was James Bullard, who preferred at this meeting to lower the target range for the federal funds rate by 25 basis points. Implementation Note issued June 19, 2019"
2019-06-19,Jerome H. Powell,FOR,HOLD,HOLD,COMMITTEE_HOLD,0,0,VOTE_ACTION_PROXY,2019-06-19,https://www.federalreserve.gov/newsevents/pressreleases/monetary20190619a.htm,"Voting for the monetary policy action were Jerome H. Powell, Chair; John C. Williams, Vice Chair; Michelle W. Bowman; Lael Brainard; Richard H. Clarida; Charles L. Evans; Esther L. George; Randal K. Quarles; and Eric S. Rosengren. Voting against the action was James Bullard, who preferred at this meeting to lower the target range for the federal funds rate by 25 basis points. Implementation Note issued June 19, 2019"
2019-06-19,John C. Williams,FOR,HOLD,HOLD,COMMITTEE_HOLD,0,0,VOTE_ACTION_PROXY,2019-06-19,https://www.federalreserve.gov/newsevents/pressreleases/monetary20190619a.htm,"Voting for the monetary policy action were Jerome H. Powell, Chair; John C. Williams, Vice Chair; Michelle W. Bowman; Lael Brainard; Richard H. Clarida; Charles L. Evans; Esther L. George; Randal K. Quarles; and Eric S. Rosengren. Voting against the action was James Bullard, who preferred at this meeting to lower the target range for the federal funds rate by 25 basis points. Implementation Note issued June 19, 2019"
2019-06-19,Lael Brainard,FOR,HOLD,HOLD,COMMITTEE_HOLD,0,0,VOTE_ACTION_PROXY,2019-06-19,https://www.federalreserve.gov/newsevents/pressreleases/monetary20190619a.htm,"Voting for the monetary policy action were Jerome H. Powell, Chair; John C. Williams, Vice Chair; Michelle W. Bowman; Lael Brainard; Richard H. Clarida; Charles L. Evans; Esther L. George; Randal K. Quarles; and Eric S. Rosengren. Voting against the action was James Bullard, who preferred at this meeting to lower the target range for the federal funds rate by 25 basis points. Implementation Note issued June 19, 2019"
2019-06-19,Michelle W. Bowman,FOR,HOLD,HOLD,COMMITTEE_HOLD,0,0,VOTE_ACTION_PROXY,2019-06-19,https://www.federalreserve.gov/newsevents/pressreleases/monetary20190619a.htm,"Voting for the monetary policy action were Jerome H. Powell, Chair; John C. Williams, Vice Chair; Michelle W. Bowman; Lael Brainard; Richard H. Clarida; Charles L. Evans; Esther L. George; Randal K. Quarles; and Eric S. Rosengren. Voting against the action was James Bullard, who preferred at this meeting to lower the target range for the federal funds rate by 25 basis points. Implementation Note issued June 19, 2019"
2019-06-19,Randal K. Quarles,FOR,HOLD,HOLD,COMMITTEE_HOLD,0,0,VOTE_ACTION_PROXY,2019-06-19,https://www.federalreserve.gov/newsevents/pressreleases/monetary20190619a.htm,"Voting for the monetary policy action were Jerome H. Powell, Chair; John C. Williams, Vice Chair; Michelle W. Bowman; Lael Brainard; Richard H. Clarida; Charles L. Evans; Esther L. George; Randal K. Quarles; and Eric S. Rosengren. Voting against the action was James Bullard, who preferred at this meeting to lower the target range for the federal funds rate by 25 basis points. Implementation Note issued June 19, 2019"
2019-06-19,Richard H. Clarida,FOR,HOLD,HOLD,COMMITTEE_HOLD,0,0,VOTE_ACTION_PROXY,2019-06-19,https://www.federalreserve.gov/newsevents/pressreleases/monetary20190619a.htm,"Voting for the monetary policy action were Jerome H. Powell, Chair; John C. Williams, Vice Chair; Michelle W. Bowman; Lael Brainard; Richard H. Clarida; Charles L. Evans; Esther L. George; Randal K. Quarles; and Eric S. Rosengren. Voting against the action was James Bullard, who preferred at this meeting to lower the target range for the federal funds rate by 25 basis points. Implementation Note issued June 19, 2019"
2019-09-18,Charles L. Evans,FOR,CUT,CUT,COMMITTEE_CUT,-1,-1,VOTE_ACTION_PROXY,2019-09-18,https://www.federalreserve.gov/newsevents/pressreleases/monetary20190918a.htm,"Voting for the monetary policy action were Jerome H. Powell, Chair, John C. Williams, Vice Chair; Michelle W. Bowman; Lael Brainard; Richard H. Clarida; Charles L. Evans; and Randal K. Quarles. Voting against the action were James Bullard, who preferred at this meeting to lower the target range for the federal funds rate to 1-1/2 to 1-3/4 percent; and Esther L. George and Eric S. Rosengren, who preferred to maintain the target range at 2 percent to 2-1/4 percent. Implementation Note issued September 18, 2019"
2019-09-18,Eric S. Rosengren,AGAINST,CUT,HOLD,TIGHTER,2,2,VOTE_DISSENT,2019-09-18,https://www.federalreserve.gov/newsevents/pressreleases/monetary20190918a.htm,"Voting for the monetary policy action were Jerome H. Powell, Chair, John C. Williams, Vice Chair; Michelle W. Bowman; Lael Brainard; Richard H. Clarida; Charles L. Evans; and Randal K. Quarles. Voting against the action were James Bullard, who preferred at this meeting to lower the target range for the federal funds rate to 1-1/2 to 1-3/4 percent; and Esther L. George and Eric S. Rosengren, who preferred to maintain the target range at 2 percent to 2-1/4 percent. Implementation Note issued September 18, 2019"
2019-09-18,Esther L. George,AGAINST,CUT,HOLD,TIGHTER,2,2,VOTE_DISSENT,2019-09-18,https://www.federalreserve.gov/newsevents/pressreleases/monetary20190918a.htm,"Voting for the monetary policy action were Jerome H. Powell, Chair, John C. Williams, Vice Chair; Michelle W. Bowman; Lael Brainard; Richard H. Clarida; Charles L. Evans; and Randal K. Quarles. Voting against the action were James Bullard, who preferred at this meeting to lower the target range for the federal funds rate to 1-1/2 to 1-3/4 percent; and Esther L. George and Eric S. Rosengren, who preferred to maintain the target range at 2 percent to 2-1/4 percent. Implementation Note issued September 18, 2019"
2019-09-18,James Bullard,AGAINST,CUT,CUT_50BP,EASIER,-2,0,VOTE_DISSENT,2019-09-18,https://www.federalreserve.gov/newsevents/pressreleases/monetary20190918a.htm,"Voting for the monetary policy action were Jerome H. Powell, Chair, John C. Williams, Vice Chair; Michelle W. Bowman; Lael Brainard; Richard H. Clarida; Charles L. Evans; and Randal K. Quarles. Voting against the action were James Bullard, who preferred at this meeting to lower the target range for the federal funds rate to 1-1/2 to 1-3/4 percent; and Esther L. George and Eric S. Rosengren, who preferred to maintain the target range at 2 percent to 2-1/4 percent. Implementation Note issued September 18, 2019"
2019-09-18,Jerome H. Powell,FOR,CUT,CUT,COMMITTEE_CUT,-1,-1,VOTE_ACTION_PROXY,2019-09-18,https://www.federalreserve.gov/newsevents/pressreleases/monetary20190918a.htm,"Voting for the monetary policy action were Jerome H. Powell, Chair, John C. Williams, Vice Chair; Michelle W. Bowman; Lael Brainard; Richard H. Clarida; Charles L. Evans; and Randal K. Quarles. Voting against the action were James Bullard, who preferred at this meeting to lower the target range for the federal funds rate to 1-1/2 to 1-3/4 percent; and Esther L. George and Eric S. Rosengren, who preferred to maintain the target range at 2 percent to 2-1/4 percent. Implementation Note issued September 18, 2019"
2019-09-18,John C. Williams,FOR,CUT,CUT,COMMITTEE_CUT,-1,-1,VOTE_ACTION_PROXY,2019-09-18,https://www.federalreserve.gov/newsevents/pressreleases/monetary20190918a.htm,"Voting for the monetary policy action were Jerome H. Powell, Chair, John C. Williams, Vice Chair; Michelle W. Bowman; Lael Brainard; Richard H. Clarida; Charles L. Evans; and Randal K. Quarles. Voting against the action were James Bullard, who preferred at this meeting to lower the target range for the federal funds rate to 1-1/2 to 1-3/4 percent; and Esther L. George and Eric S. Rosengren, who preferred to maintain the target range at 2 percent to 2-1/4 percent. Implementation Note issued September 18, 2019"
2019-09-18,Lael Brainard,FOR,CUT,CUT,COMMITTEE_CUT,-1,-1,VOTE_ACTION_PROXY,2019-09-18,https://www.federalreserve.gov/newsevents/pressreleases/monetary20190918a.htm,"Voting for the monetary policy action were Jerome H. Powell, Chair, John C. Williams, Vice Chair; Michelle W. Bowman; Lael Brainard; Richard H. Clarida; Charles L. Evans; and Randal K. Quarles. Voting against the action were James Bullard, who preferred at this meeting to lower the target range for the federal funds rate to 1-1/2 to 1-3/4 percent; and Esther L. George and Eric S. Rosengren, who preferred to maintain the target range at 2 percent to 2-1/4 percent. Implementation Note issued September 18, 2019"
2019-09-18,Michelle W. Bowman,FOR,CUT,CUT,COMMITTEE_CUT,-1,-1,VOTE_ACTION_PROXY,2019-09-18,https://www.federalreserve.gov/newsevents/pressreleases/monetary20190918a.htm,"Voting for the monetary policy action were Jerome H. Powell, Chair, John C. Williams, Vice Chair; Michelle W. Bowman; Lael Brainard; Richard H. Clarida; Charles L. Evans; and Randal K. Quarles. Voting against the action were James Bullard, who preferred at this meeting to lower the target range for the federal funds rate to 1-1/2 to 1-3/4 percent; and Esther L. George and Eric S. Rosengren, who preferred to maintain the target range at 2 percent to 2-1/4 percent. Implementation Note issued September 18, 2019"
2019-09-18,Randal K. Quarles,FOR,CUT,CUT,COMMITTEE_CUT,-1,-1,VOTE_ACTION_PROXY,2019-09-18,https://www.federalreserve.gov/newsevents/pressreleases/monetary20190918a.htm,"Voting for the monetary policy action were Jerome H. Powell, Chair, John C. Williams, Vice Chair; Michelle W. Bowman; Lael Brainard; Richard H. Clarida; Charles L. Evans; and Randal K. Quarles. Voting against the action were James Bullard, who preferred at this meeting to lower the target range for the federal funds rate to 1-1/2 to 1-3/4 percent; and Esther L. George and Eric S. Rosengren, who preferred to maintain the target range at 2 percent to 2-1/4 percent. Implementation Note issued September 18, 2019"
2019-09-18,Richard H. Clarida,FOR,CUT,CUT,COMMITTEE_CUT,-1,-1,VOTE_ACTION_PROXY,2019-09-18,https://www.federalreserve.gov/newsevents/pressreleases/monetary20190918a.htm,"Voting for the monetary policy action were Jerome H. Powell, Chair, John C. Williams, Vice Chair; Michelle W. Bowman; Lael Brainard; Richard H. Clarida; Charles L. Evans; and Randal K. Quarles. Voting against the action were James Bullard, who preferred at this meeting to lower the target range for the federal funds rate to 1-1/2 to 1-3/4 percent; and Esther L. George and Eric S. Rosengren, who preferred to maintain the target range at 2 percent to 2-1/4 percent. Implementation Note issued September 18, 2019"
2019-12-11,Charles L. Evans,FOR,HOLD,HOLD,COMMITTEE_HOLD,0,1,VOTE_ACTION_PROXY,2019-12-11,https://www.federalreserve.gov/newsevents/pressreleases/monetary20191211a.htm,"Voting for the monetary policy action were Jerome H. Powell, Chair; John C. Williams, Vice Chair; Michelle W. Bowman; Lael Brainard; James Bullard; Richard H. Clarida; Charles L. Evans; Esther L. George; Randal K. Quarles; and Eric S. Rosengren. Implementation Note issued December 11, 2019"
2019-12-11,Esther L. George,FOR,HOLD,HOLD,COMMITTEE_HOLD,0,-2,VOTE_ACTION_PROXY,2019-12-11,https://www.federalreserve.gov/newsevents/pressreleases/monetary20191211a.htm,"Voting for the monetary policy action were Jerome H. Powell, Chair; John C. Williams, Vice Chair; Michelle W. Bowman; Lael Brainard; James Bullard; Richard H. Clarida; Charles L. Evans; Esther L. George; Randal K. Quarles; and Eric S. Rosengren. Implementation Note issued December 11, 2019"
2019-12-11,James Bullard,FOR,HOLD,HOLD,COMMITTEE_HOLD,0,2,VOTE_ACTION_PROXY,2019-12-11,https://www.federalreserve.gov/newsevents/pressreleases/monetary20191211a.htm,"Voting for the monetary policy action were Jerome H. Powell, Chair; John C. Williams, Vice Chair; Michelle W. Bowman; Lael Brainard; James Bullard; Richard H. Clarida; Charles L. Evans; Esther L. George; Randal K. Quarles; and Eric S. Rosengren. Implementation Note issued December 11, 2019"
2019-12-11,Jerome H. Powell,FOR,HOLD,HOLD,COMMITTEE_HOLD,0,1,VOTE_ACTION_PROXY,2019-12-11,https://www.federalreserve.gov/newsevents/pressreleases/monetary20191211a.htm,"Voting for the monetary policy action were Jerome H. Powell, Chair; John C. Williams, Vice Chair; Michelle W. Bowman; Lael Brainard; James Bullard; Richard H. Clarida; Charles L. Evans; Esther L. George; Randal K. Quarles; and Eric S. Rosengren. Implementation Note issued December 11, 2019"
2019-12-11,John C. Williams,FOR,HOLD,HOLD,COMMITTEE_HOLD,0,1,VOTE_ACTION_PROXY,2019-12-11,https://www.federalreserve.gov/newsevents/pressreleases/monetary20191211a.htm,"Voting for the monetary policy action were Jerome H. Powell, Chair; John C. Williams, Vice Chair; Michelle W. Bowman; Lael Brainard; James Bullard; Richard H. Clarida; Charles L. Evans; Esther L. George; Randal K. Quarles; and Eric S. Rosengren. Implementation Note issued December 11, 2019"
2019-12-11,Lael Brainard,FOR,HOLD,HOLD,COMMITTEE_HOLD,0,1,VOTE_ACTION_PROXY,2019-12-11,https://www.federalreserve.gov/newsevents/pressreleases/monetary20191211a.htm,"Voting for the monetary policy action were Jerome H. Powell, Chair; John C. Williams, Vice Chair; Michelle W. Bowman; Lael Brainard; James Bullard; Richard H. Clarida; Charles L. Evans; Esther L. George; Randal K. Quarles; and Eric S. Rosengren. Implementation Note issued December 11, 2019"
2019-12-11,Michelle W. Bowman,FOR,HOLD,HOLD,COMMITTEE_HOLD,0,1,VOTE_ACTION_PROXY,2019-12-11,https://www.federalreserve.gov/newsevents/pressreleases/monetary20191211a.htm,"Voting for the monetary policy action were Jerome H. Powell, Chair; John C. Williams, Vice Chair; Michelle W. Bowman; Lael Brainard; James Bullard; Richard H. Clarida; Charles L. Evans; Esther L. George; Randal K. Quarles; and Eric S. Rosengren. Implementation Note issued December 11, 2019"
2019-12-11,Randal K. Quarles,FOR,HOLD,HOLD,COMMITTEE_HOLD,0,1,VOTE_ACTION_PROXY,2019-12-11,https://www.federalreserve.gov/newsevents/pressreleases/monetary20191211a.htm,"Voting for the monetary policy action were Jerome H. Powell, Chair; John C. Williams, Vice Chair; Michelle W. Bowman; Lael Brainard; James Bullard; Richard H. Clarida; Charles L. Evans; Esther L. George; Randal K. Quarles; and Eric S. Rosengren. Implementation Note issued December 11, 2019"
2019-12-11,Richard H. Clarida,FOR,HOLD,HOLD,COMMITTEE_HOLD,0,1,VOTE_ACTION_PROXY,2019-12-11,https://www.federalreserve.gov/newsevents/pressreleases/monetary20191211a.htm,"Voting for the monetary policy action were Jerome H. Powell, Chair; John C. Williams, Vice Chair; Michelle W. Bowman; Lael Brainard; James Bullard; Richard H. Clarida; Charles L. Evans; Esther L. George; Randal K. Quarles; and Eric S. Rosengren. Implementation Note issued December 11, 2019"
2020-06-10,Jerome H. Powell,FOR,HOLD,HOLD,COMMITTEE_HOLD,0,0,VOTE_ACTION_PROXY,2020-06-10,https://www.federalreserve.gov/newsevents/pressreleases/monetary20200610a.htm,"Voting for the monetary policy action were Jerome H. Powell, Chair; John C. Williams, Vice Chair; Michelle W. Bowman; Lael Brainard; Richard H. Clarida; Patrick Harker; Robert S. Kaplan; Neel Kashkari; Loretta J. Mester; and Randal K. Quarles. Implementation Note issued June 10, 2020"
2020-06-10,John C. Williams,FOR,HOLD,HOLD,COMMITTEE_HOLD,0,0,VOTE_ACTION_PROXY,2020-06-10,https://www.federalreserve.gov/newsevents/pressreleases/monetary20200610a.htm,"Voting for the monetary policy action were Jerome H. Powell, Chair; John C. Williams, Vice Chair; Michelle W. Bowman; Lael Brainard; Richard H. Clarida; Patrick Harker; Robert S. Kaplan; Neel Kashkari; Loretta J. Mester; and Randal K. Quarles. Implementation Note issued June 10, 2020"
2020-06-10,Lael Brainard,FOR,HOLD,HOLD,COMMITTEE_HOLD,0,0,VOTE_ACTION_PROXY,2020-06-10,https://www.federalreserve.gov/newsevents/pressreleases/monetary20200610a.htm,"Voting for the monetary policy action were Jerome H. Powell, Chair; John C. Williams, Vice Chair; Michelle W. Bowman; Lael Brainard; Richard H. Clarida; Patrick Harker; Robert S. Kaplan; Neel Kashkari; Loretta J. Mester; and Randal K. Quarles. Implementation Note issued June 10, 2020"
2020-06-10,Loretta J. Mester,FOR,HOLD,HOLD,COMMITTEE_HOLD,0,,VOTE_ACTION_PROXY,2020-06-10,https://www.federalreserve.gov/newsevents/pressreleases/monetary20200610a.htm,"Voting for the monetary policy action were Jerome H. Powell, Chair; John C. Williams, Vice Chair; Michelle W. Bowman; Lael Brainard; Richard H. Clarida; Patrick Harker; Robert S. Kaplan; Neel Kashkari; Loretta J. Mester; and Randal K. Quarles. Implementation Note issued June 10, 2020"
2020-06-10,Michelle W. Bowman,FOR,HOLD,HOLD,COMMITTEE_HOLD,0,0,VOTE_ACTION_PROXY,2020-06-10,https://www.federalreserve.gov/newsevents/pressreleases/monetary20200610a.htm,"Voting for the monetary policy action were Jerome H. Powell, Chair; John C. Williams, Vice Chair; Michelle W. Bowman; Lael Brainard; Richard H. Clarida; Patrick Harker; Robert S. Kaplan; Neel Kashkari; Loretta J. Mester; and Randal K. Quarles. Implementation Note issued June 10, 2020"
2020-06-10,Neel Kashkari,FOR,HOLD,HOLD,COMMITTEE_HOLD,0,,VOTE_ACTION_PROXY,2020-06-10,https://www.federalreserve.gov/newsevents/pressreleases/monetary20200610a.htm,"Voting for the monetary policy action were Jerome H. Powell, Chair; John C. Williams, Vice Chair; Michelle W. Bowman; Lael Brainard; Richard H. Clarida; Patrick Harker; Robert S. Kaplan; Neel Kashkari; Loretta J. Mester; and Randal K. Quarles. Implementation Note issued June 10, 2020"
2020-06-10,Patrick Harker,FOR,HOLD,HOLD,COMMITTEE_HOLD,0,,VOTE_ACTION_PROXY,2020-06-10,https://www.federalreserve.gov/newsevents/pressreleases/monetary20200610a.htm,"Voting for the monetary policy action were Jerome H. Powell, Chair; John C. Williams, Vice Chair; Michelle W. Bowman; Lael Brainard; Richard H. Clarida; Patrick Harker; Robert S. Kaplan; Neel Kashkari; Loretta J. Mester; and Randal K. Quarles. Implementation Note issued June 10, 2020"
2020-06-10,Richard H. Clarida,FOR,HOLD,HOLD,COMMITTEE_HOLD,0,0,VOTE_ACTION_PROXY,2020-06-10,https://www.federalreserve.gov/newsevents/pressreleases/monetary20200610a.htm,"Voting for the monetary policy action were Jerome H. Powell, Chair; John C. Williams, Vice Chair; Michelle W. Bowman; Lael Brainard; Richard H. Clarida; Patrick Harker; Robert S. Kaplan; Neel Kashkari; Loretta J. Mester; and Randal K. Quarles. Implementation Note issued June 10, 2020"
2020-06-10,Robert S. Kaplan,FOR,HOLD,HOLD,COMMITTEE_HOLD,0,,VOTE_ACTION_PROXY,2020-06-10,https://www.federalreserve.gov/newsevents/pressreleases/monetary20200610a.htm,"Voting for the monetary policy action were Jerome H. Powell, Chair; John C. Williams, Vice Chair; Michelle W. Bowman; Lael Brainard; Richard H. Clarida; Patrick Harker; Robert S. Kaplan; Neel Kashkari; Loretta J. Mester; and Randal K. Quarles. Implementation Note issued June 10, 2020"
2020-09-16,Jerome H. Powell,FOR,HOLD,HOLD,COMMITTEE_HOLD,0,0,VOTE_ACTION_PROXY,2020-09-16,https://www.federalreserve.gov/newsevents/pressreleases/monetary20200916a.htm,"Voting for the monetary policy action were Jerome H. Powell, Chair; John C. Williams, Vice Chair; Michelle W. Bowman; Lael Brainard; Richard H. Clarida; Patrick Harker; Loretta J. Mester; and Randal K. Quarles. Voting against the action were Robert S. Kaplan, who expects that it will be appropriate to maintain the current target range until the Committee is confident that the economy has weathered recent events and is on track to achieve its maximum employment and price stability goals as articulated in its new policy strategy statement, but prefers that the Committee retain greater policy rate flexibility beyond that point; and Neel Kashkari, who prefers that the Committee indicate that it expects to maintain the current target range until core inflation has reached 2 percent on a sustained basis. Implementation Note issued September 16, 2020"
2020-09-16,John C. Williams,FOR,HOLD,HOLD,COMMITTEE_HOLD,0,0,VOTE_ACTION_PROXY,2020-09-16,https://www.federalreserve.gov/newsevents/pressreleases/monetary20200916a.htm,"Voting for the monetary policy action were Jerome H. Powell, Chair; John C. Williams, Vice Chair; Michelle W. Bowman; Lael Brainard; Richard H. Clarida; Patrick Harker; Loretta J. Mester; and Randal K. Quarles. Voting against the action were Robert S. Kaplan, who expects that it will be appropriate to maintain the current target range until the Committee is confident that the economy has weathered recent events and is on track to achieve its maximum employment and price stability goals as articulated in its new policy strategy statement, but prefers that the Committee retain greater policy rate flexibility beyond that point; and Neel Kashkari, who prefers that the Committee indicate that it expects to maintain the current target range until core inflation has reached 2 percent on a sustained basis. Implementation Note issued September 16, 2020"
2020-09-16,Lael Brainard,FOR,HOLD,HOLD,COMMITTEE_HOLD,0,0,VOTE_ACTION_PROXY,2020-09-16,https://www.federalreserve.gov/newsevents/pressreleases/monetary20200916a.htm,"Voting for the monetary policy action were Jerome H. Powell, Chair; John C. Williams, Vice Chair; Michelle W. Bowman; Lael Brainard; Richard H. Clarida; Patrick Harker; Loretta J. Mester; and Randal K. Quarles. Voting against the action were Robert S. Kaplan, who expects that it will be appropriate to maintain the current target range until the Committee is confident that the economy has weathered recent events and is on track to achieve its maximum employment and price stability goals as articulated in its new policy strategy statement, but prefers that the Committee retain greater policy rate flexibility beyond that point; and Neel Kashkari, who prefers that the Committee indicate that it expects to maintain the current target range until core inflation has reached 2 percent on a sustained basis. Implementation Note issued September 16, 2020"
2020-09-16,Loretta J. Mester,FOR,HOLD,HOLD,COMMITTEE_HOLD,0,0,VOTE_ACTION_PROXY,2020-09-16,https://www.federalreserve.gov/newsevents/pressreleases/monetary20200916a.htm,"Voting for the monetary policy action were Jerome H. Powell, Chair; John C. Williams, Vice Chair; Michelle W. Bowman; Lael Brainard; Richard H. Clarida; Patrick Harker; Loretta J. Mester; and Randal K. Quarles. Voting against the action were Robert S. Kaplan, who expects that it will be appropriate to maintain the current target range until the Committee is confident that the economy has weathered recent events and is on track to achieve its maximum employment and price stability goals as articulated in its new policy strategy statement, but prefers that the Committee retain greater policy rate flexibility beyond that point; and Neel Kashkari, who prefers that the Committee indicate that it expects to maintain the current target range until core inflation has reached 2 percent on a sustained basis. Implementation Note issued September 16, 2020"
2020-09-16,Michelle W. Bowman,FOR,HOLD,HOLD,COMMITTEE_HOLD,0,0,VOTE_ACTION_PROXY,2020-09-16,https://www.federalreserve.gov/newsevents/pressreleases/monetary20200916a.htm,"Voting for the monetary policy action were Jerome H. Powell, Chair; John C. Williams, Vice Chair; Michelle W. Bowman; Lael Brainard; Richard H. Clarida; Patrick Harker; Loretta J. Mester; and Randal K. Quarles. Voting against the action were Robert S. Kaplan, who expects that it will be appropriate to maintain the current target range until the Committee is confident that the economy has weathered recent events and is on track to achieve its maximum employment and price stability goals as articulated in its new policy strategy statement, but prefers that the Committee retain greater policy rate flexibility beyond that point; and Neel Kashkari, who prefers that the Committee indicate that it expects to maintain the current target range until core inflation has reached 2 percent on a sustained basis. Implementation Note issued September 16, 2020"
2020-09-16,Neel Kashkari,AGAINST,HOLD,MORE_ACCOMMODATIVE_GUIDANCE,EASIER_GUIDANCE,-1,-1,VOTE_DISSENT,2020-09-16,https://www.federalreserve.gov/newsevents/pressreleases/monetary20200916a.htm,"Voting for the monetary policy action were Jerome H. Powell, Chair; John C. Williams, Vice Chair; Michelle W. Bowman; Lael Brainard; Richard H. Clarida; Patrick Harker; Loretta J. Mester; and Randal K. Quarles. Voting against the action were Robert S. Kaplan, who expects that it will be appropriate to maintain the current target range until the Committee is confident that the economy has weathered recent events and is on track to achieve its maximum employment and price stability goals as articulated in its new policy strategy statement, but prefers that the Committee retain greater policy rate flexibility beyond that point; and Neel Kashkari, who prefers that the Committee indicate that it expects to maintain the current target range until core inflation has reached 2 percent on a sustained basis. Implementation Note issued September 16, 2020"
2020-09-16,Patrick Harker,FOR,HOLD,HOLD,COMMITTEE_HOLD,0,0,VOTE_ACTION_PROXY,2020-09-16,https://www.federalreserve.gov/newsevents/pressreleases/monetary20200916a.htm,"Voting for the monetary policy action were Jerome H. Powell, Chair; John C. Williams, Vice Chair; Michelle W. Bowman; Lael Brainard; Richard H. Clarida; Patrick Harker; Loretta J. Mester; and Randal K. Quarles. Voting against the action were Robert S. Kaplan, who expects that it will be appropriate to maintain the current target range until the Committee is confident that the economy has weathered recent events and is on track to achieve its maximum employment and price stability goals as articulated in its new policy strategy statement, but prefers that the Committee retain greater policy rate flexibility beyond that point; and Neel Kashkari, who prefers that the Committee indicate that it expects to maintain the current target range until core inflation has reached 2 percent on a sustained basis. Implementation Note issued September 16, 2020"
2020-09-16,Randal K. Quarles,FOR,HOLD,HOLD,COMMITTEE_HOLD,0,,VOTE_ACTION_PROXY,2020-09-16,https://www.federalreserve.gov/newsevents/pressreleases/monetary20200916a.htm,"Voting for the monetary policy action were Jerome H. Powell, Chair; John C. Williams, Vice Chair; Michelle W. Bowman; Lael Brainard; Richard H. Clarida; Patrick Harker; Loretta J. Mester; and Randal K. Quarles. Voting against the action were Robert S. Kaplan, who expects that it will be appropriate to maintain the current target range until the Committee is confident that the economy has weathered recent events and is on track to achieve its maximum employment and price stability goals as articulated in its new policy strategy statement, but prefers that the Committee retain greater policy rate flexibility beyond that point; and Neel Kashkari, who prefers that the Committee indicate that it expects to maintain the current target range until core inflation has reached 2 percent on a sustained basis. Implementation Note issued September 16, 2020"
2020-09-16,Richard H. Clarida,FOR,HOLD,HOLD,COMMITTEE_HOLD,0,0,VOTE_ACTION_PROXY,2020-09-16,https://www.federalreserve.gov/newsevents/pressreleases/monetary20200916a.htm,"Voting for the monetary policy action were Jerome H. Powell, Chair; John C. Williams, Vice Chair; Michelle W. Bowman; Lael Brainard; Richard H. Clarida; Patrick Harker; Loretta J. Mester; and Randal K. Quarles. Voting against the action were Robert S. Kaplan, who expects that it will be appropriate to maintain the current target range until the Committee is confident that the economy has weathered recent events and is on track to achieve its maximum employment and price stability goals as articulated in its new policy strategy statement, but prefers that the Committee retain greater policy rate flexibility beyond that point; and Neel Kashkari, who prefers that the Committee indicate that it expects to maintain the current target range until core inflation has reached 2 percent on a sustained basis. Implementation Note issued September 16, 2020"
2020-09-16,Robert S. Kaplan,AGAINST,HOLD,LESS_ACCOMMODATIVE_GUIDANCE,TIGHTER_GUIDANCE,1,1,VOTE_DISSENT,2020-09-16,https://www.federalreserve.gov/newsevents/pressreleases/monetary20200916a.htm,"Voting for the monetary policy action were Jerome H. Powell, Chair; John C. Williams, Vice Chair; Michelle W. Bowman; Lael Brainard; Richard H. Clarida; Patrick Harker; Loretta J. Mester; and Randal K. Quarles. Voting against the action were Robert S. Kaplan, who expects that it will be appropriate to maintain the current target range until the Committee is confident that the economy has weathered recent events and is on track to achieve its maximum employment and price stability goals as articulated in its new policy strategy statement, but prefers that the Committee retain greater policy rate flexibility beyond that point; and Neel Kashkari, who prefers that the Committee indicate that it expects to maintain the current target range until core inflation has reached 2 percent on a sustained basis. Implementation Note issued September 16, 2020"
2020-12-16,Jerome H. Powell,FOR,HOLD,HOLD,COMMITTEE_HOLD,0,0,VOTE_ACTION_PROXY,2020-12-16,https://www.federalreserve.gov/newsevents/pressreleases/monetary20201216a.htm,"Voting for the monetary policy action were Jerome H. Powell, Chair; John C. Williams, Vice Chair; Michelle W. Bowman; Lael Brainard; Richard H. Clarida; Patrick Harker; Robert S. Kaplan; Neel Kashkari; Loretta J. Mester; and Randal K. Quarles. Implementation Note issued December 16, 2020"
2020-12-16,John C. Williams,FOR,HOLD,HOLD,COMMITTEE_HOLD,0,0,VOTE_ACTION_PROXY,2020-12-16,https://www.federalreserve.gov/newsevents/pressreleases/monetary20201216a.htm,"Voting for the monetary policy action were Jerome H. Powell, Chair; John C. Williams, Vice Chair; Michelle W. Bowman; Lael Brainard; Richard H. Clarida; Patrick Harker; Robert S. Kaplan; Neel Kashkari; Loretta J. Mester; and Randal K. Quarles. Implementation Note issued December 16, 2020"
2020-12-16,Lael Brainard,FOR,HOLD,HOLD,COMMITTEE_HOLD,0,0,VOTE_ACTION_PROXY,2020-12-16,https://www.federalreserve.gov/newsevents/pressreleases/monetary20201216a.htm,"Voting for the monetary policy action were Jerome H. Powell, Chair; John C. Williams, Vice Chair; Michelle W. Bowman; Lael Brainard; Richard H. Clarida; Patrick Harker; Robert S. Kaplan; Neel Kashkari; Loretta J. Mester; and Randal K. Quarles. Implementation Note issued December 16, 2020"
2020-12-16,Loretta J. Mester,FOR,HOLD,HOLD,COMMITTEE_HOLD,0,0,VOTE_ACTION_PROXY,2020-12-16,https://www.federalreserve.gov/newsevents/pressreleases/monetary20201216a.htm,"Voting for the monetary policy action were Jerome H. Powell, Chair; John C. Williams, Vice Chair; Michelle W. Bowman; Lael Brainard; Richard H. Clarida; Patrick Harker; Robert S. Kaplan; Neel Kashkari; Loretta J. Mester; and Randal K. Quarles. Implementation Note issued December 16, 2020"
2020-12-16,Michelle W. Bowman,FOR,HOLD,HOLD,COMMITTEE_HOLD,0,0,VOTE_ACTION_PROXY,2020-12-16,https://www.federalreserve.gov/newsevents/pressreleases/monetary20201216a.htm,"Voting for the monetary policy action were Jerome H. Powell, Chair; John C. Williams, Vice Chair; Michelle W. Bowman; Lael Brainard; Richard H. Clarida; Patrick Harker; Robert S. Kaplan; Neel Kashkari; Loretta J. Mester; and Randal K. Quarles. Implementation Note issued December 16, 2020"
2020-12-16,Neel Kashkari,FOR,HOLD,HOLD,COMMITTEE_HOLD,0,1,VOTE_ACTION_PROXY,2020-12-16,https://www.federalreserve.gov/newsevents/pressreleases/monetary20201216a.htm,"Voting for the monetary policy action were Jerome H. Powell, Chair; John C. Williams, Vice Chair; Michelle W. Bowman; Lael Brainard; Richard H. Clarida; Patrick Harker; Robert S. Kaplan; Neel Kashkari; Loretta J. Mester; and Randal K. Quarles. Implementation Note issued December 16, 2020"
2020-12-16,Patrick Harker,FOR,HOLD,HOLD,COMMITTEE_HOLD,0,0,VOTE_ACTION_PROXY,2020-12-16,https://www.federalreserve.gov/newsevents/pressreleases/monetary20201216a.htm,"Voting for the monetary policy action were Jerome H. Powell, Chair; John C. Williams, Vice Chair; Michelle W. Bowman; Lael Brainard; Richard H. Clarida; Patrick Harker; Robert S. Kaplan; Neel Kashkari; Loretta J. Mester; and Randal K. Quarles. Implementation Note issued December 16, 2020"
2020-12-16,Richard H. Clarida,FOR,HOLD,HOLD,COMMITTEE_HOLD,0,0,VOTE_ACTION_PROXY,2020-12-16,https://www.federalreserve.gov/newsevents/pressreleases/monetary20201216a.htm,"Voting for the monetary policy action were Jerome H. Powell, Chair; John C. Williams, Vice Chair; Michelle W. Bowman; Lael Brainard; Richard H. Clarida; Patrick Harker; Robert S. Kaplan; Neel Kashkari; Loretta J. Mester; and Randal K. Quarles. Implementation Note issued December 16, 2020"
2020-12-16,Robert S. Kaplan,FOR,HOLD,HOLD,COMMITTEE_HOLD,0,-1,VOTE_ACTION_PROXY,2020-12-16,https://www.federalreserve.gov/newsevents/pressreleases/monetary20201216a.htm,"Voting for the monetary policy action were Jerome H. Powell, Chair; John C. Williams, Vice Chair; Michelle W. Bowman; Lael Brainard; Richard H. Clarida; Patrick Harker; Robert S. Kaplan; Neel Kashkari; Loretta J. Mester; and Randal K. Quarles. Implementation Note issued December 16, 2020"
2021-03-17,Charles L. Evans,FOR,HOLD,HOLD,COMMITTEE_HOLD,0,,VOTE_ACTION_PROXY,2021-03-17,https://www.federalreserve.gov/newsevents/pressreleases/monetary20210317a.htm,"Voting for the monetary policy action were Jerome H. Powell, Chair; John C. Williams, Vice Chair; Thomas I. Barkin; Raphael W. Bostic; Michelle W. Bowman; Lael Brainard; Richard H. Clarida; Mary C. Daly; Charles L. Evans; Randal K. Quarles; and Christopher J. Waller. Implementation Note issued March 17, 2021"
2021-03-17,Jerome H. Powell,FOR,HOLD,HOLD,COMMITTEE_HOLD,0,0,VOTE_ACTION_PROXY,2021-03-17,https://www.federalreserve.gov/newsevents/pressreleases/monetary20210317a.htm,"Voting for the monetary policy action were Jerome H. Powell, Chair; John C. Williams, Vice Chair; Thomas I. Barkin; Raphael W. Bostic; Michelle W. Bowman; Lael Brainard; Richard H. Clarida; Mary C. Daly; Charles L. Evans; Randal K. Quarles; and Christopher J. Waller. Implementation Note issued March 17, 2021"
2021-03-17,John C. Williams,FOR,HOLD,HOLD,COMMITTEE_HOLD,0,0,VOTE_ACTION_PROXY,2021-03-17,https://www.federalreserve.gov/newsevents/pressreleases/monetary20210317a.htm,"Voting for the monetary policy action were Jerome H. Powell, Chair; John C. Williams, Vice Chair; Thomas I. Barkin; Raphael W. Bostic; Michelle W. Bowman; Lael Brainard; Richard H. Clarida; Mary C. Daly; Charles L. Evans; Randal K. Quarles; and Christopher J. Waller. Implementation Note issued March 17, 2021"
2021-03-17,Lael Brainard,FOR,HOLD,HOLD,COMMITTEE_HOLD,0,0,VOTE_ACTION_PROXY,2021-03-17,https://www.federalreserve.gov/newsevents/pressreleases/monetary20210317a.htm,"Voting for the monetary policy action were Jerome H. Powell, Chair; John C. Williams, Vice Chair; Thomas I. Barkin; Raphael W. Bostic; Michelle W. Bowman; Lael Brainard; Richard H. Clarida; Mary C. Daly; Charles L. Evans; Randal K. Quarles; and Christopher J. Waller. Implementation Note issued March 17, 2021"
2021-03-17,Mary C. Daly,FOR,HOLD,HOLD,COMMITTEE_HOLD,0,,VOTE_ACTION_PROXY,2021-03-17,https://www.federalreserve.gov/newsevents/pressreleases/monetary20210317a.htm,"Voting for the monetary policy action were Jerome H. Powell, Chair; John C. Williams, Vice Chair; Thomas I. Barkin; Raphael W. Bostic; Michelle W. Bowman; Lael Brainard; Richard H. Clarida; Mary C. Daly; Charles L. Evans; Randal K. Quarles; and Christopher J. Waller. Implementation Note issued March 17, 2021"
2021-03-17,Michelle W. Bowman,FOR,HOLD,HOLD,COMMITTEE_HOLD,0,0,VOTE_ACTION_PROXY,2021-03-17,https://www.federalreserve.gov/newsevents/pressreleases/monetary20210317a.htm,"Voting for the monetary policy action were Jerome H. Powell, Chair; John C. Williams, Vice Chair; Thomas I. Barkin; Raphael W. Bostic; Michelle W. Bowman; Lael Brainard; Richard H. Clarida; Mary C. Daly; Charles L. Evans; Randal K. Quarles; and Christopher J. Waller. Implementation Note issued March 17, 2021"
2021-03-17,Randal K. Quarles,FOR,HOLD,HOLD,COMMITTEE_HOLD,0,,VOTE_ACTION_PROXY,2021-03-17,https://www.federalreserve.gov/newsevents/pressreleases/monetary20210317a.htm,"Voting for the monetary policy action were Jerome H. Powell, Chair; John C. Williams, Vice Chair; Thomas I. Barkin; Raphael W. Bostic; Michelle W. Bowman; Lael Brainard; Richard H. Clarida; Mary C. Daly; Charles L. Evans; Randal K. Quarles; and Christopher J. Waller. Implementation Note issued March 17, 2021"
2021-03-17,Raphael W. Bostic,FOR,HOLD,HOLD,COMMITTEE_HOLD,0,,VOTE_ACTION_PROXY,2021-03-17,https://www.federalreserve.gov/newsevents/pressreleases/monetary20210317a.htm,"Voting for the monetary policy action were Jerome H. Powell, Chair; John C. Williams, Vice Chair; Thomas I. Barkin; Raphael W. Bostic; Michelle W. Bowman; Lael Brainard; Richard H. Clarida; Mary C. Daly; Charles L. Evans; Randal K. Quarles; and Christopher J. Waller. Implementation Note issued March 17, 2021"
2021-03-17,Richard H. Clarida,FOR,HOLD,HOLD,COMMITTEE_HOLD,0,0,VOTE_ACTION_PROXY,2021-03-17,https://www.federalreserve.gov/newsevents/pressreleases/monetary20210317a.htm,"Voting for the monetary policy action were Jerome H. Powell, Chair; John C. Williams, Vice Chair; Thomas I. Barkin; Raphael W. Bostic; Michelle W. Bowman; Lael Brainard; Richard H. Clarida; Mary C. Daly; Charles L. Evans; Randal K. Quarles; and Christopher J. Waller. Implementation Note issued March 17, 2021"
2021-03-17,Thomas I. Barkin,FOR,HOLD,HOLD,COMMITTEE_HOLD,0,,VOTE_ACTION_PROXY,2021-03-17,https://www.federalreserve.gov/newsevents/pressreleases/monetary20210317a.htm,"Voting for the monetary policy action were Jerome H. Powell, Chair; John C. Williams, Vice Chair; Thomas I. Barkin; Raphael W. Bostic; Michelle W. Bowman; Lael Brainard; Richard H. Clarida; Mary C. Daly; Charles L. Evans; Randal K. Quarles; and Christopher J. Waller. Implementation Note issued March 17, 2021"
2021-06-16,Charles L. Evans,FOR,HOLD,HOLD,COMMITTEE_HOLD,0,0,VOTE_ACTION_PROXY,2021-06-16,https://www.federalreserve.gov/newsevents/pressreleases/monetary20210616a.htm,"Voting for the monetary policy action were Jerome H. Powell, Chair; John C. Williams, Vice Chair; Thomas I. Barkin; Raphael W. Bostic; Michelle W. Bowman; Lael Brainard; Richard H. Clarida; Mary C. Daly; Charles L. Evans; Randal K. Quarles; and Christopher J. Waller. Implementation Note issued June 16, 2021"
2021-06-16,Jerome H. Powell,FOR,HOLD,HOLD,COMMITTEE_HOLD,0,0,VOTE_ACTION_PROXY,2021-06-16,https://www.federalreserve.gov/newsevents/pressreleases/monetary20210616a.htm,"Voting for the monetary policy action were Jerome H. Powell, Chair; John C. Williams, Vice Chair; Thomas I. Barkin; Raphael W. Bostic; Michelle W. Bowman; Lael Brainard; Richard H. Clarida; Mary C. Daly; Charles L. Evans; Randal K. Quarles; and Christopher J. Waller. Implementation Note issued June 16, 2021"
2021-06-16,John C. Williams,FOR,HOLD,HOLD,COMMITTEE_HOLD,0,0,VOTE_ACTION_PROXY,2021-06-16,https://www.federalreserve.gov/newsevents/pressreleases/monetary20210616a.htm,"Voting for the monetary policy action were Jerome H. Powell, Chair; John C. Williams, Vice Chair; Thomas I. Barkin; Raphael W. Bostic; Michelle W. Bowman; Lael Brainard; Richard H. Clarida; Mary C. Daly; Charles L. Evans; Randal K. Quarles; and Christopher J. Waller. Implementation Note issued June 16, 2021"
2021-06-16,Lael Brainard,FOR,HOLD,HOLD,COMMITTEE_HOLD,0,0,VOTE_ACTION_PROXY,2021-06-16,https://www.federalreserve.gov/newsevents/pressreleases/monetary20210616a.htm,"Voting for the monetary policy action were Jerome H. Powell, Chair; John C. Williams, Vice Chair; Thomas I. Barkin; Raphael W. Bostic; Michelle W. Bowman; Lael Brainard; Richard H. Clarida; Mary C. Daly; Charles L. Evans; Randal K. Quarles; and Christopher J. Waller. Implementation Note issued June 16, 2021"
2021-06-16,Mary C. Daly,FOR,HOLD,HOLD,COMMITTEE_HOLD,0,0,VOTE_ACTION_PROXY,2021-06-16,https://www.federalreserve.gov/newsevents/pressreleases/monetary20210616a.htm,"Voting for the monetary policy action were Jerome H. Powell, Chair; John C. Williams, Vice Chair; Thomas I. Barkin; Raphael W. Bostic; Michelle W. Bowman; Lael Brainard; Richard H. Clarida; Mary C. Daly; Charles L. Evans; Randal K. Quarles; and Christopher J. Waller. Implementation Note issued June 16, 2021"
2021-06-16,Michelle W. Bowman,FOR,HOLD,HOLD,COMMITTEE_HOLD,0,0,VOTE_ACTION_PROXY,2021-06-16,https://www.federalreserve.gov/newsevents/pressreleases/monetary20210616a.htm,"Voting for the monetary policy action were Jerome H. Powell, Chair; John C. Williams, Vice Chair; Thomas I. Barkin; Raphael W. Bostic; Michelle W. Bowman; Lael Brainard; Richard H. Clarida; Mary C. Daly; Charles L. Evans; Randal K. Quarles; and Christopher J. Waller. Implementation Note issued June 16, 2021"
2021-06-16,Randal K. Quarles,FOR,HOLD,HOLD,COMMITTEE_HOLD,0,0,VOTE_ACTION_PROXY,2021-06-16,https://www.federalreserve.gov/newsevents/pressreleases/monetary20210616a.htm,"Voting for the monetary policy action were Jerome H. Powell, Chair; John C. Williams, Vice Chair; Thomas I. Barkin; Raphael W. Bostic; Michelle W. Bowman; Lael Brainard; Richard H. Clarida; Mary C. Daly; Charles L. Evans; Randal K. Quarles; and Christopher J. Waller. Implementation Note issued June 16, 2021"
2021-06-16,Raphael W. Bostic,FOR,HOLD,HOLD,COMMITTEE_HOLD,0,0,VOTE_ACTION_PROXY,2021-06-16,https://www.federalreserve.gov/newsevents/pressreleases/monetary20210616a.htm,"Voting for the monetary policy action were Jerome H. Powell, Chair; John C. Williams, Vice Chair; Thomas I. Barkin; Raphael W. Bostic; Michelle W. Bowman; Lael Brainard; Richard H. Clarida; Mary C. Daly; Charles L. Evans; Randal K. Quarles; and Christopher J. Waller. Implementation Note issued June 16, 2021"
2021-06-16,Richard H. Clarida,FOR,HOLD,HOLD,COMMITTEE_HOLD,0,0,VOTE_ACTION_PROXY,2021-06-16,https://www.federalreserve.gov/newsevents/pressreleases/monetary20210616a.htm,"Voting for the monetary policy action were Jerome H. Powell, Chair; John C. Williams, Vice Chair; Thomas I. Barkin; Raphael W. Bostic; Michelle W. Bowman; Lael Brainard; Richard H. Clarida; Mary C. Daly; Charles L. Evans; Randal K. Quarles; and Christopher J. Waller. Implementation Note issued June 16, 2021"
2021-06-16,Thomas I. Barkin,FOR,HOLD,HOLD,COMMITTEE_HOLD,0,0,VOTE_ACTION_PROXY,2021-06-16,https://www.federalreserve.gov/newsevents/pressreleases/monetary20210616a.htm,"Voting for the monetary policy action were Jerome H. Powell, Chair; John C. Williams, Vice Chair; Thomas I. Barkin; Raphael W. Bostic; Michelle W. Bowman; Lael Brainard; Richard H. Clarida; Mary C. Daly; Charles L. Evans; Randal K. Quarles; and Christopher J. Waller. Implementation Note issued June 16, 2021"
2021-09-22,Charles L. Evans,FOR,HOLD,HOLD,COMMITTEE_HOLD,0,0,VOTE_ACTION_PROXY,2021-09-22,https://www.federalreserve.gov/newsevents/pressreleases/monetary20210922a.htm,"Voting for the monetary policy action were Jerome H. Powell, Chair; John C. Williams, Vice Chair; Thomas I. Barkin; Raphael W. Bostic; Michelle W. Bowman; Lael Brainard; Richard H. Clarida; Mary C. Daly; Charles L. Evans; Randal K. Quarles; and Christopher J. Waller. Implementation Note issued September 22, 2021"
2021-09-22,Jerome H. Powell,FOR,HOLD,HOLD,COMMITTEE_HOLD,0,0,VOTE_ACTION_PROXY,2021-09-22,https://www.federalreserve.gov/newsevents/pressreleases/monetary20210922a.htm,"Voting for the monetary policy action were Jerome H. Powell, Chair; John C. Williams, Vice Chair; Thomas I. Barkin; Raphael W. Bostic; Michelle W. Bowman; Lael Brainard; Richard H. Clarida; Mary C. Daly; Charles L. Evans; Randal K. Quarles; and Christopher J. Waller. Implementation Note issued September 22, 2021"
2021-09-22,John C. Williams,FOR,HOLD,HOLD,COMMITTEE_HOLD,0,0,VOTE_ACTION_PROXY,2021-09-22,https://www.federalreserve.gov/newsevents/pressreleases/monetary20210922a.htm,"Voting for the monetary policy action were Jerome H. Powell, Chair; John C. Williams, Vice Chair; Thomas I. Barkin; Raphael W. Bostic; Michelle W. Bowman; Lael Brainard; Richard H. Clarida; Mary C. Daly; Charles L. Evans; Randal K. Quarles; and Christopher J. Waller. Implementation Note issued September 22, 2021"
2021-09-22,Lael Brainard,FOR,HOLD,HOLD,COMMITTEE_HOLD,0,0,VOTE_ACTION_PROXY,2021-09-22,https://www.federalreserve.gov/newsevents/pressreleases/monetary20210922a.htm,"Voting for the monetary policy action were Jerome H. Powell, Chair; John C. Williams, Vice Chair; Thomas I. Barkin; Raphael W. Bostic; Michelle W. Bowman; Lael Brainard; Richard H. Clarida; Mary C. Daly; Charles L. Evans; Randal K. Quarles; and Christopher J. Waller. Implementation Note issued September 22, 2021"
2021-09-22,Mary C. Daly,FOR,HOLD,HOLD,COMMITTEE_HOLD,0,0,VOTE_ACTION_PROXY,2021-09-22,https://www.federalreserve.gov/newsevents/pressreleases/monetary20210922a.htm,"Voting for the monetary policy action were Jerome H. Powell, Chair; John C. Williams, Vice Chair; Thomas I. Barkin; Raphael W. Bostic; Michelle W. Bowman; Lael Brainard; Richard H. Clarida; Mary C. Daly; Charles L. Evans; Randal K. Quarles; and Christopher J. Waller. Implementation Note issued September 22, 2021"
2021-09-22,Michelle W. Bowman,FOR,HOLD,HOLD,COMMITTEE_HOLD,0,0,VOTE_ACTION_PROXY,2021-09-22,https://www.federalreserve.gov/newsevents/pressreleases/monetary20210922a.htm,"Voting for the monetary policy action were Jerome H. Powell, Chair; John C. Williams, Vice Chair; Thomas I. Barkin; Raphael W. Bostic; Michelle W. Bowman; Lael Brainard; Richard H. Clarida; Mary C. Daly; Charles L. Evans; Randal K. Quarles; and Christopher J. Waller. Implementation Note issued September 22, 2021"
2021-09-22,Randal K. Quarles,FOR,HOLD,HOLD,COMMITTEE_HOLD,0,0,VOTE_ACTION_PROXY,2021-09-22,https://www.federalreserve.gov/newsevents/pressreleases/monetary20210922a.htm,"Voting for the monetary policy action were Jerome H. Powell, Chair; John C. Williams, Vice Chair; Thomas I. Barkin; Raphael W. Bostic; Michelle W. Bowman; Lael Brainard; Richard H. Clarida; Mary C. Daly; Charles L. Evans; Randal K. Quarles; and Christopher J. Waller. Implementation Note issued September 22, 2021"
2021-09-22,Raphael W. Bostic,FOR,HOLD,HOLD,COMMITTEE_HOLD,0,0,VOTE_ACTION_PROXY,2021-09-22,https://www.federalreserve.gov/newsevents/pressreleases/monetary20210922a.htm,"Voting for the monetary policy action were Jerome H. Powell, Chair; John C. Williams, Vice Chair; Thomas I. Barkin; Raphael W. Bostic; Michelle W. Bowman; Lael Brainard; Richard H. Clarida; Mary C. Daly; Charles L. Evans; Randal K. Quarles; and Christopher J. Waller. Implementation Note issued September 22, 2021"
2021-09-22,Richard H. Clarida,FOR,HOLD,HOLD,COMMITTEE_HOLD,0,0,VOTE_ACTION_PROXY,2021-09-22,https://www.federalreserve.gov/newsevents/pressreleases/monetary20210922a.htm,"Voting for the monetary policy action were Jerome H. Powell, Chair; John C. Williams, Vice Chair; Thomas I. Barkin; Raphael W. Bostic; Michelle W. Bowman; Lael Brainard; Richard H. Clarida; Mary C. Daly; Charles L. Evans; Randal K. Quarles; and Christopher J. Waller. Implementation Note issued September 22, 2021"
2021-09-22,Thomas I. Barkin,FOR,HOLD,HOLD,COMMITTEE_HOLD,0,0,VOTE_ACTION_PROXY,2021-09-22,https://www.federalreserve.gov/newsevents/pressreleases/monetary20210922a.htm,"Voting for the monetary policy action were Jerome H. Powell, Chair; John C. Williams, Vice Chair; Thomas I. Barkin; Raphael W. Bostic; Michelle W. Bowman; Lael Brainard; Richard H. Clarida; Mary C. Daly; Charles L. Evans; Randal K. Quarles; and Christopher J. Waller. Implementation Note issued September 22, 2021"
2021-12-15,Charles L. Evans,FOR,HOLD,HOLD,COMMITTEE_HOLD,0,0,VOTE_ACTION_PROXY,2021-12-15,https://www.federalreserve.gov/newsevents/pressreleases/monetary20211215a.htm,"Voting for the monetary policy action were Jerome H. Powell, Chair; John C. Williams, Vice Chair; Thomas I. Barkin; Raphael W. Bostic; Michelle W. Bowman; Lael Brainard; Richard H. Clarida; Mary C. Daly; Charles L. Evans; Randal K. Quarles; and Christopher J. Waller. Implementation Note issued December 15, 2021"
2021-12-15,Jerome H. Powell,FOR,HOLD,HOLD,COMMITTEE_HOLD,0,0,VOTE_ACTION_PROXY,2021-12-15,https://www.federalreserve.gov/newsevents/pressreleases/monetary20211215a.htm,"Voting for the monetary policy action were Jerome H. Powell, Chair; John C. Williams, Vice Chair; Thomas I. Barkin; Raphael W. Bostic; Michelle W. Bowman; Lael Brainard; Richard H. Clarida; Mary C. Daly; Charles L. Evans; Randal K. Quarles; and Christopher J. Waller. Implementation Note issued December 15, 2021"
2021-12-15,John C. Williams,FOR,HOLD,HOLD,COMMITTEE_HOLD,0,0,VOTE_ACTION_PROXY,2021-12-15,https://www.federalreserve.gov/newsevents/pressreleases/monetary20211215a.htm,"Voting for the monetary policy action were Jerome H. Powell, Chair; John C. Williams, Vice Chair; Thomas I. Barkin; Raphael W. Bostic; Michelle W. Bowman; Lael Brainard; Richard H. Clarida; Mary C. Daly; Charles L. Evans; Randal K. Quarles; and Christopher J. Waller. Implementation Note issued December 15, 2021"
2021-12-15,Lael Brainard,FOR,HOLD,HOLD,COMMITTEE_HOLD,0,0,VOTE_ACTION_PROXY,2021-12-15,https://www.federalreserve.gov/newsevents/pressreleases/monetary20211215a.htm,"Voting for the monetary policy action were Jerome H. Powell, Chair; John C. Williams, Vice Chair; Thomas I. Barkin; Raphael W. Bostic; Michelle W. Bowman; Lael Brainard; Richard H. Clarida; Mary C. Daly; Charles L. Evans; Randal K. Quarles; and Christopher J. Waller. Implementation Note issued December 15, 2021"
2021-12-15,Mary C. Daly,FOR,HOLD,HOLD,COMMITTEE_HOLD,0,0,VOTE_ACTION_PROXY,2021-12-15,https://www.federalreserve.gov/newsevents/pressreleases/monetary20211215a.htm,"Voting for the monetary policy action were Jerome H. Powell, Chair; John C. Williams, Vice Chair; Thomas I. Barkin; Raphael W. Bostic; Michelle W. Bowman; Lael Brainard; Richard H. Clarida; Mary C. Daly; Charles L. Evans; Randal K. Quarles; and Christopher J. Waller. Implementation Note issued December 15, 2021"
2021-12-15,Michelle W. Bowman,FOR,HOLD,HOLD,COMMITTEE_HOLD,0,0,VOTE_ACTION_PROXY,2021-12-15,https://www.federalreserve.gov/newsevents/pressreleases/monetary20211215a.htm,"Voting for the monetary policy action were Jerome H. Powell, Chair; John C. Williams, Vice Chair; Thomas I. Barkin; Raphael W. Bostic; Michelle W. Bowman; Lael Brainard; Richard H. Clarida; Mary C. Daly; Charles L. Evans; Randal K. Quarles; and Christopher J. Waller. Implementation Note issued December 15, 2021"
2021-12-15,Randal K. Quarles,FOR,HOLD,HOLD,COMMITTEE_HOLD,0,0,VOTE_ACTION_PROXY,2021-12-15,https://www.federalreserve.gov/newsevents/pressreleases/monetary20211215a.htm,"Voting for the monetary policy action were Jerome H. Powell, Chair; John C. Williams, Vice Chair; Thomas I. Barkin; Raphael W. Bostic; Michelle W. Bowman; Lael Brainard; Richard H. Clarida; Mary C. Daly; Charles L. Evans; Randal K. Quarles; and Christopher J. Waller. Implementation Note issued December 15, 2021"
2021-12-15,Raphael W. Bostic,FOR,HOLD,HOLD,COMMITTEE_HOLD,0,0,VOTE_ACTION_PROXY,2021-12-15,https://www.federalreserve.gov/newsevents/pressreleases/monetary20211215a.htm,"Voting for the monetary policy action were Jerome H. Powell, Chair; John C. Williams, Vice Chair; Thomas I. Barkin; Raphael W. Bostic; Michelle W. Bowman; Lael Brainard; Richard H. Clarida; Mary C. Daly; Charles L. Evans; Randal K. Quarles; and Christopher J. Waller. Implementation Note issued December 15, 2021"
2021-12-15,Richard H. Clarida,FOR,HOLD,HOLD,COMMITTEE_HOLD,0,0,VOTE_ACTION_PROXY,2021-12-15,https://www.federalreserve.gov/newsevents/pressreleases/monetary20211215a.htm,"Voting for the monetary policy action were Jerome H. Powell, Chair; John C. Williams, Vice Chair; Thomas I. Barkin; Raphael W. Bostic; Michelle W. Bowman; Lael Brainard; Richard H. Clarida; Mary C. Daly; Charles L. Evans; Randal K. Quarles; and Christopher J. Waller. Implementation Note issued December 15, 2021"
2021-12-15,Thomas I. Barkin,FOR,HOLD,HOLD,COMMITTEE_HOLD,0,0,VOTE_ACTION_PROXY,2021-12-15,https://www.federalreserve.gov/newsevents/pressreleases/monetary20211215a.htm,"Voting for the monetary policy action were Jerome H. Powell, Chair; John C. Williams, Vice Chair; Thomas I. Barkin; Raphael W. Bostic; Michelle W. Bowman; Lael Brainard; Richard H. Clarida; Mary C. Daly; Charles L. Evans; Randal K. Quarles; and Christopher J. Waller. Implementation Note issued December 15, 2021"
2022-03-16,Christopher J. Waller,FOR,HIKE,HIKE,COMMITTEE_HIKE,1,,VOTE_ACTION_PROXY,2022-03-16,https://www.federalreserve.gov/newsevents/pressreleases/monetary20220316a.htm,"Voting for the monetary policy action were Jerome H. Powell, Chair; John C. Williams, Vice Chair; Michelle W. Bowman; Lael Brainard; Esther L. George; Patrick Harker; Loretta J. Mester; and Christopher J. Waller. Voting against this action was James Bullard, who preferred at this meeting to raise the target range for the federal funds rate by 0.5 percentage point to 1/2 to 3/4 percent. Patrick Harker voted as an alternate member at this meeting. Implementation Note issued March 16, 2022"
2022-03-16,Esther L. George,FOR,HIKE,HIKE,COMMITTEE_HIKE,1,,VOTE_ACTION_PROXY,2022-03-16,https://www.federalreserve.gov/newsevents/pressreleases/monetary20220316a.htm,"Voting for the monetary policy action were Jerome H. Powell, Chair; John C. Williams, Vice Chair; Michelle W. Bowman; Lael Brainard; Esther L. George; Patrick Harker; Loretta J. Mester; and Christopher J. Waller. Voting against this action was James Bullard, who preferred at this meeting to raise the target range for the federal funds rate by 0.5 percentage point to 1/2 to 3/4 percent. Patrick Harker voted as an alternate member at this meeting. Implementation Note issued March 16, 2022"
2022-03-16,James Bullard,AGAINST,HIKE,HIKE_50BP,TIGHTER,2,,VOTE_DISSENT,2022-03-16,https://www.federalreserve.gov/newsevents/pressreleases/monetary20220316a.htm,"Voting for the monetary policy action were Jerome H. Powell, Chair; John C. Williams, Vice Chair; Michelle W. Bowman; Lael Brainard; Esther L. George; Patrick Harker; Loretta J. Mester; and Christopher J. Waller. Voting against this action was James Bullard, who preferred at this meeting to raise the target range for the federal funds rate by 0.5 percentage point to 1/2 to 3/4 percent. Patrick Harker voted as an alternate member at this meeting. Implementation Note issued March 16, 2022"
2022-03-16,Jerome H. Powell,FOR,HIKE,HIKE,COMMITTEE_HIKE,1,1,VOTE_ACTION_PROXY,2022-03-16,https://www.federalreserve.gov/newsevents/pressreleases/monetary20220316a.htm,"Voting for the monetary policy action were Jerome H. Powell, Chair; John C. Williams, Vice Chair; Michelle W. Bowman; Lael Brainard; Esther L. George; Patrick Harker; Loretta J. Mester; and Christopher J. Waller. Voting against this action was James Bullard, who preferred at this meeting to raise the target range for the federal funds rate by 0.5 percentage point to 1/2 to 3/4 percent. Patrick Harker voted as an alternate member at this meeting. Implementation Note issued March 16, 2022"
2022-03-16,John C. Williams,FOR,HIKE,HIKE,COMMITTEE_HIKE,1,1,VOTE_ACTION_PROXY,2022-03-16,https://www.federalreserve.gov/newsevents/pressreleases/monetary20220316a.htm,"Voting for the monetary policy action were Jerome H. Powell, Chair; John C. Williams, Vice Chair; Michelle W. Bowman; Lael Brainard; Esther L. George; Patrick Harker; Loretta J. Mester; and Christopher J. Waller. Voting against this action was James Bullard, who preferred at this meeting to raise the target range for the federal funds rate by 0.5 percentage point to 1/2 to 3/4 percent. Patrick Harker voted as an alternate member at this meeting. Implementation Note issued March 16, 2022"
2022-03-16,Lael Brainard,FOR,HIKE,HIKE,COMMITTEE_HIKE,1,1,VOTE_ACTION_PROXY,2022-03-16,https://www.federalreserve.gov/newsevents/pressreleases/monetary20220316a.htm,"Voting for the monetary policy action were Jerome H. Powell, Chair; John C. Williams, Vice Chair; Michelle W. Bowman; Lael Brainard; Esther L. George; Patrick Harker; Loretta J. Mester; and Christopher J. Waller. Voting against this action was James Bullard, who preferred at this meeting to raise the target range for the federal funds rate by 0.5 percentage point to 1/2 to 3/4 percent. Patrick Harker voted as an alternate member at this meeting. Implementation Note issued March 16, 2022"
2022-03-16,Loretta J. Mester,FOR,HIKE,HIKE,COMMITTEE_HIKE,1,,VOTE_ACTION_PROXY,2022-03-16,https://www.federalreserve.gov/newsevents/pressreleases/monetary20220316a.htm,"Voting for the monetary policy action were Jerome H. Powell, Chair; John C. Williams, Vice Chair; Michelle W. Bowman; Lael Brainard; Esther L. George; Patrick Harker; Loretta J. Mester; and Christopher J. Waller. Voting against this action was James Bullard, who preferred at this meeting to raise the target range for the federal funds rate by 0.5 percentage point to 1/2 to 3/4 percent. Patrick Harker voted as an alternate member at this meeting. Implementation Note issued March 16, 2022"
2022-03-16,Michelle W. Bowman,FOR,HIKE,HIKE,COMMITTEE_HIKE,1,1,VOTE_ACTION_PROXY,2022-03-16,https://www.federalreserve.gov/newsevents/pressreleases/monetary20220316a.htm,"Voting for the monetary policy action were Jerome H. Powell, Chair; John C. Williams, Vice Chair; Michelle W. Bowman; Lael Brainard; Esther L. George; Patrick Harker; Loretta J. Mester; and Christopher J. Waller. Voting against this action was James Bullard, who preferred at this meeting to raise the target range for the federal funds rate by 0.5 percentage point to 1/2 to 3/4 percent. Patrick Harker voted as an alternate member at this meeting. Implementation Note issued March 16, 2022"
2022-03-16,Patrick Harker,FOR,HIKE,HIKE,COMMITTEE_HIKE,1,,VOTE_ACTION_PROXY,2022-03-16,https://www.federalreserve.gov/newsevents/pressreleases/monetary20220316a.htm,"Voting for the monetary policy action were Jerome H. Powell, Chair; John C. Williams, Vice Chair; Michelle W. Bowman; Lael Brainard; Esther L. George; Patrick Harker; Loretta J. Mester; and Christopher J. Waller. Voting against this action was James Bullard, who preferred at this meeting to raise the target range for the federal funds rate by 0.5 percentage point to 1/2 to 3/4 percent. Patrick Harker voted as an alternate member at this meeting. Implementation Note issued March 16, 2022"
2022-06-15,Christopher J. Waller,FOR,HIKE,HIKE,COMMITTEE_HIKE,1,0,VOTE_ACTION_PROXY,2022-06-15,https://www.federalreserve.gov/newsevents/pressreleases/monetary20220615a.htm,"Voting for the monetary policy action were Jerome H. Powell, Chair; John C. Williams, Vice Chair; Michelle W. Bowman; Lael Brainard; James Bullard; Lisa D. Cook; Patrick Harker; Philip N. Jefferson; Loretta J. Mester; and Christopher J. Waller. Voting against this action was Esther L. George, who preferred at this meeting to raise the target range for the federal funds rate by 0.5 percentage point to 1-1/4 percent to 1-1/2 percent. Patrick Harker voted as an alternate member at this meeting. Implementation Note issued June 15, 2022"
2022-06-15,Esther L. George,AGAINST,HIKE,HIKE_50BP,EASIER,-2,-3,VOTE_DISSENT,2022-06-15,https://www.federalreserve.gov/newsevents/pressreleases/monetary20220615a.htm,"Voting for the monetary policy action were Jerome H. Powell, Chair; John C. Williams, Vice Chair; Michelle W. Bowman; Lael Brainard; James Bullard; Lisa D. Cook; Patrick Harker; Philip N. Jefferson; Loretta J. Mester; and Christopher J. Waller. Voting against this action was Esther L. George, who preferred at this meeting to raise the target range for the federal funds rate by 0.5 percentage point to 1-1/4 percent to 1-1/2 percent. Patrick Harker voted as an alternate member at this meeting. Implementation Note issued June 15, 2022"
2022-06-15,James Bullard,FOR,HIKE,HIKE,COMMITTEE_HIKE,1,-1,VOTE_ACTION_PROXY,2022-06-15,https://www.federalreserve.gov/newsevents/pressreleases/monetary20220615a.htm,"Voting for the monetary policy action were Jerome H. Powell, Chair; John C. Williams, Vice Chair; Michelle W. Bowman; Lael Brainard; James Bullard; Lisa D. Cook; Patrick Harker; Philip N. Jefferson; Loretta J. Mester; and Christopher J. Waller. Voting against this action was Esther L. George, who preferred at this meeting to raise the target range for the federal funds rate by 0.5 percentage point to 1-1/4 percent to 1-1/2 percent. Patrick Harker voted as an alternate member at this meeting. Implementation Note issued June 15, 2022"
2022-06-15,Jerome H. Powell,FOR,HIKE,HIKE,COMMITTEE_HIKE,1,0,VOTE_ACTION_PROXY,2022-06-15,https://www.federalreserve.gov/newsevents/pressreleases/monetary20220615a.htm,"Voting for the monetary policy action were Jerome H. Powell, Chair; John C. Williams, Vice Chair; Michelle W. Bowman; Lael Brainard; James Bullard; Lisa D. Cook; Patrick Harker; Philip N. Jefferson; Loretta J. Mester; and Christopher J. Waller. Voting against this action was Esther L. George, who preferred at this meeting to raise the target range for the federal funds rate by 0.5 percentage point to 1-1/4 percent to 1-1/2 percent. Patrick Harker voted as an alternate member at this meeting. Implementation Note issued June 15, 2022"
2022-06-15,John C. Williams,FOR,HIKE,HIKE,COMMITTEE_HIKE,1,0,VOTE_ACTION_PROXY,2022-06-15,https://www.federalreserve.gov/newsevents/pressreleases/monetary20220615a.htm,"Voting for the monetary policy action were Jerome H. Powell, Chair; John C. Williams, Vice Chair; Michelle W. Bowman; Lael Brainard; James Bullard; Lisa D. Cook; Patrick Harker; Philip N. Jefferson; Loretta J. Mester; and Christopher J. Waller. Voting against this action was Esther L. George, who preferred at this meeting to raise the target range for the federal funds rate by 0.5 percentage point to 1-1/4 percent to 1-1/2 percent. Patrick Harker voted as an alternate member at this meeting. Implementation Note issued June 15, 2022"
2022-06-15,Lael Brainard,FOR,HIKE,HIKE,COMMITTEE_HIKE,1,0,VOTE_ACTION_PROXY,2022-06-15,https://www.federalreserve.gov/newsevents/pressreleases/monetary20220615a.htm,"Voting for the monetary policy action were Jerome H. Powell, Chair; John C. Williams, Vice Chair; Michelle W. Bowman; Lael Brainard; James Bullard; Lisa D. Cook; Patrick Harker; Philip N. Jefferson; Loretta J. Mester; and Christopher J. Waller. Voting against this action was Esther L. George, who preferred at this meeting to raise the target range for the federal funds rate by 0.5 percentage point to 1-1/4 percent to 1-1/2 percent. Patrick Harker voted as an alternate member at this meeting. Implementation Note issued June 15, 2022"
2022-06-15,Lisa D. Cook,FOR,HIKE,HIKE,COMMITTEE_HIKE,1,,VOTE_ACTION_PROXY,2022-06-15,https://www.federalreserve.gov/newsevents/pressreleases/monetary20220615a.htm,"Voting for the monetary policy action were Jerome H. Powell, Chair; John C. Williams, Vice Chair; Michelle W. Bowman; Lael Brainard; James Bullard; Lisa D. Cook; Patrick Harker; Philip N. Jefferson; Loretta J. Mester; and Christopher J. Waller. Voting against this action was Esther L. George, who preferred at this meeting to raise the target range for the federal funds rate by 0.5 percentage point to 1-1/4 percent to 1-1/2 percent. Patrick Harker voted as an alternate member at this meeting. Implementation Note issued June 15, 2022"
2022-06-15,Loretta J. Mester,FOR,HIKE,HIKE,COMMITTEE_HIKE,1,0,VOTE_ACTION_PROXY,2022-06-15,https://www.federalreserve.gov/newsevents/pressreleases/monetary20220615a.htm,"Voting for the monetary policy action were Jerome H. Powell, Chair; John C. Williams, Vice Chair; Michelle W. Bowman; Lael Brainard; James Bullard; Lisa D. Cook; Patrick Harker; Philip N. Jefferson; Loretta J. Mester; and Christopher J. Waller. Voting against this action was Esther L. George, who preferred at this meeting to raise the target range for the federal funds rate by 0.5 percentage point to 1-1/4 percent to 1-1/2 percent. Patrick Harker voted as an alternate member at this meeting. Implementation Note issued June 15, 2022"
2022-06-15,Michelle W. Bowman,FOR,HIKE,HIKE,COMMITTEE_HIKE,1,0,VOTE_ACTION_PROXY,2022-06-15,https://www.federalreserve.gov/newsevents/pressreleases/monetary20220615a.htm,"Voting for the monetary policy action were Jerome H. Powell, Chair; John C. Williams, Vice Chair; Michelle W. Bowman; Lael Brainard; James Bullard; Lisa D. Cook; Patrick Harker; Philip N. Jefferson; Loretta J. Mester; and Christopher J. Waller. Voting against this action was Esther L. George, who preferred at this meeting to raise the target range for the federal funds rate by 0.5 percentage point to 1-1/4 percent to 1-1/2 percent. Patrick Harker voted as an alternate member at this meeting. Implementation Note issued June 15, 2022"
2022-06-15,Patrick Harker,FOR,HIKE,HIKE,COMMITTEE_HIKE,1,0,VOTE_ACTION_PROXY,2022-06-15,https://www.federalreserve.gov/newsevents/pressreleases/monetary20220615a.htm,"Voting for the monetary policy action were Jerome H. Powell, Chair; John C. Williams, Vice Chair; Michelle W. Bowman; Lael Brainard; James Bullard; Lisa D. Cook; Patrick Harker; Philip N. Jefferson; Loretta J. Mester; and Christopher J. Waller. Voting against this action was Esther L. George, who preferred at this meeting to raise the target range for the federal funds rate by 0.5 percentage point to 1-1/4 percent to 1-1/2 percent. Patrick Harker voted as an alternate member at this meeting. Implementation Note issued June 15, 2022"
2022-06-15,Philip N. Jefferson,FOR,HIKE,HIKE,COMMITTEE_HIKE,1,,VOTE_ACTION_PROXY,2022-06-15,https://www.federalreserve.gov/newsevents/pressreleases/monetary20220615a.htm,"Voting for the monetary policy action were Jerome H. Powell, Chair; John C. Williams, Vice Chair; Michelle W. Bowman; Lael Brainard; James Bullard; Lisa D. Cook; Patrick Harker; Philip N. Jefferson; Loretta J. Mester; and Christopher J. Waller. Voting against this action was Esther L. George, who preferred at this meeting to raise the target range for the federal funds rate by 0.5 percentage point to 1-1/4 percent to 1-1/2 percent. Patrick Harker voted as an alternate member at this meeting. Implementation Note issued June 15, 2022"
2022-09-21,Esther L. George,FOR,HIKE,HIKE,COMMITTEE_HIKE,1,3,VOTE_ACTION_PROXY,2022-09-21,https://www.federalreserve.gov/newsevents/pressreleases/monetary20220921a.htm,"Voting for the monetary policy action were Jerome H. Powell, Chair; John C. Williams, Vice Chair; Michael S. Barr; Michelle W. Bowman; Lael Brainard; James Bullard; Susan M. Collins; Lisa D. Cook; Esther L. George; Philip N. Jefferson; Loretta J. Mester; and Christopher J. Waller. Implementation Note issued September 21, 2022"
2022-09-21,James Bullard,FOR,HIKE,HIKE,COMMITTEE_HIKE,1,0,VOTE_ACTION_PROXY,2022-09-21,https://www.federalreserve.gov/newsevents/pressreleases/monetary20220921a.htm,"Voting for the monetary policy action were Jerome H. Powell, Chair; John C. Williams, Vice Chair; Michael S. Barr; Michelle W. Bowman; Lael Brainard; James Bullard; Susan M. Collins; Lisa D. Cook; Esther L. George; Philip N. Jefferson; Loretta J. Mester; and Christopher J. Waller. Implementation Note issued September 21, 2022"
2022-09-21,Jerome H. Powell,FOR,HIKE,HIKE,COMMITTEE_HIKE,1,0,VOTE_ACTION_PROXY,2022-09-21,https://www.federalreserve.gov/newsevents/pressreleases/monetary20220921a.htm,"Voting for the monetary policy action were Jerome H. Powell, Chair; John C. Williams, Vice Chair; Michael S. Barr; Michelle W. Bowman; Lael Brainard; James Bullard; Susan M. Collins; Lisa D. Cook; Esther L. George; Philip N. Jefferson; Loretta J. Mester; and Christopher J. Waller. Implementation Note issued September 21, 2022"
2022-09-21,John C. Williams,FOR,HIKE,HIKE,COMMITTEE_HIKE,1,0,VOTE_ACTION_PROXY,2022-09-21,https://www.federalreserve.gov/newsevents/pressreleases/monetary20220921a.htm,"Voting for the monetary policy action were Jerome H. Powell, Chair; John C. Williams, Vice Chair; Michael S. Barr; Michelle W. Bowman; Lael Brainard; James Bullard; Susan M. Collins; Lisa D. Cook; Esther L. George; Philip N. Jefferson; Loretta J. Mester; and Christopher J. Waller. Implementation Note issued September 21, 2022"
2022-09-21,Lael Brainard,FOR,HIKE,HIKE,COMMITTEE_HIKE,1,0,VOTE_ACTION_PROXY,2022-09-21,https://www.federalreserve.gov/newsevents/pressreleases/monetary20220921a.htm,"Voting for the monetary policy action were Jerome H. Powell, Chair; John C. Williams, Vice Chair; Michael S. Barr; Michelle W. Bowman; Lael Brainard; James Bullard; Susan M. Collins; Lisa D. Cook; Esther L. George; Philip N. Jefferson; Loretta J. Mester; and Christopher J. Waller. Implementation Note issued September 21, 2022"
2022-09-21,Lisa D. Cook,FOR,HIKE,HIKE,COMMITTEE_HIKE,1,0,VOTE_ACTION_PROXY,2022-09-21,https://www.federalreserve.gov/newsevents/pressreleases/monetary20220921a.htm,"Voting for the monetary policy action were Jerome H. Powell, Chair; John C. Williams, Vice Chair; Michael S. Barr; Michelle W. Bowman; Lael Brainard; James Bullard; Susan M. Collins; Lisa D. Cook; Esther L. George; Philip N. Jefferson; Loretta J. Mester; and Christopher J. Waller. Implementation Note issued September 21, 2022"
2022-09-21,Loretta J. Mester,FOR,HIKE,HIKE,COMMITTEE_HIKE,1,0,VOTE_ACTION_PROXY,2022-09-21,https://www.federalreserve.gov/newsevents/pressreleases/monetary20220921a.htm,"Voting for the monetary policy action were Jerome H. Powell, Chair; John C. Williams, Vice Chair; Michael S. Barr; Michelle W. Bowman; Lael Brainard; James Bullard; Susan M. Collins; Lisa D. Cook; Esther L. George; Philip N. Jefferson; Loretta J. Mester; and Christopher J. Waller. Implementation Note issued September 21, 2022"
2022-09-21,Michael S. Barr,FOR,HIKE,HIKE,COMMITTEE_HIKE,1,,VOTE_ACTION_PROXY,2022-09-21,https://www.federalreserve.gov/newsevents/pressreleases/monetary20220921a.htm,"Voting for the monetary policy action were Jerome H. Powell, Chair; John C. Williams, Vice Chair; Michael S. Barr; Michelle W. Bowman; Lael Brainard; James Bullard; Susan M. Collins; Lisa D. Cook; Esther L. George; Philip N. Jefferson; Loretta J. Mester; and Christopher J. Waller. Implementation Note issued September 21, 2022"
2022-09-21,Michelle W. Bowman,FOR,HIKE,HIKE,COMMITTEE_HIKE,1,0,VOTE_ACTION_PROXY,2022-09-21,https://www.federalreserve.gov/newsevents/pressreleases/monetary20220921a.htm,"Voting for the monetary policy action were Jerome H. Powell, Chair; John C. Williams, Vice Chair; Michael S. Barr; Michelle W. Bowman; Lael Brainard; James Bullard; Susan M. Collins; Lisa D. Cook; Esther L. George; Philip N. Jefferson; Loretta J. Mester; and Christopher J. Waller. Implementation Note issued September 21, 2022"
2022-09-21,Philip N. Jefferson,FOR,HIKE,HIKE,COMMITTEE_HIKE,1,0,VOTE_ACTION_PROXY,2022-09-21,https://www.federalreserve.gov/newsevents/pressreleases/monetary20220921a.htm,"Voting for the monetary policy action were Jerome H. Powell, Chair; John C. Williams, Vice Chair; Michael S. Barr; Michelle W. Bowman; Lael Brainard; James Bullard; Susan M. Collins; Lisa D. Cook; Esther L. George; Philip N. Jefferson; Loretta J. Mester; and Christopher J. Waller. Implementation Note issued September 21, 2022"
2022-09-21,Susan M. Collins,FOR,HIKE,HIKE,COMMITTEE_HIKE,1,,VOTE_ACTION_PROXY,2022-09-21,https://www.federalreserve.gov/newsevents/pressreleases/monetary20220921a.htm,"Voting for the monetary policy action were Jerome H. Powell, Chair; John C. Williams, Vice Chair; Michael S. Barr; Michelle W. Bowman; Lael Brainard; James Bullard; Susan M. Collins; Lisa D. Cook; Esther L. George; Philip N. Jefferson; Loretta J. Mester; and Christopher J. Waller. Implementation Note issued September 21, 2022"
2022-12-14,Christopher J. Waller,FOR,HIKE,HIKE,COMMITTEE_HIKE,1,,VOTE_ACTION_PROXY,2022-12-14,https://www.federalreserve.gov/newsevents/pressreleases/monetary20221214a.htm,"Voting for the monetary policy action were Jerome H. Powell, Chair; John C. Williams, Vice Chair; Michael S. Barr; Michelle W. Bowman; Lael Brainard; James Bullard; Susan M. Collins; Lisa D. Cook; Esther L. George; Philip N. Jefferson; Loretta J. Mester; and Christopher J. Waller."
2022-12-14,Esther L. George,FOR,HIKE,HIKE,COMMITTEE_HIKE,1,0,VOTE_ACTION_PROXY,2022-12-14,https://www.federalreserve.gov/newsevents/pressreleases/monetary20221214a.htm,"Voting for the monetary policy action were Jerome H. Powell, Chair; John C. Williams, Vice Chair; Michael S. Barr; Michelle W. Bowman; Lael Brainard; James Bullard; Susan M. Collins; Lisa D. Cook; Esther L. George; Philip N. Jefferson; Loretta J. Mester; and Christopher J. Waller."
2022-12-14,James Bullard,FOR,HIKE,HIKE,COMMITTEE_HIKE,1,0,VOTE_ACTION_PROXY,2022-12-14,https://www.federalreserve.gov/newsevents/pressreleases/monetary20221214a.htm,"Voting for the monetary policy action were Jerome H. Powell, Chair; John C. Williams, Vice Chair; Michael S. Barr; Michelle W. Bowman; Lael Brainard; James Bullard; Susan M. Collins; Lisa D. Cook; Esther L. George; Philip N. Jefferson; Loretta J. Mester; and Christopher J. Waller."
2022-12-14,Jerome H. Powell,FOR,HIKE,HIKE,COMMITTEE_HIKE,1,0,VOTE_ACTION_PROXY,2022-12-14,https://www.federalreserve.gov/newsevents/pressreleases/monetary20221214a.htm,"Voting for the monetary policy action were Jerome H. Powell, Chair; John C. Williams, Vice Chair; Michael S. Barr; Michelle W. Bowman; Lael Brainard; James Bullard; Susan M. Collins; Lisa D. Cook; Esther L. George; Philip N. Jefferson; Loretta J. Mester; and Christopher J. Waller."
2022-12-14,John C. Williams,FOR,HIKE,HIKE,COMMITTEE_HIKE,1,0,VOTE_ACTION_PROXY,2022-12-14,https://www.federalreserve.gov/newsevents/pressreleases/monetary20221214a.htm,"Voting for the monetary policy action were Jerome H. Powell, Chair; John C. Williams, Vice Chair; Michael S. Barr; Michelle W. Bowman; Lael Brainard; James Bullard; Susan M. Collins; Lisa D. Cook; Esther L. George; Philip N. Jefferson; Loretta J. Mester; and Christopher J. Waller."
2022-12-14,Lael Brainard,FOR,HIKE,HIKE,COMMITTEE_HIKE,1,0,VOTE_ACTION_PROXY,2022-12-14,https://www.federalreserve.gov/newsevents/pressreleases/monetary20221214a.htm,"Voting for the monetary policy action were Jerome H. Powell, Chair; John C. Williams, Vice Chair; Michael S. Barr; Michelle W. Bowman; Lael Brainard; James Bullard; Susan M. Collins; Lisa D. Cook; Esther L. George; Philip N. Jefferson; Loretta J. Mester; and Christopher J. Waller."
2022-12-14,Lisa D. Cook,FOR,HIKE,HIKE,COMMITTEE_HIKE,1,0,VOTE_ACTION_PROXY,2022-12-14,https://www.federalreserve.gov/newsevents/pressreleases/monetary20221214a.htm,"Voting for the monetary policy action were Jerome H. Powell, Chair; John C. Williams, Vice Chair; Michael S. Barr; Michelle W. Bowman; Lael Brainard; James Bullard; Susan M. Collins; Lisa D. Cook; Esther L. George; Philip N. Jefferson; Loretta J. Mester; and Christopher J. Waller."
2022-12-14,Loretta J. Mester,FOR,HIKE,HIKE,COMMITTEE_HIKE,1,0,VOTE_ACTION_PROXY,2022-12-14,https://www.federalreserve.gov/newsevents/pressreleases/monetary20221214a.htm,"Voting for the monetary policy action were Jerome H. Powell, Chair; John C. Williams, Vice Chair; Michael S. Barr; Michelle W. Bowman; Lael Brainard; James Bullard; Susan M. Collins; Lisa D. Cook; Esther L. George; Philip N. Jefferson; Loretta J. Mester; and Christopher J. Waller."
2022-12-14,Michael S. Barr,FOR,HIKE,HIKE,COMMITTEE_HIKE,1,0,VOTE_ACTION_PROXY,2022-12-14,https://www.federalreserve.gov/newsevents/pressreleases/monetary20221214a.htm,"Voting for the monetary policy action were Jerome H. Powell, Chair; John C. Williams, Vice Chair; Michael S. Barr; Michelle W. Bowman; Lael Brainard; James Bullard; Susan M. Collins; Lisa D. Cook; Esther L. George; Philip N. Jefferson; Loretta J. Mester; and Christopher J. Waller."
2022-12-14,Michelle W. Bowman,FOR,HIKE,HIKE,COMMITTEE_HIKE,1,0,VOTE_ACTION_PROXY,2022-12-14,https://www.federalreserve.gov/newsevents/pressreleases/monetary20221214a.htm,"Voting for the monetary policy action were Jerome H. Powell, Chair; John C. Williams, Vice Chair; Michael S. Barr; Michelle W. Bowman; Lael Brainard; James Bullard; Susan M. Collins; Lisa D. Cook; Esther L. George; Philip N. Jefferson; Loretta J. Mester; and Christopher J. Waller."
2022-12-14,Philip N. Jefferson,FOR,HIKE,HIKE,COMMITTEE_HIKE,1,0,VOTE_ACTION_PROXY,2022-12-14,https://www.federalreserve.gov/newsevents/pressreleases/monetary20221214a.htm,"Voting for the monetary policy action were Jerome H. Powell, Chair; John C. Williams, Vice Chair; Michael S. Barr; Michelle W. Bowman; Lael Brainard; James Bullard; Susan M. Collins; Lisa D. Cook; Esther L. George; Philip N. Jefferson; Loretta J. Mester; and Christopher J. Waller."
2022-12-14,Susan M. Collins,FOR,HIKE,HIKE,COMMITTEE_HIKE,1,0,VOTE_ACTION_PROXY,2022-12-14,https://www.federalreserve.gov/newsevents/pressreleases/monetary20221214a.htm,"Voting for the monetary policy action were Jerome H. Powell, Chair; John C. Williams, Vice Chair; Michael S. Barr; Michelle W. Bowman; Lael Brainard; James Bullard; Susan M. Collins; Lisa D. Cook; Esther L. George; Philip N. Jefferson; Loretta J. Mester; and Christopher J. Waller."
2023-03-22,Austan D. Goolsbee,FOR,HIKE,HIKE,COMMITTEE_HIKE,1,,VOTE_ACTION_PROXY,2023-03-22,https://www.federalreserve.gov/newsevents/pressreleases/monetary20230322a.htm,"Voting for the monetary policy action were Jerome H. Powell, Chair; John C. Williams, Vice Chair; Michael S. Barr; Michelle W. Bowman; Lisa D. Cook; Austan D. Goolsbee; Patrick Harker; Philip N. Jefferson; Neel Kashkari; Lorie K. Logan; and Christopher J. Waller."
2023-03-22,Christopher J. Waller,FOR,HIKE,HIKE,COMMITTEE_HIKE,1,0,VOTE_ACTION_PROXY,2023-03-22,https://www.federalreserve.gov/newsevents/pressreleases/monetary20230322a.htm,"Voting for the monetary policy action were Jerome H. Powell, Chair; John C. Williams, Vice Chair; Michael S. Barr; Michelle W. Bowman; Lisa D. Cook; Austan D. Goolsbee; Patrick Harker; Philip N. Jefferson; Neel Kashkari; Lorie K. Logan; and Christopher J. Waller."
2023-03-22,Jerome H. Powell,FOR,HIKE,HIKE,COMMITTEE_HIKE,1,0,VOTE_ACTION_PROXY,2023-03-22,https://www.federalreserve.gov/newsevents/pressreleases/monetary20230322a.htm,"Voting for the monetary policy action were Jerome H. Powell, Chair; John C. Williams, Vice Chair; Michael S. Barr; Michelle W. Bowman; Lisa D. Cook; Austan D. Goolsbee; Patrick Harker; Philip N. Jefferson; Neel Kashkari; Lorie K. Logan; and Christopher J. Waller."
2023-03-22,John C. Williams,FOR,HIKE,HIKE,COMMITTEE_HIKE,1,0,VOTE_ACTION_PROXY,2023-03-22,https://www.federalreserve.gov/newsevents/pressreleases/monetary20230322a.htm,"Voting for the monetary policy action were Jerome H. Powell, Chair; John C. Williams, Vice Chair; Michael S. Barr; Michelle W. Bowman; Lisa D. Cook; Austan D. Goolsbee; Patrick Harker; Philip N. Jefferson; Neel Kashkari; Lorie K. Logan; and Christopher J. Waller."
2023-03-22,Lisa D. Cook,FOR,HIKE,HIKE,COMMITTEE_HIKE,1,0,VOTE_ACTION_PROXY,2023-03-22,https://www.federalreserve.gov/newsevents/pressreleases/monetary20230322a.htm,"Voting for the monetary policy action were Jerome H. Powell, Chair; John C. Williams, Vice Chair; Michael S. Barr; Michelle W. Bowman; Lisa D. Cook; Austan D. Goolsbee; Patrick Harker; Philip N. Jefferson; Neel Kashkari; Lorie K. Logan; and Christopher J. Waller."
2023-03-22,Lorie K. Logan,FOR,HIKE,HIKE,COMMITTEE_HIKE,1,,VOTE_ACTION_PROXY,2023-03-22,https://www.federalreserve.gov/newsevents/pressreleases/monetary20230322a.htm,"Voting for the monetary policy action were Jerome H. Powell, Chair; John C. Williams, Vice Chair; Michael S. Barr; Michelle W. Bowman; Lisa D. Cook; Austan D. Goolsbee; Patrick Harker; Philip N. Jefferson; Neel Kashkari; Lorie K. Logan; and Christopher J. Waller."
2023-03-22,Michael S. Barr,FOR,HIKE,HIKE,COMMITTEE_HIKE,1,0,VOTE_ACTION_PROXY,2023-03-22,https://www.federalreserve.gov/newsevents/pressreleases/monetary20230322a.htm,"Voting for the monetary policy action were Jerome H. Powell, Chair; John C. Williams, Vice Chair; Michael S. Barr; Michelle W. Bowman; Lisa D. Cook; Austan D. Goolsbee; Patrick Harker; Philip N. Jefferson; Neel Kashkari; Lorie K. Logan; and Christopher J. Waller."
2023-03-22,Michelle W. Bowman,FOR,HIKE,HIKE,COMMITTEE_HIKE,1,0,VOTE_ACTION_PROXY,2023-03-22,https://www.federalreserve.gov/newsevents/pressreleases/monetary20230322a.htm,"Voting for the monetary policy action were Jerome H. Powell, Chair; John C. Williams, Vice Chair; Michael S. Barr; Michelle W. Bowman; Lisa D. Cook; Austan D. Goolsbee; Patrick Harker; Philip N. Jefferson; Neel Kashkari; Lorie K. Logan; and Christopher J. Waller."
2023-03-22,Neel Kashkari,FOR,HIKE,HIKE,COMMITTEE_HIKE,1,,VOTE_ACTION_PROXY,2023-03-22,https://www.federalreserve.gov/newsevents/pressreleases/monetary20230322a.htm,"Voting for the monetary policy action were Jerome H. Powell, Chair; John C. Williams, Vice Chair; Michael S. Barr; Michelle W. Bowman; Lisa D. Cook; Austan D. Goolsbee; Patrick Harker; Philip N. Jefferson; Neel Kashkari; Lorie K. Logan; and Christopher J. Waller."
2023-03-22,Patrick Harker,FOR,HIKE,HIKE,COMMITTEE_HIKE,1,,VOTE_ACTION_PROXY,2023-03-22,https://www.federalreserve.gov/newsevents/pressreleases/monetary20230322a.htm,"Voting for the monetary policy action were Jerome H. Powell, Chair; John C. Williams, Vice Chair; Michael S. Barr; Michelle W. Bowman; Lisa D. Cook; Austan D. Goolsbee; Patrick Harker; Philip N. Jefferson; Neel Kashkari; Lorie K. Logan; and Christopher J. Waller."
2023-03-22,Philip N. Jefferson,FOR,HIKE,HIKE,COMMITTEE_HIKE,1,0,VOTE_ACTION_PROXY,2023-03-22,https://www.federalreserve.gov/newsevents/pressreleases/monetary20230322a.htm,"Voting for the monetary policy action were Jerome H. Powell, Chair; John C. Williams, Vice Chair; Michael S. Barr; Michelle W. Bowman; Lisa D. Cook; Austan D. Goolsbee; Patrick Harker; Philip N. Jefferson; Neel Kashkari; Lorie K. Logan; and Christopher J. Waller."
2023-06-14,Austan D. Goolsbee,FOR,HOLD,HOLD,COMMITTEE_HOLD,0,-1,VOTE_ACTION_PROXY,2023-06-14,https://www.federalreserve.gov/newsevents/pressreleases/monetary20230614a.htm,"Voting for the monetary policy action were Jerome H. Powell, Chair; John C. Williams, Vice Chair; Michael S. Barr; Michelle W. Bowman; Lisa D. Cook; Austan D. Goolsbee; Patrick Harker; Philip N. Jefferson; Neel Kashkari; Lorie K. Logan; and Christopher J. Waller."
2023-06-14,Christopher J. Waller,FOR,HOLD,HOLD,COMMITTEE_HOLD,0,-1,VOTE_ACTION_PROXY,2023-06-14,https://www.federalreserve.gov/newsevents/pressreleases/monetary20230614a.htm,"Voting for the monetary policy action were Jerome H. Powell, Chair; John C. Williams, Vice Chair; Michael S. Barr; Michelle W. Bowman; Lisa D. Cook; Austan D. Goolsbee; Patrick Harker; Philip N. Jefferson; Neel Kashkari; Lorie K. Logan; and Christopher J. Waller."
2023-06-14,Jerome H. Powell,FOR,HOLD,HOLD,COMMITTEE_HOLD,0,-1,VOTE_ACTION_PROXY,2023-06-14,https://www.federalreserve.gov/newsevents/pressreleases/monetary20230614a.htm,"Voting for the monetary policy action were Jerome H. Powell, Chair; John C. Williams, Vice Chair; Michael S. Barr; Michelle W. Bowman; Lisa D. Cook; Austan D. Goolsbee; Patrick Harker; Philip N. Jefferson; Neel Kashkari; Lorie K. Logan; and Christopher J. Waller."
2023-06-14,John C. Williams,FOR,HOLD,HOLD,COMMITTEE_HOLD,0,-1,VOTE_ACTION_PROXY,2023-06-14,https://www.federalreserve.gov/newsevents/pressreleases/monetary20230614a.htm,"Voting for the monetary policy action were Jerome H. Powell, Chair; John C. Williams, Vice Chair; Michael S. Barr; Michelle W. Bowman; Lisa D. Cook; Austan D. Goolsbee; Patrick Harker; Philip N. Jefferson; Neel Kashkari; Lorie K. Logan; and Christopher J. Waller."
2023-06-14,Lisa D. Cook,FOR,HOLD,HOLD,COMMITTEE_HOLD,0,-1,VOTE_ACTION_PROXY,2023-06-14,https://www.federalreserve.gov/newsevents/pressreleases/monetary20230614a.htm,"Voting for the monetary policy action were Jerome H. Powell, Chair; John C. Williams, Vice Chair; Michael S. Barr; Michelle W. Bowman; Lisa D. Cook; Austan D. Goolsbee; Patrick Harker; Philip N. Jefferson; Neel Kashkari; Lorie K. Logan; and Christopher J. Waller."
2023-06-14,Lorie K. Logan,FOR,HOLD,HOLD,COMMITTEE_HOLD,0,-1,VOTE_ACTION_PROXY,2023-06-14,https://www.federalreserve.gov/newsevents/pressreleases/monetary20230614a.htm,"Voting for the monetary policy action were Jerome H. Powell, Chair; John C. Williams, Vice Chair; Michael S. Barr; Michelle W. Bowman; Lisa D. Cook; Austan D. Goolsbee; Patrick Harker; Philip N. Jefferson; Neel Kashkari; Lorie K. Logan; and Christopher J. Waller."
2023-06-14,Michael S. Barr,FOR,HOLD,HOLD,COMMITTEE_HOLD,0,-1,VOTE_ACTION_PROXY,2023-06-14,https://www.federalreserve.gov/newsevents/pressreleases/monetary20230614a.htm,"Voting for the monetary policy action were Jerome H. Powell, Chair; John C. Williams, Vice Chair; Michael S. Barr; Michelle W. Bowman; Lisa D. Cook; Austan D. Goolsbee; Patrick Harker; Philip N. Jefferson; Neel Kashkari; Lorie K. Logan; and Christopher J. Waller."
2023-06-14,Michelle W. Bowman,FOR,HOLD,HOLD,COMMITTEE_HOLD,0,-1,VOTE_ACTION_PROXY,2023-06-14,https://www.federalreserve.gov/newsevents/pressreleases/monetary20230614a.htm,"Voting for the monetary policy action were Jerome H. Powell, Chair; John C. Williams, Vice Chair; Michael S. Barr; Michelle W. Bowman; Lisa D. Cook; Austan D. Goolsbee; Patrick Harker; Philip N. Jefferson; Neel Kashkari; Lorie K. Logan; and Christopher J. Waller."
2023-06-14,Neel Kashkari,FOR,HOLD,HOLD,COMMITTEE_HOLD,0,-1,VOTE_ACTION_PROXY,2023-06-14,https://www.federalreserve.gov/newsevents/pressreleases/monetary20230614a.htm,"Voting for the monetary policy action were Jerome H. Powell, Chair; John C. Williams, Vice Chair; Michael S. Barr; Michelle W. Bowman; Lisa D. Cook; Austan D. Goolsbee; Patrick Harker; Philip N. Jefferson; Neel Kashkari; Lorie K. Logan; and Christopher J. Waller."
2023-06-14,Patrick Harker,FOR,HOLD,HOLD,COMMITTEE_HOLD,0,-1,VOTE_ACTION_PROXY,2023-06-14,https://www.federalreserve.gov/newsevents/pressreleases/monetary20230614a.htm,"Voting for the monetary policy action were Jerome H. Powell, Chair; John C. Williams, Vice Chair; Michael S. Barr; Michelle W. Bowman; Lisa D. Cook; Austan D. Goolsbee; Patrick Harker; Philip N. Jefferson; Neel Kashkari; Lorie K. Logan; and Christopher J. Waller."
2023-06-14,Philip N. Jefferson,FOR,HOLD,HOLD,COMMITTEE_HOLD,0,-1,VOTE_ACTION_PROXY,2023-06-14,https://www.federalreserve.gov/newsevents/pressreleases/monetary20230614a.htm,"Voting for the monetary policy action were Jerome H. Powell, Chair; John C. Williams, Vice Chair; Michael S. Barr; Michelle W. Bowman; Lisa D. Cook; Austan D. Goolsbee; Patrick Harker; Philip N. Jefferson; Neel Kashkari; Lorie K. Logan; and Christopher J. Waller."
2023-09-20,Adriana D. Kugler,FOR,HOLD,HOLD,COMMITTEE_HOLD,0,,VOTE_ACTION_PROXY,2023-09-20,https://www.federalreserve.gov/newsevents/pressreleases/monetary20230920a.htm,"Voting for the monetary policy action were Jerome H. Powell, Chair; John C. Williams, Vice Chair; Michael S. Barr; Michelle W. Bowman; Lisa D. Cook; Austan D. Goolsbee; Patrick Harker; Philip N. Jefferson; Neel Kashkari; Adriana D. Kugler; Lorie K. Logan; and Christopher J. Waller."
2023-09-20,Austan D. Goolsbee,FOR,HOLD,HOLD,COMMITTEE_HOLD,0,0,VOTE_ACTION_PROXY,2023-09-20,https://www.federalreserve.gov/newsevents/pressreleases/monetary20230920a.htm,"Voting for the monetary policy action were Jerome H. Powell, Chair; John C. Williams, Vice Chair; Michael S. Barr; Michelle W. Bowman; Lisa D. Cook; Austan D. Goolsbee; Patrick Harker; Philip N. Jefferson; Neel Kashkari; Adriana D. Kugler; Lorie K. Logan; and Christopher J. Waller."
2023-09-20,Christopher J. Waller,FOR,HOLD,HOLD,COMMITTEE_HOLD,0,0,VOTE_ACTION_PROXY,2023-09-20,https://www.federalreserve.gov/newsevents/pressreleases/monetary20230920a.htm,"Voting for the monetary policy action were Jerome H. Powell, Chair; John C. Williams, Vice Chair; Michael S. Barr; Michelle W. Bowman; Lisa D. Cook; Austan D. Goolsbee; Patrick Harker; Philip N. Jefferson; Neel Kashkari; Adriana D. Kugler; Lorie K. Logan; and Christopher J. Waller."
2023-09-20,Jerome H. Powell,FOR,HOLD,HOLD,COMMITTEE_HOLD,0,0,VOTE_ACTION_PROXY,2023-09-20,https://www.federalreserve.gov/newsevents/pressreleases/monetary20230920a.htm,"Voting for the monetary policy action were Jerome H. Powell, Chair; John C. Williams, Vice Chair; Michael S. Barr; Michelle W. Bowman; Lisa D. Cook; Austan D. Goolsbee; Patrick Harker; Philip N. Jefferson; Neel Kashkari; Adriana D. Kugler; Lorie K. Logan; and Christopher J. Waller."
2023-09-20,John C. Williams,FOR,HOLD,HOLD,COMMITTEE_HOLD,0,0,VOTE_ACTION_PROXY,2023-09-20,https://www.federalreserve.gov/newsevents/pressreleases/monetary20230920a.htm,"Voting for the monetary policy action were Jerome H. Powell, Chair; John C. Williams, Vice Chair; Michael S. Barr; Michelle W. Bowman; Lisa D. Cook; Austan D. Goolsbee; Patrick Harker; Philip N. Jefferson; Neel Kashkari; Adriana D. Kugler; Lorie K. Logan; and Christopher J. Waller."
2023-09-20,Lisa D. Cook,FOR,HOLD,HOLD,COMMITTEE_HOLD,0,0,VOTE_ACTION_PROXY,2023-09-20,https://www.federalreserve.gov/newsevents/pressreleases/monetary20230920a.htm,"Voting for the monetary policy action were Jerome H. Powell, Chair; John C. Williams, Vice Chair; Michael S. Barr; Michelle W. Bowman; Lisa D. Cook; Austan D. Goolsbee; Patrick Harker; Philip N. Jefferson; Neel Kashkari; Adriana D. Kugler; Lorie K. Logan; and Christopher J. Waller."
2023-09-20,Lorie K. Logan,FOR,HOLD,HOLD,COMMITTEE_HOLD,0,0,VOTE_ACTION_PROXY,2023-09-20,https://www.federalreserve.gov/newsevents/pressreleases/monetary20230920a.htm,"Voting for the monetary policy action were Jerome H. Powell, Chair; John C. Williams, Vice Chair; Michael S. Barr; Michelle W. Bowman; Lisa D. Cook; Austan D. Goolsbee; Patrick Harker; Philip N. Jefferson; Neel Kashkari; Adriana D. Kugler; Lorie K. Logan; and Christopher J. Waller."
2023-09-20,Michael S. Barr,FOR,HOLD,HOLD,COMMITTEE_HOLD,0,0,VOTE_ACTION_PROXY,2023-09-20,https://www.federalreserve.gov/newsevents/pressreleases/monetary20230920a.htm,"Voting for the monetary policy action were Jerome H. Powell, Chair; John C. Williams, Vice Chair; Michael S. Barr; Michelle W. Bowman; Lisa D. Cook; Austan D. Goolsbee; Patrick Harker; Philip N. Jefferson; Neel Kashkari; Adriana D. Kugler; Lorie K. Logan; and Christopher J. Waller."
2023-09-20,Michelle W. Bowman,FOR,HOLD,HOLD,COMMITTEE_HOLD,0,0,VOTE_ACTION_PROXY,2023-09-20,https://www.federalreserve.gov/newsevents/pressreleases/monetary20230920a.htm,"Voting for the monetary policy action were Jerome H. Powell, Chair; John C. Williams, Vice Chair; Michael S. Barr; Michelle W. Bowman; Lisa D. Cook; Austan D. Goolsbee; Patrick Harker; Philip N. Jefferson; Neel Kashkari; Adriana D. Kugler; Lorie K. Logan; and Christopher J. Waller."
2023-09-20,Neel Kashkari,FOR,HOLD,HOLD,COMMITTEE_HOLD,0,0,VOTE_ACTION_PROXY,2023-09-20,https://www.federalreserve.gov/newsevents/pressreleases/monetary20230920a.htm,"Voting for the monetary policy action were Jerome H. Powell, Chair; John C. Williams, Vice Chair; Michael S. Barr; Michelle W. Bowman; Lisa D. Cook; Austan D. Goolsbee; Patrick Harker; Philip N. Jefferson; Neel Kashkari; Adriana D. Kugler; Lorie K. Logan; and Christopher J. Waller."
2023-09-20,Patrick Harker,FOR,HOLD,HOLD,COMMITTEE_HOLD,0,0,VOTE_ACTION_PROXY,2023-09-20,https://www.federalreserve.gov/newsevents/pressreleases/monetary20230920a.htm,"Voting for the monetary policy action were Jerome H. Powell, Chair; John C. Williams, Vice Chair; Michael S. Barr; Michelle W. Bowman; Lisa D. Cook; Austan D. Goolsbee; Patrick Harker; Philip N. Jefferson; Neel Kashkari; Adriana D. Kugler; Lorie K. Logan; and Christopher J. Waller."
2023-09-20,Philip N. Jefferson,FOR,HOLD,HOLD,COMMITTEE_HOLD,0,0,VOTE_ACTION_PROXY,2023-09-20,https://www.federalreserve.gov/newsevents/pressreleases/monetary20230920a.htm,"Voting for the monetary policy action were Jerome H. Powell, Chair; John C. Williams, Vice Chair; Michael S. Barr; Michelle W. Bowman; Lisa D. Cook; Austan D. Goolsbee; Patrick Harker; Philip N. Jefferson; Neel Kashkari; Adriana D. Kugler; Lorie K. Logan; and Christopher J. Waller."
2023-12-13,Adriana D. Kugler,FOR,HOLD,HOLD,COMMITTEE_HOLD,0,0,VOTE_ACTION_PROXY,2023-12-13,https://www.federalreserve.gov/newsevents/pressreleases/monetary20231213a.htm,"Voting for the monetary policy action were Jerome H. Powell, Chair; John C. Williams, Vice Chair; Michael S. Barr; Michelle W. Bowman; Lisa D. Cook; Austan D. Goolsbee; Patrick Harker; Philip N. Jefferson; Neel Kashkari; Adriana D. Kugler; Lorie K. Logan; and Christopher J. Waller."
2023-12-13,Austan D. Goolsbee,FOR,HOLD,HOLD,COMMITTEE_HOLD,0,0,VOTE_ACTION_PROXY,2023-12-13,https://www.federalreserve.gov/newsevents/pressreleases/monetary20231213a.htm,"Voting for the monetary policy action were Jerome H. Powell, Chair; John C. Williams, Vice Chair; Michael S. Barr; Michelle W. Bowman; Lisa D. Cook; Austan D. Goolsbee; Patrick Harker; Philip N. Jefferson; Neel Kashkari; Adriana D. Kugler; Lorie K. Logan; and Christopher J. Waller."
2023-12-13,Christopher J. Waller,FOR,HOLD,HOLD,COMMITTEE_HOLD,0,0,VOTE_ACTION_PROXY,2023-12-13,https://www.federalreserve.gov/newsevents/pressreleases/monetary20231213a.htm,"Voting for the monetary policy action were Jerome H. Powell, Chair; John C. Williams, Vice Chair; Michael S. Barr; Michelle W. Bowman; Lisa D. Cook; Austan D. Goolsbee; Patrick Harker; Philip N. Jefferson; Neel Kashkari; Adriana D. Kugler; Lorie K. Logan; and Christopher J. Waller."
2023-12-13,Jerome H. Powell,FOR,HOLD,HOLD,COMMITTEE_HOLD,0,0,VOTE_ACTION_PROXY,2023-12-13,https://www.federalreserve.gov/newsevents/pressreleases/monetary20231213a.htm,"Voting for the monetary policy action were Jerome H. Powell, Chair; John C. Williams, Vice Chair; Michael S. Barr; Michelle W. Bowman; Lisa D. Cook; Austan D. Goolsbee; Patrick Harker; Philip N. Jefferson; Neel Kashkari; Adriana D. Kugler; Lorie K. Logan; and Christopher J. Waller."
2023-12-13,John C. Williams,FOR,HOLD,HOLD,COMMITTEE_HOLD,0,0,VOTE_ACTION_PROXY,2023-12-13,https://www.federalreserve.gov/newsevents/pressreleases/monetary20231213a.htm,"Voting for the monetary policy action were Jerome H. Powell, Chair; John C. Williams, Vice Chair; Michael S. Barr; Michelle W. Bowman; Lisa D. Cook; Austan D. Goolsbee; Patrick Harker; Philip N. Jefferson; Neel Kashkari; Adriana D. Kugler; Lorie K. Logan; and Christopher J. Waller."
2023-12-13,Lisa D. Cook,FOR,HOLD,HOLD,COMMITTEE_HOLD,0,0,VOTE_ACTION_PROXY,2023-12-13,https://www.federalreserve.gov/newsevents/pressreleases/monetary20231213a.htm,"Voting for the monetary policy action were Jerome H. Powell, Chair; John C. Williams, Vice Chair; Michael S. Barr; Michelle W. Bowman; Lisa D. Cook; Austan D. Goolsbee; Patrick Harker; Philip N. Jefferson; Neel Kashkari; Adriana D. Kugler; Lorie K. Logan; and Christopher J. Waller."
2023-12-13,Lorie K. Logan,FOR,HOLD,HOLD,COMMITTEE_HOLD,0,0,VOTE_ACTION_PROXY,2023-12-13,https://www.federalreserve.gov/newsevents/pressreleases/monetary20231213a.htm,"Voting for the monetary policy action were Jerome H. Powell, Chair; John C. Williams, Vice Chair; Michael S. Barr; Michelle W. Bowman; Lisa D. Cook; Austan D. Goolsbee; Patrick Harker; Philip N. Jefferson; Neel Kashkari; Adriana D. Kugler; Lorie K. Logan; and Christopher J. Waller."
2023-12-13,Michael S. Barr,FOR,HOLD,HOLD,COMMITTEE_HOLD,0,0,VOTE_ACTION_PROXY,2023-12-13,https://www.federalreserve.gov/newsevents/pressreleases/monetary20231213a.htm,"Voting for the monetary policy action were Jerome H. Powell, Chair; John C. Williams, Vice Chair; Michael S. Barr; Michelle W. Bowman; Lisa D. Cook; Austan D. Goolsbee; Patrick Harker; Philip N. Jefferson; Neel Kashkari; Adriana D. Kugler; Lorie K. Logan; and Christopher J. Waller."
2023-12-13,Michelle W. Bowman,FOR,HOLD,HOLD,COMMITTEE_HOLD,0,0,VOTE_ACTION_PROXY,2023-12-13,https://www.federalreserve.gov/newsevents/pressreleases/monetary20231213a.htm,"Voting for the monetary policy action were Jerome H. Powell, Chair; John C. Williams, Vice Chair; Michael S. Barr; Michelle W. Bowman; Lisa D. Cook; Austan D. Goolsbee; Patrick Harker; Philip N. Jefferson; Neel Kashkari; Adriana D. Kugler; Lorie K. Logan; and Christopher J. Waller."
2023-12-13,Neel Kashkari,FOR,HOLD,HOLD,COMMITTEE_HOLD,0,0,VOTE_ACTION_PROXY,2023-12-13,https://www.federalreserve.gov/newsevents/pressreleases/monetary20231213a.htm,"Voting for the monetary policy action were Jerome H. Powell, Chair; John C. Williams, Vice Chair; Michael S. Barr; Michelle W. Bowman; Lisa D. Cook; Austan D. Goolsbee; Patrick Harker; Philip N. Jefferson; Neel Kashkari; Adriana D. Kugler; Lorie K. Logan; and Christopher J. Waller."
2023-12-13,Patrick Harker,FOR,HOLD,HOLD,COMMITTEE_HOLD,0,0,VOTE_ACTION_PROXY,2023-12-13,https://www.federalreserve.gov/newsevents/pressreleases/monetary20231213a.htm,"Voting for the monetary policy action were Jerome H. Powell, Chair; John C. Williams, Vice Chair; Michael S. Barr; Michelle W. Bowman; Lisa D. Cook; Austan D. Goolsbee; Patrick Harker; Philip N. Jefferson; Neel Kashkari; Adriana D. Kugler; Lorie K. Logan; and Christopher J. Waller."
2023-12-13,Philip N. Jefferson,FOR,HOLD,HOLD,COMMITTEE_HOLD,0,0,VOTE_ACTION_PROXY,2023-12-13,https://www.federalreserve.gov/newsevents/pressreleases/monetary20231213a.htm,"Voting for the monetary policy action were Jerome H. Powell, Chair; John C. Williams, Vice Chair; Michael S. Barr; Michelle W. Bowman; Lisa D. Cook; Austan D. Goolsbee; Patrick Harker; Philip N. Jefferson; Neel Kashkari; Adriana D. Kugler; Lorie K. Logan; and Christopher J. Waller."
2024-03-20,Adriana D. Kugler,FOR,HOLD,HOLD,COMMITTEE_HOLD,0,0,VOTE_ACTION_PROXY,2024-03-20,https://www.federalreserve.gov/newsevents/pressreleases/monetary20240320a.htm,"Voting for the monetary policy action were Jerome H. Powell, Chair; John C. Williams, Vice Chair; Thomas I. Barkin; Michael S. Barr; Raphael W. Bostic; Michelle W. Bowman; Lisa D. Cook; Mary C. Daly; Philip N. Jefferson; Adriana D. Kugler; Loretta J. Mester; and Christopher J. Waller."
2024-03-20,Christopher J. Waller,FOR,HOLD,HOLD,COMMITTEE_HOLD,0,0,VOTE_ACTION_PROXY,2024-03-20,https://www.federalreserve.gov/newsevents/pressreleases/monetary20240320a.htm,"Voting for the monetary policy action were Jerome H. Powell, Chair; John C. Williams, Vice Chair; Thomas I. Barkin; Michael S. Barr; Raphael W. Bostic; Michelle W. Bowman; Lisa D. Cook; Mary C. Daly; Philip N. Jefferson; Adriana D. Kugler; Loretta J. Mester; and Christopher J. Waller."
2024-03-20,Jerome H. Powell,FOR,HOLD,HOLD,COMMITTEE_HOLD,0,0,VOTE_ACTION_PROXY,2024-03-20,https://www.federalreserve.gov/newsevents/pressreleases/monetary20240320a.htm,"Voting for the monetary policy action were Jerome H. Powell, Chair; John C. Williams, Vice Chair; Thomas I. Barkin; Michael S. Barr; Raphael W. Bostic; Michelle W. Bowman; Lisa D. Cook; Mary C. Daly; Philip N. Jefferson; Adriana D. Kugler; Loretta J. Mester; and Christopher J. Waller."
2024-03-20,John C. Williams,FOR,HOLD,HOLD,COMMITTEE_HOLD,0,0,VOTE_ACTION_PROXY,2024-03-20,https://www.federalreserve.gov/newsevents/pressreleases/monetary20240320a.htm,"Voting for the monetary policy action were Jerome H. Powell, Chair; John C. Williams, Vice Chair; Thomas I. Barkin; Michael S. Barr; Raphael W. Bostic; Michelle W. Bowman; Lisa D. Cook; Mary C. Daly; Philip N. Jefferson; Adriana D. Kugler; Loretta J. Mester; and Christopher J. Waller."
2024-03-20,Lisa D. Cook,FOR,HOLD,HOLD,COMMITTEE_HOLD,0,0,VOTE_ACTION_PROXY,2024-03-20,https://www.federalreserve.gov/newsevents/pressreleases/monetary20240320a.htm,"Voting for the monetary policy action were Jerome H. Powell, Chair; John C. Williams, Vice Chair; Thomas I. Barkin; Michael S. Barr; Raphael W. Bostic; Michelle W. Bowman; Lisa D. Cook; Mary C. Daly; Philip N. Jefferson; Adriana D. Kugler; Loretta J. Mester; and Christopher J. Waller."
2024-03-20,Loretta J. Mester,FOR,HOLD,HOLD,COMMITTEE_HOLD,0,,VOTE_ACTION_PROXY,2024-03-20,https://www.federalreserve.gov/newsevents/pressreleases/monetary20240320a.htm,"Voting for the monetary policy action were Jerome H. Powell, Chair; John C. Williams, Vice Chair; Thomas I. Barkin; Michael S. Barr; Raphael W. Bostic; Michelle W. Bowman; Lisa D. Cook; Mary C. Daly; Philip N. Jefferson; Adriana D. Kugler; Loretta J. Mester; and Christopher J. Waller."
2024-03-20,Mary C. Daly,FOR,HOLD,HOLD,COMMITTEE_HOLD,0,,VOTE_ACTION_PROXY,2024-03-20,https://www.federalreserve.gov/newsevents/pressreleases/monetary20240320a.htm,"Voting for the monetary policy action were Jerome H. Powell, Chair; John C. Williams, Vice Chair; Thomas I. Barkin; Michael S. Barr; Raphael W. Bostic; Michelle W. Bowman; Lisa D. Cook; Mary C. Daly; Philip N. Jefferson; Adriana D. Kugler; Loretta J. Mester; and Christopher J. Waller."
2024-03-20,Michael S. Barr,FOR,HOLD,HOLD,COMMITTEE_HOLD,0,0,VOTE_ACTION_PROXY,2024-03-20,https://www.federalreserve.gov/newsevents/pressreleases/monetary20240320a.htm,"Voting for the monetary policy action were Jerome H. Powell, Chair; John C. Williams, Vice Chair; Thomas I. Barkin; Michael S. Barr; Raphael W. Bostic; Michelle W. Bowman; Lisa D. Cook; Mary C. Daly; Philip N. Jefferson; Adriana D. Kugler; Loretta J. Mester; and Christopher J. Waller."
2024-03-20,Michelle W. Bowman,FOR,HOLD,HOLD,COMMITTEE_HOLD,0,0,VOTE_ACTION_PROXY,2024-03-20,https://www.federalreserve.gov/newsevents/pressreleases/monetary20240320a.htm,"Voting for the monetary policy action were Jerome H. Powell, Chair; John C. Williams, Vice Chair; Thomas I. Barkin; Michael S. Barr; Raphael W. Bostic; Michelle W. Bowman; Lisa D. Cook; Mary C. Daly; Philip N. Jefferson; Adriana D. Kugler; Loretta J. Mester; and Christopher J. Waller."
2024-03-20,Philip N. Jefferson,FOR,HOLD,HOLD,COMMITTEE_HOLD,0,0,VOTE_ACTION_PROXY,2024-03-20,https://www.federalreserve.gov/newsevents/pressreleases/monetary20240320a.htm,"Voting for the monetary policy action were Jerome H. Powell, Chair; John C. Williams, Vice Chair; Thomas I. Barkin; Michael S. Barr; Raphael W. Bostic; Michelle W. Bowman; Lisa D. Cook; Mary C. Daly; Philip N. Jefferson; Adriana D. Kugler; Loretta J. Mester; and Christopher J. Waller."
2024-03-20,Raphael W. Bostic,FOR,HOLD,HOLD,HOLD_RESTRICTIVE,0,,INDIVIDUAL_SPEECH,2024-01-18,https://www.atlantafed.org/news-and-events/speeches/2024/01/18/bostic-arc-of-monetary-policy,monetary policy is sufficiently restrictive to promote the return of inflation to the Committee's 2 percent target over the medium term.
2024-03-20,Thomas I. Barkin,FOR,HOLD,HOLD,COMMITTEE_HOLD,0,,VOTE_ACTION_PROXY,2024-03-20,https://www.federalreserve.gov/newsevents/pressreleases/monetary20240320a.htm,"Voting for the monetary policy action were Jerome H. Powell, Chair; John C. Williams, Vice Chair; Thomas I. Barkin; Michael S. Barr; Raphael W. Bostic; Michelle W. Bowman; Lisa D. Cook; Mary C. Daly; Philip N. Jefferson; Adriana D. Kugler; Loretta J. Mester; and Christopher J. Waller."
2024-06-12,Adriana D. Kugler,FOR,HOLD,HOLD,CUT_BIAS,-1,-1,INDIVIDUAL_SPEECH,2024-04-03,https://www.federalreserve.gov/newsevents/speech/kugler20240403a.htm,if disinflation and labor market conditions proceed as I am currently expecting
2024-06-12,Christopher J. Waller,FOR,HOLD,HOLD,HOLD_LONGER,1,1,INDIVIDUAL_SPEECH,2024-05-21,https://www.federalreserve.gov/newsevents/speech/waller20240521a.htm,I need to see several more months of good inflation data before I would be comfortable supporting an easing in the stance of monetary policy.
2024-06-12,Jerome H. Powell,FOR,HOLD,HOLD,COMMITTEE_HOLD,0,0,VOTE_ACTION_PROXY,2024-06-12,https://www.federalreserve.gov/newsevents/pressreleases/monetary20240612a.htm,"Voting for the monetary policy action were Jerome H. Powell, Chair; John C. Williams, Vice Chair; Thomas I. Barkin; Michael S. Barr; Raphael W. Bostic; Michelle W. Bowman; Lisa D. Cook; Mary C. Daly; Philip N. Jefferson; Adriana D. Kugler; Loretta J. Mester; and Christopher J. Waller."
2024-06-12,John C. Williams,FOR,HOLD,HOLD,HOLD,0,0,INDIVIDUAL_SPEECH,2024-05-30,https://www.newyorkfed.org/newsevents/speeches/2024/wil240530,I see the current stance of monetary policy as being well positioned to continue the progress we've made toward achieving our objectives.
2024-06-12,Lisa D. Cook,FOR,HOLD,HOLD,COMMITTEE_HOLD,0,0,VOTE_ACTION_PROXY,2024-06-12,https://www.federalreserve.gov/newsevents/pressreleases/monetary20240612a.htm,"Voting for the monetary policy action were Jerome H. Powell, Chair; John C. Williams, Vice Chair; Thomas I. Barkin; Michael S. Barr; Raphael W. Bostic; Michelle W. Bowman; Lisa D. Cook; Mary C. Daly; Philip N. Jefferson; Adriana D. Kugler; Loretta J. Mester; and Christopher J. Waller."
2024-06-12,Loretta J. Mester,FOR,HOLD,HOLD,COMMITTEE_HOLD,0,0,VOTE_ACTION_PROXY,2024-06-12,https://www.federalreserve.gov/newsevents/pressreleases/monetary20240612a.htm,"Voting for the monetary policy action were Jerome H. Powell, Chair; John C. Williams, Vice Chair; Thomas I. Barkin; Michael S. Barr; Raphael W. Bostic; Michelle W. Bowman; Lisa D. Cook; Mary C. Daly; Philip N. Jefferson; Adriana D. Kugler; Loretta J. Mester; and Christopher J. Waller."
2024-06-12,Mary C. Daly,FOR,HOLD,HOLD,COMMITTEE_HOLD,0,0,VOTE_ACTION_PROXY,2024-06-12,https://www.federalreserve.gov/newsevents/pressreleases/monetary20240612a.htm,"Voting for the monetary policy action were Jerome H. Powell, Chair; John C. Williams, Vice Chair; Thomas I. Barkin; Michael S. Barr; Raphael W. Bostic; Michelle W. Bowman; Lisa D. Cook; Mary C. Daly; Philip N. Jefferson; Adriana D. Kugler; Loretta J. Mester; and Christopher J. Waller."
2024-06-12,Michael S. Barr,FOR,HOLD,HOLD,COMMITTEE_HOLD,0,0,VOTE_ACTION_PROXY,2024-06-12,https://www.federalreserve.gov/newsevents/pressreleases/monetary20240612a.htm,"Voting for the monetary policy action were Jerome H. Powell, Chair; John C. Williams, Vice Chair; Thomas I. Barkin; Michael S. Barr; Raphael W. Bostic; Michelle W. Bowman; Lisa D. Cook; Mary C. Daly; Philip N. Jefferson; Adriana D. Kugler; Loretta J. Mester; and Christopher J. Waller."
2024-06-12,Michelle W. Bowman,FOR,HOLD,HOLD,COMMITTEE_HOLD,0,0,VOTE_ACTION_PROXY,2024-06-12,https://www.federalreserve.gov/newsevents/pressreleases/monetary20240612a.htm,"Voting for the monetary policy action were Jerome H. Powell, Chair; John C. Williams, Vice Chair; Thomas I. Barkin; Michael S. Barr; Raphael W. Bostic; Michelle W. Bowman; Lisa D. Cook; Mary C. Daly; Philip N. Jefferson; Adriana D. Kugler; Loretta J. Mester; and Christopher J. Waller."
2024-06-12,Philip N. Jefferson,FOR,HOLD,HOLD,COMMITTEE_HOLD,0,0,VOTE_ACTION_PROXY,2024-06-12,https://www.federalreserve.gov/newsevents/pressreleases/monetary20240612a.htm,"Voting for the monetary policy action were Jerome H. Powell, Chair; John C. Williams, Vice Chair; Thomas I. Barkin; Michael S. Barr; Raphael W. Bostic; Michelle W. Bowman; Lisa D. Cook; Mary C. Daly; Philip N. Jefferson; Adriana D. Kugler; Loretta J. Mester; and Christopher J. Waller."
2024-06-12,Raphael W. Bostic,FOR,HOLD,HOLD,HOLD_RESTRICTIVE,0,0,INDIVIDUAL_SPEECH,2024-01-18,https://www.atlantafed.org/news-and-events/speeches/2024/01/18/bostic-arc-of-monetary-policy,monetary policy is sufficiently restrictive to promote the return of inflation to the Committee's 2 percent target over the medium term.
2024-06-12,Thomas I. Barkin,FOR,HOLD,HOLD,COMMITTEE_HOLD,0,0,VOTE_ACTION_PROXY,2024-06-12,https://www.federalreserve.gov/newsevents/pressreleases/monetary20240612a.htm,"Voting for the monetary policy action were Jerome H. Powell, Chair; John C. Williams, Vice Chair; Thomas I. Barkin; Michael S. Barr; Raphael W. Bostic; Michelle W. Bowman; Lisa D. Cook; Mary C. Daly; Philip N. Jefferson; Adriana D. Kugler; Loretta J. Mester; and Christopher J. Waller."
2024-09-18,Adriana D. Kugler,FOR,CUT,CUT,CUT_BIAS,-1,0,INDIVIDUAL_SPEECH,2024-04-03,https://www.federalreserve.gov/newsevents/speech/kugler20240403a.htm,if disinflation and labor market conditions proceed as I am currently expecting
2024-09-18,Beth M. Hammack,FOR,CUT,CUT,COMMITTEE_CUT,-1,,VOTE_ACTION_PROXY,2024-09-18,https://www.federalreserve.gov/newsevents/pressreleases/monetary20240918a.htm,"Voting for the monetary policy action were Jerome H. Powell, Chair; John C. Williams, Vice Chair; Thomas I. Barkin; Michael S. Barr; Raphael W. Bostic; Lisa D. Cook; Mary C. Daly; Beth M. Hammack; Philip N. Jefferson; Adriana D. Kugler; and Christopher J. Waller. Voting against this action was Michelle W. Bowman, who preferred to lower the target range for the federal funds rate by 1/4 percentage point at this meeting."
2024-09-18,Christopher J. Waller,FOR,CUT,CUT,CUT_BIAS,-1,-2,INDIVIDUAL_SPEECH,2024-07-17,https://www.federalreserve.gov/newsevents/speech/waller20240717a.htm,I believe the time to lower the policy rate is drawing closer.
2024-09-18,Jerome H. Powell,FOR,CUT,CUT,CUT_BIAS,-1,-1,INDIVIDUAL_SPEECH,2024-08-23,https://www.federalreserve.gov/newsevents/speech/powell20240823a.htm,The time has come for policy to adjust.
2024-09-18,John C. Williams,FOR,CUT,CUT,HOLD,0,0,INDIVIDUAL_SPEECH,2024-05-30,https://www.newyorkfed.org/newsevents/speeches/2024/wil240530,I see the current stance of monetary policy as being well positioned to continue the progress we've made toward achieving our objectives.
2024-09-18,Lisa D. Cook,FOR,CUT,CUT,COMMITTEE_CUT,-1,-1,VOTE_ACTION_PROXY,2024-09-18,https://www.federalreserve.gov/newsevents/pressreleases/monetary20240918a.htm,"Voting for the monetary policy action were Jerome H. Powell, Chair; John C. Williams, Vice Chair; Thomas I. Barkin; Michael S. Barr; Raphael W. Bostic; Lisa D. Cook; Mary C. Daly; Beth M. Hammack; Philip N. Jefferson; Adriana D. Kugler; and Christopher J. Waller. Voting against this action was Michelle W. Bowman, who preferred to lower the target range for the federal funds rate by 1/4 percentage point at this meeting."
2024-09-18,Mary C. Daly,FOR,CUT,CUT,COMMITTEE_CUT,-1,-1,VOTE_ACTION_PROXY,2024-09-18,https://www.federalreserve.gov/newsevents/pressreleases/monetary20240918a.htm,"Voting for the monetary policy action were Jerome H. Powell, Chair; John C. Williams, Vice Chair; Thomas I. Barkin; Michael S. Barr; Raphael W. Bostic; Lisa D. Cook; Mary C. Daly; Beth M. Hammack; Philip N. Jefferson; Adriana D. Kugler; and Christopher J. Waller. Voting against this action was Michelle W. Bowman, who preferred to lower the target range for the federal funds rate by 1/4 percentage point at this meeting."
2024-09-18,Michael S. Barr,FOR,CUT,CUT,COMMITTEE_CUT,-1,-1,VOTE_ACTION_PROXY,2024-09-18,https://www.federalreserve.gov/newsevents/pressreleases/monetary20240918a.htm,"Voting for the monetary policy action were Jerome H. Powell, Chair; John C. Williams, Vice Chair; Thomas I. Barkin; Michael S. Barr; Raphael W. Bostic; Lisa D. Cook; Mary C. Daly; Beth M. Hammack; Philip N. Jefferson; Adriana D. Kugler; and Christopher J. Waller. Voting against this action was Michelle W. Bowman, who preferred to lower the target range for the federal funds rate by 1/4 percentage point at this meeting."
2024-09-18,Michelle W. Bowman,AGAINST,CUT,CUT_25BP,TIGHTER,2,2,VOTE_DISSENT,2024-09-18,https://www.federalreserve.gov/newsevents/pressreleases/monetary20240918a.htm,"Voting for the monetary policy action were Jerome H. Powell, Chair; John C. Williams, Vice Chair; Thomas I. Barkin; Michael S. Barr; Raphael W. Bostic; Lisa D. Cook; Mary C. Daly; Beth M. Hammack; Philip N. Jefferson; Adriana D. Kugler; and Christopher J. Waller. Voting against this action was Michelle W. Bowman, who preferred to lower the target range for the federal funds rate by 1/4 percentage point at this meeting."
2024-09-18,Philip N. Jefferson,FOR,CUT,CUT,COMMITTEE_CUT,-1,-1,VOTE_ACTION_PROXY,2024-09-18,https://www.federalreserve.gov/newsevents/pressreleases/monetary20240918a.htm,"Voting for the monetary policy action were Jerome H. Powell, Chair; John C. Williams, Vice Chair; Thomas I. Barkin; Michael S. Barr; Raphael W. Bostic; Lisa D. Cook; Mary C. Daly; Beth M. Hammack; Philip N. Jefferson; Adriana D. Kugler; and Christopher J. Waller. Voting against this action was Michelle W. Bowman, who preferred to lower the target range for the federal funds rate by 1/4 percentage point at this meeting."
2024-09-18,Raphael W. Bostic,FOR,CUT,CUT,COMMITTEE_CUT,-1,-1,VOTE_ACTION_PROXY,2024-09-18,https://www.federalreserve.gov/newsevents/pressreleases/monetary20240918a.htm,"Voting for the monetary policy action were Jerome H. Powell, Chair; John C. Williams, Vice Chair; Thomas I. Barkin; Michael S. Barr; Raphael W. Bostic; Lisa D. Cook; Mary C. Daly; Beth M. Hammack; Philip N. Jefferson; Adriana D. Kugler; and Christopher J. Waller. Voting against this action was Michelle W. Bowman, who preferred to lower the target range for the federal funds rate by 1/4 percentage point at this meeting."
2024-09-18,Thomas I. Barkin,FOR,CUT,CUT,COMMITTEE_CUT,-1,-1,VOTE_ACTION_PROXY,2024-09-18,https://www.federalreserve.gov/newsevents/pressreleases/monetary20240918a.htm,"Voting for the monetary policy action were Jerome H. Powell, Chair; John C. Williams, Vice Chair; Thomas I. Barkin; Michael S. Barr; Raphael W. Bostic; Lisa D. Cook; Mary C. Daly; Beth M. Hammack; Philip N. Jefferson; Adriana D. Kugler; and Christopher J. Waller. Voting against this action was Michelle W. Bowman, who preferred to lower the target range for the federal funds rate by 1/4 percentage point at this meeting."
2024-12-18,Adriana D. Kugler,FOR,CUT,CUT,CUT_BIAS,-1,0,INDIVIDUAL_SPEECH,2024-09-25,https://www.federalreserve.gov/newsevents/speech/kugler20240925a.htm,if conditions continue to evolve in the direction traveled thus far
2024-12-18,Beth M. Hammack,AGAINST,CUT,HOLD,TIGHTER,2,3,VOTE_DISSENT,2024-12-18,https://www.federalreserve.gov/newsevents/pressreleases/monetary20241218a.htm,"Voting for the monetary policy action were Jerome H. Powell, Chair; John C. Williams, Vice Chair; Thomas I. Barkin; Michael S. Barr; Raphael W. Bostic; Michelle W. Bowman; Lisa D. Cook; Mary C. Daly; Philip N. Jefferson; Adriana D. Kugler; and Christopher J. Waller. Voting against the action was Beth M. Hammack, who preferred to maintain the target range for the federal funds rate at 4-1/2 to 4-3/4 percent."
2024-12-18,Christopher J. Waller,FOR,CUT,CUT,CUT_BIAS,-1,0,INDIVIDUAL_SPEECH,2024-07-17,https://www.federalreserve.gov/newsevents/speech/waller20240717a.htm,I believe the time to lower the policy rate is drawing closer.
2024-12-18,Jerome H. Powell,FOR,CUT,CUT,CUT_BIAS,-1,0,INDIVIDUAL_SPEECH,2024-08-23,https://www.federalreserve.gov/newsevents/speech/powell20240823a.htm,The time has come for policy to adjust.
2024-12-18,John C. Williams,FOR,CUT,CUT,COMMITTEE_CUT,-1,-1,VOTE_ACTION_PROXY,2024-12-18,https://www.federalreserve.gov/newsevents/pressreleases/monetary20241218a.htm,"Voting for the monetary policy action were Jerome H. Powell, Chair; John C. Williams, Vice Chair; Thomas I. Barkin; Michael S. Barr; Raphael W. Bostic; Michelle W. Bowman; Lisa D. Cook; Mary C. Daly; Philip N. Jefferson; Adriana D. Kugler; and Christopher J. Waller. Voting against the action was Beth M. Hammack, who preferred to maintain the target range for the federal funds rate at 4-1/2 to 4-3/4 percent."
2024-12-18,Lisa D. Cook,FOR,CUT,CUT,COMMITTEE_CUT,-1,0,VOTE_ACTION_PROXY,2024-12-18,https://www.federalreserve.gov/newsevents/pressreleases/monetary20241218a.htm,"Voting for the monetary policy action were Jerome H. Powell, Chair; John C. Williams, Vice Chair; Thomas I. Barkin; Michael S. Barr; Raphael W. Bostic; Michelle W. Bowman; Lisa D. Cook; Mary C. Daly; Philip N. Jefferson; Adriana D. Kugler; and Christopher J. Waller. Voting against the action was Beth M. Hammack, who preferred to maintain the target range for the federal funds rate at 4-1/2 to 4-3/4 percent."
2024-12-18,Mary C. Daly,FOR,CUT,CUT,COMMITTEE_CUT,-1,0,VOTE_ACTION_PROXY,2024-12-18,https://www.federalreserve.gov/newsevents/pressreleases/monetary20241218a.htm,"Voting for the monetary policy action were Jerome H. Powell, Chair; John C. Williams, Vice Chair; Thomas I. Barkin; Michael S. Barr; Raphael W. Bostic; Michelle W. Bowman; Lisa D. Cook; Mary C. Daly; Philip N. Jefferson; Adriana D. Kugler; and Christopher J. Waller. Voting against the action was Beth M. Hammack, who preferred to maintain the target range for the federal funds rate at 4-1/2 to 4-3/4 percent."
2024-12-18,Michael S. Barr,FOR,CUT,CUT,COMMITTEE_CUT,-1,0,VOTE_ACTION_PROXY,2024-12-18,https://www.federalreserve.gov/newsevents/pressreleases/monetary20241218a.htm,"Voting for the monetary policy action were Jerome H. Powell, Chair; John C. Williams, Vice Chair; Thomas I. Barkin; Michael S. Barr; Raphael W. Bostic; Michelle W. Bowman; Lisa D. Cook; Mary C. Daly; Philip N. Jefferson; Adriana D. Kugler; and Christopher J. Waller. Voting against the action was Beth M. Hammack, who preferred to maintain the target range for the federal funds rate at 4-1/2 to 4-3/4 percent."
2024-12-18,Michelle W. Bowman,FOR,CUT,CUT,HIKE_RISK,1,-1,INDIVIDUAL_SPEECH,2024-06-25,https://www.federalreserve.gov/newsevents/speech/bowman20240625a.htm,I remain willing to raise the target range for the federal funds rate at a future meeting should progress on inflation stall or even reverse.
2024-12-18,Philip N. Jefferson,FOR,CUT,CUT,COMMITTEE_CUT,-1,0,VOTE_ACTION_PROXY,2024-12-18,https://www.federalreserve.gov/newsevents/pressreleases/monetary20241218a.htm,"Voting for the monetary policy action were Jerome H. Powell, Chair; John C. Williams, Vice Chair; Thomas I. Barkin; Michael S. Barr; Raphael W. Bostic; Michelle W. Bowman; Lisa D. Cook; Mary C. Daly; Philip N. Jefferson; Adriana D. Kugler; and Christopher J. Waller. Voting against the action was Beth M. Hammack, who preferred to maintain the target range for the federal funds rate at 4-1/2 to 4-3/4 percent."
2024-12-18,Raphael W. Bostic,FOR,CUT,CUT,CUT_SUPPORT,-1,0,INDIVIDUAL_SPEECH,2024-09-23,https://www.atlantafed.org/news-and-events/speeches/2024/09/23/bostic-on-the-state-of-the-us-economy-and-monetary-policy,I fully supported this decision.
2024-12-18,Thomas I. Barkin,FOR,CUT,CUT,COMMITTEE_CUT,-1,0,VOTE_ACTION_PROXY,2024-12-18,https://www.federalreserve.gov/newsevents/pressreleases/monetary20241218a.htm,"Voting for the monetary policy action were Jerome H. Powell, Chair; John C. Williams, Vice Chair; Thomas I. Barkin; Michael S. Barr; Raphael W. Bostic; Michelle W. Bowman; Lisa D. Cook; Mary C. Daly; Philip N. Jefferson; Adriana D. Kugler; and Christopher J. Waller. Voting against the action was Beth M. Hammack, who preferred to maintain the target range for the federal funds rate at 4-1/2 to 4-3/4 percent."
2025-03-19,Adriana D. Kugler,FOR,HOLD,HOLD,CUT_BIAS,-1,0,INDIVIDUAL_SPEECH,2024-09-25,https://www.federalreserve.gov/newsevents/speech/kugler20240925a.htm,if conditions continue to evolve in the direction traveled thus far
2025-03-19,Alberto G. Musalem,FOR,HOLD,HOLD,COMMITTEE_HOLD,0,,VOTE_ACTION_PROXY,2025-03-19,https://www.federalreserve.gov/newsevents/pressreleases/monetary20250319a.htm,"Voting for the monetary policy action were Jerome H. Powell, Chair; John C. Williams, Vice Chair; Michael S. Barr; Michelle W. Bowman; Susan M. Collins; Lisa D. Cook; Austan D. Goolsbee; Philip N. Jefferson; Adriana D. Kugler; Alberto G. Musalem; and Jeffrey R. Schmid. Voting against this action was Christopher J. Waller, who supported no change for the federal funds target range but preferred to continue the current pace of decline in securities holdings."
2025-03-19,Austan D. Goolsbee,FOR,HOLD,HOLD,COMMITTEE_HOLD,0,,VOTE_ACTION_PROXY,2025-03-19,https://www.federalreserve.gov/newsevents/pressreleases/monetary20250319a.htm,"Voting for the monetary policy action were Jerome H. Powell, Chair; John C. Williams, Vice Chair; Michael S. Barr; Michelle W. Bowman; Susan M. Collins; Lisa D. Cook; Austan D. Goolsbee; Philip N. Jefferson; Adriana D. Kugler; Alberto G. Musalem; and Jeffrey R. Schmid. Voting against this action was Christopher J. Waller, who supported no change for the federal funds target range but preferred to continue the current pace of decline in securities holdings."
2025-03-19,Christopher J. Waller,AGAINST,HOLD,RATE_HOLD_QT_FASTER,TIGHTER_BALANCE_SHEET,1,2,VOTE_DISSENT,2025-03-19,https://www.federalreserve.gov/newsevents/pressreleases/monetary20250319a.htm,"Voting for the monetary policy action were Jerome H. Powell, Chair; John C. Williams, Vice Chair; Michael S. Barr; Michelle W. Bowman; Susan M. Collins; Lisa D. Cook; Austan D. Goolsbee; Philip N. Jefferson; Adriana D. Kugler; Alberto G. Musalem; and Jeffrey R. Schmid. Voting against this action was Christopher J. Waller, who supported no change for the federal funds target range but preferred to continue the current pace of decline in securities holdings."
2025-03-19,Jeffrey R. Schmid,FOR,HOLD,HOLD,COMMITTEE_HOLD,0,,VOTE_ACTION_PROXY,2025-03-19,https://www.federalreserve.gov/newsevents/pressreleases/monetary20250319a.htm,"Voting for the monetary policy action were Jerome H. Powell, Chair; John C. Williams, Vice Chair; Michael S. Barr; Michelle W. Bowman; Susan M. Collins; Lisa D. Cook; Austan D. Goolsbee; Philip N. Jefferson; Adriana D. Kugler; Alberto G. Musalem; and Jeffrey R. Schmid. Voting against this action was Christopher J. Waller, who supported no change for the federal funds target range but preferred to continue the current pace of decline in securities holdings."
2025-03-19,Jerome H. Powell,FOR,HOLD,HOLD,HOLD,0,1,INDIVIDUAL_SPEECH,2025-03-07,https://www.federalreserve.gov/newsevents/speech/powell20250307a.htm,We do not need to be in a hurry
2025-03-19,John C. Williams,FOR,HOLD,HOLD,COMMITTEE_HOLD,0,1,VOTE_ACTION_PROXY,2025-03-19,https://www.federalreserve.gov/newsevents/pressreleases/monetary20250319a.htm,"Voting for the monetary policy action were Jerome H. Powell, Chair; John C. Williams, Vice Chair; Michael S. Barr; Michelle W. Bowman; Susan M. Collins; Lisa D. Cook; Austan D. Goolsbee; Philip N. Jefferson; Adriana D. Kugler; Alberto G. Musalem; and Jeffrey R. Schmid. Voting against this action was Christopher J. Waller, who supported no change for the federal funds target range but preferred to continue the current pace of decline in securities holdings."
2025-03-19,Lisa D. Cook,FOR,HOLD,HOLD,COMMITTEE_HOLD,0,1,VOTE_ACTION_PROXY,2025-03-19,https://www.federalreserve.gov/newsevents/pressreleases/monetary20250319a.htm,"Voting for the monetary policy action were Jerome H. Powell, Chair; John C. Williams, Vice Chair; Michael S. Barr; Michelle W. Bowman; Susan M. Collins; Lisa D. Cook; Austan D. Goolsbee; Philip N. Jefferson; Adriana D. Kugler; Alberto G. Musalem; and Jeffrey R. Schmid. Voting against this action was Christopher J. Waller, who supported no change for the federal funds target range but preferred to continue the current pace of decline in securities holdings."
2025-03-19,Michael S. Barr,FOR,HOLD,HOLD,COMMITTEE_HOLD,0,1,VOTE_ACTION_PROXY,2025-03-19,https://www.federalreserve.gov/newsevents/pressreleases/monetary20250319a.htm,"Voting for the monetary policy action were Jerome H. Powell, Chair; John C. Williams, Vice Chair; Michael S. Barr; Michelle W. Bowman; Susan M. Collins; Lisa D. Cook; Austan D. Goolsbee; Philip N. Jefferson; Adriana D. Kugler; Alberto G. Musalem; and Jeffrey R. Schmid. Voting against this action was Christopher J. Waller, who supported no change for the federal funds target range but preferred to continue the current pace of decline in securities holdings."
2025-03-19,Michelle W. Bowman,FOR,HOLD,HOLD,COMMITTEE_HOLD,0,-1,VOTE_ACTION_PROXY,2025-03-19,https://www.federalreserve.gov/newsevents/pressreleases/monetary20250319a.htm,"Voting for the monetary policy action were Jerome H. Powell, Chair; John C. Williams, Vice Chair; Michael S. Barr; Michelle W. Bowman; Susan M. Collins; Lisa D. Cook; Austan D. Goolsbee; Philip N. Jefferson; Adriana D. Kugler; Alberto G. Musalem; and Jeffrey R. Schmid. Voting against this action was Christopher J. Waller, who supported no change for the federal funds target range but preferred to continue the current pace of decline in securities holdings."
2025-03-19,Philip N. Jefferson,FOR,HOLD,HOLD,COMMITTEE_HOLD,0,1,VOTE_ACTION_PROXY,2025-03-19,https://www.federalreserve.gov/newsevents/pressreleases/monetary20250319a.htm,"Voting for the monetary policy action were Jerome H. Powell, Chair; John C. Williams, Vice Chair; Michael S. Barr; Michelle W. Bowman; Susan M. Collins; Lisa D. Cook; Austan D. Goolsbee; Philip N. Jefferson; Adriana D. Kugler; Alberto G. Musalem; and Jeffrey R. Schmid. Voting against this action was Christopher J. Waller, who supported no change for the federal funds target range but preferred to continue the current pace of decline in securities holdings."
2025-03-19,Susan M. Collins,FOR,HOLD,HOLD,COMMITTEE_HOLD,0,,VOTE_ACTION_PROXY,2025-03-19,https://www.federalreserve.gov/newsevents/pressreleases/monetary20250319a.htm,"Voting for the monetary policy action were Jerome H. Powell, Chair; John C. Williams, Vice Chair; Michael S. Barr; Michelle W. Bowman; Susan M. Collins; Lisa D. Cook; Austan D. Goolsbee; Philip N. Jefferson; Adriana D. Kugler; Alberto G. Musalem; and Jeffrey R. Schmid. Voting against this action was Christopher J. Waller, who supported no change for the federal funds target range but preferred to continue the current pace of decline in securities holdings."
2025-06-18,Adriana D. Kugler,FOR,HOLD,HOLD,HOLD,0,1,INDIVIDUAL_SPEECH,2025-05-12,https://www.federalreserve.gov/newsevents/speech/kugler20250512a.htm,I supported the decision to keep rates at that level.
2025-06-18,Alberto G. Musalem,FOR,HOLD,HOLD,COMMITTEE_HOLD,0,0,VOTE_ACTION_PROXY,2025-06-18,https://www.federalreserve.gov/newsevents/pressreleases/monetary20250618a.htm,"Voting for the monetary policy action were Jerome H. Powell, Chair; John C. Williams, Vice Chair; Michael S. Barr; Michelle W. Bowman; Susan M. Collins; Lisa D. Cook; Austan D. Goolsbee; Philip N. Jefferson; Adriana D. Kugler; Alberto G. Musalem; Jeffrey R. Schmid; and Christopher J. Waller."
2025-06-18,Austan D. Goolsbee,FOR,HOLD,HOLD,COMMITTEE_HOLD,0,0,VOTE_ACTION_PROXY,2025-06-18,https://www.federalreserve.gov/newsevents/pressreleases/monetary20250618a.htm,"Voting for the monetary policy action were Jerome H. Powell, Chair; John C. Williams, Vice Chair; Michael S. Barr; Michelle W. Bowman; Susan M. Collins; Lisa D. Cook; Austan D. Goolsbee; Philip N. Jefferson; Adriana D. Kugler; Alberto G. Musalem; Jeffrey R. Schmid; and Christopher J. Waller."
2025-06-18,Christopher J. Waller,FOR,HOLD,HOLD,COMMITTEE_HOLD,0,-1,VOTE_ACTION_PROXY,2025-06-18,https://www.federalreserve.gov/newsevents/pressreleases/monetary20250618a.htm,"Voting for the monetary policy action were Jerome H. Powell, Chair; John C. Williams, Vice Chair; Michael S. Barr; Michelle W. Bowman; Susan M. Collins; Lisa D. Cook; Austan D. Goolsbee; Philip N. Jefferson; Adriana D. Kugler; Alberto G. Musalem; Jeffrey R. Schmid; and Christopher J. Waller."
2025-06-18,Jeffrey R. Schmid,FOR,HOLD,HOLD,COMMITTEE_HOLD,0,0,VOTE_ACTION_PROXY,2025-06-18,https://www.federalreserve.gov/newsevents/pressreleases/monetary20250618a.htm,"Voting for the monetary policy action were Jerome H. Powell, Chair; John C. Williams, Vice Chair; Michael S. Barr; Michelle W. Bowman; Susan M. Collins; Lisa D. Cook; Austan D. Goolsbee; Philip N. Jefferson; Adriana D. Kugler; Alberto G. Musalem; Jeffrey R. Schmid; and Christopher J. Waller."
2025-06-18,Jerome H. Powell,FOR,HOLD,HOLD,HOLD,0,0,INDIVIDUAL_SPEECH,2025-03-07,https://www.federalreserve.gov/newsevents/speech/powell20250307a.htm,We do not need to be in a hurry
2025-06-18,John C. Williams,FOR,HOLD,HOLD,COMMITTEE_HOLD,0,0,VOTE_ACTION_PROXY,2025-06-18,https://www.federalreserve.gov/newsevents/pressreleases/monetary20250618a.htm,"Voting for the monetary policy action were Jerome H. Powell, Chair; John C. Williams, Vice Chair; Michael S. Barr; Michelle W. Bowman; Susan M. Collins; Lisa D. Cook; Austan D. Goolsbee; Philip N. Jefferson; Adriana D. Kugler; Alberto G. Musalem; Jeffrey R. Schmid; and Christopher J. Waller."
2025-06-18,Lisa D. Cook,FOR,HOLD,HOLD,COMMITTEE_HOLD,0,0,VOTE_ACTION_PROXY,2025-06-18,https://www.federalreserve.gov/newsevents/pressreleases/monetary20250618a.htm,"Voting for the monetary policy action were Jerome H. Powell, Chair; John C. Williams, Vice Chair; Michael S. Barr; Michelle W. Bowman; Susan M. Collins; Lisa D. Cook; Austan D. Goolsbee; Philip N. Jefferson; Adriana D. Kugler; Alberto G. Musalem; Jeffrey R. Schmid; and Christopher J. Waller."
2025-06-18,Michael S. Barr,FOR,HOLD,HOLD,COMMITTEE_HOLD,0,0,VOTE_ACTION_PROXY,2025-06-18,https://www.federalreserve.gov/newsevents/pressreleases/monetary20250618a.htm,"Voting for the monetary policy action were Jerome H. Powell, Chair; John C. Williams, Vice Chair; Michael S. Barr; Michelle W. Bowman; Susan M. Collins; Lisa D. Cook; Austan D. Goolsbee; Philip N. Jefferson; Adriana D. Kugler; Alberto G. Musalem; Jeffrey R. Schmid; and Christopher J. Waller."
2025-06-18,Michelle W. Bowman,FOR,HOLD,HOLD,COMMITTEE_HOLD,0,0,VOTE_ACTION_PROXY,2025-06-18,https://www.federalreserve.gov/newsevents/pressreleases/monetary20250618a.htm,"Voting for the monetary policy action were Jerome H. Powell, Chair; John C. Williams, Vice Chair; Michael S. Barr; Michelle W. Bowman; Susan M. Collins; Lisa D. Cook; Austan D. Goolsbee; Philip N. Jefferson; Adriana D. Kugler; Alberto G. Musalem; Jeffrey R. Schmid; and Christopher J. Waller."
2025-06-18,Philip N. Jefferson,FOR,HOLD,HOLD,COMMITTEE_HOLD,0,0,VOTE_ACTION_PROXY,2025-06-18,https://www.federalreserve.gov/newsevents/pressreleases/monetary20250618a.htm,"Voting for the monetary policy action were Jerome H. Powell, Chair; John C. Williams, Vice Chair; Michael S. Barr; Michelle W. Bowman; Susan M. Collins; Lisa D. Cook; Austan D. Goolsbee; Philip N. Jefferson; Adriana D. Kugler; Alberto G. Musalem; Jeffrey R. Schmid; and Christopher J. Waller."
2025-06-18,Susan M. Collins,FOR,HOLD,HOLD,COMMITTEE_HOLD,0,0,VOTE_ACTION_PROXY,2025-06-18,https://www.federalreserve.gov/newsevents/pressreleases/monetary20250618a.htm,"Voting for the monetary policy action were Jerome H. Powell, Chair; John C. Williams, Vice Chair; Michael S. Barr; Michelle W. Bowman; Susan M. Collins; Lisa D. Cook; Austan D. Goolsbee; Philip N. Jefferson; Adriana D. Kugler; Alberto G. Musalem; Jeffrey R. Schmid; and Christopher J. Waller."
2025-09-17,Alberto G. Musalem,FOR,CUT,CUT,COMMITTEE_CUT,-1,-1,VOTE_ACTION_PROXY,2025-09-17,https://www.federalreserve.gov/newsevents/pressreleases/monetary20250917a.htm,"Voting for the monetary policy action were Jerome H. Powell, Chair; John C. Williams, Vice Chair; Michael S. Barr; Michelle W. Bowman; Susan M. Collins; Lisa D. Cook; Austan D. Goolsbee; Philip N. Jefferson; Alberto G. Musalem; Jeffrey R. Schmid; and Christopher J. Waller. Voting against this action was Stephen I. Miran, who preferred to lower the target range for the federal funds rate by 1/2 percentage point at this meeting."
2025-09-17,Austan D. Goolsbee,FOR,CUT,CUT,COMMITTEE_CUT,-1,-1,VOTE_ACTION_PROXY,2025-09-17,https://www.federalreserve.gov/newsevents/pressreleases/monetary20250917a.htm,"Voting for the monetary policy action were Jerome H. Powell, Chair; John C. Williams, Vice Chair; Michael S. Barr; Michelle W. Bowman; Susan M. Collins; Lisa D. Cook; Austan D. Goolsbee; Philip N. Jefferson; Alberto G. Musalem; Jeffrey R. Schmid; and Christopher J. Waller. Voting against this action was Stephen I. Miran, who preferred to lower the target range for the federal funds rate by 1/2 percentage point at this meeting."
2025-09-17,Christopher J. Waller,FOR,CUT,CUT,CUT_BIAS,-1,-1,INDIVIDUAL_SPEECH,2025-08-28,https://www.federalreserve.gov/newsevents/speech/waller20250828a.htm,I would support a 25 basis point cut at the Committee's meeting on September 16 and 17.
2025-09-17,Jeffrey R. Schmid,FOR,CUT,CUT,COMMITTEE_CUT,-1,-1,VOTE_ACTION_PROXY,2025-09-17,https://www.federalreserve.gov/newsevents/pressreleases/monetary20250917a.htm,"Voting for the monetary policy action were Jerome H. Powell, Chair; John C. Williams, Vice Chair; Michael S. Barr; Michelle W. Bowman; Susan M. Collins; Lisa D. Cook; Austan D. Goolsbee; Philip N. Jefferson; Alberto G. Musalem; Jeffrey R. Schmid; and Christopher J. Waller. Voting against this action was Stephen I. Miran, who preferred to lower the target range for the federal funds rate by 1/2 percentage point at this meeting."
2025-09-17,Jerome H. Powell,FOR,CUT,CUT,CUT_BIAS,-1,-1,INDIVIDUAL_SPEECH,2025-08-22,https://www.federalreserve.gov/newsevents/speech/powell20250822a.htm,the baseline outlook and the shifting balance of risks may warrant adjusting our policy stance.
2025-09-17,John C. Williams,FOR,CUT,CUT,COMMITTEE_CUT,-1,-1,VOTE_ACTION_PROXY,2025-09-17,https://www.federalreserve.gov/newsevents/pressreleases/monetary20250917a.htm,"Voting for the monetary policy action were Jerome H. Powell, Chair; John C. Williams, Vice Chair; Michael S. Barr; Michelle W. Bowman; Susan M. Collins; Lisa D. Cook; Austan D. Goolsbee; Philip N. Jefferson; Alberto G. Musalem; Jeffrey R. Schmid; and Christopher J. Waller. Voting against this action was Stephen I. Miran, who preferred to lower the target range for the federal funds rate by 1/2 percentage point at this meeting."
2025-09-17,Lisa D. Cook,FOR,CUT,CUT,COMMITTEE_CUT,-1,-1,VOTE_ACTION_PROXY,2025-09-17,https://www.federalreserve.gov/newsevents/pressreleases/monetary20250917a.htm,"Voting for the monetary policy action were Jerome H. Powell, Chair; John C. Williams, Vice Chair; Michael S. Barr; Michelle W. Bowman; Susan M. Collins; Lisa D. Cook; Austan D. Goolsbee; Philip N. Jefferson; Alberto G. Musalem; Jeffrey R. Schmid; and Christopher J. Waller. Voting against this action was Stephen I. Miran, who preferred to lower the target range for the federal funds rate by 1/2 percentage point at this meeting."
2025-09-17,Michael S. Barr,FOR,CUT,CUT,COMMITTEE_CUT,-1,-1,VOTE_ACTION_PROXY,2025-09-17,https://www.federalreserve.gov/newsevents/pressreleases/monetary20250917a.htm,"Voting for the monetary policy action were Jerome H. Powell, Chair; John C. Williams, Vice Chair; Michael S. Barr; Michelle W. Bowman; Susan M. Collins; Lisa D. Cook; Austan D. Goolsbee; Philip N. Jefferson; Alberto G. Musalem; Jeffrey R. Schmid; and Christopher J. Waller. Voting against this action was Stephen I. Miran, who preferred to lower the target range for the federal funds rate by 1/2 percentage point at this meeting."
2025-09-17,Michelle W. Bowman,FOR,CUT,CUT,COMMITTEE_CUT,-1,-1,VOTE_ACTION_PROXY,2025-09-17,https://www.federalreserve.gov/newsevents/pressreleases/monetary20250917a.htm,"Voting for the monetary policy action were Jerome H. Powell, Chair; John C. Williams, Vice Chair; Michael S. Barr; Michelle W. Bowman; Susan M. Collins; Lisa D. Cook; Austan D. Goolsbee; Philip N. Jefferson; Alberto G. Musalem; Jeffrey R. Schmid; and Christopher J. Waller. Voting against this action was Stephen I. Miran, who preferred to lower the target range for the federal funds rate by 1/2 percentage point at this meeting."
2025-09-17,Philip N. Jefferson,FOR,CUT,CUT,COMMITTEE_CUT,-1,-1,VOTE_ACTION_PROXY,2025-09-17,https://www.federalreserve.gov/newsevents/pressreleases/monetary20250917a.htm,"Voting for the monetary policy action were Jerome H. Powell, Chair; John C. Williams, Vice Chair; Michael S. Barr; Michelle W. Bowman; Susan M. Collins; Lisa D. Cook; Austan D. Goolsbee; Philip N. Jefferson; Alberto G. Musalem; Jeffrey R. Schmid; and Christopher J. Waller. Voting against this action was Stephen I. Miran, who preferred to lower the target range for the federal funds rate by 1/2 percentage point at this meeting."
2025-09-17,Stephen I. Miran,AGAINST,CUT,CUT_50BP,EASIER,-2,,VOTE_DISSENT,2025-09-17,https://www.federalreserve.gov/newsevents/pressreleases/monetary20250917a.htm,"Voting for the monetary policy action were Jerome H. Powell, Chair; John C. Williams, Vice Chair; Michael S. Barr; Michelle W. Bowman; Susan M. Collins; Lisa D. Cook; Austan D. Goolsbee; Philip N. Jefferson; Alberto G. Musalem; Jeffrey R. Schmid; and Christopher J. Waller. Voting against this action was Stephen I. Miran, who preferred to lower the target range for the federal funds rate by 1/2 percentage point at this meeting."
2025-09-17,Susan M. Collins,FOR,CUT,CUT,COMMITTEE_CUT,-1,-1,VOTE_ACTION_PROXY,2025-09-17,https://www.federalreserve.gov/newsevents/pressreleases/monetary20250917a.htm,"Voting for the monetary policy action were Jerome H. Powell, Chair; John C. Williams, Vice Chair; Michael S. Barr; Michelle W. Bowman; Susan M. Collins; Lisa D. Cook; Austan D. Goolsbee; Philip N. Jefferson; Alberto G. Musalem; Jeffrey R. Schmid; and Christopher J. Waller. Voting against this action was Stephen I. Miran, who preferred to lower the target range for the federal funds rate by 1/2 percentage point at this meeting."
2025-12-10,Alberto G. Musalem,FOR,CUT,CUT,COMMITTEE_CUT,-1,0,VOTE_ACTION_PROXY,2025-12-10,https://www.federalreserve.gov/newsevents/pressreleases/monetary20251210a.htm,"Voting for the monetary policy action were Jerome H. Powell, Chair; John C. Williams, Vice Chair; Michael S. Barr; Michelle W. Bowman; Susan M. Collins; Lisa D. Cook; Philip N. Jefferson; Alberto G. Musalem; and Christopher J. Waller. Voting against this action were Stephen I. Miran, who preferred to lower the target range for the federal funds rate by 1/2 percentage point at this meeting; and Austan D. Goolsbee and Jeffrey R. Schmid, who preferred no change to the target range for the federal funds rate at this meeting."
2025-12-10,Austan D. Goolsbee,AGAINST,CUT,HOLD,TIGHTER,2,3,VOTE_DISSENT,2025-12-10,https://www.federalreserve.gov/newsevents/pressreleases/monetary20251210a.htm,"Voting for the monetary policy action were Jerome H. Powell, Chair; John C. Williams, Vice Chair; Michael S. Barr; Michelle W. Bowman; Susan M. Collins; Lisa D. Cook; Philip N. Jefferson; Alberto G. Musalem; and Christopher J. Waller. Voting against this action were Stephen I. Miran, who preferred to lower the target range for the federal funds rate by 1/2 percentage point at this meeting; and Austan D. Goolsbee and Jeffrey R. Schmid, who preferred no change to the target range for the federal funds rate at this meeting."
2025-12-10,Christopher J. Waller,FOR,CUT,CUT,CUT_BIAS,-1,0,INDIVIDUAL_SPEECH,2025-08-28,https://www.federalreserve.gov/newsevents/speech/waller20250828a.htm,I would support a 25 basis point cut at the Committee's meeting on September 16 and 17.
2025-12-10,Jeffrey R. Schmid,AGAINST,CUT,HOLD,TIGHTER,2,3,VOTE_DISSENT,2025-12-10,https://www.federalreserve.gov/newsevents/pressreleases/monetary20251210a.htm,"Voting for the monetary policy action were Jerome H. Powell, Chair; John C. Williams, Vice Chair; Michael S. Barr; Michelle W. Bowman; Susan M. Collins; Lisa D. Cook; Philip N. Jefferson; Alberto G. Musalem; and Christopher J. Waller. Voting against this action were Stephen I. Miran, who preferred to lower the target range for the federal funds rate by 1/2 percentage point at this meeting; and Austan D. Goolsbee and Jeffrey R. Schmid, who preferred no change to the target range for the federal funds rate at this meeting."
2025-12-10,Jerome H. Powell,FOR,CUT,CUT,CUT_BIAS,-1,0,INDIVIDUAL_SPEECH,2025-08-22,https://www.federalreserve.gov/newsevents/speech/powell20250822a.htm,the baseline outlook and the shifting balance of risks may warrant adjusting our policy stance.
2025-12-10,John C. Williams,FOR,CUT,CUT,COMMITTEE_CUT,-1,0,VOTE_ACTION_PROXY,2025-12-10,https://www.federalreserve.gov/newsevents/pressreleases/monetary20251210a.htm,"Voting for the monetary policy action were Jerome H. Powell, Chair; John C. Williams, Vice Chair; Michael S. Barr; Michelle W. Bowman; Susan M. Collins; Lisa D. Cook; Philip N. Jefferson; Alberto G. Musalem; and Christopher J. Waller. Voting against this action were Stephen I. Miran, who preferred to lower the target range for the federal funds rate by 1/2 percentage point at this meeting; and Austan D. Goolsbee and Jeffrey R. Schmid, who preferred no change to the target range for the federal funds rate at this meeting."
2025-12-10,Lisa D. Cook,FOR,CUT,CUT,COMMITTEE_CUT,-1,0,VOTE_ACTION_PROXY,2025-12-10,https://www.federalreserve.gov/newsevents/pressreleases/monetary20251210a.htm,"Voting for the monetary policy action were Jerome H. Powell, Chair; John C. Williams, Vice Chair; Michael S. Barr; Michelle W. Bowman; Susan M. Collins; Lisa D. Cook; Philip N. Jefferson; Alberto G. Musalem; and Christopher J. Waller. Voting against this action were Stephen I. Miran, who preferred to lower the target range for the federal funds rate by 1/2 percentage point at this meeting; and Austan D. Goolsbee and Jeffrey R. Schmid, who preferred no change to the target range for the federal funds rate at this meeting."
2025-12-10,Michael S. Barr,FOR,CUT,CUT,COMMITTEE_CUT,-1,0,VOTE_ACTION_PROXY,2025-12-10,https://www.federalreserve.gov/newsevents/pressreleases/monetary20251210a.htm,"Voting for the monetary policy action were Jerome H. Powell, Chair; John C. Williams, Vice Chair; Michael S. Barr; Michelle W. Bowman; Susan M. Collins; Lisa D. Cook; Philip N. Jefferson; Alberto G. Musalem; and Christopher J. Waller. Voting against this action were Stephen I. Miran, who preferred to lower the target range for the federal funds rate by 1/2 percentage point at this meeting; and Austan D. Goolsbee and Jeffrey R. Schmid, who preferred no change to the target range for the federal funds rate at this meeting."
2025-12-10,Michelle W. Bowman,FOR,CUT,CUT,CUT_BIAS,-1,0,INDIVIDUAL_SPEECH,2025-09-23,https://www.federalreserve.gov/newsevents/speech/bowman20250923a.htm,I supported reducing the policy rate at this meeting.
2025-12-10,Philip N. Jefferson,FOR,CUT,CUT,COMMITTEE_CUT,-1,0,VOTE_ACTION_PROXY,2025-12-10,https://www.federalreserve.gov/newsevents/pressreleases/monetary20251210a.htm,"Voting for the monetary policy action were Jerome H. Powell, Chair; John C. Williams, Vice Chair; Michael S. Barr; Michelle W. Bowman; Susan M. Collins; Lisa D. Cook; Philip N. Jefferson; Alberto G. Musalem; and Christopher J. Waller. Voting against this action were Stephen I. Miran, who preferred to lower the target range for the federal funds rate by 1/2 percentage point at this meeting; and Austan D. Goolsbee and Jeffrey R. Schmid, who preferred no change to the target range for the federal funds rate at this meeting."
2025-12-10,Stephen I. Miran,AGAINST,CUT,CUT_50BP,EASIER,-2,0,VOTE_DISSENT,2025-12-10,https://www.federalreserve.gov/newsevents/pressreleases/monetary20251210a.htm,"Voting for the monetary policy action were Jerome H. Powell, Chair; John C. Williams, Vice Chair; Michael S. Barr; Michelle W. Bowman; Susan M. Collins; Lisa D. Cook; Philip N. Jefferson; Alberto G. Musalem; and Christopher J. Waller. Voting against this action were Stephen I. Miran, who preferred to lower the target range for the federal funds rate by 1/2 percentage point at this meeting; and Austan D. Goolsbee and Jeffrey R. Schmid, who preferred no change to the target range for the federal funds rate at this meeting."
2025-12-10,Susan M. Collins,FOR,CUT,CUT,COMMITTEE_CUT,-1,0,VOTE_ACTION_PROXY,2025-12-10,https://www.federalreserve.gov/newsevents/pressreleases/monetary20251210a.htm,"Voting for the monetary policy action were Jerome H. Powell, Chair; John C. Williams, Vice Chair; Michael S. Barr; Michelle W. Bowman; Susan M. Collins; Lisa D. Cook; Philip N. Jefferson; Alberto G. Musalem; and Christopher J. Waller. Voting against this action were Stephen I. Miran, who preferred to lower the target range for the federal funds rate by 1/2 percentage point at this meeting; and Austan D. Goolsbee and Jeffrey R. Schmid, who preferred no change to the target range for the federal funds rate at this meeting."
2026-03-18,Anna Paulson,FOR,HOLD,HOLD,COMMITTEE_HOLD,0,,VOTE_ACTION_PROXY,2026-03-18,https://www.federalreserve.gov/newsevents/pressreleases/monetary20260318a.htm,"Voting for the monetary policy action were Jerome H. Powell, Chair; John C. Williams, Vice Chair; Michael S. Barr; Michelle W. Bowman; Lisa D. Cook; Beth M. Hammack; Philip N. Jefferson; Neel Kashkari; Lorie K. Logan; Anna Paulson; and Christopher J. Waller. Voting against this action was Stephen I. Miran, who preferred to lower the target range for the federal funds rate by 1/4 percentage point at this meeting."
2026-03-18,Beth M. Hammack,FOR,HOLD,HOLD,COMMITTEE_HOLD,0,,VOTE_ACTION_PROXY,2026-03-18,https://www.federalreserve.gov/newsevents/pressreleases/monetary20260318a.htm,"Voting for the monetary policy action were Jerome H. Powell, Chair; John C. Williams, Vice Chair; Michael S. Barr; Michelle W. Bowman; Lisa D. Cook; Beth M. Hammack; Philip N. Jefferson; Neel Kashkari; Lorie K. Logan; Anna Paulson; and Christopher J. Waller. Voting against this action was Stephen I. Miran, who preferred to lower the target range for the federal funds rate by 1/4 percentage point at this meeting."
2026-03-18,Christopher J. Waller,FOR,HOLD,HOLD,COMMITTEE_HOLD,0,1,VOTE_ACTION_PROXY,2026-03-18,https://www.federalreserve.gov/newsevents/pressreleases/monetary20260318a.htm,"Voting for the monetary policy action were Jerome H. Powell, Chair; John C. Williams, Vice Chair; Michael S. Barr; Michelle W. Bowman; Lisa D. Cook; Beth M. Hammack; Philip N. Jefferson; Neel Kashkari; Lorie K. Logan; Anna Paulson; and Christopher J. Waller. Voting against this action was Stephen I. Miran, who preferred to lower the target range for the federal funds rate by 1/4 percentage point at this meeting."
2026-03-18,Jerome H. Powell,FOR,HOLD,HOLD,COMMITTEE_HOLD,0,1,VOTE_ACTION_PROXY,2026-03-18,https://www.federalreserve.gov/newsevents/pressreleases/monetary20260318a.htm,"Voting for the monetary policy action were Jerome H. Powell, Chair; John C. Williams, Vice Chair; Michael S. Barr; Michelle W. Bowman; Lisa D. Cook; Beth M. Hammack; Philip N. Jefferson; Neel Kashkari; Lorie K. Logan; Anna Paulson; and Christopher J. Waller. Voting against this action was Stephen I. Miran, who preferred to lower the target range for the federal funds rate by 1/4 percentage point at this meeting."
2026-03-18,John C. Williams,FOR,HOLD,HOLD,COMMITTEE_HOLD,0,1,VOTE_ACTION_PROXY,2026-03-18,https://www.federalreserve.gov/newsevents/pressreleases/monetary20260318a.htm,"Voting for the monetary policy action were Jerome H. Powell, Chair; John C. Williams, Vice Chair; Michael S. Barr; Michelle W. Bowman; Lisa D. Cook; Beth M. Hammack; Philip N. Jefferson; Neel Kashkari; Lorie K. Logan; Anna Paulson; and Christopher J. Waller. Voting against this action was Stephen I. Miran, who preferred to lower the target range for the federal funds rate by 1/4 percentage point at this meeting."
2026-03-18,Lisa D. Cook,FOR,HOLD,HOLD,COMMITTEE_HOLD,0,1,VOTE_ACTION_PROXY,2026-03-18,https://www.federalreserve.gov/newsevents/pressreleases/monetary20260318a.htm,"Voting for the monetary policy action were Jerome H. Powell, Chair; John C. Williams, Vice Chair; Michael S. Barr; Michelle W. Bowman; Lisa D. Cook; Beth M. Hammack; Philip N. Jefferson; Neel Kashkari; Lorie K. Logan; Anna Paulson; and Christopher J. Waller. Voting against this action was Stephen I. Miran, who preferred to lower the target range for the federal funds rate by 1/4 percentage point at this meeting."
2026-03-18,Lorie K. Logan,FOR,HOLD,HOLD,COMMITTEE_HOLD,0,,VOTE_ACTION_PROXY,2026-03-18,https://www.federalreserve.gov/newsevents/pressreleases/monetary20260318a.htm,"Voting for the monetary policy action were Jerome H. Powell, Chair; John C. Williams, Vice Chair; Michael S. Barr; Michelle W. Bowman; Lisa D. Cook; Beth M. Hammack; Philip N. Jefferson; Neel Kashkari; Lorie K. Logan; Anna Paulson; and Christopher J. Waller. Voting against this action was Stephen I. Miran, who preferred to lower the target range for the federal funds rate by 1/4 percentage point at this meeting."
2026-03-18,Michael S. Barr,FOR,HOLD,HOLD,COMMITTEE_HOLD,0,1,VOTE_ACTION_PROXY,2026-03-18,https://www.federalreserve.gov/newsevents/pressreleases/monetary20260318a.htm,"Voting for the monetary policy action were Jerome H. Powell, Chair; John C. Williams, Vice Chair; Michael S. Barr; Michelle W. Bowman; Lisa D. Cook; Beth M. Hammack; Philip N. Jefferson; Neel Kashkari; Lorie K. Logan; Anna Paulson; and Christopher J. Waller. Voting against this action was Stephen I. Miran, who preferred to lower the target range for the federal funds rate by 1/4 percentage point at this meeting."
2026-03-18,Michelle W. Bowman,FOR,HOLD,HOLD,CUT_BIAS,-1,0,INDIVIDUAL_SPEECH,2025-09-23,https://www.federalreserve.gov/newsevents/speech/bowman20250923a.htm,I supported reducing the policy rate at this meeting.
2026-03-18,Neel Kashkari,FOR,HOLD,HOLD,COMMITTEE_HOLD,0,,VOTE_ACTION_PROXY,2026-03-18,https://www.federalreserve.gov/newsevents/pressreleases/monetary20260318a.htm,"Voting for the monetary policy action were Jerome H. Powell, Chair; John C. Williams, Vice Chair; Michael S. Barr; Michelle W. Bowman; Lisa D. Cook; Beth M. Hammack; Philip N. Jefferson; Neel Kashkari; Lorie K. Logan; Anna Paulson; and Christopher J. Waller. Voting against this action was Stephen I. Miran, who preferred to lower the target range for the federal funds rate by 1/4 percentage point at this meeting."
2026-03-18,Philip N. Jefferson,FOR,HOLD,HOLD,COMMITTEE_HOLD,0,1,VOTE_ACTION_PROXY,2026-03-18,https://www.federalreserve.gov/newsevents/pressreleases/monetary20260318a.htm,"Voting for the monetary policy action were Jerome H. Powell, Chair; John C. Williams, Vice Chair; Michael S. Barr; Michelle W. Bowman; Lisa D. Cook; Beth M. Hammack; Philip N. Jefferson; Neel Kashkari; Lorie K. Logan; Anna Paulson; and Christopher J. Waller. Voting against this action was Stephen I. Miran, who preferred to lower the target range for the federal funds rate by 1/4 percentage point at this meeting."
2026-03-18,Stephen I. Miran,AGAINST,HOLD,CUT_25BP,EASIER,-2,0,VOTE_DISSENT,2026-03-18,https://www.federalreserve.gov/newsevents/pressreleases/monetary20260318a.htm,"Voting for the monetary policy action were Jerome H. Powell, Chair; John C. Williams, Vice Chair; Michael S. Barr; Michelle W. Bowman; Lisa D. Cook; Beth M. Hammack; Philip N. Jefferson; Neel Kashkari; Lorie K. Logan; Anna Paulson; and Christopher J. Waller. Voting against this action was Stephen I. Miran, who preferred to lower the target range for the federal funds rate by 1/4 percentage point at this meeting."
2026-06-17,Anna Paulson,FOR,HOLD,HOLD,COMMITTEE_HOLD,0,0,VOTE_ACTION_PROXY,2026-06-17,https://www.federalreserve.gov/monetarypolicy/fomcminutes20260617.htm,"Voting for this action: Kevin Warsh, John C. Williams, Michael S. Barr, Michelle W. Bowman, Lisa D. Cook, Beth M. Hammack, Philip N. Jefferson, Neel Kashkari, Lorie K. Logan, Anna Paulson, Jerome H. Powell, and Christopher J. Waller. Voting against this action: None. Consistent with the Committee's decision to leave the target range for the federal funds rate unchanged, the Board of Governors of the Federal Reserve System voted unanimously to maintain the interest rate paid on reserve balances at 3.65 percent, effective June 18, 2026. The Board of Governors of the Federal Reserve System voted unanimously to approve the establishment of the primary credit rate at the existing level of 3.75 percent. It was agreed that the next meeting of the Committee would be held on Tuesday–Wednesday, July 28–29, 2026. The meeting adjourned at 10:30 a.m. on June 17, 2026. Notation Vote By notation vote completed on May 19, 2026, the Committee unanimously approved the minutes of the Committee meeting held on April 28–29, 2026. Attendance Kevin Warsh, Chairman John C. Williams, Vice Chair Michael S. Barr Michelle W. Bowman Lisa D. Cook Beth M. Hammack Philip N. Jefferson Neel Kashkari Lorie K. Logan Anna Paulson Jerome H. Powell Christopher J. Waller Thomas I. Barkin, Mary C. Daly, Austan D. Goolsbee, Sushmita Shukla, and Cheryl L. Venable, Alternate Members of the Committee Susan M. Collins, Alberto G. Musalem, and Jeffrey R. Schmid, Presidents of the Federal Reserve Banks of Boston, St. Louis, and Kansas City, respectively Joshua Gallin, Secretary Matthew M. Luecke, Deputy Secretary Michelle A. Smith, Assistant Secretary Mark E. Van Der Weide, General Counsel Richard Ostrander, Deputy General Counsel Trevor A. Reeve, Economist Stacey Tevlin, Economist Beth Anne Wilson, Economist Stephanie R. Aaronson, Shaghil Ahmed, Brian M. Doyle, Eric M. Engen, Michael T. Kiley, Elizabeth Klee, Edward S. Knotek II, Karel Mertens, Andrea Raffo, and Donald Keith Sill, Associate Economists Roberto Perli, Manager, System Open Market Account Julie Ann Remache, Deputy Manager, System Open Market Account Jose Acosta, Senior System Engineer II, Division of Information Technology, Board Isaiah C. Ahn, Information Management Analyst, Division of Monetary Affairs, Board Alyssa Arute,2 Assistant Director, Division of Reserve Bank Operations and Payment Systems, Board Gadi Barlevy, Executive Vice President, Federal Reserve Bank of Chicago William F. Bassett, Senior Associate Director, Division of Financial Stability, Board Kimberly N. Bayard, Section Chief, Division of Research and Statistics, Board Michele Cavallo, Special Adviser to the Board, Division of Board Members, Board Lisa Chung,2 Head of Domestic and International Markets, Federal Reserve Bank of New York Andrew Cohen,3 Special Adviser to the Board, Division of Board Members, Board Francisco Covas, Deputy Director, Division of Supervision and Regulation, Board Ryan A. Decker, Special Adviser to the Board, Division of Board Members, Board Cynthia L. Doniger,4 Principal Economist, Division of Monetary Affairs, Board Burcu Duygan-Bump, Deputy Director, Division of Research and Statistics, Board Eric C. Engstrom, Special Adviser to the Chairman, Division of Board Members, Board Giovanni Favara, Associate Director, Division of Monetary Affairs, Board Laura J. Feiveson,4 Special Adviser to the Board, Division of Board Members, Board Andrew Figura, Senior Associate Director, Division of Research and Statistics, Board Jenn Gallagher, Assistant to the Board, Division of Board Members, Board Carlos Garriga, Senior Vice President, Federal Reserve Bank of St. Louis Joseph W. Gruber, Executive Vice President, Federal Reserve Bank of Kansas City Daniel L. Heil, Assistant to the Chairman (Special Projects), Division of Board Members, Board Erik Heitfield, Deputy Associate Director, Division of Research and Statistics, Board Valerie S. Hinojosa, Assistant Director, Division of Monetary Affairs, Board Jane E. Ihrig, Special Adviser to the Board, Division of Board Members, Board Margaret M. Jacobson, Senior Economist, Division of Monetary Affairs, Board Benjamin K. Johannsen, Deputy Associate Director, Division of Monetary Affairs, Board Anna R. Kovner, Executive Vice President, Federal Reserve Bank of Richmond Spencer D. Krane, Senior Vice President, Federal Reserve Bank of Chicago Sylvain Leduc, Executive Vice President and Director of Economic Research, Federal Reserve Bank of San Francisco Andreas Lehnert, Director, Division of Financial Stability, Board Paul Lengermann, Deputy Associate Director, Division of Research and Statistics, Board Eric LeSueur,2 Policy and Market Analysis Advisor, Federal Reserve Bank of New York Logan T. Lewis, Assistant Director, Division of International Finance, Board Laura Lipscomb, Special Adviser to the Board, Division of Board Members, Board Francesca Loria, Principal Economist, Division of Monetary Affairs, Board Byron Lutz, Deputy Associate Director, Division of Research and Statistics, Board Jonathan P. McCarthy, Economic Research Advisor, Federal Reserve Bank of New York John P. McConnell, Assistant to the Chairman (Speechwriting), Division of Board Members, Board Benjamin W. McDonough, Secretary of the Board, Office of the Secretary, Board David Newville, Director, Division of Consumer and Community Affairs, Board Anna Nordstrom, Head of Markets, Federal Reserve Bank of New York Alyssa T. O'Connor, Special Adviser to the Board, Division of Board Members, Board Karen A. Pennell, First Vice President, Federal Reserve Bank of Boston Eugenio P. Pinto, Special Adviser to the Board, Division of Board Members, Board Odelle Quisumbing,2 Assistant to the Secretary, Office of the Secretary, Board Nellisha D. Ramdass, Deputy Director, Division of Monetary Affairs, Board Romina D. Ruprecht, Senior Economist, Division of Monetary Affairs, Board Zeynep Senyuz, Special Adviser to the Board, Division of Board Members, Board Hiroatsu Tanaka, Principal Economist, Division of Monetary Affairs, Board Mary H. Tian, Group Manager, Division of Monetary Affairs, Board Jeffrey D. Walker,2 Senior Associate Director, Division of Reserve Bank Operations and Payment Systems, Board Jonathan Willis, Vice President, Federal Reserve Bank of Atlanta Paul Winfree, Assistant to the Chairman (Special Projects), Division of Board Members, Board Emre Yoldas, Deputy Associate Director, Division of International Finance, Board Egon Zakrajšek, Executive Vice President, Federal Reserve Bank of Boston _______________________ Joshua Gallin Secretary 1. The Federal Open Market Committee is referenced as the ""FOMC"" and the ""Committee"" in these minutes; the Board of Governors of the Federal Reserve System is referenced as the ""Board"" in these minutes. Return to text 2. Attended through the discussion of developments in financial markets and open market operations. Return to text 3. Attended Wednesday's session only. Return to text 4. Attended Tuesday's session only. Return to text Back to Top"
2026-06-17,Beth M. Hammack,FOR,HOLD,HOLD,COMMITTEE_HOLD,0,0,VOTE_ACTION_PROXY,2026-06-17,https://www.federalreserve.gov/monetarypolicy/fomcminutes20260617.htm,"Voting for this action: Kevin Warsh, John C. Williams, Michael S. Barr, Michelle W. Bowman, Lisa D. Cook, Beth M. Hammack, Philip N. Jefferson, Neel Kashkari, Lorie K. Logan, Anna Paulson, Jerome H. Powell, and Christopher J. Waller. Voting against this action: None. Consistent with the Committee's decision to leave the target range for the federal funds rate unchanged, the Board of Governors of the Federal Reserve System voted unanimously to maintain the interest rate paid on reserve balances at 3.65 percent, effective June 18, 2026. The Board of Governors of the Federal Reserve System voted unanimously to approve the establishment of the primary credit rate at the existing level of 3.75 percent. It was agreed that the next meeting of the Committee would be held on Tuesday–Wednesday, July 28–29, 2026. The meeting adjourned at 10:30 a.m. on June 17, 2026. Notation Vote By notation vote completed on May 19, 2026, the Committee unanimously approved the minutes of the Committee meeting held on April 28–29, 2026. Attendance Kevin Warsh, Chairman John C. Williams, Vice Chair Michael S. Barr Michelle W. Bowman Lisa D. Cook Beth M. Hammack Philip N. Jefferson Neel Kashkari Lorie K. Logan Anna Paulson Jerome H. Powell Christopher J. Waller Thomas I. Barkin, Mary C. Daly, Austan D. Goolsbee, Sushmita Shukla, and Cheryl L. Venable, Alternate Members of the Committee Susan M. Collins, Alberto G. Musalem, and Jeffrey R. Schmid, Presidents of the Federal Reserve Banks of Boston, St. Louis, and Kansas City, respectively Joshua Gallin, Secretary Matthew M. Luecke, Deputy Secretary Michelle A. Smith, Assistant Secretary Mark E. Van Der Weide, General Counsel Richard Ostrander, Deputy General Counsel Trevor A. Reeve, Economist Stacey Tevlin, Economist Beth Anne Wilson, Economist Stephanie R. Aaronson, Shaghil Ahmed, Brian M. Doyle, Eric M. Engen, Michael T. Kiley, Elizabeth Klee, Edward S. Knotek II, Karel Mertens, Andrea Raffo, and Donald Keith Sill, Associate Economists Roberto Perli, Manager, System Open Market Account Julie Ann Remache, Deputy Manager, System Open Market Account Jose Acosta, Senior System Engineer II, Division of Information Technology, Board Isaiah C. Ahn, Information Management Analyst, Division of Monetary Affairs, Board Alyssa Arute,2 Assistant Director, Division of Reserve Bank Operations and Payment Systems, Board Gadi Barlevy, Executive Vice President, Federal Reserve Bank of Chicago William F. Bassett, Senior Associate Director, Division of Financial Stability, Board Kimberly N. Bayard, Section Chief, Division of Research and Statistics, Board Michele Cavallo, Special Adviser to the Board, Division of Board Members, Board Lisa Chung,2 Head of Domestic and International Markets, Federal Reserve Bank of New York Andrew Cohen,3 Special Adviser to the Board, Division of Board Members, Board Francisco Covas, Deputy Director, Division of Supervision and Regulation, Board Ryan A. Decker, Special Adviser to the Board, Division of Board Members, Board Cynthia L. Doniger,4 Principal Economist, Division of Monetary Affairs, Board Burcu Duygan-Bump, Deputy Director, Division of Research and Statistics, Board Eric C. Engstrom, Special Adviser to the Chairman, Division of Board Members, Board Giovanni Favara, Associate Director, Division of Monetary Affairs, Board Laura J. Feiveson,4 Special Adviser to the Board, Division of Board Members, Board Andrew Figura, Senior Associate Director, Division of Research and Statistics, Board Jenn Gallagher, Assistant to the Board, Division of Board Members, Board Carlos Garriga, Senior Vice President, Federal Reserve Bank of St. Louis Joseph W. Gruber, Executive Vice President, Federal Reserve Bank of Kansas City Daniel L. Heil, Assistant to the Chairman (Special Projects), Division of Board Members, Board Erik Heitfield, Deputy Associate Director, Division of Research and Statistics, Board Valerie S. Hinojosa, Assistant Director, Division of Monetary Affairs, Board Jane E. Ihrig, Special Adviser to the Board, Division of Board Members, Board Margaret M. Jacobson, Senior Economist, Division of Monetary Affairs, Board Benjamin K. Johannsen, Deputy Associate Director, Division of Monetary Affairs, Board Anna R. Kovner, Executive Vice President, Federal Reserve Bank of Richmond Spencer D. Krane, Senior Vice President, Federal Reserve Bank of Chicago Sylvain Leduc, Executive Vice President and Director of Economic Research, Federal Reserve Bank of San Francisco Andreas Lehnert, Director, Division of Financial Stability, Board Paul Lengermann, Deputy Associate Director, Division of Research and Statistics, Board Eric LeSueur,2 Policy and Market Analysis Advisor, Federal Reserve Bank of New York Logan T. Lewis, Assistant Director, Division of International Finance, Board Laura Lipscomb, Special Adviser to the Board, Division of Board Members, Board Francesca Loria, Principal Economist, Division of Monetary Affairs, Board Byron Lutz, Deputy Associate Director, Division of Research and Statistics, Board Jonathan P. McCarthy, Economic Research Advisor, Federal Reserve Bank of New York John P. McConnell, Assistant to the Chairman (Speechwriting), Division of Board Members, Board Benjamin W. McDonough, Secretary of the Board, Office of the Secretary, Board David Newville, Director, Division of Consumer and Community Affairs, Board Anna Nordstrom, Head of Markets, Federal Reserve Bank of New York Alyssa T. O'Connor, Special Adviser to the Board, Division of Board Members, Board Karen A. Pennell, First Vice President, Federal Reserve Bank of Boston Eugenio P. Pinto, Special Adviser to the Board, Division of Board Members, Board Odelle Quisumbing,2 Assistant to the Secretary, Office of the Secretary, Board Nellisha D. Ramdass, Deputy Director, Division of Monetary Affairs, Board Romina D. Ruprecht, Senior Economist, Division of Monetary Affairs, Board Zeynep Senyuz, Special Adviser to the Board, Division of Board Members, Board Hiroatsu Tanaka, Principal Economist, Division of Monetary Affairs, Board Mary H. Tian, Group Manager, Division of Monetary Affairs, Board Jeffrey D. Walker,2 Senior Associate Director, Division of Reserve Bank Operations and Payment Systems, Board Jonathan Willis, Vice President, Federal Reserve Bank of Atlanta Paul Winfree, Assistant to the Chairman (Special Projects), Division of Board Members, Board Emre Yoldas, Deputy Associate Director, Division of International Finance, Board Egon Zakrajšek, Executive Vice President, Federal Reserve Bank of Boston _______________________ Joshua Gallin Secretary 1. The Federal Open Market Committee is referenced as the ""FOMC"" and the ""Committee"" in these minutes; the Board of Governors of the Federal Reserve System is referenced as the ""Board"" in these minutes. Return to text 2. Attended through the discussion of developments in financial markets and open market operations. Return to text 3. Attended Wednesday's session only. Return to text 4. Attended Tuesday's session only. Return to text Back to Top"
2026-06-17,Christopher J. Waller,FOR,HOLD,HOLD,COMMITTEE_HOLD,0,0,VOTE_ACTION_PROXY,2026-06-17,https://www.federalreserve.gov/monetarypolicy/fomcminutes20260617.htm,"Voting for this action: Kevin Warsh, John C. Williams, Michael S. Barr, Michelle W. Bowman, Lisa D. Cook, Beth M. Hammack, Philip N. Jefferson, Neel Kashkari, Lorie K. Logan, Anna Paulson, Jerome H. Powell, and Christopher J. Waller. Voting against this action: None. Consistent with the Committee's decision to leave the target range for the federal funds rate unchanged, the Board of Governors of the Federal Reserve System voted unanimously to maintain the interest rate paid on reserve balances at 3.65 percent, effective June 18, 2026. The Board of Governors of the Federal Reserve System voted unanimously to approve the establishment of the primary credit rate at the existing level of 3.75 percent. It was agreed that the next meeting of the Committee would be held on Tuesday–Wednesday, July 28–29, 2026. The meeting adjourned at 10:30 a.m. on June 17, 2026. Notation Vote By notation vote completed on May 19, 2026, the Committee unanimously approved the minutes of the Committee meeting held on April 28–29, 2026. Attendance Kevin Warsh, Chairman John C. Williams, Vice Chair Michael S. Barr Michelle W. Bowman Lisa D. Cook Beth M. Hammack Philip N. Jefferson Neel Kashkari Lorie K. Logan Anna Paulson Jerome H. Powell Christopher J. Waller Thomas I. Barkin, Mary C. Daly, Austan D. Goolsbee, Sushmita Shukla, and Cheryl L. Venable, Alternate Members of the Committee Susan M. Collins, Alberto G. Musalem, and Jeffrey R. Schmid, Presidents of the Federal Reserve Banks of Boston, St. Louis, and Kansas City, respectively Joshua Gallin, Secretary Matthew M. Luecke, Deputy Secretary Michelle A. Smith, Assistant Secretary Mark E. Van Der Weide, General Counsel Richard Ostrander, Deputy General Counsel Trevor A. Reeve, Economist Stacey Tevlin, Economist Beth Anne Wilson, Economist Stephanie R. Aaronson, Shaghil Ahmed, Brian M. Doyle, Eric M. Engen, Michael T. Kiley, Elizabeth Klee, Edward S. Knotek II, Karel Mertens, Andrea Raffo, and Donald Keith Sill, Associate Economists Roberto Perli, Manager, System Open Market Account Julie Ann Remache, Deputy Manager, System Open Market Account Jose Acosta, Senior System Engineer II, Division of Information Technology, Board Isaiah C. Ahn, Information Management Analyst, Division of Monetary Affairs, Board Alyssa Arute,2 Assistant Director, Division of Reserve Bank Operations and Payment Systems, Board Gadi Barlevy, Executive Vice President, Federal Reserve Bank of Chicago William F. Bassett, Senior Associate Director, Division of Financial Stability, Board Kimberly N. Bayard, Section Chief, Division of Research and Statistics, Board Michele Cavallo, Special Adviser to the Board, Division of Board Members, Board Lisa Chung,2 Head of Domestic and International Markets, Federal Reserve Bank of New York Andrew Cohen,3 Special Adviser to the Board, Division of Board Members, Board Francisco Covas, Deputy Director, Division of Supervision and Regulation, Board Ryan A. Decker, Special Adviser to the Board, Division of Board Members, Board Cynthia L. Doniger,4 Principal Economist, Division of Monetary Affairs, Board Burcu Duygan-Bump, Deputy Director, Division of Research and Statistics, Board Eric C. Engstrom, Special Adviser to the Chairman, Division of Board Members, Board Giovanni Favara, Associate Director, Division of Monetary Affairs, Board Laura J. Feiveson,4 Special Adviser to the Board, Division of Board Members, Board Andrew Figura, Senior Associate Director, Division of Research and Statistics, Board Jenn Gallagher, Assistant to the Board, Division of Board Members, Board Carlos Garriga, Senior Vice President, Federal Reserve Bank of St. Louis Joseph W. Gruber, Executive Vice President, Federal Reserve Bank of Kansas City Daniel L. Heil, Assistant to the Chairman (Special Projects), Division of Board Members, Board Erik Heitfield, Deputy Associate Director, Division of Research and Statistics, Board Valerie S. Hinojosa, Assistant Director, Division of Monetary Affairs, Board Jane E. Ihrig, Special Adviser to the Board, Division of Board Members, Board Margaret M. Jacobson, Senior Economist, Division of Monetary Affairs, Board Benjamin K. Johannsen, Deputy Associate Director, Division of Monetary Affairs, Board Anna R. Kovner, Executive Vice President, Federal Reserve Bank of Richmond Spencer D. Krane, Senior Vice President, Federal Reserve Bank of Chicago Sylvain Leduc, Executive Vice President and Director of Economic Research, Federal Reserve Bank of San Francisco Andreas Lehnert, Director, Division of Financial Stability, Board Paul Lengermann, Deputy Associate Director, Division of Research and Statistics, Board Eric LeSueur,2 Policy and Market Analysis Advisor, Federal Reserve Bank of New York Logan T. Lewis, Assistant Director, Division of International Finance, Board Laura Lipscomb, Special Adviser to the Board, Division of Board Members, Board Francesca Loria, Principal Economist, Division of Monetary Affairs, Board Byron Lutz, Deputy Associate Director, Division of Research and Statistics, Board Jonathan P. McCarthy, Economic Research Advisor, Federal Reserve Bank of New York John P. McConnell, Assistant to the Chairman (Speechwriting), Division of Board Members, Board Benjamin W. McDonough, Secretary of the Board, Office of the Secretary, Board David Newville, Director, Division of Consumer and Community Affairs, Board Anna Nordstrom, Head of Markets, Federal Reserve Bank of New York Alyssa T. O'Connor, Special Adviser to the Board, Division of Board Members, Board Karen A. Pennell, First Vice President, Federal Reserve Bank of Boston Eugenio P. Pinto, Special Adviser to the Board, Division of Board Members, Board Odelle Quisumbing,2 Assistant to the Secretary, Office of the Secretary, Board Nellisha D. Ramdass, Deputy Director, Division of Monetary Affairs, Board Romina D. Ruprecht, Senior Economist, Division of Monetary Affairs, Board Zeynep Senyuz, Special Adviser to the Board, Division of Board Members, Board Hiroatsu Tanaka, Principal Economist, Division of Monetary Affairs, Board Mary H. Tian, Group Manager, Division of Monetary Affairs, Board Jeffrey D. Walker,2 Senior Associate Director, Division of Reserve Bank Operations and Payment Systems, Board Jonathan Willis, Vice President, Federal Reserve Bank of Atlanta Paul Winfree, Assistant to the Chairman (Special Projects), Division of Board Members, Board Emre Yoldas, Deputy Associate Director, Division of International Finance, Board Egon Zakrajšek, Executive Vice President, Federal Reserve Bank of Boston _______________________ Joshua Gallin Secretary 1. The Federal Open Market Committee is referenced as the ""FOMC"" and the ""Committee"" in these minutes; the Board of Governors of the Federal Reserve System is referenced as the ""Board"" in these minutes. Return to text 2. Attended through the discussion of developments in financial markets and open market operations. Return to text 3. Attended Wednesday's session only. Return to text 4. Attended Tuesday's session only. Return to text Back to Top"
2026-06-17,Jerome H. Powell,FOR,HOLD,HOLD,COMMITTEE_HOLD,0,0,VOTE_ACTION_PROXY,2026-06-17,https://www.federalreserve.gov/monetarypolicy/fomcminutes20260617.htm,"Voting for this action: Kevin Warsh, John C. Williams, Michael S. Barr, Michelle W. Bowman, Lisa D. Cook, Beth M. Hammack, Philip N. Jefferson, Neel Kashkari, Lorie K. Logan, Anna Paulson, Jerome H. Powell, and Christopher J. Waller. Voting against this action: None. Consistent with the Committee's decision to leave the target range for the federal funds rate unchanged, the Board of Governors of the Federal Reserve System voted unanimously to maintain the interest rate paid on reserve balances at 3.65 percent, effective June 18, 2026. The Board of Governors of the Federal Reserve System voted unanimously to approve the establishment of the primary credit rate at the existing level of 3.75 percent. It was agreed that the next meeting of the Committee would be held on Tuesday–Wednesday, July 28–29, 2026. The meeting adjourned at 10:30 a.m. on June 17, 2026. Notation Vote By notation vote completed on May 19, 2026, the Committee unanimously approved the minutes of the Committee meeting held on April 28–29, 2026. Attendance Kevin Warsh, Chairman John C. Williams, Vice Chair Michael S. Barr Michelle W. Bowman Lisa D. Cook Beth M. Hammack Philip N. Jefferson Neel Kashkari Lorie K. Logan Anna Paulson Jerome H. Powell Christopher J. Waller Thomas I. Barkin, Mary C. Daly, Austan D. Goolsbee, Sushmita Shukla, and Cheryl L. Venable, Alternate Members of the Committee Susan M. Collins, Alberto G. Musalem, and Jeffrey R. Schmid, Presidents of the Federal Reserve Banks of Boston, St. Louis, and Kansas City, respectively Joshua Gallin, Secretary Matthew M. Luecke, Deputy Secretary Michelle A. Smith, Assistant Secretary Mark E. Van Der Weide, General Counsel Richard Ostrander, Deputy General Counsel Trevor A. Reeve, Economist Stacey Tevlin, Economist Beth Anne Wilson, Economist Stephanie R. Aaronson, Shaghil Ahmed, Brian M. Doyle, Eric M. Engen, Michael T. Kiley, Elizabeth Klee, Edward S. Knotek II, Karel Mertens, Andrea Raffo, and Donald Keith Sill, Associate Economists Roberto Perli, Manager, System Open Market Account Julie Ann Remache, Deputy Manager, System Open Market Account Jose Acosta, Senior System Engineer II, Division of Information Technology, Board Isaiah C. Ahn, Information Management Analyst, Division of Monetary Affairs, Board Alyssa Arute,2 Assistant Director, Division of Reserve Bank Operations and Payment Systems, Board Gadi Barlevy, Executive Vice President, Federal Reserve Bank of Chicago William F. Bassett, Senior Associate Director, Division of Financial Stability, Board Kimberly N. Bayard, Section Chief, Division of Research and Statistics, Board Michele Cavallo, Special Adviser to the Board, Division of Board Members, Board Lisa Chung,2 Head of Domestic and International Markets, Federal Reserve Bank of New York Andrew Cohen,3 Special Adviser to the Board, Division of Board Members, Board Francisco Covas, Deputy Director, Division of Supervision and Regulation, Board Ryan A. Decker, Special Adviser to the Board, Division of Board Members, Board Cynthia L. Doniger,4 Principal Economist, Division of Monetary Affairs, Board Burcu Duygan-Bump, Deputy Director, Division of Research and Statistics, Board Eric C. Engstrom, Special Adviser to the Chairman, Division of Board Members, Board Giovanni Favara, Associate Director, Division of Monetary Affairs, Board Laura J. Feiveson,4 Special Adviser to the Board, Division of Board Members, Board Andrew Figura, Senior Associate Director, Division of Research and Statistics, Board Jenn Gallagher, Assistant to the Board, Division of Board Members, Board Carlos Garriga, Senior Vice President, Federal Reserve Bank of St. Louis Joseph W. Gruber, Executive Vice President, Federal Reserve Bank of Kansas City Daniel L. Heil, Assistant to the Chairman (Special Projects), Division of Board Members, Board Erik Heitfield, Deputy Associate Director, Division of Research and Statistics, Board Valerie S. Hinojosa, Assistant Director, Division of Monetary Affairs, Board Jane E. Ihrig, Special Adviser to the Board, Division of Board Members, Board Margaret M. Jacobson, Senior Economist, Division of Monetary Affairs, Board Benjamin K. Johannsen, Deputy Associate Director, Division of Monetary Affairs, Board Anna R. Kovner, Executive Vice President, Federal Reserve Bank of Richmond Spencer D. Krane, Senior Vice President, Federal Reserve Bank of Chicago Sylvain Leduc, Executive Vice President and Director of Economic Research, Federal Reserve Bank of San Francisco Andreas Lehnert, Director, Division of Financial Stability, Board Paul Lengermann, Deputy Associate Director, Division of Research and Statistics, Board Eric LeSueur,2 Policy and Market Analysis Advisor, Federal Reserve Bank of New York Logan T. Lewis, Assistant Director, Division of International Finance, Board Laura Lipscomb, Special Adviser to the Board, Division of Board Members, Board Francesca Loria, Principal Economist, Division of Monetary Affairs, Board Byron Lutz, Deputy Associate Director, Division of Research and Statistics, Board Jonathan P. McCarthy, Economic Research Advisor, Federal Reserve Bank of New York John P. McConnell, Assistant to the Chairman (Speechwriting), Division of Board Members, Board Benjamin W. McDonough, Secretary of the Board, Office of the Secretary, Board David Newville, Director, Division of Consumer and Community Affairs, Board Anna Nordstrom, Head of Markets, Federal Reserve Bank of New York Alyssa T. O'Connor, Special Adviser to the Board, Division of Board Members, Board Karen A. Pennell, First Vice President, Federal Reserve Bank of Boston Eugenio P. Pinto, Special Adviser to the Board, Division of Board Members, Board Odelle Quisumbing,2 Assistant to the Secretary, Office of the Secretary, Board Nellisha D. Ramdass, Deputy Director, Division of Monetary Affairs, Board Romina D. Ruprecht, Senior Economist, Division of Monetary Affairs, Board Zeynep Senyuz, Special Adviser to the Board, Division of Board Members, Board Hiroatsu Tanaka, Principal Economist, Division of Monetary Affairs, Board Mary H. Tian, Group Manager, Division of Monetary Affairs, Board Jeffrey D. Walker,2 Senior Associate Director, Division of Reserve Bank Operations and Payment Systems, Board Jonathan Willis, Vice President, Federal Reserve Bank of Atlanta Paul Winfree, Assistant to the Chairman (Special Projects), Division of Board Members, Board Emre Yoldas, Deputy Associate Director, Division of International Finance, Board Egon Zakrajšek, Executive Vice President, Federal Reserve Bank of Boston _______________________ Joshua Gallin Secretary 1. The Federal Open Market Committee is referenced as the ""FOMC"" and the ""Committee"" in these minutes; the Board of Governors of the Federal Reserve System is referenced as the ""Board"" in these minutes. Return to text 2. Attended through the discussion of developments in financial markets and open market operations. Return to text 3. Attended Wednesday's session only. Return to text 4. Attended Tuesday's session only. Return to text Back to Top"
2026-06-17,John C. Williams,FOR,HOLD,HOLD,COMMITTEE_HOLD,0,0,VOTE_ACTION_PROXY,2026-06-17,https://www.federalreserve.gov/monetarypolicy/fomcminutes20260617.htm,"Voting for this action: Kevin Warsh, John C. Williams, Michael S. Barr, Michelle W. Bowman, Lisa D. Cook, Beth M. Hammack, Philip N. Jefferson, Neel Kashkari, Lorie K. Logan, Anna Paulson, Jerome H. Powell, and Christopher J. Waller. Voting against this action: None. Consistent with the Committee's decision to leave the target range for the federal funds rate unchanged, the Board of Governors of the Federal Reserve System voted unanimously to maintain the interest rate paid on reserve balances at 3.65 percent, effective June 18, 2026. The Board of Governors of the Federal Reserve System voted unanimously to approve the establishment of the primary credit rate at the existing level of 3.75 percent. It was agreed that the next meeting of the Committee would be held on Tuesday–Wednesday, July 28–29, 2026. The meeting adjourned at 10:30 a.m. on June 17, 2026. Notation Vote By notation vote completed on May 19, 2026, the Committee unanimously approved the minutes of the Committee meeting held on April 28–29, 2026. Attendance Kevin Warsh, Chairman John C. Williams, Vice Chair Michael S. Barr Michelle W. Bowman Lisa D. Cook Beth M. Hammack Philip N. Jefferson Neel Kashkari Lorie K. Logan Anna Paulson Jerome H. Powell Christopher J. Waller Thomas I. Barkin, Mary C. Daly, Austan D. Goolsbee, Sushmita Shukla, and Cheryl L. Venable, Alternate Members of the Committee Susan M. Collins, Alberto G. Musalem, and Jeffrey R. Schmid, Presidents of the Federal Reserve Banks of Boston, St. Louis, and Kansas City, respectively Joshua Gallin, Secretary Matthew M. Luecke, Deputy Secretary Michelle A. Smith, Assistant Secretary Mark E. Van Der Weide, General Counsel Richard Ostrander, Deputy General Counsel Trevor A. Reeve, Economist Stacey Tevlin, Economist Beth Anne Wilson, Economist Stephanie R. Aaronson, Shaghil Ahmed, Brian M. Doyle, Eric M. Engen, Michael T. Kiley, Elizabeth Klee, Edward S. Knotek II, Karel Mertens, Andrea Raffo, and Donald Keith Sill, Associate Economists Roberto Perli, Manager, System Open Market Account Julie Ann Remache, Deputy Manager, System Open Market Account Jose Acosta, Senior System Engineer II, Division of Information Technology, Board Isaiah C. Ahn, Information Management Analyst, Division of Monetary Affairs, Board Alyssa Arute,2 Assistant Director, Division of Reserve Bank Operations and Payment Systems, Board Gadi Barlevy, Executive Vice President, Federal Reserve Bank of Chicago William F. Bassett, Senior Associate Director, Division of Financial Stability, Board Kimberly N. Bayard, Section Chief, Division of Research and Statistics, Board Michele Cavallo, Special Adviser to the Board, Division of Board Members, Board Lisa Chung,2 Head of Domestic and International Markets, Federal Reserve Bank of New York Andrew Cohen,3 Special Adviser to the Board, Division of Board Members, Board Francisco Covas, Deputy Director, Division of Supervision and Regulation, Board Ryan A. Decker, Special Adviser to the Board, Division of Board Members, Board Cynthia L. Doniger,4 Principal Economist, Division of Monetary Affairs, Board Burcu Duygan-Bump, Deputy Director, Division of Research and Statistics, Board Eric C. Engstrom, Special Adviser to the Chairman, Division of Board Members, Board Giovanni Favara, Associate Director, Division of Monetary Affairs, Board Laura J. Feiveson,4 Special Adviser to the Board, Division of Board Members, Board Andrew Figura, Senior Associate Director, Division of Research and Statistics, Board Jenn Gallagher, Assistant to the Board, Division of Board Members, Board Carlos Garriga, Senior Vice President, Federal Reserve Bank of St. Louis Joseph W. Gruber, Executive Vice President, Federal Reserve Bank of Kansas City Daniel L. Heil, Assistant to the Chairman (Special Projects), Division of Board Members, Board Erik Heitfield, Deputy Associate Director, Division of Research and Statistics, Board Valerie S. Hinojosa, Assistant Director, Division of Monetary Affairs, Board Jane E. Ihrig, Special Adviser to the Board, Division of Board Members, Board Margaret M. Jacobson, Senior Economist, Division of Monetary Affairs, Board Benjamin K. Johannsen, Deputy Associate Director, Division of Monetary Affairs, Board Anna R. Kovner, Executive Vice President, Federal Reserve Bank of Richmond Spencer D. Krane, Senior Vice President, Federal Reserve Bank of Chicago Sylvain Leduc, Executive Vice President and Director of Economic Research, Federal Reserve Bank of San Francisco Andreas Lehnert, Director, Division of Financial Stability, Board Paul Lengermann, Deputy Associate Director, Division of Research and Statistics, Board Eric LeSueur,2 Policy and Market Analysis Advisor, Federal Reserve Bank of New York Logan T. Lewis, Assistant Director, Division of International Finance, Board Laura Lipscomb, Special Adviser to the Board, Division of Board Members, Board Francesca Loria, Principal Economist, Division of Monetary Affairs, Board Byron Lutz, Deputy Associate Director, Division of Research and Statistics, Board Jonathan P. McCarthy, Economic Research Advisor, Federal Reserve Bank of New York John P. McConnell, Assistant to the Chairman (Speechwriting), Division of Board Members, Board Benjamin W. McDonough, Secretary of the Board, Office of the Secretary, Board David Newville, Director, Division of Consumer and Community Affairs, Board Anna Nordstrom, Head of Markets, Federal Reserve Bank of New York Alyssa T. O'Connor, Special Adviser to the Board, Division of Board Members, Board Karen A. Pennell, First Vice President, Federal Reserve Bank of Boston Eugenio P. Pinto, Special Adviser to the Board, Division of Board Members, Board Odelle Quisumbing,2 Assistant to the Secretary, Office of the Secretary, Board Nellisha D. Ramdass, Deputy Director, Division of Monetary Affairs, Board Romina D. Ruprecht, Senior Economist, Division of Monetary Affairs, Board Zeynep Senyuz, Special Adviser to the Board, Division of Board Members, Board Hiroatsu Tanaka, Principal Economist, Division of Monetary Affairs, Board Mary H. Tian, Group Manager, Division of Monetary Affairs, Board Jeffrey D. Walker,2 Senior Associate Director, Division of Reserve Bank Operations and Payment Systems, Board Jonathan Willis, Vice President, Federal Reserve Bank of Atlanta Paul Winfree, Assistant to the Chairman (Special Projects), Division of Board Members, Board Emre Yoldas, Deputy Associate Director, Division of International Finance, Board Egon Zakrajšek, Executive Vice President, Federal Reserve Bank of Boston _______________________ Joshua Gallin Secretary 1. The Federal Open Market Committee is referenced as the ""FOMC"" and the ""Committee"" in these minutes; the Board of Governors of the Federal Reserve System is referenced as the ""Board"" in these minutes. Return to text 2. Attended through the discussion of developments in financial markets and open market operations. Return to text 3. Attended Wednesday's session only. Return to text 4. Attended Tuesday's session only. Return to text Back to Top"
2026-06-17,Kevin Warsh,FOR,HOLD,HOLD,COMMITTEE_HOLD,0,,VOTE_ACTION_PROXY,2026-06-17,https://www.federalreserve.gov/monetarypolicy/fomcminutes20260617.htm,"Voting for this action: Kevin Warsh, John C. Williams, Michael S. Barr, Michelle W. Bowman, Lisa D. Cook, Beth M. Hammack, Philip N. Jefferson, Neel Kashkari, Lorie K. Logan, Anna Paulson, Jerome H. Powell, and Christopher J. Waller. Voting against this action: None. Consistent with the Committee's decision to leave the target range for the federal funds rate unchanged, the Board of Governors of the Federal Reserve System voted unanimously to maintain the interest rate paid on reserve balances at 3.65 percent, effective June 18, 2026. The Board of Governors of the Federal Reserve System voted unanimously to approve the establishment of the primary credit rate at the existing level of 3.75 percent. It was agreed that the next meeting of the Committee would be held on Tuesday–Wednesday, July 28–29, 2026. The meeting adjourned at 10:30 a.m. on June 17, 2026. Notation Vote By notation vote completed on May 19, 2026, the Committee unanimously approved the minutes of the Committee meeting held on April 28–29, 2026. Attendance Kevin Warsh, Chairman John C. Williams, Vice Chair Michael S. Barr Michelle W. Bowman Lisa D. Cook Beth M. Hammack Philip N. Jefferson Neel Kashkari Lorie K. Logan Anna Paulson Jerome H. Powell Christopher J. Waller Thomas I. Barkin, Mary C. Daly, Austan D. Goolsbee, Sushmita Shukla, and Cheryl L. Venable, Alternate Members of the Committee Susan M. Collins, Alberto G. Musalem, and Jeffrey R. Schmid, Presidents of the Federal Reserve Banks of Boston, St. Louis, and Kansas City, respectively Joshua Gallin, Secretary Matthew M. Luecke, Deputy Secretary Michelle A. Smith, Assistant Secretary Mark E. Van Der Weide, General Counsel Richard Ostrander, Deputy General Counsel Trevor A. Reeve, Economist Stacey Tevlin, Economist Beth Anne Wilson, Economist Stephanie R. Aaronson, Shaghil Ahmed, Brian M. Doyle, Eric M. Engen, Michael T. Kiley, Elizabeth Klee, Edward S. Knotek II, Karel Mertens, Andrea Raffo, and Donald Keith Sill, Associate Economists Roberto Perli, Manager, System Open Market Account Julie Ann Remache, Deputy Manager, System Open Market Account Jose Acosta, Senior System Engineer II, Division of Information Technology, Board Isaiah C. Ahn, Information Management Analyst, Division of Monetary Affairs, Board Alyssa Arute,2 Assistant Director, Division of Reserve Bank Operations and Payment Systems, Board Gadi Barlevy, Executive Vice President, Federal Reserve Bank of Chicago William F. Bassett, Senior Associate Director, Division of Financial Stability, Board Kimberly N. Bayard, Section Chief, Division of Research and Statistics, Board Michele Cavallo, Special Adviser to the Board, Division of Board Members, Board Lisa Chung,2 Head of Domestic and International Markets, Federal Reserve Bank of New York Andrew Cohen,3 Special Adviser to the Board, Division of Board Members, Board Francisco Covas, Deputy Director, Division of Supervision and Regulation, Board Ryan A. Decker, Special Adviser to the Board, Division of Board Members, Board Cynthia L. Doniger,4 Principal Economist, Division of Monetary Affairs, Board Burcu Duygan-Bump, Deputy Director, Division of Research and Statistics, Board Eric C. Engstrom, Special Adviser to the Chairman, Division of Board Members, Board Giovanni Favara, Associate Director, Division of Monetary Affairs, Board Laura J. Feiveson,4 Special Adviser to the Board, Division of Board Members, Board Andrew Figura, Senior Associate Director, Division of Research and Statistics, Board Jenn Gallagher, Assistant to the Board, Division of Board Members, Board Carlos Garriga, Senior Vice President, Federal Reserve Bank of St. Louis Joseph W. Gruber, Executive Vice President, Federal Reserve Bank of Kansas City Daniel L. Heil, Assistant to the Chairman (Special Projects), Division of Board Members, Board Erik Heitfield, Deputy Associate Director, Division of Research and Statistics, Board Valerie S. Hinojosa, Assistant Director, Division of Monetary Affairs, Board Jane E. Ihrig, Special Adviser to the Board, Division of Board Members, Board Margaret M. Jacobson, Senior Economist, Division of Monetary Affairs, Board Benjamin K. Johannsen, Deputy Associate Director, Division of Monetary Affairs, Board Anna R. Kovner, Executive Vice President, Federal Reserve Bank of Richmond Spencer D. Krane, Senior Vice President, Federal Reserve Bank of Chicago Sylvain Leduc, Executive Vice President and Director of Economic Research, Federal Reserve Bank of San Francisco Andreas Lehnert, Director, Division of Financial Stability, Board Paul Lengermann, Deputy Associate Director, Division of Research and Statistics, Board Eric LeSueur,2 Policy and Market Analysis Advisor, Federal Reserve Bank of New York Logan T. Lewis, Assistant Director, Division of International Finance, Board Laura Lipscomb, Special Adviser to the Board, Division of Board Members, Board Francesca Loria, Principal Economist, Division of Monetary Affairs, Board Byron Lutz, Deputy Associate Director, Division of Research and Statistics, Board Jonathan P. McCarthy, Economic Research Advisor, Federal Reserve Bank of New York John P. McConnell, Assistant to the Chairman (Speechwriting), Division of Board Members, Board Benjamin W. McDonough, Secretary of the Board, Office of the Secretary, Board David Newville, Director, Division of Consumer and Community Affairs, Board Anna Nordstrom, Head of Markets, Federal Reserve Bank of New York Alyssa T. O'Connor, Special Adviser to the Board, Division of Board Members, Board Karen A. Pennell, First Vice President, Federal Reserve Bank of Boston Eugenio P. Pinto, Special Adviser to the Board, Division of Board Members, Board Odelle Quisumbing,2 Assistant to the Secretary, Office of the Secretary, Board Nellisha D. Ramdass, Deputy Director, Division of Monetary Affairs, Board Romina D. Ruprecht, Senior Economist, Division of Monetary Affairs, Board Zeynep Senyuz, Special Adviser to the Board, Division of Board Members, Board Hiroatsu Tanaka, Principal Economist, Division of Monetary Affairs, Board Mary H. Tian, Group Manager, Division of Monetary Affairs, Board Jeffrey D. Walker,2 Senior Associate Director, Division of Reserve Bank Operations and Payment Systems, Board Jonathan Willis, Vice President, Federal Reserve Bank of Atlanta Paul Winfree, Assistant to the Chairman (Special Projects), Division of Board Members, Board Emre Yoldas, Deputy Associate Director, Division of International Finance, Board Egon Zakrajšek, Executive Vice President, Federal Reserve Bank of Boston _______________________ Joshua Gallin Secretary 1. The Federal Open Market Committee is referenced as the ""FOMC"" and the ""Committee"" in these minutes; the Board of Governors of the Federal Reserve System is referenced as the ""Board"" in these minutes. Return to text 2. Attended through the discussion of developments in financial markets and open market operations. Return to text 3. Attended Wednesday's session only. Return to text 4. Attended Tuesday's session only. Return to text Back to Top"
2026-06-17,Lisa D. Cook,FOR,HOLD,HOLD,COMMITTEE_HOLD,0,0,VOTE_ACTION_PROXY,2026-06-17,https://www.federalreserve.gov/monetarypolicy/fomcminutes20260617.htm,"Voting for this action: Kevin Warsh, John C. Williams, Michael S. Barr, Michelle W. Bowman, Lisa D. Cook, Beth M. Hammack, Philip N. Jefferson, Neel Kashkari, Lorie K. Logan, Anna Paulson, Jerome H. Powell, and Christopher J. Waller. Voting against this action: None. Consistent with the Committee's decision to leave the target range for the federal funds rate unchanged, the Board of Governors of the Federal Reserve System voted unanimously to maintain the interest rate paid on reserve balances at 3.65 percent, effective June 18, 2026. The Board of Governors of the Federal Reserve System voted unanimously to approve the establishment of the primary credit rate at the existing level of 3.75 percent. It was agreed that the next meeting of the Committee would be held on Tuesday–Wednesday, July 28–29, 2026. The meeting adjourned at 10:30 a.m. on June 17, 2026. Notation Vote By notation vote completed on May 19, 2026, the Committee unanimously approved the minutes of the Committee meeting held on April 28–29, 2026. Attendance Kevin Warsh, Chairman John C. Williams, Vice Chair Michael S. Barr Michelle W. Bowman Lisa D. Cook Beth M. Hammack Philip N. Jefferson Neel Kashkari Lorie K. Logan Anna Paulson Jerome H. Powell Christopher J. Waller Thomas I. Barkin, Mary C. Daly, Austan D. Goolsbee, Sushmita Shukla, and Cheryl L. Venable, Alternate Members of the Committee Susan M. Collins, Alberto G. Musalem, and Jeffrey R. Schmid, Presidents of the Federal Reserve Banks of Boston, St. Louis, and Kansas City, respectively Joshua Gallin, Secretary Matthew M. Luecke, Deputy Secretary Michelle A. Smith, Assistant Secretary Mark E. Van Der Weide, General Counsel Richard Ostrander, Deputy General Counsel Trevor A. Reeve, Economist Stacey Tevlin, Economist Beth Anne Wilson, Economist Stephanie R. Aaronson, Shaghil Ahmed, Brian M. Doyle, Eric M. Engen, Michael T. Kiley, Elizabeth Klee, Edward S. Knotek II, Karel Mertens, Andrea Raffo, and Donald Keith Sill, Associate Economists Roberto Perli, Manager, System Open Market Account Julie Ann Remache, Deputy Manager, System Open Market Account Jose Acosta, Senior System Engineer II, Division of Information Technology, Board Isaiah C. Ahn, Information Management Analyst, Division of Monetary Affairs, Board Alyssa Arute,2 Assistant Director, Division of Reserve Bank Operations and Payment Systems, Board Gadi Barlevy, Executive Vice President, Federal Reserve Bank of Chicago William F. Bassett, Senior Associate Director, Division of Financial Stability, Board Kimberly N. Bayard, Section Chief, Division of Research and Statistics, Board Michele Cavallo, Special Adviser to the Board, Division of Board Members, Board Lisa Chung,2 Head of Domestic and International Markets, Federal Reserve Bank of New York Andrew Cohen,3 Special Adviser to the Board, Division of Board Members, Board Francisco Covas, Deputy Director, Division of Supervision and Regulation, Board Ryan A. Decker, Special Adviser to the Board, Division of Board Members, Board Cynthia L. Doniger,4 Principal Economist, Division of Monetary Affairs, Board Burcu Duygan-Bump, Deputy Director, Division of Research and Statistics, Board Eric C. Engstrom, Special Adviser to the Chairman, Division of Board Members, Board Giovanni Favara, Associate Director, Division of Monetary Affairs, Board Laura J. Feiveson,4 Special Adviser to the Board, Division of Board Members, Board Andrew Figura, Senior Associate Director, Division of Research and Statistics, Board Jenn Gallagher, Assistant to the Board, Division of Board Members, Board Carlos Garriga, Senior Vice President, Federal Reserve Bank of St. Louis Joseph W. Gruber, Executive Vice President, Federal Reserve Bank of Kansas City Daniel L. Heil, Assistant to the Chairman (Special Projects), Division of Board Members, Board Erik Heitfield, Deputy Associate Director, Division of Research and Statistics, Board Valerie S. Hinojosa, Assistant Director, Division of Monetary Affairs, Board Jane E. Ihrig, Special Adviser to the Board, Division of Board Members, Board Margaret M. Jacobson, Senior Economist, Division of Monetary Affairs, Board Benjamin K. Johannsen, Deputy Associate Director, Division of Monetary Affairs, Board Anna R. Kovner, Executive Vice President, Federal Reserve Bank of Richmond Spencer D. Krane, Senior Vice President, Federal Reserve Bank of Chicago Sylvain Leduc, Executive Vice President and Director of Economic Research, Federal Reserve Bank of San Francisco Andreas Lehnert, Director, Division of Financial Stability, Board Paul Lengermann, Deputy Associate Director, Division of Research and Statistics, Board Eric LeSueur,2 Policy and Market Analysis Advisor, Federal Reserve Bank of New York Logan T. Lewis, Assistant Director, Division of International Finance, Board Laura Lipscomb, Special Adviser to the Board, Division of Board Members, Board Francesca Loria, Principal Economist, Division of Monetary Affairs, Board Byron Lutz, Deputy Associate Director, Division of Research and Statistics, Board Jonathan P. McCarthy, Economic Research Advisor, Federal Reserve Bank of New York John P. McConnell, Assistant to the Chairman (Speechwriting), Division of Board Members, Board Benjamin W. McDonough, Secretary of the Board, Office of the Secretary, Board David Newville, Director, Division of Consumer and Community Affairs, Board Anna Nordstrom, Head of Markets, Federal Reserve Bank of New York Alyssa T. O'Connor, Special Adviser to the Board, Division of Board Members, Board Karen A. Pennell, First Vice President, Federal Reserve Bank of Boston Eugenio P. Pinto, Special Adviser to the Board, Division of Board Members, Board Odelle Quisumbing,2 Assistant to the Secretary, Office of the Secretary, Board Nellisha D. Ramdass, Deputy Director, Division of Monetary Affairs, Board Romina D. Ruprecht, Senior Economist, Division of Monetary Affairs, Board Zeynep Senyuz, Special Adviser to the Board, Division of Board Members, Board Hiroatsu Tanaka, Principal Economist, Division of Monetary Affairs, Board Mary H. Tian, Group Manager, Division of Monetary Affairs, Board Jeffrey D. Walker,2 Senior Associate Director, Division of Reserve Bank Operations and Payment Systems, Board Jonathan Willis, Vice President, Federal Reserve Bank of Atlanta Paul Winfree, Assistant to the Chairman (Special Projects), Division of Board Members, Board Emre Yoldas, Deputy Associate Director, Division of International Finance, Board Egon Zakrajšek, Executive Vice President, Federal Reserve Bank of Boston _______________________ Joshua Gallin Secretary 1. The Federal Open Market Committee is referenced as the ""FOMC"" and the ""Committee"" in these minutes; the Board of Governors of the Federal Reserve System is referenced as the ""Board"" in these minutes. Return to text 2. Attended through the discussion of developments in financial markets and open market operations. Return to text 3. Attended Wednesday's session only. Return to text 4. Attended Tuesday's session only. Return to text Back to Top"
2026-06-17,Lorie K. Logan,FOR,HOLD,HOLD,COMMITTEE_HOLD,0,0,VOTE_ACTION_PROXY,2026-06-17,https://www.federalreserve.gov/monetarypolicy/fomcminutes20260617.htm,"Voting for this action: Kevin Warsh, John C. Williams, Michael S. Barr, Michelle W. Bowman, Lisa D. Cook, Beth M. Hammack, Philip N. Jefferson, Neel Kashkari, Lorie K. Logan, Anna Paulson, Jerome H. Powell, and Christopher J. Waller. Voting against this action: None. Consistent with the Committee's decision to leave the target range for the federal funds rate unchanged, the Board of Governors of the Federal Reserve System voted unanimously to maintain the interest rate paid on reserve balances at 3.65 percent, effective June 18, 2026. The Board of Governors of the Federal Reserve System voted unanimously to approve the establishment of the primary credit rate at the existing level of 3.75 percent. It was agreed that the next meeting of the Committee would be held on Tuesday–Wednesday, July 28–29, 2026. The meeting adjourned at 10:30 a.m. on June 17, 2026. Notation Vote By notation vote completed on May 19, 2026, the Committee unanimously approved the minutes of the Committee meeting held on April 28–29, 2026. Attendance Kevin Warsh, Chairman John C. Williams, Vice Chair Michael S. Barr Michelle W. Bowman Lisa D. Cook Beth M. Hammack Philip N. Jefferson Neel Kashkari Lorie K. Logan Anna Paulson Jerome H. Powell Christopher J. Waller Thomas I. Barkin, Mary C. Daly, Austan D. Goolsbee, Sushmita Shukla, and Cheryl L. Venable, Alternate Members of the Committee Susan M. Collins, Alberto G. Musalem, and Jeffrey R. Schmid, Presidents of the Federal Reserve Banks of Boston, St. Louis, and Kansas City, respectively Joshua Gallin, Secretary Matthew M. Luecke, Deputy Secretary Michelle A. Smith, Assistant Secretary Mark E. Van Der Weide, General Counsel Richard Ostrander, Deputy General Counsel Trevor A. Reeve, Economist Stacey Tevlin, Economist Beth Anne Wilson, Economist Stephanie R. Aaronson, Shaghil Ahmed, Brian M. Doyle, Eric M. Engen, Michael T. Kiley, Elizabeth Klee, Edward S. Knotek II, Karel Mertens, Andrea Raffo, and Donald Keith Sill, Associate Economists Roberto Perli, Manager, System Open Market Account Julie Ann Remache, Deputy Manager, System Open Market Account Jose Acosta, Senior System Engineer II, Division of Information Technology, Board Isaiah C. Ahn, Information Management Analyst, Division of Monetary Affairs, Board Alyssa Arute,2 Assistant Director, Division of Reserve Bank Operations and Payment Systems, Board Gadi Barlevy, Executive Vice President, Federal Reserve Bank of Chicago William F. Bassett, Senior Associate Director, Division of Financial Stability, Board Kimberly N. Bayard, Section Chief, Division of Research and Statistics, Board Michele Cavallo, Special Adviser to the Board, Division of Board Members, Board Lisa Chung,2 Head of Domestic and International Markets, Federal Reserve Bank of New York Andrew Cohen,3 Special Adviser to the Board, Division of Board Members, Board Francisco Covas, Deputy Director, Division of Supervision and Regulation, Board Ryan A. Decker, Special Adviser to the Board, Division of Board Members, Board Cynthia L. Doniger,4 Principal Economist, Division of Monetary Affairs, Board Burcu Duygan-Bump, Deputy Director, Division of Research and Statistics, Board Eric C. Engstrom, Special Adviser to the Chairman, Division of Board Members, Board Giovanni Favara, Associate Director, Division of Monetary Affairs, Board Laura J. Feiveson,4 Special Adviser to the Board, Division of Board Members, Board Andrew Figura, Senior Associate Director, Division of Research and Statistics, Board Jenn Gallagher, Assistant to the Board, Division of Board Members, Board Carlos Garriga, Senior Vice President, Federal Reserve Bank of St. Louis Joseph W. Gruber, Executive Vice President, Federal Reserve Bank of Kansas City Daniel L. Heil, Assistant to the Chairman (Special Projects), Division of Board Members, Board Erik Heitfield, Deputy Associate Director, Division of Research and Statistics, Board Valerie S. Hinojosa, Assistant Director, Division of Monetary Affairs, Board Jane E. Ihrig, Special Adviser to the Board, Division of Board Members, Board Margaret M. Jacobson, Senior Economist, Division of Monetary Affairs, Board Benjamin K. Johannsen, Deputy Associate Director, Division of Monetary Affairs, Board Anna R. Kovner, Executive Vice President, Federal Reserve Bank of Richmond Spencer D. Krane, Senior Vice President, Federal Reserve Bank of Chicago Sylvain Leduc, Executive Vice President and Director of Economic Research, Federal Reserve Bank of San Francisco Andreas Lehnert, Director, Division of Financial Stability, Board Paul Lengermann, Deputy Associate Director, Division of Research and Statistics, Board Eric LeSueur,2 Policy and Market Analysis Advisor, Federal Reserve Bank of New York Logan T. Lewis, Assistant Director, Division of International Finance, Board Laura Lipscomb, Special Adviser to the Board, Division of Board Members, Board Francesca Loria, Principal Economist, Division of Monetary Affairs, Board Byron Lutz, Deputy Associate Director, Division of Research and Statistics, Board Jonathan P. McCarthy, Economic Research Advisor, Federal Reserve Bank of New York John P. McConnell, Assistant to the Chairman (Speechwriting), Division of Board Members, Board Benjamin W. McDonough, Secretary of the Board, Office of the Secretary, Board David Newville, Director, Division of Consumer and Community Affairs, Board Anna Nordstrom, Head of Markets, Federal Reserve Bank of New York Alyssa T. O'Connor, Special Adviser to the Board, Division of Board Members, Board Karen A. Pennell, First Vice President, Federal Reserve Bank of Boston Eugenio P. Pinto, Special Adviser to the Board, Division of Board Members, Board Odelle Quisumbing,2 Assistant to the Secretary, Office of the Secretary, Board Nellisha D. Ramdass, Deputy Director, Division of Monetary Affairs, Board Romina D. Ruprecht, Senior Economist, Division of Monetary Affairs, Board Zeynep Senyuz, Special Adviser to the Board, Division of Board Members, Board Hiroatsu Tanaka, Principal Economist, Division of Monetary Affairs, Board Mary H. Tian, Group Manager, Division of Monetary Affairs, Board Jeffrey D. Walker,2 Senior Associate Director, Division of Reserve Bank Operations and Payment Systems, Board Jonathan Willis, Vice President, Federal Reserve Bank of Atlanta Paul Winfree, Assistant to the Chairman (Special Projects), Division of Board Members, Board Emre Yoldas, Deputy Associate Director, Division of International Finance, Board Egon Zakrajšek, Executive Vice President, Federal Reserve Bank of Boston _______________________ Joshua Gallin Secretary 1. The Federal Open Market Committee is referenced as the ""FOMC"" and the ""Committee"" in these minutes; the Board of Governors of the Federal Reserve System is referenced as the ""Board"" in these minutes. Return to text 2. Attended through the discussion of developments in financial markets and open market operations. Return to text 3. Attended Wednesday's session only. Return to text 4. Attended Tuesday's session only. Return to text Back to Top"
2026-06-17,Michael S. Barr,FOR,HOLD,HOLD,COMMITTEE_HOLD,0,0,VOTE_ACTION_PROXY,2026-06-17,https://www.federalreserve.gov/monetarypolicy/fomcminutes20260617.htm,"Voting for this action: Kevin Warsh, John C. Williams, Michael S. Barr, Michelle W. Bowman, Lisa D. Cook, Beth M. Hammack, Philip N. Jefferson, Neel Kashkari, Lorie K. Logan, Anna Paulson, Jerome H. Powell, and Christopher J. Waller. Voting against this action: None. Consistent with the Committee's decision to leave the target range for the federal funds rate unchanged, the Board of Governors of the Federal Reserve System voted unanimously to maintain the interest rate paid on reserve balances at 3.65 percent, effective June 18, 2026. The Board of Governors of the Federal Reserve System voted unanimously to approve the establishment of the primary credit rate at the existing level of 3.75 percent. It was agreed that the next meeting of the Committee would be held on Tuesday–Wednesday, July 28–29, 2026. The meeting adjourned at 10:30 a.m. on June 17, 2026. Notation Vote By notation vote completed on May 19, 2026, the Committee unanimously approved the minutes of the Committee meeting held on April 28–29, 2026. Attendance Kevin Warsh, Chairman John C. Williams, Vice Chair Michael S. Barr Michelle W. Bowman Lisa D. Cook Beth M. Hammack Philip N. Jefferson Neel Kashkari Lorie K. Logan Anna Paulson Jerome H. Powell Christopher J. Waller Thomas I. Barkin, Mary C. Daly, Austan D. Goolsbee, Sushmita Shukla, and Cheryl L. Venable, Alternate Members of the Committee Susan M. Collins, Alberto G. Musalem, and Jeffrey R. Schmid, Presidents of the Federal Reserve Banks of Boston, St. Louis, and Kansas City, respectively Joshua Gallin, Secretary Matthew M. Luecke, Deputy Secretary Michelle A. Smith, Assistant Secretary Mark E. Van Der Weide, General Counsel Richard Ostrander, Deputy General Counsel Trevor A. Reeve, Economist Stacey Tevlin, Economist Beth Anne Wilson, Economist Stephanie R. Aaronson, Shaghil Ahmed, Brian M. Doyle, Eric M. Engen, Michael T. Kiley, Elizabeth Klee, Edward S. Knotek II, Karel Mertens, Andrea Raffo, and Donald Keith Sill, Associate Economists Roberto Perli, Manager, System Open Market Account Julie Ann Remache, Deputy Manager, System Open Market Account Jose Acosta, Senior System Engineer II, Division of Information Technology, Board Isaiah C. Ahn, Information Management Analyst, Division of Monetary Affairs, Board Alyssa Arute,2 Assistant Director, Division of Reserve Bank Operations and Payment Systems, Board Gadi Barlevy, Executive Vice President, Federal Reserve Bank of Chicago William F. Bassett, Senior Associate Director, Division of Financial Stability, Board Kimberly N. Bayard, Section Chief, Division of Research and Statistics, Board Michele Cavallo, Special Adviser to the Board, Division of Board Members, Board Lisa Chung,2 Head of Domestic and International Markets, Federal Reserve Bank of New York Andrew Cohen,3 Special Adviser to the Board, Division of Board Members, Board Francisco Covas, Deputy Director, Division of Supervision and Regulation, Board Ryan A. Decker, Special Adviser to the Board, Division of Board Members, Board Cynthia L. Doniger,4 Principal Economist, Division of Monetary Affairs, Board Burcu Duygan-Bump, Deputy Director, Division of Research and Statistics, Board Eric C. Engstrom, Special Adviser to the Chairman, Division of Board Members, Board Giovanni Favara, Associate Director, Division of Monetary Affairs, Board Laura J. Feiveson,4 Special Adviser to the Board, Division of Board Members, Board Andrew Figura, Senior Associate Director, Division of Research and Statistics, Board Jenn Gallagher, Assistant to the Board, Division of Board Members, Board Carlos Garriga, Senior Vice President, Federal Reserve Bank of St. Louis Joseph W. Gruber, Executive Vice President, Federal Reserve Bank of Kansas City Daniel L. Heil, Assistant to the Chairman (Special Projects), Division of Board Members, Board Erik Heitfield, Deputy Associate Director, Division of Research and Statistics, Board Valerie S. Hinojosa, Assistant Director, Division of Monetary Affairs, Board Jane E. Ihrig, Special Adviser to the Board, Division of Board Members, Board Margaret M. Jacobson, Senior Economist, Division of Monetary Affairs, Board Benjamin K. Johannsen, Deputy Associate Director, Division of Monetary Affairs, Board Anna R. Kovner, Executive Vice President, Federal Reserve Bank of Richmond Spencer D. Krane, Senior Vice President, Federal Reserve Bank of Chicago Sylvain Leduc, Executive Vice President and Director of Economic Research, Federal Reserve Bank of San Francisco Andreas Lehnert, Director, Division of Financial Stability, Board Paul Lengermann, Deputy Associate Director, Division of Research and Statistics, Board Eric LeSueur,2 Policy and Market Analysis Advisor, Federal Reserve Bank of New York Logan T. Lewis, Assistant Director, Division of International Finance, Board Laura Lipscomb, Special Adviser to the Board, Division of Board Members, Board Francesca Loria, Principal Economist, Division of Monetary Affairs, Board Byron Lutz, Deputy Associate Director, Division of Research and Statistics, Board Jonathan P. McCarthy, Economic Research Advisor, Federal Reserve Bank of New York John P. McConnell, Assistant to the Chairman (Speechwriting), Division of Board Members, Board Benjamin W. McDonough, Secretary of the Board, Office of the Secretary, Board David Newville, Director, Division of Consumer and Community Affairs, Board Anna Nordstrom, Head of Markets, Federal Reserve Bank of New York Alyssa T. O'Connor, Special Adviser to the Board, Division of Board Members, Board Karen A. Pennell, First Vice President, Federal Reserve Bank of Boston Eugenio P. Pinto, Special Adviser to the Board, Division of Board Members, Board Odelle Quisumbing,2 Assistant to the Secretary, Office of the Secretary, Board Nellisha D. Ramdass, Deputy Director, Division of Monetary Affairs, Board Romina D. Ruprecht, Senior Economist, Division of Monetary Affairs, Board Zeynep Senyuz, Special Adviser to the Board, Division of Board Members, Board Hiroatsu Tanaka, Principal Economist, Division of Monetary Affairs, Board Mary H. Tian, Group Manager, Division of Monetary Affairs, Board Jeffrey D. Walker,2 Senior Associate Director, Division of Reserve Bank Operations and Payment Systems, Board Jonathan Willis, Vice President, Federal Reserve Bank of Atlanta Paul Winfree, Assistant to the Chairman (Special Projects), Division of Board Members, Board Emre Yoldas, Deputy Associate Director, Division of International Finance, Board Egon Zakrajšek, Executive Vice President, Federal Reserve Bank of Boston _______________________ Joshua Gallin Secretary 1. The Federal Open Market Committee is referenced as the ""FOMC"" and the ""Committee"" in these minutes; the Board of Governors of the Federal Reserve System is referenced as the ""Board"" in these minutes. Return to text 2. Attended through the discussion of developments in financial markets and open market operations. Return to text 3. Attended Wednesday's session only. Return to text 4. Attended Tuesday's session only. Return to text Back to Top"
2026-06-17,Michelle W. Bowman,FOR,HOLD,HOLD,COMMITTEE_HOLD,0,1,VOTE_ACTION_PROXY,2026-06-17,https://www.federalreserve.gov/monetarypolicy/fomcminutes20260617.htm,"Voting for this action: Kevin Warsh, John C. Williams, Michael S. Barr, Michelle W. Bowman, Lisa D. Cook, Beth M. Hammack, Philip N. Jefferson, Neel Kashkari, Lorie K. Logan, Anna Paulson, Jerome H. Powell, and Christopher J. Waller. Voting against this action: None. Consistent with the Committee's decision to leave the target range for the federal funds rate unchanged, the Board of Governors of the Federal Reserve System voted unanimously to maintain the interest rate paid on reserve balances at 3.65 percent, effective June 18, 2026. The Board of Governors of the Federal Reserve System voted unanimously to approve the establishment of the primary credit rate at the existing level of 3.75 percent. It was agreed that the next meeting of the Committee would be held on Tuesday–Wednesday, July 28–29, 2026. The meeting adjourned at 10:30 a.m. on June 17, 2026. Notation Vote By notation vote completed on May 19, 2026, the Committee unanimously approved the minutes of the Committee meeting held on April 28–29, 2026. Attendance Kevin Warsh, Chairman John C. Williams, Vice Chair Michael S. Barr Michelle W. Bowman Lisa D. Cook Beth M. Hammack Philip N. Jefferson Neel Kashkari Lorie K. Logan Anna Paulson Jerome H. Powell Christopher J. Waller Thomas I. Barkin, Mary C. Daly, Austan D. Goolsbee, Sushmita Shukla, and Cheryl L. Venable, Alternate Members of the Committee Susan M. Collins, Alberto G. Musalem, and Jeffrey R. Schmid, Presidents of the Federal Reserve Banks of Boston, St. Louis, and Kansas City, respectively Joshua Gallin, Secretary Matthew M. Luecke, Deputy Secretary Michelle A. Smith, Assistant Secretary Mark E. Van Der Weide, General Counsel Richard Ostrander, Deputy General Counsel Trevor A. Reeve, Economist Stacey Tevlin, Economist Beth Anne Wilson, Economist Stephanie R. Aaronson, Shaghil Ahmed, Brian M. Doyle, Eric M. Engen, Michael T. Kiley, Elizabeth Klee, Edward S. Knotek II, Karel Mertens, Andrea Raffo, and Donald Keith Sill, Associate Economists Roberto Perli, Manager, System Open Market Account Julie Ann Remache, Deputy Manager, System Open Market Account Jose Acosta, Senior System Engineer II, Division of Information Technology, Board Isaiah C. Ahn, Information Management Analyst, Division of Monetary Affairs, Board Alyssa Arute,2 Assistant Director, Division of Reserve Bank Operations and Payment Systems, Board Gadi Barlevy, Executive Vice President, Federal Reserve Bank of Chicago William F. Bassett, Senior Associate Director, Division of Financial Stability, Board Kimberly N. Bayard, Section Chief, Division of Research and Statistics, Board Michele Cavallo, Special Adviser to the Board, Division of Board Members, Board Lisa Chung,2 Head of Domestic and International Markets, Federal Reserve Bank of New York Andrew Cohen,3 Special Adviser to the Board, Division of Board Members, Board Francisco Covas, Deputy Director, Division of Supervision and Regulation, Board Ryan A. Decker, Special Adviser to the Board, Division of Board Members, Board Cynthia L. Doniger,4 Principal Economist, Division of Monetary Affairs, Board Burcu Duygan-Bump, Deputy Director, Division of Research and Statistics, Board Eric C. Engstrom, Special Adviser to the Chairman, Division of Board Members, Board Giovanni Favara, Associate Director, Division of Monetary Affairs, Board Laura J. Feiveson,4 Special Adviser to the Board, Division of Board Members, Board Andrew Figura, Senior Associate Director, Division of Research and Statistics, Board Jenn Gallagher, Assistant to the Board, Division of Board Members, Board Carlos Garriga, Senior Vice President, Federal Reserve Bank of St. Louis Joseph W. Gruber, Executive Vice President, Federal Reserve Bank of Kansas City Daniel L. Heil, Assistant to the Chairman (Special Projects), Division of Board Members, Board Erik Heitfield, Deputy Associate Director, Division of Research and Statistics, Board Valerie S. Hinojosa, Assistant Director, Division of Monetary Affairs, Board Jane E. Ihrig, Special Adviser to the Board, Division of Board Members, Board Margaret M. Jacobson, Senior Economist, Division of Monetary Affairs, Board Benjamin K. Johannsen, Deputy Associate Director, Division of Monetary Affairs, Board Anna R. Kovner, Executive Vice President, Federal Reserve Bank of Richmond Spencer D. Krane, Senior Vice President, Federal Reserve Bank of Chicago Sylvain Leduc, Executive Vice President and Director of Economic Research, Federal Reserve Bank of San Francisco Andreas Lehnert, Director, Division of Financial Stability, Board Paul Lengermann, Deputy Associate Director, Division of Research and Statistics, Board Eric LeSueur,2 Policy and Market Analysis Advisor, Federal Reserve Bank of New York Logan T. Lewis, Assistant Director, Division of International Finance, Board Laura Lipscomb, Special Adviser to the Board, Division of Board Members, Board Francesca Loria, Principal Economist, Division of Monetary Affairs, Board Byron Lutz, Deputy Associate Director, Division of Research and Statistics, Board Jonathan P. McCarthy, Economic Research Advisor, Federal Reserve Bank of New York John P. McConnell, Assistant to the Chairman (Speechwriting), Division of Board Members, Board Benjamin W. McDonough, Secretary of the Board, Office of the Secretary, Board David Newville, Director, Division of Consumer and Community Affairs, Board Anna Nordstrom, Head of Markets, Federal Reserve Bank of New York Alyssa T. O'Connor, Special Adviser to the Board, Division of Board Members, Board Karen A. Pennell, First Vice President, Federal Reserve Bank of Boston Eugenio P. Pinto, Special Adviser to the Board, Division of Board Members, Board Odelle Quisumbing,2 Assistant to the Secretary, Office of the Secretary, Board Nellisha D. Ramdass, Deputy Director, Division of Monetary Affairs, Board Romina D. Ruprecht, Senior Economist, Division of Monetary Affairs, Board Zeynep Senyuz, Special Adviser to the Board, Division of Board Members, Board Hiroatsu Tanaka, Principal Economist, Division of Monetary Affairs, Board Mary H. Tian, Group Manager, Division of Monetary Affairs, Board Jeffrey D. Walker,2 Senior Associate Director, Division of Reserve Bank Operations and Payment Systems, Board Jonathan Willis, Vice President, Federal Reserve Bank of Atlanta Paul Winfree, Assistant to the Chairman (Special Projects), Division of Board Members, Board Emre Yoldas, Deputy Associate Director, Division of International Finance, Board Egon Zakrajšek, Executive Vice President, Federal Reserve Bank of Boston _______________________ Joshua Gallin Secretary 1. The Federal Open Market Committee is referenced as the ""FOMC"" and the ""Committee"" in these minutes; the Board of Governors of the Federal Reserve System is referenced as the ""Board"" in these minutes. Return to text 2. Attended through the discussion of developments in financial markets and open market operations. Return to text 3. Attended Wednesday's session only. Return to text 4. Attended Tuesday's session only. Return to text Back to Top"
2026-06-17,Neel Kashkari,FOR,HOLD,HOLD,COMMITTEE_HOLD,0,0,VOTE_ACTION_PROXY,2026-06-17,https://www.federalreserve.gov/monetarypolicy/fomcminutes20260617.htm,"Voting for this action: Kevin Warsh, John C. Williams, Michael S. Barr, Michelle W. Bowman, Lisa D. Cook, Beth M. Hammack, Philip N. Jefferson, Neel Kashkari, Lorie K. Logan, Anna Paulson, Jerome H. Powell, and Christopher J. Waller. Voting against this action: None. Consistent with the Committee's decision to leave the target range for the federal funds rate unchanged, the Board of Governors of the Federal Reserve System voted unanimously to maintain the interest rate paid on reserve balances at 3.65 percent, effective June 18, 2026. The Board of Governors of the Federal Reserve System voted unanimously to approve the establishment of the primary credit rate at the existing level of 3.75 percent. It was agreed that the next meeting of the Committee would be held on Tuesday–Wednesday, July 28–29, 2026. The meeting adjourned at 10:30 a.m. on June 17, 2026. Notation Vote By notation vote completed on May 19, 2026, the Committee unanimously approved the minutes of the Committee meeting held on April 28–29, 2026. Attendance Kevin Warsh, Chairman John C. Williams, Vice Chair Michael S. Barr Michelle W. Bowman Lisa D. Cook Beth M. Hammack Philip N. Jefferson Neel Kashkari Lorie K. Logan Anna Paulson Jerome H. Powell Christopher J. Waller Thomas I. Barkin, Mary C. Daly, Austan D. Goolsbee, Sushmita Shukla, and Cheryl L. Venable, Alternate Members of the Committee Susan M. Collins, Alberto G. Musalem, and Jeffrey R. Schmid, Presidents of the Federal Reserve Banks of Boston, St. Louis, and Kansas City, respectively Joshua Gallin, Secretary Matthew M. Luecke, Deputy Secretary Michelle A. Smith, Assistant Secretary Mark E. Van Der Weide, General Counsel Richard Ostrander, Deputy General Counsel Trevor A. Reeve, Economist Stacey Tevlin, Economist Beth Anne Wilson, Economist Stephanie R. Aaronson, Shaghil Ahmed, Brian M. Doyle, Eric M. Engen, Michael T. Kiley, Elizabeth Klee, Edward S. Knotek II, Karel Mertens, Andrea Raffo, and Donald Keith Sill, Associate Economists Roberto Perli, Manager, System Open Market Account Julie Ann Remache, Deputy Manager, System Open Market Account Jose Acosta, Senior System Engineer II, Division of Information Technology, Board Isaiah C. Ahn, Information Management Analyst, Division of Monetary Affairs, Board Alyssa Arute,2 Assistant Director, Division of Reserve Bank Operations and Payment Systems, Board Gadi Barlevy, Executive Vice President, Federal Reserve Bank of Chicago William F. Bassett, Senior Associate Director, Division of Financial Stability, Board Kimberly N. Bayard, Section Chief, Division of Research and Statistics, Board Michele Cavallo, Special Adviser to the Board, Division of Board Members, Board Lisa Chung,2 Head of Domestic and International Markets, Federal Reserve Bank of New York Andrew Cohen,3 Special Adviser to the Board, Division of Board Members, Board Francisco Covas, Deputy Director, Division of Supervision and Regulation, Board Ryan A. Decker, Special Adviser to the Board, Division of Board Members, Board Cynthia L. Doniger,4 Principal Economist, Division of Monetary Affairs, Board Burcu Duygan-Bump, Deputy Director, Division of Research and Statistics, Board Eric C. Engstrom, Special Adviser to the Chairman, Division of Board Members, Board Giovanni Favara, Associate Director, Division of Monetary Affairs, Board Laura J. Feiveson,4 Special Adviser to the Board, Division of Board Members, Board Andrew Figura, Senior Associate Director, Division of Research and Statistics, Board Jenn Gallagher, Assistant to the Board, Division of Board Members, Board Carlos Garriga, Senior Vice President, Federal Reserve Bank of St. Louis Joseph W. Gruber, Executive Vice President, Federal Reserve Bank of Kansas City Daniel L. Heil, Assistant to the Chairman (Special Projects), Division of Board Members, Board Erik Heitfield, Deputy Associate Director, Division of Research and Statistics, Board Valerie S. Hinojosa, Assistant Director, Division of Monetary Affairs, Board Jane E. Ihrig, Special Adviser to the Board, Division of Board Members, Board Margaret M. Jacobson, Senior Economist, Division of Monetary Affairs, Board Benjamin K. Johannsen, Deputy Associate Director, Division of Monetary Affairs, Board Anna R. Kovner, Executive Vice President, Federal Reserve Bank of Richmond Spencer D. Krane, Senior Vice President, Federal Reserve Bank of Chicago Sylvain Leduc, Executive Vice President and Director of Economic Research, Federal Reserve Bank of San Francisco Andreas Lehnert, Director, Division of Financial Stability, Board Paul Lengermann, Deputy Associate Director, Division of Research and Statistics, Board Eric LeSueur,2 Policy and Market Analysis Advisor, Federal Reserve Bank of New York Logan T. Lewis, Assistant Director, Division of International Finance, Board Laura Lipscomb, Special Adviser to the Board, Division of Board Members, Board Francesca Loria, Principal Economist, Division of Monetary Affairs, Board Byron Lutz, Deputy Associate Director, Division of Research and Statistics, Board Jonathan P. McCarthy, Economic Research Advisor, Federal Reserve Bank of New York John P. McConnell, Assistant to the Chairman (Speechwriting), Division of Board Members, Board Benjamin W. McDonough, Secretary of the Board, Office of the Secretary, Board David Newville, Director, Division of Consumer and Community Affairs, Board Anna Nordstrom, Head of Markets, Federal Reserve Bank of New York Alyssa T. O'Connor, Special Adviser to the Board, Division of Board Members, Board Karen A. Pennell, First Vice President, Federal Reserve Bank of Boston Eugenio P. Pinto, Special Adviser to the Board, Division of Board Members, Board Odelle Quisumbing,2 Assistant to the Secretary, Office of the Secretary, Board Nellisha D. Ramdass, Deputy Director, Division of Monetary Affairs, Board Romina D. Ruprecht, Senior Economist, Division of Monetary Affairs, Board Zeynep Senyuz, Special Adviser to the Board, Division of Board Members, Board Hiroatsu Tanaka, Principal Economist, Division of Monetary Affairs, Board Mary H. Tian, Group Manager, Division of Monetary Affairs, Board Jeffrey D. Walker,2 Senior Associate Director, Division of Reserve Bank Operations and Payment Systems, Board Jonathan Willis, Vice President, Federal Reserve Bank of Atlanta Paul Winfree, Assistant to the Chairman (Special Projects), Division of Board Members, Board Emre Yoldas, Deputy Associate Director, Division of International Finance, Board Egon Zakrajšek, Executive Vice President, Federal Reserve Bank of Boston _______________________ Joshua Gallin Secretary 1. The Federal Open Market Committee is referenced as the ""FOMC"" and the ""Committee"" in these minutes; the Board of Governors of the Federal Reserve System is referenced as the ""Board"" in these minutes. Return to text 2. Attended through the discussion of developments in financial markets and open market operations. Return to text 3. Attended Wednesday's session only. Return to text 4. Attended Tuesday's session only. Return to text Back to Top"
2026-06-17,Philip N. Jefferson,FOR,HOLD,HOLD,COMMITTEE_HOLD,0,0,VOTE_ACTION_PROXY,2026-06-17,https://www.federalreserve.gov/monetarypolicy/fomcminutes20260617.htm,"Voting for this action: Kevin Warsh, John C. Williams, Michael S. Barr, Michelle W. Bowman, Lisa D. Cook, Beth M. Hammack, Philip N. Jefferson, Neel Kashkari, Lorie K. Logan, Anna Paulson, Jerome H. Powell, and Christopher J. Waller. Voting against this action: None. Consistent with the Committee's decision to leave the target range for the federal funds rate unchanged, the Board of Governors of the Federal Reserve System voted unanimously to maintain the interest rate paid on reserve balances at 3.65 percent, effective June 18, 2026. The Board of Governors of the Federal Reserve System voted unanimously to approve the establishment of the primary credit rate at the existing level of 3.75 percent. It was agreed that the next meeting of the Committee would be held on Tuesday–Wednesday, July 28–29, 2026. The meeting adjourned at 10:30 a.m. on June 17, 2026. Notation Vote By notation vote completed on May 19, 2026, the Committee unanimously approved the minutes of the Committee meeting held on April 28–29, 2026. Attendance Kevin Warsh, Chairman John C. Williams, Vice Chair Michael S. Barr Michelle W. Bowman Lisa D. Cook Beth M. Hammack Philip N. Jefferson Neel Kashkari Lorie K. Logan Anna Paulson Jerome H. Powell Christopher J. Waller Thomas I. Barkin, Mary C. Daly, Austan D. Goolsbee, Sushmita Shukla, and Cheryl L. Venable, Alternate Members of the Committee Susan M. Collins, Alberto G. Musalem, and Jeffrey R. Schmid, Presidents of the Federal Reserve Banks of Boston, St. Louis, and Kansas City, respectively Joshua Gallin, Secretary Matthew M. Luecke, Deputy Secretary Michelle A. Smith, Assistant Secretary Mark E. Van Der Weide, General Counsel Richard Ostrander, Deputy General Counsel Trevor A. Reeve, Economist Stacey Tevlin, Economist Beth Anne Wilson, Economist Stephanie R. Aaronson, Shaghil Ahmed, Brian M. Doyle, Eric M. Engen, Michael T. Kiley, Elizabeth Klee, Edward S. Knotek II, Karel Mertens, Andrea Raffo, and Donald Keith Sill, Associate Economists Roberto Perli, Manager, System Open Market Account Julie Ann Remache, Deputy Manager, System Open Market Account Jose Acosta, Senior System Engineer II, Division of Information Technology, Board Isaiah C. Ahn, Information Management Analyst, Division of Monetary Affairs, Board Alyssa Arute,2 Assistant Director, Division of Reserve Bank Operations and Payment Systems, Board Gadi Barlevy, Executive Vice President, Federal Reserve Bank of Chicago William F. Bassett, Senior Associate Director, Division of Financial Stability, Board Kimberly N. Bayard, Section Chief, Division of Research and Statistics, Board Michele Cavallo, Special Adviser to the Board, Division of Board Members, Board Lisa Chung,2 Head of Domestic and International Markets, Federal Reserve Bank of New York Andrew Cohen,3 Special Adviser to the Board, Division of Board Members, Board Francisco Covas, Deputy Director, Division of Supervision and Regulation, Board Ryan A. Decker, Special Adviser to the Board, Division of Board Members, Board Cynthia L. Doniger,4 Principal Economist, Division of Monetary Affairs, Board Burcu Duygan-Bump, Deputy Director, Division of Research and Statistics, Board Eric C. Engstrom, Special Adviser to the Chairman, Division of Board Members, Board Giovanni Favara, Associate Director, Division of Monetary Affairs, Board Laura J. Feiveson,4 Special Adviser to the Board, Division of Board Members, Board Andrew Figura, Senior Associate Director, Division of Research and Statistics, Board Jenn Gallagher, Assistant to the Board, Division of Board Members, Board Carlos Garriga, Senior Vice President, Federal Reserve Bank of St. Louis Joseph W. Gruber, Executive Vice President, Federal Reserve Bank of Kansas City Daniel L. Heil, Assistant to the Chairman (Special Projects), Division of Board Members, Board Erik Heitfield, Deputy Associate Director, Division of Research and Statistics, Board Valerie S. Hinojosa, Assistant Director, Division of Monetary Affairs, Board Jane E. Ihrig, Special Adviser to the Board, Division of Board Members, Board Margaret M. Jacobson, Senior Economist, Division of Monetary Affairs, Board Benjamin K. Johannsen, Deputy Associate Director, Division of Monetary Affairs, Board Anna R. Kovner, Executive Vice President, Federal Reserve Bank of Richmond Spencer D. Krane, Senior Vice President, Federal Reserve Bank of Chicago Sylvain Leduc, Executive Vice President and Director of Economic Research, Federal Reserve Bank of San Francisco Andreas Lehnert, Director, Division of Financial Stability, Board Paul Lengermann, Deputy Associate Director, Division of Research and Statistics, Board Eric LeSueur,2 Policy and Market Analysis Advisor, Federal Reserve Bank of New York Logan T. Lewis, Assistant Director, Division of International Finance, Board Laura Lipscomb, Special Adviser to the Board, Division of Board Members, Board Francesca Loria, Principal Economist, Division of Monetary Affairs, Board Byron Lutz, Deputy Associate Director, Division of Research and Statistics, Board Jonathan P. McCarthy, Economic Research Advisor, Federal Reserve Bank of New York John P. McConnell, Assistant to the Chairman (Speechwriting), Division of Board Members, Board Benjamin W. McDonough, Secretary of the Board, Office of the Secretary, Board David Newville, Director, Division of Consumer and Community Affairs, Board Anna Nordstrom, Head of Markets, Federal Reserve Bank of New York Alyssa T. O'Connor, Special Adviser to the Board, Division of Board Members, Board Karen A. Pennell, First Vice President, Federal Reserve Bank of Boston Eugenio P. Pinto, Special Adviser to the Board, Division of Board Members, Board Odelle Quisumbing,2 Assistant to the Secretary, Office of the Secretary, Board Nellisha D. Ramdass, Deputy Director, Division of Monetary Affairs, Board Romina D. Ruprecht, Senior Economist, Division of Monetary Affairs, Board Zeynep Senyuz, Special Adviser to the Board, Division of Board Members, Board Hiroatsu Tanaka, Principal Economist, Division of Monetary Affairs, Board Mary H. Tian, Group Manager, Division of Monetary Affairs, Board Jeffrey D. Walker,2 Senior Associate Director, Division of Reserve Bank Operations and Payment Systems, Board Jonathan Willis, Vice President, Federal Reserve Bank of Atlanta Paul Winfree, Assistant to the Chairman (Special Projects), Division of Board Members, Board Emre Yoldas, Deputy Associate Director, Division of International Finance, Board Egon Zakrajšek, Executive Vice President, Federal Reserve Bank of Boston _______________________ Joshua Gallin Secretary 1. The Federal Open Market Committee is referenced as the ""FOMC"" and the ""Committee"" in these minutes; the Board of Governors of the Federal Reserve System is referenced as the ""Board"" in these minutes. Return to text 2. Attended through the discussion of developments in financial markets and open market operations. Return to text 3. Attended Wednesday's session only. Return to text 4. Attended Tuesday's session only. Return to text Back to Top"
