event_id,member_name,event_date,event_time_local,event_timezone,published_date,published_time_local,published_timezone,archive_record_updated_at_utc,title,venue_or_subtitle,record_type,source_institution,source_archive,source_url,secondary_source_url,raw_metadata_file,publication_status
536beca8d9ea8c5c3771,Elizabeth A. Duke,2012-01-06,UNKNOWN,UNKNOWN,UNKNOWN,UNKNOWN,UNKNOWN,,"Economic Developments, Risks to the Outlook, and Housing Market Policies",,SPEECH,Board of Governors of the Federal Reserve System,FEDERAL_RESERVE_BOARD_ANNUAL_INDEX,https://www.federalreserve.gov/newsevents/speech/duke20120106a.htm,,raw/speech_catalog/board_indexes/2012-speeches.htm,PUBLICATION_DATE_TIME_NOT_EXPOSED_IN_ANNUAL_INDEX
3bc44612f99942487919,Sarah Bloom Raskin,2012-01-06,UNKNOWN,UNKNOWN,UNKNOWN,UNKNOWN,UNKNOWN,,Community Bank Examination and Supervision amid Economic Recovery,,SPEECH,Board of Governors of the Federal Reserve System,FEDERAL_RESERVE_BOARD_ANNUAL_INDEX,https://www.federalreserve.gov/newsevents/speech/raskin20120106a.htm,,raw/speech_catalog/board_indexes/2012-speeches.htm,PUBLICATION_DATE_TIME_NOT_EXPOSED_IN_ANNUAL_INDEX
8df68b32401ed63ee5e7,Sarah Bloom Raskin,2012-01-07,UNKNOWN,UNKNOWN,UNKNOWN,UNKNOWN,UNKNOWN,,Creating and Implementing an Enforcement Response to the Foreclosure Crisis,,SPEECH,Board of Governors of the Federal Reserve System,FEDERAL_RESERVE_BOARD_ANNUAL_INDEX,https://www.federalreserve.gov/newsevents/speech/raskin20120107a.htm,,raw/speech_catalog/board_indexes/2012-speeches.htm,PUBLICATION_DATE_TIME_NOT_EXPOSED_IN_ANNUAL_INDEX
b0b1068e8643f8876fc6,Charles I. Plosser,2012-01-11,UNKNOWN,UNKNOWN,UNKNOWN,UNKNOWN,UNKNOWN,2025-07-23T10:42:31Z,Economic Prospects and Monetary Policy for the New Year,"33rd Annual Economic Seminar, Rochester, New York",SPEECH,Federal Reserve Bank of Philadelphia,FRASER_OAI_PMH,https://fraser.stlouisfed.org/title/statements-speeches-charles-i-plosser-6101/economic-prospects-monetary-policy-new-year-586706,,raw/speech_catalog/fraser_oai/charles-i-plosser/records-0001.xml,ORIGINAL_PUBLICATION_DATE_TIME_NOT_IN_FRASER_METADATA
318cf47df27474f3440a,Elizabeth A. Duke,2012-01-13,UNKNOWN,UNKNOWN,UNKNOWN,UNKNOWN,UNKNOWN,,Opportunities to Reduce Regulatory Burden and Improve Credit Availability,,SPEECH,Board of Governors of the Federal Reserve System,FEDERAL_RESERVE_BOARD_ANNUAL_INDEX,https://www.federalreserve.gov/newsevents/speech/duke20120113a.htm,,raw/speech_catalog/board_indexes/2012-speeches.htm,PUBLICATION_DATE_TIME_NOT_EXPOSED_IN_ANNUAL_INDEX
9e6bcb1e6681d0327fae,Elizabeth A. Duke,2012-01-16,UNKNOWN,UNKNOWN,UNKNOWN,UNKNOWN,UNKNOWN,,From Community Banker to Central Banker--My Journey,,SPEECH,Board of Governors of the Federal Reserve System,FEDERAL_RESERVE_BOARD_ANNUAL_INDEX,https://www.federalreserve.gov/newsevents/speech/duke20120116a.htm,,raw/speech_catalog/board_indexes/2012-speeches.htm,PUBLICATION_DATE_TIME_NOT_EXPOSED_IN_ANNUAL_INDEX
049bec9126000177facd,Charles I. Plosser,2012-02-01,UNKNOWN,UNKNOWN,UNKNOWN,UNKNOWN,UNKNOWN,2025-07-20T06:28:59Z,Economic Outlook and Communicating Monetary Policy,"The 2012 Economic Forecast Breakfast and Annual Meeting of the Main Line Chamber of Commerce and the Main Line Chamber Foundation, Gladwyne, PA",SPEECH,Federal Reserve Bank of Philadelphia,FRASER_OAI_PMH,https://fraser.stlouisfed.org/title/statements-speeches-charles-i-plosser-6101/economic-outlook-communicating-monetary-policy-586707,,raw/speech_catalog/fraser_oai/charles-i-plosser/records-0001.xml,ORIGINAL_PUBLICATION_DATE_TIME_NOT_IN_FRASER_METADATA
3d436851d8a728249bb6,Ben S. Bernanke,2012-02-10,UNKNOWN,UNKNOWN,UNKNOWN,UNKNOWN,UNKNOWN,,Housing Markets in Transition,,SPEECH,Board of Governors of the Federal Reserve System,FEDERAL_RESERVE_BOARD_ANNUAL_INDEX,https://www.federalreserve.gov/newsevents/speech/bernanke20110210a.htm,,raw/speech_catalog/board_indexes/2012-speeches.htm,PUBLICATION_DATE_TIME_NOT_EXPOSED_IN_ANNUAL_INDEX
8279c55c58fdb288ab65,Charles I. Plosser,2012-02-14,UNKNOWN,UNKNOWN,UNKNOWN,UNKNOWN,UNKNOWN,2025-07-21T08:16:04Z,The Outlook and the Hazards of Accelerationist Policy,"Economic Forecast, the University of Delaware Center for Economic Education and Entrepreneurship, Newark, Delaware",SPEECH,Federal Reserve Bank of Philadelphia,FRASER_OAI_PMH,https://fraser.stlouisfed.org/title/statements-speeches-charles-i-plosser-6101/outlook-hazards-accelerationist-policy-586708,,raw/speech_catalog/fraser_oai/charles-i-plosser/records-0001.xml,ORIGINAL_PUBLICATION_DATE_TIME_NOT_IN_FRASER_METADATA
42933aa5bb401864f270,Ben S. Bernanke,2012-02-16,UNKNOWN,UNKNOWN,UNKNOWN,UNKNOWN,UNKNOWN,,Community Banking,,SPEECH,Board of Governors of the Federal Reserve System,FEDERAL_RESERVE_BOARD_ANNUAL_INDEX,https://www.federalreserve.gov/newsevents/speech/bernanke20120216a.htm,,raw/speech_catalog/board_indexes/2012-speeches.htm,PUBLICATION_DATE_TIME_NOT_EXPOSED_IN_ANNUAL_INDEX
6b3d115910defa87e2c9,Charles I. Plosser,2012-02-24,UNKNOWN,UNKNOWN,UNKNOWN,UNKNOWN,UNKNOWN,2025-07-24T19:31:05Z,"Fiscal Policy and Monetary Policy: Restoring the Boundaries, U.S. Monetary Policy Forum, The Initiative on Global Markets, University of Chicago Booth School of Business, New York","U.S. Monetary Policy Forum, The Initiative on Global Markets, University of Chicago Booth School of Business, New York",SPEECH,Federal Reserve Bank of Philadelphia,FRASER_OAI_PMH,https://fraser.stlouisfed.org/title/statements-speeches-charles-i-plosser-6101/fiscal-policy-monetary-policy-restoring-boundaries-us-monetary-policy-forum-initiative-global-markets-university-chicago-booth-school-business-new-york-586709,,raw/speech_catalog/fraser_oai/charles-i-plosser/records-0001.xml,ORIGINAL_PUBLICATION_DATE_TIME_NOT_IN_FRASER_METADATA
34a1d167f8e9ee51cd86,Charles I. Plosser,2012-02-29,UNKNOWN,UNKNOWN,UNKNOWN,UNKNOWN,UNKNOWN,2025-07-24T17:27:34Z,A Progress Report on Our Monetary Policy Framework,"Forecasters Club, New York",SPEECH,Federal Reserve Bank of Philadelphia,FRASER_OAI_PMH,https://fraser.stlouisfed.org/title/statements-speeches-charles-i-plosser-6101/a-progress-report-monetary-policy-framework-586710,,raw/speech_catalog/fraser_oai/charles-i-plosser/records-0001.xml,ORIGINAL_PUBLICATION_DATE_TIME_NOT_IN_FRASER_METADATA
527d966257e74918500b,Sarah Bloom Raskin,2012-03-01,UNKNOWN,UNKNOWN,UNKNOWN,UNKNOWN,UNKNOWN,,Accommodative Monetary Policy and Its Effects on Savers,,SPEECH,Board of Governors of the Federal Reserve System,FEDERAL_RESERVE_BOARD_ANNUAL_INDEX,https://www.federalreserve.gov/newsevents/speech/raskin20120301a.htm,,raw/speech_catalog/board_indexes/2012-speeches.htm,PUBLICATION_DATE_TIME_NOT_EXPOSED_IN_ANNUAL_INDEX
1c9adf9049cf59b60371,Ben S. Bernanke,2012-03-14,UNKNOWN,UNKNOWN,UNKNOWN,UNKNOWN,UNKNOWN,,Community Banking,,SPEECH,Board of Governors of the Federal Reserve System,FEDERAL_RESERVE_BOARD_ANNUAL_INDEX,https://www.federalreserve.gov/newsevents/speech/bernanke20120314a.htm,,raw/speech_catalog/board_indexes/2012-speeches.htm,PUBLICATION_DATE_TIME_NOT_EXPOSED_IN_ANNUAL_INDEX
ea03f57afcd2a24050fc,Ben S. Bernanke,2012-03-23,UNKNOWN,UNKNOWN,UNKNOWN,UNKNOWN,UNKNOWN,,Opening Remarks,,SPEECH,Board of Governors of the Federal Reserve System,FEDERAL_RESERVE_BOARD_ANNUAL_INDEX,https://www.federalreserve.gov/newsevents/speech/bernanke20120323a.htm,,raw/speech_catalog/board_indexes/2012-speeches.htm,PUBLICATION_DATE_TIME_NOT_EXPOSED_IN_ANNUAL_INDEX
455fa34930acc50ce092,Ben S. Bernanke,2012-03-26,UNKNOWN,UNKNOWN,UNKNOWN,UNKNOWN,UNKNOWN,,Recent Developments in the Labor Market,,SPEECH,Board of Governors of the Federal Reserve System,FEDERAL_RESERVE_BOARD_ANNUAL_INDEX,https://www.federalreserve.gov/newsevents/speech/bernanke20120326a.htm,,raw/speech_catalog/board_indexes/2012-speeches.htm,PUBLICATION_DATE_TIME_NOT_EXPOSED_IN_ANNUAL_INDEX
a80002fbc86ee57673ac,Charles I. Plosser,2012-03-26,UNKNOWN,UNKNOWN,UNKNOWN,UNKNOWN,UNKNOWN,2025-07-22T17:57:08Z,"Restoring Central Banks After the Crisis, Re-Examining Central Bank Orthodoxy for Unorthodox Times: Inaugural Meeting of the Global Society of Fellows of the Global Interdependence Center, Banque de France, Paris, France",,SPEECH,Federal Reserve Bank of Philadelphia,FRASER_OAI_PMH,https://fraser.stlouisfed.org/title/statements-speeches-charles-i-plosser-6101/restoring-central-banks-crisis-re-examining-central-bank-orthodoxy-unorthodox-times-inaugural-meeting-global-society-fellows-global-interdependence-center-banque-de-france-paris-france-586711,,raw/speech_catalog/fraser_oai/charles-i-plosser/records-0001.xml,ORIGINAL_PUBLICATION_DATE_TIME_NOT_IN_FRASER_METADATA
2e62bc5552d995218d6b,Elizabeth A. Duke,2012-03-27,UNKNOWN,UNKNOWN,UNKNOWN,UNKNOWN,UNKNOWN,,Building Sustainable Communities,,SPEECH,Board of Governors of the Federal Reserve System,FEDERAL_RESERVE_BOARD_ANNUAL_INDEX,https://www.federalreserve.gov/newsevents/speech/duke20120327a.htm,,raw/speech_catalog/board_indexes/2012-speeches.htm,PUBLICATION_DATE_TIME_NOT_EXPOSED_IN_ANNUAL_INDEX
d64476533820b2051448,Charles I. Plosser,2012-03-29,UNKNOWN,UNKNOWN,UNKNOWN,UNKNOWN,UNKNOWN,2025-07-22T06:53:41Z,Economic Outlook,"Rotary Club of Wilmington, Wilmington, Delaware",SPEECH,Federal Reserve Bank of Philadelphia,FRASER_OAI_PMH,https://fraser.stlouisfed.org/title/statements-speeches-charles-i-plosser-6101/economic-outlook-586712,,raw/speech_catalog/fraser_oai/charles-i-plosser/records-0001.xml,ORIGINAL_PUBLICATION_DATE_TIME_NOT_IN_FRASER_METADATA
27dd4ce22f6b3c91e953,Ben S. Bernanke,2012-04-09,UNKNOWN,UNKNOWN,UNKNOWN,UNKNOWN,UNKNOWN,,Fostering Financial Stability,,SPEECH,Board of Governors of the Federal Reserve System,FEDERAL_RESERVE_BOARD_ANNUAL_INDEX,https://www.federalreserve.gov/newsevents/speech/bernanke20120409a.htm,,raw/speech_catalog/board_indexes/2012-speeches.htm,PUBLICATION_DATE_TIME_NOT_EXPOSED_IN_ANNUAL_INDEX
6f0c964c59f9dd68f751,Daniel K. Tarullo,2012-04-10,UNKNOWN,UNKNOWN,UNKNOWN,UNKNOWN,UNKNOWN,,Developing Tools for Dynamic Capital Supervision,,SPEECH,Board of Governors of the Federal Reserve System,FEDERAL_RESERVE_BOARD_ANNUAL_INDEX,https://www.federalreserve.gov/newsevents/speech/tarullo20120410a.htm,,raw/speech_catalog/board_indexes/2012-speeches.htm,PUBLICATION_DATE_TIME_NOT_EXPOSED_IN_ANNUAL_INDEX
ff8f9e138d939002baaa,Janet L. Yellen,2012-04-11,UNKNOWN,UNKNOWN,UNKNOWN,UNKNOWN,UNKNOWN,,The Economic Outlook and Monetary Policy,,SPEECH,Board of Governors of the Federal Reserve System,FEDERAL_RESERVE_BOARD_ANNUAL_INDEX,https://www.federalreserve.gov/newsevents/speech/yellen20120411a.htm,,raw/speech_catalog/board_indexes/2012-speeches.htm,PUBLICATION_DATE_TIME_NOT_EXPOSED_IN_ANNUAL_INDEX
307f7ee17ff16b6ed08b,Sarah Bloom Raskin,2012-04-12,UNKNOWN,UNKNOWN,UNKNOWN,UNKNOWN,UNKNOWN,,Downturns and Recoveries: What the Economies in Los Angeles and the United States Tell Us,,SPEECH,Board of Governors of the Federal Reserve System,FEDERAL_RESERVE_BOARD_ANNUAL_INDEX,https://www.federalreserve.gov/newsevents/speech/raskin20120411a.htm,,raw/speech_catalog/board_indexes/2012-speeches.htm,PUBLICATION_DATE_TIME_NOT_EXPOSED_IN_ANNUAL_INDEX
4925f030857604e4843b,Ben S. Bernanke,2012-04-13,UNKNOWN,UNKNOWN,UNKNOWN,UNKNOWN,UNKNOWN,,Some Reflections on the Crisis and the Policy Response,,SPEECH,Board of Governors of the Federal Reserve System,FEDERAL_RESERVE_BOARD_ANNUAL_INDEX,https://www.federalreserve.gov/newsevents/speech/bernanke20120413a.htm,,raw/speech_catalog/board_indexes/2012-speeches.htm,PUBLICATION_DATE_TIME_NOT_EXPOSED_IN_ANNUAL_INDEX
7f6791276f745039b5ad,Charles I. Plosser,2012-05-01,UNKNOWN,UNKNOWN,UNKNOWN,UNKNOWN,UNKNOWN,2025-07-20T21:56:24Z,A Perspective on the Economic Outlook,Presented to CFA Society of San Diego,SPEECH,Federal Reserve Bank of Philadelphia,FRASER_OAI_PMH,https://fraser.stlouisfed.org/title/statements-speeches-charles-i-plosser-6101/a-perspective-economic-outlook-586714,,raw/speech_catalog/fraser_oai/charles-i-plosser/records-0001.xml,ORIGINAL_PUBLICATION_DATE_TIME_NOT_IN_FRASER_METADATA
b0c1ac8649abc951088f,Daniel K. Tarullo,2012-05-02,UNKNOWN,UNKNOWN,UNKNOWN,UNKNOWN,UNKNOWN,,Regulatory Reform since the Financial Crisis,,SPEECH,Board of Governors of the Federal Reserve System,FEDERAL_RESERVE_BOARD_ANNUAL_INDEX,https://www.federalreserve.gov/newsevents/speech/tarullo20120502a.htm,,raw/speech_catalog/board_indexes/2012-speeches.htm,PUBLICATION_DATE_TIME_NOT_EXPOSED_IN_ANNUAL_INDEX
f6a20cea2c9caba11439,Charles I. Plosser,2012-05-09,UNKNOWN,UNKNOWN,UNKNOWN,UNKNOWN,UNKNOWN,2025-07-23T03:17:50Z,"Resilient Communities in a Resilient Economy, Reinventing Older Communities: Building Resilient Cities",,SPEECH,Federal Reserve Bank of Philadelphia,FRASER_OAI_PMH,https://fraser.stlouisfed.org/title/statements-speeches-charles-i-plosser-6101/resilient-communities-a-resilient-economy-reinventing-older-communities-building-resilient-cities-586716,,raw/speech_catalog/fraser_oai/charles-i-plosser/records-0001.xml,ORIGINAL_PUBLICATION_DATE_TIME_NOT_IN_FRASER_METADATA
91f2a0f901eb6432c353,Ben S. Bernanke,2012-05-10,UNKNOWN,UNKNOWN,UNKNOWN,UNKNOWN,UNKNOWN,,Banks and Bank Lending: The State of Play,,SPEECH,Board of Governors of the Federal Reserve System,FEDERAL_RESERVE_BOARD_ANNUAL_INDEX,https://www.federalreserve.gov/newsevents/speech/bernanke20120510a.htm,,raw/speech_catalog/board_indexes/2012-speeches.htm,PUBLICATION_DATE_TIME_NOT_EXPOSED_IN_ANNUAL_INDEX
43bb92c80aaed73c218a,Elizabeth A. Duke,2012-05-15,UNKNOWN,UNKNOWN,UNKNOWN,UNKNOWN,UNKNOWN,,Prescriptions for Housing Recovery,,SPEECH,Board of Governors of the Federal Reserve System,FEDERAL_RESERVE_BOARD_ANNUAL_INDEX,https://www.federalreserve.gov/newsevents/speech/duke20120515a.htm,,raw/speech_catalog/board_indexes/2012-speeches.htm,PUBLICATION_DATE_TIME_NOT_EXPOSED_IN_ANNUAL_INDEX
dd27b45f79f82ec712e7,Charles I. Plosser,2012-05-25,UNKNOWN,UNKNOWN,UNKNOWN,UNKNOWN,UNKNOWN,2025-07-25T05:49:47Z,Macro Models and Monetary Policy Analysis,"Bundesbank—Federal Reserve Bank of Philadelphia Spring 2012 Research Conference, Eltville, Germany",SPEECH,Federal Reserve Bank of Philadelphia,FRASER_OAI_PMH,https://fraser.stlouisfed.org/title/statements-speeches-charles-i-plosser-6101/macro-models-monetary-policy-analysis-586717,,raw/speech_catalog/fraser_oai/charles-i-plosser/records-0001.xml,ORIGINAL_PUBLICATION_DATE_TIME_NOT_IN_FRASER_METADATA
59aee53c9e14642e75e4,Janet L. Yellen,2012-06-06,UNKNOWN,UNKNOWN,UNKNOWN,UNKNOWN,UNKNOWN,,Perspectives on Monetary Policy,,SPEECH,Board of Governors of the Federal Reserve System,FEDERAL_RESERVE_BOARD_ANNUAL_INDEX,https://www.federalreserve.gov/newsevents/speech/yellen20120606a.htm,,raw/speech_catalog/board_indexes/2012-speeches.htm,PUBLICATION_DATE_TIME_NOT_EXPOSED_IN_ANNUAL_INDEX
421a9a3e72f87e11f161,Daniel K. Tarullo,2012-06-12,UNKNOWN,UNKNOWN,UNKNOWN,UNKNOWN,UNKNOWN,,Shadow Banking After the Financial Crisis,,SPEECH,Board of Governors of the Federal Reserve System,FEDERAL_RESERVE_BOARD_ANNUAL_INDEX,https://www.federalreserve.gov/newsevents/speech/tarullo20120612a.htm,,raw/speech_catalog/board_indexes/2012-speeches.htm,PUBLICATION_DATE_TIME_NOT_EXPOSED_IN_ANNUAL_INDEX
96e928997197c2b47495,Elizabeth A. Duke,2012-07-20,UNKNOWN,UNKNOWN,UNKNOWN,UNKNOWN,UNKNOWN,,Central Bank Cooperation in Times of Crisis,,SPEECH,Board of Governors of the Federal Reserve System,FEDERAL_RESERVE_BOARD_ANNUAL_INDEX,https://www.federalreserve.gov/newsevents/speech/duke20120720a.htm,,raw/speech_catalog/board_indexes/2012-speeches.htm,PUBLICATION_DATE_TIME_NOT_EXPOSED_IN_ANNUAL_INDEX
6b46646595535571c1b6,Sarah Bloom Raskin,2012-07-23,UNKNOWN,UNKNOWN,UNKNOWN,UNKNOWN,UNKNOWN,,How Well Is Our Financial System Serving Us? Working Together to Find the High Road,,SPEECH,Board of Governors of the Federal Reserve System,FEDERAL_RESERVE_BOARD_ANNUAL_INDEX,https://www.federalreserve.gov/newsevents/speech/raskin20120723a.htm,,raw/speech_catalog/board_indexes/2012-speeches.htm,PUBLICATION_DATE_TIME_NOT_EXPOSED_IN_ANNUAL_INDEX
68e7d5e36f8fe80ee7af,Ben S. Bernanke,2012-07-24,UNKNOWN,UNKNOWN,UNKNOWN,UNKNOWN,UNKNOWN,,Early Childhood Education,,SPEECH,Board of Governors of the Federal Reserve System,FEDERAL_RESERVE_BOARD_ANNUAL_INDEX,https://www.federalreserve.gov/newsevents/speech/bernanke20120724a.htm,,raw/speech_catalog/board_indexes/2012-speeches.htm,PUBLICATION_DATE_TIME_NOT_EXPOSED_IN_ANNUAL_INDEX
fa54d6c6e7450e0c37c4,Ben S. Bernanke,2012-08-06,UNKNOWN,UNKNOWN,UNKNOWN,UNKNOWN,UNKNOWN,,Economic Measurement,,SPEECH,Board of Governors of the Federal Reserve System,FEDERAL_RESERVE_BOARD_ANNUAL_INDEX,https://www.federalreserve.gov/newsevents/speech/bernanke20120806a.htm,,raw/speech_catalog/board_indexes/2012-speeches.htm,PUBLICATION_DATE_TIME_NOT_EXPOSED_IN_ANNUAL_INDEX
a606f12b0230ad8962e8,Ben S. Bernanke,2012-08-07,UNKNOWN,UNKNOWN,UNKNOWN,UNKNOWN,UNKNOWN,,Financial Education,,SPEECH,Board of Governors of the Federal Reserve System,FEDERAL_RESERVE_BOARD_ANNUAL_INDEX,https://www.federalreserve.gov/newsevents/speech/bernanke20120807a.htm,,raw/speech_catalog/board_indexes/2012-speeches.htm,PUBLICATION_DATE_TIME_NOT_EXPOSED_IN_ANNUAL_INDEX
add4cfff3971f87999bd,Ben S. Bernanke,2012-08-31,UNKNOWN,UNKNOWN,UNKNOWN,UNKNOWN,UNKNOWN,,Monetary Policy since the Onset of the Crisis,,SPEECH,Board of Governors of the Federal Reserve System,FEDERAL_RESERVE_BOARD_ANNUAL_INDEX,https://www.federalreserve.gov/newsevents/speech/bernanke20120831a.htm,,raw/speech_catalog/board_indexes/2012-speeches.htm,PUBLICATION_DATE_TIME_NOT_EXPOSED_IN_ANNUAL_INDEX
0306ddc7ff6fcc02dd4e,Charles I. Plosser,2012-09-25,UNKNOWN,UNKNOWN,UNKNOWN,UNKNOWN,UNKNOWN,2025-07-23T03:37:02Z,Economic Outlook and Monetary Policy,CFA Society of Philadelphia/The Bond Club of Philadelphia,SPEECH,Federal Reserve Bank of Philadelphia,FRASER_OAI_PMH,https://fraser.stlouisfed.org/title/statements-speeches-charles-i-plosser-6101/economic-outlook-monetary-policy-586718,,raw/speech_catalog/fraser_oai/charles-i-plosser/records-0001.xml,ORIGINAL_PUBLICATION_DATE_TIME_NOT_IN_FRASER_METADATA
a24fafb251c2c2ef2da7,Ben S. Bernanke,2012-10-01,UNKNOWN,UNKNOWN,UNKNOWN,UNKNOWN,UNKNOWN,,Five Questions about the Federal Reserve and Monetary Policy,,SPEECH,Board of Governors of the Federal Reserve System,FEDERAL_RESERVE_BOARD_ANNUAL_INDEX,https://www.federalreserve.gov/newsevents/speech/bernanke20121001a.htm,,raw/speech_catalog/board_indexes/2012-speeches.htm,PUBLICATION_DATE_TIME_NOT_EXPOSED_IN_ANNUAL_INDEX
f74898afcc6be0fbb46b,Elizabeth A. Duke,2012-10-05,UNKNOWN,UNKNOWN,UNKNOWN,UNKNOWN,UNKNOWN,,Addressing Long-Term Vacant Properties to Support Neighborhood Stabilization,,SPEECH,Board of Governors of the Federal Reserve System,FEDERAL_RESERVE_BOARD_ANNUAL_INDEX,https://www.federalreserve.gov/newsevents/speech/duke20121005a.htm,,raw/speech_catalog/board_indexes/2012-speeches.htm,PUBLICATION_DATE_TIME_NOT_EXPOSED_IN_ANNUAL_INDEX
21d9fb2e75339f3637df,Daniel K. Tarullo,2012-10-10,UNKNOWN,UNKNOWN,UNKNOWN,UNKNOWN,UNKNOWN,,Financial Stability Regulation,,SPEECH,Board of Governors of the Federal Reserve System,FEDERAL_RESERVE_BOARD_ANNUAL_INDEX,https://www.federalreserve.gov/newsevents/speech/tarullo20121010a.htm,,raw/speech_catalog/board_indexes/2012-speeches.htm,PUBLICATION_DATE_TIME_NOT_EXPOSED_IN_ANNUAL_INDEX
67a15be7003bcfd1b7a8,Charles I. Plosser,2012-10-11,UNKNOWN,UNKNOWN,UNKNOWN,UNKNOWN,UNKNOWN,2025-07-21T07:56:07Z,Economic Outlook and the Limits of Monetary Policy,Southern Chester County Chamber of Commerce,SPEECH,Federal Reserve Bank of Philadelphia,FRASER_OAI_PMH,https://fraser.stlouisfed.org/title/statements-speeches-charles-i-plosser-6101/economic-outlook-limits-monetary-policy-586719,,raw/speech_catalog/fraser_oai/charles-i-plosser/records-0001.xml,ORIGINAL_PUBLICATION_DATE_TIME_NOT_IN_FRASER_METADATA
ce261549705e94b4574b,Janet L. Yellen,2012-10-11,UNKNOWN,UNKNOWN,UNKNOWN,UNKNOWN,UNKNOWN,,Japan in the Global Economy II,,SPEECH,Board of Governors of the Federal Reserve System,FEDERAL_RESERVE_BOARD_ANNUAL_INDEX,https://www.federalreserve.gov/newsevents/speech/yellen20121011a.htm,,raw/speech_catalog/board_indexes/2012-speeches.htm,PUBLICATION_DATE_TIME_NOT_EXPOSED_IN_ANNUAL_INDEX
2ed2ce9dd5bb617d245f,Jeremy C. Stein,2012-10-11,UNKNOWN,UNKNOWN,UNKNOWN,UNKNOWN,UNKNOWN,,Evaluating Large-Scale Asset Purchases,,SPEECH,Board of Governors of the Federal Reserve System,FEDERAL_RESERVE_BOARD_ANNUAL_INDEX,https://www.federalreserve.gov/newsevents/speech/stein20121011a.htm,,raw/speech_catalog/board_indexes/2012-speeches.htm,PUBLICATION_DATE_TIME_NOT_EXPOSED_IN_ANNUAL_INDEX
833b26c57669e6b753f8,Ben S. Bernanke,2012-10-14,UNKNOWN,UNKNOWN,UNKNOWN,UNKNOWN,UNKNOWN,,U.S. Monetary Policy and International Implications,,SPEECH,Board of Governors of the Federal Reserve System,FEDERAL_RESERVE_BOARD_ANNUAL_INDEX,https://www.federalreserve.gov/newsevents/speech/bernanke20121014a.htm,,raw/speech_catalog/board_indexes/2012-speeches.htm,PUBLICATION_DATE_TIME_NOT_EXPOSED_IN_ANNUAL_INDEX
a3df0aa01fc8d0b6414a,Elizabeth A. Duke,2012-11-09,UNKNOWN,UNKNOWN,UNKNOWN,UNKNOWN,UNKNOWN,,Community Banks and Mortgage Lending,,SPEECH,Board of Governors of the Federal Reserve System,FEDERAL_RESERVE_BOARD_ANNUAL_INDEX,https://www.federalreserve.gov/newsevents/speech/duke20121109a.htm,,raw/speech_catalog/board_indexes/2012-speeches.htm,PUBLICATION_DATE_TIME_NOT_EXPOSED_IN_ANNUAL_INDEX
50611bf2f9e90f3b4e8c,Janet L. Yellen,2012-11-13,UNKNOWN,UNKNOWN,UNKNOWN,UNKNOWN,UNKNOWN,,Revolution and Evolution in Central Bank Communications,,SPEECH,Board of Governors of the Federal Reserve System,FEDERAL_RESERVE_BOARD_ANNUAL_INDEX,https://www.federalreserve.gov/newsevents/speech/yellen20121113a.htm,,raw/speech_catalog/board_indexes/2012-speeches.htm,PUBLICATION_DATE_TIME_NOT_EXPOSED_IN_ANNUAL_INDEX
201c1ea422d101986dde,Ben S. Bernanke,2012-11-15,UNKNOWN,UNKNOWN,UNKNOWN,UNKNOWN,UNKNOWN,,Challenges in Housing and Mortgage Markets,,SPEECH,Board of Governors of the Federal Reserve System,FEDERAL_RESERVE_BOARD_ANNUAL_INDEX,https://www.federalreserve.gov/newsevents/speech/bernanke20121115a.htm,,raw/speech_catalog/board_indexes/2012-speeches.htm,PUBLICATION_DATE_TIME_NOT_EXPOSED_IN_ANNUAL_INDEX
fc434a8feb06ec5bae41,Charles I. Plosser,2012-11-15,UNKNOWN,UNKNOWN,UNKNOWN,UNKNOWN,UNKNOWN,2025-07-24T00:06:04Z,"Good Intentions in the Short Term with Risky Consequences for the Long Term, Cato Institute 30th Annual Monetary Conference, Money, Markets and Government: The Next 30 Years, Washington, D.C.",,SPEECH,Federal Reserve Bank of Philadelphia,FRASER_OAI_PMH,https://fraser.stlouisfed.org/title/statements-speeches-charles-i-plosser-6101/good-intentions-short-term-risky-consequences-long-term-cato-institute-30th-annual-monetary-conference-money-markets-government-next-30-years-washington-dc-586720,,raw/speech_catalog/fraser_oai/charles-i-plosser/records-0001.xml,ORIGINAL_PUBLICATION_DATE_TIME_NOT_IN_FRASER_METADATA
d28a808b618c379910a6,Ben S. Bernanke,2012-11-20,UNKNOWN,UNKNOWN,UNKNOWN,UNKNOWN,UNKNOWN,,The Economic Recovery and Economic Policy,,SPEECH,Board of Governors of the Federal Reserve System,FEDERAL_RESERVE_BOARD_ANNUAL_INDEX,https://www.federalreserve.gov/newsevents/speech/bernanke20121120a.htm,,raw/speech_catalog/board_indexes/2012-speeches.htm,PUBLICATION_DATE_TIME_NOT_EXPOSED_IN_ANNUAL_INDEX
5660f8062b1fd7607a95,Daniel K. Tarullo,2012-11-28,UNKNOWN,UNKNOWN,UNKNOWN,UNKNOWN,UNKNOWN,,Regulation of Foreign Banking Organizations,,SPEECH,Board of Governors of the Federal Reserve System,FEDERAL_RESERVE_BOARD_ANNUAL_INDEX,https://www.federalreserve.gov/newsevents/speech/tarullo20121128a.htm,,raw/speech_catalog/board_indexes/2012-speeches.htm,PUBLICATION_DATE_TIME_NOT_EXPOSED_IN_ANNUAL_INDEX
a97e673f3c52bf066b40,Jeremy C. Stein,2012-11-30,UNKNOWN,UNKNOWN,UNKNOWN,UNKNOWN,UNKNOWN,,Large-Scale Asset Purchases,,SPEECH,Board of Governors of the Federal Reserve System,FEDERAL_RESERVE_BOARD_ANNUAL_INDEX,https://www.federalreserve.gov/newsevents/speech/stein20121130a.htm,,raw/speech_catalog/board_indexes/2012-speeches.htm,PUBLICATION_DATE_TIME_NOT_EXPOSED_IN_ANNUAL_INDEX
d9246a59a8c0779fee15,Daniel K. Tarullo,2012-12-04,UNKNOWN,UNKNOWN,UNKNOWN,UNKNOWN,UNKNOWN,,Industry Structure and Systemic Risk Regulation,,SPEECH,Board of Governors of the Federal Reserve System,FEDERAL_RESERVE_BOARD_ANNUAL_INDEX,https://www.federalreserve.gov/newsevents/speech/tarullo20121204a.htm,,raw/speech_catalog/board_indexes/2012-speeches.htm,PUBLICATION_DATE_TIME_NOT_EXPOSED_IN_ANNUAL_INDEX
40052e7c6c7de5430558,Jeremy C. Stein,2012-12-17,UNKNOWN,UNKNOWN,UNKNOWN,UNKNOWN,UNKNOWN,,Dollar Funding and Global Banks,,SPEECH,Board of Governors of the Federal Reserve System,FEDERAL_RESERVE_BOARD_ANNUAL_INDEX,https://www.federalreserve.gov/newsevents/speech/stein20121217a.htm,,raw/speech_catalog/board_indexes/2012-speeches.htm,PUBLICATION_DATE_TIME_NOT_EXPOSED_IN_ANNUAL_INDEX
f12e5fce6024d6948273,Janet L. Yellen,2013-01-04,UNKNOWN,UNKNOWN,UNKNOWN,UNKNOWN,UNKNOWN,,Interconnectedness and Systemic Risk: Lessons from the Financial Crisis and Policy Implications,,SPEECH,Board of Governors of the Federal Reserve System,FEDERAL_RESERVE_BOARD_ANNUAL_INDEX,https://www.federalreserve.gov/newsevents/speech/yellen20130104a.htm,,raw/speech_catalog/board_indexes/2013-speeches.htm,PUBLICATION_DATE_TIME_NOT_EXPOSED_IN_ANNUAL_INDEX
9e687c187423f6169e35,Charles I. Plosser,2013-01-11,UNKNOWN,UNKNOWN,UNKNOWN,UNKNOWN,UNKNOWN,2025-07-24T15:15:13Z,The Economic Outlook and Long-Term Growth,"New Jersey Economic Leadership Forum, New Jersey Bankers Association, Somerset, NJ",SPEECH,Federal Reserve Bank of Philadelphia,FRASER_OAI_PMH,https://fraser.stlouisfed.org/title/statements-speeches-charles-i-plosser-6101/economic-outlook-long-term-growth-586721,,raw/speech_catalog/fraser_oai/charles-i-plosser/records-0001.xml,ORIGINAL_PUBLICATION_DATE_TIME_NOT_IN_FRASER_METADATA
12fbced96be96c80293b,Charles I. Plosser,2013-01-15,UNKNOWN,UNKNOWN,UNKNOWN,UNKNOWN,UNKNOWN,2025-07-20T12:10:04Z,The Economic Outlook and Long-Term Growth,"Presented at the 34th Annual Economic Seminar, Sponsored by the Simon School of Business with JPMorgan Chase &amp; Co. and the Rochester Business Alliance, Rochester, NY",SPEECH,Federal Reserve Bank of Philadelphia,FRASER_OAI_PMH,https://fraser.stlouisfed.org/title/statements-speeches-charles-i-plosser-6101/economic-outlook-long-term-growth-586722,,raw/speech_catalog/fraser_oai/charles-i-plosser/records-0001.xml,ORIGINAL_PUBLICATION_DATE_TIME_NOT_IN_FRASER_METADATA
d21de95c8be3cd667da5,Elizabeth A. Duke,2013-02-05,UNKNOWN,UNKNOWN,UNKNOWN,UNKNOWN,UNKNOWN,,The Future of Community Banking,,SPEECH,Board of Governors of the Federal Reserve System,FEDERAL_RESERVE_BOARD_ANNUAL_INDEX,https://www.federalreserve.gov/newsevents/speech/duke20130205a.htm,,raw/speech_catalog/board_indexes/2013-speeches.htm,PUBLICATION_DATE_TIME_NOT_EXPOSED_IN_ANNUAL_INDEX
0cc44a3b57971d27cacb,Jeremy C. Stein,2013-02-07,UNKNOWN,UNKNOWN,UNKNOWN,UNKNOWN,UNKNOWN,,"Overheating in Credit Markets: Origins, Measurement, and Policy Responses",,SPEECH,Board of Governors of the Federal Reserve System,FEDERAL_RESERVE_BOARD_ANNUAL_INDEX,https://www.federalreserve.gov/newsevents/speech/stein20130207a.htm,,raw/speech_catalog/board_indexes/2013-speeches.htm,PUBLICATION_DATE_TIME_NOT_EXPOSED_IN_ANNUAL_INDEX
43b13074056af313dbaf,Janet L. Yellen,2013-02-11,UNKNOWN,UNKNOWN,UNKNOWN,UNKNOWN,UNKNOWN,,"A Painfully Slow Recovery for America's Workers: Causes, Implications, and the Federal Reserve's Response",,SPEECH,Board of Governors of the Federal Reserve System,FEDERAL_RESERVE_BOARD_ANNUAL_INDEX,https://www.federalreserve.gov/newsevents/speech/yellen20130211a.htm,,raw/speech_catalog/board_indexes/2013-speeches.htm,PUBLICATION_DATE_TIME_NOT_EXPOSED_IN_ANNUAL_INDEX
0495f7d93ba0b0893362,Charles I. Plosser,2013-02-12,UNKNOWN,UNKNOWN,UNKNOWN,UNKNOWN,UNKNOWN,2025-07-23T16:16:47Z,Forward Guidance,"Presented to the Stanford Institute for Economic Policy Research's (SIEPR) Annual Meeting, Stanford, CA",SPEECH,Federal Reserve Bank of Philadelphia,FRASER_OAI_PMH,https://fraser.stlouisfed.org/title/statements-speeches-charles-i-plosser-6101/forward-guidance-586723,,raw/speech_catalog/fraser_oai/charles-i-plosser/records-0001.xml,ORIGINAL_PUBLICATION_DATE_TIME_NOT_IN_FRASER_METADATA
d2e2e5225679df888e0d,Daniel K. Tarullo,2013-02-22,UNKNOWN,UNKNOWN,UNKNOWN,UNKNOWN,UNKNOWN,,International Cooperation in Financial Regulation,,SPEECH,Board of Governors of the Federal Reserve System,FEDERAL_RESERVE_BOARD_ANNUAL_INDEX,https://www.federalreserve.gov/newsevents/speech/tarullo20130222a.htm,,raw/speech_catalog/board_indexes/2013-speeches.htm,PUBLICATION_DATE_TIME_NOT_EXPOSED_IN_ANNUAL_INDEX
1de51b1cdede02620541,Jerome H. Powell,2013-02-22,UNKNOWN,UNKNOWN,UNKNOWN,UNKNOWN,UNKNOWN,,"Discussion of ""Crunch Time: Fiscal Crises and the Role of Monetary Policy""",,SPEECH,Board of Governors of the Federal Reserve System,FEDERAL_RESERVE_BOARD_ANNUAL_INDEX,https://www.federalreserve.gov/newsevents/speech/powell20130221a.htm,,raw/speech_catalog/board_indexes/2013-speeches.htm,PUBLICATION_DATE_TIME_NOT_EXPOSED_IN_ANNUAL_INDEX
bd8ff750864253f1b71c,Sarah Bloom Raskin,2013-02-28,UNKNOWN,UNKNOWN,UNKNOWN,UNKNOWN,UNKNOWN,,Reflections on Reputation and its Consequences,,SPEECH,Board of Governors of the Federal Reserve System,FEDERAL_RESERVE_BOARD_ANNUAL_INDEX,https://www.federalreserve.gov/newsevents/speech/raskin20130228a.htm,,raw/speech_catalog/board_indexes/2013-speeches.htm,PUBLICATION_DATE_TIME_NOT_EXPOSED_IN_ANNUAL_INDEX
8455a22e13c78f244c0b,Ben S. Bernanke,2013-03-01,UNKNOWN,UNKNOWN,UNKNOWN,UNKNOWN,UNKNOWN,,Long-Term Interest Rates,,SPEECH,Board of Governors of the Federal Reserve System,FEDERAL_RESERVE_BOARD_ANNUAL_INDEX,https://www.federalreserve.gov/newsevents/speech/bernanke20130301a.htm,,raw/speech_catalog/board_indexes/2013-speeches.htm,PUBLICATION_DATE_TIME_NOT_EXPOSED_IN_ANNUAL_INDEX
8de936ff504113be2f92,Janet L. Yellen,2013-03-04,UNKNOWN,UNKNOWN,UNKNOWN,UNKNOWN,UNKNOWN,,Challenges Confronting Monetary Policy,,SPEECH,Board of Governors of the Federal Reserve System,FEDERAL_RESERVE_BOARD_ANNUAL_INDEX,https://www.federalreserve.gov/newsevents/speech/yellen20130302a.htm,,raw/speech_catalog/board_indexes/2013-speeches.htm,PUBLICATION_DATE_TIME_NOT_EXPOSED_IN_ANNUAL_INDEX
7aa1a55870742ef8d0de,Jerome H. Powell,2013-03-04,UNKNOWN,UNKNOWN,UNKNOWN,UNKNOWN,UNKNOWN,,"Ending ""Too Big to Fail""",,SPEECH,Board of Governors of the Federal Reserve System,FEDERAL_RESERVE_BOARD_ANNUAL_INDEX,https://www.federalreserve.gov/newsevents/speech/powell20130304a.htm,,raw/speech_catalog/board_indexes/2013-speeches.htm,PUBLICATION_DATE_TIME_NOT_EXPOSED_IN_ANNUAL_INDEX
e52a6eb50eedd7e688d2,Charles I. Plosser,2013-03-06,UNKNOWN,UNKNOWN,UNKNOWN,UNKNOWN,UNKNOWN,2025-07-24T07:26:08Z,Economic Conditions and Monetary Policy,"Presented to the Economic Development Company and Economic Development Finance Corporation of Lancaster County Annual Meeting, Lancaster, PA",SPEECH,Federal Reserve Bank of Philadelphia,FRASER_OAI_PMH,https://fraser.stlouisfed.org/title/statements-speeches-charles-i-plosser-6101/economic-conditions-monetary-policy-586724,,raw/speech_catalog/fraser_oai/charles-i-plosser/records-0001.xml,ORIGINAL_PUBLICATION_DATE_TIME_NOT_IN_FRASER_METADATA
35e3dbdf3b775eddd547,Elizabeth A. Duke,2013-03-08,UNKNOWN,UNKNOWN,UNKNOWN,UNKNOWN,UNKNOWN,,Comments on Housing and Mortgage Markets,,SPEECH,Board of Governors of the Federal Reserve System,FEDERAL_RESERVE_BOARD_ANNUAL_INDEX,https://www.federalreserve.gov/newsevents/speech/duke20130308a.htm,,raw/speech_catalog/board_indexes/2013-speeches.htm,PUBLICATION_DATE_TIME_NOT_EXPOSED_IN_ANNUAL_INDEX
0d93fd07b291f66088cd,Sarah Bloom Raskin,2013-03-22,UNKNOWN,UNKNOWN,UNKNOWN,UNKNOWN,UNKNOWN,,Focusing on Low- and Moderate-Income Working Americans,,SPEECH,Board of Governors of the Federal Reserve System,FEDERAL_RESERVE_BOARD_ANNUAL_INDEX,https://www.federalreserve.gov/newsevents/speech/raskin20130322.htm,,raw/speech_catalog/board_indexes/2013-speeches.htm,PUBLICATION_DATE_TIME_NOT_EXPOSED_IN_ANNUAL_INDEX
073bcb4f16ac43d14fb9,Ben S. Bernanke,2013-03-25,UNKNOWN,UNKNOWN,UNKNOWN,UNKNOWN,UNKNOWN,,Monetary Policy and the Global Economy,,SPEECH,Board of Governors of the Federal Reserve System,FEDERAL_RESERVE_BOARD_ANNUAL_INDEX,https://www.federalreserve.gov/newsevents/speech/bernanke20130325a.htm,,raw/speech_catalog/board_indexes/2013-speeches.htm,PUBLICATION_DATE_TIME_NOT_EXPOSED_IN_ANNUAL_INDEX
eacb7c277165b8700834,Janet L. Yellen,2013-04-04,UNKNOWN,UNKNOWN,UNKNOWN,UNKNOWN,UNKNOWN,,Communication in Monetary Policy,,SPEECH,Board of Governors of the Federal Reserve System,FEDERAL_RESERVE_BOARD_ANNUAL_INDEX,https://www.federalreserve.gov/newsevents/speech/yellen20130404a.htm,,raw/speech_catalog/board_indexes/2013-speeches.htm,PUBLICATION_DATE_TIME_NOT_EXPOSED_IN_ANNUAL_INDEX
502e81b55d5320e5156e,Ben S. Bernanke,2013-04-08,UNKNOWN,UNKNOWN,UNKNOWN,UNKNOWN,UNKNOWN,,Stress Testing Banks: What Have We Learned?,,SPEECH,Board of Governors of the Federal Reserve System,FEDERAL_RESERVE_BOARD_ANNUAL_INDEX,https://www.federalreserve.gov/newsevents/speech/bernanke20130408a.htm,,raw/speech_catalog/board_indexes/2013-speeches.htm,PUBLICATION_DATE_TIME_NOT_EXPOSED_IN_ANNUAL_INDEX
1dfde9f5bc5fb3845daa,Charles I. Plosser,2013-04-11,UNKNOWN,UNKNOWN,UNKNOWN,UNKNOWN,UNKNOWN,2025-07-22T01:54:21Z,A Perspective on the U.S. Economic Outlook and Monetary Policy,"Presented to the Market News International Seminar, Hong Kong, China",SPEECH,Federal Reserve Bank of Philadelphia,FRASER_OAI_PMH,https://fraser.stlouisfed.org/title/statements-speeches-charles-i-plosser-6101/a-perspective-us-economic-outlook-monetary-policy-586725,,raw/speech_catalog/fraser_oai/charles-i-plosser/records-0001.xml,ORIGINAL_PUBLICATION_DATE_TIME_NOT_IN_FRASER_METADATA
0e8ea5f08511ffef154d,Ben S. Bernanke,2013-04-12,UNKNOWN,UNKNOWN,UNKNOWN,UNKNOWN,UNKNOWN,,Creating Resilient Communities,,SPEECH,Board of Governors of the Federal Reserve System,FEDERAL_RESERVE_BOARD_ANNUAL_INDEX,https://www.federalreserve.gov/newsevents/speech/bernanke20130412a.htm,,raw/speech_catalog/board_indexes/2013-speeches.htm,PUBLICATION_DATE_TIME_NOT_EXPOSED_IN_ANNUAL_INDEX
eef7699566168d046456,Charles I. Plosser,2013-04-16,UNKNOWN,UNKNOWN,UNKNOWN,UNKNOWN,UNKNOWN,2025-07-20T15:51:34Z,Reconsidering EXIT,"Monetary Policy in a Global Setting: China and the United States, Federal Reserve Bank of San Francisco, Federal Reserve Bank of St. Louis, and the National Institute for Fiscal Studies at Tsinghua University, Beijing, China",SPEECH,Federal Reserve Bank of Philadelphia,FRASER_OAI_PMH,https://fraser.stlouisfed.org/title/statements-speeches-charles-i-plosser-6101/reconsidering-exit-586726,,raw/speech_catalog/fraser_oai/charles-i-plosser/records-0001.xml,ORIGINAL_PUBLICATION_DATE_TIME_NOT_IN_FRASER_METADATA
53be70ef5a47870a6c06,Janet L. Yellen,2013-04-16,UNKNOWN,UNKNOWN,UNKNOWN,UNKNOWN,UNKNOWN,,"Panel Discussion on ""Monetary Policy: Many Targets, Many Instruments. Where Do We Stand?""",,SPEECH,Board of Governors of the Federal Reserve System,FEDERAL_RESERVE_BOARD_ANNUAL_INDEX,https://www.federalreserve.gov/newsevents/speech/yellen20130416a.htm,,raw/speech_catalog/board_indexes/2013-speeches.htm,PUBLICATION_DATE_TIME_NOT_EXPOSED_IN_ANNUAL_INDEX
7924a1714d611622824f,Jeremy C. Stein,2013-04-17,UNKNOWN,UNKNOWN,UNKNOWN,UNKNOWN,UNKNOWN,,Regulating Large Financial Institutions,,SPEECH,Board of Governors of the Federal Reserve System,FEDERAL_RESERVE_BOARD_ANNUAL_INDEX,https://www.federalreserve.gov/newsevents/speech/stein20130417a.htm,,raw/speech_catalog/board_indexes/2013-speeches.htm,PUBLICATION_DATE_TIME_NOT_EXPOSED_IN_ANNUAL_INDEX
a6c64b79f8bc21d5b94e,Sarah Bloom Raskin,2013-04-18,UNKNOWN,UNKNOWN,UNKNOWN,UNKNOWN,UNKNOWN,,Aspects of Inequality in the Recent Business Cycle,,SPEECH,Board of Governors of the Federal Reserve System,FEDERAL_RESERVE_BOARD_ANNUAL_INDEX,https://www.federalreserve.gov/newsevents/speech/raskin20130418a.htm,,raw/speech_catalog/board_indexes/2013-speeches.htm,PUBLICATION_DATE_TIME_NOT_EXPOSED_IN_ANNUAL_INDEX
058788b006cd873ac39c,Jeremy C. Stein,2013-04-19,UNKNOWN,UNKNOWN,UNKNOWN,UNKNOWN,UNKNOWN,,Liquidity Regulation and Central Banking,,SPEECH,Board of Governors of the Federal Reserve System,FEDERAL_RESERVE_BOARD_ANNUAL_INDEX,https://www.federalreserve.gov/newsevents/speech/stein20130419a.htm,,raw/speech_catalog/board_indexes/2013-speeches.htm,PUBLICATION_DATE_TIME_NOT_EXPOSED_IN_ANNUAL_INDEX
4d098944cc86f955d353,Daniel K. Tarullo,2013-05-03,UNKNOWN,UNKNOWN,UNKNOWN,UNKNOWN,UNKNOWN,,Evaluating Progress in Regulatory Reforms to Promote Financial Stability,,SPEECH,Board of Governors of the Federal Reserve System,FEDERAL_RESERVE_BOARD_ANNUAL_INDEX,https://www.federalreserve.gov/newsevents/speech/tarullo20130503a.htm,,raw/speech_catalog/board_indexes/2013-speeches.htm,PUBLICATION_DATE_TIME_NOT_EXPOSED_IN_ANNUAL_INDEX
c20d72e375fcc6b5047f,Charles I. Plosser,2013-05-09,UNKNOWN,UNKNOWN,UNKNOWN,UNKNOWN,UNKNOWN,2025-07-23T11:05:44Z,"Can We End Too Big to Fail? 4th Annual Simon New York City Conference: Reform at a Crossroads: Economic Transformation in the Year Ahead, New York",,SPEECH,Federal Reserve Bank of Philadelphia,FRASER_OAI_PMH,https://fraser.stlouisfed.org/title/statements-speeches-charles-i-plosser-6101/end-big-fail-4th-annual-simon-new-york-city-conference-reform-a-crossroads-economic-transformation-year-ahead-new-york-586727,,raw/speech_catalog/fraser_oai/charles-i-plosser/records-0001.xml,ORIGINAL_PUBLICATION_DATE_TIME_NOT_IN_FRASER_METADATA
d22a4ab56e332d28e84e,Elizabeth A. Duke,2013-05-09,UNKNOWN,UNKNOWN,UNKNOWN,UNKNOWN,UNKNOWN,,A View from the Federal Reserve Board: The Mortgage Market and Housing Conditions,,SPEECH,Board of Governors of the Federal Reserve System,FEDERAL_RESERVE_BOARD_ANNUAL_INDEX,https://www.federalreserve.gov/newsevents/speech/duke20130509a.htm,,raw/speech_catalog/board_indexes/2013-speeches.htm,PUBLICATION_DATE_TIME_NOT_EXPOSED_IN_ANNUAL_INDEX
1485e0c000babca4949f,Ben S. Bernanke,2013-05-10,UNKNOWN,UNKNOWN,UNKNOWN,UNKNOWN,UNKNOWN,,Monitoring the Financial System,,SPEECH,Board of Governors of the Federal Reserve System,FEDERAL_RESERVE_BOARD_ANNUAL_INDEX,https://www.federalreserve.gov/newsevents/speech/bernanke20130510a.htm,,raw/speech_catalog/board_indexes/2013-speeches.htm,PUBLICATION_DATE_TIME_NOT_EXPOSED_IN_ANNUAL_INDEX
8718d38ab0711a2473f5,Charles I. Plosser,2013-05-14,UNKNOWN,UNKNOWN,UNKNOWN,UNKNOWN,UNKNOWN,2025-07-23T00:40:39Z,A Perspective on the U.S. Economic Outlook and Monetary Policy,"SNS (Center for Business and Policy Studies) and SIFR (The Institute for Financial Research), Stockholm, Sweden",SPEECH,Federal Reserve Bank of Philadelphia,FRASER_OAI_PMH,https://fraser.stlouisfed.org/title/statements-speeches-charles-i-plosser-6101/a-perspective-us-economic-outlook-monetary-policy-586728,,raw/speech_catalog/fraser_oai/charles-i-plosser/records-0001.xml,ORIGINAL_PUBLICATION_DATE_TIME_NOT_IN_FRASER_METADATA
9c1abee27bbb9e6664a9,Charles I. Plosser,2013-05-16,UNKNOWN,UNKNOWN,UNKNOWN,UNKNOWN,UNKNOWN,2025-07-22T13:26:30Z,"A Perspective on the U.S. Economic Outlook and Monetary Policy, Global Interdependence Center's Central Banking Series: Recovery 2013—Strength or Stagnation? Milan, Italy",,SPEECH,Federal Reserve Bank of Philadelphia,FRASER_OAI_PMH,https://fraser.stlouisfed.org/title/statements-speeches-charles-i-plosser-6101/a-perspective-us-economic-outlook-monetary-policy-global-interdependence-center-s-central-banking-series-recovery-2013-strength-stagnation-milan-italy-586729,,raw/speech_catalog/fraser_oai/charles-i-plosser/records-0001.xml,ORIGINAL_PUBLICATION_DATE_TIME_NOT_IN_FRASER_METADATA
9eaacf8500aa304b8ff8,Sarah Bloom Raskin,2013-05-16,UNKNOWN,UNKNOWN,UNKNOWN,UNKNOWN,UNKNOWN,,Prospects for a Stronger Recovery,,SPEECH,Board of Governors of the Federal Reserve System,FEDERAL_RESERVE_BOARD_ANNUAL_INDEX,https://www.federalreserve.gov/newsevents/speech/raskin20130516a.htm,,raw/speech_catalog/board_indexes/2013-speeches.htm,PUBLICATION_DATE_TIME_NOT_EXPOSED_IN_ANNUAL_INDEX
0023ee2449192ed61e0e,Ben S. Bernanke,2013-05-18,UNKNOWN,UNKNOWN,UNKNOWN,UNKNOWN,UNKNOWN,,Economic Prospects for the Long Run,,SPEECH,Board of Governors of the Federal Reserve System,FEDERAL_RESERVE_BOARD_ANNUAL_INDEX,https://www.federalreserve.gov/newsevents/speech/bernanke20130518a.htm,,raw/speech_catalog/board_indexes/2013-speeches.htm,PUBLICATION_DATE_TIME_NOT_EXPOSED_IN_ANNUAL_INDEX
5223c3ef853a1494f9f3,Ben S. Bernanke,2013-06-02,UNKNOWN,UNKNOWN,UNKNOWN,UNKNOWN,UNKNOWN,,The Ten Suggestions,,SPEECH,Board of Governors of the Federal Reserve System,FEDERAL_RESERVE_BOARD_ANNUAL_INDEX,https://www.federalreserve.gov/newsevents/speech/bernanke20130602a.htm,,raw/speech_catalog/board_indexes/2013-speeches.htm,PUBLICATION_DATE_TIME_NOT_EXPOSED_IN_ANNUAL_INDEX
0ddd7f05fcdc14c12d45,Janet L. Yellen,2013-06-02,UNKNOWN,UNKNOWN,UNKNOWN,UNKNOWN,UNKNOWN,,Regulatory Landscapes: A U.S. Perspective,,SPEECH,Board of Governors of the Federal Reserve System,FEDERAL_RESERVE_BOARD_ANNUAL_INDEX,https://www.federalreserve.gov/newsevents/speech/yellen20130602a.htm,,raw/speech_catalog/board_indexes/2013-speeches.htm,PUBLICATION_DATE_TIME_NOT_EXPOSED_IN_ANNUAL_INDEX
494d60a72023740e9929,Charles I. Plosser,2013-06-06,UNKNOWN,UNKNOWN,UNKNOWN,UNKNOWN,UNKNOWN,2025-07-20T18:45:40Z,Reducing Financial Fragility by Ending Too Big to Fail,"Eighth Annual Finance Conference, Boston College Carroll School of Management, Boston, MA",SPEECH,Federal Reserve Bank of Philadelphia,FRASER_OAI_PMH,https://fraser.stlouisfed.org/title/statements-speeches-charles-i-plosser-6101/reducing-financial-fragility-ending-big-fail-586730,,raw/speech_catalog/fraser_oai/charles-i-plosser/records-0001.xml,ORIGINAL_PUBLICATION_DATE_TIME_NOT_IN_FRASER_METADATA
39b33233824e19462d34,Sarah Bloom Raskin,2013-06-06,UNKNOWN,UNKNOWN,UNKNOWN,UNKNOWN,UNKNOWN,,Let's Move Forward: The Case for Timely Implementation of Revised Capital Rules,,SPEECH,Board of Governors of the Federal Reserve System,FEDERAL_RESERVE_BOARD_ANNUAL_INDEX,https://www.federalreserve.gov/newsevents/speech/raskin20130606a.htm,,raw/speech_catalog/board_indexes/2013-speeches.htm,PUBLICATION_DATE_TIME_NOT_EXPOSED_IN_ANNUAL_INDEX
ba08e449d69c4cc0f294,Jerome H. Powell,2013-06-27,UNKNOWN,UNKNOWN,UNKNOWN,UNKNOWN,UNKNOWN,,Thoughts on Unconventional Monetary Policy,,SPEECH,Board of Governors of the Federal Reserve System,FEDERAL_RESERVE_BOARD_ANNUAL_INDEX,https://www.federalreserve.gov/newsevents/speech/powell20130627a.htm,,raw/speech_catalog/board_indexes/2013-speeches.htm,PUBLICATION_DATE_TIME_NOT_EXPOSED_IN_ANNUAL_INDEX
f896e0fbbf6d51b6490b,Jeremy C. Stein,2013-06-28,UNKNOWN,UNKNOWN,UNKNOWN,UNKNOWN,UNKNOWN,,Comments on Monetary Policy,,SPEECH,Board of Governors of the Federal Reserve System,FEDERAL_RESERVE_BOARD_ANNUAL_INDEX,https://www.federalreserve.gov/newsevents/speech/stein20130628a.htm,,raw/speech_catalog/board_indexes/2013-speeches.htm,PUBLICATION_DATE_TIME_NOT_EXPOSED_IN_ANNUAL_INDEX
8c62f4be2ceb3a25b3fb,Jerome H. Powell,2013-07-02,UNKNOWN,UNKNOWN,UNKNOWN,UNKNOWN,UNKNOWN,,International Financial Regulatory Reform,,SPEECH,Board of Governors of the Federal Reserve System,FEDERAL_RESERVE_BOARD_ANNUAL_INDEX,https://www.federalreserve.gov/newsevents/speech/powell20130702a.htm,,raw/speech_catalog/board_indexes/2013-speeches.htm,PUBLICATION_DATE_TIME_NOT_EXPOSED_IN_ANNUAL_INDEX
9ae1b3d5e56e72e96225,Ben S. Bernanke,2013-07-10,UNKNOWN,UNKNOWN,UNKNOWN,UNKNOWN,UNKNOWN,,"A Century of U.S. Central Banking: Goals, Frameworks, Accountability",,SPEECH,Board of Governors of the Federal Reserve System,FEDERAL_RESERVE_BOARD_ANNUAL_INDEX,https://www.federalreserve.gov/newsevents/speech/bernanke20130710a.htm,,raw/speech_catalog/board_indexes/2013-speeches.htm,PUBLICATION_DATE_TIME_NOT_EXPOSED_IN_ANNUAL_INDEX
3398895618360ebbcacf,Charles I. Plosser,2013-07-12,UNKNOWN,UNKNOWN,UNKNOWN,UNKNOWN,UNKNOWN,2025-07-25T03:09:39Z,Assessing Monetary Policy,"Global Interdependence Center's Fifth Annual Rocky Mountain Economic Summit, Jackson Hole, WY",SPEECH,Federal Reserve Bank of Philadelphia,FRASER_OAI_PMH,https://fraser.stlouisfed.org/title/statements-speeches-charles-i-plosser-6101/assessing-monetary-policy-586731,,raw/speech_catalog/fraser_oai/charles-i-plosser/records-0001.xml,ORIGINAL_PUBLICATION_DATE_TIME_NOT_IN_FRASER_METADATA
61ba03a4654b3c3825b8,Sarah Bloom Raskin,2013-07-17,UNKNOWN,UNKNOWN,UNKNOWN,UNKNOWN,UNKNOWN,,Beyond Capital: The Case for a Harmonized Response to Asset Bubbles,,SPEECH,Board of Governors of the Federal Reserve System,FEDERAL_RESERVE_BOARD_ANNUAL_INDEX,https://www.federalreserve.gov/newsevents/speech/raskin20130717a.htm,,raw/speech_catalog/board_indexes/2013-speeches.htm,PUBLICATION_DATE_TIME_NOT_EXPOSED_IN_ANNUAL_INDEX
062496c2af981812d39b,Daniel K. Tarullo,2013-09-20,UNKNOWN,UNKNOWN,UNKNOWN,UNKNOWN,UNKNOWN,,Macroprudential Regulation,,SPEECH,Board of Governors of the Federal Reserve System,FEDERAL_RESERVE_BOARD_ANNUAL_INDEX,https://www.federalreserve.gov/newsevents/speech/tarullo20130920a.htm,,raw/speech_catalog/board_indexes/2013-speeches.htm,PUBLICATION_DATE_TIME_NOT_EXPOSED_IN_ANNUAL_INDEX
f8a794db715836e59955,Jeremy C. Stein,2013-09-26,UNKNOWN,UNKNOWN,UNKNOWN,UNKNOWN,UNKNOWN,,Yield-Oriented Investors and the Monetary Transmission Mechanism,,SPEECH,Board of Governors of the Federal Reserve System,FEDERAL_RESERVE_BOARD_ANNUAL_INDEX,https://www.federalreserve.gov/newsevents/speech/stein20130926a.htm,,raw/speech_catalog/board_indexes/2013-speeches.htm,PUBLICATION_DATE_TIME_NOT_EXPOSED_IN_ANNUAL_INDEX
a22a106a83df2a0b34a2,Ben S. Bernanke,2013-10-02,UNKNOWN,UNKNOWN,UNKNOWN,UNKNOWN,UNKNOWN,,Brief Welcoming Remarks,,SPEECH,Board of Governors of the Federal Reserve System,FEDERAL_RESERVE_BOARD_ANNUAL_INDEX,https://www.federalreserve.gov/newsevents/speech/bernanke20131002a.htm,,raw/speech_catalog/board_indexes/2013-speeches.htm,PUBLICATION_DATE_TIME_NOT_EXPOSED_IN_ANNUAL_INDEX
175e3bd38e67e6872e5a,Jerome H. Powell,2013-10-03,UNKNOWN,UNKNOWN,UNKNOWN,UNKNOWN,UNKNOWN,,Community Banking: Connecting Research and Policy,,SPEECH,Board of Governors of the Federal Reserve System,FEDERAL_RESERVE_BOARD_ANNUAL_INDEX,https://www.federalreserve.gov/newsevents/speech/powell20131003a.htm,,raw/speech_catalog/board_indexes/2013-speeches.htm,PUBLICATION_DATE_TIME_NOT_EXPOSED_IN_ANNUAL_INDEX
afd4c932d2ed4871fbfa,Jeremy C. Stein,2013-10-04,UNKNOWN,UNKNOWN,UNKNOWN,UNKNOWN,UNKNOWN,,The Fire-Sales Problem and Securities Financing Transactions,,SPEECH,Board of Governors of the Federal Reserve System,FEDERAL_RESERVE_BOARD_ANNUAL_INDEX,https://www.federalreserve.gov/newsevents/speech/stein20131004a.htm,,raw/speech_catalog/board_indexes/2013-speeches.htm,PUBLICATION_DATE_TIME_NOT_EXPOSED_IN_ANNUAL_INDEX
4de30a0314492d4c12d5,Charles I. Plosser,2013-10-08,UNKNOWN,UNKNOWN,UNKNOWN,UNKNOWN,UNKNOWN,2025-07-23T00:36:20Z,The National Economic Outlook and Monetary Policy,"Presented to the Greater Johnstown Cambria County Chamber of Commerce, Johnstown, PA",SPEECH,Federal Reserve Bank of Philadelphia,FRASER_OAI_PMH,https://fraser.stlouisfed.org/title/statements-speeches-charles-i-plosser-6101/national-economic-outlook-monetary-policy-586732,,raw/speech_catalog/fraser_oai/charles-i-plosser/records-0001.xml,ORIGINAL_PUBLICATION_DATE_TIME_NOT_IN_FRASER_METADATA
09edd8dc3e74af0d4a7b,Jerome H. Powell,2013-10-11,UNKNOWN,UNKNOWN,UNKNOWN,UNKNOWN,UNKNOWN,,Communications Challenges and Quantitative Easing,,SPEECH,Board of Governors of the Federal Reserve System,FEDERAL_RESERVE_BOARD_ANNUAL_INDEX,https://www.federalreserve.gov/newsevents/speech/powell20131011a.htm,,raw/speech_catalog/board_indexes/2013-speeches.htm,PUBLICATION_DATE_TIME_NOT_EXPOSED_IN_ANNUAL_INDEX
199282e1fb2be68162c1,Ben S. Bernanke,2013-10-14,UNKNOWN,UNKNOWN,UNKNOWN,UNKNOWN,UNKNOWN,,Celebrating 20 Years of the Bank of Mexico's Independence,,SPEECH,Board of Governors of the Federal Reserve System,FEDERAL_RESERVE_BOARD_ANNUAL_INDEX,https://www.federalreserve.gov/newsevents/speech/bernanke20131014a.htm,,raw/speech_catalog/board_indexes/2013-speeches.htm,PUBLICATION_DATE_TIME_NOT_EXPOSED_IN_ANNUAL_INDEX
5914ade7c01a31aacd37,Daniel K. Tarullo,2013-10-18,UNKNOWN,UNKNOWN,UNKNOWN,UNKNOWN,UNKNOWN,,Toward Building a More Effective Resolution Regime: Progress and Challenges,,SPEECH,Board of Governors of the Federal Reserve System,FEDERAL_RESERVE_BOARD_ANNUAL_INDEX,https://www.federalreserve.gov/newsevents/speech/tarullo20131018a.htm,,raw/speech_catalog/board_indexes/2013-speeches.htm,PUBLICATION_DATE_TIME_NOT_EXPOSED_IN_ANNUAL_INDEX
a7240948beedd971424b,Jeremy C. Stein,2013-10-18,UNKNOWN,UNKNOWN,UNKNOWN,UNKNOWN,UNKNOWN,,"Lean, Clean, and In-Between",,SPEECH,Board of Governors of the Federal Reserve System,FEDERAL_RESERVE_BOARD_ANNUAL_INDEX,https://www.federalreserve.gov/newsevents/speech/stein20131018a.htm,,raw/speech_catalog/board_indexes/2013-speeches.htm,PUBLICATION_DATE_TIME_NOT_EXPOSED_IN_ANNUAL_INDEX
ef5054115d5f51d9ea46,Jerome H. Powell,2013-11-04,UNKNOWN,UNKNOWN,UNKNOWN,UNKNOWN,UNKNOWN,,Advanced Economy Monetary Policy and Emerging Market Economies,,SPEECH,Board of Governors of the Federal Reserve System,FEDERAL_RESERVE_BOARD_ANNUAL_INDEX,https://www.federalreserve.gov/newsevents/speech/powell20131104a.htm,,raw/speech_catalog/board_indexes/2013-speeches.htm,PUBLICATION_DATE_TIME_NOT_EXPOSED_IN_ANNUAL_INDEX
82814ad140c21b9e5919,Jeremy C. Stein,2013-11-07,UNKNOWN,UNKNOWN,UNKNOWN,UNKNOWN,UNKNOWN,,The Fire-Sales Problem and Securities Financing Transactions,,SPEECH,Board of Governors of the Federal Reserve System,FEDERAL_RESERVE_BOARD_ANNUAL_INDEX,https://www.federalreserve.gov/newsevents/speech/stein20131107a.htm,,raw/speech_catalog/board_indexes/2013-speeches.htm,PUBLICATION_DATE_TIME_NOT_EXPOSED_IN_ANNUAL_INDEX
0ccbee9120789783eda4,Ben S. Bernanke,2013-11-08,UNKNOWN,UNKNOWN,UNKNOWN,UNKNOWN,UNKNOWN,,The Crisis as a Classic Financial Panic,,SPEECH,Board of Governors of the Federal Reserve System,FEDERAL_RESERVE_BOARD_ANNUAL_INDEX,https://www.federalreserve.gov/newsevents/speech/bernanke20131108a.htm,,raw/speech_catalog/board_indexes/2013-speeches.htm,PUBLICATION_DATE_TIME_NOT_EXPOSED_IN_ANNUAL_INDEX
7d39298a23fc78776ba6,Ben S. Bernanke,2013-11-13,UNKNOWN,UNKNOWN,UNKNOWN,UNKNOWN,UNKNOWN,,Teaching and Learning about the Federal Reserve,,SPEECH,Board of Governors of the Federal Reserve System,FEDERAL_RESERVE_BOARD_ANNUAL_INDEX,https://www.federalreserve.gov/newsevents/speech/bernanke20131113a.htm,,raw/speech_catalog/board_indexes/2013-speeches.htm,PUBLICATION_DATE_TIME_NOT_EXPOSED_IN_ANNUAL_INDEX
9ec3088041dc7ab0171d,Ben S. Bernanke,2013-11-14,UNKNOWN,UNKNOWN,UNKNOWN,UNKNOWN,UNKNOWN,,40th Anniversary of the Annual Conference of the Union of Arab Banks,,SPEECH,Board of Governors of the Federal Reserve System,FEDERAL_RESERVE_BOARD_ANNUAL_INDEX,https://www.federalreserve.gov/newsevents/speech/bernanke20131114a.htm,,raw/speech_catalog/board_indexes/2013-speeches.htm,PUBLICATION_DATE_TIME_NOT_EXPOSED_IN_ANNUAL_INDEX
c6443073c06532aa6db7,Charles I. Plosser,2013-11-14,UNKNOWN,UNKNOWN,UNKNOWN,UNKNOWN,UNKNOWN,2025-07-20T06:15:53Z,"A Limited Central Bank, Cato Institute's 31st Annual Monetary Conference: Was The Fed A Good Idea? Washington, D.C.",,SPEECH,Federal Reserve Bank of Philadelphia,FRASER_OAI_PMH,https://fraser.stlouisfed.org/title/statements-speeches-charles-i-plosser-6101/a-limited-central-bank-cato-institute-s-31st-annual-monetary-conference-fed-a-good-idea-washington-dc-586733,,raw/speech_catalog/fraser_oai/charles-i-plosser/records-0001.xml,ORIGINAL_PUBLICATION_DATE_TIME_NOT_IN_FRASER_METADATA
12c4b90d692ad47da633,Charles I. Plosser,2013-11-18,UNKNOWN,UNKNOWN,UNKNOWN,UNKNOWN,UNKNOWN,2025-07-25T00:41:15Z,Economic Conditions and Monetary Policy,"Risk Management Association, Philadelphia, PA",SPEECH,Federal Reserve Bank of Philadelphia,FRASER_OAI_PMH,https://fraser.stlouisfed.org/title/statements-speeches-charles-i-plosser-6101/economic-conditions-monetary-policy-586734,,raw/speech_catalog/fraser_oai/charles-i-plosser/records-0001.xml,ORIGINAL_PUBLICATION_DATE_TIME_NOT_IN_FRASER_METADATA
06f1b0a078d5abec70c2,Ben S. Bernanke,2013-11-19,UNKNOWN,UNKNOWN,UNKNOWN,UNKNOWN,UNKNOWN,,Communication and Monetary Policy,,SPEECH,Board of Governors of the Federal Reserve System,FEDERAL_RESERVE_BOARD_ANNUAL_INDEX,https://www.federalreserve.gov/newsevents/speech/bernanke20131119a.htm,,raw/speech_catalog/board_indexes/2013-speeches.htm,PUBLICATION_DATE_TIME_NOT_EXPOSED_IN_ANNUAL_INDEX
7d02c6329de8c923aae5,Jerome H. Powell,2013-11-21,UNKNOWN,UNKNOWN,UNKNOWN,UNKNOWN,UNKNOWN,,OTC Market Infrastructure Reform: Opportunities and Challenges,,SPEECH,Board of Governors of the Federal Reserve System,FEDERAL_RESERVE_BOARD_ANNUAL_INDEX,https://www.federalreserve.gov/newsevents/speech/powell20131121a.htm,,raw/speech_catalog/board_indexes/2013-speeches.htm,PUBLICATION_DATE_TIME_NOT_EXPOSED_IN_ANNUAL_INDEX
450828f46f59b78323a8,Daniel K. Tarullo,2013-11-22,UNKNOWN,UNKNOWN,UNKNOWN,UNKNOWN,UNKNOWN,,Shadow Banking and Systemic Risk Regulation,,SPEECH,Board of Governors of the Federal Reserve System,FEDERAL_RESERVE_BOARD_ANNUAL_INDEX,https://www.federalreserve.gov/newsevents/speech/tarullo20131122a.htm,,raw/speech_catalog/board_indexes/2013-speeches.htm,PUBLICATION_DATE_TIME_NOT_EXPOSED_IN_ANNUAL_INDEX
1cc70bec922452f08453,Charles I. Plosser,2013-12-06,UNKNOWN,UNKNOWN,UNKNOWN,UNKNOWN,UNKNOWN,2025-07-24T19:53:34Z,Observations on the Centennial of the Federal Reserve System,The Philadelphia Fed Policy Forum,SPEECH,Federal Reserve Bank of Philadelphia,FRASER_OAI_PMH,https://fraser.stlouisfed.org/title/statements-speeches-charles-i-plosser-6101/observations-centennial-federal-reserve-system-586735,,raw/speech_catalog/fraser_oai/charles-i-plosser/records-0001.xml,ORIGINAL_PUBLICATION_DATE_TIME_NOT_IN_FRASER_METADATA
3246f102c5963861f5ee,Ben S. Bernanke,2013-12-16,UNKNOWN,UNKNOWN,UNKNOWN,UNKNOWN,UNKNOWN,,Concluding Remarks,,SPEECH,Board of Governors of the Federal Reserve System,FEDERAL_RESERVE_BOARD_ANNUAL_INDEX,https://www.federalreserve.gov/newsevents/speech/bernanke20131216b.htm,,raw/speech_catalog/board_indexes/2013-speeches.htm,PUBLICATION_DATE_TIME_NOT_EXPOSED_IN_ANNUAL_INDEX
50a021c4c61411129e50,Ben S. Bernanke,2013-12-16,UNKNOWN,UNKNOWN,UNKNOWN,UNKNOWN,UNKNOWN,,Opening Remarks,,SPEECH,Board of Governors of the Federal Reserve System,FEDERAL_RESERVE_BOARD_ANNUAL_INDEX,https://www.federalreserve.gov/newsevents/speech/bernanke20131216a.htm,,raw/speech_catalog/board_indexes/2013-speeches.htm,PUBLICATION_DATE_TIME_NOT_EXPOSED_IN_ANNUAL_INDEX
9b58320c53148e86fd36,Ben S. Bernanke,2014-01-03,UNKNOWN,UNKNOWN,UNKNOWN,UNKNOWN,UNKNOWN,,"The Federal Reserve: Looking Back, Looking Forward",,SPEECH,Board of Governors of the Federal Reserve System,FEDERAL_RESERVE_BOARD_ANNUAL_INDEX,https://www.federalreserve.gov/newsevents/speech/bernanke20140103a.htm,,raw/speech_catalog/board_indexes/2014-speeches.htm,PUBLICATION_DATE_TIME_NOT_EXPOSED_IN_ANNUAL_INDEX
2018e3ec9ef47242f445,Jeremy C. Stein,2014-01-03,UNKNOWN,UNKNOWN,UNKNOWN,UNKNOWN,UNKNOWN,,Banks as Patient Debt Investors,,SPEECH,Board of Governors of the Federal Reserve System,FEDERAL_RESERVE_BOARD_ANNUAL_INDEX,https://www.federalreserve.gov/newsevents/speech/stein20140103a.htm,,raw/speech_catalog/board_indexes/2014-speeches.htm,PUBLICATION_DATE_TIME_NOT_EXPOSED_IN_ANNUAL_INDEX
dc167c098ad8a79f99cd,Charles I. Plosser,2014-01-04,UNKNOWN,UNKNOWN,UNKNOWN,UNKNOWN,UNKNOWN,2025-07-20T03:18:07Z,"Shocks, Gaps, and Monetary Policy","KAEA-Maekyung Forum, Korea-America Economic Association, Philadelphia, PA",SPEECH,Federal Reserve Bank of Philadelphia,FRASER_OAI_PMH,https://fraser.stlouisfed.org/title/statements-speeches-charles-i-plosser-6101/shocks-gaps-monetary-policy-586736,,raw/speech_catalog/fraser_oai/charles-i-plosser/records-0001.xml,ORIGINAL_PUBLICATION_DATE_TIME_NOT_IN_FRASER_METADATA
030a1059de9f35ab9e34,Charles I. Plosser,2014-01-14,UNKNOWN,UNKNOWN,UNKNOWN,UNKNOWN,UNKNOWN,2025-07-20T06:15:34Z,Perspectives on the Economy and Monetary Policy,"The 13th Annual Economic Outlook, the School of Business at LaSalle University, Union League of Philadelphia Business Network, Philadelphia, PA",SPEECH,Federal Reserve Bank of Philadelphia,FRASER_OAI_PMH,https://fraser.stlouisfed.org/title/statements-speeches-charles-i-plosser-6101/perspectives-economy-monetary-policy-586737,,raw/speech_catalog/fraser_oai/charles-i-plosser/records-0001.xml,ORIGINAL_PUBLICATION_DATE_TIME_NOT_IN_FRASER_METADATA
add8275fea79ae966c3b,Charles I. Plosser,2014-02-05,UNKNOWN,UNKNOWN,UNKNOWN,UNKNOWN,UNKNOWN,2025-07-23T12:32:13Z,Monetary Policy and a Brightening Economy,"Presented at the 35th Annual Economic Seminar, Sponsored by the Simon Business School with JPMorgan Chase &amp; Co., Rochester Business Alliance, and the CFA Society of Rochester, Rochester, NY",SPEECH,Federal Reserve Bank of Philadelphia,FRASER_OAI_PMH,https://fraser.stlouisfed.org/title/statements-speeches-charles-i-plosser-6101/monetary-policy-a-brightening-economy-586738,,raw/speech_catalog/fraser_oai/charles-i-plosser/records-0001.xml,ORIGINAL_PUBLICATION_DATE_TIME_NOT_IN_FRASER_METADATA
7315bfb39e48c0343cc4,Charles I. Plosser,2014-02-11,UNKNOWN,UNKNOWN,UNKNOWN,UNKNOWN,UNKNOWN,2025-07-23T08:13:40Z,Monetary Policy and a Brightening Economy,"2014 Economic Forecast, Lyons Companies, the University of Delaware's Center for Economic Education and Entrepreneurship, and Alfred Lerner College of Business and Economics, Newark, DE",SPEECH,Federal Reserve Bank of Philadelphia,FRASER_OAI_PMH,https://fraser.stlouisfed.org/title/statements-speeches-charles-i-plosser-6101/monetary-policy-a-brightening-economy-586739,,raw/speech_catalog/fraser_oai/charles-i-plosser/records-0001.xml,ORIGINAL_PUBLICATION_DATE_TIME_NOT_IN_FRASER_METADATA
98dcd505f435d577a45d,Daniel K. Tarullo,2014-02-25,UNKNOWN,UNKNOWN,UNKNOWN,UNKNOWN,UNKNOWN,,Monetary Policy and Financial Stability,,SPEECH,Board of Governors of the Federal Reserve System,FEDERAL_RESERVE_BOARD_ANNUAL_INDEX,https://www.federalreserve.gov/newsevents/speech/tarullo20140225a.htm,,raw/speech_catalog/board_indexes/2014-speeches.htm,PUBLICATION_DATE_TIME_NOT_EXPOSED_IN_ANNUAL_INDEX
dd99b28068f8f635498d,Charles I. Plosser,2014-02-28,UNKNOWN,UNKNOWN,UNKNOWN,UNKNOWN,UNKNOWN,2025-07-22T22:51:26Z,Communication Challenges,"2014 U.S. Monetary Policy Forum, Initiative on Global Markets, The University of Chicago Booth School of Business, New York, NY",SPEECH,Federal Reserve Bank of Philadelphia,FRASER_OAI_PMH,https://fraser.stlouisfed.org/title/statements-speeches-charles-i-plosser-6101/communication-challenges-586740,,raw/speech_catalog/fraser_oai/charles-i-plosser/records-0001.xml,ORIGINAL_PUBLICATION_DATE_TIME_NOT_IN_FRASER_METADATA
c4fd9ff2fa2ae7624661,Jeremy C. Stein,2014-02-28,UNKNOWN,UNKNOWN,UNKNOWN,UNKNOWN,UNKNOWN,,"Comments on ""Market Tantrums and Monetary Policy""",,SPEECH,Board of Governors of the Federal Reserve System,FEDERAL_RESERVE_BOARD_ANNUAL_INDEX,https://www.federalreserve.gov/newsevents/speech/stein20140228a.htm,,raw/speech_catalog/board_indexes/2014-speeches.htm,PUBLICATION_DATE_TIME_NOT_EXPOSED_IN_ANNUAL_INDEX
131fb73aa1c570b270c0,Janet L. Yellen,2014-03-05,UNKNOWN,UNKNOWN,UNKNOWN,UNKNOWN,UNKNOWN,,Remarks at the Ceremonial Swearing-in,,SPEECH,Board of Governors of the Federal Reserve System,FEDERAL_RESERVE_BOARD_ANNUAL_INDEX,https://www.federalreserve.gov/newsevents/speech/yellen20140305a.htm,,raw/speech_catalog/board_indexes/2014-speeches.htm,PUBLICATION_DATE_TIME_NOT_EXPOSED_IN_ANNUAL_INDEX
ca78d9c70d8b30e5ac78,Charles I. Plosser,2014-03-06,UNKNOWN,UNKNOWN,UNKNOWN,UNKNOWN,UNKNOWN,2025-07-23T00:39:22Z,Perspectives on the U.S. Economy and Monetary Policy,"The Official Monetary and Financial Institutions Forum (OMFIF), Golden Series Lecture, London, England",SPEECH,Federal Reserve Bank of Philadelphia,FRASER_OAI_PMH,https://fraser.stlouisfed.org/title/statements-speeches-charles-i-plosser-6101/perspectives-us-economy-monetary-policy-586741,,raw/speech_catalog/fraser_oai/charles-i-plosser/records-0001.xml,ORIGINAL_PUBLICATION_DATE_TIME_NOT_IN_FRASER_METADATA
18ab351770717bfc7736,Charles I. Plosser,2014-03-10,UNKNOWN,UNKNOWN,UNKNOWN,UNKNOWN,UNKNOWN,2025-07-21T01:29:26Z,Perspectives on the U.S. Economy and Monetary Policy,"Monetary Policy and Banks and the Rise of Global Protectionism, Global Interdependence Center, Banque de France, Paris, France",SPEECH,Federal Reserve Bank of Philadelphia,FRASER_OAI_PMH,https://fraser.stlouisfed.org/title/statements-speeches-charles-i-plosser-6101/perspectives-us-economy-monetary-policy-586742,,raw/speech_catalog/fraser_oai/charles-i-plosser/records-0001.xml,ORIGINAL_PUBLICATION_DATE_TIME_NOT_IN_FRASER_METADATA
7710813f3d9457dd720f,Jeremy C. Stein,2014-03-21,UNKNOWN,UNKNOWN,UNKNOWN,UNKNOWN,UNKNOWN,,Incorporating Financial Stability Considerations into a Monetary Policy Framework,,SPEECH,Board of Governors of the Federal Reserve System,FEDERAL_RESERVE_BOARD_ANNUAL_INDEX,https://www.federalreserve.gov/newsevents/speech/stein20140321a.htm,,raw/speech_catalog/board_indexes/2014-speeches.htm,PUBLICATION_DATE_TIME_NOT_EXPOSED_IN_ANNUAL_INDEX
ded50b6eb3106b71629f,Jeremy C. Stein,2014-03-24,UNKNOWN,UNKNOWN,UNKNOWN,UNKNOWN,UNKNOWN,,Welcoming Remarks,,SPEECH,Board of Governors of the Federal Reserve System,FEDERAL_RESERVE_BOARD_ANNUAL_INDEX,https://www.federalreserve.gov/newsevents/speech/stein20140324a.htm,,raw/speech_catalog/board_indexes/2014-speeches.htm,PUBLICATION_DATE_TIME_NOT_EXPOSED_IN_ANNUAL_INDEX
e9996c3011c3e7619506,Janet L. Yellen,2014-03-25,UNKNOWN,UNKNOWN,UNKNOWN,UNKNOWN,UNKNOWN,,Remarks on Women's History Month,,SPEECH,Board of Governors of the Federal Reserve System,FEDERAL_RESERVE_BOARD_ANNUAL_INDEX,https://www.federalreserve.gov/newsevents/speech/yellen20140325a.htm,,raw/speech_catalog/board_indexes/2014-speeches.htm,PUBLICATION_DATE_TIME_NOT_EXPOSED_IN_ANNUAL_INDEX
ac137c9d931597b7a1bb,Daniel K. Tarullo,2014-03-27,UNKNOWN,UNKNOWN,UNKNOWN,UNKNOWN,UNKNOWN,,Regulating Large Foreign Banking Organizations,,SPEECH,Board of Governors of the Federal Reserve System,FEDERAL_RESERVE_BOARD_ANNUAL_INDEX,https://www.federalreserve.gov/newsevents/speech/tarullo20140327a.htm,,raw/speech_catalog/board_indexes/2014-speeches.htm,PUBLICATION_DATE_TIME_NOT_EXPOSED_IN_ANNUAL_INDEX
7f567c62bb4218a2e12c,Janet L. Yellen,2014-03-31,UNKNOWN,UNKNOWN,UNKNOWN,UNKNOWN,UNKNOWN,,What the Federal Reserve Is Doing to Promote a Stronger Job Market,,SPEECH,Board of Governors of the Federal Reserve System,FEDERAL_RESERVE_BOARD_ANNUAL_INDEX,https://www.federalreserve.gov/newsevents/speech/yellen20140331a.htm,,raw/speech_catalog/board_indexes/2014-speeches.htm,PUBLICATION_DATE_TIME_NOT_EXPOSED_IN_ANNUAL_INDEX
2c6598586ce4d179dcd3,Charles I. Plosser,2014-04-08,UNKNOWN,UNKNOWN,UNKNOWN,UNKNOWN,UNKNOWN,2025-07-20T05:09:36Z,"Simplicity, Transparency, and Market Discipline in Regulatory Reform","""Enhancing Prudential Standards in Financial Regulations,"" Cohosted by the Federal Reserve Bank of Philadelphia, the Wharton Financial Institutions Center, and the Journal of Financial Services Research, Philadelphia, PA",SPEECH,Federal Reserve Bank of Philadelphia,FRASER_OAI_PMH,https://fraser.stlouisfed.org/title/statements-speeches-charles-i-plosser-6101/simplicity-transparency-market-discipline-regulatory-reform-586744,,raw/speech_catalog/fraser_oai/charles-i-plosser/records-0001.xml,ORIGINAL_PUBLICATION_DATE_TIME_NOT_IN_FRASER_METADATA
c3b7fa72e40ca68084be,Daniel K. Tarullo,2014-04-09,UNKNOWN,UNKNOWN,UNKNOWN,UNKNOWN,UNKNOWN,,Longer-Term Challenges for the American Economy,,SPEECH,Board of Governors of the Federal Reserve System,FEDERAL_RESERVE_BOARD_ANNUAL_INDEX,https://www.federalreserve.gov/newsevents/speech/tarullo20140409a.htm,,raw/speech_catalog/board_indexes/2014-speeches.htm,PUBLICATION_DATE_TIME_NOT_EXPOSED_IN_ANNUAL_INDEX
f99093a3b1700e36757a,Janet L. Yellen,2014-04-15,UNKNOWN,UNKNOWN,UNKNOWN,UNKNOWN,UNKNOWN,,Opening Remarks,,SPEECH,Board of Governors of the Federal Reserve System,FEDERAL_RESERVE_BOARD_ANNUAL_INDEX,https://www.federalreserve.gov/newsevents/speech/yellen20140415a.htm,,raw/speech_catalog/board_indexes/2014-speeches.htm,PUBLICATION_DATE_TIME_NOT_EXPOSED_IN_ANNUAL_INDEX
0430a6d0f587a9d2009f,Janet L. Yellen,2014-04-16,UNKNOWN,UNKNOWN,UNKNOWN,UNKNOWN,UNKNOWN,,Monetary Policy and the Economic Recovery,,SPEECH,Board of Governors of the Federal Reserve System,FEDERAL_RESERVE_BOARD_ANNUAL_INDEX,https://www.federalreserve.gov/newsevents/speech/yellen20140416a.htm,,raw/speech_catalog/board_indexes/2014-speeches.htm,PUBLICATION_DATE_TIME_NOT_EXPOSED_IN_ANNUAL_INDEX
6131a484389e501e8b90,Janet L. Yellen,2014-05-01,UNKNOWN,UNKNOWN,UNKNOWN,UNKNOWN,UNKNOWN,,Tailored Supervision of Community Banks,,SPEECH,Board of Governors of the Federal Reserve System,FEDERAL_RESERVE_BOARD_ANNUAL_INDEX,https://www.federalreserve.gov/newsevents/speech/yellen20140501a.htm,,raw/speech_catalog/board_indexes/2014-speeches.htm,PUBLICATION_DATE_TIME_NOT_EXPOSED_IN_ANNUAL_INDEX
0b231dc311a8f87de944,Jeremy C. Stein,2014-05-06,UNKNOWN,UNKNOWN,UNKNOWN,UNKNOWN,UNKNOWN,,Challenges for Monetary Policy Communication,,SPEECH,Board of Governors of the Federal Reserve System,FEDERAL_RESERVE_BOARD_ANNUAL_INDEX,https://www.federalreserve.gov/newsevents/speech/stein20140506a.htm,,raw/speech_catalog/board_indexes/2014-speeches.htm,PUBLICATION_DATE_TIME_NOT_EXPOSED_IN_ANNUAL_INDEX
e44a56eace526a328fc5,Charles I. Plosser,2014-05-08,UNKNOWN,UNKNOWN,UNKNOWN,UNKNOWN,UNKNOWN,2025-07-24T10:06:19Z,Communication and Transparency in the Conduct of Monetary Policy,"Council on Foreign Relations, New York",SPEECH,Federal Reserve Bank of Philadelphia,FRASER_OAI_PMH,https://fraser.stlouisfed.org/title/statements-speeches-charles-i-plosser-6101/communication-transparency-conduct-monetary-policy-586745,,raw/speech_catalog/fraser_oai/charles-i-plosser/records-0001.xml,ORIGINAL_PUBLICATION_DATE_TIME_NOT_IN_FRASER_METADATA
31458d36976df6ec3295,Daniel K. Tarullo,2014-05-08,UNKNOWN,UNKNOWN,UNKNOWN,UNKNOWN,UNKNOWN,,Rethinking the Aims of Prudential Regulation,,SPEECH,Board of Governors of the Federal Reserve System,FEDERAL_RESERVE_BOARD_ANNUAL_INDEX,https://www.federalreserve.gov/newsevents/speech/tarullo20140508a.htm,,raw/speech_catalog/board_indexes/2014-speeches.htm,PUBLICATION_DATE_TIME_NOT_EXPOSED_IN_ANNUAL_INDEX
10faa6c05b062ff6e0d6,Charles I. Plosser,2014-05-12,UNKNOWN,UNKNOWN,UNKNOWN,UNKNOWN,UNKNOWN,2025-07-23T12:03:39Z,"Reinventing Older Communities: Bridging Growth &amp; Opportunity, Philadelphia, PA",,SPEECH,Federal Reserve Bank of Philadelphia,FRASER_OAI_PMH,https://fraser.stlouisfed.org/title/statements-speeches-charles-i-plosser-6101/reinventing-older-communities-bridging-growth-opportunity-philadelphia-pa-586746,,raw/speech_catalog/fraser_oai/charles-i-plosser/records-0001.xml,ORIGINAL_PUBLICATION_DATE_TIME_NOT_IN_FRASER_METADATA
c36e807f40f7de6d1eb8,Janet L. Yellen,2014-05-15,UNKNOWN,UNKNOWN,UNKNOWN,UNKNOWN,UNKNOWN,,Small Businesses and the Recovery,,SPEECH,Board of Governors of the Federal Reserve System,FEDERAL_RESERVE_BOARD_ANNUAL_INDEX,https://www.federalreserve.gov/newsevents/speech/yellen20140515a.htm,,raw/speech_catalog/board_indexes/2014-speeches.htm,PUBLICATION_DATE_TIME_NOT_EXPOSED_IN_ANNUAL_INDEX
66bb86a8864685f1afc6,Charles I. Plosser,2014-05-20,UNKNOWN,UNKNOWN,UNKNOWN,UNKNOWN,UNKNOWN,2025-07-20T05:14:24Z,The Economic Outlook and Housing,"Women in Housing &amp; Finance, Inc., Washington, D.C.",SPEECH,Federal Reserve Bank of Philadelphia,FRASER_OAI_PMH,https://fraser.stlouisfed.org/title/statements-speeches-charles-i-plosser-6101/economic-outlook-housing-586747,,raw/speech_catalog/fraser_oai/charles-i-plosser/records-0001.xml,ORIGINAL_PUBLICATION_DATE_TIME_NOT_IN_FRASER_METADATA
2e66f1880d0aeb851a7c,Janet L. Yellen,2014-05-21,UNKNOWN,UNKNOWN,UNKNOWN,UNKNOWN,UNKNOWN,,Commencement Remarks,,SPEECH,Board of Governors of the Federal Reserve System,FEDERAL_RESERVE_BOARD_ANNUAL_INDEX,https://www.federalreserve.gov/newsevents/speech/yellen20140521a.htm,,raw/speech_catalog/board_indexes/2014-speeches.htm,PUBLICATION_DATE_TIME_NOT_EXPOSED_IN_ANNUAL_INDEX
d43fd2168d49bedac5e4,Charles I. Plosser,2014-05-28,UNKNOWN,UNKNOWN,UNKNOWN,UNKNOWN,UNKNOWN,2025-07-23T08:11:36Z,Influencing Expectations in the Conduct of Monetary Policy,"2014 Bank of Japan—Institute for Monetary and Economic Studies Conference: Monetary Policy in a Post-Financial Crisis Era, Tokyo, Japan",SPEECH,Federal Reserve Bank of Philadelphia,FRASER_OAI_PMH,https://fraser.stlouisfed.org/title/statements-speeches-charles-i-plosser-6101/influencing-expectations-conduct-monetary-policy-586748,,raw/speech_catalog/fraser_oai/charles-i-plosser/records-0001.xml,ORIGINAL_PUBLICATION_DATE_TIME_NOT_IN_FRASER_METADATA
2db121476b98fa885dda,Charles I. Plosser,2014-05-30,UNKNOWN,UNKNOWN,UNKNOWN,UNKNOWN,UNKNOWN,2025-07-23T08:44:21Z,Monetary Rules: Theory and Practice,"Frameworks for Central Banking in the Next Century Policy Conference, Hoover Institution, Stanford, CA",SPEECH,Federal Reserve Bank of Philadelphia,FRASER_OAI_PMH,https://fraser.stlouisfed.org/title/statements-speeches-charles-i-plosser-6101/monetary-rules-theory-practice-586749,,raw/speech_catalog/fraser_oai/charles-i-plosser/records-0001.xml,ORIGINAL_PUBLICATION_DATE_TIME_NOT_IN_FRASER_METADATA
59a82d50ef1aff51473f,Jerome H. Powell,2014-06-06,UNKNOWN,UNKNOWN,UNKNOWN,UNKNOWN,UNKNOWN,,A Conversation on Central Banking Issues,,SPEECH,Board of Governors of the Federal Reserve System,FEDERAL_RESERVE_BOARD_ANNUAL_INDEX,https://www.federalreserve.gov/newsevents/speech/powell20140606a.htm,,raw/speech_catalog/board_indexes/2014-speeches.htm,PUBLICATION_DATE_TIME_NOT_EXPOSED_IN_ANNUAL_INDEX
6eaea913b763d7496070,Daniel K. Tarullo,2014-06-09,UNKNOWN,UNKNOWN,UNKNOWN,UNKNOWN,UNKNOWN,,Corporate Governance and Prudential Regulation,,SPEECH,Board of Governors of the Federal Reserve System,FEDERAL_RESERVE_BOARD_ANNUAL_INDEX,https://www.federalreserve.gov/newsevents/speech/tarullo20140609a.htm,,raw/speech_catalog/board_indexes/2014-speeches.htm,PUBLICATION_DATE_TIME_NOT_EXPOSED_IN_ANNUAL_INDEX
b9b387486f87e82b543d,Daniel K. Tarullo,2014-06-25,UNKNOWN,UNKNOWN,UNKNOWN,UNKNOWN,UNKNOWN,,Stress Testing after Five Years,,SPEECH,Board of Governors of the Federal Reserve System,FEDERAL_RESERVE_BOARD_ANNUAL_INDEX,https://www.federalreserve.gov/newsevents/speech/tarullo20140625a.htm,,raw/speech_catalog/board_indexes/2014-speeches.htm,PUBLICATION_DATE_TIME_NOT_EXPOSED_IN_ANNUAL_INDEX
b3f2d2d429e9c8d17647,Janet L. Yellen,2014-07-02,UNKNOWN,UNKNOWN,UNKNOWN,UNKNOWN,UNKNOWN,,Monetary Policy and Financial Stability,,SPEECH,Board of Governors of the Federal Reserve System,FEDERAL_RESERVE_BOARD_ANNUAL_INDEX,https://www.federalreserve.gov/newsevents/speech/yellen20140702a.htm,,raw/speech_catalog/board_indexes/2014-speeches.htm,PUBLICATION_DATE_TIME_NOT_EXPOSED_IN_ANNUAL_INDEX
96e4944f916a8681528e,Stanley Fischer,2014-07-10,UNKNOWN,UNKNOWN,UNKNOWN,UNKNOWN,UNKNOWN,,Financial Sector Reform: How Far Are We?,,SPEECH,Board of Governors of the Federal Reserve System,FEDERAL_RESERVE_BOARD_ANNUAL_INDEX,https://www.federalreserve.gov/newsevents/speech/fischer20140710a.htm,,raw/speech_catalog/board_indexes/2014-speeches.htm,PUBLICATION_DATE_TIME_NOT_EXPOSED_IN_ANNUAL_INDEX
e2f75aab5d2ad806da6b,Stanley Fischer,2014-08-11,UNKNOWN,UNKNOWN,UNKNOWN,UNKNOWN,UNKNOWN,,The Great Recession: Moving Ahead,,SPEECH,Board of Governors of the Federal Reserve System,FEDERAL_RESERVE_BOARD_ANNUAL_INDEX,https://www.federalreserve.gov/newsevents/speech/fischer20140811a.htm,,raw/speech_catalog/board_indexes/2014-speeches.htm,PUBLICATION_DATE_TIME_NOT_EXPOSED_IN_ANNUAL_INDEX
7fc6fececd542669f617,Janet L. Yellen,2014-08-22,UNKNOWN,UNKNOWN,UNKNOWN,UNKNOWN,UNKNOWN,,Labor Market Dynamics and Monetary Policy,,SPEECH,Board of Governors of the Federal Reserve System,FEDERAL_RESERVE_BOARD_ANNUAL_INDEX,https://www.federalreserve.gov/newsevents/speech/yellen20140822a.htm,,raw/speech_catalog/board_indexes/2014-speeches.htm,PUBLICATION_DATE_TIME_NOT_EXPOSED_IN_ANNUAL_INDEX
603ecf5e1aead35fde24,Jerome H. Powell,2014-09-04,UNKNOWN,UNKNOWN,UNKNOWN,UNKNOWN,UNKNOWN,,Reforming U.S. Dollar LIBOR: The Path Forward,,SPEECH,Board of Governors of the Federal Reserve System,FEDERAL_RESERVE_BOARD_ANNUAL_INDEX,https://www.federalreserve.gov/newsevents/speech/powell20140904a.htm,,raw/speech_catalog/board_indexes/2014-speeches.htm,PUBLICATION_DATE_TIME_NOT_EXPOSED_IN_ANNUAL_INDEX
cf5d796ed8bae3d4ce1a,Charles I. Plosser,2014-09-06,UNKNOWN,UNKNOWN,UNKNOWN,UNKNOWN,UNKNOWN,2025-07-24T05:55:31Z,The Economic Outlook,"Pennsylvania Association of Community Bankers 137th Annual Convention, Amelia Island, FL",SPEECH,Federal Reserve Bank of Philadelphia,FRASER_OAI_PMH,https://fraser.stlouisfed.org/title/statements-speeches-charles-i-plosser-6101/economic-outlook-586751,,raw/speech_catalog/fraser_oai/charles-i-plosser/records-0001.xml,ORIGINAL_PUBLICATION_DATE_TIME_NOT_IN_FRASER_METADATA
8e051f623cc653d0f511,Janet L. Yellen,2014-09-18,UNKNOWN,UNKNOWN,UNKNOWN,UNKNOWN,UNKNOWN,,The Importance of Asset Building for Low and Middle Income Households,,SPEECH,Board of Governors of the Federal Reserve System,FEDERAL_RESERVE_BOARD_ANNUAL_INDEX,https://www.federalreserve.gov/newsevents/speech/yellen20140918a.htm,,raw/speech_catalog/board_indexes/2014-speeches.htm,PUBLICATION_DATE_TIME_NOT_EXPOSED_IN_ANNUAL_INDEX
3f734c457b79fff1f4f4,Jerome H. Powell,2014-09-23,UNKNOWN,UNKNOWN,UNKNOWN,UNKNOWN,UNKNOWN,,Introductory Remarks,,SPEECH,Board of Governors of the Federal Reserve System,FEDERAL_RESERVE_BOARD_ANNUAL_INDEX,https://www.federalreserve.gov/newsevents/speech/powell20140923a.htm,,raw/speech_catalog/board_indexes/2014-speeches.htm,PUBLICATION_DATE_TIME_NOT_EXPOSED_IN_ANNUAL_INDEX
c5b33a2d7a7ec87f2006,Jerome H. Powell,2014-09-30,UNKNOWN,UNKNOWN,UNKNOWN,UNKNOWN,UNKNOWN,,"Remarks on ""Government Debt Management at the Zero Lower Bound""",,SPEECH,Board of Governors of the Federal Reserve System,FEDERAL_RESERVE_BOARD_ANNUAL_INDEX,https://www.federalreserve.gov/newsevents/speech/powell20140930a.htm,,raw/speech_catalog/board_indexes/2014-speeches.htm,PUBLICATION_DATE_TIME_NOT_EXPOSED_IN_ANNUAL_INDEX
42b71dcec4f1e4989f6c,Charles I. Plosser,2014-10-10,UNKNOWN,UNKNOWN,UNKNOWN,UNKNOWN,UNKNOWN,2025-07-21T01:03:57Z,Communicating a Systematic Monetary Policy,"Society of American Business Editors and Writers Fall Conference, City University of New York (CUNY) Graduate School of Journalism, New York",SPEECH,Federal Reserve Bank of Philadelphia,FRASER_OAI_PMH,https://fraser.stlouisfed.org/title/statements-speeches-charles-i-plosser-6101/communicating-a-systematic-monetary-policy-586752,,raw/speech_catalog/fraser_oai/charles-i-plosser/records-0001.xml,ORIGINAL_PUBLICATION_DATE_TIME_NOT_IN_FRASER_METADATA
61e42f2b0a02d11abfe2,Stanley Fischer,2014-10-11,UNKNOWN,UNKNOWN,UNKNOWN,UNKNOWN,UNKNOWN,,The Federal Reserve and the Global Economy,,SPEECH,Board of Governors of the Federal Reserve System,FEDERAL_RESERVE_BOARD_ANNUAL_INDEX,https://www.federalreserve.gov/newsevents/speech/fischer20141011a.htm,,raw/speech_catalog/board_indexes/2014-speeches.htm,PUBLICATION_DATE_TIME_NOT_EXPOSED_IN_ANNUAL_INDEX
676dcbaf4f0f1c114c36,Charles I. Plosser,2014-10-16,UNKNOWN,UNKNOWN,UNKNOWN,UNKNOWN,UNKNOWN,2025-07-20T09:10:21Z,The Economic Outlook and Monetary Policy,"Lehigh Valley Partnership and Lehigh Valley Economic Development Corporation, Allentown, PA",SPEECH,Federal Reserve Bank of Philadelphia,FRASER_OAI_PMH,https://fraser.stlouisfed.org/title/statements-speeches-charles-i-plosser-6101/economic-outlook-monetary-policy-586753,,raw/speech_catalog/fraser_oai/charles-i-plosser/records-0001.xml,ORIGINAL_PUBLICATION_DATE_TIME_NOT_IN_FRASER_METADATA
00e6de18d5c72cd6e4e3,Janet L. Yellen,2014-10-17,UNKNOWN,UNKNOWN,UNKNOWN,UNKNOWN,UNKNOWN,,Perspectives on Inequality and Opportunity from the Survey of Consumer Finances,,SPEECH,Board of Governors of the Federal Reserve System,FEDERAL_RESERVE_BOARD_ANNUAL_INDEX,https://www.federalreserve.gov/newsevents/speech/yellen20141017a.htm,,raw/speech_catalog/board_indexes/2014-speeches.htm,PUBLICATION_DATE_TIME_NOT_EXPOSED_IN_ANNUAL_INDEX
6d66b6fed8c2c1d0a2c6,Daniel K. Tarullo,2014-10-20,UNKNOWN,UNKNOWN,UNKNOWN,UNKNOWN,UNKNOWN,,"Good Compliance, Not Mere Compliance",,SPEECH,Board of Governors of the Federal Reserve System,FEDERAL_RESERVE_BOARD_ANNUAL_INDEX,https://www.federalreserve.gov/newsevents/speech/tarullo20141020a.htm,,raw/speech_catalog/board_indexes/2014-speeches.htm,PUBLICATION_DATE_TIME_NOT_EXPOSED_IN_ANNUAL_INDEX
843bf81b2445e83e2c2c,Jerome H. Powell,2014-10-20,UNKNOWN,UNKNOWN,UNKNOWN,UNKNOWN,UNKNOWN,,Opening Remarks,,SPEECH,Board of Governors of the Federal Reserve System,FEDERAL_RESERVE_BOARD_ANNUAL_INDEX,https://www.federalreserve.gov/newsevents/speech/powell20141020a.htm,,raw/speech_catalog/board_indexes/2014-speeches.htm,PUBLICATION_DATE_TIME_NOT_EXPOSED_IN_ANNUAL_INDEX
142bc6fede19eac5a427,Janet L. Yellen,2014-10-30,UNKNOWN,UNKNOWN,UNKNOWN,UNKNOWN,UNKNOWN,,Welcoming Remarks,,SPEECH,Board of Governors of the Federal Reserve System,FEDERAL_RESERVE_BOARD_ANNUAL_INDEX,https://www.federalreserve.gov/newsevents/speech/yellen20141030a.htm,,raw/speech_catalog/board_indexes/2014-speeches.htm,PUBLICATION_DATE_TIME_NOT_EXPOSED_IN_ANNUAL_INDEX
482372b5825877d38e8d,Jerome H. Powell,2014-11-06,UNKNOWN,UNKNOWN,UNKNOWN,UNKNOWN,UNKNOWN,,A Financial System Perspective on Central Clearing of Derivatives,,SPEECH,Board of Governors of the Federal Reserve System,FEDERAL_RESERVE_BOARD_ANNUAL_INDEX,https://www.federalreserve.gov/newsevents/speech/powell20141106a.htm,,raw/speech_catalog/board_indexes/2014-speeches.htm,PUBLICATION_DATE_TIME_NOT_EXPOSED_IN_ANNUAL_INDEX
3b8b96643b917eee8167,Daniel K. Tarullo,2014-11-07,UNKNOWN,UNKNOWN,UNKNOWN,UNKNOWN,UNKNOWN,,A Tiered Approach to Regulation and Supervision of Community Banks,,SPEECH,Board of Governors of the Federal Reserve System,FEDERAL_RESERVE_BOARD_ANNUAL_INDEX,https://www.federalreserve.gov/newsevents/speech/tarullo20141107a.htm,,raw/speech_catalog/board_indexes/2014-speeches.htm,PUBLICATION_DATE_TIME_NOT_EXPOSED_IN_ANNUAL_INDEX
08ab48568f70e65bb59f,Janet L. Yellen,2014-11-07,UNKNOWN,UNKNOWN,UNKNOWN,UNKNOWN,UNKNOWN,,"Remarks at the Panel Discussion on ""Shaping the Future of the Macroeconomic Policy Mix""",,SPEECH,Board of Governors of the Federal Reserve System,FEDERAL_RESERVE_BOARD_ANNUAL_INDEX,https://www.federalreserve.gov/newsevents/speech/yellen20141107a.htm,,raw/speech_catalog/board_indexes/2014-speeches.htm,PUBLICATION_DATE_TIME_NOT_EXPOSED_IN_ANNUAL_INDEX
4586aedfa3989c11b232,Charles I. Plosser,2014-11-13,UNKNOWN,UNKNOWN,UNKNOWN,UNKNOWN,UNKNOWN,2025-07-20T12:47:34Z,"Economic Growth and Monetary Policy: Is There a New Normal? The George Washington University and Princeton University's Griswold Center for Economic Policy Studies, Philadelphia, PA",,SPEECH,Federal Reserve Bank of Philadelphia,FRASER_OAI_PMH,https://fraser.stlouisfed.org/title/statements-speeches-charles-i-plosser-6101/economic-growth-monetary-policy-a-new-normal-george-washington-university-princeton-university-s-griswold-center-economic-policy-studies-philadelphia-pa-586755,,raw/speech_catalog/fraser_oai/charles-i-plosser/records-0001.xml,ORIGINAL_PUBLICATION_DATE_TIME_NOT_IN_FRASER_METADATA
148f53ee14c7f84dfb8d,Jerome H. Powell,2014-11-14,UNKNOWN,UNKNOWN,UNKNOWN,UNKNOWN,UNKNOWN,,"Monetary Policy Accommodation, Risk-Taking, and Spillovers",,SPEECH,Board of Governors of the Federal Reserve System,FEDERAL_RESERVE_BOARD_ANNUAL_INDEX,https://www.federalreserve.gov/newsevents/speech/powell20141114a.htm,,raw/speech_catalog/board_indexes/2014-speeches.htm,PUBLICATION_DATE_TIME_NOT_EXPOSED_IN_ANNUAL_INDEX
150aed0483fa1b1e4c39,Daniel K. Tarullo,2014-11-20,UNKNOWN,UNKNOWN,UNKNOWN,UNKNOWN,UNKNOWN,,Liquidity Regulation,,SPEECH,Board of Governors of the Federal Reserve System,FEDERAL_RESERVE_BOARD_ANNUAL_INDEX,https://www.federalreserve.gov/newsevents/speech/tarullo20141120a.htm,,raw/speech_catalog/board_indexes/2014-speeches.htm,PUBLICATION_DATE_TIME_NOT_EXPOSED_IN_ANNUAL_INDEX
801ab98359bf562d595c,Lael Brainard,2014-12-02,UNKNOWN,UNKNOWN,UNKNOWN,UNKNOWN,UNKNOWN,,Opening Remarks,,SPEECH,Board of Governors of the Federal Reserve System,FEDERAL_RESERVE_BOARD_ANNUAL_INDEX,https://www.federalreserve.gov/newsevents/speech/brainard20141202a.htm,,raw/speech_catalog/board_indexes/2014-speeches.htm,PUBLICATION_DATE_TIME_NOT_EXPOSED_IN_ANNUAL_INDEX
6ff4c4a8bc1b00b33a71,Charles I. Plosser,2014-12-03,UNKNOWN,UNKNOWN,UNKNOWN,UNKNOWN,UNKNOWN,2025-07-24T16:17:53Z,A Longer-Term View of the U.S. Economy and Monetary Policy,"Charlotte Economics Club, Charlotte, NC",SPEECH,Federal Reserve Bank of Philadelphia,FRASER_OAI_PMH,https://fraser.stlouisfed.org/title/statements-speeches-charles-i-plosser-6101/a-longer-term-view-us-economy-monetary-policy-586756,,raw/speech_catalog/fraser_oai/charles-i-plosser/records-0001.xml,ORIGINAL_PUBLICATION_DATE_TIME_NOT_IN_FRASER_METADATA
ac662986df50321e652c,Lael Brainard,2014-12-03,UNKNOWN,UNKNOWN,UNKNOWN,UNKNOWN,UNKNOWN,,The Federal Reserve's Financial Stability Agenda,,SPEECH,Board of Governors of the Federal Reserve System,FEDERAL_RESERVE_BOARD_ANNUAL_INDEX,https://www.federalreserve.gov/newsevents/speech/brainard20141203a.htm,,raw/speech_catalog/board_indexes/2014-speeches.htm,PUBLICATION_DATE_TIME_NOT_EXPOSED_IN_ANNUAL_INDEX
3bb2c0b42171fbee8352,Charles I. Plosser,2015-01-14,UNKNOWN,UNKNOWN,UNKNOWN,UNKNOWN,UNKNOWN,2025-07-20T07:49:39Z,A Perspective on the Economy and Monetary Policy,"Greater Philadelphia Chamber of Commerce, Philadelphia, PA",SPEECH,Federal Reserve Bank of Philadelphia,FRASER_OAI_PMH,https://fraser.stlouisfed.org/title/statements-speeches-charles-i-plosser-6101/a-perspective-economy-monetary-policy-586757,,raw/speech_catalog/fraser_oai/charles-i-plosser/records-0001.xml,ORIGINAL_PUBLICATION_DATE_TIME_NOT_IN_FRASER_METADATA
6332b7c8b88f41af309e,Jerome H. Powell,2015-01-20,UNKNOWN,UNKNOWN,UNKNOWN,UNKNOWN,UNKNOWN,,Comments on the Fair and Effective Markets Review,,SPEECH,Board of Governors of the Federal Reserve System,FEDERAL_RESERVE_BOARD_ANNUAL_INDEX,https://www.federalreserve.gov/newsevents/speech/powell20150120a.htm,,raw/speech_catalog/board_indexes/2015-speeches.htm,PUBLICATION_DATE_TIME_NOT_EXPOSED_IN_ANNUAL_INDEX
810d203d6abc6a719437,Daniel K. Tarullo,2015-01-30,UNKNOWN,UNKNOWN,UNKNOWN,UNKNOWN,UNKNOWN,,Advancing Macroprudential Policy Objectives,,SPEECH,Board of Governors of the Federal Reserve System,FEDERAL_RESERVE_BOARD_ANNUAL_INDEX,https://www.federalreserve.gov/newsevents/speech/tarullo20150130a.htm,,raw/speech_catalog/board_indexes/2015-speeches.htm,PUBLICATION_DATE_TIME_NOT_EXPOSED_IN_ANNUAL_INDEX
8a19436bc1e08ae2f6a9,Jerome H. Powell,2015-02-04,UNKNOWN,UNKNOWN,UNKNOWN,UNKNOWN,UNKNOWN,,Welcoming Remarks,,SPEECH,Board of Governors of the Federal Reserve System,FEDERAL_RESERVE_BOARD_ANNUAL_INDEX,https://www.federalreserve.gov/newsevents/speech/powell20150204a.htm,,raw/speech_catalog/board_indexes/2015-speeches.htm,PUBLICATION_DATE_TIME_NOT_EXPOSED_IN_ANNUAL_INDEX
2a05905b52448e1e6a28,Jerome H. Powell,2015-02-09,UNKNOWN,UNKNOWN,UNKNOWN,UNKNOWN,UNKNOWN,,"""Audit the Fed"" and Other Proposals",,SPEECH,Board of Governors of the Federal Reserve System,FEDERAL_RESERVE_BOARD_ANNUAL_INDEX,https://www.federalreserve.gov/newsevents/speech/powell20150209a.htm,,raw/speech_catalog/board_indexes/2015-speeches.htm,PUBLICATION_DATE_TIME_NOT_EXPOSED_IN_ANNUAL_INDEX
6a990ab6bccad6784771,Charles I. Plosser,2015-02-17,UNKNOWN,UNKNOWN,UNKNOWN,UNKNOWN,UNKNOWN,2025-07-20T03:25:21Z,An Appreciation of the Fed's 12 Banks,"Union League of Philadelphia, Philadelphia, PA",SPEECH,Federal Reserve Bank of Philadelphia,FRASER_OAI_PMH,https://fraser.stlouisfed.org/title/statements-speeches-charles-i-plosser-6101/appreciation-fed-s-12-banks-586758,,raw/speech_catalog/fraser_oai/charles-i-plosser/records-0001.xml,ORIGINAL_PUBLICATION_DATE_TIME_NOT_IN_FRASER_METADATA
c2a2794c09c326a2527b,Jerome H. Powell,2015-02-18,UNKNOWN,UNKNOWN,UNKNOWN,UNKNOWN,UNKNOWN,,"Financial Institutions, Financial Markets, and Financial Stability",,SPEECH,Board of Governors of the Federal Reserve System,FEDERAL_RESERVE_BOARD_ANNUAL_INDEX,https://www.federalreserve.gov/newsevents/speech/powell20150218a.htm,,raw/speech_catalog/board_indexes/2015-speeches.htm,PUBLICATION_DATE_TIME_NOT_EXPOSED_IN_ANNUAL_INDEX
6ddc6b580b70a55836a7,Stanley Fischer,2015-02-27,UNKNOWN,UNKNOWN,UNKNOWN,UNKNOWN,UNKNOWN,,Conducting Monetary Policy with a Large Balance Sheet,,SPEECH,Board of Governors of the Federal Reserve System,FEDERAL_RESERVE_BOARD_ANNUAL_INDEX,https://www.federalreserve.gov/newsevents/speech/fischer20150227a.htm,,raw/speech_catalog/board_indexes/2015-speeches.htm,PUBLICATION_DATE_TIME_NOT_EXPOSED_IN_ANNUAL_INDEX
6b672af0a3d714da0e6b,Janet L. Yellen,2015-03-03,UNKNOWN,UNKNOWN,UNKNOWN,UNKNOWN,UNKNOWN,,Improving the Oversight of Large Financial Institutions,,SPEECH,Board of Governors of the Federal Reserve System,FEDERAL_RESERVE_BOARD_ANNUAL_INDEX,https://www.federalreserve.gov/newsevents/speech/yellen20150303a.htm,,raw/speech_catalog/board_indexes/2015-speeches.htm,PUBLICATION_DATE_TIME_NOT_EXPOSED_IN_ANNUAL_INDEX
ce34ec97e6ca14f47e7d,Stanley Fischer,2015-03-23,UNKNOWN,UNKNOWN,UNKNOWN,UNKNOWN,UNKNOWN,,Monetary Policy Lessons and the Way Ahead,,SPEECH,Board of Governors of the Federal Reserve System,FEDERAL_RESERVE_BOARD_ANNUAL_INDEX,https://www.federalreserve.gov/newsevents/speech/fischer20150323a.htm,,raw/speech_catalog/board_indexes/2015-speeches.htm,PUBLICATION_DATE_TIME_NOT_EXPOSED_IN_ANNUAL_INDEX
195b54a36799bfa6b1cb,Janet L. Yellen,2015-03-27,UNKNOWN,UNKNOWN,UNKNOWN,UNKNOWN,UNKNOWN,,Normalizing Monetary Policy: Prospects and Perspectives,,SPEECH,Board of Governors of the Federal Reserve System,FEDERAL_RESERVE_BOARD_ANNUAL_INDEX,https://www.federalreserve.gov/newsevents/speech/yellen20150327a.htm,,raw/speech_catalog/board_indexes/2015-speeches.htm,PUBLICATION_DATE_TIME_NOT_EXPOSED_IN_ANNUAL_INDEX
5bb058a114eb8e6ba1c3,Stanley Fischer,2015-03-27,UNKNOWN,UNKNOWN,UNKNOWN,UNKNOWN,UNKNOWN,,The Importance of the Nonbank Financial Sector,,SPEECH,Board of Governors of the Federal Reserve System,FEDERAL_RESERVE_BOARD_ANNUAL_INDEX,https://www.federalreserve.gov/newsevents/speech/fischer20150327a.htm,,raw/speech_catalog/board_indexes/2015-speeches.htm,PUBLICATION_DATE_TIME_NOT_EXPOSED_IN_ANNUAL_INDEX
8fadf3b1fe887e9c7529,Stanley Fischer,2015-03-30,UNKNOWN,UNKNOWN,UNKNOWN,UNKNOWN,UNKNOWN,,"Nonbank Financial Intermediation, Financial Stability, and the Road Forward",,SPEECH,Board of Governors of the Federal Reserve System,FEDERAL_RESERVE_BOARD_ANNUAL_INDEX,https://www.federalreserve.gov/newsevents/speech/fischer20150330a.htm,,raw/speech_catalog/board_indexes/2015-speeches.htm,PUBLICATION_DATE_TIME_NOT_EXPOSED_IN_ANNUAL_INDEX
c5cc8ee2ca98be6e3f30,Janet L. Yellen,2015-04-02,UNKNOWN,UNKNOWN,UNKNOWN,UNKNOWN,UNKNOWN,,Opening Remarks,,SPEECH,Board of Governors of the Federal Reserve System,FEDERAL_RESERVE_BOARD_ANNUAL_INDEX,https://www.federalreserve.gov/newsevents/speech/yellen20150402a.htm,,raw/speech_catalog/board_indexes/2015-speeches.htm,PUBLICATION_DATE_TIME_NOT_EXPOSED_IN_ANNUAL_INDEX
a4bc97f15edec6790f04,Lael Brainard,2015-04-02,UNKNOWN,UNKNOWN,UNKNOWN,UNKNOWN,UNKNOWN,,Coming of Age in the Great Recession,,SPEECH,Board of Governors of the Federal Reserve System,FEDERAL_RESERVE_BOARD_ANNUAL_INDEX,https://www.federalreserve.gov/newsevents/speech/brainard20150402a.htm,,raw/speech_catalog/board_indexes/2015-speeches.htm,PUBLICATION_DATE_TIME_NOT_EXPOSED_IN_ANNUAL_INDEX
f8ef5545325cd7a31d9e,Jerome H. Powell,2015-04-08,UNKNOWN,UNKNOWN,UNKNOWN,UNKNOWN,UNKNOWN,,Remarks on Monetary Policy,,SPEECH,Board of Governors of the Federal Reserve System,FEDERAL_RESERVE_BOARD_ANNUAL_INDEX,https://www.federalreserve.gov/newsevents/speech/powell20150408a.htm,,raw/speech_catalog/board_indexes/2015-speeches.htm,PUBLICATION_DATE_TIME_NOT_EXPOSED_IN_ANNUAL_INDEX
c600cdd46f73649ddef2,Daniel K. Tarullo,2015-04-30,UNKNOWN,UNKNOWN,UNKNOWN,UNKNOWN,UNKNOWN,,Tailoring Community Bank Regulation and Supervision,,SPEECH,Board of Governors of the Federal Reserve System,FEDERAL_RESERVE_BOARD_ANNUAL_INDEX,https://www.federalreserve.gov/newsevents/speech/tarullo20150430a.htm,,raw/speech_catalog/board_indexes/2015-speeches.htm,PUBLICATION_DATE_TIME_NOT_EXPOSED_IN_ANNUAL_INDEX
435aa31f522480b38d72,Daniel K. Tarullo,2015-05-04,UNKNOWN,UNKNOWN,UNKNOWN,UNKNOWN,UNKNOWN,,Opening Remarks,,SPEECH,Board of Governors of the Federal Reserve System,FEDERAL_RESERVE_BOARD_ANNUAL_INDEX,https://www.federalreserve.gov/newsevents/speech/tarullo20150504.htm,,raw/speech_catalog/board_indexes/2015-speeches.htm,PUBLICATION_DATE_TIME_NOT_EXPOSED_IN_ANNUAL_INDEX
914a4a4ccfc2f4264c89,Janet L. Yellen,2015-05-06,UNKNOWN,UNKNOWN,UNKNOWN,UNKNOWN,UNKNOWN,,Finance and Society,,SPEECH,Board of Governors of the Federal Reserve System,FEDERAL_RESERVE_BOARD_ANNUAL_INDEX,https://www.federalreserve.gov/newsevents/speech/yellen20150506a.htm,,raw/speech_catalog/board_indexes/2015-speeches.htm,PUBLICATION_DATE_TIME_NOT_EXPOSED_IN_ANNUAL_INDEX
d8d2b3dbb88cec2e9d3f,Jerome H. Powell,2015-05-14,UNKNOWN,UNKNOWN,UNKNOWN,UNKNOWN,UNKNOWN,,Regulation and Supervision of Community Banks,,SPEECH,Board of Governors of the Federal Reserve System,FEDERAL_RESERVE_BOARD_ANNUAL_INDEX,https://www.federalreserve.gov/newsevents/speech/powell20150514a.htm,,raw/speech_catalog/board_indexes/2015-speeches.htm,PUBLICATION_DATE_TIME_NOT_EXPOSED_IN_ANNUAL_INDEX
53b9128e6e9bf27f7585,Stanley Fischer,2015-05-21,UNKNOWN,UNKNOWN,UNKNOWN,UNKNOWN,UNKNOWN,,"Past, Present, and Future Challenges for the Euro Area",,SPEECH,Board of Governors of the Federal Reserve System,FEDERAL_RESERVE_BOARD_ANNUAL_INDEX,https://www.federalreserve.gov/newsevents/speech/fischer20150521.htm,,raw/speech_catalog/board_indexes/2015-speeches.htm,PUBLICATION_DATE_TIME_NOT_EXPOSED_IN_ANNUAL_INDEX
7c5a618e95487c6f3502,Janet L. Yellen,2015-05-22,UNKNOWN,UNKNOWN,UNKNOWN,UNKNOWN,UNKNOWN,,The Outlook for the Economy,,SPEECH,Board of Governors of the Federal Reserve System,FEDERAL_RESERVE_BOARD_ANNUAL_INDEX,https://www.federalreserve.gov/newsevents/speech/yellen20150522a.htm,,raw/speech_catalog/board_indexes/2015-speeches.htm,PUBLICATION_DATE_TIME_NOT_EXPOSED_IN_ANNUAL_INDEX
520c88b6208cacab6893,Stanley Fischer,2015-05-26,UNKNOWN,UNKNOWN,UNKNOWN,UNKNOWN,UNKNOWN,,The Federal Reserve and the Global Economy,,SPEECH,Board of Governors of the Federal Reserve System,FEDERAL_RESERVE_BOARD_ANNUAL_INDEX,https://www.federalreserve.gov/newsevents/speech/fischer20150526a.htm,,raw/speech_catalog/board_indexes/2015-speeches.htm,PUBLICATION_DATE_TIME_NOT_EXPOSED_IN_ANNUAL_INDEX
4274ca56ba1f21c56389,Stanley Fischer,2015-06-01,UNKNOWN,UNKNOWN,UNKNOWN,UNKNOWN,UNKNOWN,,What have we learned from the crises of the last 20 years?,,SPEECH,Board of Governors of the Federal Reserve System,FEDERAL_RESERVE_BOARD_ANNUAL_INDEX,https://www.federalreserve.gov/newsevents/speech/fischer20150601a.htm,,raw/speech_catalog/board_indexes/2015-speeches.htm,PUBLICATION_DATE_TIME_NOT_EXPOSED_IN_ANNUAL_INDEX
5e691d799ad6bd5251a9,Lael Brainard,2015-06-02,UNKNOWN,UNKNOWN,UNKNOWN,UNKNOWN,UNKNOWN,,The U.S. Economic Outlook and Implications for Monetary Policy,,SPEECH,Board of Governors of the Federal Reserve System,FEDERAL_RESERVE_BOARD_ANNUAL_INDEX,https://www.federalreserve.gov/newsevents/speech/brainard20150602a.htm,,raw/speech_catalog/board_indexes/2015-speeches.htm,PUBLICATION_DATE_TIME_NOT_EXPOSED_IN_ANNUAL_INDEX
408509c5d518aef2a1be,Stanley Fischer,2015-06-24,UNKNOWN,UNKNOWN,UNKNOWN,UNKNOWN,UNKNOWN,,Supervisory Stress Testing of Large Systemic Financial Institutions,,SPEECH,Board of Governors of the Federal Reserve System,FEDERAL_RESERVE_BOARD_ANNUAL_INDEX,https://www.federalreserve.gov/newsevents/speech/fischer20150624a.htm,,raw/speech_catalog/board_indexes/2015-speeches.htm,PUBLICATION_DATE_TIME_NOT_EXPOSED_IN_ANNUAL_INDEX
d2ee449c91055d889980,Jerome H. Powell,2015-06-25,UNKNOWN,UNKNOWN,UNKNOWN,UNKNOWN,UNKNOWN,,Building a Safer Payment System,,SPEECH,Board of Governors of the Federal Reserve System,FEDERAL_RESERVE_BOARD_ANNUAL_INDEX,https://www.federalreserve.gov/newsevents/speech/powell20150625a.htm,,raw/speech_catalog/board_indexes/2015-speeches.htm,PUBLICATION_DATE_TIME_NOT_EXPOSED_IN_ANNUAL_INDEX
a8697ad8c26fd8a95b91,Stanley Fischer,2015-06-30,UNKNOWN,UNKNOWN,UNKNOWN,UNKNOWN,UNKNOWN,,Monetary Policy in the United States and in Developing Countries,,SPEECH,Board of Governors of the Federal Reserve System,FEDERAL_RESERVE_BOARD_ANNUAL_INDEX,https://www.federalreserve.gov/newsevents/speech/fischer20150630a.htm,,raw/speech_catalog/board_indexes/2015-speeches.htm,PUBLICATION_DATE_TIME_NOT_EXPOSED_IN_ANNUAL_INDEX
8e132d57aebf927a16b6,Lael Brainard,2015-07-01,UNKNOWN,UNKNOWN,UNKNOWN,UNKNOWN,UNKNOWN,,Recent Changes in the Resilience of Market Liquidity,,SPEECH,Board of Governors of the Federal Reserve System,FEDERAL_RESERVE_BOARD_ANNUAL_INDEX,https://www.federalreserve.gov/newsevents/speech/brainard20150701a.htm,,raw/speech_catalog/board_indexes/2015-speeches.htm,PUBLICATION_DATE_TIME_NOT_EXPOSED_IN_ANNUAL_INDEX
b0c9a53b3d63ce771d6f,Lael Brainard,2015-07-09,UNKNOWN,UNKNOWN,UNKNOWN,UNKNOWN,UNKNOWN,,Dodd-Frank at Five: Assessing Progress on Too Big to Fail,,SPEECH,Board of Governors of the Federal Reserve System,FEDERAL_RESERVE_BOARD_ANNUAL_INDEX,https://www.federalreserve.gov/newsevents/speech/brainard20150709a.htm,,raw/speech_catalog/board_indexes/2015-speeches.htm,PUBLICATION_DATE_TIME_NOT_EXPOSED_IN_ANNUAL_INDEX
99bc3aed5851f4d7cc6b,Janet L. Yellen,2015-07-10,UNKNOWN,UNKNOWN,UNKNOWN,UNKNOWN,UNKNOWN,,Recent Developments and the Outlook for the Economy,,SPEECH,Board of Governors of the Federal Reserve System,FEDERAL_RESERVE_BOARD_ANNUAL_INDEX,https://www.federalreserve.gov/newsevents/speech/yellen20150710a.htm,,raw/speech_catalog/board_indexes/2015-speeches.htm,PUBLICATION_DATE_TIME_NOT_EXPOSED_IN_ANNUAL_INDEX
7f9d2a992e1156ffb618,Jerome H. Powell,2015-08-03,UNKNOWN,UNKNOWN,UNKNOWN,UNKNOWN,UNKNOWN,,Structure and Liquidity in Treasury Markets,,SPEECH,Board of Governors of the Federal Reserve System,FEDERAL_RESERVE_BOARD_ANNUAL_INDEX,https://www.federalreserve.gov/newsevents/speech/powell20150803a.htm,,raw/speech_catalog/board_indexes/2015-speeches.htm,PUBLICATION_DATE_TIME_NOT_EXPOSED_IN_ANNUAL_INDEX
b632ef2e0fb27a1b5b02,Stanley Fischer,2015-08-29,UNKNOWN,UNKNOWN,UNKNOWN,UNKNOWN,UNKNOWN,,U.S. Inflation Developments,,SPEECH,Board of Governors of the Federal Reserve System,FEDERAL_RESERVE_BOARD_ANNUAL_INDEX,https://www.federalreserve.gov/newsevents/speech/fischer20150829a.htm,,raw/speech_catalog/board_indexes/2015-speeches.htm,PUBLICATION_DATE_TIME_NOT_EXPOSED_IN_ANNUAL_INDEX
4d6df45c53d724a4886c,Janet L. Yellen,2015-09-24,UNKNOWN,UNKNOWN,UNKNOWN,UNKNOWN,UNKNOWN,,Inflation Dynamics and Monetary Policy,,SPEECH,Board of Governors of the Federal Reserve System,FEDERAL_RESERVE_BOARD_ANNUAL_INDEX,https://www.federalreserve.gov/newsevents/speech/yellen20150924a.htm,,raw/speech_catalog/board_indexes/2015-speeches.htm,PUBLICATION_DATE_TIME_NOT_EXPOSED_IN_ANNUAL_INDEX
5f53f1063aa6f4f5142d,Daniel K. Tarullo,2015-09-28,UNKNOWN,UNKNOWN,UNKNOWN,UNKNOWN,UNKNOWN,,Capital Regulation Across Financial Intermediaries,,SPEECH,Board of Governors of the Federal Reserve System,FEDERAL_RESERVE_BOARD_ANNUAL_INDEX,https://www.federalreserve.gov/newsevents/speech/tarullo20150928a.htm,,raw/speech_catalog/board_indexes/2015-speeches.htm,PUBLICATION_DATE_TIME_NOT_EXPOSED_IN_ANNUAL_INDEX
f1bfb9b871cd8f76d8e9,Janet L. Yellen,2015-09-30,UNKNOWN,UNKNOWN,UNKNOWN,UNKNOWN,UNKNOWN,,Welcoming Remarks,,SPEECH,Board of Governors of the Federal Reserve System,FEDERAL_RESERVE_BOARD_ANNUAL_INDEX,https://www.federalreserve.gov/newsevents/speech/yellen20150930a.htm,,raw/speech_catalog/board_indexes/2015-speeches.htm,PUBLICATION_DATE_TIME_NOT_EXPOSED_IN_ANNUAL_INDEX
3971c3498fdc9a988c51,Lael Brainard,2015-09-30,UNKNOWN,UNKNOWN,UNKNOWN,UNKNOWN,UNKNOWN,,"Community Banks, Small Business Credit, and Online Lending",,SPEECH,Board of Governors of the Federal Reserve System,FEDERAL_RESERVE_BOARD_ANNUAL_INDEX,https://www.federalreserve.gov/newsevents/speech/brainard20150930a.htm,,raw/speech_catalog/board_indexes/2015-speeches.htm,PUBLICATION_DATE_TIME_NOT_EXPOSED_IN_ANNUAL_INDEX
13b22355181e41797a8d,Stanley Fischer,2015-10-02,UNKNOWN,UNKNOWN,UNKNOWN,UNKNOWN,UNKNOWN,,Macroprudential Policy in the U.S. Economy,,SPEECH,Board of Governors of the Federal Reserve System,FEDERAL_RESERVE_BOARD_ANNUAL_INDEX,https://www.federalreserve.gov/newsevents/speech/fischer20151002a.htm,,raw/speech_catalog/board_indexes/2015-speeches.htm,PUBLICATION_DATE_TIME_NOT_EXPOSED_IN_ANNUAL_INDEX
4eece7db0cc8625b86d2,Stanley Fischer,2015-10-11,UNKNOWN,UNKNOWN,UNKNOWN,UNKNOWN,UNKNOWN,,U.S. Economy and Monetary Policy,,SPEECH,Board of Governors of the Federal Reserve System,FEDERAL_RESERVE_BOARD_ANNUAL_INDEX,https://www.federalreserve.gov/newsevents/speech/fischer20151011a.htm,,raw/speech_catalog/board_indexes/2015-speeches.htm,PUBLICATION_DATE_TIME_NOT_EXPOSED_IN_ANNUAL_INDEX
1b83341da5e87b2c353f,Lael Brainard,2015-10-12,UNKNOWN,UNKNOWN,UNKNOWN,UNKNOWN,UNKNOWN,,Economic Outlook and Monetary Policy,,SPEECH,Board of Governors of the Federal Reserve System,FEDERAL_RESERVE_BOARD_ANNUAL_INDEX,https://www.federalreserve.gov/newsevents/speech/brainard20151012a.htm,,raw/speech_catalog/board_indexes/2015-speeches.htm,PUBLICATION_DATE_TIME_NOT_EXPOSED_IN_ANNUAL_INDEX
10826f782f79c142798b,Lael Brainard,2015-10-19,UNKNOWN,UNKNOWN,UNKNOWN,UNKNOWN,UNKNOWN,,Identifying Opportunities for Reducing Regulatory Burdens on Community Banks,,SPEECH,Board of Governors of the Federal Reserve System,FEDERAL_RESERVE_BOARD_ANNUAL_INDEX,https://www.federalreserve.gov/newsevents/speech/brainard20151019a.htm,,raw/speech_catalog/board_indexes/2015-speeches.htm,PUBLICATION_DATE_TIME_NOT_EXPOSED_IN_ANNUAL_INDEX
de6bc3e35efdbf717c8b,Janet L. Yellen,2015-10-20,UNKNOWN,UNKNOWN,UNKNOWN,UNKNOWN,UNKNOWN,,Brief Remarks,,SPEECH,Board of Governors of the Federal Reserve System,FEDERAL_RESERVE_BOARD_ANNUAL_INDEX,https://www.federalreserve.gov/newsevents/speech/yellen20151020a.htm,,raw/speech_catalog/board_indexes/2015-speeches.htm,PUBLICATION_DATE_TIME_NOT_EXPOSED_IN_ANNUAL_INDEX
de70c91023385fa932f1,Jerome H. Powell,2015-10-20,UNKNOWN,UNKNOWN,UNKNOWN,UNKNOWN,UNKNOWN,,The Evolving Structure of U.S. Treasury Markets,,SPEECH,Board of Governors of the Federal Reserve System,FEDERAL_RESERVE_BOARD_ANNUAL_INDEX,https://www.federalreserve.gov/newsevents/speech/powell20151020a.htm,,raw/speech_catalog/board_indexes/2015-speeches.htm,PUBLICATION_DATE_TIME_NOT_EXPOSED_IN_ANNUAL_INDEX
8d2764cc4c1a6bb74716,Stanley Fischer,2015-11-04,UNKNOWN,UNKNOWN,UNKNOWN,UNKNOWN,UNKNOWN,,Central Bank Independence,,SPEECH,Board of Governors of the Federal Reserve System,FEDERAL_RESERVE_BOARD_ANNUAL_INDEX,https://www.federalreserve.gov/newsevents/speech/fischer20151104a.htm,,raw/speech_catalog/board_indexes/2015-speeches.htm,PUBLICATION_DATE_TIME_NOT_EXPOSED_IN_ANNUAL_INDEX
edfc763d1ccc02098316,Daniel K. Tarullo,2015-11-05,UNKNOWN,UNKNOWN,UNKNOWN,UNKNOWN,UNKNOWN,,Shared Responsibility for the Regulation of International Banks,,SPEECH,Board of Governors of the Federal Reserve System,FEDERAL_RESERVE_BOARD_ANNUAL_INDEX,https://www.federalreserve.gov/newsevents/speech/tarullo20151105a.htm,,raw/speech_catalog/board_indexes/2015-speeches.htm,PUBLICATION_DATE_TIME_NOT_EXPOSED_IN_ANNUAL_INDEX
b5a6f4f125a1a755d16a,Lael Brainard,2015-11-06,UNKNOWN,UNKNOWN,UNKNOWN,UNKNOWN,UNKNOWN,,Unconventional Monetary Policy and Cross-Border Spillovers,,SPEECH,Board of Governors of the Federal Reserve System,FEDERAL_RESERVE_BOARD_ANNUAL_INDEX,https://www.federalreserve.gov/newsevents/speech/brainard20151106a.htm,,raw/speech_catalog/board_indexes/2015-speeches.htm,PUBLICATION_DATE_TIME_NOT_EXPOSED_IN_ANNUAL_INDEX
40480cafbb3238afe98f,Janet L. Yellen,2015-11-12,UNKNOWN,UNKNOWN,UNKNOWN,UNKNOWN,UNKNOWN,,Welcoming Remarks,,SPEECH,Board of Governors of the Federal Reserve System,FEDERAL_RESERVE_BOARD_ANNUAL_INDEX,https://www.federalreserve.gov/newsevents/speech/yellen20151112a.htm,,raw/speech_catalog/board_indexes/2015-speeches.htm,PUBLICATION_DATE_TIME_NOT_EXPOSED_IN_ANNUAL_INDEX
eafc1a274fa863e47f61,Stanley Fischer,2015-11-12,UNKNOWN,UNKNOWN,UNKNOWN,UNKNOWN,UNKNOWN,,The Transmission of Exchange Rate Changes to Output and Inflation,,SPEECH,Board of Governors of the Federal Reserve System,FEDERAL_RESERVE_BOARD_ANNUAL_INDEX,https://www.federalreserve.gov/newsevents/speech/fischer20151112a.htm,,raw/speech_catalog/board_indexes/2015-speeches.htm,PUBLICATION_DATE_TIME_NOT_EXPOSED_IN_ANNUAL_INDEX
e8ee0d7c5fda364f915b,Daniel K. Tarullo,2015-11-17,UNKNOWN,UNKNOWN,UNKNOWN,UNKNOWN,UNKNOWN,,Thinking Critically about Nonbank Financial Intermediation,,SPEECH,Board of Governors of the Federal Reserve System,FEDERAL_RESERVE_BOARD_ANNUAL_INDEX,https://www.federalreserve.gov/newsevents/speech/tarullo20151117a.htm,,raw/speech_catalog/board_indexes/2015-speeches.htm,PUBLICATION_DATE_TIME_NOT_EXPOSED_IN_ANNUAL_INDEX
b82fd03a35e17a4deb65,Jerome H. Powell,2015-11-17,UNKNOWN,UNKNOWN,UNKNOWN,UNKNOWN,UNKNOWN,,Central Clearing in an Interdependent World,,SPEECH,Board of Governors of the Federal Reserve System,FEDERAL_RESERVE_BOARD_ANNUAL_INDEX,https://www.federalreserve.gov/newsevents/speech/powell20151117a.htm,,raw/speech_catalog/board_indexes/2015-speeches.htm,PUBLICATION_DATE_TIME_NOT_EXPOSED_IN_ANNUAL_INDEX
554eaaf0626c2957a43b,Stanley Fischer,2015-11-19,UNKNOWN,UNKNOWN,UNKNOWN,UNKNOWN,UNKNOWN,,Emerging Asia in Transition,,SPEECH,Board of Governors of the Federal Reserve System,FEDERAL_RESERVE_BOARD_ANNUAL_INDEX,https://www.federalreserve.gov/newsevents/speech/fischer20151119a.htm,,raw/speech_catalog/board_indexes/2015-speeches.htm,PUBLICATION_DATE_TIME_NOT_EXPOSED_IN_ANNUAL_INDEX
557e192daa4d0a4b5f96,Jerome H. Powell,2015-11-20,UNKNOWN,UNKNOWN,UNKNOWN,UNKNOWN,UNKNOWN,,Opening Remarks,,SPEECH,Board of Governors of the Federal Reserve System,FEDERAL_RESERVE_BOARD_ANNUAL_INDEX,https://www.federalreserve.gov/newsevents/speech/powell20151120a.htm,,raw/speech_catalog/board_indexes/2015-speeches.htm,PUBLICATION_DATE_TIME_NOT_EXPOSED_IN_ANNUAL_INDEX
51fe1600544e31194351,Lael Brainard,2015-12-01,UNKNOWN,UNKNOWN,UNKNOWN,UNKNOWN,UNKNOWN,,Normalizing Monetary Policy When the Neutral Interest Rate Is Low,,SPEECH,Board of Governors of the Federal Reserve System,FEDERAL_RESERVE_BOARD_ANNUAL_INDEX,https://www.federalreserve.gov/newsevents/speech/brainard20151201a.htm,,raw/speech_catalog/board_indexes/2015-speeches.htm,PUBLICATION_DATE_TIME_NOT_EXPOSED_IN_ANNUAL_INDEX
b401d32930d5310dd920,Daniel K. Tarullo,2015-12-02,UNKNOWN,UNKNOWN,UNKNOWN,UNKNOWN,UNKNOWN,,Opening Remarks,,SPEECH,Board of Governors of the Federal Reserve System,FEDERAL_RESERVE_BOARD_ANNUAL_INDEX,https://www.federalreserve.gov/newsevents/speech/tarullo20151202a.htm,,raw/speech_catalog/board_indexes/2015-speeches.htm,PUBLICATION_DATE_TIME_NOT_EXPOSED_IN_ANNUAL_INDEX
efd49920f2063e5fd050,Janet L. Yellen,2015-12-02,UNKNOWN,UNKNOWN,UNKNOWN,UNKNOWN,UNKNOWN,,The Economic Outlook and Monetary Policy,,SPEECH,Board of Governors of the Federal Reserve System,FEDERAL_RESERVE_BOARD_ANNUAL_INDEX,https://www.federalreserve.gov/newsevents/speech/yellen20151202a.htm,,raw/speech_catalog/board_indexes/2015-speeches.htm,PUBLICATION_DATE_TIME_NOT_EXPOSED_IN_ANNUAL_INDEX
4e2c402575f0ce40f193,Stanley Fischer,2015-12-03,UNKNOWN,UNKNOWN,UNKNOWN,UNKNOWN,UNKNOWN,,Financial Stability and Shadow Banks: What We Don't Know Could Hurt Us,,SPEECH,Board of Governors of the Federal Reserve System,FEDERAL_RESERVE_BOARD_ANNUAL_INDEX,https://www.federalreserve.gov/newsevents/speech/fischer20151203a.htm,,raw/speech_catalog/board_indexes/2015-speeches.htm,PUBLICATION_DATE_TIME_NOT_EXPOSED_IN_ANNUAL_INDEX
658827279f4d79d0f540,Stanley Fischer,2016-01-03,UNKNOWN,UNKNOWN,UNKNOWN,UNKNOWN,UNKNOWN,,"Monetary Policy, Financial Stability, and the Zero Lower Bound",,SPEECH,Board of Governors of the Federal Reserve System,FEDERAL_RESERVE_BOARD_ANNUAL_INDEX,https://www.federalreserve.gov/newsevents/speech/fischer20160103a.htm,,raw/speech_catalog/board_indexes/2016-speeches.htm,PUBLICATION_DATE_TIME_NOT_EXPOSED_IN_ANNUAL_INDEX
2361aeb3aebb5704e045,Stanley Fischer,2016-02-01,UNKNOWN,UNKNOWN,UNKNOWN,UNKNOWN,UNKNOWN,,Recent Monetary Policy,,SPEECH,Board of Governors of the Federal Reserve System,FEDERAL_RESERVE_BOARD_ANNUAL_INDEX,https://www.federalreserve.gov/newsevents/speech/fischer20160201a.htm,,raw/speech_catalog/board_indexes/2016-speeches.htm,PUBLICATION_DATE_TIME_NOT_EXPOSED_IN_ANNUAL_INDEX
838840bb3385cefe223b,Stanley Fischer,2016-02-10,UNKNOWN,UNKNOWN,UNKNOWN,UNKNOWN,UNKNOWN,,The Lender of Last Resort Function in the United States,,SPEECH,Board of Governors of the Federal Reserve System,FEDERAL_RESERVE_BOARD_ANNUAL_INDEX,https://www.federalreserve.gov/newsevents/speech/fischer20160210a.htm,,raw/speech_catalog/board_indexes/2016-speeches.htm,PUBLICATION_DATE_TIME_NOT_EXPOSED_IN_ANNUAL_INDEX
e88aea89e9f95f3e624c,Stanley Fischer,2016-02-23,UNKNOWN,UNKNOWN,UNKNOWN,UNKNOWN,UNKNOWN,,Recent Monetary Policy Developments,,SPEECH,Board of Governors of the Federal Reserve System,FEDERAL_RESERVE_BOARD_ANNUAL_INDEX,https://www.federalreserve.gov/newsevents/speech/fischer20160223a.htm,,raw/speech_catalog/board_indexes/2016-speeches.htm,PUBLICATION_DATE_TIME_NOT_EXPOSED_IN_ANNUAL_INDEX
429d25e4dea2b0ca8b7e,Jerome H. Powell,2016-02-26,UNKNOWN,UNKNOWN,UNKNOWN,UNKNOWN,UNKNOWN,,"Discussion of the paper ""Language after Liftoff: Fed Communication Away from the Zero Lower Bound""",,SPEECH,Board of Governors of the Federal Reserve System,FEDERAL_RESERVE_BOARD_ANNUAL_INDEX,https://www.federalreserve.gov/newsevents/speech/powell20160226a.htm,,raw/speech_catalog/board_indexes/2016-speeches.htm,PUBLICATION_DATE_TIME_NOT_EXPOSED_IN_ANNUAL_INDEX
bedfd187016768ac40a0,Lael Brainard,2016-02-26,UNKNOWN,UNKNOWN,UNKNOWN,UNKNOWN,UNKNOWN,,What Happened to the Great Divergence?,,SPEECH,Board of Governors of the Federal Reserve System,FEDERAL_RESERVE_BOARD_ANNUAL_INDEX,https://www.federalreserve.gov/newsevents/speech/brainard20160226a.htm,,raw/speech_catalog/board_indexes/2016-speeches.htm,PUBLICATION_DATE_TIME_NOT_EXPOSED_IN_ANNUAL_INDEX
546a32f9e41d46c39d36,Lael Brainard,2016-03-07,UNKNOWN,UNKNOWN,UNKNOWN,UNKNOWN,UNKNOWN,,"An Update on the Outlook, Liquidity, and Resilience",,SPEECH,Board of Governors of the Federal Reserve System,FEDERAL_RESERVE_BOARD_ANNUAL_INDEX,https://www.federalreserve.gov/newsevents/speech/brainard20160307a.htm,,raw/speech_catalog/board_indexes/2016-speeches.htm,PUBLICATION_DATE_TIME_NOT_EXPOSED_IN_ANNUAL_INDEX
fe72c60499d48dc1011f,Stanley Fischer,2016-03-07,UNKNOWN,UNKNOWN,UNKNOWN,UNKNOWN,UNKNOWN,,Reflections on Macroeconomics Then and Now,,SPEECH,Board of Governors of the Federal Reserve System,FEDERAL_RESERVE_BOARD_ANNUAL_INDEX,https://www.federalreserve.gov/newsevents/speech/fischer20160307a.htm,,raw/speech_catalog/board_indexes/2016-speeches.htm,PUBLICATION_DATE_TIME_NOT_EXPOSED_IN_ANNUAL_INDEX
01484aab264e98d9a08b,Janet L. Yellen,2016-03-29,UNKNOWN,UNKNOWN,UNKNOWN,UNKNOWN,UNKNOWN,,"The Outlook, Uncertainty, and Monetary Policy",,SPEECH,Board of Governors of the Federal Reserve System,FEDERAL_RESERVE_BOARD_ANNUAL_INDEX,https://www.federalreserve.gov/newsevents/speech/yellen20160329a.htm,,raw/speech_catalog/board_indexes/2016-speeches.htm,PUBLICATION_DATE_TIME_NOT_EXPOSED_IN_ANNUAL_INDEX
7fb6665091c9250ce452,Lael Brainard,2016-04-14,UNKNOWN,UNKNOWN,UNKNOWN,UNKNOWN,UNKNOWN,,"The Use of Distributed Ledger Technologies in Payment, Clearing, and Settlement",,SPEECH,Board of Governors of the Federal Reserve System,FEDERAL_RESERVE_BOARD_ANNUAL_INDEX,https://www.federalreserve.gov/newsevents/speech/brainard20160414a.htm,,raw/speech_catalog/board_indexes/2016-speeches.htm,PUBLICATION_DATE_TIME_NOT_EXPOSED_IN_ANNUAL_INDEX
3b97f644d55eb2dd478a,Stanley Fischer,2016-05-19,UNKNOWN,UNKNOWN,UNKNOWN,UNKNOWN,UNKNOWN,,"(Money), Interest and Prices: Patinkin and Woodford",,SPEECH,Board of Governors of the Federal Reserve System,FEDERAL_RESERVE_BOARD_ANNUAL_INDEX,https://www.federalreserve.gov/newsevents/speech/fischer20160519.htm,,raw/speech_catalog/board_indexes/2016-speeches.htm,PUBLICATION_DATE_TIME_NOT_EXPOSED_IN_ANNUAL_INDEX
ccb21d34b2db47dffcee,Daniel K. Tarullo,2016-05-20,UNKNOWN,UNKNOWN,UNKNOWN,UNKNOWN,UNKNOWN,,Insurance Companies and the Role of the Federal Reserve,,SPEECH,Board of Governors of the Federal Reserve System,FEDERAL_RESERVE_BOARD_ANNUAL_INDEX,https://www.federalreserve.gov/newsevents/speech/tarullo20160520a.htm,,raw/speech_catalog/board_indexes/2016-speeches.htm,PUBLICATION_DATE_TIME_NOT_EXPOSED_IN_ANNUAL_INDEX
fa2277c12717fb52eae3,Jerome H. Powell,2016-05-26,UNKNOWN,UNKNOWN,UNKNOWN,UNKNOWN,UNKNOWN,,"Recent Economic Developments, the Productive Potential of the Economy, and Monetary Policy",,SPEECH,Board of Governors of the Federal Reserve System,FEDERAL_RESERVE_BOARD_ANNUAL_INDEX,https://www.federalreserve.gov/newsevents/speech/powell20160526a.htm,,raw/speech_catalog/board_indexes/2016-speeches.htm,PUBLICATION_DATE_TIME_NOT_EXPOSED_IN_ANNUAL_INDEX
b11afe1a7dd8c51a5fd2,Lael Brainard,2016-06-03,UNKNOWN,UNKNOWN,UNKNOWN,UNKNOWN,UNKNOWN,,The Economic Outlook and Implications for Monetary Policy,,SPEECH,Board of Governors of the Federal Reserve System,FEDERAL_RESERVE_BOARD_ANNUAL_INDEX,https://www.federalreserve.gov/newsevents/speech/brainard20160603a.htm,,raw/speech_catalog/board_indexes/2016-speeches.htm,PUBLICATION_DATE_TIME_NOT_EXPOSED_IN_ANNUAL_INDEX
5dc401659625e284752c,Janet L. Yellen,2016-06-06,UNKNOWN,UNKNOWN,UNKNOWN,UNKNOWN,UNKNOWN,,Current Conditions and the Outlook for the U.S. Economy,,SPEECH,Board of Governors of the Federal Reserve System,FEDERAL_RESERVE_BOARD_ANNUAL_INDEX,https://www.federalreserve.gov/newsevents/speech/yellen20160606a.htm,,raw/speech_catalog/board_indexes/2016-speeches.htm,PUBLICATION_DATE_TIME_NOT_EXPOSED_IN_ANNUAL_INDEX
4439811770f486be96a5,Jerome H. Powell,2016-06-21,UNKNOWN,UNKNOWN,UNKNOWN,UNKNOWN,UNKNOWN,,Introductory Comments,,SPEECH,Board of Governors of the Federal Reserve System,FEDERAL_RESERVE_BOARD_ANNUAL_INDEX,https://www.federalreserve.gov/newsevents/speech/powell20160621a.htm,,raw/speech_catalog/board_indexes/2016-speeches.htm,PUBLICATION_DATE_TIME_NOT_EXPOSED_IN_ANNUAL_INDEX
e1fdd30af9bfd8c1fac8,Stanley Fischer,2016-06-22,UNKNOWN,UNKNOWN,UNKNOWN,UNKNOWN,UNKNOWN,,Comments on the Resolution Framework for Banks and Bank Holding Companies in the United States,,SPEECH,Board of Governors of the Federal Reserve System,FEDERAL_RESERVE_BOARD_ANNUAL_INDEX,https://www.federalreserve.gov/newsevents/speech/fischer20160622a.htm,,raw/speech_catalog/board_indexes/2016-speeches.htm,PUBLICATION_DATE_TIME_NOT_EXPOSED_IN_ANNUAL_INDEX
d6c3f36c6d8ba05e52ba,Jerome H. Powell,2016-06-28,UNKNOWN,UNKNOWN,UNKNOWN,UNKNOWN,UNKNOWN,,"Recent Economic Developments, Monetary Policy Considerations and Longer-term Prospects",,SPEECH,Board of Governors of the Federal Reserve System,FEDERAL_RESERVE_BOARD_ANNUAL_INDEX,https://www.federalreserve.gov/newsevents/speech/powell20160628a.htm,,raw/speech_catalog/board_indexes/2016-speeches.htm,PUBLICATION_DATE_TIME_NOT_EXPOSED_IN_ANNUAL_INDEX
0797eff6dfe8559e7c2d,Daniel K. Tarullo,2016-07-12,UNKNOWN,UNKNOWN,UNKNOWN,UNKNOWN,UNKNOWN,,Opening Remarks,,SPEECH,Board of Governors of the Federal Reserve System,FEDERAL_RESERVE_BOARD_ANNUAL_INDEX,https://www.federalreserve.gov/newsevents/speech/tarullo20160712a.htm,,raw/speech_catalog/board_indexes/2016-speeches.htm,PUBLICATION_DATE_TIME_NOT_EXPOSED_IN_ANNUAL_INDEX
3142544b445435496e2f,Stanley Fischer,2016-08-21,UNKNOWN,UNKNOWN,UNKNOWN,UNKNOWN,UNKNOWN,,Remarks on the U.S. Economy,,SPEECH,Board of Governors of the Federal Reserve System,FEDERAL_RESERVE_BOARD_ANNUAL_INDEX,https://www.federalreserve.gov/newsevents/speech/fischer20160821a.htm,,raw/speech_catalog/board_indexes/2016-speeches.htm,PUBLICATION_DATE_TIME_NOT_EXPOSED_IN_ANNUAL_INDEX
54627ebb83122a6fdc44,Janet L. Yellen,2016-08-26,UNKNOWN,UNKNOWN,UNKNOWN,UNKNOWN,UNKNOWN,,"The Federal Reserve's Monetary Policy Toolkit: Past, Present, and Future",,SPEECH,Board of Governors of the Federal Reserve System,FEDERAL_RESERVE_BOARD_ANNUAL_INDEX,https://www.federalreserve.gov/newsevents/speech/yellen20160826a.htm,,raw/speech_catalog/board_indexes/2016-speeches.htm,PUBLICATION_DATE_TIME_NOT_EXPOSED_IN_ANNUAL_INDEX
8e64d6d999c57e7da346,Lael Brainard,2016-09-12,UNKNOWN,UNKNOWN,UNKNOWN,UNKNOWN,UNKNOWN,,"The ""New Normal"" and What It Means for Monetary Policy",,SPEECH,Board of Governors of the Federal Reserve System,FEDERAL_RESERVE_BOARD_ANNUAL_INDEX,https://www.federalreserve.gov/newsevents/speech/brainard20160912a.htm,,raw/speech_catalog/board_indexes/2016-speeches.htm,PUBLICATION_DATE_TIME_NOT_EXPOSED_IN_ANNUAL_INDEX
82a16b7a33a8f08733b8,Daniel K. Tarullo,2016-09-26,UNKNOWN,UNKNOWN,UNKNOWN,UNKNOWN,UNKNOWN,,Next Steps in the Evolution of Stress Testing,,SPEECH,Board of Governors of the Federal Reserve System,FEDERAL_RESERVE_BOARD_ANNUAL_INDEX,https://www.federalreserve.gov/newsevents/speech/tarullo20160926a.htm,,raw/speech_catalog/board_indexes/2016-speeches.htm,PUBLICATION_DATE_TIME_NOT_EXPOSED_IN_ANNUAL_INDEX
e0fc02718d7eb44fd830,Stanley Fischer,2016-09-27,UNKNOWN,UNKNOWN,UNKNOWN,UNKNOWN,UNKNOWN,,Why Study Economics?,,SPEECH,Board of Governors of the Federal Reserve System,FEDERAL_RESERVE_BOARD_ANNUAL_INDEX,https://www.federalreserve.gov/newsevents/speech/fischer20160927a.htm,,raw/speech_catalog/board_indexes/2016-speeches.htm,PUBLICATION_DATE_TIME_NOT_EXPOSED_IN_ANNUAL_INDEX
b53dee9bd79cccac2415,Janet L. Yellen,2016-09-29,UNKNOWN,UNKNOWN,UNKNOWN,UNKNOWN,UNKNOWN,,Brief Remarks,,SPEECH,Board of Governors of the Federal Reserve System,FEDERAL_RESERVE_BOARD_ANNUAL_INDEX,https://www.federalreserve.gov/newsevents/speech/yellen20160929a.htm,,raw/speech_catalog/board_indexes/2016-speeches.htm,PUBLICATION_DATE_TIME_NOT_EXPOSED_IN_ANNUAL_INDEX
f8dafbab3d634a889a9c,Jerome H. Powell,2016-09-29,UNKNOWN,UNKNOWN,UNKNOWN,UNKNOWN,UNKNOWN,,Trends in Community Bank Performance over the Past 20 Years,,SPEECH,Board of Governors of the Federal Reserve System,FEDERAL_RESERVE_BOARD_ANNUAL_INDEX,https://www.federalreserve.gov/newsevents/speech/powell20160929a.htm,,raw/speech_catalog/board_indexes/2016-speeches.htm,PUBLICATION_DATE_TIME_NOT_EXPOSED_IN_ANNUAL_INDEX
76d742446a955c97807e,Stanley Fischer,2016-10-05,UNKNOWN,UNKNOWN,UNKNOWN,UNKNOWN,UNKNOWN,,Low Interest Rates,,SPEECH,Board of Governors of the Federal Reserve System,FEDERAL_RESERVE_BOARD_ANNUAL_INDEX,https://www.federalreserve.gov/newsevents/speech/fischer20161005a.htm,,raw/speech_catalog/board_indexes/2016-speeches.htm,PUBLICATION_DATE_TIME_NOT_EXPOSED_IN_ANNUAL_INDEX
86cfe117434d3b0fbfb0,Lael Brainard,2016-10-07,UNKNOWN,UNKNOWN,UNKNOWN,UNKNOWN,UNKNOWN,,"Distributed Ledger Technology: Implications for Payments, Clearing, and Settlement",,SPEECH,Board of Governors of the Federal Reserve System,FEDERAL_RESERVE_BOARD_ANNUAL_INDEX,https://www.federalreserve.gov/newsevents/speech/brainard20161007a.htm,,raw/speech_catalog/board_indexes/2016-speeches.htm,PUBLICATION_DATE_TIME_NOT_EXPOSED_IN_ANNUAL_INDEX
3a1fcaa6f584b54f5a74,Stanley Fischer,2016-10-09,UNKNOWN,UNKNOWN,UNKNOWN,UNKNOWN,UNKNOWN,,The U.S. Economy and Monetary Policy,,SPEECH,Board of Governors of the Federal Reserve System,FEDERAL_RESERVE_BOARD_ANNUAL_INDEX,https://www.federalreserve.gov/newsevents/speech/fischer20161009a.htm,,raw/speech_catalog/board_indexes/2016-speeches.htm,PUBLICATION_DATE_TIME_NOT_EXPOSED_IN_ANNUAL_INDEX
f9c162f74702fd6383ce,Janet L. Yellen,2016-10-14,UNKNOWN,UNKNOWN,UNKNOWN,UNKNOWN,UNKNOWN,,Macroeconomic Research After the Crisis,,SPEECH,Board of Governors of the Federal Reserve System,FEDERAL_RESERVE_BOARD_ANNUAL_INDEX,https://www.federalreserve.gov/newsevents/speech/yellen20161014a.htm,,raw/speech_catalog/board_indexes/2016-speeches.htm,PUBLICATION_DATE_TIME_NOT_EXPOSED_IN_ANNUAL_INDEX
630415eec1ac998ef528,Stanley Fischer,2016-10-17,UNKNOWN,UNKNOWN,UNKNOWN,UNKNOWN,UNKNOWN,,Why Are Interest Rates So Low? Causes and Implications,,SPEECH,Board of Governors of the Federal Reserve System,FEDERAL_RESERVE_BOARD_ANNUAL_INDEX,https://www.federalreserve.gov/newsevents/speech/fischer20161017a.htm,,raw/speech_catalog/board_indexes/2016-speeches.htm,PUBLICATION_DATE_TIME_NOT_EXPOSED_IN_ANNUAL_INDEX
7c322601345f81f21ba2,Daniel K. Tarullo,2016-10-21,UNKNOWN,UNKNOWN,UNKNOWN,UNKNOWN,UNKNOWN,,Pedagogy and Scholarship in a Post-Crisis World,,SPEECH,Board of Governors of the Federal Reserve System,FEDERAL_RESERVE_BOARD_ANNUAL_INDEX,https://www.federalreserve.gov/newsevents/speech/tarullo20161021a.htm,,raw/speech_catalog/board_indexes/2016-speeches.htm,PUBLICATION_DATE_TIME_NOT_EXPOSED_IN_ANNUAL_INDEX
b7af091ab82bd8c6c91e,Jerome H. Powell,2016-10-24,UNKNOWN,UNKNOWN,UNKNOWN,UNKNOWN,UNKNOWN,,Opening Remarks on Government Securities Settlement,,SPEECH,Board of Governors of the Federal Reserve System,FEDERAL_RESERVE_BOARD_ANNUAL_INDEX,https://www.federalreserve.gov/newsevents/speech/powell20161024.htm,,raw/speech_catalog/board_indexes/2016-speeches.htm,PUBLICATION_DATE_TIME_NOT_EXPOSED_IN_ANNUAL_INDEX
eff3fb5e8f51c47ab716,Stanley Fischer,2016-11-04,UNKNOWN,UNKNOWN,UNKNOWN,UNKNOWN,UNKNOWN,,The Economic Outlook,,SPEECH,Board of Governors of the Federal Reserve System,FEDERAL_RESERVE_BOARD_ANNUAL_INDEX,https://www.federalreserve.gov/newsevents/speech/fischer20161104a.htm,,raw/speech_catalog/board_indexes/2016-speeches.htm,PUBLICATION_DATE_TIME_NOT_EXPOSED_IN_ANNUAL_INDEX
b287e4439da7213cd578,Stanley Fischer,2016-11-11,UNKNOWN,UNKNOWN,UNKNOWN,UNKNOWN,UNKNOWN,,U.S. Monetary Policy from an International Perspective,,SPEECH,Board of Governors of the Federal Reserve System,FEDERAL_RESERVE_BOARD_ANNUAL_INDEX,https://www.federalreserve.gov/newsevents/speech/fischer20161111a.htm,,raw/speech_catalog/board_indexes/2016-speeches.htm,PUBLICATION_DATE_TIME_NOT_EXPOSED_IN_ANNUAL_INDEX
deecb041968419aee857,Stanley Fischer,2016-11-15,UNKNOWN,UNKNOWN,UNKNOWN,UNKNOWN,UNKNOWN,,Is There a Liquidity Problem Post-Crisis?,,SPEECH,Board of Governors of the Federal Reserve System,FEDERAL_RESERVE_BOARD_ANNUAL_INDEX,https://www.federalreserve.gov/newsevents/speech/fischer20161115a.htm,,raw/speech_catalog/board_indexes/2016-speeches.htm,PUBLICATION_DATE_TIME_NOT_EXPOSED_IN_ANNUAL_INDEX
9e9f19634253e68984c5,Lael Brainard,2016-11-17,UNKNOWN,UNKNOWN,UNKNOWN,UNKNOWN,UNKNOWN,,"The ""Gig"" Economy: Implications of the Growth of Contingent Work",,SPEECH,Board of Governors of the Federal Reserve System,FEDERAL_RESERVE_BOARD_ANNUAL_INDEX,https://www.federalreserve.gov/newsevents/speech/brainard20161117a.htm,,raw/speech_catalog/board_indexes/2016-speeches.htm,PUBLICATION_DATE_TIME_NOT_EXPOSED_IN_ANNUAL_INDEX
130e433813aab401a49c,Jerome H. Powell,2016-11-18,UNKNOWN,UNKNOWN,UNKNOWN,UNKNOWN,UNKNOWN,,The Global Trade Slowdown and Its Implications for Emerging Asia,,SPEECH,Board of Governors of the Federal Reserve System,FEDERAL_RESERVE_BOARD_ANNUAL_INDEX,https://www.federalreserve.gov/newsevents/speech/powell20161118a.htm,,raw/speech_catalog/board_indexes/2016-speeches.htm,PUBLICATION_DATE_TIME_NOT_EXPOSED_IN_ANNUAL_INDEX
8c1d0f045223f05efaed,Stanley Fischer,2016-11-21,UNKNOWN,UNKNOWN,UNKNOWN,UNKNOWN,UNKNOWN,,Longer-Term Challenges for the U.S. Economy,,SPEECH,Board of Governors of the Federal Reserve System,FEDERAL_RESERVE_BOARD_ANNUAL_INDEX,https://www.federalreserve.gov/newsevents/speech/fischer20161121a.htm,,raw/speech_catalog/board_indexes/2016-speeches.htm,PUBLICATION_DATE_TIME_NOT_EXPOSED_IN_ANNUAL_INDEX
a3e0155cebba6f0b7d44,Jerome H. Powell,2016-11-29,UNKNOWN,UNKNOWN,UNKNOWN,UNKNOWN,UNKNOWN,,Recent Economic Developments and Longer-Run Challenges,,SPEECH,Board of Governors of the Federal Reserve System,FEDERAL_RESERVE_BOARD_ANNUAL_INDEX,https://www.federalreserve.gov/newsevents/speech/powell20161129a.htm,,raw/speech_catalog/board_indexes/2016-speeches.htm,PUBLICATION_DATE_TIME_NOT_EXPOSED_IN_ANNUAL_INDEX
e4d697847fafb70586ac,Jerome H. Powell,2016-11-30,UNKNOWN,UNKNOWN,UNKNOWN,UNKNOWN,UNKNOWN,,A View from the Fed,,SPEECH,Board of Governors of the Federal Reserve System,FEDERAL_RESERVE_BOARD_ANNUAL_INDEX,https://www.federalreserve.gov/newsevents/speech/powell20161130a.htm,,raw/speech_catalog/board_indexes/2016-speeches.htm,PUBLICATION_DATE_TIME_NOT_EXPOSED_IN_ANNUAL_INDEX
3583d2c5131b3c8e90ae,Daniel K. Tarullo,2016-12-02,UNKNOWN,UNKNOWN,UNKNOWN,UNKNOWN,UNKNOWN,,Financial Regulation Since the Crisis,,SPEECH,Board of Governors of the Federal Reserve System,FEDERAL_RESERVE_BOARD_ANNUAL_INDEX,https://www.federalreserve.gov/newsevents/speech/tarullo20161202a.htm,,raw/speech_catalog/board_indexes/2016-speeches.htm,PUBLICATION_DATE_TIME_NOT_EXPOSED_IN_ANNUAL_INDEX
f3b3e84973b10e960ec0,Lael Brainard,2016-12-02,UNKNOWN,UNKNOWN,UNKNOWN,UNKNOWN,UNKNOWN,,The Opportunities and Challenges of Fintech,,SPEECH,Board of Governors of the Federal Reserve System,FEDERAL_RESERVE_BOARD_ANNUAL_INDEX,https://www.federalreserve.gov/newsevents/speech/brainard20161202a.htm,,raw/speech_catalog/board_indexes/2016-speeches.htm,PUBLICATION_DATE_TIME_NOT_EXPOSED_IN_ANNUAL_INDEX
389f397169c77961a90f,Janet L. Yellen,2016-12-19,UNKNOWN,UNKNOWN,UNKNOWN,UNKNOWN,UNKNOWN,,Commencement Remarks,,SPEECH,Board of Governors of the Federal Reserve System,FEDERAL_RESERVE_BOARD_ANNUAL_INDEX,https://www.federalreserve.gov/newsevents/speech/yellen20161219a.htm,,raw/speech_catalog/board_indexes/2016-speeches.htm,PUBLICATION_DATE_TIME_NOT_EXPOSED_IN_ANNUAL_INDEX
a35b06877cea1df260c3,Jerome H. Powell,2017-01-07,UNKNOWN,UNKNOWN,UNKNOWN,UNKNOWN,UNKNOWN,,Low Interest Rates and the Financial System,,SPEECH,Board of Governors of the Federal Reserve System,FEDERAL_RESERVE_BOARD_ANNUAL_INDEX,https://www.federalreserve.gov/newsevents/speech/powell20170107a.htm,,raw/speech_catalog/board_indexes/2017-speeches.htm,PUBLICATION_DATE_TIME_NOT_EXPOSED_IN_ANNUAL_INDEX
0a0a22ad0e5fcb610d1b,Janet L. Yellen,2017-01-12,UNKNOWN,UNKNOWN,UNKNOWN,UNKNOWN,UNKNOWN,,Video,,SPEECH,Board of Governors of the Federal Reserve System,FEDERAL_RESERVE_BOARD_ANNUAL_INDEX,https://www.federalreserve.gov/newsevents/speech/yellen20170112a.htm,,raw/speech_catalog/board_indexes/2017-speeches.htm,PUBLICATION_DATE_TIME_NOT_EXPOSED_IN_ANNUAL_INDEX
332d2647cf7c0a4faf84,Lael Brainard,2017-01-17,UNKNOWN,UNKNOWN,UNKNOWN,UNKNOWN,UNKNOWN,,Video,,SPEECH,Board of Governors of the Federal Reserve System,FEDERAL_RESERVE_BOARD_ANNUAL_INDEX,https://www.federalreserve.gov/newsevents/speech/brainard20170117a.htm,,raw/speech_catalog/board_indexes/2017-speeches.htm,PUBLICATION_DATE_TIME_NOT_EXPOSED_IN_ANNUAL_INDEX
9bc852012d03f3494d61,Janet L. Yellen,2017-01-18,UNKNOWN,UNKNOWN,UNKNOWN,UNKNOWN,UNKNOWN,,Video,,SPEECH,Board of Governors of the Federal Reserve System,FEDERAL_RESERVE_BOARD_ANNUAL_INDEX,https://www.federalreserve.gov/newsevents/speech/yellen20170118a.htm,,raw/speech_catalog/board_indexes/2017-speeches.htm,PUBLICATION_DATE_TIME_NOT_EXPOSED_IN_ANNUAL_INDEX
253b19fcd7776084bec1,Janet L. Yellen,2017-01-19,UNKNOWN,UNKNOWN,UNKNOWN,UNKNOWN,UNKNOWN,,Video,,SPEECH,Board of Governors of the Federal Reserve System,FEDERAL_RESERVE_BOARD_ANNUAL_INDEX,https://www.federalreserve.gov/newsevents/speech/yellen20170119a.htm,,raw/speech_catalog/board_indexes/2017-speeches.htm,PUBLICATION_DATE_TIME_NOT_EXPOSED_IN_ANNUAL_INDEX
744d58260508e9818c1f,Stanley Fischer,2017-02-11,UNKNOWN,UNKNOWN,UNKNOWN,UNKNOWN,UNKNOWN,,"""I'd Rather Have Bob Solow Than an Econometric Model, But ...""",,SPEECH,Board of Governors of the Federal Reserve System,FEDERAL_RESERVE_BOARD_ANNUAL_INDEX,https://www.federalreserve.gov/newsevents/speech/fischer20170211a.htm,,raw/speech_catalog/board_indexes/2017-speeches.htm,PUBLICATION_DATE_TIME_NOT_EXPOSED_IN_ANNUAL_INDEX
ee3e14573cc4a45aa539,Jerome H. Powell,2017-02-22,UNKNOWN,UNKNOWN,UNKNOWN,UNKNOWN,UNKNOWN,,The Economic Outlook and Monetary Policy,,SPEECH,Board of Governors of the Federal Reserve System,FEDERAL_RESERVE_BOARD_ANNUAL_INDEX,https://www.federalreserve.gov/newsevents/speech/powell20170222a.htm,,raw/speech_catalog/board_indexes/2017-speeches.htm,PUBLICATION_DATE_TIME_NOT_EXPOSED_IN_ANNUAL_INDEX
f2193eb360b92360bb8e,Lael Brainard,2017-03-01,UNKNOWN,UNKNOWN,UNKNOWN,UNKNOWN,UNKNOWN,,Transitions in the Outlook and Monetary Policy,,SPEECH,Board of Governors of the Federal Reserve System,FEDERAL_RESERVE_BOARD_ANNUAL_INDEX,https://www.federalreserve.gov/newsevents/speech/brainard20170301a.htm,,raw/speech_catalog/board_indexes/2017-speeches.htm,PUBLICATION_DATE_TIME_NOT_EXPOSED_IN_ANNUAL_INDEX
1c099e83a5425de248e7,Janet L. Yellen,2017-03-03,UNKNOWN,UNKNOWN,UNKNOWN,UNKNOWN,UNKNOWN,,From Adding Accommodation to Scaling It Back,,SPEECH,Board of Governors of the Federal Reserve System,FEDERAL_RESERVE_BOARD_ANNUAL_INDEX,https://www.federalreserve.gov/newsevents/speech/yellen20170303a.htm,,raw/speech_catalog/board_indexes/2017-speeches.htm,PUBLICATION_DATE_TIME_NOT_EXPOSED_IN_ANNUAL_INDEX
b1fe08539dbc710d1a18,Jerome H. Powell,2017-03-03,UNKNOWN,UNKNOWN,UNKNOWN,UNKNOWN,UNKNOWN,,"Innovation, Technology, and the Payments System",,SPEECH,Board of Governors of the Federal Reserve System,FEDERAL_RESERVE_BOARD_ANNUAL_INDEX,https://www.federalreserve.gov/newsevents/speech/powell20170303a.htm,,raw/speech_catalog/board_indexes/2017-speeches.htm,PUBLICATION_DATE_TIME_NOT_EXPOSED_IN_ANNUAL_INDEX
401cee4940a98a3627ef,Stanley Fischer,2017-03-03,UNKNOWN,UNKNOWN,UNKNOWN,UNKNOWN,UNKNOWN,,"Monetary Policy: By Rule, By Committee, or By Both?",,SPEECH,Board of Governors of the Federal Reserve System,FEDERAL_RESERVE_BOARD_ANNUAL_INDEX,https://www.federalreserve.gov/newsevents/speech/fischer20170303a.htm,,raw/speech_catalog/board_indexes/2017-speeches.htm,PUBLICATION_DATE_TIME_NOT_EXPOSED_IN_ANNUAL_INDEX
ab877d4ac97131701e3f,Janet L. Yellen,2017-03-23,UNKNOWN,UNKNOWN,UNKNOWN,UNKNOWN,UNKNOWN,,Welcoming Remarks,,SPEECH,Board of Governors of the Federal Reserve System,FEDERAL_RESERVE_BOARD_ANNUAL_INDEX,https://www.federalreserve.gov/newsevents/speech/yellen20170323a.htm,,raw/speech_catalog/board_indexes/2017-speeches.htm,PUBLICATION_DATE_TIME_NOT_EXPOSED_IN_ANNUAL_INDEX
071af960e210f9b8428b,Janet L. Yellen,2017-03-28,UNKNOWN,UNKNOWN,UNKNOWN,UNKNOWN,UNKNOWN,,Addressing Workforce Development Challenges in Low-Income Communities,,SPEECH,Board of Governors of the Federal Reserve System,FEDERAL_RESERVE_BOARD_ANNUAL_INDEX,https://www.federalreserve.gov/newsevents/speech/yellen20170328a.htm,,raw/speech_catalog/board_indexes/2017-speeches.htm,PUBLICATION_DATE_TIME_NOT_EXPOSED_IN_ANNUAL_INDEX
d7328217f81388d78f03,Jerome H. Powell,2017-03-28,UNKNOWN,UNKNOWN,UNKNOWN,UNKNOWN,UNKNOWN,,America's Central Bank: The History and Structure of the Federal Reserve,,SPEECH,Board of Governors of the Federal Reserve System,FEDERAL_RESERVE_BOARD_ANNUAL_INDEX,https://www.federalreserve.gov/newsevents/speech/powell20170328a.htm,,raw/speech_catalog/board_indexes/2017-speeches.htm,PUBLICATION_DATE_TIME_NOT_EXPOSED_IN_ANNUAL_INDEX
4cbf2a41a3f61005c43c,Daniel K. Tarullo,2017-04-04,UNKNOWN,UNKNOWN,UNKNOWN,UNKNOWN,UNKNOWN,,Departing Thoughts,,SPEECH,Board of Governors of the Federal Reserve System,FEDERAL_RESERVE_BOARD_ANNUAL_INDEX,https://www.federalreserve.gov/newsevents/speech/tarullo20170404a.htm,,raw/speech_catalog/board_indexes/2017-speeches.htm,PUBLICATION_DATE_TIME_NOT_EXPOSED_IN_ANNUAL_INDEX
805a360bc4dd842a019e,Jerome H. Powell,2017-04-05,UNKNOWN,UNKNOWN,UNKNOWN,UNKNOWN,UNKNOWN,,Welcoming Remarks,,SPEECH,Board of Governors of the Federal Reserve System,FEDERAL_RESERVE_BOARD_ANNUAL_INDEX,https://www.federalreserve.gov/newsevents/speech/powell20170405a.htm,,raw/speech_catalog/board_indexes/2017-speeches.htm,PUBLICATION_DATE_TIME_NOT_EXPOSED_IN_ANNUAL_INDEX
f486adc82a194178187f,Stanley Fischer,2017-04-17,UNKNOWN,UNKNOWN,UNKNOWN,UNKNOWN,UNKNOWN,,Monetary Policy Expectations and Surprises,,SPEECH,Board of Governors of the Federal Reserve System,FEDERAL_RESERVE_BOARD_ANNUAL_INDEX,https://www.federalreserve.gov/newsevents/speech/fischer20170417a.htm,,raw/speech_catalog/board_indexes/2017-speeches.htm,PUBLICATION_DATE_TIME_NOT_EXPOSED_IN_ANNUAL_INDEX
0c80b362aecc8443e8af,Stanley Fischer,2017-04-19,UNKNOWN,UNKNOWN,UNKNOWN,UNKNOWN,UNKNOWN,,International Effects of Recent Policy Tightening,,SPEECH,Board of Governors of the Federal Reserve System,FEDERAL_RESERVE_BOARD_ANNUAL_INDEX,https://www.federalreserve.gov/newsevents/speech/fischer20170419a.htm,,raw/speech_catalog/board_indexes/2017-speeches.htm,PUBLICATION_DATE_TIME_NOT_EXPOSED_IN_ANNUAL_INDEX
7a5bcd742897d1fd2602,Jerome H. Powell,2017-04-20,UNKNOWN,UNKNOWN,UNKNOWN,UNKNOWN,UNKNOWN,,Brief Remarks,,SPEECH,Board of Governors of the Federal Reserve System,FEDERAL_RESERVE_BOARD_ANNUAL_INDEX,https://www.federalreserve.gov/newsevents/speech/powell20170420a.htm,,raw/speech_catalog/board_indexes/2017-speeches.htm,PUBLICATION_DATE_TIME_NOT_EXPOSED_IN_ANNUAL_INDEX
3ad9e5ba94a2ee4d1cf7,Lael Brainard,2017-04-28,UNKNOWN,UNKNOWN,UNKNOWN,UNKNOWN,UNKNOWN,,Where Do Banks Fit in the Fintech Stack?,,SPEECH,Board of Governors of the Federal Reserve System,FEDERAL_RESERVE_BOARD_ANNUAL_INDEX,https://www.federalreserve.gov/newsevents/speech/brainard20170428a.htm,,raw/speech_catalog/board_indexes/2017-speeches.htm,PUBLICATION_DATE_TIME_NOT_EXPOSED_IN_ANNUAL_INDEX
2684a4c8aaad3338e0f0,Janet L. Yellen,2017-05-05,UNKNOWN,UNKNOWN,UNKNOWN,UNKNOWN,UNKNOWN,,So We All Can Succeed: 125 Years of Women's Participation in the Economy,,SPEECH,Board of Governors of the Federal Reserve System,FEDERAL_RESERVE_BOARD_ANNUAL_INDEX,https://www.federalreserve.gov/newsevents/speech/yellen20170505a.htm,,raw/speech_catalog/board_indexes/2017-speeches.htm,PUBLICATION_DATE_TIME_NOT_EXPOSED_IN_ANNUAL_INDEX
a00c7a1d21a0d061cf96,Stanley Fischer,2017-05-05,UNKNOWN,UNKNOWN,UNKNOWN,UNKNOWN,UNKNOWN,,Committee Decisions and Monetary Policy Rules,,SPEECH,Board of Governors of the Federal Reserve System,FEDERAL_RESERVE_BOARD_ANNUAL_INDEX,https://www.federalreserve.gov/newsevents/speech/fischer20170505a.htm,,raw/speech_catalog/board_indexes/2017-speeches.htm,PUBLICATION_DATE_TIME_NOT_EXPOSED_IN_ANNUAL_INDEX
965932623a844b04c030,Lael Brainard,2017-05-22,UNKNOWN,UNKNOWN,UNKNOWN,UNKNOWN,UNKNOWN,,Why Opportunity and Inclusion Matter to America’s Economic Strength,,SPEECH,Board of Governors of the Federal Reserve System,FEDERAL_RESERVE_BOARD_ANNUAL_INDEX,https://www.federalreserve.gov/newsevents/speech/brainard20170522a.htm,,raw/speech_catalog/board_indexes/2017-speeches.htm,PUBLICATION_DATE_TIME_NOT_EXPOSED_IN_ANNUAL_INDEX
6098db22b789439d7d37,Lael Brainard,2017-05-30,UNKNOWN,UNKNOWN,UNKNOWN,UNKNOWN,UNKNOWN,,Navigating the Different Signals from Inflation and Unemployment,,SPEECH,Board of Governors of the Federal Reserve System,FEDERAL_RESERVE_BOARD_ANNUAL_INDEX,https://www.federalreserve.gov/newsevents/speech/brainard20170530a.htm,,raw/speech_catalog/board_indexes/2017-speeches.htm,PUBLICATION_DATE_TIME_NOT_EXPOSED_IN_ANNUAL_INDEX
aca5905948b03e3ce8d9,Jerome H. Powell,2017-06-01,UNKNOWN,UNKNOWN,UNKNOWN,UNKNOWN,UNKNOWN,,Thoughts on the Normalization of Monetary Policy,,SPEECH,Board of Governors of the Federal Reserve System,FEDERAL_RESERVE_BOARD_ANNUAL_INDEX,https://www.federalreserve.gov/newsevents/speech/powell20170601a.htm,,raw/speech_catalog/board_indexes/2017-speeches.htm,PUBLICATION_DATE_TIME_NOT_EXPOSED_IN_ANNUAL_INDEX
a3f6505ce316f2bc1695,Stanley Fischer,2017-06-20,UNKNOWN,UNKNOWN,UNKNOWN,UNKNOWN,UNKNOWN,,Housing and Financial Stability,,SPEECH,Board of Governors of the Federal Reserve System,FEDERAL_RESERVE_BOARD_ANNUAL_INDEX,https://www.federalreserve.gov/newsevents/speech/fischer20170620a.htm,,raw/speech_catalog/board_indexes/2017-speeches.htm,PUBLICATION_DATE_TIME_NOT_EXPOSED_IN_ANNUAL_INDEX
53cd26e1c667959e5185,Jerome H. Powell,2017-06-23,UNKNOWN,UNKNOWN,UNKNOWN,UNKNOWN,UNKNOWN,,Central Clearing and Liquidity,,SPEECH,Board of Governors of the Federal Reserve System,FEDERAL_RESERVE_BOARD_ANNUAL_INDEX,https://www.federalreserve.gov/newsevents/speech/powell20170623a.htm,,raw/speech_catalog/board_indexes/2017-speeches.htm,PUBLICATION_DATE_TIME_NOT_EXPOSED_IN_ANNUAL_INDEX
6d66d1e32b6668a7ca19,Jerome H. Powell,2017-06-26,UNKNOWN,UNKNOWN,UNKNOWN,UNKNOWN,UNKNOWN,,Remarks,,SPEECH,Board of Governors of the Federal Reserve System,FEDERAL_RESERVE_BOARD_ANNUAL_INDEX,https://www.federalreserve.gov/newsevents/speech/powell20170626a.htm,,raw/speech_catalog/board_indexes/2017-speeches.htm,PUBLICATION_DATE_TIME_NOT_EXPOSED_IN_ANNUAL_INDEX
8612ff90e059439a298a,Stanley Fischer,2017-06-27,UNKNOWN,UNKNOWN,UNKNOWN,UNKNOWN,UNKNOWN,,An Assessment of Financial Stability in the United States,,SPEECH,Board of Governors of the Federal Reserve System,FEDERAL_RESERVE_BOARD_ANNUAL_INDEX,https://www.federalreserve.gov/newsevents/speech/fischer20170627a.htm,,raw/speech_catalog/board_indexes/2017-speeches.htm,PUBLICATION_DATE_TIME_NOT_EXPOSED_IN_ANNUAL_INDEX
cd426bae5720409e2cbf,Jerome H. Powell,2017-07-06,UNKNOWN,UNKNOWN,UNKNOWN,UNKNOWN,UNKNOWN,,The Case for Housing Finance Reform,,SPEECH,Board of Governors of the Federal Reserve System,FEDERAL_RESERVE_BOARD_ANNUAL_INDEX,https://www.federalreserve.gov/newsevents/speech/powell20170706a.htm,,raw/speech_catalog/board_indexes/2017-speeches.htm,PUBLICATION_DATE_TIME_NOT_EXPOSED_IN_ANNUAL_INDEX
d34f0aeb835a9c9be9ce,Stanley Fischer,2017-07-06,UNKNOWN,UNKNOWN,UNKNOWN,UNKNOWN,UNKNOWN,,Government Policy and Labor Productivity,,SPEECH,Board of Governors of the Federal Reserve System,FEDERAL_RESERVE_BOARD_ANNUAL_INDEX,https://www.federalreserve.gov/newsevents/speech/fischer20170706a.htm,,raw/speech_catalog/board_indexes/2017-speeches.htm,PUBLICATION_DATE_TIME_NOT_EXPOSED_IN_ANNUAL_INDEX
dc5c7e437061f945ac5b,Lael Brainard,2017-07-11,UNKNOWN,UNKNOWN,UNKNOWN,UNKNOWN,UNKNOWN,,Cross-Border Spillovers of Balance Sheet Normalization,,SPEECH,Board of Governors of the Federal Reserve System,FEDERAL_RESERVE_BOARD_ANNUAL_INDEX,https://www.federalreserve.gov/newsevents/speech/brainard20170711a.htm,,raw/speech_catalog/board_indexes/2017-speeches.htm,PUBLICATION_DATE_TIME_NOT_EXPOSED_IN_ANNUAL_INDEX
212e18709e35ae8ca686,Lael Brainard,2017-07-13,UNKNOWN,UNKNOWN,UNKNOWN,UNKNOWN,UNKNOWN,,Cross-Border Spillovers of Balance Sheet Normalization,,SPEECH,Board of Governors of the Federal Reserve System,FEDERAL_RESERVE_BOARD_ANNUAL_INDEX,https://www.federalreserve.gov/newsevents/speech/brainard20170713a.htm,,raw/speech_catalog/board_indexes/2017-speeches.htm,PUBLICATION_DATE_TIME_NOT_EXPOSED_IN_ANNUAL_INDEX
0c4b4652b1d3c7d34283,Lael Brainard,2017-07-28,UNKNOWN,UNKNOWN,UNKNOWN,UNKNOWN,UNKNOWN,,Strengthening Diversity in Economics,,SPEECH,Board of Governors of the Federal Reserve System,FEDERAL_RESERVE_BOARD_ANNUAL_INDEX,https://www.federalreserve.gov/newsevents/speech/brainard20170728a.htm,,raw/speech_catalog/board_indexes/2017-speeches.htm,PUBLICATION_DATE_TIME_NOT_EXPOSED_IN_ANNUAL_INDEX
71d0b2e0b2a43cded2aa,Stanley Fischer,2017-07-31,UNKNOWN,UNKNOWN,UNKNOWN,UNKNOWN,UNKNOWN,,The Low Level of Global Real Interest Rates,,SPEECH,Board of Governors of the Federal Reserve System,FEDERAL_RESERVE_BOARD_ANNUAL_INDEX,https://www.federalreserve.gov/newsevents/speech/fischer20170731a.htm,,raw/speech_catalog/board_indexes/2017-speeches.htm,PUBLICATION_DATE_TIME_NOT_EXPOSED_IN_ANNUAL_INDEX
8b62949e10b0625c18e7,Janet L. Yellen,2017-08-25,UNKNOWN,UNKNOWN,UNKNOWN,UNKNOWN,UNKNOWN,,Financial Stability a Decade after the Onset of the Crisis,,SPEECH,Board of Governors of the Federal Reserve System,FEDERAL_RESERVE_BOARD_ANNUAL_INDEX,https://www.federalreserve.gov/newsevents/speech/yellen20170825a.htm,,raw/speech_catalog/board_indexes/2017-speeches.htm,PUBLICATION_DATE_TIME_NOT_EXPOSED_IN_ANNUAL_INDEX
92c3601406700f38ab29,Jerome H. Powell,2017-08-30,UNKNOWN,UNKNOWN,UNKNOWN,UNKNOWN,UNKNOWN,,The Role of Boards at Large Financial Firms,,SPEECH,Board of Governors of the Federal Reserve System,FEDERAL_RESERVE_BOARD_ANNUAL_INDEX,https://www.federalreserve.gov/newsevents/speech/powell20170830a.htm,,raw/speech_catalog/board_indexes/2017-speeches.htm,PUBLICATION_DATE_TIME_NOT_EXPOSED_IN_ANNUAL_INDEX
ae563f7d4f2a844d8b2d,Lael Brainard,2017-09-05,UNKNOWN,UNKNOWN,UNKNOWN,UNKNOWN,UNKNOWN,,Understanding the Disconnect between Employment and Inflation with a Low Neutral Rate,,SPEECH,Board of Governors of the Federal Reserve System,FEDERAL_RESERVE_BOARD_ANNUAL_INDEX,https://www.federalreserve.gov/newsevents/speech/brainard20170905a.htm,,raw/speech_catalog/board_indexes/2017-speeches.htm,PUBLICATION_DATE_TIME_NOT_EXPOSED_IN_ANNUAL_INDEX
210349b643b07a11423d,Janet L. Yellen,2017-09-26,UNKNOWN,UNKNOWN,UNKNOWN,UNKNOWN,UNKNOWN,,"Inflation, Uncertainty, and Monetary Policy",,SPEECH,Board of Governors of the Federal Reserve System,FEDERAL_RESERVE_BOARD_ANNUAL_INDEX,https://www.federalreserve.gov/newsevents/speech/yellen20170926a.htm,,raw/speech_catalog/board_indexes/2017-speeches.htm,PUBLICATION_DATE_TIME_NOT_EXPOSED_IN_ANNUAL_INDEX
e5ed8db0acf39a8bd6c9,Lael Brainard,2017-09-26,UNKNOWN,UNKNOWN,UNKNOWN,UNKNOWN,UNKNOWN,,Why Persistent Employment Disparities Matter for the Economy's Health,,SPEECH,Board of Governors of the Federal Reserve System,FEDERAL_RESERVE_BOARD_ANNUAL_INDEX,https://www.federalreserve.gov/newsevents/speech/brainard20170926a.htm,,raw/speech_catalog/board_indexes/2017-speeches.htm,PUBLICATION_DATE_TIME_NOT_EXPOSED_IN_ANNUAL_INDEX
dc21277a2ff0fc674496,Lael Brainard,2017-09-27,UNKNOWN,UNKNOWN,UNKNOWN,UNKNOWN,UNKNOWN,,Labor Market Disparities and Economic Performance,,SPEECH,Board of Governors of the Federal Reserve System,FEDERAL_RESERVE_BOARD_ANNUAL_INDEX,https://www.federalreserve.gov/newsevents/speech/brainard20170927a.htm,,raw/speech_catalog/board_indexes/2017-speeches.htm,PUBLICATION_DATE_TIME_NOT_EXPOSED_IN_ANNUAL_INDEX
c1ccb1580c1cbd4e2bff,Stanley Fischer,2017-09-28,UNKNOWN,UNKNOWN,UNKNOWN,UNKNOWN,UNKNOWN,,The Independent Bank of England--20 Years On,,SPEECH,Board of Governors of the Federal Reserve System,FEDERAL_RESERVE_BOARD_ANNUAL_INDEX,https://www.federalreserve.gov/newsevents/speech/fischer20170928a.htm,,raw/speech_catalog/board_indexes/2017-speeches.htm,PUBLICATION_DATE_TIME_NOT_EXPOSED_IN_ANNUAL_INDEX
801f0a51699b6d136c71,Janet L. Yellen,2017-10-04,UNKNOWN,UNKNOWN,UNKNOWN,UNKNOWN,UNKNOWN,,Welcoming Remarks,,SPEECH,Board of Governors of the Federal Reserve System,FEDERAL_RESERVE_BOARD_ANNUAL_INDEX,https://www.federalreserve.gov/newsevents/speech/yellen20171004a.htm,,raw/speech_catalog/board_indexes/2017-speeches.htm,PUBLICATION_DATE_TIME_NOT_EXPOSED_IN_ANNUAL_INDEX
a4044dfcbda59d28e708,Jerome H. Powell,2017-10-05,UNKNOWN,UNKNOWN,UNKNOWN,UNKNOWN,UNKNOWN,,Treasury Markets and the TMPG,,SPEECH,Board of Governors of the Federal Reserve System,FEDERAL_RESERVE_BOARD_ANNUAL_INDEX,https://www.federalreserve.gov/newsevents/speech/powell20171005a.htm,,raw/speech_catalog/board_indexes/2017-speeches.htm,PUBLICATION_DATE_TIME_NOT_EXPOSED_IN_ANNUAL_INDEX
7547c722ac2cfa1e526f,Jerome H. Powell,2017-10-12,UNKNOWN,UNKNOWN,UNKNOWN,UNKNOWN,UNKNOWN,,Prospects for Emerging Market Economies in a Normalizing Global Economy,,SPEECH,Board of Governors of the Federal Reserve System,FEDERAL_RESERVE_BOARD_ANNUAL_INDEX,https://www.federalreserve.gov/newsevents/speech/powell20171012a.htm,,raw/speech_catalog/board_indexes/2017-speeches.htm,PUBLICATION_DATE_TIME_NOT_EXPOSED_IN_ANNUAL_INDEX
36a7da02ac5fd634f70e,Lael Brainard,2017-10-12,UNKNOWN,UNKNOWN,UNKNOWN,UNKNOWN,UNKNOWN,,Rethinking Monetary Policy in a New Normal,,SPEECH,Board of Governors of the Federal Reserve System,FEDERAL_RESERVE_BOARD_ANNUAL_INDEX,https://www.federalreserve.gov/newsevents/speech/brainard20171012a.htm,,raw/speech_catalog/board_indexes/2017-speeches.htm,PUBLICATION_DATE_TIME_NOT_EXPOSED_IN_ANNUAL_INDEX
979969c4da0ac958301b,Janet L. Yellen,2017-10-15,UNKNOWN,UNKNOWN,UNKNOWN,UNKNOWN,UNKNOWN,,The U.S. Economy and Monetary Policy,,SPEECH,Board of Governors of the Federal Reserve System,FEDERAL_RESERVE_BOARD_ANNUAL_INDEX,https://www.federalreserve.gov/newsevents/speech/yellen20171015a.htm,,raw/speech_catalog/board_indexes/2017-speeches.htm,PUBLICATION_DATE_TIME_NOT_EXPOSED_IN_ANNUAL_INDEX
1285bb7872a60032127a,Jerome H. Powell,2017-10-18,UNKNOWN,UNKNOWN,UNKNOWN,UNKNOWN,UNKNOWN,,Financial Innovation: A World in Transition,,SPEECH,Board of Governors of the Federal Reserve System,FEDERAL_RESERVE_BOARD_ANNUAL_INDEX,https://www.federalreserve.gov/newsevents/speech/powell20171018a.htm,,raw/speech_catalog/board_indexes/2017-speeches.htm,PUBLICATION_DATE_TIME_NOT_EXPOSED_IN_ANNUAL_INDEX
f762160abbfa6209fc27,Janet L. Yellen,2017-10-20,UNKNOWN,UNKNOWN,UNKNOWN,UNKNOWN,UNKNOWN,,A Challenging Decade and a Question for the Future,,SPEECH,Board of Governors of the Federal Reserve System,FEDERAL_RESERVE_BOARD_ANNUAL_INDEX,https://www.federalreserve.gov/newsevents/speech/yellen20171020a.htm,,raw/speech_catalog/board_indexes/2017-speeches.htm,PUBLICATION_DATE_TIME_NOT_EXPOSED_IN_ANNUAL_INDEX
ed5fc4067c37837b874a,Jerome H. Powell,2017-11-02,UNKNOWN,UNKNOWN,UNKNOWN,UNKNOWN,UNKNOWN,,Introductory Remarks,,SPEECH,Board of Governors of the Federal Reserve System,FEDERAL_RESERVE_BOARD_ANNUAL_INDEX,https://www.federalreserve.gov/newsevents/speech/powell20171102a.htm,,raw/speech_catalog/board_indexes/2017-speeches.htm,PUBLICATION_DATE_TIME_NOT_EXPOSED_IN_ANNUAL_INDEX
842abfc8d07072ba7737,Janet L. Yellen,2017-11-07,UNKNOWN,UNKNOWN,UNKNOWN,UNKNOWN,UNKNOWN,,Remarks accepting the 2017 Paul H. Douglas Award for Ethics in Government,,SPEECH,Board of Governors of the Federal Reserve System,FEDERAL_RESERVE_BOARD_ANNUAL_INDEX,https://www.federalreserve.gov/newsevents/speech/yellen20171107a.htm,,raw/speech_catalog/board_indexes/2017-speeches.htm,PUBLICATION_DATE_TIME_NOT_EXPOSED_IN_ANNUAL_INDEX
9cac799d1fb1a642a55e,Lael Brainard,2017-11-15,UNKNOWN,UNKNOWN,UNKNOWN,UNKNOWN,UNKNOWN,,Regional Food Systems and Community Development,,SPEECH,Board of Governors of the Federal Reserve System,FEDERAL_RESERVE_BOARD_ANNUAL_INDEX,https://www.federalreserve.gov/newsevents/speech/brainard20171115a.htm,,raw/speech_catalog/board_indexes/2017-speeches.htm,PUBLICATION_DATE_TIME_NOT_EXPOSED_IN_ANNUAL_INDEX
3e906d0f365758c07a19,Lael Brainard,2017-11-16,UNKNOWN,UNKNOWN,UNKNOWN,UNKNOWN,UNKNOWN,,Where Do Consumers Fit in the Fintech Stack?,,SPEECH,Board of Governors of the Federal Reserve System,FEDERAL_RESERVE_BOARD_ANNUAL_INDEX,https://www.federalreserve.gov/newsevents/speech/brainard20171116a.htm,,raw/speech_catalog/board_indexes/2017-speeches.htm,PUBLICATION_DATE_TIME_NOT_EXPOSED_IN_ANNUAL_INDEX
24df4c0ae76b65543b7f,for Supervision Randal K. Quarles,2017-11-30,UNKNOWN,UNKNOWN,UNKNOWN,UNKNOWN,UNKNOWN,,Thoughts on Prudent Innovation in the Payment System,,SPEECH,Board of Governors of the Federal Reserve System,FEDERAL_RESERVE_BOARD_ANNUAL_INDEX,https://www.federalreserve.gov/newsevents/speech/quarles20171130a.htm,,raw/speech_catalog/board_indexes/2017-speeches.htm,PUBLICATION_DATE_TIME_NOT_EXPOSED_IN_ANNUAL_INDEX
0c180b0502cf634f21a0,Lael Brainard,2017-12-13,UNKNOWN,UNKNOWN,UNKNOWN,UNKNOWN,UNKNOWN,,Workforce Development in Today's Economy,,SPEECH,Board of Governors of the Federal Reserve System,FEDERAL_RESERVE_BOARD_ANNUAL_INDEX,https://www.federalreserve.gov/newsevents/speech/brainard20171213a.htm,,raw/speech_catalog/board_indexes/2017-speeches.htm,PUBLICATION_DATE_TIME_NOT_EXPOSED_IN_ANNUAL_INDEX
61c42c9bee636ba2126b,for Supervision Randal K. Quarles,2018-01-19,UNKNOWN,UNKNOWN,UNKNOWN,UNKNOWN,UNKNOWN,,Early Observations on Improving the Effectiveness of Post-Crisis Regulation,,SPEECH,Board of Governors of the Federal Reserve System,FEDERAL_RESERVE_BOARD_ANNUAL_INDEX,https://www.federalreserve.gov/newsevents/speech/quarles20180119a.htm,,raw/speech_catalog/board_indexes/2018-speeches.htm,PUBLICATION_DATE_TIME_NOT_EXPOSED_IN_ANNUAL_INDEX
c7e46d3d53217908af39,Jerome H. Powell,2018-02-13,UNKNOWN,UNKNOWN,UNKNOWN,UNKNOWN,UNKNOWN,,Remarks at the Ceremonial Swearing-in,,SPEECH,Board of Governors of the Federal Reserve System,FEDERAL_RESERVE_BOARD_ANNUAL_INDEX,https://www.federalreserve.gov/newsevents/speech/powell20180213a.htm,,raw/speech_catalog/board_indexes/2018-speeches.htm,PUBLICATION_DATE_TIME_NOT_EXPOSED_IN_ANNUAL_INDEX
bdbf616968c7f100a45c,for Supervision Randal K. Quarles,2018-02-22,UNKNOWN,UNKNOWN,UNKNOWN,UNKNOWN,UNKNOWN,,The U.S. Economy after the Global Financial Crisis,,SPEECH,Board of Governors of the Federal Reserve System,FEDERAL_RESERVE_BOARD_ANNUAL_INDEX,https://www.federalreserve.gov/newsevents/speech/quarles20180222a.htm,,raw/speech_catalog/board_indexes/2018-speeches.htm,PUBLICATION_DATE_TIME_NOT_EXPOSED_IN_ANNUAL_INDEX
e3d708d0680c6a4a936a,for Supervision Randal K. Quarles,2018-02-26,UNKNOWN,UNKNOWN,UNKNOWN,UNKNOWN,UNKNOWN,,An Assessment of the U.S. Economy,,SPEECH,Board of Governors of the Federal Reserve System,FEDERAL_RESERVE_BOARD_ANNUAL_INDEX,https://www.federalreserve.gov/newsevents/speech/quarles20180226a.htm,,raw/speech_catalog/board_indexes/2018-speeches.htm,PUBLICATION_DATE_TIME_NOT_EXPOSED_IN_ANNUAL_INDEX
fb085fcf593ddf0bdf16,for Supervision Randal K. Quarles,2018-02-26,UNKNOWN,UNKNOWN,UNKNOWN,UNKNOWN,UNKNOWN,,Brief Thoughts on the Financial Regulatory System and Cybersecurity,,SPEECH,Board of Governors of the Federal Reserve System,FEDERAL_RESERVE_BOARD_ANNUAL_INDEX,https://www.federalreserve.gov/newsevents/speech/quarles20180226b.htm,,raw/speech_catalog/board_indexes/2018-speeches.htm,PUBLICATION_DATE_TIME_NOT_EXPOSED_IN_ANNUAL_INDEX
a2b3c999f40e7ade2540,for Supervision Randal K. Quarles,2018-03-05,UNKNOWN,UNKNOWN,UNKNOWN,UNKNOWN,UNKNOWN,,The Federal Reserve’s Regulatory Agenda for Foreign Banking Organizations: What Lies Ahead for Enhanced Prudential Standards and the Volcker Rule,,SPEECH,Board of Governors of the Federal Reserve System,FEDERAL_RESERVE_BOARD_ANNUAL_INDEX,https://www.federalreserve.gov/newsevents/speech/quarles20180305a.htm,,raw/speech_catalog/board_indexes/2018-speeches.htm,PUBLICATION_DATE_TIME_NOT_EXPOSED_IN_ANNUAL_INDEX
37312631cb9e07c4c8ce,Lael Brainard,2018-03-06,UNKNOWN,UNKNOWN,UNKNOWN,UNKNOWN,UNKNOWN,,Navigating Monetary Policy as Headwinds Shift to Tailwinds,,SPEECH,Board of Governors of the Federal Reserve System,FEDERAL_RESERVE_BOARD_ANNUAL_INDEX,https://www.federalreserve.gov/newsevents/speech/brainard20180306a.htm,,raw/speech_catalog/board_indexes/2018-speeches.htm,PUBLICATION_DATE_TIME_NOT_EXPOSED_IN_ANNUAL_INDEX
745d748addd1023bf745,for Supervision Randal K. Quarles,2018-03-26,UNKNOWN,UNKNOWN,UNKNOWN,UNKNOWN,UNKNOWN,,The Roles of Consumer Protection and Small Business Access to Credit in Financial Inclusion,,SPEECH,Board of Governors of the Federal Reserve System,FEDERAL_RESERVE_BOARD_ANNUAL_INDEX,https://www.federalreserve.gov/newsevents/speech/quarles20180326a.htm,,raw/speech_catalog/board_indexes/2018-speeches.htm,PUBLICATION_DATE_TIME_NOT_EXPOSED_IN_ANNUAL_INDEX
9d23b231f4cd43769520,Lael Brainard,2018-04-03,UNKNOWN,UNKNOWN,UNKNOWN,UNKNOWN,UNKNOWN,,An Update on the Federal Reserve's Financial Stability Agenda,,SPEECH,Board of Governors of the Federal Reserve System,FEDERAL_RESERVE_BOARD_ANNUAL_INDEX,https://www.federalreserve.gov/newsevents/speech/brainard20180403a.htm,,raw/speech_catalog/board_indexes/2018-speeches.htm,PUBLICATION_DATE_TIME_NOT_EXPOSED_IN_ANNUAL_INDEX
dc2da4bea3fbcdcf6532,Jerome H. Powell,2018-04-06,UNKNOWN,UNKNOWN,UNKNOWN,UNKNOWN,UNKNOWN,,The Outlook for the U.S. Economy,,SPEECH,Board of Governors of the Federal Reserve System,FEDERAL_RESERVE_BOARD_ANNUAL_INDEX,https://www.federalreserve.gov/newsevents/speech/powell20180406a.htm,,raw/speech_catalog/board_indexes/2018-speeches.htm,PUBLICATION_DATE_TIME_NOT_EXPOSED_IN_ANNUAL_INDEX
6ae09f0915c6fa0114e0,Lael Brainard,2018-04-17,UNKNOWN,UNKNOWN,UNKNOWN,UNKNOWN,UNKNOWN,,Community Development in Baltimore and A Few Observations on Community Reinvestment Act Modernization,,SPEECH,Board of Governors of the Federal Reserve System,FEDERAL_RESERVE_BOARD_ANNUAL_INDEX,https://www.federalreserve.gov/newsevents/speech/brainard20180417a.htm,,raw/speech_catalog/board_indexes/2018-speeches.htm,PUBLICATION_DATE_TIME_NOT_EXPOSED_IN_ANNUAL_INDEX
c8f83f017f7b6fd7db83,Lael Brainard,2018-04-19,UNKNOWN,UNKNOWN,UNKNOWN,UNKNOWN,UNKNOWN,,Safeguarding Financial Resilience through the Cycle,,SPEECH,Board of Governors of the Federal Reserve System,FEDERAL_RESERVE_BOARD_ANNUAL_INDEX,https://www.federalreserve.gov/newsevents/speech/brainard20180419a.htm,,raw/speech_catalog/board_indexes/2018-speeches.htm,PUBLICATION_DATE_TIME_NOT_EXPOSED_IN_ANNUAL_INDEX
23f3c30ada4583bcd833,for Supervision Randal K. Quarles,2018-05-04,UNKNOWN,UNKNOWN,UNKNOWN,UNKNOWN,UNKNOWN,,Liquidity Regulation and the Size of the Fed's Balance Sheet,,SPEECH,Board of Governors of the Federal Reserve System,FEDERAL_RESERVE_BOARD_ANNUAL_INDEX,https://www.federalreserve.gov/newsevents/speech/quarles20180504a.htm,,raw/speech_catalog/board_indexes/2018-speeches.htm,PUBLICATION_DATE_TIME_NOT_EXPOSED_IN_ANNUAL_INDEX
a043bb402c10e4bba084,Jerome H. Powell,2018-05-08,UNKNOWN,UNKNOWN,UNKNOWN,UNKNOWN,UNKNOWN,,Monetary Policy Influences on Global Financial Conditions and International Capital Flows,,SPEECH,Board of Governors of the Federal Reserve System,FEDERAL_RESERVE_BOARD_ANNUAL_INDEX,https://www.federalreserve.gov/newsevents/speech/powell20180508a.htm,,raw/speech_catalog/board_indexes/2018-speeches.htm,PUBLICATION_DATE_TIME_NOT_EXPOSED_IN_ANNUAL_INDEX
26ed76d5aad95596f954,Lael Brainard,2018-05-15,UNKNOWN,UNKNOWN,UNKNOWN,UNKNOWN,UNKNOWN,,"Cryptocurrencies, Digital Currencies, and Distributed Ledger Technologies: What Are We Learning?",,SPEECH,Board of Governors of the Federal Reserve System,FEDERAL_RESERVE_BOARD_ANNUAL_INDEX,https://www.federalreserve.gov/newsevents/speech/brainard20180515a.htm,,raw/speech_catalog/board_indexes/2018-speeches.htm,PUBLICATION_DATE_TIME_NOT_EXPOSED_IN_ANNUAL_INDEX
c4428a4e72ee98daaf30,for Supervision Randal K. Quarles,2018-05-16,UNKNOWN,UNKNOWN,UNKNOWN,UNKNOWN,UNKNOWN,,Trust Everyone--But Brand Your Cattle: Finding the Right Balance in Cross-Border Resolution,,SPEECH,Board of Governors of the Federal Reserve System,FEDERAL_RESERVE_BOARD_ANNUAL_INDEX,https://www.federalreserve.gov/newsevents/speech/quarles20180516a.htm,,raw/speech_catalog/board_indexes/2018-speeches.htm,PUBLICATION_DATE_TIME_NOT_EXPOSED_IN_ANNUAL_INDEX
55d32982ec2333c14321,Lael Brainard,2018-05-18,UNKNOWN,UNKNOWN,UNKNOWN,UNKNOWN,UNKNOWN,,Keeping Community at the Heart of the Community Reinvestment Act,,SPEECH,Board of Governors of the Federal Reserve System,FEDERAL_RESERVE_BOARD_ANNUAL_INDEX,https://www.federalreserve.gov/newsevents/speech/brainard20180518a.htm,,raw/speech_catalog/board_indexes/2018-speeches.htm,PUBLICATION_DATE_TIME_NOT_EXPOSED_IN_ANNUAL_INDEX
2b1aee7a2fa50492a414,Jerome H. Powell,2018-05-25,UNKNOWN,UNKNOWN,UNKNOWN,UNKNOWN,UNKNOWN,,Financial Stability and Central Bank Transparency,,SPEECH,Board of Governors of the Federal Reserve System,FEDERAL_RESERVE_BOARD_ANNUAL_INDEX,https://www.federalreserve.gov/newsevents/speech/powell20180525a.htm,,raw/speech_catalog/board_indexes/2018-speeches.htm,PUBLICATION_DATE_TIME_NOT_EXPOSED_IN_ANNUAL_INDEX
413742f07d37acb6baab,Lael Brainard,2018-05-31,UNKNOWN,UNKNOWN,UNKNOWN,UNKNOWN,UNKNOWN,,Sustaining Full Employment and Inflation around Target,,SPEECH,Board of Governors of the Federal Reserve System,FEDERAL_RESERVE_BOARD_ANNUAL_INDEX,https://www.federalreserve.gov/newsevents/speech/brainard20180531a.htm,,raw/speech_catalog/board_indexes/2018-speeches.htm,PUBLICATION_DATE_TIME_NOT_EXPOSED_IN_ANNUAL_INDEX
d0ccf4be7b4dd89526ac,Jerome H. Powell,2018-06-20,UNKNOWN,UNKNOWN,UNKNOWN,UNKNOWN,UNKNOWN,,Monetary Policy at a Time of Uncertainty and Tight Labor Markets,,SPEECH,Board of Governors of the Federal Reserve System,FEDERAL_RESERVE_BOARD_ANNUAL_INDEX,https://www.federalreserve.gov/newsevents/speech/powell20180620a.htm,,raw/speech_catalog/board_indexes/2018-speeches.htm,PUBLICATION_DATE_TIME_NOT_EXPOSED_IN_ANNUAL_INDEX
631aeef99fe71d97e141,for Supervision Randal K. Quarles,2018-06-27,UNKNOWN,UNKNOWN,UNKNOWN,UNKNOWN,UNKNOWN,,America's Vital Interest in Global Efforts to Promote Financial Stability,,SPEECH,Board of Governors of the Federal Reserve System,FEDERAL_RESERVE_BOARD_ANNUAL_INDEX,https://www.federalreserve.gov/newsevents/speech/quarles20180627a.htm,,raw/speech_catalog/board_indexes/2018-speeches.htm,PUBLICATION_DATE_TIME_NOT_EXPOSED_IN_ANNUAL_INDEX
31a85b451e8ea9bf291c,for Supervision Randal K. Quarles,2018-07-18,UNKNOWN,UNKNOWN,UNKNOWN,UNKNOWN,UNKNOWN,,Getting It Right: Factors for Tailoring Supervision and Regulation of Large Financial Institutions,,SPEECH,Board of Governors of the Federal Reserve System,FEDERAL_RESERVE_BOARD_ANNUAL_INDEX,https://www.federalreserve.gov/newsevents/speech/quarles20180718a.htm,,raw/speech_catalog/board_indexes/2018-speeches.htm,PUBLICATION_DATE_TIME_NOT_EXPOSED_IN_ANNUAL_INDEX
cdc69d6aa5b3895d7d1b,for Supervision Randal K. Quarles,2018-07-19,UNKNOWN,UNKNOWN,UNKNOWN,UNKNOWN,UNKNOWN,,Introductory Remarks,,SPEECH,Board of Governors of the Federal Reserve System,FEDERAL_RESERVE_BOARD_ANNUAL_INDEX,https://www.federalreserve.gov/newsevents/speech/quarles20180719a.htm,,raw/speech_catalog/board_indexes/2018-speeches.htm,PUBLICATION_DATE_TIME_NOT_EXPOSED_IN_ANNUAL_INDEX
02e3074bdbb92b2616bf,Jerome H. Powell,2018-08-24,UNKNOWN,UNKNOWN,UNKNOWN,UNKNOWN,UNKNOWN,,Monetary Policy in a Changing Economy,,SPEECH,Board of Governors of the Federal Reserve System,FEDERAL_RESERVE_BOARD_ANNUAL_INDEX,https://www.federalreserve.gov/newsevents/speech/powell20180824a.htm,,raw/speech_catalog/board_indexes/2018-speeches.htm,PUBLICATION_DATE_TIME_NOT_EXPOSED_IN_ANNUAL_INDEX
486975f420c06b5f955a,Lael Brainard,2018-09-12,UNKNOWN,UNKNOWN,UNKNOWN,UNKNOWN,UNKNOWN,,What Do We Mean by Neutral and What Role Does It Play in Monetary Policy?,,SPEECH,Board of Governors of the Federal Reserve System,FEDERAL_RESERVE_BOARD_ANNUAL_INDEX,https://www.federalreserve.gov/newsevents/speech/brainard20180912a.htm,,raw/speech_catalog/board_indexes/2018-speeches.htm,PUBLICATION_DATE_TIME_NOT_EXPOSED_IN_ANNUAL_INDEX
989f6f39ab0dc9e1e2e4,Jerome H. Powell,2018-09-27,UNKNOWN,UNKNOWN,UNKNOWN,UNKNOWN,UNKNOWN,,Brief Remarks on the U.S. Economy,,SPEECH,Board of Governors of the Federal Reserve System,FEDERAL_RESERVE_BOARD_ANNUAL_INDEX,https://www.federalreserve.gov/newsevents/speech/powell20180927a.htm,,raw/speech_catalog/board_indexes/2018-speeches.htm,PUBLICATION_DATE_TIME_NOT_EXPOSED_IN_ANNUAL_INDEX
2c1663d335b1ff48dac8,Jerome H. Powell,2018-10-02,UNKNOWN,UNKNOWN,UNKNOWN,UNKNOWN,UNKNOWN,,Monetary Policy and Risk Management at a Time of Low Inflation and Low Unemployment,,SPEECH,Board of Governors of the Federal Reserve System,FEDERAL_RESERVE_BOARD_ANNUAL_INDEX,https://www.federalreserve.gov/newsevents/speech/powell20181002a.htm,,raw/speech_catalog/board_indexes/2018-speeches.htm,PUBLICATION_DATE_TIME_NOT_EXPOSED_IN_ANNUAL_INDEX
30473d9073529b5644d4,Lael Brainard,2018-10-03,UNKNOWN,UNKNOWN,UNKNOWN,UNKNOWN,UNKNOWN,,Supporting Fast Payments for All,,SPEECH,Board of Governors of the Federal Reserve System,FEDERAL_RESERVE_BOARD_ANNUAL_INDEX,https://www.federalreserve.gov/newsevents/speech/brainard20181003a.htm,,raw/speech_catalog/board_indexes/2018-speeches.htm,PUBLICATION_DATE_TIME_NOT_EXPOSED_IN_ANNUAL_INDEX
5b2b8ae9001c30e4b335,for Supervision Randal K. Quarles,2018-10-04,UNKNOWN,UNKNOWN,UNKNOWN,UNKNOWN,UNKNOWN,,Trends in Urban and Rural Community Banks,,SPEECH,Board of Governors of the Federal Reserve System,FEDERAL_RESERVE_BOARD_ANNUAL_INDEX,https://www.federalreserve.gov/newsevents/speech/quarles20181004a.htm,,raw/speech_catalog/board_indexes/2018-speeches.htm,PUBLICATION_DATE_TIME_NOT_EXPOSED_IN_ANNUAL_INDEX
fede8bee553bac439043,Lael Brainard,2018-10-15,UNKNOWN,UNKNOWN,UNKNOWN,UNKNOWN,UNKNOWN,,Community Investment in Denver,,SPEECH,Board of Governors of the Federal Reserve System,FEDERAL_RESERVE_BOARD_ANNUAL_INDEX,https://www.federalreserve.gov/newsevents/speech/brainard20181015a.htm,,raw/speech_catalog/board_indexes/2018-speeches.htm,PUBLICATION_DATE_TIME_NOT_EXPOSED_IN_ANNUAL_INDEX
85023453946a91f52402,Lael Brainard,2018-10-17,UNKNOWN,UNKNOWN,UNKNOWN,UNKNOWN,UNKNOWN,,FinTech and the Search for Full Stack Financial Inclusion,,SPEECH,Board of Governors of the Federal Reserve System,FEDERAL_RESERVE_BOARD_ANNUAL_INDEX,https://www.federalreserve.gov/newsevents/speech/brainard20181017a.htm,,raw/speech_catalog/board_indexes/2018-speeches.htm,PUBLICATION_DATE_TIME_NOT_EXPOSED_IN_ANNUAL_INDEX
a87bbd8a388b12958d8e,for Supervision Randal K. Quarles,2018-10-18,UNKNOWN,UNKNOWN,UNKNOWN,UNKNOWN,UNKNOWN,,Don’t Chase the Needles: An Optimistic Assessment of the Economic Outlook and Monetary Policy,,SPEECH,Board of Governors of the Federal Reserve System,FEDERAL_RESERVE_BOARD_ANNUAL_INDEX,https://www.federalreserve.gov/newsevents/speech/quarles20181018a.htm,,raw/speech_catalog/board_indexes/2018-speeches.htm,PUBLICATION_DATE_TIME_NOT_EXPOSED_IN_ANNUAL_INDEX
6e666282667e7228bc4e,Richard H. Clarida,2018-10-25,UNKNOWN,UNKNOWN,UNKNOWN,UNKNOWN,UNKNOWN,,Outlook for the U.S. Economy and Monetary Policy,,SPEECH,Board of Governors of the Federal Reserve System,FEDERAL_RESERVE_BOARD_ANNUAL_INDEX,https://www.federalreserve.gov/newsevents/speech/clarida20181025a.htm,,raw/speech_catalog/board_indexes/2018-speeches.htm,PUBLICATION_DATE_TIME_NOT_EXPOSED_IN_ANNUAL_INDEX
04c435191f1ecd620b3a,for Supervision Randal K. Quarles,2018-11-09,UNKNOWN,UNKNOWN,UNKNOWN,UNKNOWN,UNKNOWN,,A New Chapter in Stress Testing,,SPEECH,Board of Governors of the Federal Reserve System,FEDERAL_RESERVE_BOARD_ANNUAL_INDEX,https://www.federalreserve.gov/newsevents/speech/quarles20181109a.htm,,raw/speech_catalog/board_indexes/2018-speeches.htm,PUBLICATION_DATE_TIME_NOT_EXPOSED_IN_ANNUAL_INDEX
4cab64fa4c21384ce55b,Lael Brainard,2018-11-13,UNKNOWN,UNKNOWN,UNKNOWN,UNKNOWN,UNKNOWN,,What Are We Learning about Artificial Intelligence in Financial Services?,,SPEECH,Board of Governors of the Federal Reserve System,FEDERAL_RESERVE_BOARD_ANNUAL_INDEX,https://www.federalreserve.gov/newsevents/speech/brainard20181113a.htm,,raw/speech_catalog/board_indexes/2018-speeches.htm,PUBLICATION_DATE_TIME_NOT_EXPOSED_IN_ANNUAL_INDEX
a8f21e61288c6988bbfe,for Supervision Randal K. Quarles,2018-11-16,UNKNOWN,UNKNOWN,UNKNOWN,UNKNOWN,UNKNOWN,,Beginning Stress Testing’s New Chapter,,SPEECH,Board of Governors of the Federal Reserve System,FEDERAL_RESERVE_BOARD_ANNUAL_INDEX,https://www.federalreserve.gov/newsevents/speech/quarles20181116a.htm,,raw/speech_catalog/board_indexes/2018-speeches.htm,PUBLICATION_DATE_TIME_NOT_EXPOSED_IN_ANNUAL_INDEX
4f8d0150af3d6dc94e6e,Richard H. Clarida,2018-11-27,UNKNOWN,UNKNOWN,UNKNOWN,UNKNOWN,UNKNOWN,,Data Dependence and U.S. Monetary Policy,,SPEECH,Board of Governors of the Federal Reserve System,FEDERAL_RESERVE_BOARD_ANNUAL_INDEX,https://www.federalreserve.gov/newsevents/speech/clarida20181127a.htm,,raw/speech_catalog/board_indexes/2018-speeches.htm,PUBLICATION_DATE_TIME_NOT_EXPOSED_IN_ANNUAL_INDEX
1da2890dcc7479ba85ea,Jerome H. Powell,2018-11-28,UNKNOWN,UNKNOWN,UNKNOWN,UNKNOWN,UNKNOWN,,The Federal Reserve's Framework for Monitoring Financial Stability,,SPEECH,Board of Governors of the Federal Reserve System,FEDERAL_RESERVE_BOARD_ANNUAL_INDEX,https://www.federalreserve.gov/newsevents/speech/powell20181128a.htm,,raw/speech_catalog/board_indexes/2018-speeches.htm,PUBLICATION_DATE_TIME_NOT_EXPOSED_IN_ANNUAL_INDEX
70abbd60cdd8730ce53d,Jerome H. Powell,2018-12-03,UNKNOWN,UNKNOWN,UNKNOWN,UNKNOWN,UNKNOWN,,Celebrating Excellence in Community Development,,SPEECH,Board of Governors of the Federal Reserve System,FEDERAL_RESERVE_BOARD_ANNUAL_INDEX,https://www.federalreserve.gov/newsevents/speech/powell20181203a.htm,,raw/speech_catalog/board_indexes/2018-speeches.htm,PUBLICATION_DATE_TIME_NOT_EXPOSED_IN_ANNUAL_INDEX
38fe407573c987ad9208,Lael Brainard,2018-12-03,UNKNOWN,UNKNOWN,UNKNOWN,UNKNOWN,UNKNOWN,,Celebrating Excellence in Community Development,,SPEECH,Board of Governors of the Federal Reserve System,FEDERAL_RESERVE_BOARD_ANNUAL_INDEX,https://www.federalreserve.gov/newsevents/speech/brainard20181203b.htm,,raw/speech_catalog/board_indexes/2018-speeches.htm,PUBLICATION_DATE_TIME_NOT_EXPOSED_IN_ANNUAL_INDEX
729194451825c1059452,Lael Brainard,2018-12-03,UNKNOWN,UNKNOWN,UNKNOWN,UNKNOWN,UNKNOWN,,The Structure of the Treasury Market: What Are We Learning?,,SPEECH,Board of Governors of the Federal Reserve System,FEDERAL_RESERVE_BOARD_ANNUAL_INDEX,https://www.federalreserve.gov/newsevents/speech/brainard20181203a.htm,,raw/speech_catalog/board_indexes/2018-speeches.htm,PUBLICATION_DATE_TIME_NOT_EXPOSED_IN_ANNUAL_INDEX
d2dafb8645a35258cb7f,for Supervision Randal K. Quarles,2018-12-05,UNKNOWN,UNKNOWN,UNKNOWN,UNKNOWN,UNKNOWN,,Banks as Vital Infrastructure for Rural Communities of the West,,SPEECH,Board of Governors of the Federal Reserve System,FEDERAL_RESERVE_BOARD_ANNUAL_INDEX,https://www.federalreserve.gov/newsevents/speech/quarles20181205a.htm,,raw/speech_catalog/board_indexes/2018-speeches.htm,PUBLICATION_DATE_TIME_NOT_EXPOSED_IN_ANNUAL_INDEX
cab8754404cb41e233d7,Jerome H. Powell,2018-12-06,UNKNOWN,UNKNOWN,UNKNOWN,UNKNOWN,UNKNOWN,,Welcoming Remarks,,SPEECH,Board of Governors of the Federal Reserve System,FEDERAL_RESERVE_BOARD_ANNUAL_INDEX,https://www.federalreserve.gov/newsevents/speech/powell20181206a.htm,,raw/speech_catalog/board_indexes/2018-speeches.htm,PUBLICATION_DATE_TIME_NOT_EXPOSED_IN_ANNUAL_INDEX
60fc9f485bc71965ee2b,Lael Brainard,2018-12-07,UNKNOWN,UNKNOWN,UNKNOWN,UNKNOWN,UNKNOWN,,Assessing Financial Stability over the Cycle,,SPEECH,Board of Governors of the Federal Reserve System,FEDERAL_RESERVE_BOARD_ANNUAL_INDEX,https://www.federalreserve.gov/newsevents/speech/brainard20181207a.htm,,raw/speech_catalog/board_indexes/2018-speeches.htm,PUBLICATION_DATE_TIME_NOT_EXPOSED_IN_ANNUAL_INDEX
a1aa3597a520859231ec,for Supervision Randal K. Quarles,2019-01-09,UNKNOWN,UNKNOWN,UNKNOWN,UNKNOWN,UNKNOWN,,Insurance Supervision and International Engagement,,SPEECH,Board of Governors of the Federal Reserve System,FEDERAL_RESERVE_BOARD_ANNUAL_INDEX,https://www.federalreserve.gov/newsevents/speech/quarles20190109a.htm,,raw/speech_catalog/board_indexes/2019-speeches.htm,PUBLICATION_DATE_TIME_NOT_EXPOSED_IN_ANNUAL_INDEX
3af51d2669dab2605c9c,Richard H. Clarida,2019-01-10,UNKNOWN,UNKNOWN,UNKNOWN,UNKNOWN,UNKNOWN,,Monetary Policy Outlook for 2019,,SPEECH,Board of Governors of the Federal Reserve System,FEDERAL_RESERVE_BOARD_ANNUAL_INDEX,https://www.federalreserve.gov/newsevents/speech/clarida20190110a.htm,,raw/speech_catalog/board_indexes/2019-speeches.htm,PUBLICATION_DATE_TIME_NOT_EXPOSED_IN_ANNUAL_INDEX
818e88c6602e01a89a90,Lael Brainard,2019-02-01,UNKNOWN,UNKNOWN,UNKNOWN,UNKNOWN,UNKNOWN,,Strengthening the Community Reinvestment Act: What Are We Learning?,,SPEECH,Board of Governors of the Federal Reserve System,FEDERAL_RESERVE_BOARD_ANNUAL_INDEX,https://www.federalreserve.gov/newsevents/speech/brainard20190201a.htm,,raw/speech_catalog/board_indexes/2019-speeches.htm,PUBLICATION_DATE_TIME_NOT_EXPOSED_IN_ANNUAL_INDEX
5f061d18e55d09939d4e,Jerome H. Powell,2019-02-06,UNKNOWN,UNKNOWN,UNKNOWN,UNKNOWN,UNKNOWN,,Welcoming Remarks,,SPEECH,Board of Governors of the Federal Reserve System,FEDERAL_RESERVE_BOARD_ANNUAL_INDEX,https://www.federalreserve.gov/newsevents/speech/powell20190206a.htm,,raw/speech_catalog/board_indexes/2019-speeches.htm,PUBLICATION_DATE_TIME_NOT_EXPOSED_IN_ANNUAL_INDEX
262ef79bfcad37009539,for Supervision Randal K. Quarles,2019-02-06,UNKNOWN,UNKNOWN,UNKNOWN,UNKNOWN,UNKNOWN,,Inviting Participation: The Public's Role in Stress Testing's Next Chapter,,SPEECH,Board of Governors of the Federal Reserve System,FEDERAL_RESERVE_BOARD_ANNUAL_INDEX,https://www.federalreserve.gov/newsevents/speech/quarles20190206a.htm,,raw/speech_catalog/board_indexes/2019-speeches.htm,PUBLICATION_DATE_TIME_NOT_EXPOSED_IN_ANNUAL_INDEX
e97afdf182c265cd1769,for Supervision and Chair of the Financial Stability Board Randal K. Quarles,2019-02-10,UNKNOWN,UNKNOWN,UNKNOWN,UNKNOWN,UNKNOWN,,Ideas of Order: Charting a Course for the Financial Stability Board,,SPEECH,Board of Governors of the Federal Reserve System,FEDERAL_RESERVE_BOARD_ANNUAL_INDEX,https://www.federalreserve.gov/newsevents/speech/quarles20190210a.htm,,raw/speech_catalog/board_indexes/2019-speeches.htm,PUBLICATION_DATE_TIME_NOT_EXPOSED_IN_ANNUAL_INDEX
2b56be86e13755cff305,Michelle W. Bowman,2019-02-11,UNKNOWN,UNKNOWN,UNKNOWN,UNKNOWN,UNKNOWN,,A Conversation on Community Banking,,SPEECH,Board of Governors of the Federal Reserve System,FEDERAL_RESERVE_BOARD_ANNUAL_INDEX,https://www.federalreserve.gov/newsevents/speech/bowman20190211a.htm,,raw/speech_catalog/board_indexes/2019-speeches.htm,PUBLICATION_DATE_TIME_NOT_EXPOSED_IN_ANNUAL_INDEX
37be850d1f66d8138aaf,Jerome H. Powell,2019-02-12,UNKNOWN,UNKNOWN,UNKNOWN,UNKNOWN,UNKNOWN,,Encouraging Economic Development in High-Poverty Rural Communities,,SPEECH,Board of Governors of the Federal Reserve System,FEDERAL_RESERVE_BOARD_ANNUAL_INDEX,https://www.federalreserve.gov/newsevents/speech/powell20190212a.htm,,raw/speech_catalog/board_indexes/2019-speeches.htm,PUBLICATION_DATE_TIME_NOT_EXPOSED_IN_ANNUAL_INDEX
cbc4ff631b1ff88960dd,Richard H. Clarida,2019-02-22,UNKNOWN,UNKNOWN,UNKNOWN,UNKNOWN,UNKNOWN,,"The Federal Reserve's Review of Its Monetary Policy Strategy, Tools, and Communication Practices",,SPEECH,Board of Governors of the Federal Reserve System,FEDERAL_RESERVE_BOARD_ANNUAL_INDEX,https://www.federalreserve.gov/newsevents/speech/clarida20190222a.htm,,raw/speech_catalog/board_indexes/2019-speeches.htm,PUBLICATION_DATE_TIME_NOT_EXPOSED_IN_ANNUAL_INDEX
be69306e856c86a62938,for Supervision Randal K. Quarles,2019-02-22,UNKNOWN,UNKNOWN,UNKNOWN,UNKNOWN,UNKNOWN,,The Future of the Federal Reserve's Balance Sheet,,SPEECH,Board of Governors of the Federal Reserve System,FEDERAL_RESERVE_BOARD_ANNUAL_INDEX,https://www.federalreserve.gov/newsevents/speech/quarles20190222a.htm,,raw/speech_catalog/board_indexes/2019-speeches.htm,PUBLICATION_DATE_TIME_NOT_EXPOSED_IN_ANNUAL_INDEX
31100520e9e0284511ba,Lael Brainard,2019-02-23,UNKNOWN,UNKNOWN,UNKNOWN,UNKNOWN,UNKNOWN,,Is Economics for Me? Increasing the Participation of Black Women in Economics,,SPEECH,Board of Governors of the Federal Reserve System,FEDERAL_RESERVE_BOARD_ANNUAL_INDEX,https://www.federalreserve.gov/newsevents/speech/brainard20190223a.htm,,raw/speech_catalog/board_indexes/2019-speeches.htm,PUBLICATION_DATE_TIME_NOT_EXPOSED_IN_ANNUAL_INDEX
6be93a221c9120795cb3,Jerome H. Powell,2019-02-28,UNKNOWN,UNKNOWN,UNKNOWN,UNKNOWN,UNKNOWN,,Recent Economic Developments and Longer-Term Challenges,,SPEECH,Board of Governors of the Federal Reserve System,FEDERAL_RESERVE_BOARD_ANNUAL_INDEX,https://www.federalreserve.gov/newsevents/speech/powell20190228b.htm,,raw/speech_catalog/board_indexes/2019-speeches.htm,PUBLICATION_DATE_TIME_NOT_EXPOSED_IN_ANNUAL_INDEX
9c2938a6bf57ae28b9d4,Richard H. Clarida,2019-02-28,UNKNOWN,UNKNOWN,UNKNOWN,UNKNOWN,UNKNOWN,,U.S. Economic Outlook and Monetary Policy,,SPEECH,Board of Governors of the Federal Reserve System,FEDERAL_RESERVE_BOARD_ANNUAL_INDEX,https://www.federalreserve.gov/newsevents/speech/clarida20190228a.htm,,raw/speech_catalog/board_indexes/2019-speeches.htm,PUBLICATION_DATE_TIME_NOT_EXPOSED_IN_ANNUAL_INDEX
9e52847ea299251b32c0,Lael Brainard,2019-03-07,UNKNOWN,UNKNOWN,UNKNOWN,UNKNOWN,UNKNOWN,,Navigating Cautiously,,SPEECH,Board of Governors of the Federal Reserve System,FEDERAL_RESERVE_BOARD_ANNUAL_INDEX,https://www.federalreserve.gov/newsevents/speech/brainard20190307a.htm,,raw/speech_catalog/board_indexes/2019-speeches.htm,PUBLICATION_DATE_TIME_NOT_EXPOSED_IN_ANNUAL_INDEX
db38ede9efc47adce884,Jerome H. Powell,2019-03-08,UNKNOWN,UNKNOWN,UNKNOWN,UNKNOWN,UNKNOWN,,Monetary Policy: Normalization and the Road Ahead,,SPEECH,Board of Governors of the Federal Reserve System,FEDERAL_RESERVE_BOARD_ANNUAL_INDEX,https://www.federalreserve.gov/newsevents/speech/powell20190308a.htm,,raw/speech_catalog/board_indexes/2019-speeches.htm,PUBLICATION_DATE_TIME_NOT_EXPOSED_IN_ANNUAL_INDEX
251acb3a5fd70d0c6194,Jerome H. Powell,2019-03-11,UNKNOWN,UNKNOWN,UNKNOWN,UNKNOWN,UNKNOWN,,Brief Remarks,,SPEECH,Board of Governors of the Federal Reserve System,FEDERAL_RESERVE_BOARD_ANNUAL_INDEX,https://www.federalreserve.gov/newsevents/speech/powell20190311a.htm,,raw/speech_catalog/board_indexes/2019-speeches.htm,PUBLICATION_DATE_TIME_NOT_EXPOSED_IN_ANNUAL_INDEX
017a30f9c65386a62a58,Lael Brainard,2019-03-12,UNKNOWN,UNKNOWN,UNKNOWN,UNKNOWN,UNKNOWN,,The Community Reinvestment Act: How Can We Preserve What Works and Make it Better?,,SPEECH,Board of Governors of the Federal Reserve System,FEDERAL_RESERVE_BOARD_ANNUAL_INDEX,https://www.federalreserve.gov/newsevents/speech/brainard20190312a.htm,,raw/speech_catalog/board_indexes/2019-speeches.htm,PUBLICATION_DATE_TIME_NOT_EXPOSED_IN_ANNUAL_INDEX
a5c7958e0c903e59fb2f,Michelle W. Bowman,2019-03-25,UNKNOWN,UNKNOWN,UNKNOWN,UNKNOWN,UNKNOWN,,Welcoming Remarks,,SPEECH,Board of Governors of the Federal Reserve System,FEDERAL_RESERVE_BOARD_ANNUAL_INDEX,https://www.federalreserve.gov/newsevents/speech/bowman20190325a.htm,,raw/speech_catalog/board_indexes/2019-speeches.htm,PUBLICATION_DATE_TIME_NOT_EXPOSED_IN_ANNUAL_INDEX
67c3434ed951613d4ef2,Michelle W. Bowman,2019-03-28,UNKNOWN,UNKNOWN,UNKNOWN,UNKNOWN,UNKNOWN,,Agriculture and Community Banking,,SPEECH,Board of Governors of the Federal Reserve System,FEDERAL_RESERVE_BOARD_ANNUAL_INDEX,https://www.federalreserve.gov/newsevents/speech/bowman20190328a.htm,,raw/speech_catalog/board_indexes/2019-speeches.htm,PUBLICATION_DATE_TIME_NOT_EXPOSED_IN_ANNUAL_INDEX
1a5b69041298189e524e,Richard H. Clarida,2019-03-28,UNKNOWN,UNKNOWN,UNKNOWN,UNKNOWN,UNKNOWN,,Global Shocks and the U.S. Economy,,SPEECH,Board of Governors of the Federal Reserve System,FEDERAL_RESERVE_BOARD_ANNUAL_INDEX,https://www.federalreserve.gov/newsevents/speech/clarida20190328a.htm,,raw/speech_catalog/board_indexes/2019-speeches.htm,PUBLICATION_DATE_TIME_NOT_EXPOSED_IN_ANNUAL_INDEX
3ce4b9eef447374540bc,for Supervision and Chair of the Financial Stability Board Randal K. Quarles,2019-03-28,UNKNOWN,UNKNOWN,UNKNOWN,UNKNOWN,UNKNOWN,,The Financial Stability Board in 2019,,SPEECH,Board of Governors of the Federal Reserve System,FEDERAL_RESERVE_BOARD_ANNUAL_INDEX,https://www.federalreserve.gov/newsevents/speech/quarles20190328a.htm,,raw/speech_catalog/board_indexes/2019-speeches.htm,PUBLICATION_DATE_TIME_NOT_EXPOSED_IN_ANNUAL_INDEX
ae27e173bd87ba043550,for Supervision Randal K. Quarles,2019-03-29,UNKNOWN,UNKNOWN,UNKNOWN,UNKNOWN,UNKNOWN,,Frameworks for the Countercyclical Capital Buffer,,SPEECH,Board of Governors of the Federal Reserve System,FEDERAL_RESERVE_BOARD_ANNUAL_INDEX,https://www.federalreserve.gov/newsevents/speech/quarles20190329a.htm,,raw/speech_catalog/board_indexes/2019-speeches.htm,PUBLICATION_DATE_TIME_NOT_EXPOSED_IN_ANNUAL_INDEX
fde0c423dda1ba417422,Michelle W. Bowman,2019-04-02,UNKNOWN,UNKNOWN,UNKNOWN,UNKNOWN,UNKNOWN,,Fostering Closer Supervisory Communication,,SPEECH,Board of Governors of the Federal Reserve System,FEDERAL_RESERVE_BOARD_ANNUAL_INDEX,https://www.federalreserve.gov/newsevents/speech/bowman20190402a.htm,,raw/speech_catalog/board_indexes/2019-speeches.htm,PUBLICATION_DATE_TIME_NOT_EXPOSED_IN_ANNUAL_INDEX
929917d1b3e0c88143d4,for Supervision and Chair of the Financial Stability Board Randal K. Quarles,2019-04-02,UNKNOWN,UNKNOWN,UNKNOWN,UNKNOWN,UNKNOWN,,The Financial Stability Board: Beyond the Fog of Battle,,SPEECH,Board of Governors of the Federal Reserve System,FEDERAL_RESERVE_BOARD_ANNUAL_INDEX,https://www.federalreserve.gov/newsevents/speech/quarles20190402a.htm,,raw/speech_catalog/board_indexes/2019-speeches.htm,PUBLICATION_DATE_TIME_NOT_EXPOSED_IN_ANNUAL_INDEX
17b7113d570e2f910b1a,Richard H. Clarida,2019-04-09,UNKNOWN,UNKNOWN,UNKNOWN,UNKNOWN,UNKNOWN,,"The Federal Reserve's Review of Its Monetary Policy Strategy, Tools, and Communication Practices",,SPEECH,Board of Governors of the Federal Reserve System,FEDERAL_RESERVE_BOARD_ANNUAL_INDEX,https://www.federalreserve.gov/newsevents/speech/clarida20190409a.htm,,raw/speech_catalog/board_indexes/2019-speeches.htm,PUBLICATION_DATE_TIME_NOT_EXPOSED_IN_ANNUAL_INDEX
3ef636bab6fd074c77d7,for Supervision and Chair of the Financial Stability Board Randal K. Quarles,2019-04-10,UNKNOWN,UNKNOWN,UNKNOWN,UNKNOWN,UNKNOWN,,Progress on the Transition to Risk-Free Rates,,SPEECH,Board of Governors of the Federal Reserve System,FEDERAL_RESERVE_BOARD_ANNUAL_INDEX,https://www.federalreserve.gov/newsevents/speech/quarles20190410a.htm,,raw/speech_catalog/board_indexes/2019-speeches.htm,PUBLICATION_DATE_TIME_NOT_EXPOSED_IN_ANNUAL_INDEX
6eb5f17eee1e8aadd560,Michelle W. Bowman,2019-04-11,UNKNOWN,UNKNOWN,UNKNOWN,UNKNOWN,UNKNOWN,,Community Banking in the Age of Innovation,,SPEECH,Board of Governors of the Federal Reserve System,FEDERAL_RESERVE_BOARD_ANNUAL_INDEX,https://www.federalreserve.gov/newsevents/speech/bowman20190411a.htm,,raw/speech_catalog/board_indexes/2019-speeches.htm,PUBLICATION_DATE_TIME_NOT_EXPOSED_IN_ANNUAL_INDEX
642f0a7239b437d0735b,Richard H. Clarida,2019-04-11,UNKNOWN,UNKNOWN,UNKNOWN,UNKNOWN,UNKNOWN,,U.S. Economic Outlook and Monetary Policy,,SPEECH,Board of Governors of the Federal Reserve System,FEDERAL_RESERVE_BOARD_ANNUAL_INDEX,https://www.federalreserve.gov/newsevents/speech/clarida20190411a.htm,,raw/speech_catalog/board_indexes/2019-speeches.htm,PUBLICATION_DATE_TIME_NOT_EXPOSED_IN_ANNUAL_INDEX
25e310249e33bf0c55bb,Richard H. Clarida,2019-05-03,UNKNOWN,UNKNOWN,UNKNOWN,UNKNOWN,UNKNOWN,,"Models, Markets, and Monetary Policy",,SPEECH,Board of Governors of the Federal Reserve System,FEDERAL_RESERVE_BOARD_ANNUAL_INDEX,https://www.federalreserve.gov/newsevents/speech/clarida20190503a.htm,,raw/speech_catalog/board_indexes/2019-speeches.htm,PUBLICATION_DATE_TIME_NOT_EXPOSED_IN_ANNUAL_INDEX
58f46670b55e9151023c,Lael Brainard,2019-05-08,UNKNOWN,UNKNOWN,UNKNOWN,UNKNOWN,UNKNOWN,,"""Fed Listens"" in Richmond: How Does Monetary Policy Affect Your Community?",,SPEECH,Board of Governors of the Federal Reserve System,FEDERAL_RESERVE_BOARD_ANNUAL_INDEX,https://www.federalreserve.gov/newsevents/speech/brainard20190508a.htm,,raw/speech_catalog/board_indexes/2019-speeches.htm,PUBLICATION_DATE_TIME_NOT_EXPOSED_IN_ANNUAL_INDEX
1cf223d677dfc5dab91c,Jerome H. Powell,2019-05-09,UNKNOWN,UNKNOWN,UNKNOWN,UNKNOWN,UNKNOWN,,Welcoming Remarks,,SPEECH,Board of Governors of the Federal Reserve System,FEDERAL_RESERVE_BOARD_ANNUAL_INDEX,https://www.federalreserve.gov/newsevents/speech/powell20190509a.htm,,raw/speech_catalog/board_indexes/2019-speeches.htm,PUBLICATION_DATE_TIME_NOT_EXPOSED_IN_ANNUAL_INDEX
f5d0f5117df259620da8,Lael Brainard,2019-05-10,UNKNOWN,UNKNOWN,UNKNOWN,UNKNOWN,UNKNOWN,,Is the Middle Class within Reach for Middle-Income Families?,,SPEECH,Board of Governors of the Federal Reserve System,FEDERAL_RESERVE_BOARD_ANNUAL_INDEX,https://www.federalreserve.gov/newsevents/speech/brainard20190510a.htm,,raw/speech_catalog/board_indexes/2019-speeches.htm,PUBLICATION_DATE_TIME_NOT_EXPOSED_IN_ANNUAL_INDEX
efdcefb9f593d8d12b22,Richard H. Clarida,2019-05-13,UNKNOWN,UNKNOWN,UNKNOWN,UNKNOWN,UNKNOWN,,"The Federal Reserve’s Review of Its Monetary Policy Strategy, Tools, and Communication Practices",,SPEECH,Board of Governors of the Federal Reserve System,FEDERAL_RESERVE_BOARD_ANNUAL_INDEX,https://www.federalreserve.gov/newsevents/speech/clarida20190513a.htm,,raw/speech_catalog/board_indexes/2019-speeches.htm,PUBLICATION_DATE_TIME_NOT_EXPOSED_IN_ANNUAL_INDEX
f1ef080920f5e62d9f94,Lael Brainard,2019-05-16,UNKNOWN,UNKNOWN,UNKNOWN,UNKNOWN,UNKNOWN,,The Disconnect between Inflation and Employment in the New Normal,,SPEECH,Board of Governors of the Federal Reserve System,FEDERAL_RESERVE_BOARD_ANNUAL_INDEX,https://www.federalreserve.gov/newsevents/speech/brainard20190516a.htm,,raw/speech_catalog/board_indexes/2019-speeches.htm,PUBLICATION_DATE_TIME_NOT_EXPOSED_IN_ANNUAL_INDEX
3524b834412a0a6b96ea,Richard H. Clarida,2019-05-17,UNKNOWN,UNKNOWN,UNKNOWN,UNKNOWN,UNKNOWN,,"The Federal Reserve’s Review of Its Monetary Policy Strategy, Tools, and Communication Practices",,SPEECH,Board of Governors of the Federal Reserve System,FEDERAL_RESERVE_BOARD_ANNUAL_INDEX,https://www.federalreserve.gov/newsevents/speech/clarida20190517a.htm,,raw/speech_catalog/board_indexes/2019-speeches.htm,PUBLICATION_DATE_TIME_NOT_EXPOSED_IN_ANNUAL_INDEX
2363b1ce526c4c12167c,Jerome H. Powell,2019-05-20,UNKNOWN,UNKNOWN,UNKNOWN,UNKNOWN,UNKNOWN,,Business Debt and Our Dynamic Financial System,,SPEECH,Board of Governors of the Federal Reserve System,FEDERAL_RESERVE_BOARD_ANNUAL_INDEX,https://www.federalreserve.gov/newsevents/speech/powell20190520a.htm,,raw/speech_catalog/board_indexes/2019-speeches.htm,PUBLICATION_DATE_TIME_NOT_EXPOSED_IN_ANNUAL_INDEX
a90f75aedd69b3e1c1d7,Richard H. Clarida,2019-05-20,UNKNOWN,UNKNOWN,UNKNOWN,UNKNOWN,UNKNOWN,,"The Federal Reserve's Review of Its Monetary Policy Strategy, Tools, and Communication Practices",,SPEECH,Board of Governors of the Federal Reserve System,FEDERAL_RESERVE_BOARD_ANNUAL_INDEX,https://www.federalreserve.gov/newsevents/speech/clarida20190520a.htm,,raw/speech_catalog/board_indexes/2019-speeches.htm,PUBLICATION_DATE_TIME_NOT_EXPOSED_IN_ANNUAL_INDEX
08cbef7c8bd5dc9cb539,Richard H. Clarida,2019-05-30,UNKNOWN,UNKNOWN,UNKNOWN,UNKNOWN,UNKNOWN,,Sustaining Maximum Employment and Price Stability,,SPEECH,Board of Governors of the Federal Reserve System,FEDERAL_RESERVE_BOARD_ANNUAL_INDEX,https://www.federalreserve.gov/newsevents/speech/clarida20190530a.htm,,raw/speech_catalog/board_indexes/2019-speeches.htm,PUBLICATION_DATE_TIME_NOT_EXPOSED_IN_ANNUAL_INDEX
134d9029b8b4c68b3a92,for Supervision Randal K. Quarles,2019-05-30,UNKNOWN,UNKNOWN,UNKNOWN,UNKNOWN,UNKNOWN,,Monetary Policy and Financial Stability,,SPEECH,Board of Governors of the Federal Reserve System,FEDERAL_RESERVE_BOARD_ANNUAL_INDEX,https://www.federalreserve.gov/newsevents/speech/quarles20190530a.htm,,raw/speech_catalog/board_indexes/2019-speeches.htm,PUBLICATION_DATE_TIME_NOT_EXPOSED_IN_ANNUAL_INDEX
50ed18aaeff3a8cb6efd,for Supervision Randal K. Quarles,2019-06-03,UNKNOWN,UNKNOWN,UNKNOWN,UNKNOWN,UNKNOWN,,The Next Stage in the LIBOR Transition (via prerecorded video),,SPEECH,Board of Governors of the Federal Reserve System,FEDERAL_RESERVE_BOARD_ANNUAL_INDEX,https://www.federalreserve.gov/newsevents/speech/quarles20190603a.htm,,raw/speech_catalog/board_indexes/2019-speeches.htm,PUBLICATION_DATE_TIME_NOT_EXPOSED_IN_ANNUAL_INDEX
bb49b69e31685e1df54e,Jerome H. Powell,2019-06-04,UNKNOWN,UNKNOWN,UNKNOWN,UNKNOWN,UNKNOWN,,Opening Remarks,,SPEECH,Board of Governors of the Federal Reserve System,FEDERAL_RESERVE_BOARD_ANNUAL_INDEX,https://www.federalreserve.gov/newsevents/speech/powell20190604a.htm,,raw/speech_catalog/board_indexes/2019-speeches.htm,PUBLICATION_DATE_TIME_NOT_EXPOSED_IN_ANNUAL_INDEX
19f6d75659397d720273,Richard H. Clarida,2019-06-05,UNKNOWN,UNKNOWN,UNKNOWN,UNKNOWN,UNKNOWN,,"The Federal Reserve's Review of Its Monetary Policy Strategy, Tools, and Communication Practices",,SPEECH,Board of Governors of the Federal Reserve System,FEDERAL_RESERVE_BOARD_ANNUAL_INDEX,https://www.federalreserve.gov/newsevents/speech/clarida20190605a.htm,,raw/speech_catalog/board_indexes/2019-speeches.htm,PUBLICATION_DATE_TIME_NOT_EXPOSED_IN_ANNUAL_INDEX
25930011f59131272d93,Lael Brainard,2019-06-21,UNKNOWN,UNKNOWN,UNKNOWN,UNKNOWN,UNKNOWN,,Fed Listens in Cincinnati: How Does Monetary Policy Affect Your Community?,,SPEECH,Board of Governors of the Federal Reserve System,FEDERAL_RESERVE_BOARD_ANNUAL_INDEX,https://www.federalreserve.gov/newsevents/speech/brainard20190621a.htm,,raw/speech_catalog/board_indexes/2019-speeches.htm,PUBLICATION_DATE_TIME_NOT_EXPOSED_IN_ANNUAL_INDEX
0403c92a152685e6513d,Jerome H. Powell,2019-06-25,UNKNOWN,UNKNOWN,UNKNOWN,UNKNOWN,UNKNOWN,,Economic Outlook and Monetary Policy Review,,SPEECH,Board of Governors of the Federal Reserve System,FEDERAL_RESERVE_BOARD_ANNUAL_INDEX,https://www.federalreserve.gov/newsevents/speech/powell20190625a.htm,,raw/speech_catalog/board_indexes/2019-speeches.htm,PUBLICATION_DATE_TIME_NOT_EXPOSED_IN_ANNUAL_INDEX
f5ad3fc4967d268ca09b,Michelle W. Bowman,2019-06-25,UNKNOWN,UNKNOWN,UNKNOWN,UNKNOWN,UNKNOWN,,Minority Depository Institutions,,SPEECH,Board of Governors of the Federal Reserve System,FEDERAL_RESERVE_BOARD_ANNUAL_INDEX,https://www.federalreserve.gov/newsevents/speech/bowman20190625a.htm,,raw/speech_catalog/board_indexes/2019-speeches.htm,PUBLICATION_DATE_TIME_NOT_EXPOSED_IN_ANNUAL_INDEX
bc2c78317abc8318d696,Richard H. Clarida,2019-07-01,UNKNOWN,UNKNOWN,UNKNOWN,UNKNOWN,UNKNOWN,,"The Federal Reserve's Review of Its Monetary Policy Strategy, Tools, and Communication Practices",,SPEECH,Board of Governors of the Federal Reserve System,FEDERAL_RESERVE_BOARD_ANNUAL_INDEX,https://www.federalreserve.gov/newsevents/speech/clarida20190701a.htm,,raw/speech_catalog/board_indexes/2019-speeches.htm,PUBLICATION_DATE_TIME_NOT_EXPOSED_IN_ANNUAL_INDEX
7510ac8e4f74395227bb,Jerome H. Powell,2019-07-09,UNKNOWN,UNKNOWN,UNKNOWN,UNKNOWN,UNKNOWN,,Video,,SPEECH,Board of Governors of the Federal Reserve System,FEDERAL_RESERVE_BOARD_ANNUAL_INDEX,https://www.federalreserve.gov/newsevents/speech/powell20190709a.htm,,raw/speech_catalog/board_indexes/2019-speeches.htm,PUBLICATION_DATE_TIME_NOT_EXPOSED_IN_ANNUAL_INDEX
7811409a9bd80d4585ed,for Supervision Randal K. Quarles,2019-07-09,UNKNOWN,UNKNOWN,UNKNOWN,UNKNOWN,UNKNOWN,,Stress Testing: A Decade of Continuity and Change,,SPEECH,Board of Governors of the Federal Reserve System,FEDERAL_RESERVE_BOARD_ANNUAL_INDEX,https://www.federalreserve.gov/newsevents/speech/quarles20190709a.htm,,raw/speech_catalog/board_indexes/2019-speeches.htm,PUBLICATION_DATE_TIME_NOT_EXPOSED_IN_ANNUAL_INDEX
c03c3efca719ac554b17,Lael Brainard,2019-07-11,UNKNOWN,UNKNOWN,UNKNOWN,UNKNOWN,UNKNOWN,,Perspectives on the Economy from Scranton,,SPEECH,Board of Governors of the Federal Reserve System,FEDERAL_RESERVE_BOARD_ANNUAL_INDEX,https://www.federalreserve.gov/newsevents/speech/brainard20190711a.htm,,raw/speech_catalog/board_indexes/2019-speeches.htm,PUBLICATION_DATE_TIME_NOT_EXPOSED_IN_ANNUAL_INDEX
6a4297137dc3612a9157,Jerome H. Powell,2019-07-16,UNKNOWN,UNKNOWN,UNKNOWN,UNKNOWN,UNKNOWN,,Monetary Policy in the Post-Crisis Era,,SPEECH,Board of Governors of the Federal Reserve System,FEDERAL_RESERVE_BOARD_ANNUAL_INDEX,https://www.federalreserve.gov/newsevents/speech/powell20190716a.htm,,raw/speech_catalog/board_indexes/2019-speeches.htm,PUBLICATION_DATE_TIME_NOT_EXPOSED_IN_ANNUAL_INDEX
8a9dfdb162e04393d49c,Lael Brainard,2019-08-05,UNKNOWN,UNKNOWN,UNKNOWN,UNKNOWN,UNKNOWN,,Delivering Fast Payments for All,,SPEECH,Board of Governors of the Federal Reserve System,FEDERAL_RESERVE_BOARD_ANNUAL_INDEX,https://www.federalreserve.gov/newsevents/speech/brainard20190805a.htm,,raw/speech_catalog/board_indexes/2019-speeches.htm,PUBLICATION_DATE_TIME_NOT_EXPOSED_IN_ANNUAL_INDEX
d385bdbd6e51c3d53b09,for Supervision Randal K. Quarles,2019-08-20,UNKNOWN,UNKNOWN,UNKNOWN,UNKNOWN,UNKNOWN,,A Decade of Building Stronger Communities,,SPEECH,Board of Governors of the Federal Reserve System,FEDERAL_RESERVE_BOARD_ANNUAL_INDEX,https://www.federalreserve.gov/newsevents/speech/quarles20190820a.htm,,raw/speech_catalog/board_indexes/2019-speeches.htm,PUBLICATION_DATE_TIME_NOT_EXPOSED_IN_ANNUAL_INDEX
7adabe4e7d4ce249ca24,Jerome H. Powell,2019-08-23,UNKNOWN,UNKNOWN,UNKNOWN,UNKNOWN,UNKNOWN,,Challenges for Monetary Policy,,SPEECH,Board of Governors of the Federal Reserve System,FEDERAL_RESERVE_BOARD_ANNUAL_INDEX,https://www.federalreserve.gov/newsevents/speech/powell20190823a.htm,,raw/speech_catalog/board_indexes/2019-speeches.htm,PUBLICATION_DATE_TIME_NOT_EXPOSED_IN_ANNUAL_INDEX
50202c84c3b6ed21a84e,Michelle W. Bowman,2019-09-04,UNKNOWN,UNKNOWN,UNKNOWN,UNKNOWN,UNKNOWN,,Introductory Remarks,,SPEECH,Board of Governors of the Federal Reserve System,FEDERAL_RESERVE_BOARD_ANNUAL_INDEX,https://www.federalreserve.gov/newsevents/speech/bowman20190904a.htm,,raw/speech_catalog/board_indexes/2019-speeches.htm,PUBLICATION_DATE_TIME_NOT_EXPOSED_IN_ANNUAL_INDEX
6cdd61a518b407da8955,for Supervision Randal K. Quarles,2019-09-05,UNKNOWN,UNKNOWN,UNKNOWN,UNKNOWN,UNKNOWN,,Refining the Stress Capital Buffer,,SPEECH,Board of Governors of the Federal Reserve System,FEDERAL_RESERVE_BOARD_ANNUAL_INDEX,https://www.federalreserve.gov/newsevents/speech/quarles20190905a.htm,,raw/speech_catalog/board_indexes/2019-speeches.htm,PUBLICATION_DATE_TIME_NOT_EXPOSED_IN_ANNUAL_INDEX
2dab54eadf4709686d0d,Richard H. Clarida,2019-09-26,UNKNOWN,UNKNOWN,UNKNOWN,UNKNOWN,UNKNOWN,,"The Federal Reserve’s Review of Its Monetary Policy Strategy, Tools, and Communication Practices",,SPEECH,Board of Governors of the Federal Reserve System,FEDERAL_RESERVE_BOARD_ANNUAL_INDEX,https://www.federalreserve.gov/newsevents/speech/clarida20190926a.htm,,raw/speech_catalog/board_indexes/2019-speeches.htm,PUBLICATION_DATE_TIME_NOT_EXPOSED_IN_ANNUAL_INDEX
e642de055240ab328fa7,for Supervision and Chair of the Financial Stability Board Randal K. Quarles,2019-09-26,UNKNOWN,UNKNOWN,UNKNOWN,UNKNOWN,UNKNOWN,,Government of Union: Achieving Certainty in Cross-Border Finance,,SPEECH,Board of Governors of the Federal Reserve System,FEDERAL_RESERVE_BOARD_ANNUAL_INDEX,https://www.federalreserve.gov/newsevents/speech/quarles20190926a.htm,,raw/speech_catalog/board_indexes/2019-speeches.htm,PUBLICATION_DATE_TIME_NOT_EXPOSED_IN_ANNUAL_INDEX
58b8c64b257ad3cf5740,for Supervision Randal K. Quarles,2019-09-27,UNKNOWN,UNKNOWN,UNKNOWN,UNKNOWN,UNKNOWN,,Law and Macroeconomics: The Global Evolution of Macroprudential Regulation,,SPEECH,Board of Governors of the Federal Reserve System,FEDERAL_RESERVE_BOARD_ANNUAL_INDEX,https://www.federalreserve.gov/newsevents/speech/quarles20190927a.htm,,raw/speech_catalog/board_indexes/2019-speeches.htm,PUBLICATION_DATE_TIME_NOT_EXPOSED_IN_ANNUAL_INDEX
39dc9eeb9af42ccf338b,Michelle W. Bowman,2019-10-01,UNKNOWN,UNKNOWN,UNKNOWN,UNKNOWN,UNKNOWN,,Advancing Our Understanding of Community Banking,,SPEECH,Board of Governors of the Federal Reserve System,FEDERAL_RESERVE_BOARD_ANNUAL_INDEX,https://www.federalreserve.gov/newsevents/speech/bowman20191001a.htm,,raw/speech_catalog/board_indexes/2019-speeches.htm,PUBLICATION_DATE_TIME_NOT_EXPOSED_IN_ANNUAL_INDEX
f1b9e52e4db8d7f5f01f,Richard H. Clarida,2019-10-01,UNKNOWN,UNKNOWN,UNKNOWN,UNKNOWN,UNKNOWN,,Introductory Remarks,,SPEECH,Board of Governors of the Federal Reserve System,FEDERAL_RESERVE_BOARD_ANNUAL_INDEX,https://www.federalreserve.gov/newsevents/speech/clarida20191001a.htm,,raw/speech_catalog/board_indexes/2019-speeches.htm,PUBLICATION_DATE_TIME_NOT_EXPOSED_IN_ANNUAL_INDEX
167e87d1f2e9cd23ee5a,for Supervision and Chair of the Financial Stability Board Randal K. Quarles,2019-10-03,UNKNOWN,UNKNOWN,UNKNOWN,UNKNOWN,UNKNOWN,,The Financial Stability Board at 10 Years—Looking Back and Looking Ahead,,SPEECH,Board of Governors of the Federal Reserve System,FEDERAL_RESERVE_BOARD_ANNUAL_INDEX,https://www.federalreserve.gov/newsevents/speech/quarles20191003a.htm,,raw/speech_catalog/board_indexes/2019-speeches.htm,PUBLICATION_DATE_TIME_NOT_EXPOSED_IN_ANNUAL_INDEX
72814691800a269328cb,Jerome H. Powell,2019-10-04,UNKNOWN,UNKNOWN,UNKNOWN,UNKNOWN,UNKNOWN,,Opening Remarks,,SPEECH,Board of Governors of the Federal Reserve System,FEDERAL_RESERVE_BOARD_ANNUAL_INDEX,https://www.federalreserve.gov/newsevents/speech/powell20191004a.htm,,raw/speech_catalog/board_indexes/2019-speeches.htm,PUBLICATION_DATE_TIME_NOT_EXPOSED_IN_ANNUAL_INDEX
d8d015bc063a1bf124cd,Jerome H. Powell,2019-10-07,UNKNOWN,UNKNOWN,UNKNOWN,UNKNOWN,UNKNOWN,,Brief Remarks,,SPEECH,Board of Governors of the Federal Reserve System,FEDERAL_RESERVE_BOARD_ANNUAL_INDEX,https://www.federalreserve.gov/newsevents/speech/powell20191007a.htm,,raw/speech_catalog/board_indexes/2019-speeches.htm,PUBLICATION_DATE_TIME_NOT_EXPOSED_IN_ANNUAL_INDEX
559cce4f41408203dbc3,Jerome H. Powell,2019-10-08,UNKNOWN,UNKNOWN,UNKNOWN,UNKNOWN,UNKNOWN,,Data-Dependent Monetary Policy in an Evolving Economy,,SPEECH,Board of Governors of the Federal Reserve System,FEDERAL_RESERVE_BOARD_ANNUAL_INDEX,https://www.federalreserve.gov/newsevents/speech/powell20191008a.htm,,raw/speech_catalog/board_indexes/2019-speeches.htm,PUBLICATION_DATE_TIME_NOT_EXPOSED_IN_ANNUAL_INDEX
4112b6d4dcf9611fa26f,Jerome H. Powell,2019-10-09,UNKNOWN,UNKNOWN,UNKNOWN,UNKNOWN,UNKNOWN,,Opening Remarks,,SPEECH,Board of Governors of the Federal Reserve System,FEDERAL_RESERVE_BOARD_ANNUAL_INDEX,https://www.federalreserve.gov/newsevents/speech/powell20191009a.htm,,raw/speech_catalog/board_indexes/2019-speeches.htm,PUBLICATION_DATE_TIME_NOT_EXPOSED_IN_ANNUAL_INDEX
479278000d3ca2dba003,Lael Brainard,2019-10-16,UNKNOWN,UNKNOWN,UNKNOWN,UNKNOWN,UNKNOWN,,"Digital Currencies, Stablecoins, and the Evolving Payments Landscape",,SPEECH,Board of Governors of the Federal Reserve System,FEDERAL_RESERVE_BOARD_ANNUAL_INDEX,https://www.federalreserve.gov/newsevents/speech/brainard20191016a.htm,,raw/speech_catalog/board_indexes/2019-speeches.htm,PUBLICATION_DATE_TIME_NOT_EXPOSED_IN_ANNUAL_INDEX
5572595c8bf88ee44fba,Michelle W. Bowman,2019-10-17,UNKNOWN,UNKNOWN,UNKNOWN,UNKNOWN,UNKNOWN,,Opening Remarks,,SPEECH,Board of Governors of the Federal Reserve System,FEDERAL_RESERVE_BOARD_ANNUAL_INDEX,https://www.federalreserve.gov/newsevents/speech/bowman20191017a.htm,,raw/speech_catalog/board_indexes/2019-speeches.htm,PUBLICATION_DATE_TIME_NOT_EXPOSED_IN_ANNUAL_INDEX
3f3af455417892fb2b0a,Richard H. Clarida,2019-10-18,UNKNOWN,UNKNOWN,UNKNOWN,UNKNOWN,UNKNOWN,,U.S. Economic Outlook and Monetary Policy,,SPEECH,Board of Governors of the Federal Reserve System,FEDERAL_RESERVE_BOARD_ANNUAL_INDEX,https://www.federalreserve.gov/newsevents/speech/clarida20191018a.htm,,raw/speech_catalog/board_indexes/2019-speeches.htm,PUBLICATION_DATE_TIME_NOT_EXPOSED_IN_ANNUAL_INDEX
f4a1ef89505786857433,Michelle W. Bowman,2019-10-21,UNKNOWN,UNKNOWN,UNKNOWN,UNKNOWN,UNKNOWN,,Video,,SPEECH,Board of Governors of the Federal Reserve System,FEDERAL_RESERVE_BOARD_ANNUAL_INDEX,https://www.federalreserve.gov/newsevents/speech/bowman20191021a.htm,,raw/speech_catalog/board_indexes/2019-speeches.htm,PUBLICATION_DATE_TIME_NOT_EXPOSED_IN_ANNUAL_INDEX
d072feacd56eec255da7,Richard H. Clarida,2019-11-01,UNKNOWN,UNKNOWN,UNKNOWN,UNKNOWN,UNKNOWN,,"The United States, Japan, and the Global Economy",,SPEECH,Board of Governors of the Federal Reserve System,FEDERAL_RESERVE_BOARD_ANNUAL_INDEX,https://www.federalreserve.gov/newsevents/speech/clarida20191101a.htm,,raw/speech_catalog/board_indexes/2019-speeches.htm,PUBLICATION_DATE_TIME_NOT_EXPOSED_IN_ANNUAL_INDEX
3349dac4ca6db6139b2a,for Supervision Randal K. Quarles,2019-11-01,UNKNOWN,UNKNOWN,UNKNOWN,UNKNOWN,UNKNOWN,,Friedrich Hayek and the Price System,,SPEECH,Board of Governors of the Federal Reserve System,FEDERAL_RESERVE_BOARD_ANNUAL_INDEX,https://www.federalreserve.gov/newsevents/speech/quarles20191101a.htm,,raw/speech_catalog/board_indexes/2019-speeches.htm,PUBLICATION_DATE_TIME_NOT_EXPOSED_IN_ANNUAL_INDEX
b6f49feb2c0bfab1adf1,Lael Brainard,2019-11-08,UNKNOWN,UNKNOWN,UNKNOWN,UNKNOWN,UNKNOWN,,Why Climate Change Matters for Monetary Policy and Financial Stability,,SPEECH,Board of Governors of the Federal Reserve System,FEDERAL_RESERVE_BOARD_ANNUAL_INDEX,https://www.federalreserve.gov/newsevents/speech/brainard20191108a.htm,,raw/speech_catalog/board_indexes/2019-speeches.htm,PUBLICATION_DATE_TIME_NOT_EXPOSED_IN_ANNUAL_INDEX
ee7a8082ca69a9a0abc0,Richard H. Clarida,2019-11-12,UNKNOWN,UNKNOWN,UNKNOWN,UNKNOWN,UNKNOWN,,"Monetary Policy, Price Stability, and Equilibrium Bond Yields: Success and Consequences",,SPEECH,Board of Governors of the Federal Reserve System,FEDERAL_RESERVE_BOARD_ANNUAL_INDEX,https://www.federalreserve.gov/newsevents/speech/clarida20191112a.htm,,raw/speech_catalog/board_indexes/2019-speeches.htm,PUBLICATION_DATE_TIME_NOT_EXPOSED_IN_ANNUAL_INDEX
269fa922a55d8a6b7cd4,Richard H. Clarida,2019-11-14,UNKNOWN,UNKNOWN,UNKNOWN,UNKNOWN,UNKNOWN,,"The Federal Reserve’s Review of Its Monetary Policy Strategy, Tools, and Communication Practices",,SPEECH,Board of Governors of the Federal Reserve System,FEDERAL_RESERVE_BOARD_ANNUAL_INDEX,https://www.federalreserve.gov/newsevents/speech/clarida20191114a.htm,,raw/speech_catalog/board_indexes/2019-speeches.htm,PUBLICATION_DATE_TIME_NOT_EXPOSED_IN_ANNUAL_INDEX
abdf1850a7f99835b364,for Supervision Randal K. Quarles,2019-11-14,UNKNOWN,UNKNOWN,UNKNOWN,UNKNOWN,UNKNOWN,,Video,,SPEECH,Board of Governors of the Federal Reserve System,FEDERAL_RESERVE_BOARD_ANNUAL_INDEX,https://www.federalreserve.gov/newsevents/speech/quarles20191114a.htm,,raw/speech_catalog/board_indexes/2019-speeches.htm,PUBLICATION_DATE_TIME_NOT_EXPOSED_IN_ANNUAL_INDEX
3ebcd656e7e7e2a63467,Jerome H. Powell,2019-11-25,UNKNOWN,UNKNOWN,UNKNOWN,UNKNOWN,UNKNOWN,,Building on the Gains from the Long Expansion,,SPEECH,Board of Governors of the Federal Reserve System,FEDERAL_RESERVE_BOARD_ANNUAL_INDEX,https://www.federalreserve.gov/newsevents/speech/powell20191125a.htm,,raw/speech_catalog/board_indexes/2019-speeches.htm,PUBLICATION_DATE_TIME_NOT_EXPOSED_IN_ANNUAL_INDEX
07b4735d094e589aeabf,Lael Brainard,2019-11-26,UNKNOWN,UNKNOWN,UNKNOWN,UNKNOWN,UNKNOWN,,"Federal Reserve Review of Monetary Policy Strategy, Tools, and Communications: Some Preliminary Views",,SPEECH,Board of Governors of the Federal Reserve System,FEDERAL_RESERVE_BOARD_ANNUAL_INDEX,https://www.federalreserve.gov/newsevents/speech/brainard20191126a.htm,,raw/speech_catalog/board_indexes/2019-speeches.htm,PUBLICATION_DATE_TIME_NOT_EXPOSED_IN_ANNUAL_INDEX
97f7b615ad951cc25523,Lael Brainard,2019-12-18,UNKNOWN,UNKNOWN,UNKNOWN,UNKNOWN,UNKNOWN,,"Update on Digital Currencies, Stablecoins, and the Challenges Ahead",,SPEECH,Board of Governors of the Federal Reserve System,FEDERAL_RESERVE_BOARD_ANNUAL_INDEX,https://www.federalreserve.gov/newsevents/speech/brainard20191218a.htm,,raw/speech_catalog/board_indexes/2019-speeches.htm,PUBLICATION_DATE_TIME_NOT_EXPOSED_IN_ANNUAL_INDEX
443cfc6a8b57342ace59,Lael Brainard,2020-01-08,UNKNOWN,UNKNOWN,UNKNOWN,UNKNOWN,UNKNOWN,,Strengthening the Community Reinvestment Act by Staying True to Its Core Purpose,,SPEECH,Board of Governors of the Federal Reserve System,FEDERAL_RESERVE_BOARD_ANNUAL_INDEX,https://www.federalreserve.gov/newsevents/speech/brainard20200108a.htm,,raw/speech_catalog/board_indexes/2020-speeches.htm,PUBLICATION_DATE_TIME_NOT_EXPOSED_IN_ANNUAL_INDEX
afe736395dbf2193a75c,Richard H. Clarida,2020-01-09,UNKNOWN,UNKNOWN,UNKNOWN,UNKNOWN,UNKNOWN,,U.S. Economic Outlook and Monetary Policy,,SPEECH,Board of Governors of the Federal Reserve System,FEDERAL_RESERVE_BOARD_ANNUAL_INDEX,https://www.federalreserve.gov/newsevents/speech/clarida20200109a.htm,,raw/speech_catalog/board_indexes/2020-speeches.htm,PUBLICATION_DATE_TIME_NOT_EXPOSED_IN_ANNUAL_INDEX
2dfe629cb2e128a00c54,Michelle W. Bowman,2020-01-16,UNKNOWN,UNKNOWN,UNKNOWN,UNKNOWN,UNKNOWN,,The Outlook for Housing,,SPEECH,Board of Governors of the Federal Reserve System,FEDERAL_RESERVE_BOARD_ANNUAL_INDEX,https://www.federalreserve.gov/newsevents/speech/bowman20200116a.htm,,raw/speech_catalog/board_indexes/2020-speeches.htm,PUBLICATION_DATE_TIME_NOT_EXPOSED_IN_ANNUAL_INDEX
8cbb5c165bb9d9d2beb0,for Supervision Randal K. Quarles,2020-01-17,UNKNOWN,UNKNOWN,UNKNOWN,UNKNOWN,UNKNOWN,,"Spontaneity and Order: Transparency, Accountability, and Fairness in Bank Supervision",,SPEECH,Board of Governors of the Federal Reserve System,FEDERAL_RESERVE_BOARD_ANNUAL_INDEX,https://www.federalreserve.gov/newsevents/speech/quarles20200117a.htm,,raw/speech_catalog/board_indexes/2020-speeches.htm,PUBLICATION_DATE_TIME_NOT_EXPOSED_IN_ANNUAL_INDEX
65f6a78cd4e7b6f67998,Lael Brainard,2020-02-05,UNKNOWN,UNKNOWN,UNKNOWN,UNKNOWN,UNKNOWN,,The Digitalization of Payments and Currency: Some Issues for Consideration,,SPEECH,Board of Governors of the Federal Reserve System,FEDERAL_RESERVE_BOARD_ANNUAL_INDEX,https://www.federalreserve.gov/newsevents/speech/brainard20200205a.htm,,raw/speech_catalog/board_indexes/2020-speeches.htm,PUBLICATION_DATE_TIME_NOT_EXPOSED_IN_ANNUAL_INDEX
9b2c76180faca8b9e786,for Supervision Randal K. Quarles,2020-02-06,UNKNOWN,UNKNOWN,UNKNOWN,UNKNOWN,UNKNOWN,,"The Economic Outlook, Monetary Policy, and the Demand for Reserves",,SPEECH,Board of Governors of the Federal Reserve System,FEDERAL_RESERVE_BOARD_ANNUAL_INDEX,https://www.federalreserve.gov/newsevents/speech/quarles20200206a.htm,,raw/speech_catalog/board_indexes/2020-speeches.htm,PUBLICATION_DATE_TIME_NOT_EXPOSED_IN_ANNUAL_INDEX
6bb800dccfe56abaee6a,Michelle W. Bowman,2020-02-10,UNKNOWN,UNKNOWN,UNKNOWN,UNKNOWN,UNKNOWN,,Empowering Community Banks,,SPEECH,Board of Governors of the Federal Reserve System,FEDERAL_RESERVE_BOARD_ANNUAL_INDEX,https://www.federalreserve.gov/newsevents/speech/bowman20200210a.htm,,raw/speech_catalog/board_indexes/2020-speeches.htm,PUBLICATION_DATE_TIME_NOT_EXPOSED_IN_ANNUAL_INDEX
aac95fec670e5114fa44,for Supervision Randal K. Quarles,2020-02-11,UNKNOWN,UNKNOWN,UNKNOWN,UNKNOWN,UNKNOWN,,"Spontaneity and Order: Transparency, Accountability, and Fairness in Bank Supervision",,SPEECH,Board of Governors of the Federal Reserve System,FEDERAL_RESERVE_BOARD_ANNUAL_INDEX,https://www.federalreserve.gov/newsevents/speech/quarles20200211a.htm,,raw/speech_catalog/board_indexes/2020-speeches.htm,PUBLICATION_DATE_TIME_NOT_EXPOSED_IN_ANNUAL_INDEX
66d8ce46cbd8389d244f,Lael Brainard,2020-02-21,UNKNOWN,UNKNOWN,UNKNOWN,UNKNOWN,UNKNOWN,,Monetary Policy Strategies and Tools When Inflation and Interest Rates Are Low,,SPEECH,Board of Governors of the Federal Reserve System,FEDERAL_RESERVE_BOARD_ANNUAL_INDEX,https://www.federalreserve.gov/newsevents/speech/brainard20200221a.htm,,raw/speech_catalog/board_indexes/2020-speeches.htm,PUBLICATION_DATE_TIME_NOT_EXPOSED_IN_ANNUAL_INDEX
54a8bccec96409268486,Richard H. Clarida,2020-02-21,UNKNOWN,UNKNOWN,UNKNOWN,UNKNOWN,UNKNOWN,,Financial Markets and Monetary Policy: Is There a Hall of Mirrors Problem?,,SPEECH,Board of Governors of the Federal Reserve System,FEDERAL_RESERVE_BOARD_ANNUAL_INDEX,https://www.federalreserve.gov/newsevents/speech/clarida20200221a.htm,,raw/speech_catalog/board_indexes/2020-speeches.htm,PUBLICATION_DATE_TIME_NOT_EXPOSED_IN_ANNUAL_INDEX
e02fabc8d8ddeebb880e,Richard H. Clarida,2020-02-25,UNKNOWN,UNKNOWN,UNKNOWN,UNKNOWN,UNKNOWN,,U.S. Economic Outlook and Monetary Policy,,SPEECH,Board of Governors of the Federal Reserve System,FEDERAL_RESERVE_BOARD_ANNUAL_INDEX,https://www.federalreserve.gov/newsevents/speech/clarida20200225a.htm,,raw/speech_catalog/board_indexes/2020-speeches.htm,PUBLICATION_DATE_TIME_NOT_EXPOSED_IN_ANNUAL_INDEX
cc1509b576f0b6f14d16,Michelle W. Bowman,2020-02-27,UNKNOWN,UNKNOWN,UNKNOWN,UNKNOWN,UNKNOWN,,Direction of Supervision: Impact of Payment System Innovation on Community Banks,,SPEECH,Board of Governors of the Federal Reserve System,FEDERAL_RESERVE_BOARD_ANNUAL_INDEX,https://www.federalreserve.gov/newsevents/speech/bowman20200227a.htm,,raw/speech_catalog/board_indexes/2020-speeches.htm,PUBLICATION_DATE_TIME_NOT_EXPOSED_IN_ANNUAL_INDEX
442dd78ba17f3740d7de,Jerome H. Powell,2020-04-09,UNKNOWN,UNKNOWN,UNKNOWN,UNKNOWN,UNKNOWN,,COVID-19 and the Economy,,SPEECH,Board of Governors of the Federal Reserve System,FEDERAL_RESERVE_BOARD_ANNUAL_INDEX,https://www.federalreserve.gov/newsevents/speech/powell20200409a.htm,,raw/speech_catalog/board_indexes/2020-speeches.htm,PUBLICATION_DATE_TIME_NOT_EXPOSED_IN_ANNUAL_INDEX
b3ebeac80f66c88351ca,Lael Brainard,2020-05-05,UNKNOWN,UNKNOWN,UNKNOWN,UNKNOWN,UNKNOWN,,Welcoming Remarks for Investment Connection – Response to COVID-19: Colorado,,SPEECH,Board of Governors of the Federal Reserve System,FEDERAL_RESERVE_BOARD_ANNUAL_INDEX,https://www.federalreserve.gov/newsevents/speech/brainard20200505a.htm,,raw/speech_catalog/board_indexes/2020-speeches.htm,PUBLICATION_DATE_TIME_NOT_EXPOSED_IN_ANNUAL_INDEX
a5a92201d5fd3c5e9f56,Jerome H. Powell,2020-05-13,UNKNOWN,UNKNOWN,UNKNOWN,UNKNOWN,UNKNOWN,,Current Economic Issues,,SPEECH,Board of Governors of the Federal Reserve System,FEDERAL_RESERVE_BOARD_ANNUAL_INDEX,https://www.federalreserve.gov/newsevents/speech/powell20200513a.htm,,raw/speech_catalog/board_indexes/2020-speeches.htm,PUBLICATION_DATE_TIME_NOT_EXPOSED_IN_ANNUAL_INDEX
b8a7c3b066cafd18c393,Jerome H. Powell,2020-05-21,UNKNOWN,UNKNOWN,UNKNOWN,UNKNOWN,UNKNOWN,,Opening Remarks,,SPEECH,Board of Governors of the Federal Reserve System,FEDERAL_RESERVE_BOARD_ANNUAL_INDEX,https://www.federalreserve.gov/newsevents/speech/powell20200521a.htm,,raw/speech_catalog/board_indexes/2020-speeches.htm,PUBLICATION_DATE_TIME_NOT_EXPOSED_IN_ANNUAL_INDEX
48df06a0400d566a7435,Lael Brainard,2020-05-21,UNKNOWN,UNKNOWN,UNKNOWN,UNKNOWN,UNKNOWN,,Introductory remarks for the Fed Listens panel on the COVID-19 pandemic,,SPEECH,Board of Governors of the Federal Reserve System,FEDERAL_RESERVE_BOARD_ANNUAL_INDEX,https://www.federalreserve.gov/newsevents/speech/brainard20200521a.htm,,raw/speech_catalog/board_indexes/2020-speeches.htm,PUBLICATION_DATE_TIME_NOT_EXPOSED_IN_ANNUAL_INDEX
607c5d3ad8d2b0e7bb8e,Richard H. Clarida,2020-05-21,UNKNOWN,UNKNOWN,UNKNOWN,UNKNOWN,UNKNOWN,,U.S. Economic Outlook and Monetary Policy,,SPEECH,Board of Governors of the Federal Reserve System,FEDERAL_RESERVE_BOARD_ANNUAL_INDEX,https://www.federalreserve.gov/newsevents/speech/clarida20200521a.htm,,raw/speech_catalog/board_indexes/2020-speeches.htm,PUBLICATION_DATE_TIME_NOT_EXPOSED_IN_ANNUAL_INDEX
c4cdae1fbd1f871c9b89,Richard H. Clarida,2020-06-16,UNKNOWN,UNKNOWN,UNKNOWN,UNKNOWN,UNKNOWN,,U.S. Economic Outlook and Monetary Policy (via prerecorded video),,SPEECH,Board of Governors of the Federal Reserve System,FEDERAL_RESERVE_BOARD_ANNUAL_INDEX,https://www.federalreserve.gov/newsevents/speech/clarida20200616a.htm,,raw/speech_catalog/board_indexes/2020-speeches.htm,PUBLICATION_DATE_TIME_NOT_EXPOSED_IN_ANNUAL_INDEX
e8020a78144cf0e8f8fb,Jerome H. Powell,2020-06-19,UNKNOWN,UNKNOWN,UNKNOWN,UNKNOWN,UNKNOWN,,Introductory Comments,,SPEECH,Board of Governors of the Federal Reserve System,FEDERAL_RESERVE_BOARD_ANNUAL_INDEX,https://www.federalreserve.gov/newsevents/speech/powell20200619a.htm,,raw/speech_catalog/board_indexes/2020-speeches.htm,PUBLICATION_DATE_TIME_NOT_EXPOSED_IN_ANNUAL_INDEX
5694b3090c0b6b885fff,for Supervision Randal K. Quarles,2020-06-19,UNKNOWN,UNKNOWN,UNKNOWN,UNKNOWN,UNKNOWN,,The Adaptability of Stress Testing,,SPEECH,Board of Governors of the Federal Reserve System,FEDERAL_RESERVE_BOARD_ANNUAL_INDEX,https://www.federalreserve.gov/newsevents/speech/quarles20200619a.htm,,raw/speech_catalog/board_indexes/2020-speeches.htm,PUBLICATION_DATE_TIME_NOT_EXPOSED_IN_ANNUAL_INDEX
bf1a78fe6ea2e0ec3db5,for Supervision and Chair of the Financial Stability Board Randal K. Quarles,2020-07-07,UNKNOWN,UNKNOWN,UNKNOWN,UNKNOWN,UNKNOWN,,Global in Life and Orderly in Death: Post-Crisis Reforms and the Too-Big-to-Fail Question,,SPEECH,Board of Governors of the Federal Reserve System,FEDERAL_RESERVE_BOARD_ANNUAL_INDEX,https://www.federalreserve.gov/newsevents/speech/quarles20200707a.htm,,raw/speech_catalog/board_indexes/2020-speeches.htm,PUBLICATION_DATE_TIME_NOT_EXPOSED_IN_ANNUAL_INDEX
1f84cb53ec6a6e2e2b14,Lael Brainard,2020-07-14,UNKNOWN,UNKNOWN,UNKNOWN,UNKNOWN,UNKNOWN,,Navigating Monetary Policy through the Fog of COVID,,SPEECH,Board of Governors of the Federal Reserve System,FEDERAL_RESERVE_BOARD_ANNUAL_INDEX,https://www.federalreserve.gov/newsevents/speech/brainard20200714a.htm,,raw/speech_catalog/board_indexes/2020-speeches.htm,PUBLICATION_DATE_TIME_NOT_EXPOSED_IN_ANNUAL_INDEX
0e394c4bd9489d49091c,Lael Brainard,2020-08-06,UNKNOWN,UNKNOWN,UNKNOWN,UNKNOWN,UNKNOWN,,The Future of Retail Payments in the United States,,SPEECH,Board of Governors of the Federal Reserve System,FEDERAL_RESERVE_BOARD_ANNUAL_INDEX,https://www.federalreserve.gov/newsevents/speech/brainard20200806a.htm,,raw/speech_catalog/board_indexes/2020-speeches.htm,PUBLICATION_DATE_TIME_NOT_EXPOSED_IN_ANNUAL_INDEX
69f975630cbae1f5e9e2,Lael Brainard,2020-08-13,UNKNOWN,UNKNOWN,UNKNOWN,UNKNOWN,UNKNOWN,,An Update on Digital Currencies,,SPEECH,Board of Governors of the Federal Reserve System,FEDERAL_RESERVE_BOARD_ANNUAL_INDEX,https://www.federalreserve.gov/newsevents/speech/brainard20200813a.htm,,raw/speech_catalog/board_indexes/2020-speeches.htm,PUBLICATION_DATE_TIME_NOT_EXPOSED_IN_ANNUAL_INDEX
dfcafac24b5e79f7c5e6,Michelle W. Bowman,2020-08-19,UNKNOWN,UNKNOWN,UNKNOWN,UNKNOWN,UNKNOWN,,Brief Remarks,,SPEECH,Board of Governors of the Federal Reserve System,FEDERAL_RESERVE_BOARD_ANNUAL_INDEX,https://www.federalreserve.gov/newsevents/speech/bowman20200819a.htm,,raw/speech_catalog/board_indexes/2020-speeches.htm,PUBLICATION_DATE_TIME_NOT_EXPOSED_IN_ANNUAL_INDEX
acec95e0ad3ec09c73e9,Michelle W. Bowman,2020-08-26,UNKNOWN,UNKNOWN,UNKNOWN,UNKNOWN,UNKNOWN,,The Pandemic’s Effect on the Economy and Banking,,SPEECH,Board of Governors of the Federal Reserve System,FEDERAL_RESERVE_BOARD_ANNUAL_INDEX,https://www.federalreserve.gov/newsevents/speech/bowman20200826a.htm,,raw/speech_catalog/board_indexes/2020-speeches.htm,PUBLICATION_DATE_TIME_NOT_EXPOSED_IN_ANNUAL_INDEX
c7cd84a1d45753135a92,Jerome H. Powell,2020-08-27,UNKNOWN,UNKNOWN,UNKNOWN,UNKNOWN,UNKNOWN,,New Economic Challenges and the Fed's Monetary Policy Review,,SPEECH,Board of Governors of the Federal Reserve System,FEDERAL_RESERVE_BOARD_ANNUAL_INDEX,https://www.federalreserve.gov/newsevents/speech/powell20200827a.htm,,raw/speech_catalog/board_indexes/2020-speeches.htm,PUBLICATION_DATE_TIME_NOT_EXPOSED_IN_ANNUAL_INDEX
f50700cf6b74385595c7,Richard H. Clarida,2020-08-31,UNKNOWN,UNKNOWN,UNKNOWN,UNKNOWN,UNKNOWN,,The Federal Reserve’s New Monetary Policy Framework: A Robust Evolution,,SPEECH,Board of Governors of the Federal Reserve System,FEDERAL_RESERVE_BOARD_ANNUAL_INDEX,https://www.federalreserve.gov/newsevents/speech/clarida20200831a.htm,,raw/speech_catalog/board_indexes/2020-speeches.htm,PUBLICATION_DATE_TIME_NOT_EXPOSED_IN_ANNUAL_INDEX
354619b76d6f27093623,Lael Brainard,2020-09-01,UNKNOWN,UNKNOWN,UNKNOWN,UNKNOWN,UNKNOWN,,Bringing the Statement on Longer-Run Goals and Monetary Policy Strategy into Alignment with Longer-Run Changes in the Economy,,SPEECH,Board of Governors of the Federal Reserve System,FEDERAL_RESERVE_BOARD_ANNUAL_INDEX,https://www.federalreserve.gov/newsevents/speech/brainard20200901a.htm,,raw/speech_catalog/board_indexes/2020-speeches.htm,PUBLICATION_DATE_TIME_NOT_EXPOSED_IN_ANNUAL_INDEX
6b9122bc7339a9f2b5ba,Lael Brainard,2020-09-21,UNKNOWN,UNKNOWN,UNKNOWN,UNKNOWN,UNKNOWN,,Strengthening the CRA to Meet the Challenges of Our Time,,SPEECH,Board of Governors of the Federal Reserve System,FEDERAL_RESERVE_BOARD_ANNUAL_INDEX,https://www.federalreserve.gov/newsevents/speech/brainard20200921a.htm,,raw/speech_catalog/board_indexes/2020-speeches.htm,PUBLICATION_DATE_TIME_NOT_EXPOSED_IN_ANNUAL_INDEX
e6abb37bb5d61cb5612a,for Supervision Randal K. Quarles,2020-09-23,UNKNOWN,UNKNOWN,UNKNOWN,UNKNOWN,UNKNOWN,,Optimism in the Time of COVID,,SPEECH,Board of Governors of the Federal Reserve System,FEDERAL_RESERVE_BOARD_ANNUAL_INDEX,https://www.federalreserve.gov/newsevents/speech/quarles20200923a.htm,,raw/speech_catalog/board_indexes/2020-speeches.htm,PUBLICATION_DATE_TIME_NOT_EXPOSED_IN_ANNUAL_INDEX
89f7fecfebedcc5c3b14,Michelle W. Bowman,2020-09-30,UNKNOWN,UNKNOWN,UNKNOWN,UNKNOWN,UNKNOWN,,Community Banks Rise to the Challenge,,SPEECH,Board of Governors of the Federal Reserve System,FEDERAL_RESERVE_BOARD_ANNUAL_INDEX,https://www.federalreserve.gov/newsevents/speech/bowman20200930a.htm,,raw/speech_catalog/board_indexes/2020-speeches.htm,PUBLICATION_DATE_TIME_NOT_EXPOSED_IN_ANNUAL_INDEX
0bcd2f9ca10107dc1418,Lael Brainard,2020-10-01,UNKNOWN,UNKNOWN,UNKNOWN,UNKNOWN,UNKNOWN,,Modernizing and Strengthening CRA Regulations: Hearing from Community Banks,,SPEECH,Board of Governors of the Federal Reserve System,FEDERAL_RESERVE_BOARD_ANNUAL_INDEX,https://www.federalreserve.gov/newsevents/speech/brainard20201001a.htm,,raw/speech_catalog/board_indexes/2020-speeches.htm,PUBLICATION_DATE_TIME_NOT_EXPOSED_IN_ANNUAL_INDEX
3b8dc83c1af661d0956c,Michelle W. Bowman,2020-10-01,UNKNOWN,UNKNOWN,UNKNOWN,UNKNOWN,UNKNOWN,,Mortgage Market Regulation and Access to Mortgage Credit,,SPEECH,Board of Governors of the Federal Reserve System,FEDERAL_RESERVE_BOARD_ANNUAL_INDEX,https://www.federalreserve.gov/newsevents/speech/bowman20201001a.htm,,raw/speech_catalog/board_indexes/2020-speeches.htm,PUBLICATION_DATE_TIME_NOT_EXPOSED_IN_ANNUAL_INDEX
144aab3e253616f2fe7e,Jerome H. Powell,2020-10-06,UNKNOWN,UNKNOWN,UNKNOWN,UNKNOWN,UNKNOWN,,Recent Economic Developments and the Challenges Ahead,,SPEECH,Board of Governors of the Federal Reserve System,FEDERAL_RESERVE_BOARD_ANNUAL_INDEX,https://www.federalreserve.gov/newsevents/speech/powell20201006a.htm,,raw/speech_catalog/board_indexes/2020-speeches.htm,PUBLICATION_DATE_TIME_NOT_EXPOSED_IN_ANNUAL_INDEX
c38be5a5c5e45e5ceeb3,Richard H. Clarida,2020-10-14,UNKNOWN,UNKNOWN,UNKNOWN,UNKNOWN,UNKNOWN,,U.S. Economic Outlook and Monetary Policy,,SPEECH,Board of Governors of the Federal Reserve System,FEDERAL_RESERVE_BOARD_ANNUAL_INDEX,https://www.federalreserve.gov/newsevents/speech/clarida20201014a.htm,,raw/speech_catalog/board_indexes/2020-speeches.htm,PUBLICATION_DATE_TIME_NOT_EXPOSED_IN_ANNUAL_INDEX
e9c296b439f0cb255f8b,for Supervision Randal K. Quarles,2020-10-14,UNKNOWN,UNKNOWN,UNKNOWN,UNKNOWN,UNKNOWN,,Remarks at the Hoover Institution,,SPEECH,Board of Governors of the Federal Reserve System,FEDERAL_RESERVE_BOARD_ANNUAL_INDEX,https://www.federalreserve.gov/newsevents/speech/quarles20201014a.htm,,raw/speech_catalog/board_indexes/2020-speeches.htm,PUBLICATION_DATE_TIME_NOT_EXPOSED_IN_ANNUAL_INDEX
b5222f86674959e3c913,Lael Brainard,2020-10-15,UNKNOWN,UNKNOWN,UNKNOWN,UNKNOWN,UNKNOWN,,Modernizing and Strengthening CRA Regulations: A Conversation with Minority Depository Institutions,,SPEECH,Board of Governors of the Federal Reserve System,FEDERAL_RESERVE_BOARD_ANNUAL_INDEX,https://www.federalreserve.gov/newsevents/speech/brainard20201015a.htm,,raw/speech_catalog/board_indexes/2020-speeches.htm,PUBLICATION_DATE_TIME_NOT_EXPOSED_IN_ANNUAL_INDEX
45d1ea58572b98533fc2,for Supervision Randal K. Quarles,2020-10-15,UNKNOWN,UNKNOWN,UNKNOWN,UNKNOWN,UNKNOWN,,What Happened? What Have We Learned From It? Lessons from COVID-19 Stress on the Financial System,,SPEECH,Board of Governors of the Federal Reserve System,FEDERAL_RESERVE_BOARD_ANNUAL_INDEX,https://www.federalreserve.gov/newsevents/speech/quarles20201015a.htm,,raw/speech_catalog/board_indexes/2020-speeches.htm,PUBLICATION_DATE_TIME_NOT_EXPOSED_IN_ANNUAL_INDEX
f7f5bfd3ef6173894dc1,Richard H. Clarida,2020-10-19,UNKNOWN,UNKNOWN,UNKNOWN,UNKNOWN,UNKNOWN,,"U.S. Economic Outlook, Monetary Policy, and Initiatives to Sustain the Flow of Credit to Households and Firms",,SPEECH,Board of Governors of the Federal Reserve System,FEDERAL_RESERVE_BOARD_ANNUAL_INDEX,https://www.federalreserve.gov/newsevents/speech/clarida20201019a.htm,,raw/speech_catalog/board_indexes/2020-speeches.htm,PUBLICATION_DATE_TIME_NOT_EXPOSED_IN_ANNUAL_INDEX
8d03cf6dbe65357bc9b2,Lael Brainard,2020-10-20,UNKNOWN,UNKNOWN,UNKNOWN,UNKNOWN,UNKNOWN,,Modernizing and Strengthening CRA Regulations: A Conversation with the Housing Community,,SPEECH,Board of Governors of the Federal Reserve System,FEDERAL_RESERVE_BOARD_ANNUAL_INDEX,https://www.federalreserve.gov/newsevents/speech/brainard20201020a.htm,,raw/speech_catalog/board_indexes/2020-speeches.htm,PUBLICATION_DATE_TIME_NOT_EXPOSED_IN_ANNUAL_INDEX
76d02857a6db11114c30,for Supervision Randal K. Quarles,2020-10-20,UNKNOWN,UNKNOWN,UNKNOWN,UNKNOWN,UNKNOWN,,The Financial Stability Board’s Roadmap for Addressing NBFI Vulnerabilities,,SPEECH,Board of Governors of the Federal Reserve System,FEDERAL_RESERVE_BOARD_ANNUAL_INDEX,https://www.federalreserve.gov/newsevents/speech/quarles20201020a.htm,,raw/speech_catalog/board_indexes/2020-speeches.htm,PUBLICATION_DATE_TIME_NOT_EXPOSED_IN_ANNUAL_INDEX
981cf7951c0bcf5c695d,Lael Brainard,2020-10-21,UNKNOWN,UNKNOWN,UNKNOWN,UNKNOWN,UNKNOWN,,Achieving a Broad-Based and Inclusive Recovery,,SPEECH,Board of Governors of the Federal Reserve System,FEDERAL_RESERVE_BOARD_ANNUAL_INDEX,https://www.federalreserve.gov/newsevents/speech/brainard20201021a.htm,,raw/speech_catalog/board_indexes/2020-speeches.htm,PUBLICATION_DATE_TIME_NOT_EXPOSED_IN_ANNUAL_INDEX
7a66579d9219635a336b,Lael Brainard,2020-11-10,UNKNOWN,UNKNOWN,UNKNOWN,UNKNOWN,UNKNOWN,,Modernizing and Strengthening CRA Regulations: A Conversation with the National Congress of American Indians,,SPEECH,Board of Governors of the Federal Reserve System,FEDERAL_RESERVE_BOARD_ANNUAL_INDEX,https://www.federalreserve.gov/newsevents/speech/brainard20201110a.htm,,raw/speech_catalog/board_indexes/2020-speeches.htm,PUBLICATION_DATE_TIME_NOT_EXPOSED_IN_ANNUAL_INDEX
ec2e77f962a5583bb3df,Richard H. Clarida,2020-11-16,UNKNOWN,UNKNOWN,UNKNOWN,UNKNOWN,UNKNOWN,,The Federal Reserve's New Framework: Context and Consequences,,SPEECH,Board of Governors of the Federal Reserve System,FEDERAL_RESERVE_BOARD_ANNUAL_INDEX,https://www.federalreserve.gov/newsevents/speech/clarida20201116a.htm,,raw/speech_catalog/board_indexes/2020-speeches.htm,PUBLICATION_DATE_TIME_NOT_EXPOSED_IN_ANNUAL_INDEX
8e104426ccd632fa3072,Lael Brainard,2020-11-17,UNKNOWN,UNKNOWN,UNKNOWN,UNKNOWN,UNKNOWN,,Strengthening Diversity and Inclusion in Economics,,SPEECH,Board of Governors of the Federal Reserve System,FEDERAL_RESERVE_BOARD_ANNUAL_INDEX,https://www.federalreserve.gov/newsevents/speech/brainard20201117a.htm,,raw/speech_catalog/board_indexes/2020-speeches.htm,PUBLICATION_DATE_TIME_NOT_EXPOSED_IN_ANNUAL_INDEX
77206103fc13516da098,Michelle W. Bowman,2020-11-19,UNKNOWN,UNKNOWN,UNKNOWN,UNKNOWN,UNKNOWN,,The Changing Structure of Mortgage Markets and Financial Stability,,SPEECH,Board of Governors of the Federal Reserve System,FEDERAL_RESERVE_BOARD_ANNUAL_INDEX,https://www.federalreserve.gov/newsevents/speech/bowman20201119a.htm,,raw/speech_catalog/board_indexes/2020-speeches.htm,PUBLICATION_DATE_TIME_NOT_EXPOSED_IN_ANNUAL_INDEX
890111240bf7d97c1612,Lael Brainard,2020-12-01,UNKNOWN,UNKNOWN,UNKNOWN,UNKNOWN,UNKNOWN,,Modernizing and Strengthening CRA Regulations: A Conversation with the Chicago Community Trust,,SPEECH,Board of Governors of the Federal Reserve System,FEDERAL_RESERVE_BOARD_ANNUAL_INDEX,https://www.federalreserve.gov/newsevents/speech/brainard20201201a.htm,,raw/speech_catalog/board_indexes/2020-speeches.htm,PUBLICATION_DATE_TIME_NOT_EXPOSED_IN_ANNUAL_INDEX
a4aa7b152b34afb5e855,Michelle W. Bowman,2020-12-04,UNKNOWN,UNKNOWN,UNKNOWN,UNKNOWN,UNKNOWN,,Technology and the Regulatory Agenda for Community Banking,,SPEECH,Board of Governors of the Federal Reserve System,FEDERAL_RESERVE_BOARD_ANNUAL_INDEX,https://www.federalreserve.gov/newsevents/speech/bowman20201204a.htm,,raw/speech_catalog/board_indexes/2020-speeches.htm,PUBLICATION_DATE_TIME_NOT_EXPOSED_IN_ANNUAL_INDEX
d0b90db9ba028eb1b76c,for Supervision Randal K. Quarles,2020-12-11,UNKNOWN,UNKNOWN,UNKNOWN,UNKNOWN,UNKNOWN,,The Eye of Providence: Thoughts on the Evolution of Bank Supervision,,SPEECH,Board of Governors of the Federal Reserve System,FEDERAL_RESERVE_BOARD_ANNUAL_INDEX,https://www.federalreserve.gov/newsevents/speech/quarles20201211a.htm,,raw/speech_catalog/board_indexes/2020-speeches.htm,PUBLICATION_DATE_TIME_NOT_EXPOSED_IN_ANNUAL_INDEX
1a2f31b3b177835beb39,Lael Brainard,2020-12-17,UNKNOWN,UNKNOWN,UNKNOWN,UNKNOWN,UNKNOWN,,Modernizing and Strengthening CRA Regulations: A Conversation with the Consumer Bankers Association,,SPEECH,Board of Governors of the Federal Reserve System,FEDERAL_RESERVE_BOARD_ANNUAL_INDEX,https://www.federalreserve.gov/newsevents/speech/brainard20201217a.htm,,raw/speech_catalog/board_indexes/2020-speeches.htm,PUBLICATION_DATE_TIME_NOT_EXPOSED_IN_ANNUAL_INDEX
973537a04bfe72c60468,Lael Brainard,2020-12-18,UNKNOWN,UNKNOWN,UNKNOWN,UNKNOWN,UNKNOWN,,Strengthening the Financial System to Meet the Challenge of Climate Change,,SPEECH,Board of Governors of the Federal Reserve System,FEDERAL_RESERVE_BOARD_ANNUAL_INDEX,https://www.federalreserve.gov/newsevents/speech/brainard20201218a.htm,,raw/speech_catalog/board_indexes/2020-speeches.htm,PUBLICATION_DATE_TIME_NOT_EXPOSED_IN_ANNUAL_INDEX
75c29e238d5673b30565,Richard H. Clarida,2021-01-08,UNKNOWN,UNKNOWN,UNKNOWN,UNKNOWN,UNKNOWN,,U.S. Economic Outlook and Monetary Policy,,SPEECH,Board of Governors of the Federal Reserve System,FEDERAL_RESERVE_BOARD_ANNUAL_INDEX,https://www.federalreserve.gov/newsevents/speech/clarida20210108a.htm,,raw/speech_catalog/board_indexes/2021-speeches.htm,PUBLICATION_DATE_TIME_NOT_EXPOSED_IN_ANNUAL_INDEX
24b71f1521d955477548,Lael Brainard,2021-01-12,UNKNOWN,UNKNOWN,UNKNOWN,UNKNOWN,UNKNOWN,,Supporting Responsible Use of AI and Equitable Outcomes in Financial Services,,SPEECH,Board of Governors of the Federal Reserve System,FEDERAL_RESERVE_BOARD_ANNUAL_INDEX,https://www.federalreserve.gov/newsevents/speech/brainard20210112a.htm,,raw/speech_catalog/board_indexes/2021-speeches.htm,PUBLICATION_DATE_TIME_NOT_EXPOSED_IN_ANNUAL_INDEX
0797e3d5028642ad0cf3,Lael Brainard,2021-01-13,UNKNOWN,UNKNOWN,UNKNOWN,UNKNOWN,UNKNOWN,,Full Employment in the New Monetary Policy Framework,,SPEECH,Board of Governors of the Federal Reserve System,FEDERAL_RESERVE_BOARD_ANNUAL_INDEX,https://www.federalreserve.gov/newsevents/speech/brainard20210113a.htm,,raw/speech_catalog/board_indexes/2021-speeches.htm,PUBLICATION_DATE_TIME_NOT_EXPOSED_IN_ANNUAL_INDEX
2f2b42b092d9316f917d,Richard H. Clarida,2021-01-13,UNKNOWN,UNKNOWN,UNKNOWN,UNKNOWN,UNKNOWN,,The Federal Reserve's New Framework: Context and Consequences,,SPEECH,Board of Governors of the Federal Reserve System,FEDERAL_RESERVE_BOARD_ANNUAL_INDEX,https://www.federalreserve.gov/newsevents/speech/clarida20210113a.htm,,raw/speech_catalog/board_indexes/2021-speeches.htm,PUBLICATION_DATE_TIME_NOT_EXPOSED_IN_ANNUAL_INDEX
37b48e2c82458c740ff8,Jerome H. Powell,2021-02-10,UNKNOWN,UNKNOWN,UNKNOWN,UNKNOWN,UNKNOWN,,Getting Back to a Strong Labor Market,,SPEECH,Board of Governors of the Federal Reserve System,FEDERAL_RESERVE_BOARD_ANNUAL_INDEX,https://www.federalreserve.gov/newsevents/speech/powell20210210a.htm,,raw/speech_catalog/board_indexes/2021-speeches.htm,PUBLICATION_DATE_TIME_NOT_EXPOSED_IN_ANNUAL_INDEX
bd20f64c55850af0c320,Michelle W. Bowman,2021-02-16,UNKNOWN,UNKNOWN,UNKNOWN,UNKNOWN,UNKNOWN,,My Perspective on Bank Regulation and Supervision,,SPEECH,Board of Governors of the Federal Reserve System,FEDERAL_RESERVE_BOARD_ANNUAL_INDEX,https://www.federalreserve.gov/newsevents/speech/bowman20210216a.htm,,raw/speech_catalog/board_indexes/2021-speeches.htm,PUBLICATION_DATE_TIME_NOT_EXPOSED_IN_ANNUAL_INDEX
4776baf4407eb60a7fb1,Lael Brainard,2021-02-18,UNKNOWN,UNKNOWN,UNKNOWN,UNKNOWN,UNKNOWN,,The Role of Financial Institutions in Tackling the Challenges of Climate Change,,SPEECH,Board of Governors of the Federal Reserve System,FEDERAL_RESERVE_BOARD_ANNUAL_INDEX,https://www.federalreserve.gov/newsevents/speech/brainard20210218a.htm,,raw/speech_catalog/board_indexes/2021-speeches.htm,PUBLICATION_DATE_TIME_NOT_EXPOSED_IN_ANNUAL_INDEX
772bb1a22d1bcc419f23,Michelle W. Bowman,2021-02-22,UNKNOWN,UNKNOWN,UNKNOWN,UNKNOWN,UNKNOWN,,Economic Inclusion in Lower-Income Communities,,SPEECH,Board of Governors of the Federal Reserve System,FEDERAL_RESERVE_BOARD_ANNUAL_INDEX,https://www.federalreserve.gov/newsevents/speech/bowman20210222a.htm,,raw/speech_catalog/board_indexes/2021-speeches.htm,PUBLICATION_DATE_TIME_NOT_EXPOSED_IN_ANNUAL_INDEX
50b4da650db7fd44e17a,Lael Brainard,2021-02-24,UNKNOWN,UNKNOWN,UNKNOWN,UNKNOWN,UNKNOWN,,How Should We Think about Full Employment in the Federal Reserve's Dual Mandate?,,SPEECH,Board of Governors of the Federal Reserve System,FEDERAL_RESERVE_BOARD_ANNUAL_INDEX,https://www.federalreserve.gov/newsevents/speech/brainard20210224a.htm,,raw/speech_catalog/board_indexes/2021-speeches.htm,PUBLICATION_DATE_TIME_NOT_EXPOSED_IN_ANNUAL_INDEX
e93b17c0dadcb14013d7,Richard H. Clarida,2021-02-24,UNKNOWN,UNKNOWN,UNKNOWN,UNKNOWN,UNKNOWN,,U.S. Economic Outlook and Monetary Policy,,SPEECH,Board of Governors of the Federal Reserve System,FEDERAL_RESERVE_BOARD_ANNUAL_INDEX,https://www.federalreserve.gov/newsevents/speech/clarida20210224a.htm,,raw/speech_catalog/board_indexes/2021-speeches.htm,PUBLICATION_DATE_TIME_NOT_EXPOSED_IN_ANNUAL_INDEX
e93fabe1bdaec5d44059,for Supervision Randal K. Quarles,2021-02-25,UNKNOWN,UNKNOWN,UNKNOWN,UNKNOWN,UNKNOWN,,Themistocles and the Mathematicians: The Role of Stress Testing,,SPEECH,Board of Governors of the Federal Reserve System,FEDERAL_RESERVE_BOARD_ANNUAL_INDEX,https://www.federalreserve.gov/newsevents/speech/quarles20210225a.htm,,raw/speech_catalog/board_indexes/2021-speeches.htm,PUBLICATION_DATE_TIME_NOT_EXPOSED_IN_ANNUAL_INDEX
995362887259f15e6eed,Lael Brainard,2021-03-01,UNKNOWN,UNKNOWN,UNKNOWN,UNKNOWN,UNKNOWN,,Some Preliminary Financial Stability Lessons from the COVID-19 Shock,,SPEECH,Board of Governors of the Federal Reserve System,FEDERAL_RESERVE_BOARD_ANNUAL_INDEX,https://www.federalreserve.gov/newsevents/speech/brainard20210301a.htm,,raw/speech_catalog/board_indexes/2021-speeches.htm,PUBLICATION_DATE_TIME_NOT_EXPOSED_IN_ANNUAL_INDEX
8411b993ee197566ad64,Lael Brainard,2021-03-02,UNKNOWN,UNKNOWN,UNKNOWN,UNKNOWN,UNKNOWN,,U.S. Economic Outlook and Monetary Policy: An Update,,SPEECH,Board of Governors of the Federal Reserve System,FEDERAL_RESERVE_BOARD_ANNUAL_INDEX,https://www.federalreserve.gov/newsevents/speech/brainard20210302a.htm,,raw/speech_catalog/board_indexes/2021-speeches.htm,PUBLICATION_DATE_TIME_NOT_EXPOSED_IN_ANNUAL_INDEX
5cf1ce9e1c5b7283ffb9,Jerome H. Powell,2021-03-18,UNKNOWN,UNKNOWN,UNKNOWN,UNKNOWN,UNKNOWN,,Closing Remarks,,SPEECH,Board of Governors of the Federal Reserve System,FEDERAL_RESERVE_BOARD_ANNUAL_INDEX,https://www.federalreserve.gov/newsevents/speech/powell20210318a.htm,,raw/speech_catalog/board_indexes/2021-speeches.htm,PUBLICATION_DATE_TIME_NOT_EXPOSED_IN_ANNUAL_INDEX
423869c966121925df81,Michelle W. Bowman,2021-03-22,UNKNOWN,UNKNOWN,UNKNOWN,UNKNOWN,UNKNOWN,,The Economic Outlook and Prospects for Small Business,,SPEECH,Board of Governors of the Federal Reserve System,FEDERAL_RESERVE_BOARD_ANNUAL_INDEX,https://www.federalreserve.gov/newsevents/speech/bowman20210322a.htm,,raw/speech_catalog/board_indexes/2021-speeches.htm,PUBLICATION_DATE_TIME_NOT_EXPOSED_IN_ANNUAL_INDEX
3b291a9e0cdc815071ff,for Supervision Randal K. Quarles,2021-03-22,UNKNOWN,UNKNOWN,UNKNOWN,UNKNOWN,UNKNOWN,,Keynote Remarks,,SPEECH,Board of Governors of the Federal Reserve System,FEDERAL_RESERVE_BOARD_ANNUAL_INDEX,https://www.federalreserve.gov/newsevents/speech/quarles20210322a.htm,,raw/speech_catalog/board_indexes/2021-speeches.htm,PUBLICATION_DATE_TIME_NOT_EXPOSED_IN_ANNUAL_INDEX
47d082729c0181edb775,Lael Brainard,2021-03-23,UNKNOWN,UNKNOWN,UNKNOWN,UNKNOWN,UNKNOWN,,Financial Stability Implications of Climate Change,,SPEECH,Board of Governors of the Federal Reserve System,FEDERAL_RESERVE_BOARD_ANNUAL_INDEX,https://www.federalreserve.gov/newsevents/speech/brainard20210323a.htm,,raw/speech_catalog/board_indexes/2021-speeches.htm,PUBLICATION_DATE_TIME_NOT_EXPOSED_IN_ANNUAL_INDEX
22cfa15c7c8b349a5053,Lael Brainard,2021-03-23,UNKNOWN,UNKNOWN,UNKNOWN,UNKNOWN,UNKNOWN,,Remaining Patient as the Outlook Brightens,,SPEECH,Board of Governors of the Federal Reserve System,FEDERAL_RESERVE_BOARD_ANNUAL_INDEX,https://www.federalreserve.gov/newsevents/speech/brainard20210323b.htm,,raw/speech_catalog/board_indexes/2021-speeches.htm,PUBLICATION_DATE_TIME_NOT_EXPOSED_IN_ANNUAL_INDEX
8f0bc5e3c103054b5ebf,Richard H. Clarida,2021-03-25,UNKNOWN,UNKNOWN,UNKNOWN,UNKNOWN,UNKNOWN,,U.S. Economic Outlook and Monetary Policy,,SPEECH,Board of Governors of the Federal Reserve System,FEDERAL_RESERVE_BOARD_ANNUAL_INDEX,https://www.federalreserve.gov/newsevents/speech/clarida20210325a.htm,,raw/speech_catalog/board_indexes/2021-speeches.htm,PUBLICATION_DATE_TIME_NOT_EXPOSED_IN_ANNUAL_INDEX
66992330e4e6b28fdbb5,Christopher J. Waller,2021-03-29,UNKNOWN,UNKNOWN,UNKNOWN,UNKNOWN,UNKNOWN,,Treasury–Federal Reserve Cooperation and the Importance of Central Bank Independence,,SPEECH,Board of Governors of the Federal Reserve System,FEDERAL_RESERVE_BOARD_ANNUAL_INDEX,https://www.federalreserve.gov/newsevents/speech/waller20210329a.htm,https://fraser.stlouisfed.org/archival-collection/board-governors-federal-reserve-system-6116/treasury-federal-reserve-cooperation-importance-central-bank-independence-601666,raw/speech_catalog/board_indexes/2021-speeches.htm,PUBLICATION_DATE_TIME_NOT_EXPOSED_IN_ANNUAL_INDEX
3a62adc0a499c8076d47,for Supervision and Chair of the Financial Stability Board Randal K. Quarles,2021-03-30,UNKNOWN,UNKNOWN,UNKNOWN,UNKNOWN,UNKNOWN,,"The FSB in 2021: Addressing Financial Stability Challenges in an Age of Interconnectedness, Innovation, and Change",,SPEECH,Board of Governors of the Federal Reserve System,FEDERAL_RESERVE_BOARD_ANNUAL_INDEX,https://www.federalreserve.gov/newsevents/speech/quarles20210330a.htm,,raw/speech_catalog/board_indexes/2021-speeches.htm,PUBLICATION_DATE_TIME_NOT_EXPOSED_IN_ANNUAL_INDEX
0cfac7135ed621215fe9,Richard H. Clarida,2021-04-14,UNKNOWN,UNKNOWN,UNKNOWN,UNKNOWN,UNKNOWN,,The Federal Reserve's New Framework and Outcome-Based Forward Guidance,,SPEECH,Board of Governors of the Federal Reserve System,FEDERAL_RESERVE_BOARD_ANNUAL_INDEX,https://www.federalreserve.gov/newsevents/speech/clarida20210414a.htm,,raw/speech_catalog/board_indexes/2021-speeches.htm,PUBLICATION_DATE_TIME_NOT_EXPOSED_IN_ANNUAL_INDEX
63c5f6f5dd3731a30029,Jerome H. Powell,2021-05-03,UNKNOWN,UNKNOWN,UNKNOWN,UNKNOWN,UNKNOWN,,Community Development,,SPEECH,Board of Governors of the Federal Reserve System,FEDERAL_RESERVE_BOARD_ANNUAL_INDEX,https://www.federalreserve.gov/newsevents/speech/powell20210503a.htm,,raw/speech_catalog/board_indexes/2021-speeches.htm,PUBLICATION_DATE_TIME_NOT_EXPOSED_IN_ANNUAL_INDEX
9eed270da5b58baa91a3,Michelle W. Bowman,2021-05-05,UNKNOWN,UNKNOWN,UNKNOWN,UNKNOWN,UNKNOWN,,The Economic Outlook and Implications for Monetary Policy,,SPEECH,Board of Governors of the Federal Reserve System,FEDERAL_RESERVE_BOARD_ANNUAL_INDEX,https://www.federalreserve.gov/newsevents/speech/bowman20210505a.htm,,raw/speech_catalog/board_indexes/2021-speeches.htm,PUBLICATION_DATE_TIME_NOT_EXPOSED_IN_ANNUAL_INDEX
0013d0a1b8b0c7931f7f,Lael Brainard,2021-05-11,UNKNOWN,UNKNOWN,UNKNOWN,UNKNOWN,UNKNOWN,,Patience and Progress as the Economy Reopens and Recovers,,SPEECH,Board of Governors of the Federal Reserve System,FEDERAL_RESERVE_BOARD_ANNUAL_INDEX,https://www.federalreserve.gov/newsevents/speech/brainard20210511a.htm,,raw/speech_catalog/board_indexes/2021-speeches.htm,PUBLICATION_DATE_TIME_NOT_EXPOSED_IN_ANNUAL_INDEX
2d07a1efc89cc9f3260f,Richard H. Clarida,2021-05-12,UNKNOWN,UNKNOWN,UNKNOWN,UNKNOWN,UNKNOWN,,U.S. Economic Outlook and Monetary Policy,,SPEECH,Board of Governors of the Federal Reserve System,FEDERAL_RESERVE_BOARD_ANNUAL_INDEX,https://www.federalreserve.gov/newsevents/speech/clarida20210512a.htm,,raw/speech_catalog/board_indexes/2021-speeches.htm,PUBLICATION_DATE_TIME_NOT_EXPOSED_IN_ANNUAL_INDEX
e3d050f086cfb51b7b29,Christopher J. Waller,2021-05-13,UNKNOWN,UNKNOWN,UNKNOWN,UNKNOWN,UNKNOWN,,The Economic Outlook and Monetary Policy,,SPEECH,Board of Governors of the Federal Reserve System,FEDERAL_RESERVE_BOARD_ANNUAL_INDEX,https://www.federalreserve.gov/newsevents/speech/waller20210513a.htm,https://fraser.stlouisfed.org/title/statements-speeches-christopher-j-waller-6421/economic-outlook-monetary-policy-610447,raw/speech_catalog/board_indexes/2021-speeches.htm,PUBLICATION_DATE_TIME_NOT_EXPOSED_IN_ANNUAL_INDEX
8b94e06a08cc9c671315,Richard H. Clarida,2021-05-17,UNKNOWN,UNKNOWN,UNKNOWN,UNKNOWN,UNKNOWN,,"Sovereign Markets, Global Factors",,SPEECH,Board of Governors of the Federal Reserve System,FEDERAL_RESERVE_BOARD_ANNUAL_INDEX,https://www.federalreserve.gov/newsevents/speech/clarida20210517a.htm,,raw/speech_catalog/board_indexes/2021-speeches.htm,PUBLICATION_DATE_TIME_NOT_EXPOSED_IN_ANNUAL_INDEX
3a9cabf73c5ac88a2458,Lael Brainard,2021-05-24,UNKNOWN,UNKNOWN,UNKNOWN,UNKNOWN,UNKNOWN,,Private Money and Central Bank Money as Payments Go Digital: an Update on CBDCs,,SPEECH,Board of Governors of the Federal Reserve System,FEDERAL_RESERVE_BOARD_ANNUAL_INDEX,https://www.federalreserve.gov/newsevents/speech/brainard20210524a.htm,,raw/speech_catalog/board_indexes/2021-speeches.htm,PUBLICATION_DATE_TIME_NOT_EXPOSED_IN_ANNUAL_INDEX
7e2de18d155e0060735b,for Supervision Randal K. Quarles,2021-05-26,UNKNOWN,UNKNOWN,UNKNOWN,UNKNOWN,UNKNOWN,,The Economic Outlook and Monetary Policy,,SPEECH,Board of Governors of the Federal Reserve System,FEDERAL_RESERVE_BOARD_ANNUAL_INDEX,https://www.federalreserve.gov/newsevents/speech/quarles20210526b.htm,,raw/speech_catalog/board_indexes/2021-speeches.htm,PUBLICATION_DATE_TIME_NOT_EXPOSED_IN_ANNUAL_INDEX
b9bbee666e3eebf2f300,for Supervision Randal K. Quarles,2021-05-26,UNKNOWN,UNKNOWN,UNKNOWN,UNKNOWN,UNKNOWN,,Video,,SPEECH,Board of Governors of the Federal Reserve System,FEDERAL_RESERVE_BOARD_ANNUAL_INDEX,https://www.federalreserve.gov/newsevents/speech/quarles20210526a.htm,,raw/speech_catalog/board_indexes/2021-speeches.htm,PUBLICATION_DATE_TIME_NOT_EXPOSED_IN_ANNUAL_INDEX
cefba9f17c28bd05f8dd,Lael Brainard,2021-06-01,UNKNOWN,UNKNOWN,UNKNOWN,UNKNOWN,UNKNOWN,,Remaining Steady as the Economy Reopens,,SPEECH,Board of Governors of the Federal Reserve System,FEDERAL_RESERVE_BOARD_ANNUAL_INDEX,https://www.federalreserve.gov/newsevents/speech/brainard20210601a.htm,,raw/speech_catalog/board_indexes/2021-speeches.htm,PUBLICATION_DATE_TIME_NOT_EXPOSED_IN_ANNUAL_INDEX
89a6b547b710621f04f6,for Supervision Randal K. Quarles,2021-06-03,UNKNOWN,UNKNOWN,UNKNOWN,UNKNOWN,UNKNOWN,,"Jet Flight, Mail Bags, and Banking Regulation",,SPEECH,Board of Governors of the Federal Reserve System,FEDERAL_RESERVE_BOARD_ANNUAL_INDEX,https://www.federalreserve.gov/newsevents/speech/quarles20210603a.htm,,raw/speech_catalog/board_indexes/2021-speeches.htm,PUBLICATION_DATE_TIME_NOT_EXPOSED_IN_ANNUAL_INDEX
550f7489821f54802a0b,Michelle W. Bowman,2021-06-23,UNKNOWN,UNKNOWN,UNKNOWN,UNKNOWN,UNKNOWN,,Building Economic Resilience in Communities,,SPEECH,Board of Governors of the Federal Reserve System,FEDERAL_RESERVE_BOARD_ANNUAL_INDEX,https://www.federalreserve.gov/newsevents/speech/bowman20210623a.htm,,raw/speech_catalog/board_indexes/2021-speeches.htm,PUBLICATION_DATE_TIME_NOT_EXPOSED_IN_ANNUAL_INDEX
f4f500dcd6ca3d161843,for Supervision Randal K. Quarles,2021-06-28,UNKNOWN,UNKNOWN,UNKNOWN,UNKNOWN,UNKNOWN,,Parachute Pants and Central Bank Money,,SPEECH,Board of Governors of the Federal Reserve System,FEDERAL_RESERVE_BOARD_ANNUAL_INDEX,https://www.federalreserve.gov/newsevents/speech/quarles20210628a.htm,,raw/speech_catalog/board_indexes/2021-speeches.htm,PUBLICATION_DATE_TIME_NOT_EXPOSED_IN_ANNUAL_INDEX
14397d33dcb483ae7407,for Supervision Randal K. Quarles,2021-07-11,UNKNOWN,UNKNOWN,UNKNOWN,UNKNOWN,UNKNOWN,,Disclosures and Data: Building Strong Foundations for Addressing Climate-Related Financial Risks,,SPEECH,Board of Governors of the Federal Reserve System,FEDERAL_RESERVE_BOARD_ANNUAL_INDEX,https://www.federalreserve.gov/newsevents/speech/quarles20210711a.htm,,raw/speech_catalog/board_indexes/2021-speeches.htm,PUBLICATION_DATE_TIME_NOT_EXPOSED_IN_ANNUAL_INDEX
ce9a6d237fb870f84759,Lael Brainard,2021-07-30,UNKNOWN,UNKNOWN,UNKNOWN,UNKNOWN,UNKNOWN,,Assessing Progress as the Economy Moves from Reopening to Recovery,,SPEECH,Board of Governors of the Federal Reserve System,FEDERAL_RESERVE_BOARD_ANNUAL_INDEX,https://www.federalreserve.gov/newsevents/speech/brainard20210730a.htm,,raw/speech_catalog/board_indexes/2021-speeches.htm,PUBLICATION_DATE_TIME_NOT_EXPOSED_IN_ANNUAL_INDEX
8248e61ad788499d9e75,Michelle W. Bowman,2021-08-03,UNKNOWN,UNKNOWN,UNKNOWN,UNKNOWN,UNKNOWN,,Welcoming Remarks,,SPEECH,Board of Governors of the Federal Reserve System,FEDERAL_RESERVE_BOARD_ANNUAL_INDEX,https://www.federalreserve.gov/newsevents/speech/bowman20210803a.htm,,raw/speech_catalog/board_indexes/2021-speeches.htm,PUBLICATION_DATE_TIME_NOT_EXPOSED_IN_ANNUAL_INDEX
14d24563b9df9c6747c9,Richard H. Clarida,2021-08-04,UNKNOWN,UNKNOWN,UNKNOWN,UNKNOWN,UNKNOWN,,"Outlooks, Outcomes, and Prospects for U.S. Monetary Policy",,SPEECH,Board of Governors of the Federal Reserve System,FEDERAL_RESERVE_BOARD_ANNUAL_INDEX,https://www.federalreserve.gov/newsevents/speech/clarida20210804a.htm,,raw/speech_catalog/board_indexes/2021-speeches.htm,PUBLICATION_DATE_TIME_NOT_EXPOSED_IN_ANNUAL_INDEX
0a8f97a72a3b9bfeb30e,Christopher J. Waller,2021-08-05,UNKNOWN,UNKNOWN,UNKNOWN,UNKNOWN,UNKNOWN,,CBDC: A Solution in Search of a Problem?,,SPEECH,Board of Governors of the Federal Reserve System,FEDERAL_RESERVE_BOARD_ANNUAL_INDEX,https://www.federalreserve.gov/newsevents/speech/waller20210805a.htm,https://fraser.stlouisfed.org/title/statements-speeches-christopher-j-waller-6421/cbdc-a-solution-search-a-problem-610448,raw/speech_catalog/board_indexes/2021-speeches.htm,PUBLICATION_DATE_TIME_NOT_EXPOSED_IN_ANNUAL_INDEX
5c7ce1435cefdf4ddc58,Jerome H. Powell,2021-08-17,UNKNOWN,UNKNOWN,UNKNOWN,UNKNOWN,UNKNOWN,,Welcoming Remarks,,SPEECH,Board of Governors of the Federal Reserve System,FEDERAL_RESERVE_BOARD_ANNUAL_INDEX,https://www.federalreserve.gov/newsevents/speech/powell20210817a.htm,,raw/speech_catalog/board_indexes/2021-speeches.htm,PUBLICATION_DATE_TIME_NOT_EXPOSED_IN_ANNUAL_INDEX
4ba04319c2ef4df613b0,Jerome H. Powell,2021-08-27,UNKNOWN,UNKNOWN,UNKNOWN,UNKNOWN,UNKNOWN,,Monetary Policy in the Time of COVID,,SPEECH,Board of Governors of the Federal Reserve System,FEDERAL_RESERVE_BOARD_ANNUAL_INDEX,https://www.federalreserve.gov/newsevents/speech/powell20210827a.htm,,raw/speech_catalog/board_indexes/2021-speeches.htm,PUBLICATION_DATE_TIME_NOT_EXPOSED_IN_ANNUAL_INDEX
d7998d6045de48cbbdab,Michelle W. Bowman,2021-09-09,UNKNOWN,UNKNOWN,UNKNOWN,UNKNOWN,UNKNOWN,,Community Bank Access to Innovation,,SPEECH,Board of Governors of the Federal Reserve System,FEDERAL_RESERVE_BOARD_ANNUAL_INDEX,https://www.federalreserve.gov/newsevents/speech/bowman20210909a.htm,,raw/speech_catalog/board_indexes/2021-speeches.htm,PUBLICATION_DATE_TIME_NOT_EXPOSED_IN_ANNUAL_INDEX
7dc3ee7133cbffb5e6cf,Jerome H. Powell,2021-09-24,UNKNOWN,UNKNOWN,UNKNOWN,UNKNOWN,UNKNOWN,,Introductory Remarks,,SPEECH,Board of Governors of the Federal Reserve System,FEDERAL_RESERVE_BOARD_ANNUAL_INDEX,https://www.federalreserve.gov/newsevents/speech/powell20210924a.htm,,raw/speech_catalog/board_indexes/2021-speeches.htm,PUBLICATION_DATE_TIME_NOT_EXPOSED_IN_ANNUAL_INDEX
cf41bc8e4b3d0c3a42df,Lael Brainard,2021-09-27,UNKNOWN,UNKNOWN,UNKNOWN,UNKNOWN,UNKNOWN,,Navigating Delta Headwinds on the Path to a Full Recovery,,SPEECH,Board of Governors of the Federal Reserve System,FEDERAL_RESERVE_BOARD_ANNUAL_INDEX,https://www.federalreserve.gov/newsevents/speech/brainard20210927a.htm,,raw/speech_catalog/board_indexes/2021-speeches.htm,PUBLICATION_DATE_TIME_NOT_EXPOSED_IN_ANNUAL_INDEX
719c2a41218edc7ee726,Michelle W. Bowman,2021-09-28,UNKNOWN,UNKNOWN,UNKNOWN,UNKNOWN,UNKNOWN,,Creating a New Model for the Future of Supervision,,SPEECH,Board of Governors of the Federal Reserve System,FEDERAL_RESERVE_BOARD_ANNUAL_INDEX,https://www.federalreserve.gov/newsevents/speech/bowman20210928a.htm,,raw/speech_catalog/board_indexes/2021-speeches.htm,PUBLICATION_DATE_TIME_NOT_EXPOSED_IN_ANNUAL_INDEX
502f71771a106ad6b4bc,for Supervision Randal K. Quarles,2021-10-05,UNKNOWN,UNKNOWN,UNKNOWN,UNKNOWN,UNKNOWN,,Goodbye to All That: The End of LIBOR,,SPEECH,Board of Governors of the Federal Reserve System,FEDERAL_RESERVE_BOARD_ANNUAL_INDEX,https://www.federalreserve.gov/newsevents/speech/quarles20211005a.htm,,raw/speech_catalog/board_indexes/2021-speeches.htm,PUBLICATION_DATE_TIME_NOT_EXPOSED_IN_ANNUAL_INDEX
f4b939d2be94639f47ce,Lael Brainard,2021-10-07,UNKNOWN,UNKNOWN,UNKNOWN,UNKNOWN,UNKNOWN,,Building Climate Scenario Analysis on the Foundations of Economic Research,,SPEECH,Board of Governors of the Federal Reserve System,FEDERAL_RESERVE_BOARD_ANNUAL_INDEX,https://www.federalreserve.gov/newsevents/speech/brainard20211007a.htm,,raw/speech_catalog/board_indexes/2021-speeches.htm,PUBLICATION_DATE_TIME_NOT_EXPOSED_IN_ANNUAL_INDEX
a53939eb44bf70d49878,Richard H. Clarida,2021-10-12,UNKNOWN,UNKNOWN,UNKNOWN,UNKNOWN,UNKNOWN,,U.S. Economic Outlook and Monetary Policy,,SPEECH,Board of Governors of the Federal Reserve System,FEDERAL_RESERVE_BOARD_ANNUAL_INDEX,https://www.federalreserve.gov/newsevents/speech/clarida20211012a.htm,,raw/speech_catalog/board_indexes/2021-speeches.htm,PUBLICATION_DATE_TIME_NOT_EXPOSED_IN_ANNUAL_INDEX
8a75446b1f72c29f56f8,Lael Brainard,2021-10-13,UNKNOWN,UNKNOWN,UNKNOWN,UNKNOWN,UNKNOWN,,Financial Inclusion and Economic Challenges in the Shadow of the Pandemic: A Conversation with Tribal Leaders,,SPEECH,Board of Governors of the Federal Reserve System,FEDERAL_RESERVE_BOARD_ANNUAL_INDEX,https://www.federalreserve.gov/newsevents/speech/brainard20211013a.htm,,raw/speech_catalog/board_indexes/2021-speeches.htm,PUBLICATION_DATE_TIME_NOT_EXPOSED_IN_ANNUAL_INDEX
8917db363dff0647d5b4,Michelle W. Bowman,2021-10-13,UNKNOWN,UNKNOWN,UNKNOWN,UNKNOWN,UNKNOWN,,The View from Here: The Outlook for the U.S. Economy and Implications for Monetary Policy,,SPEECH,Board of Governors of the Federal Reserve System,FEDERAL_RESERVE_BOARD_ANNUAL_INDEX,https://www.federalreserve.gov/newsevents/speech/bowman20211013a.htm,,raw/speech_catalog/board_indexes/2021-speeches.htm,PUBLICATION_DATE_TIME_NOT_EXPOSED_IN_ANNUAL_INDEX
c8dd4abfda2a5b12a241,Randal K. Quarles,2021-10-18,UNKNOWN,UNKNOWN,UNKNOWN,UNKNOWN,UNKNOWN,,Financial Stability and Coordination in Times of Crisis,,SPEECH,Board of Governors of the Federal Reserve System,FEDERAL_RESERVE_BOARD_ANNUAL_INDEX,https://www.federalreserve.gov/newsevents/speech/quarles20211018a.htm,,raw/speech_catalog/board_indexes/2021-speeches.htm,PUBLICATION_DATE_TIME_NOT_EXPOSED_IN_ANNUAL_INDEX
8e4266eb15b1c202f5e7,Christopher J. Waller,2021-10-19,UNKNOWN,UNKNOWN,UNKNOWN,UNKNOWN,UNKNOWN,,The Economic Outlook and a Cautionary Tale on “Idiosyncratic” Price Changes and Inflation,,SPEECH,Board of Governors of the Federal Reserve System,FEDERAL_RESERVE_BOARD_ANNUAL_INDEX,https://www.federalreserve.gov/newsevents/speech/waller20211019a.htm,https://fraser.stlouisfed.org/archival-collection/board-governors-federal-reserve-system-6116/economic-outlook-a-cautionary-tale-idiosyncratic-price-changes-inflation-608598,raw/speech_catalog/board_indexes/2021-speeches.htm,PUBLICATION_DATE_TIME_NOT_EXPOSED_IN_ANNUAL_INDEX
659a30366fa14242ef99,Michelle W. Bowman,2021-10-19,UNKNOWN,UNKNOWN,UNKNOWN,UNKNOWN,UNKNOWN,,Welcoming Remarks,,SPEECH,Board of Governors of the Federal Reserve System,FEDERAL_RESERVE_BOARD_ANNUAL_INDEX,https://www.federalreserve.gov/newsevents/speech/bowman20211019a.htm,,raw/speech_catalog/board_indexes/2021-speeches.htm,PUBLICATION_DATE_TIME_NOT_EXPOSED_IN_ANNUAL_INDEX
71ecefee5c53ba220981,Randal K. Quarles,2021-10-20,UNKNOWN,UNKNOWN,UNKNOWN,UNKNOWN,UNKNOWN,,How Long is Too Long? How High is Too High?: Managing Recent Inflation Developments within the FOMC’s Monetary Policy Framework,,SPEECH,Board of Governors of the Federal Reserve System,FEDERAL_RESERVE_BOARD_ANNUAL_INDEX,https://www.federalreserve.gov/newsevents/speech/quarles20211020a.htm,,raw/speech_catalog/board_indexes/2021-speeches.htm,PUBLICATION_DATE_TIME_NOT_EXPOSED_IN_ANNUAL_INDEX
466fe183bf30d525b70a,Michelle W. Bowman,2021-10-22,UNKNOWN,UNKNOWN,UNKNOWN,UNKNOWN,UNKNOWN,,The Lack of New Bank Formations is a Significant Issue for the Banking Industry,,SPEECH,Board of Governors of the Federal Reserve System,FEDERAL_RESERVE_BOARD_ANNUAL_INDEX,https://www.federalreserve.gov/newsevents/speech/bowman20211022a.htm,,raw/speech_catalog/board_indexes/2021-speeches.htm,PUBLICATION_DATE_TIME_NOT_EXPOSED_IN_ANNUAL_INDEX
3b2785cc4f771bae2163,Jerome H. Powell,2021-11-08,UNKNOWN,UNKNOWN,UNKNOWN,UNKNOWN,UNKNOWN,,Opening Remarks,,SPEECH,Board of Governors of the Federal Reserve System,FEDERAL_RESERVE_BOARD_ANNUAL_INDEX,https://www.federalreserve.gov/newsevents/speech/powell20211108a.htm,,raw/speech_catalog/board_indexes/2021-speeches.htm,PUBLICATION_DATE_TIME_NOT_EXPOSED_IN_ANNUAL_INDEX
ea29e5bcfefbdb6c0ad5,Michelle W. Bowman,2021-11-08,UNKNOWN,UNKNOWN,UNKNOWN,UNKNOWN,UNKNOWN,,The U.S. Housing and Mortgage Market: Risks and Resilience,,SPEECH,Board of Governors of the Federal Reserve System,FEDERAL_RESERVE_BOARD_ANNUAL_INDEX,https://www.federalreserve.gov/newsevents/speech/bowman20211108a.htm,,raw/speech_catalog/board_indexes/2021-speeches.htm,PUBLICATION_DATE_TIME_NOT_EXPOSED_IN_ANNUAL_INDEX
04da594b874f41ad322f,Richard H. Clarida,2021-11-08,UNKNOWN,UNKNOWN,UNKNOWN,UNKNOWN,UNKNOWN,,Flexible Average Inflation Targeting and Prospects for U.S. Monetary Policy,,SPEECH,Board of Governors of the Federal Reserve System,FEDERAL_RESERVE_BOARD_ANNUAL_INDEX,https://www.federalreserve.gov/newsevents/speech/clarida20211108a.htm,,raw/speech_catalog/board_indexes/2021-speeches.htm,PUBLICATION_DATE_TIME_NOT_EXPOSED_IN_ANNUAL_INDEX
c4a2cf10e5d68b4678fc,Jerome H. Powell,2021-11-09,UNKNOWN,UNKNOWN,UNKNOWN,UNKNOWN,UNKNOWN,,Opening Remarks,,SPEECH,Board of Governors of the Federal Reserve System,FEDERAL_RESERVE_BOARD_ANNUAL_INDEX,https://www.federalreserve.gov/newsevents/speech/powell20211109a.htm,,raw/speech_catalog/board_indexes/2021-speeches.htm,PUBLICATION_DATE_TIME_NOT_EXPOSED_IN_ANNUAL_INDEX
25e83102a7b38e0f7bf3,Christopher J. Waller,2021-11-17,UNKNOWN,UNKNOWN,UNKNOWN,UNKNOWN,UNKNOWN,,Reflections on Stablecoins and Payments Innovations,,SPEECH,Board of Governors of the Federal Reserve System,FEDERAL_RESERVE_BOARD_ANNUAL_INDEX,https://www.federalreserve.gov/newsevents/speech/waller20211117a.htm,https://fraser.stlouisfed.org/title/statements-speeches-christopher-j-waller-6421/reflections-stablecoins-payments-innovations-610450,raw/speech_catalog/board_indexes/2021-speeches.htm,PUBLICATION_DATE_TIME_NOT_EXPOSED_IN_ANNUAL_INDEX
3787fa8ee640670c5a14,Christopher J. Waller,2021-11-19,UNKNOWN,UNKNOWN,UNKNOWN,UNKNOWN,UNKNOWN,,Economic Outlook,,SPEECH,Board of Governors of the Federal Reserve System,FEDERAL_RESERVE_BOARD_ANNUAL_INDEX,https://www.federalreserve.gov/newsevents/speech/waller20211119a.htm,https://fraser.stlouisfed.org/archival-collection/board-governors-federal-reserve-system-6116/economic-outlook-610171,raw/speech_catalog/board_indexes/2021-speeches.htm,PUBLICATION_DATE_TIME_NOT_EXPOSED_IN_ANNUAL_INDEX
03c953047aab47aec9bb,Richard H. Clarida,2021-11-19,UNKNOWN,UNKNOWN,UNKNOWN,UNKNOWN,UNKNOWN,,"Perspectives on Global Monetary Policy Coordination, Cooperation, and Correlation",,SPEECH,Board of Governors of the Federal Reserve System,FEDERAL_RESERVE_BOARD_ANNUAL_INDEX,https://www.federalreserve.gov/newsevents/speech/clarida20211119a.htm,,raw/speech_catalog/board_indexes/2021-speeches.htm,PUBLICATION_DATE_TIME_NOT_EXPOSED_IN_ANNUAL_INDEX
7eba5a68a38eae46fa50,Jerome H. Powell,2021-11-29,UNKNOWN,UNKNOWN,UNKNOWN,UNKNOWN,UNKNOWN,,Opening Remarks,,SPEECH,Board of Governors of the Federal Reserve System,FEDERAL_RESERVE_BOARD_ANNUAL_INDEX,https://www.federalreserve.gov/newsevents/speech/powell20211129a.htm,,raw/speech_catalog/board_indexes/2021-speeches.htm,PUBLICATION_DATE_TIME_NOT_EXPOSED_IN_ANNUAL_INDEX
f162a03178045f281eae,Michelle W. Bowman,2021-11-29,UNKNOWN,UNKNOWN,UNKNOWN,UNKNOWN,UNKNOWN,,"Engagement, Research and Policy: Integrating Indigenous Voices into Economic Inclusion at the Federal Reserve",,SPEECH,Board of Governors of the Federal Reserve System,FEDERAL_RESERVE_BOARD_ANNUAL_INDEX,https://www.federalreserve.gov/newsevents/speech/bowman20211129a.htm,,raw/speech_catalog/board_indexes/2021-speeches.htm,PUBLICATION_DATE_TIME_NOT_EXPOSED_IN_ANNUAL_INDEX
f1104e56c902437b2d0d,Richard H. Clarida,2021-11-30,UNKNOWN,UNKNOWN,UNKNOWN,UNKNOWN,UNKNOWN,,Federal Reserve Independence: Foundations and Responsibilities,,SPEECH,Board of Governors of the Federal Reserve System,FEDERAL_RESERVE_BOARD_ANNUAL_INDEX,https://www.federalreserve.gov/newsevents/speech/clarida20211130a.htm,,raw/speech_catalog/board_indexes/2021-speeches.htm,PUBLICATION_DATE_TIME_NOT_EXPOSED_IN_ANNUAL_INDEX
bcb039486ccc140fc99e,Randal K. Quarles,2021-12-02,UNKNOWN,UNKNOWN,UNKNOWN,UNKNOWN,UNKNOWN,,Between the Hither and the Farther Shore: Thoughts on Unfinished Business,,SPEECH,Board of Governors of the Federal Reserve System,FEDERAL_RESERVE_BOARD_ANNUAL_INDEX,https://www.federalreserve.gov/newsevents/speech/quarles20211202a.htm,,raw/speech_catalog/board_indexes/2021-speeches.htm,PUBLICATION_DATE_TIME_NOT_EXPOSED_IN_ANNUAL_INDEX
f97e76cde8f02d750a04,Christopher J. Waller,2021-12-17,UNKNOWN,UNKNOWN,UNKNOWN,UNKNOWN,UNKNOWN,,A Hopeless and Imperative Endeavor: Lessons from the Pandemic for Economic Forecasters,,SPEECH,Board of Governors of the Federal Reserve System,FEDERAL_RESERVE_BOARD_ANNUAL_INDEX,https://www.federalreserve.gov/newsevents/speech/waller20211217a.htm,https://fraser.stlouisfed.org/archival-collection/board-governors-federal-reserve-system-6116/a-hopeless-imperative-endeavor-lessons-pandemic-economic-forecasters-610230,raw/speech_catalog/board_indexes/2021-speeches.htm,PUBLICATION_DATE_TIME_NOT_EXPOSED_IN_ANNUAL_INDEX
5eb8ba3da7ae305be28c,Christopher J. Waller,2022-02-18,UNKNOWN,UNKNOWN,UNKNOWN,UNKNOWN,UNKNOWN,,"Comments on ""Some Benefits and Risks of a Hot Economy""",,SPEECH,Board of Governors of the Federal Reserve System,FEDERAL_RESERVE_BOARD_ANNUAL_INDEX,https://www.federalreserve.gov/newsevents/speech/waller20220218a.htm,https://fraser.stlouisfed.org/title/statements-speeches-christopher-j-waller-6421/comments-benefits-risks-a-hot-economy-628171,raw/speech_catalog/board_indexes/2022-speeches.htm,PUBLICATION_DATE_TIME_NOT_EXPOSED_IN_ANNUAL_INDEX
dcb0d8e5f8bce37a7b68,Lael Brainard,2022-02-18,UNKNOWN,UNKNOWN,UNKNOWN,UNKNOWN,UNKNOWN,,Preparing for the Financial System of the Future,,SPEECH,Board of Governors of the Federal Reserve System,FEDERAL_RESERVE_BOARD_ANNUAL_INDEX,https://www.federalreserve.gov/newsevents/speech/brainard20220218a.htm,,raw/speech_catalog/board_indexes/2022-speeches.htm,PUBLICATION_DATE_TIME_NOT_EXPOSED_IN_ANNUAL_INDEX
90e2904de27694a00d11,Michelle W. Bowman,2022-02-21,UNKNOWN,UNKNOWN,UNKNOWN,UNKNOWN,UNKNOWN,,High Inflation and the Outlook for Monetary Policy,,SPEECH,Board of Governors of the Federal Reserve System,FEDERAL_RESERVE_BOARD_ANNUAL_INDEX,https://www.federalreserve.gov/newsevents/speech/bowman20220221a.htm,,raw/speech_catalog/board_indexes/2022-speeches.htm,PUBLICATION_DATE_TIME_NOT_EXPOSED_IN_ANNUAL_INDEX
ed8965466234dbc196c1,Christopher J. Waller,2022-02-24,UNKNOWN,UNKNOWN,UNKNOWN,UNKNOWN,UNKNOWN,,Fighting Inflation with Rate Hikes and Balance Sheet Reduction,,SPEECH,Board of Governors of the Federal Reserve System,FEDERAL_RESERVE_BOARD_ANNUAL_INDEX,https://www.federalreserve.gov/newsevents/speech/waller20220224a.htm,https://fraser.stlouisfed.org/title/statements-speeches-christopher-j-waller-6421/fighting-inflation-rate-hikes-balance-sheet-reduction-628172,raw/speech_catalog/board_indexes/2022-speeches.htm,PUBLICATION_DATE_TIME_NOT_EXPOSED_IN_ANNUAL_INDEX
87d8919fda73783ba2b6,Michelle W. Bowman,2022-03-18,UNKNOWN,UNKNOWN,UNKNOWN,UNKNOWN,UNKNOWN,,Welcoming Remarks,,SPEECH,Board of Governors of the Federal Reserve System,FEDERAL_RESERVE_BOARD_ANNUAL_INDEX,https://www.federalreserve.gov/newsevents/speech/bowman20220318a.htm,,raw/speech_catalog/board_indexes/2022-speeches.htm,PUBLICATION_DATE_TIME_NOT_EXPOSED_IN_ANNUAL_INDEX
921d7aec3bf3d9482e8f,Pro Tempore Jerome H. Powell,2022-03-21,UNKNOWN,UNKNOWN,UNKNOWN,UNKNOWN,UNKNOWN,,Restoring Price Stability,,SPEECH,Board of Governors of the Federal Reserve System,FEDERAL_RESERVE_BOARD_ANNUAL_INDEX,https://www.federalreserve.gov/newsevents/speech/powell20220321a.htm,,raw/speech_catalog/board_indexes/2022-speeches.htm,PUBLICATION_DATE_TIME_NOT_EXPOSED_IN_ANNUAL_INDEX
c4befc5fae7593cd447a,Christopher J. Waller,2022-03-24,UNKNOWN,UNKNOWN,UNKNOWN,UNKNOWN,UNKNOWN,,The Red Hot Housing Market: the Role of Policy and Implications for Housing Affordability,,SPEECH,Board of Governors of the Federal Reserve System,FEDERAL_RESERVE_BOARD_ANNUAL_INDEX,https://www.federalreserve.gov/newsevents/speech/waller20220324a.htm,https://fraser.stlouisfed.org/title/statements-speeches-christopher-j-waller-6421/red-hot-housing-market-role-policy-implications-housing-affordability-628173,raw/speech_catalog/board_indexes/2022-speeches.htm,PUBLICATION_DATE_TIME_NOT_EXPOSED_IN_ANNUAL_INDEX
e19b9caa8a2ef8835a02,Lael Brainard,2022-04-05,UNKNOWN,UNKNOWN,UNKNOWN,UNKNOWN,UNKNOWN,,Variation in the Inflation Experiences of Households,,SPEECH,Board of Governors of the Federal Reserve System,FEDERAL_RESERVE_BOARD_ANNUAL_INDEX,https://www.federalreserve.gov/newsevents/speech/brainard20220405a.htm,,raw/speech_catalog/board_indexes/2022-speeches.htm,PUBLICATION_DATE_TIME_NOT_EXPOSED_IN_ANNUAL_INDEX
6f9425c8d0f08130e442,Christopher J. Waller,2022-05-06,UNKNOWN,UNKNOWN,UNKNOWN,UNKNOWN,UNKNOWN,,Reflections on Monetary Policy in 2021,,SPEECH,Board of Governors of the Federal Reserve System,FEDERAL_RESERVE_BOARD_ANNUAL_INDEX,https://www.federalreserve.gov/newsevents/speech/waller20220506a.htm,https://fraser.stlouisfed.org/title/statements-speeches-christopher-j-waller-6421/reflections-monetary-policy-2021-628174,raw/speech_catalog/board_indexes/2022-speeches.htm,PUBLICATION_DATE_TIME_NOT_EXPOSED_IN_ANNUAL_INDEX
9e61edb6db45c49f64b2,Jerome H. Powell,2022-05-24,UNKNOWN,UNKNOWN,UNKNOWN,UNKNOWN,UNKNOWN,,Video,,SPEECH,Board of Governors of the Federal Reserve System,FEDERAL_RESERVE_BOARD_ANNUAL_INDEX,https://www.federalreserve.gov/newsevents/speech/powell20220524a.htm,,raw/speech_catalog/board_indexes/2022-speeches.htm,PUBLICATION_DATE_TIME_NOT_EXPOSED_IN_ANNUAL_INDEX
e7f66b6a05f4c0e545eb,Lael Brainard,2022-05-25,UNKNOWN,UNKNOWN,UNKNOWN,UNKNOWN,UNKNOWN,,Commencement Remarks,,SPEECH,Board of Governors of the Federal Reserve System,FEDERAL_RESERVE_BOARD_ANNUAL_INDEX,https://www.federalreserve.gov/newsevents/speech/brainard20220525a.htm,,raw/speech_catalog/board_indexes/2022-speeches.htm,PUBLICATION_DATE_TIME_NOT_EXPOSED_IN_ANNUAL_INDEX
d8b2932066aa0ef88a8e,Christopher J. Waller,2022-05-30,UNKNOWN,UNKNOWN,UNKNOWN,UNKNOWN,UNKNOWN,,"Responding to High Inflation, with Some Thoughts on a Soft Landing",,SPEECH,Board of Governors of the Federal Reserve System,FEDERAL_RESERVE_BOARD_ANNUAL_INDEX,https://www.federalreserve.gov/newsevents/speech/waller20220530a.htm,https://fraser.stlouisfed.org/title/statements-speeches-christopher-j-waller-6421/responding-high-inflation-thoughts-a-soft-landing-628175,raw/speech_catalog/board_indexes/2022-speeches.htm,PUBLICATION_DATE_TIME_NOT_EXPOSED_IN_ANNUAL_INDEX
9ff5469dd67bb428db0e,Christopher J. Waller,2022-06-03,UNKNOWN,UNKNOWN,UNKNOWN,UNKNOWN,UNKNOWN,,Risk in the Crypto Markets,,SPEECH,Board of Governors of the Federal Reserve System,FEDERAL_RESERVE_BOARD_ANNUAL_INDEX,https://www.federalreserve.gov/newsevents/speech/waller20220603a.htm,https://fraser.stlouisfed.org/title/statements-speeches-christopher-j-waller-6421/risk-crypto-markets-628176,raw/speech_catalog/board_indexes/2022-speeches.htm,PUBLICATION_DATE_TIME_NOT_EXPOSED_IN_ANNUAL_INDEX
262690b467d5b731fe9d,Jerome H. Powell,2022-06-17,UNKNOWN,UNKNOWN,UNKNOWN,UNKNOWN,UNKNOWN,,Welcoming Remarks,,SPEECH,Board of Governors of the Federal Reserve System,FEDERAL_RESERVE_BOARD_ANNUAL_INDEX,https://www.federalreserve.gov/newsevents/speech/powell20220617a.htm,,raw/speech_catalog/board_indexes/2022-speeches.htm,PUBLICATION_DATE_TIME_NOT_EXPOSED_IN_ANNUAL_INDEX
e08671fee9d1064c80fc,Christopher J. Waller,2022-06-18,UNKNOWN,UNKNOWN,UNKNOWN,UNKNOWN,UNKNOWN,,Lessons Learned on Normalizing Monetary Policy,,SPEECH,Board of Governors of the Federal Reserve System,FEDERAL_RESERVE_BOARD_ANNUAL_INDEX,https://www.federalreserve.gov/newsevents/speech/waller20220618a.htm,https://fraser.stlouisfed.org/title/statements-speeches-christopher-j-waller-6421/lessons-learned-normalizing-monetary-policy-628177,raw/speech_catalog/board_indexes/2022-speeches.htm,PUBLICATION_DATE_TIME_NOT_EXPOSED_IN_ANNUAL_INDEX
ff3429f732c1d946a2a4,Michelle W. Bowman,2022-06-23,UNKNOWN,UNKNOWN,UNKNOWN,UNKNOWN,UNKNOWN,,The Outlook for Inflation and Monetary Policy,,SPEECH,Board of Governors of the Federal Reserve System,FEDERAL_RESERVE_BOARD_ANNUAL_INDEX,https://www.federalreserve.gov/newsevents/speech/bowman20220623a.htm,,raw/speech_catalog/board_indexes/2022-speeches.htm,PUBLICATION_DATE_TIME_NOT_EXPOSED_IN_ANNUAL_INDEX
c301929e17ac28dbe76c,Lael Brainard,2022-07-08,UNKNOWN,UNKNOWN,UNKNOWN,UNKNOWN,UNKNOWN,,Crypto-Assets and Decentralized Finance through a Financial Stability Lens,,SPEECH,Board of Governors of the Federal Reserve System,FEDERAL_RESERVE_BOARD_ANNUAL_INDEX,https://www.federalreserve.gov/newsevents/speech/brainard20220708a.htm,,raw/speech_catalog/board_indexes/2022-speeches.htm,PUBLICATION_DATE_TIME_NOT_EXPOSED_IN_ANNUAL_INDEX
5bcba2f5aa88a680ea3a,Christopher J. Waller,2022-07-14,UNKNOWN,UNKNOWN,UNKNOWN,UNKNOWN,UNKNOWN,,Monetary Policy in a World of Conflicting Data,,SPEECH,Board of Governors of the Federal Reserve System,FEDERAL_RESERVE_BOARD_ANNUAL_INDEX,https://www.federalreserve.gov/newsevents/speech/waller20220714a.htm,https://fraser.stlouisfed.org/title/statements-speeches-christopher-j-waller-6421/monetary-policy-a-world-conflicting-data-628178,raw/speech_catalog/board_indexes/2022-speeches.htm,PUBLICATION_DATE_TIME_NOT_EXPOSED_IN_ANNUAL_INDEX
66593f098dc23d4523cc,Lael Brainard,2022-07-19,UNKNOWN,UNKNOWN,UNKNOWN,UNKNOWN,UNKNOWN,,Strengthening the CRA: A Conversation with Representatives of Native Communities,,SPEECH,Board of Governors of the Federal Reserve System,FEDERAL_RESERVE_BOARD_ANNUAL_INDEX,https://www.federalreserve.gov/newsevents/speech/brainard20220719a.htm,,raw/speech_catalog/board_indexes/2022-speeches.htm,PUBLICATION_DATE_TIME_NOT_EXPOSED_IN_ANNUAL_INDEX
2a74f2515072ddf9934d,Michelle W. Bowman,2022-08-06,UNKNOWN,UNKNOWN,UNKNOWN,UNKNOWN,UNKNOWN,,Fighting Inflation in Challenging Times,,SPEECH,Board of Governors of the Federal Reserve System,FEDERAL_RESERVE_BOARD_ANNUAL_INDEX,https://www.federalreserve.gov/newsevents/speech/bowman20220806a.htm,,raw/speech_catalog/board_indexes/2022-speeches.htm,PUBLICATION_DATE_TIME_NOT_EXPOSED_IN_ANNUAL_INDEX
ec35f65b3c28977cbc32,Michelle W. Bowman,2022-08-17,UNKNOWN,UNKNOWN,UNKNOWN,UNKNOWN,UNKNOWN,,"Technology, Innovation, and Financial Services",,SPEECH,Board of Governors of the Federal Reserve System,FEDERAL_RESERVE_BOARD_ANNUAL_INDEX,https://www.federalreserve.gov/newsevents/speech/bowman20220817a.htm,,raw/speech_catalog/board_indexes/2022-speeches.htm,PUBLICATION_DATE_TIME_NOT_EXPOSED_IN_ANNUAL_INDEX
900d725b74b6705ceaf0,Michelle W. Bowman,2022-08-17,UNKNOWN,UNKNOWN,UNKNOWN,UNKNOWN,UNKNOWN,,Working Women in the Pandemic Era,,SPEECH,Board of Governors of the Federal Reserve System,FEDERAL_RESERVE_BOARD_ANNUAL_INDEX,https://www.federalreserve.gov/newsevents/speech/bowman20220817b.htm,,raw/speech_catalog/board_indexes/2022-speeches.htm,PUBLICATION_DATE_TIME_NOT_EXPOSED_IN_ANNUAL_INDEX
64beac08005c5d0898c5,Jerome H. Powell,2022-08-26,UNKNOWN,UNKNOWN,UNKNOWN,UNKNOWN,UNKNOWN,,Monetary Policy and Price Stability,,SPEECH,Board of Governors of the Federal Reserve System,FEDERAL_RESERVE_BOARD_ANNUAL_INDEX,https://www.federalreserve.gov/newsevents/speech/powell20220826a.htm,,raw/speech_catalog/board_indexes/2022-speeches.htm,PUBLICATION_DATE_TIME_NOT_EXPOSED_IN_ANNUAL_INDEX
a6daa20838ea85dd0edf,Lael Brainard,2022-08-29,UNKNOWN,UNKNOWN,UNKNOWN,UNKNOWN,UNKNOWN,,Video,,SPEECH,Board of Governors of the Federal Reserve System,FEDERAL_RESERVE_BOARD_ANNUAL_INDEX,https://www.federalreserve.gov/newsevents/speech/brainard20220829a.htm,,raw/speech_catalog/board_indexes/2022-speeches.htm,PUBLICATION_DATE_TIME_NOT_EXPOSED_IN_ANNUAL_INDEX
c9adc8a496157ee70983,Lael Brainard,2022-09-07,UNKNOWN,UNKNOWN,UNKNOWN,UNKNOWN,UNKNOWN,,Bringing Inflation Down,,SPEECH,Board of Governors of the Federal Reserve System,FEDERAL_RESERVE_BOARD_ANNUAL_INDEX,https://www.federalreserve.gov/newsevents/speech/brainard20220907a.htm,,raw/speech_catalog/board_indexes/2022-speeches.htm,PUBLICATION_DATE_TIME_NOT_EXPOSED_IN_ANNUAL_INDEX
2aa0708dfa340267dc4d,for Supervision Michael S. Barr,2022-09-07,UNKNOWN,UNKNOWN,UNKNOWN,UNKNOWN,UNKNOWN,,Making the Financial System Safer and Fairer,,SPEECH,Board of Governors of the Federal Reserve System,FEDERAL_RESERVE_BOARD_ANNUAL_INDEX,https://www.federalreserve.gov/newsevents/speech/barr20220907a.htm,,raw/speech_catalog/board_indexes/2022-speeches.htm,PUBLICATION_DATE_TIME_NOT_EXPOSED_IN_ANNUAL_INDEX
db7e26e727502cf93091,Christopher J. Waller,2022-09-09,UNKNOWN,UNKNOWN,UNKNOWN,UNKNOWN,UNKNOWN,,The Economic Outlook: Time to Let the Data Do the Talking,,SPEECH,Board of Governors of the Federal Reserve System,FEDERAL_RESERVE_BOARD_ANNUAL_INDEX,https://www.federalreserve.gov/newsevents/speech/waller20220909a.htm,https://fraser.stlouisfed.org/title/statements-speeches-christopher-j-waller-6421/economic-outlook-time-let-data-talking-628179,raw/speech_catalog/board_indexes/2022-speeches.htm,PUBLICATION_DATE_TIME_NOT_EXPOSED_IN_ANNUAL_INDEX
52b202bbb1e01d13b40f,Jerome H. Powell,2022-09-28,UNKNOWN,UNKNOWN,UNKNOWN,UNKNOWN,UNKNOWN,,Welcoming Remarks,,SPEECH,Board of Governors of the Federal Reserve System,FEDERAL_RESERVE_BOARD_ANNUAL_INDEX,https://www.federalreserve.gov/newsevents/speech/powell20220928a.htm,,raw/speech_catalog/board_indexes/2022-speeches.htm,PUBLICATION_DATE_TIME_NOT_EXPOSED_IN_ANNUAL_INDEX
977d003d41349089d8bb,Michelle W. Bowman,2022-09-28,UNKNOWN,UNKNOWN,UNKNOWN,UNKNOWN,UNKNOWN,,The New Landscape for Banking Competition,,SPEECH,Board of Governors of the Federal Reserve System,FEDERAL_RESERVE_BOARD_ANNUAL_INDEX,https://www.federalreserve.gov/newsevents/speech/bowman20220928a.htm,,raw/speech_catalog/board_indexes/2022-speeches.htm,PUBLICATION_DATE_TIME_NOT_EXPOSED_IN_ANNUAL_INDEX
9de0e9aade70ca01d18d,Lael Brainard,2022-09-30,UNKNOWN,UNKNOWN,UNKNOWN,UNKNOWN,UNKNOWN,,Global Financial Stability Considerations for Monetary Policy in a High-Inflation Environment,,SPEECH,Board of Governors of the Federal Reserve System,FEDERAL_RESERVE_BOARD_ANNUAL_INDEX,https://www.federalreserve.gov/newsevents/speech/brainard20220930a.htm,,raw/speech_catalog/board_indexes/2022-speeches.htm,PUBLICATION_DATE_TIME_NOT_EXPOSED_IN_ANNUAL_INDEX
21e9f9197221640d9167,Michelle W. Bowman,2022-09-30,UNKNOWN,UNKNOWN,UNKNOWN,UNKNOWN,UNKNOWN,,Large Bank Supervision and Regulation,,SPEECH,Board of Governors of the Federal Reserve System,FEDERAL_RESERVE_BOARD_ANNUAL_INDEX,https://www.federalreserve.gov/newsevents/speech/bowman20220930a.htm,,raw/speech_catalog/board_indexes/2022-speeches.htm,PUBLICATION_DATE_TIME_NOT_EXPOSED_IN_ANNUAL_INDEX
2ba7068a3c0ef970c40f,Philip N. Jefferson,2022-10-04,UNKNOWN,UNKNOWN,UNKNOWN,UNKNOWN,UNKNOWN,,Technology’s Impact on the Post-Pandemic Economy,,SPEECH,Board of Governors of the Federal Reserve System,FEDERAL_RESERVE_BOARD_ANNUAL_INDEX,https://www.federalreserve.gov/newsevents/speech/jefferson20221004a.htm,,raw/speech_catalog/board_indexes/2022-speeches.htm,PUBLICATION_DATE_TIME_NOT_EXPOSED_IN_ANNUAL_INDEX
eea3f3f6aac922ebf1df,Christopher J. Waller,2022-10-06,UNKNOWN,UNKNOWN,UNKNOWN,UNKNOWN,UNKNOWN,,The Economic Outlook with a Look at the Housing Market,,SPEECH,Board of Governors of the Federal Reserve System,FEDERAL_RESERVE_BOARD_ANNUAL_INDEX,https://www.federalreserve.gov/newsevents/speech/waller20221006a.htm,https://fraser.stlouisfed.org/title/statements-speeches-christopher-j-waller-6421/economic-outlook-a-look-housing-market-628180,raw/speech_catalog/board_indexes/2022-speeches.htm,PUBLICATION_DATE_TIME_NOT_EXPOSED_IN_ANNUAL_INDEX
fc06aba0da6ec367483d,Lisa D. Cook,2022-10-06,UNKNOWN,UNKNOWN,UNKNOWN,UNKNOWN,UNKNOWN,,Economic Outlook,,SPEECH,Board of Governors of the Federal Reserve System,FEDERAL_RESERVE_BOARD_ANNUAL_INDEX,https://www.federalreserve.gov/newsevents/speech/cook20221006a.htm,,raw/speech_catalog/board_indexes/2022-speeches.htm,PUBLICATION_DATE_TIME_NOT_EXPOSED_IN_ANNUAL_INDEX
420575aa22b50eb5119c,Lael Brainard,2022-10-10,UNKNOWN,UNKNOWN,UNKNOWN,UNKNOWN,UNKNOWN,,Restoring Price Stability in an Uncertain Economic Environment,,SPEECH,Board of Governors of the Federal Reserve System,FEDERAL_RESERVE_BOARD_ANNUAL_INDEX,https://www.federalreserve.gov/newsevents/speech/brainard20221010a.htm,,raw/speech_catalog/board_indexes/2022-speeches.htm,PUBLICATION_DATE_TIME_NOT_EXPOSED_IN_ANNUAL_INDEX
24bfcfcea1937dede328,Michelle W. Bowman,2022-10-12,UNKNOWN,UNKNOWN,UNKNOWN,UNKNOWN,UNKNOWN,,Forward Guidance as a Monetary Policy Tool: Considerations for the Current Economic Environment,,SPEECH,Board of Governors of the Federal Reserve System,FEDERAL_RESERVE_BOARD_ANNUAL_INDEX,https://www.federalreserve.gov/newsevents/speech/bowman20221012a.htm,,raw/speech_catalog/board_indexes/2022-speeches.htm,PUBLICATION_DATE_TIME_NOT_EXPOSED_IN_ANNUAL_INDEX
91e1512033f76fa166f2,for Supervision Michael S. Barr,2022-10-12,UNKNOWN,UNKNOWN,UNKNOWN,UNKNOWN,UNKNOWN,,Managing the Promise and Risk of Financial Innovation,,SPEECH,Board of Governors of the Federal Reserve System,FEDERAL_RESERVE_BOARD_ANNUAL_INDEX,https://www.federalreserve.gov/newsevents/speech/barr20221012a.htm,,raw/speech_catalog/board_indexes/2022-speeches.htm,PUBLICATION_DATE_TIME_NOT_EXPOSED_IN_ANNUAL_INDEX
10ddd9212e999675dcc9,Christopher J. Waller,2022-10-14,UNKNOWN,UNKNOWN,UNKNOWN,UNKNOWN,UNKNOWN,,The U.S. Dollar and Central Bank Digital Currencies,,SPEECH,Board of Governors of the Federal Reserve System,FEDERAL_RESERVE_BOARD_ANNUAL_INDEX,https://www.federalreserve.gov/newsevents/speech/waller20221014a.htm,https://fraser.stlouisfed.org/title/statements-speeches-christopher-j-waller-6421/us-dollar-central-bank-digital-currencies-628181,raw/speech_catalog/board_indexes/2022-speeches.htm,PUBLICATION_DATE_TIME_NOT_EXPOSED_IN_ANNUAL_INDEX
8088c517d8608db27833,Michelle W. Bowman,2022-10-20,UNKNOWN,UNKNOWN,UNKNOWN,UNKNOWN,UNKNOWN,,Video,,SPEECH,Board of Governors of the Federal Reserve System,FEDERAL_RESERVE_BOARD_ANNUAL_INDEX,https://www.federalreserve.gov/newsevents/speech/bowman20221020a.htm,,raw/speech_catalog/board_indexes/2022-speeches.htm,PUBLICATION_DATE_TIME_NOT_EXPOSED_IN_ANNUAL_INDEX
2d744b7ee3e1562e45ed,Christopher J. Waller,2022-11-16,UNKNOWN,UNKNOWN,UNKNOWN,UNKNOWN,UNKNOWN,,The Economic Outlook and a Word of Caution on Inflation,,SPEECH,Board of Governors of the Federal Reserve System,FEDERAL_RESERVE_BOARD_ANNUAL_INDEX,https://www.federalreserve.gov/newsevents/speech/waller20221116a.htm,https://fraser.stlouisfed.org/title/statements-speeches-christopher-j-waller-6421/economic-outlook-a-word-caution-inflation-628182,raw/speech_catalog/board_indexes/2022-speeches.htm,PUBLICATION_DATE_TIME_NOT_EXPOSED_IN_ANNUAL_INDEX
7cac4fd34a2769be4f67,Michelle W. Bowman,2022-11-17,UNKNOWN,UNKNOWN,UNKNOWN,UNKNOWN,UNKNOWN,,Financial Education,,SPEECH,Board of Governors of the Federal Reserve System,FEDERAL_RESERVE_BOARD_ANNUAL_INDEX,https://www.federalreserve.gov/newsevents/speech/bowman20221117a.htm,,raw/speech_catalog/board_indexes/2022-speeches.htm,PUBLICATION_DATE_TIME_NOT_EXPOSED_IN_ANNUAL_INDEX
f9c178288354b64ec919,Philip N. Jefferson,2022-11-17,UNKNOWN,UNKNOWN,UNKNOWN,UNKNOWN,UNKNOWN,,Opportunity and Inclusive Economic Growth,,SPEECH,Board of Governors of the Federal Reserve System,FEDERAL_RESERVE_BOARD_ANNUAL_INDEX,https://www.federalreserve.gov/newsevents/speech/jefferson20221117a.htm,,raw/speech_catalog/board_indexes/2022-speeches.htm,PUBLICATION_DATE_TIME_NOT_EXPOSED_IN_ANNUAL_INDEX
766e65b56bf03871cbcd,Lael Brainard,2022-11-28,UNKNOWN,UNKNOWN,UNKNOWN,UNKNOWN,UNKNOWN,,"What Can We Learn from the Pandemic and the War about Supply Shocks, Inflation, and Monetary Policy?",,SPEECH,Board of Governors of the Federal Reserve System,FEDERAL_RESERVE_BOARD_ANNUAL_INDEX,https://www.federalreserve.gov/newsevents/speech/brainard20221128a.htm,,raw/speech_catalog/board_indexes/2022-speeches.htm,PUBLICATION_DATE_TIME_NOT_EXPOSED_IN_ANNUAL_INDEX
647e70610d5ffef57ce0,Jerome H. Powell,2022-11-30,UNKNOWN,UNKNOWN,UNKNOWN,UNKNOWN,UNKNOWN,,Inflation and the Labor Market,,SPEECH,Board of Governors of the Federal Reserve System,FEDERAL_RESERVE_BOARD_ANNUAL_INDEX,https://www.federalreserve.gov/newsevents/speech/powell20221130a.htm,,raw/speech_catalog/board_indexes/2022-speeches.htm,PUBLICATION_DATE_TIME_NOT_EXPOSED_IN_ANNUAL_INDEX
e01a4bb0097e4d65cd8a,Lisa D. Cook,2022-11-30,UNKNOWN,UNKNOWN,UNKNOWN,UNKNOWN,UNKNOWN,,The Economic Outlook and U.S. Productivity,,SPEECH,Board of Governors of the Federal Reserve System,FEDERAL_RESERVE_BOARD_ANNUAL_INDEX,https://www.federalreserve.gov/newsevents/speech/cook20221130a.htm,,raw/speech_catalog/board_indexes/2022-speeches.htm,PUBLICATION_DATE_TIME_NOT_EXPOSED_IN_ANNUAL_INDEX
13eb3d6c1e5e161b40ca,for Supervision Michael S. Barr,2022-12-01,UNKNOWN,UNKNOWN,UNKNOWN,UNKNOWN,UNKNOWN,,Why Bank Capital Matters,,SPEECH,Board of Governors of the Federal Reserve System,FEDERAL_RESERVE_BOARD_ANNUAL_INDEX,https://www.federalreserve.gov/newsevents/speech/barr20221201a.htm,,raw/speech_catalog/board_indexes/2022-speeches.htm,PUBLICATION_DATE_TIME_NOT_EXPOSED_IN_ANNUAL_INDEX
d7d4c9f274c19a196c77,Lisa D. Cook,2023-01-06,UNKNOWN,UNKNOWN,UNKNOWN,UNKNOWN,UNKNOWN,,Thoughts on Inflation in a Supply-Constrained Economy,,SPEECH,Board of Governors of the Federal Reserve System,FEDERAL_RESERVE_BOARD_ANNUAL_INDEX,https://www.federalreserve.gov/newsevents/speech/cook20230106a.htm,,raw/speech_catalog/board_indexes/2023-speeches.htm,PUBLICATION_DATE_TIME_NOT_EXPOSED_IN_ANNUAL_INDEX
75485f7f9f7acfa82fed,Jerome H. Powell,2023-01-10,UNKNOWN,UNKNOWN,UNKNOWN,UNKNOWN,UNKNOWN,,"Panel on ""Central Bank Independence and the Mandate—Evolving Views""",,SPEECH,Board of Governors of the Federal Reserve System,FEDERAL_RESERVE_BOARD_ANNUAL_INDEX,https://www.federalreserve.gov/newsevents/speech/powell20230110a.htm,,raw/speech_catalog/board_indexes/2023-speeches.htm,PUBLICATION_DATE_TIME_NOT_EXPOSED_IN_ANNUAL_INDEX
e03530585d60ae9358d7,Michelle W. Bowman,2023-01-10,UNKNOWN,UNKNOWN,UNKNOWN,UNKNOWN,UNKNOWN,,Brief Remarks on the Economy and Bank Supervision,,SPEECH,Board of Governors of the Federal Reserve System,FEDERAL_RESERVE_BOARD_ANNUAL_INDEX,https://www.federalreserve.gov/newsevents/speech/bowman20230110a.htm,,raw/speech_catalog/board_indexes/2023-speeches.htm,PUBLICATION_DATE_TIME_NOT_EXPOSED_IN_ANNUAL_INDEX
b70317b143ad1df3f397,Lael Brainard,2023-01-19,UNKNOWN,UNKNOWN,UNKNOWN,UNKNOWN,UNKNOWN,,Staying the Course to Bring Inflation Down,,SPEECH,Board of Governors of the Federal Reserve System,FEDERAL_RESERVE_BOARD_ANNUAL_INDEX,https://www.federalreserve.gov/newsevents/speech/brainard20230119a.htm,,raw/speech_catalog/board_indexes/2023-speeches.htm,PUBLICATION_DATE_TIME_NOT_EXPOSED_IN_ANNUAL_INDEX
1959def7d56074c72cf2,Christopher J. Waller,2023-01-20,UNKNOWN,UNKNOWN,UNKNOWN,UNKNOWN,UNKNOWN,,A Case for Cautious Optimism,,SPEECH,Board of Governors of the Federal Reserve System,FEDERAL_RESERVE_BOARD_ANNUAL_INDEX,https://www.federalreserve.gov/newsevents/speech/waller20230120a.htm,,raw/speech_catalog/board_indexes/2023-speeches.htm,PUBLICATION_DATE_TIME_NOT_EXPOSED_IN_ANNUAL_INDEX
7bbf7239dbf2d9401d87,Lisa D. Cook,2023-01-21,UNKNOWN,UNKNOWN,UNKNOWN,UNKNOWN,UNKNOWN,,Remarks to Delta Sigma Theta,,SPEECH,Board of Governors of the Federal Reserve System,FEDERAL_RESERVE_BOARD_ANNUAL_INDEX,https://www.federalreserve.gov/newsevents/speech/cook20230121a.htm,,raw/speech_catalog/board_indexes/2023-speeches.htm,PUBLICATION_DATE_TIME_NOT_EXPOSED_IN_ANNUAL_INDEX
db4d177c353bdfe8152f,for Supervision Michael S. Barr,2023-02-07,UNKNOWN,UNKNOWN,UNKNOWN,UNKNOWN,UNKNOWN,,Remarks at the “Banking on Financial Inclusion” Conference,,SPEECH,Board of Governors of the Federal Reserve System,FEDERAL_RESERVE_BOARD_ANNUAL_INDEX,https://www.federalreserve.gov/newsevents/speech/barr20230207a.htm,,raw/speech_catalog/board_indexes/2023-speeches.htm,PUBLICATION_DATE_TIME_NOT_EXPOSED_IN_ANNUAL_INDEX
cb8a3109c3e54bae70cd,Christopher J. Waller,2023-02-08,UNKNOWN,UNKNOWN,UNKNOWN,UNKNOWN,UNKNOWN,,"The Inflation Rate for Necessities: A Look at Food, Energy and Shelter Inflation",,SPEECH,Board of Governors of the Federal Reserve System,FEDERAL_RESERVE_BOARD_ANNUAL_INDEX,https://www.federalreserve.gov/newsevents/speech/waller20230208a.htm,,raw/speech_catalog/board_indexes/2023-speeches.htm,PUBLICATION_DATE_TIME_NOT_EXPOSED_IN_ANNUAL_INDEX
137a33d3e802db9e213a,Christopher J. Waller,2023-02-10,UNKNOWN,UNKNOWN,UNKNOWN,UNKNOWN,UNKNOWN,,Thoughts on the Crypto Ecosystem,,SPEECH,Board of Governors of the Federal Reserve System,FEDERAL_RESERVE_BOARD_ANNUAL_INDEX,https://www.federalreserve.gov/newsevents/speech/waller20230210a.htm,,raw/speech_catalog/board_indexes/2023-speeches.htm,PUBLICATION_DATE_TIME_NOT_EXPOSED_IN_ANNUAL_INDEX
033838936a846a1a6517,Michelle W. Bowman,2023-02-13,UNKNOWN,UNKNOWN,UNKNOWN,UNKNOWN,UNKNOWN,,"Independence, Predictability, and Tailoring in Banking Regulation and Supervision",,SPEECH,Board of Governors of the Federal Reserve System,FEDERAL_RESERVE_BOARD_ANNUAL_INDEX,https://www.federalreserve.gov/newsevents/speech/bowman20230213a.htm,,raw/speech_catalog/board_indexes/2023-speeches.htm,PUBLICATION_DATE_TIME_NOT_EXPOSED_IN_ANNUAL_INDEX
c1fb9c63cf451f4c146d,Michelle W. Bowman,2023-02-15,UNKNOWN,UNKNOWN,UNKNOWN,UNKNOWN,UNKNOWN,,Welcoming Remarks,,SPEECH,Board of Governors of the Federal Reserve System,FEDERAL_RESERVE_BOARD_ANNUAL_INDEX,https://www.federalreserve.gov/newsevents/speech/bowman20230215a.htm,,raw/speech_catalog/board_indexes/2023-speeches.htm,PUBLICATION_DATE_TIME_NOT_EXPOSED_IN_ANNUAL_INDEX
7ae84aedc035f75cd0bb,Lisa D. Cook,2023-02-16,UNKNOWN,UNKNOWN,UNKNOWN,UNKNOWN,UNKNOWN,,Welcome Remarks,,SPEECH,Board of Governors of the Federal Reserve System,FEDERAL_RESERVE_BOARD_ANNUAL_INDEX,https://www.federalreserve.gov/newsevents/speech/cook20230216a.htm,,raw/speech_catalog/board_indexes/2023-speeches.htm,PUBLICATION_DATE_TIME_NOT_EXPOSED_IN_ANNUAL_INDEX
dae838ef8f938bed36de,Philip N. Jefferson,2023-02-24,UNKNOWN,UNKNOWN,UNKNOWN,UNKNOWN,UNKNOWN,,"Discussion of the Paper ""Managing Disinflations"" by Stephen G. Cecchetti, Michael E. Feroli, Peter Hooper, Frederic S. Mishkin, and Kermit L. Schoenholtz",,SPEECH,Board of Governors of the Federal Reserve System,FEDERAL_RESERVE_BOARD_ANNUAL_INDEX,https://www.federalreserve.gov/newsevents/speech/jefferson20230224a.htm,,raw/speech_catalog/board_indexes/2023-speeches.htm,PUBLICATION_DATE_TIME_NOT_EXPOSED_IN_ANNUAL_INDEX
feb88292ba5f035994a8,Philip N. Jefferson,2023-02-27,UNKNOWN,UNKNOWN,UNKNOWN,UNKNOWN,UNKNOWN,,Recent Inflation and the Dual Mandate,,SPEECH,Board of Governors of the Federal Reserve System,FEDERAL_RESERVE_BOARD_ANNUAL_INDEX,https://www.federalreserve.gov/newsevents/speech/jefferson20230227a.htm,,raw/speech_catalog/board_indexes/2023-speeches.htm,PUBLICATION_DATE_TIME_NOT_EXPOSED_IN_ANNUAL_INDEX
dd9e02fac8a2f93b4211,Christopher J. Waller,2023-03-02,UNKNOWN,UNKNOWN,UNKNOWN,UNKNOWN,UNKNOWN,,February’s Hot Data Releases,,SPEECH,Board of Governors of the Federal Reserve System,FEDERAL_RESERVE_BOARD_ANNUAL_INDEX,https://www.federalreserve.gov/newsevents/speech/waller20230302a.htm,,raw/speech_catalog/board_indexes/2023-speeches.htm,PUBLICATION_DATE_TIME_NOT_EXPOSED_IN_ANNUAL_INDEX
dd9dfd6dbd4c8ddd9df4,Michelle W. Bowman,2023-03-03,UNKNOWN,UNKNOWN,UNKNOWN,UNKNOWN,UNKNOWN,,Panel on “Design Issues for Central Bank Facilities in the Future”,,SPEECH,Board of Governors of the Federal Reserve System,FEDERAL_RESERVE_BOARD_ANNUAL_INDEX,https://www.federalreserve.gov/newsevents/speech/bowman20230303a.htm,,raw/speech_catalog/board_indexes/2023-speeches.htm,PUBLICATION_DATE_TIME_NOT_EXPOSED_IN_ANNUAL_INDEX
22385f2784c4fe98ed35,for Supervision Michael S. Barr,2023-03-09,UNKNOWN,UNKNOWN,UNKNOWN,UNKNOWN,UNKNOWN,,Supporting Innovation with Guardrails: The Federal Reserve’s Approach to Supervision and Regulation of Banks’ Crypto-related Activities,,SPEECH,Board of Governors of the Federal Reserve System,FEDERAL_RESERVE_BOARD_ANNUAL_INDEX,https://www.federalreserve.gov/newsevents/speech/barr20230309a.htm,,raw/speech_catalog/board_indexes/2023-speeches.htm,PUBLICATION_DATE_TIME_NOT_EXPOSED_IN_ANNUAL_INDEX
bcba713a76217049355e,Michelle W. Bowman,2023-03-14,UNKNOWN,UNKNOWN,UNKNOWN,UNKNOWN,UNKNOWN,,The Innovation Imperative: Modernizing Traditional Banking,,SPEECH,Board of Governors of the Federal Reserve System,FEDERAL_RESERVE_BOARD_ANNUAL_INDEX,https://www.federalreserve.gov/newsevents/speech/bowman20230314a.htm,,raw/speech_catalog/board_indexes/2023-speeches.htm,PUBLICATION_DATE_TIME_NOT_EXPOSED_IN_ANNUAL_INDEX
48201ac5f84f08178b5a,Philip N. Jefferson,2023-03-27,UNKNOWN,UNKNOWN,UNKNOWN,UNKNOWN,UNKNOWN,,Implementation and Transmission of Monetary Policy,,SPEECH,Board of Governors of the Federal Reserve System,FEDERAL_RESERVE_BOARD_ANNUAL_INDEX,https://www.federalreserve.gov/newsevents/speech/jefferson20230327a.htm,,raw/speech_catalog/board_indexes/2023-speeches.htm,PUBLICATION_DATE_TIME_NOT_EXPOSED_IN_ANNUAL_INDEX
78919b91d484abcd8771,for Supervision Michael S. Barr,2023-03-29,UNKNOWN,UNKNOWN,UNKNOWN,UNKNOWN,UNKNOWN,,Brief Remarks,,SPEECH,Board of Governors of the Federal Reserve System,FEDERAL_RESERVE_BOARD_ANNUAL_INDEX,https://www.federalreserve.gov/newsevents/speech/barr20230329a.htm,,raw/speech_catalog/board_indexes/2023-speeches.htm,PUBLICATION_DATE_TIME_NOT_EXPOSED_IN_ANNUAL_INDEX
6e7577eab296962057c7,Christopher J. Waller,2023-03-31,UNKNOWN,UNKNOWN,UNKNOWN,UNKNOWN,UNKNOWN,,The Unstable Phillips Curve,,SPEECH,Board of Governors of the Federal Reserve System,FEDERAL_RESERVE_BOARD_ANNUAL_INDEX,https://www.federalreserve.gov/newsevents/speech/waller20230331a.htm,,raw/speech_catalog/board_indexes/2023-speeches.htm,PUBLICATION_DATE_TIME_NOT_EXPOSED_IN_ANNUAL_INDEX
42d0c15f1b1e0bc56fa1,Lisa D. Cook,2023-03-31,UNKNOWN,UNKNOWN,UNKNOWN,UNKNOWN,UNKNOWN,,The U.S. Economic Outlook and Monetary Policy,,SPEECH,Board of Governors of the Federal Reserve System,FEDERAL_RESERVE_BOARD_ANNUAL_INDEX,https://www.federalreserve.gov/newsevents/speech/cook20230331a.htm,,raw/speech_catalog/board_indexes/2023-speeches.htm,PUBLICATION_DATE_TIME_NOT_EXPOSED_IN_ANNUAL_INDEX
b6eec680d2118cbd4740,Lisa D. Cook,2023-04-04,UNKNOWN,UNKNOWN,UNKNOWN,UNKNOWN,UNKNOWN,,Welcoming Remarks,,SPEECH,Board of Governors of the Federal Reserve System,FEDERAL_RESERVE_BOARD_ANNUAL_INDEX,https://www.federalreserve.gov/newsevents/speech/cook20230404a.htm,,raw/speech_catalog/board_indexes/2023-speeches.htm,PUBLICATION_DATE_TIME_NOT_EXPOSED_IN_ANNUAL_INDEX
d2803a85fdd39466073c,Christopher J. Waller,2023-04-14,UNKNOWN,UNKNOWN,UNKNOWN,UNKNOWN,UNKNOWN,,Financial Stabilization and Macroeconomic Stabilization: Two Tools for Two Problems,,SPEECH,Board of Governors of the Federal Reserve System,FEDERAL_RESERVE_BOARD_ANNUAL_INDEX,https://www.federalreserve.gov/newsevents/speech/waller20230414a.htm,,raw/speech_catalog/board_indexes/2023-speeches.htm,PUBLICATION_DATE_TIME_NOT_EXPOSED_IN_ANNUAL_INDEX
5b5e7c09239e7419410b,Michelle W. Bowman,2023-04-14,UNKNOWN,UNKNOWN,UNKNOWN,UNKNOWN,UNKNOWN,,The Consequences of Fewer Banks in the U.S. Banking System,,SPEECH,Board of Governors of the Federal Reserve System,FEDERAL_RESERVE_BOARD_ANNUAL_INDEX,https://www.federalreserve.gov/newsevents/speech/bowman20230414a.htm,,raw/speech_catalog/board_indexes/2023-speeches.htm,PUBLICATION_DATE_TIME_NOT_EXPOSED_IN_ANNUAL_INDEX
5bb298797cba64425342,Michelle W. Bowman,2023-04-18,UNKNOWN,UNKNOWN,UNKNOWN,UNKNOWN,UNKNOWN,,Considerations for a Central Bank Digital Currency,,SPEECH,Board of Governors of the Federal Reserve System,FEDERAL_RESERVE_BOARD_ANNUAL_INDEX,https://www.federalreserve.gov/newsevents/speech/bowman20230418a.htm,,raw/speech_catalog/board_indexes/2023-speeches.htm,PUBLICATION_DATE_TIME_NOT_EXPOSED_IN_ANNUAL_INDEX
2fd04558cd04c0c1af49,Christopher J. Waller,2023-04-20,UNKNOWN,UNKNOWN,UNKNOWN,UNKNOWN,UNKNOWN,,Innovation and the Future of Finance,,SPEECH,Board of Governors of the Federal Reserve System,FEDERAL_RESERVE_BOARD_ANNUAL_INDEX,https://www.federalreserve.gov/newsevents/speech/waller20230420a.htm,,raw/speech_catalog/board_indexes/2023-speeches.htm,PUBLICATION_DATE_TIME_NOT_EXPOSED_IN_ANNUAL_INDEX
c84a1f38a411d163fa3d,Michelle W. Bowman,2023-04-20,UNKNOWN,UNKNOWN,UNKNOWN,UNKNOWN,UNKNOWN,,Brief Remarks,,SPEECH,Board of Governors of the Federal Reserve System,FEDERAL_RESERVE_BOARD_ANNUAL_INDEX,https://www.federalreserve.gov/newsevents/speech/bowman20230420a.htm,,raw/speech_catalog/board_indexes/2023-speeches.htm,PUBLICATION_DATE_TIME_NOT_EXPOSED_IN_ANNUAL_INDEX
8997124eeccec3dab589,Lisa D. Cook,2023-04-21,UNKNOWN,UNKNOWN,UNKNOWN,UNKNOWN,UNKNOWN,,Important Questions for Economic Research,,SPEECH,Board of Governors of the Federal Reserve System,FEDERAL_RESERVE_BOARD_ANNUAL_INDEX,https://www.federalreserve.gov/newsevents/speech/cook20230421a.htm,,raw/speech_catalog/board_indexes/2023-speeches.htm,PUBLICATION_DATE_TIME_NOT_EXPOSED_IN_ANNUAL_INDEX
1f5addcc55e22b681862,Lisa D. Cook,2023-05-05,UNKNOWN,UNKNOWN,UNKNOWN,UNKNOWN,UNKNOWN,,Commencement Address,,SPEECH,Board of Governors of the Federal Reserve System,FEDERAL_RESERVE_BOARD_ANNUAL_INDEX,https://www.federalreserve.gov/newsevents/speech/cook20230505a.htm,,raw/speech_catalog/board_indexes/2023-speeches.htm,PUBLICATION_DATE_TIME_NOT_EXPOSED_IN_ANNUAL_INDEX
5cc54a82b09ffb7743dc,Christopher J. Waller,2023-05-11,UNKNOWN,UNKNOWN,UNKNOWN,UNKNOWN,UNKNOWN,,Climate Change and Financial Stability,,SPEECH,Board of Governors of the Federal Reserve System,FEDERAL_RESERVE_BOARD_ANNUAL_INDEX,https://www.federalreserve.gov/newsevents/speech/waller20230511a.htm,,raw/speech_catalog/board_indexes/2023-speeches.htm,PUBLICATION_DATE_TIME_NOT_EXPOSED_IN_ANNUAL_INDEX
5829f28c68d0a5ab8559,Michelle W. Bowman,2023-05-12,UNKNOWN,UNKNOWN,UNKNOWN,UNKNOWN,UNKNOWN,,"The Evolving Nature of Banking, Bank Culture, and Bank Runs",,SPEECH,Board of Governors of the Federal Reserve System,FEDERAL_RESERVE_BOARD_ANNUAL_INDEX,https://www.federalreserve.gov/newsevents/speech/bowman20230512a.htm,,raw/speech_catalog/board_indexes/2023-speeches.htm,PUBLICATION_DATE_TIME_NOT_EXPOSED_IN_ANNUAL_INDEX
185c1e1ed1d46835535e,Philip N. Jefferson,2023-05-12,UNKNOWN,UNKNOWN,UNKNOWN,UNKNOWN,UNKNOWN,,On the Assessment of Current Monetary Policy,,SPEECH,Board of Governors of the Federal Reserve System,FEDERAL_RESERVE_BOARD_ANNUAL_INDEX,https://www.federalreserve.gov/newsevents/speech/jefferson20230512a.htm,,raw/speech_catalog/board_indexes/2023-speeches.htm,PUBLICATION_DATE_TIME_NOT_EXPOSED_IN_ANNUAL_INDEX
79b975a60e25a2a9d641,Lisa D. Cook,2023-05-13,UNKNOWN,UNKNOWN,UNKNOWN,UNKNOWN,UNKNOWN,,Commencement Address,,SPEECH,Board of Governors of the Federal Reserve System,FEDERAL_RESERVE_BOARD_ANNUAL_INDEX,https://www.federalreserve.gov/newsevents/speech/cook20230513a.htm,,raw/speech_catalog/board_indexes/2023-speeches.htm,PUBLICATION_DATE_TIME_NOT_EXPOSED_IN_ANNUAL_INDEX
651c27f3e7d2872e2ca4,Lisa D. Cook,2023-05-15,UNKNOWN,UNKNOWN,UNKNOWN,UNKNOWN,UNKNOWN,,Commencement Address,,SPEECH,Board of Governors of the Federal Reserve System,FEDERAL_RESERVE_BOARD_ANNUAL_INDEX,https://www.federalreserve.gov/newsevents/speech/cook20230515a.htm,,raw/speech_catalog/board_indexes/2023-speeches.htm,PUBLICATION_DATE_TIME_NOT_EXPOSED_IN_ANNUAL_INDEX
a4c997dcbf3fa721d6e9,Philip N. Jefferson,2023-05-18,UNKNOWN,UNKNOWN,UNKNOWN,UNKNOWN,UNKNOWN,,The U.S. Economic Outlook and Considerations for Monetary Policy,,SPEECH,Board of Governors of the Federal Reserve System,FEDERAL_RESERVE_BOARD_ANNUAL_INDEX,https://www.federalreserve.gov/newsevents/speech/jefferson20230518a.htm,,raw/speech_catalog/board_indexes/2023-speeches.htm,PUBLICATION_DATE_TIME_NOT_EXPOSED_IN_ANNUAL_INDEX
f7f48cd95f430de67e3d,Michelle W. Bowman,2023-05-19,UNKNOWN,UNKNOWN,UNKNOWN,UNKNOWN,UNKNOWN,,Considerations for Revisions to the Bank Regulatory Framework,,SPEECH,Board of Governors of the Federal Reserve System,FEDERAL_RESERVE_BOARD_ANNUAL_INDEX,https://www.federalreserve.gov/newsevents/speech/bowman20230519a.htm,,raw/speech_catalog/board_indexes/2023-speeches.htm,PUBLICATION_DATE_TIME_NOT_EXPOSED_IN_ANNUAL_INDEX
580b9a1cedab3bdacf3f,Christopher J. Waller,2023-05-24,UNKNOWN,UNKNOWN,UNKNOWN,UNKNOWN,UNKNOWN,,"Hike, Skip, or Pause?",,SPEECH,Board of Governors of the Federal Reserve System,FEDERAL_RESERVE_BOARD_ANNUAL_INDEX,https://www.federalreserve.gov/newsevents/speech/waller20230524a.htm,,raw/speech_catalog/board_indexes/2023-speeches.htm,PUBLICATION_DATE_TIME_NOT_EXPOSED_IN_ANNUAL_INDEX
27c6e52b0d447d399dbc,Michelle W. Bowman,2023-05-31,UNKNOWN,UNKNOWN,UNKNOWN,UNKNOWN,UNKNOWN,,Brief Remarks,,SPEECH,Board of Governors of the Federal Reserve System,FEDERAL_RESERVE_BOARD_ANNUAL_INDEX,https://www.federalreserve.gov/newsevents/speech/bowman20230531a.htm,,raw/speech_catalog/board_indexes/2023-speeches.htm,PUBLICATION_DATE_TIME_NOT_EXPOSED_IN_ANNUAL_INDEX
45cc8626da24f40e0217,Philip N. Jefferson,2023-05-31,UNKNOWN,UNKNOWN,UNKNOWN,UNKNOWN,UNKNOWN,,Financial Stability and the U.S. Economy,,SPEECH,Board of Governors of the Federal Reserve System,FEDERAL_RESERVE_BOARD_ANNUAL_INDEX,https://www.federalreserve.gov/newsevents/speech/jefferson20230531a.htm,,raw/speech_catalog/board_indexes/2023-speeches.htm,PUBLICATION_DATE_TIME_NOT_EXPOSED_IN_ANNUAL_INDEX
b885a2ff3a88a6116bda,Christopher J. Waller,2023-06-16,UNKNOWN,UNKNOWN,UNKNOWN,UNKNOWN,UNKNOWN,,Financial Stability and Macroeconomic Policy,,SPEECH,Board of Governors of the Federal Reserve System,FEDERAL_RESERVE_BOARD_ANNUAL_INDEX,https://www.federalreserve.gov/newsevents/speech/waller20230616a.htm,,raw/speech_catalog/board_indexes/2023-speeches.htm,PUBLICATION_DATE_TIME_NOT_EXPOSED_IN_ANNUAL_INDEX
1ac336f479b8d23a80f9,Christopher J. Waller,2023-06-22,UNKNOWN,UNKNOWN,UNKNOWN,UNKNOWN,UNKNOWN,,Welcoming Remarks,,SPEECH,Board of Governors of the Federal Reserve System,FEDERAL_RESERVE_BOARD_ANNUAL_INDEX,https://www.federalreserve.gov/newsevents/speech/waller20230622a.htm,,raw/speech_catalog/board_indexes/2023-speeches.htm,PUBLICATION_DATE_TIME_NOT_EXPOSED_IN_ANNUAL_INDEX
700a93e0369dc616fa17,Michelle W. Bowman,2023-06-22,UNKNOWN,UNKNOWN,UNKNOWN,UNKNOWN,UNKNOWN,,Opening Remarks,,SPEECH,Board of Governors of the Federal Reserve System,FEDERAL_RESERVE_BOARD_ANNUAL_INDEX,https://www.federalreserve.gov/newsevents/speech/bowman20230622a.htm,,raw/speech_catalog/board_indexes/2023-speeches.htm,PUBLICATION_DATE_TIME_NOT_EXPOSED_IN_ANNUAL_INDEX
6319126084a6c52f2fd6,Michelle W. Bowman,2023-06-25,UNKNOWN,UNKNOWN,UNKNOWN,UNKNOWN,UNKNOWN,,Responsive and Responsible Bank Regulation and Supervision,,SPEECH,Board of Governors of the Federal Reserve System,FEDERAL_RESERVE_BOARD_ANNUAL_INDEX,https://www.federalreserve.gov/newsevents/speech/bowman20230625a.htm,,raw/speech_catalog/board_indexes/2023-speeches.htm,PUBLICATION_DATE_TIME_NOT_EXPOSED_IN_ANNUAL_INDEX
e43adf510d220b53ce15,Jerome H. Powell,2023-06-29,UNKNOWN,UNKNOWN,UNKNOWN,UNKNOWN,UNKNOWN,,Financial Stability and Economic Developments,,SPEECH,Board of Governors of the Federal Reserve System,FEDERAL_RESERVE_BOARD_ANNUAL_INDEX,https://www.federalreserve.gov/newsevents/speech/powell20230629a.htm,,raw/speech_catalog/board_indexes/2023-speeches.htm,PUBLICATION_DATE_TIME_NOT_EXPOSED_IN_ANNUAL_INDEX
0d9906b168b74b8b4552,for Supervision Michael S. Barr,2023-07-10,UNKNOWN,UNKNOWN,UNKNOWN,UNKNOWN,UNKNOWN,,Holistic Capital Review,,SPEECH,Board of Governors of the Federal Reserve System,FEDERAL_RESERVE_BOARD_ANNUAL_INDEX,https://www.federalreserve.gov/newsevents/speech/barr20230710a.htm,,raw/speech_catalog/board_indexes/2023-speeches.htm,PUBLICATION_DATE_TIME_NOT_EXPOSED_IN_ANNUAL_INDEX
63cdcec9cbb2aef16812,Christopher J. Waller,2023-07-13,UNKNOWN,UNKNOWN,UNKNOWN,UNKNOWN,UNKNOWN,,Big Shocks Travel Fast: Why Policy Lags May Be Shorter Than You Think,,SPEECH,Board of Governors of the Federal Reserve System,FEDERAL_RESERVE_BOARD_ANNUAL_INDEX,https://www.federalreserve.gov/newsevents/speech/waller20230713a.htm,,raw/speech_catalog/board_indexes/2023-speeches.htm,PUBLICATION_DATE_TIME_NOT_EXPOSED_IN_ANNUAL_INDEX
45f304756839959bfeb9,for Supervision Michael S. Barr,2023-07-18,UNKNOWN,UNKNOWN,UNKNOWN,UNKNOWN,UNKNOWN,,Furthering the Vision of the Fair Housing Act,,SPEECH,Board of Governors of the Federal Reserve System,FEDERAL_RESERVE_BOARD_ANNUAL_INDEX,https://www.federalreserve.gov/newsevents/speech/barr20230718a.htm,,raw/speech_catalog/board_indexes/2023-speeches.htm,PUBLICATION_DATE_TIME_NOT_EXPOSED_IN_ANNUAL_INDEX
3ee37de11dd7ce41910b,Michelle W. Bowman,2023-08-05,UNKNOWN,UNKNOWN,UNKNOWN,UNKNOWN,UNKNOWN,,Brief Remarks on the Economy and Monetary Policy,,SPEECH,Board of Governors of the Federal Reserve System,FEDERAL_RESERVE_BOARD_ANNUAL_INDEX,https://www.federalreserve.gov/newsevents/speech/bowman20230805a.htm,,raw/speech_catalog/board_indexes/2023-speeches.htm,PUBLICATION_DATE_TIME_NOT_EXPOSED_IN_ANNUAL_INDEX
9973622887d7bb6c5a2a,Michelle W. Bowman,2023-08-07,UNKNOWN,UNKNOWN,UNKNOWN,UNKNOWN,UNKNOWN,,Welcoming Remarks,,SPEECH,Board of Governors of the Federal Reserve System,FEDERAL_RESERVE_BOARD_ANNUAL_INDEX,https://www.federalreserve.gov/newsevents/speech/bowman20230807a.htm,,raw/speech_catalog/board_indexes/2023-speeches.htm,PUBLICATION_DATE_TIME_NOT_EXPOSED_IN_ANNUAL_INDEX
324d39886ab328b52ec7,Michelle W. Bowman,2023-08-22,UNKNOWN,UNKNOWN,UNKNOWN,UNKNOWN,UNKNOWN,,Welcoming Remarks,,SPEECH,Board of Governors of the Federal Reserve System,FEDERAL_RESERVE_BOARD_ANNUAL_INDEX,https://www.federalreserve.gov/newsevents/speech/bowman20230822a.htm,,raw/speech_catalog/board_indexes/2023-speeches.htm,PUBLICATION_DATE_TIME_NOT_EXPOSED_IN_ANNUAL_INDEX
5579206cf07dae358012,Jerome H. Powell,2023-08-25,UNKNOWN,UNKNOWN,UNKNOWN,UNKNOWN,UNKNOWN,,Inflation: Progress and the Path Ahead,,SPEECH,Board of Governors of the Federal Reserve System,FEDERAL_RESERVE_BOARD_ANNUAL_INDEX,https://www.federalreserve.gov/newsevents/speech/powell20230825a.htm,,raw/speech_catalog/board_indexes/2023-speeches.htm,PUBLICATION_DATE_TIME_NOT_EXPOSED_IN_ANNUAL_INDEX
5ae7b1a039c61245f380,for Supervision Michael S. Barr,2023-09-08,UNKNOWN,UNKNOWN,UNKNOWN,UNKNOWN,UNKNOWN,,The Federal Reserve’s Role in Supporting Responsible Innovation,,SPEECH,Board of Governors of the Federal Reserve System,FEDERAL_RESERVE_BOARD_ANNUAL_INDEX,https://www.federalreserve.gov/newsevents/speech/barr20230908a.htm,,raw/speech_catalog/board_indexes/2023-speeches.htm,PUBLICATION_DATE_TIME_NOT_EXPOSED_IN_ANNUAL_INDEX
065e8b5066a008a48053,Lisa D. Cook,2023-09-22,UNKNOWN,UNKNOWN,UNKNOWN,UNKNOWN,UNKNOWN,,"Generative AI, Productivity, the Labor Market, and Choice Behavior",,SPEECH,Board of Governors of the Federal Reserve System,FEDERAL_RESERVE_BOARD_ANNUAL_INDEX,https://www.federalreserve.gov/newsevents/speech/cook20230922a.htm,,raw/speech_catalog/board_indexes/2023-speeches.htm,PUBLICATION_DATE_TIME_NOT_EXPOSED_IN_ANNUAL_INDEX
f8b24f543288c8b7b03e,Michelle W. Bowman,2023-09-22,UNKNOWN,UNKNOWN,UNKNOWN,UNKNOWN,UNKNOWN,,Brief Remarks on the Economy and Monetary Policy,,SPEECH,Board of Governors of the Federal Reserve System,FEDERAL_RESERVE_BOARD_ANNUAL_INDEX,https://www.federalreserve.gov/newsevents/speech/bowman20230922a.htm,,raw/speech_catalog/board_indexes/2023-speeches.htm,PUBLICATION_DATE_TIME_NOT_EXPOSED_IN_ANNUAL_INDEX
75c572cfb040886dc675,Michelle W. Bowman,2023-09-26,UNKNOWN,UNKNOWN,UNKNOWN,UNKNOWN,UNKNOWN,,Welcoming Remarks,,SPEECH,Board of Governors of the Federal Reserve System,FEDERAL_RESERVE_BOARD_ANNUAL_INDEX,https://www.federalreserve.gov/newsevents/speech/bowman20230926a.htm,,raw/speech_catalog/board_indexes/2023-speeches.htm,PUBLICATION_DATE_TIME_NOT_EXPOSED_IN_ANNUAL_INDEX
93531d238483f269ddeb,Michelle W. Bowman,2023-09-27,UNKNOWN,UNKNOWN,UNKNOWN,UNKNOWN,UNKNOWN,,Panel Remarks,,SPEECH,Board of Governors of the Federal Reserve System,FEDERAL_RESERVE_BOARD_ANNUAL_INDEX,https://www.federalreserve.gov/newsevents/speech/bowman20230927a.htm,,raw/speech_catalog/board_indexes/2023-speeches.htm,PUBLICATION_DATE_TIME_NOT_EXPOSED_IN_ANNUAL_INDEX
318e9ba2d01c9b7914fa,Jerome H. Powell,2023-09-28,UNKNOWN,UNKNOWN,UNKNOWN,UNKNOWN,UNKNOWN,,Video,,SPEECH,Board of Governors of the Federal Reserve System,FEDERAL_RESERVE_BOARD_ANNUAL_INDEX,https://www.federalreserve.gov/newsevents/speech/powell20230928a.htm,,raw/speech_catalog/board_indexes/2023-speeches.htm,PUBLICATION_DATE_TIME_NOT_EXPOSED_IN_ANNUAL_INDEX
517c62b339e50b765937,Lisa D. Cook,2023-09-28,UNKNOWN,UNKNOWN,UNKNOWN,UNKNOWN,UNKNOWN,,Closing Remarks,,SPEECH,Board of Governors of the Federal Reserve System,FEDERAL_RESERVE_BOARD_ANNUAL_INDEX,https://www.federalreserve.gov/newsevents/speech/cook20230928a.htm,,raw/speech_catalog/board_indexes/2023-speeches.htm,PUBLICATION_DATE_TIME_NOT_EXPOSED_IN_ANNUAL_INDEX
bb30b2210b84c48bdf7b,Michelle W. Bowman,2023-10-02,UNKNOWN,UNKNOWN,UNKNOWN,UNKNOWN,UNKNOWN,,Brief Remarks on the Economy and Bank Regulation,,SPEECH,Board of Governors of the Federal Reserve System,FEDERAL_RESERVE_BOARD_ANNUAL_INDEX,https://www.federalreserve.gov/newsevents/speech/bowman20231002a.htm,,raw/speech_catalog/board_indexes/2023-speeches.htm,PUBLICATION_DATE_TIME_NOT_EXPOSED_IN_ANNUAL_INDEX
4f0840470343f2dbf1d1,for Supervision Michael S. Barr,2023-10-02,UNKNOWN,UNKNOWN,UNKNOWN,UNKNOWN,UNKNOWN,,Monetary Policy and Financial Stability,,SPEECH,Board of Governors of the Federal Reserve System,FEDERAL_RESERVE_BOARD_ANNUAL_INDEX,https://www.federalreserve.gov/newsevents/speech/barr20231002a.htm,,raw/speech_catalog/board_indexes/2023-speeches.htm,PUBLICATION_DATE_TIME_NOT_EXPOSED_IN_ANNUAL_INDEX
639bb9597de9bb10d0f0,Michelle W. Bowman,2023-10-04,UNKNOWN,UNKNOWN,UNKNOWN,UNKNOWN,UNKNOWN,,"The Role of Research, Data, and Analysis in Banking Reforms",,SPEECH,Board of Governors of the Federal Reserve System,FEDERAL_RESERVE_BOARD_ANNUAL_INDEX,https://www.federalreserve.gov/newsevents/speech/bowman20231004a.htm,,raw/speech_catalog/board_indexes/2023-speeches.htm,PUBLICATION_DATE_TIME_NOT_EXPOSED_IN_ANNUAL_INDEX
5e6d111425e1ce33e330,Michelle W. Bowman,2023-10-07,UNKNOWN,UNKNOWN,UNKNOWN,UNKNOWN,UNKNOWN,,Brief Remarks on the Economy and Insights from Past Bank Regulatory Reform Efforts,,SPEECH,Board of Governors of the Federal Reserve System,FEDERAL_RESERVE_BOARD_ANNUAL_INDEX,https://www.federalreserve.gov/newsevents/speech/bowman20231007a.htm,,raw/speech_catalog/board_indexes/2023-speeches.htm,PUBLICATION_DATE_TIME_NOT_EXPOSED_IN_ANNUAL_INDEX
42dcabf7944c7b11a158,Philip N. Jefferson,2023-10-09,UNKNOWN,UNKNOWN,UNKNOWN,UNKNOWN,UNKNOWN,,U.S. Economic Outlook and Monetary Policy Transmission,,SPEECH,Board of Governors of the Federal Reserve System,FEDERAL_RESERVE_BOARD_ANNUAL_INDEX,https://www.federalreserve.gov/newsevents/speech/jefferson20231009a.htm,,raw/speech_catalog/board_indexes/2023-speeches.htm,PUBLICATION_DATE_TIME_NOT_EXPOSED_IN_ANNUAL_INDEX
62107b192f9a02af58ec,for Supervision Michael S. Barr,2023-10-09,UNKNOWN,UNKNOWN,UNKNOWN,UNKNOWN,UNKNOWN,,Capital Supports Lending,,SPEECH,Board of Governors of the Federal Reserve System,FEDERAL_RESERVE_BOARD_ANNUAL_INDEX,https://www.federalreserve.gov/newsevents/speech/barr20231009a.htm,,raw/speech_catalog/board_indexes/2023-speeches.htm,PUBLICATION_DATE_TIME_NOT_EXPOSED_IN_ANNUAL_INDEX
a56411eb1e388dbb28a2,Christopher J. Waller,2023-10-10,UNKNOWN,UNKNOWN,UNKNOWN,UNKNOWN,UNKNOWN,,Monetary Policy Analysis and the Development of Federal Reserve Policymaking,,SPEECH,Board of Governors of the Federal Reserve System,FEDERAL_RESERVE_BOARD_ANNUAL_INDEX,https://www.federalreserve.gov/newsevents/speech/waller20231010a.htm,,raw/speech_catalog/board_indexes/2023-speeches.htm,PUBLICATION_DATE_TIME_NOT_EXPOSED_IN_ANNUAL_INDEX
ce01ae84035fcac0c108,Michelle W. Bowman,2023-10-11,UNKNOWN,UNKNOWN,UNKNOWN,UNKNOWN,UNKNOWN,,Financial Stability in Uncertain Times,,SPEECH,Board of Governors of the Federal Reserve System,FEDERAL_RESERVE_BOARD_ANNUAL_INDEX,https://www.federalreserve.gov/newsevents/speech/bowman20231011a.htm,,raw/speech_catalog/board_indexes/2023-speeches.htm,PUBLICATION_DATE_TIME_NOT_EXPOSED_IN_ANNUAL_INDEX
bfb52a71acf1e656b10a,Michelle W. Bowman,2023-10-17,UNKNOWN,UNKNOWN,UNKNOWN,UNKNOWN,UNKNOWN,,Responsible Innovation in Money and Payments,,SPEECH,Board of Governors of the Federal Reserve System,FEDERAL_RESERVE_BOARD_ANNUAL_INDEX,https://www.federalreserve.gov/newsevents/speech/bowman20231017a.htm,,raw/speech_catalog/board_indexes/2023-speeches.htm,PUBLICATION_DATE_TIME_NOT_EXPOSED_IN_ANNUAL_INDEX
27bdccea31748d156c83,Christopher J. Waller,2023-10-18,UNKNOWN,UNKNOWN,UNKNOWN,UNKNOWN,UNKNOWN,,Something’s Got to Give,,SPEECH,Board of Governors of the Federal Reserve System,FEDERAL_RESERVE_BOARD_ANNUAL_INDEX,https://www.federalreserve.gov/newsevents/speech/waller20231018a.htm,,raw/speech_catalog/board_indexes/2023-speeches.htm,PUBLICATION_DATE_TIME_NOT_EXPOSED_IN_ANNUAL_INDEX
4900c7cbd29b514b6a37,Lisa D. Cook,2023-10-18,UNKNOWN,UNKNOWN,UNKNOWN,UNKNOWN,UNKNOWN,,The Evolution of the Federal Reserve’s Employment Mandate,,SPEECH,Board of Governors of the Federal Reserve System,FEDERAL_RESERVE_BOARD_ANNUAL_INDEX,https://www.federalreserve.gov/newsevents/speech/cook20231018a.htm,,raw/speech_catalog/board_indexes/2023-speeches.htm,PUBLICATION_DATE_TIME_NOT_EXPOSED_IN_ANNUAL_INDEX
a10ca2474aa66cfdac49,Michelle W. Bowman,2023-10-18,UNKNOWN,UNKNOWN,UNKNOWN,UNKNOWN,UNKNOWN,,Brief Remarks,,SPEECH,Board of Governors of the Federal Reserve System,FEDERAL_RESERVE_BOARD_ANNUAL_INDEX,https://www.federalreserve.gov/newsevents/speech/bowman20231018a.htm,,raw/speech_catalog/board_indexes/2023-speeches.htm,PUBLICATION_DATE_TIME_NOT_EXPOSED_IN_ANNUAL_INDEX
31d1546995730fccf527,Jerome H. Powell,2023-10-19,UNKNOWN,UNKNOWN,UNKNOWN,UNKNOWN,UNKNOWN,,Opening Remarks,,SPEECH,Board of Governors of the Federal Reserve System,FEDERAL_RESERVE_BOARD_ANNUAL_INDEX,https://www.federalreserve.gov/newsevents/speech/powell20231019a.htm,,raw/speech_catalog/board_indexes/2023-speeches.htm,PUBLICATION_DATE_TIME_NOT_EXPOSED_IN_ANNUAL_INDEX
565d5c5def4c4c2e74c7,Philip N. Jefferson,2023-10-19,UNKNOWN,UNKNOWN,UNKNOWN,UNKNOWN,UNKNOWN,,Opening Remarks,,SPEECH,Board of Governors of the Federal Reserve System,FEDERAL_RESERVE_BOARD_ANNUAL_INDEX,https://www.federalreserve.gov/newsevents/speech/jefferson20231019a.htm,,raw/speech_catalog/board_indexes/2023-speeches.htm,PUBLICATION_DATE_TIME_NOT_EXPOSED_IN_ANNUAL_INDEX
9b6b69ff4e0a8cbe5300,for Supervision Michael S. Barr,2023-10-19,UNKNOWN,UNKNOWN,UNKNOWN,UNKNOWN,UNKNOWN,,Multiple Scenarios in Stress Testing,,SPEECH,Board of Governors of the Federal Reserve System,FEDERAL_RESERVE_BOARD_ANNUAL_INDEX,https://www.federalreserve.gov/newsevents/speech/barr20231019a.htm,,raw/speech_catalog/board_indexes/2023-speeches.htm,PUBLICATION_DATE_TIME_NOT_EXPOSED_IN_ANNUAL_INDEX
c1087c6c543cc170cc84,Jerome H. Powell,2023-10-25,UNKNOWN,UNKNOWN,UNKNOWN,UNKNOWN,UNKNOWN,,Introductory Remarks,,SPEECH,Board of Governors of the Federal Reserve System,FEDERAL_RESERVE_BOARD_ANNUAL_INDEX,https://www.federalreserve.gov/newsevents/speech/powell20231025a.htm,,raw/speech_catalog/board_indexes/2023-speeches.htm,PUBLICATION_DATE_TIME_NOT_EXPOSED_IN_ANNUAL_INDEX
329de185f720d0bab0fc,Christopher J. Waller,2023-10-26,UNKNOWN,UNKNOWN,UNKNOWN,UNKNOWN,UNKNOWN,,Welcome Remarks,,SPEECH,Board of Governors of the Federal Reserve System,FEDERAL_RESERVE_BOARD_ANNUAL_INDEX,https://www.federalreserve.gov/newsevents/speech/waller20231026a.htm,,raw/speech_catalog/board_indexes/2023-speeches.htm,PUBLICATION_DATE_TIME_NOT_EXPOSED_IN_ANNUAL_INDEX
513809b4382b031cb729,for Supervision Michael S. Barr,2023-10-27,UNKNOWN,UNKNOWN,UNKNOWN,UNKNOWN,UNKNOWN,,Opening Remarks,,SPEECH,Board of Governors of the Federal Reserve System,FEDERAL_RESERVE_BOARD_ANNUAL_INDEX,https://www.federalreserve.gov/newsevents/speech/barr20231027a.htm,,raw/speech_catalog/board_indexes/2023-speeches.htm,PUBLICATION_DATE_TIME_NOT_EXPOSED_IN_ANNUAL_INDEX
4c8d2f35a31ca86dbb97,Lisa D. Cook,2023-11-06,UNKNOWN,UNKNOWN,UNKNOWN,UNKNOWN,UNKNOWN,,Financial Stability: Resilience and Challenges,,SPEECH,Board of Governors of the Federal Reserve System,FEDERAL_RESERVE_BOARD_ANNUAL_INDEX,https://www.federalreserve.gov/newsevents/speech/cook20231106a.htm,,raw/speech_catalog/board_indexes/2023-speeches.htm,PUBLICATION_DATE_TIME_NOT_EXPOSED_IN_ANNUAL_INDEX
b5e83d1aeacde9925bca,Christopher J. Waller,2023-11-07,UNKNOWN,UNKNOWN,UNKNOWN,UNKNOWN,UNKNOWN,,Using Economic Data to Understand the Economy,,SPEECH,Board of Governors of the Federal Reserve System,FEDERAL_RESERVE_BOARD_ANNUAL_INDEX,https://www.federalreserve.gov/newsevents/speech/waller20231107a.htm,,raw/speech_catalog/board_indexes/2023-speeches.htm,PUBLICATION_DATE_TIME_NOT_EXPOSED_IN_ANNUAL_INDEX
b490877112851e2b1ba9,Michelle W. Bowman,2023-11-07,UNKNOWN,UNKNOWN,UNKNOWN,UNKNOWN,UNKNOWN,,Remarks on the Economy and Bank Supervision and Regulation,,SPEECH,Board of Governors of the Federal Reserve System,FEDERAL_RESERVE_BOARD_ANNUAL_INDEX,https://www.federalreserve.gov/newsevents/speech/bowman20231107a.htm,,raw/speech_catalog/board_indexes/2023-speeches.htm,PUBLICATION_DATE_TIME_NOT_EXPOSED_IN_ANNUAL_INDEX
de4c309f7e6c1a7721b3,Jerome H. Powell,2023-11-08,UNKNOWN,UNKNOWN,UNKNOWN,UNKNOWN,UNKNOWN,,Opening Remarks,,SPEECH,Board of Governors of the Federal Reserve System,FEDERAL_RESERVE_BOARD_ANNUAL_INDEX,https://www.federalreserve.gov/newsevents/speech/powell20231108a.htm,,raw/speech_catalog/board_indexes/2023-speeches.htm,PUBLICATION_DATE_TIME_NOT_EXPOSED_IN_ANNUAL_INDEX
230ecc76e93fed1ed3a8,Lisa D. Cook,2023-11-08,UNKNOWN,UNKNOWN,UNKNOWN,UNKNOWN,UNKNOWN,,"Financial Stability: Resilience, Challenges, and Global Connections",,SPEECH,Board of Governors of the Federal Reserve System,FEDERAL_RESERVE_BOARD_ANNUAL_INDEX,https://www.federalreserve.gov/newsevents/speech/cook20231108a.htm,,raw/speech_catalog/board_indexes/2023-speeches.htm,PUBLICATION_DATE_TIME_NOT_EXPOSED_IN_ANNUAL_INDEX
d7605c15453180718fdd,Philip N. Jefferson,2023-11-08,UNKNOWN,UNKNOWN,UNKNOWN,UNKNOWN,UNKNOWN,,"Research and Statistics Centennial Anniversary: Past, Present and Future",,SPEECH,Board of Governors of the Federal Reserve System,FEDERAL_RESERVE_BOARD_ANNUAL_INDEX,https://www.federalreserve.gov/newsevents/speech/jefferson20231108a.htm,,raw/speech_catalog/board_indexes/2023-speeches.htm,PUBLICATION_DATE_TIME_NOT_EXPOSED_IN_ANNUAL_INDEX
f764f2fddd8bba7b0ca4,Jerome H. Powell,2023-11-09,UNKNOWN,UNKNOWN,UNKNOWN,UNKNOWN,UNKNOWN,,Opening Remarks,,SPEECH,Board of Governors of the Federal Reserve System,FEDERAL_RESERVE_BOARD_ANNUAL_INDEX,https://www.federalreserve.gov/newsevents/speech/powell20231109a.htm,,raw/speech_catalog/board_indexes/2023-speeches.htm,PUBLICATION_DATE_TIME_NOT_EXPOSED_IN_ANNUAL_INDEX
60a5d35040fd331cd2e2,Michelle W. Bowman,2023-11-09,UNKNOWN,UNKNOWN,UNKNOWN,UNKNOWN,UNKNOWN,,Remarks on the Economy and Prioritization of Bank Supervision and Regulation,,SPEECH,Board of Governors of the Federal Reserve System,FEDERAL_RESERVE_BOARD_ANNUAL_INDEX,https://www.federalreserve.gov/newsevents/speech/bowman20231109a.htm,,raw/speech_catalog/board_indexes/2023-speeches.htm,PUBLICATION_DATE_TIME_NOT_EXPOSED_IN_ANNUAL_INDEX
9630a67d536a44742812,Lisa D. Cook,2023-11-13,UNKNOWN,UNKNOWN,UNKNOWN,UNKNOWN,UNKNOWN,,Video,,SPEECH,Board of Governors of the Federal Reserve System,FEDERAL_RESERVE_BOARD_ANNUAL_INDEX,https://www.federalreserve.gov/newsevents/speech/cook20231113a.htm,,raw/speech_catalog/board_indexes/2023-speeches.htm,PUBLICATION_DATE_TIME_NOT_EXPOSED_IN_ANNUAL_INDEX
589b3f306ac480337d80,Philip N. Jefferson,2023-11-14,UNKNOWN,UNKNOWN,UNKNOWN,UNKNOWN,UNKNOWN,,Elevated Economic Uncertainty: Causes and Consequences,,SPEECH,Board of Governors of the Federal Reserve System,FEDERAL_RESERVE_BOARD_ANNUAL_INDEX,https://www.federalreserve.gov/newsevents/speech/jefferson20231114a.htm,,raw/speech_catalog/board_indexes/2023-speeches.htm,PUBLICATION_DATE_TIME_NOT_EXPOSED_IN_ANNUAL_INDEX
deabb1619ab1b7c181fc,Lisa D. Cook,2023-11-16,UNKNOWN,UNKNOWN,UNKNOWN,UNKNOWN,UNKNOWN,,"Global Linkages: Supply, Spillovers, and Common Challenges",,SPEECH,Board of Governors of the Federal Reserve System,FEDERAL_RESERVE_BOARD_ANNUAL_INDEX,https://www.federalreserve.gov/newsevents/speech/cook20231116a.htm,,raw/speech_catalog/board_indexes/2023-speeches.htm,PUBLICATION_DATE_TIME_NOT_EXPOSED_IN_ANNUAL_INDEX
2a6fcb47787784d4a36e,for Supervision Michael S. Barr,2023-11-16,UNKNOWN,UNKNOWN,UNKNOWN,UNKNOWN,UNKNOWN,,The 2023 U.S. Treasury Market Conference,,SPEECH,Board of Governors of the Federal Reserve System,FEDERAL_RESERVE_BOARD_ANNUAL_INDEX,https://www.federalreserve.gov/newsevents/speech/barr20231116a.htm,,raw/speech_catalog/board_indexes/2023-speeches.htm,PUBLICATION_DATE_TIME_NOT_EXPOSED_IN_ANNUAL_INDEX
39ac0ae9dd205af13738,Christopher J. Waller,2023-11-28,UNKNOWN,UNKNOWN,UNKNOWN,UNKNOWN,UNKNOWN,,Something Appears to Be Giving,,SPEECH,Board of Governors of the Federal Reserve System,FEDERAL_RESERVE_BOARD_ANNUAL_INDEX,https://www.federalreserve.gov/newsevents/speech/waller20231128a.htm,,raw/speech_catalog/board_indexes/2023-speeches.htm,PUBLICATION_DATE_TIME_NOT_EXPOSED_IN_ANNUAL_INDEX
83369ff2ae2e813f6977,Michelle W. Bowman,2023-11-28,UNKNOWN,UNKNOWN,UNKNOWN,UNKNOWN,UNKNOWN,,Reflections on the Economy and Monetary Policy,,SPEECH,Board of Governors of the Federal Reserve System,FEDERAL_RESERVE_BOARD_ANNUAL_INDEX,https://www.federalreserve.gov/newsevents/speech/bowman20231128a.htm,,raw/speech_catalog/board_indexes/2023-speeches.htm,PUBLICATION_DATE_TIME_NOT_EXPOSED_IN_ANNUAL_INDEX
f291aa43156195d616ad,for Supervision Michael S. Barr,2023-11-28,UNKNOWN,UNKNOWN,UNKNOWN,UNKNOWN,UNKNOWN,,Serving Indian Country with the Modernized Community Reinvestment Act,,SPEECH,Board of Governors of the Federal Reserve System,FEDERAL_RESERVE_BOARD_ANNUAL_INDEX,https://www.federalreserve.gov/newsevents/speech/barr20231128a.htm,,raw/speech_catalog/board_indexes/2023-speeches.htm,PUBLICATION_DATE_TIME_NOT_EXPOSED_IN_ANNUAL_INDEX
da4a24abef1b6768f178,Jerome H. Powell,2023-12-01,UNKNOWN,UNKNOWN,UNKNOWN,UNKNOWN,UNKNOWN,,Opening Remarks,,SPEECH,Board of Governors of the Federal Reserve System,FEDERAL_RESERVE_BOARD_ANNUAL_INDEX,https://www.federalreserve.gov/newsevents/speech/powell20231201a.htm,,raw/speech_catalog/board_indexes/2023-speeches.htm,PUBLICATION_DATE_TIME_NOT_EXPOSED_IN_ANNUAL_INDEX
6db9354a6f06478269f4,for Supervision Michael S. Barr,2023-12-01,UNKNOWN,UNKNOWN,UNKNOWN,UNKNOWN,UNKNOWN,,The Importance of Effective Liquidity Risk Management,,SPEECH,Board of Governors of the Federal Reserve System,FEDERAL_RESERVE_BOARD_ANNUAL_INDEX,https://www.federalreserve.gov/newsevents/speech/barr20231201a.htm,,raw/speech_catalog/board_indexes/2023-speeches.htm,PUBLICATION_DATE_TIME_NOT_EXPOSED_IN_ANNUAL_INDEX
7b59e0924d3e390f12d8,Michelle W. Bowman,2023-12-05,UNKNOWN,UNKNOWN,UNKNOWN,UNKNOWN,UNKNOWN,,Building a More Inclusive Financial System through Collaboration and Action,,SPEECH,Board of Governors of the Federal Reserve System,FEDERAL_RESERVE_BOARD_ANNUAL_INDEX,https://www.federalreserve.gov/newsevents/speech/bowman20231205a.htm,,raw/speech_catalog/board_indexes/2023-speeches.htm,PUBLICATION_DATE_TIME_NOT_EXPOSED_IN_ANNUAL_INDEX
0160e930758e8e45cee5,Michelle W. Bowman,2024-01-08,UNKNOWN,UNKNOWN,UNKNOWN,UNKNOWN,UNKNOWN,,New Year’s Resolutions for Bank Regulatory Policymakers,,SPEECH,Board of Governors of the Federal Reserve System,FEDERAL_RESERVE_BOARD_ANNUAL_INDEX,https://www.federalreserve.gov/newsevents/speech/bowman20240108a.htm,,raw/speech_catalog/board_indexes/2024-speeches.htm,PUBLICATION_DATE_TIME_NOT_EXPOSED_IN_ANNUAL_INDEX
9909e4f4ef5cd07187a7,Christopher J. Waller,2024-01-16,UNKNOWN,UNKNOWN,UNKNOWN,UNKNOWN,UNKNOWN,,Almost as Good as It Gets…But Will It Last?,,SPEECH,Board of Governors of the Federal Reserve System,FEDERAL_RESERVE_BOARD_ANNUAL_INDEX,https://www.federalreserve.gov/newsevents/speech/waller20240116a.htm,,raw/speech_catalog/board_indexes/2024-speeches.htm,PUBLICATION_DATE_TIME_NOT_EXPOSED_IN_ANNUAL_INDEX
3f05e07123c29f9bf7f0,Michelle W. Bowman,2024-01-17,UNKNOWN,UNKNOWN,UNKNOWN,UNKNOWN,UNKNOWN,,The Path Forward for Bank Capital Reform,,SPEECH,Board of Governors of the Federal Reserve System,FEDERAL_RESERVE_BOARD_ANNUAL_INDEX,https://www.federalreserve.gov/newsevents/speech/bowman20240117a.htm,,raw/speech_catalog/board_indexes/2024-speeches.htm,PUBLICATION_DATE_TIME_NOT_EXPOSED_IN_ANNUAL_INDEX
7f2858c9814c0c9d0194,for Supervision Michael S. Barr,2024-01-17,UNKNOWN,UNKNOWN,UNKNOWN,UNKNOWN,UNKNOWN,,Opening Remarks,,SPEECH,Board of Governors of the Federal Reserve System,FEDERAL_RESERVE_BOARD_ANNUAL_INDEX,https://www.federalreserve.gov/newsevents/speech/barr20240117a.htm,,raw/speech_catalog/board_indexes/2024-speeches.htm,PUBLICATION_DATE_TIME_NOT_EXPOSED_IN_ANNUAL_INDEX
f2c32cd33ff18def8300,Michelle W. Bowman,2024-02-02,UNKNOWN,UNKNOWN,UNKNOWN,UNKNOWN,UNKNOWN,,The Future of Banking,,SPEECH,Board of Governors of the Federal Reserve System,FEDERAL_RESERVE_BOARD_ANNUAL_INDEX,https://www.federalreserve.gov/newsevents/speech/bowman20240202a.htm,,raw/speech_catalog/board_indexes/2024-speeches.htm,PUBLICATION_DATE_TIME_NOT_EXPOSED_IN_ANNUAL_INDEX
8f43b764cb913cb93b0d,Adriana D. Kugler,2024-02-07,UNKNOWN,UNKNOWN,UNKNOWN,UNKNOWN,UNKNOWN,,The Outlook for the Economy and Monetary Policy,,SPEECH,Board of Governors of the Federal Reserve System,FEDERAL_RESERVE_BOARD_ANNUAL_INDEX,https://www.federalreserve.gov/newsevents/speech/kugler20240207a.htm,,raw/speech_catalog/board_indexes/2024-speeches.htm,PUBLICATION_DATE_TIME_NOT_EXPOSED_IN_ANNUAL_INDEX
3d988c3b3de811a6dffb,Michelle W. Bowman,2024-02-07,UNKNOWN,UNKNOWN,UNKNOWN,UNKNOWN,UNKNOWN,,Supporting Entrepreneurship & Small Businesses,,SPEECH,Board of Governors of the Federal Reserve System,FEDERAL_RESERVE_BOARD_ANNUAL_INDEX,https://www.federalreserve.gov/newsevents/speech/bowman20240207a.htm,,raw/speech_catalog/board_indexes/2024-speeches.htm,PUBLICATION_DATE_TIME_NOT_EXPOSED_IN_ANNUAL_INDEX
41bea7f0154c7690401f,Michelle W. Bowman,2024-02-12,UNKNOWN,UNKNOWN,UNKNOWN,UNKNOWN,UNKNOWN,,Defining a Bank,,SPEECH,Board of Governors of the Federal Reserve System,FEDERAL_RESERVE_BOARD_ANNUAL_INDEX,https://www.federalreserve.gov/newsevents/speech/bowman20240212a.htm,,raw/speech_catalog/board_indexes/2024-speeches.htm,PUBLICATION_DATE_TIME_NOT_EXPOSED_IN_ANNUAL_INDEX
ca835edf5e539bf2bdc2,for Supervision Michael S. Barr,2024-02-14,UNKNOWN,UNKNOWN,UNKNOWN,UNKNOWN,UNKNOWN,,"The Intersection of Monetary Policy, Market Functioning, and Liquidity Risk Management",,SPEECH,Board of Governors of the Federal Reserve System,FEDERAL_RESERVE_BOARD_ANNUAL_INDEX,https://www.federalreserve.gov/newsevents/speech/barr20240214a.htm,,raw/speech_catalog/board_indexes/2024-speeches.htm,PUBLICATION_DATE_TIME_NOT_EXPOSED_IN_ANNUAL_INDEX
cc111da826b5bfff8838,Christopher J. Waller,2024-02-15,UNKNOWN,UNKNOWN,UNKNOWN,UNKNOWN,UNKNOWN,,The Dollar's International Role,,SPEECH,Board of Governors of the Federal Reserve System,FEDERAL_RESERVE_BOARD_ANNUAL_INDEX,https://www.federalreserve.gov/newsevents/speech/waller20240215a.htm,,raw/speech_catalog/board_indexes/2024-speeches.htm,PUBLICATION_DATE_TIME_NOT_EXPOSED_IN_ANNUAL_INDEX
566812d2138a864bc540,Michelle W. Bowman,2024-02-15,UNKNOWN,UNKNOWN,UNKNOWN,UNKNOWN,UNKNOWN,,Advancing Cross-Border Payments and Financial Inclusion,,SPEECH,Board of Governors of the Federal Reserve System,FEDERAL_RESERVE_BOARD_ANNUAL_INDEX,https://www.federalreserve.gov/newsevents/speech/bowman20240215a.htm,,raw/speech_catalog/board_indexes/2024-speeches.htm,PUBLICATION_DATE_TIME_NOT_EXPOSED_IN_ANNUAL_INDEX
ad8f5adab9fcb36e6536,for Supervision Michael S. Barr,2024-02-16,UNKNOWN,UNKNOWN,UNKNOWN,UNKNOWN,UNKNOWN,,"Supervision with Speed, Force, and Agility",,SPEECH,Board of Governors of the Federal Reserve System,FEDERAL_RESERVE_BOARD_ANNUAL_INDEX,https://www.federalreserve.gov/newsevents/speech/barr20240216a.htm,,raw/speech_catalog/board_indexes/2024-speeches.htm,PUBLICATION_DATE_TIME_NOT_EXPOSED_IN_ANNUAL_INDEX
3ef6ef77018c1b4f68e1,Christopher J. Waller,2024-02-22,UNKNOWN,UNKNOWN,UNKNOWN,UNKNOWN,UNKNOWN,,What’s the Rush?,,SPEECH,Board of Governors of the Federal Reserve System,FEDERAL_RESERVE_BOARD_ANNUAL_INDEX,https://www.federalreserve.gov/newsevents/speech/waller20240222a.htm,,raw/speech_catalog/board_indexes/2024-speeches.htm,PUBLICATION_DATE_TIME_NOT_EXPOSED_IN_ANNUAL_INDEX
a26002b20592a78eb792,Lisa D. Cook,2024-02-22,UNKNOWN,UNKNOWN,UNKNOWN,UNKNOWN,UNKNOWN,,Sources of Uncertainty in the Short Run and the Long Run,,SPEECH,Board of Governors of the Federal Reserve System,FEDERAL_RESERVE_BOARD_ANNUAL_INDEX,https://www.federalreserve.gov/newsevents/speech/cook20240222a.htm,,raw/speech_catalog/board_indexes/2024-speeches.htm,PUBLICATION_DATE_TIME_NOT_EXPOSED_IN_ANNUAL_INDEX
8b042978215ec08a95bd,Philip N. Jefferson,2024-02-22,UNKNOWN,UNKNOWN,UNKNOWN,UNKNOWN,UNKNOWN,,Is This Time Different? Recent Monetary Policy Cycles in Retrospect,,SPEECH,Board of Governors of the Federal Reserve System,FEDERAL_RESERVE_BOARD_ANNUAL_INDEX,https://www.federalreserve.gov/newsevents/speech/jefferson20240222a.htm,,raw/speech_catalog/board_indexes/2024-speeches.htm,PUBLICATION_DATE_TIME_NOT_EXPOSED_IN_ANNUAL_INDEX
90eff30f1be06eaaad9d,Michelle W. Bowman,2024-02-27,UNKNOWN,UNKNOWN,UNKNOWN,UNKNOWN,UNKNOWN,,Reflections on the Economy and Bank Regulation,,SPEECH,Board of Governors of the Federal Reserve System,FEDERAL_RESERVE_BOARD_ANNUAL_INDEX,https://www.federalreserve.gov/newsevents/speech/bowman20240227a.htm,,raw/speech_catalog/board_indexes/2024-speeches.htm,PUBLICATION_DATE_TIME_NOT_EXPOSED_IN_ANNUAL_INDEX
403967a6ab0e0df8e497,for Supervision Michael S. Barr,2024-02-27,UNKNOWN,UNKNOWN,UNKNOWN,UNKNOWN,UNKNOWN,,The Importance of Counterparty Credit Risk Management,,SPEECH,Board of Governors of the Federal Reserve System,FEDERAL_RESERVE_BOARD_ANNUAL_INDEX,https://www.federalreserve.gov/newsevents/speech/barr20240227a.htm,,raw/speech_catalog/board_indexes/2024-speeches.htm,PUBLICATION_DATE_TIME_NOT_EXPOSED_IN_ANNUAL_INDEX
f30dcc84572545e81898,Adriana D. Kugler,2024-03-01,UNKNOWN,UNKNOWN,UNKNOWN,UNKNOWN,UNKNOWN,,Disinflation without a Rise in Unemployment? What Is Different This Time Around,,SPEECH,Board of Governors of the Federal Reserve System,FEDERAL_RESERVE_BOARD_ANNUAL_INDEX,https://www.federalreserve.gov/newsevents/speech/kugler20240301a.htm,,raw/speech_catalog/board_indexes/2024-speeches.htm,PUBLICATION_DATE_TIME_NOT_EXPOSED_IN_ANNUAL_INDEX
e274e4701d8a561c1633,Christopher J. Waller,2024-03-01,UNKNOWN,UNKNOWN,UNKNOWN,UNKNOWN,UNKNOWN,,"Thoughts on Quantitative Tightening, Including Remarks on the Paper ""Quantitative Tightening around the Globe: What Have We Learned?""",,SPEECH,Board of Governors of the Federal Reserve System,FEDERAL_RESERVE_BOARD_ANNUAL_INDEX,https://www.federalreserve.gov/newsevents/speech/waller20240301a.htm,,raw/speech_catalog/board_indexes/2024-speeches.htm,PUBLICATION_DATE_TIME_NOT_EXPOSED_IN_ANNUAL_INDEX
cc4109a812a807fa459a,Michelle W. Bowman,2024-03-05,UNKNOWN,UNKNOWN,UNKNOWN,UNKNOWN,UNKNOWN,,"Tailoring, Fidelity to the Rule of Law, and Unintended Consequences",,SPEECH,Board of Governors of the Federal Reserve System,FEDERAL_RESERVE_BOARD_ANNUAL_INDEX,https://www.federalreserve.gov/newsevents/speech/bowman20240305a.htm,,raw/speech_catalog/board_indexes/2024-speeches.htm,PUBLICATION_DATE_TIME_NOT_EXPOSED_IN_ANNUAL_INDEX
b638d272b131a7d9c722,Michelle W. Bowman,2024-03-07,UNKNOWN,UNKNOWN,UNKNOWN,UNKNOWN,UNKNOWN,,Reflections on the Economy and Bank Regulation,,SPEECH,Board of Governors of the Federal Reserve System,FEDERAL_RESERVE_BOARD_ANNUAL_INDEX,https://www.federalreserve.gov/newsevents/speech/bowman20240307a.htm,,raw/speech_catalog/board_indexes/2024-speeches.htm,PUBLICATION_DATE_TIME_NOT_EXPOSED_IN_ANNUAL_INDEX
2ff5fa337f1402c78645,Lisa D. Cook,2024-03-25,UNKNOWN,UNKNOWN,UNKNOWN,UNKNOWN,UNKNOWN,,The Dual Mandate and the Balance of Risks,,SPEECH,Board of Governors of the Federal Reserve System,FEDERAL_RESERVE_BOARD_ANNUAL_INDEX,https://www.federalreserve.gov/newsevents/speech/cook20240325a.htm,,raw/speech_catalog/board_indexes/2024-speeches.htm,PUBLICATION_DATE_TIME_NOT_EXPOSED_IN_ANNUAL_INDEX
aaff77fec8c4c3d02aee,Christopher J. Waller,2024-03-27,UNKNOWN,UNKNOWN,UNKNOWN,UNKNOWN,UNKNOWN,,There’s Still No Rush,,SPEECH,Board of Governors of the Federal Reserve System,FEDERAL_RESERVE_BOARD_ANNUAL_INDEX,https://www.federalreserve.gov/newsevents/speech/waller20240327a.htm,,raw/speech_catalog/board_indexes/2024-speeches.htm,PUBLICATION_DATE_TIME_NOT_EXPOSED_IN_ANNUAL_INDEX
db0eba1ad9a1111d3065,Lisa D. Cook,2024-04-01,UNKNOWN,UNKNOWN,UNKNOWN,UNKNOWN,UNKNOWN,,"Hope, Promise, and Mentors",,SPEECH,Board of Governors of the Federal Reserve System,FEDERAL_RESERVE_BOARD_ANNUAL_INDEX,https://www.federalreserve.gov/newsevents/speech/cook20240401a.htm,,raw/speech_catalog/board_indexes/2024-speeches.htm,PUBLICATION_DATE_TIME_NOT_EXPOSED_IN_ANNUAL_INDEX
aca28e78b0a7c53ae580,Michelle W. Bowman,2024-04-02,UNKNOWN,UNKNOWN,UNKNOWN,UNKNOWN,UNKNOWN,,"Bank Mergers and Acquisitions, and De Novo Bank Formation: Implications for the Future of the Banking System",,SPEECH,Board of Governors of the Federal Reserve System,FEDERAL_RESERVE_BOARD_ANNUAL_INDEX,https://www.federalreserve.gov/newsevents/speech/bowman20240402a.htm,,raw/speech_catalog/board_indexes/2024-speeches.htm,PUBLICATION_DATE_TIME_NOT_EXPOSED_IN_ANNUAL_INDEX
3eaef01d70c9fc4863bd,Adriana D. Kugler,2024-04-03,UNKNOWN,UNKNOWN,UNKNOWN,UNKNOWN,UNKNOWN,,The Outlook for the U.S. Economy and Monetary Policy,,SPEECH,Board of Governors of the Federal Reserve System,FEDERAL_RESERVE_BOARD_ANNUAL_INDEX,https://www.federalreserve.gov/newsevents/speech/kugler20240403a.htm,,raw/speech_catalog/board_indexes/2024-speeches.htm,PUBLICATION_DATE_TIME_NOT_EXPOSED_IN_ANNUAL_INDEX
bbde24c22a7ded7b225f,Jerome H. Powell,2024-04-03,UNKNOWN,UNKNOWN,UNKNOWN,UNKNOWN,UNKNOWN,,Opening Remarks,,SPEECH,Board of Governors of the Federal Reserve System,FEDERAL_RESERVE_BOARD_ANNUAL_INDEX,https://www.federalreserve.gov/newsevents/speech/powell20240403a.htm,,raw/speech_catalog/board_indexes/2024-speeches.htm,PUBLICATION_DATE_TIME_NOT_EXPOSED_IN_ANNUAL_INDEX
12d4b9d61538eff0fe76,Michelle W. Bowman,2024-04-03,UNKNOWN,UNKNOWN,UNKNOWN,UNKNOWN,UNKNOWN,,"Bank Liquidity, Regulation, and the Fed's Role as Lender of Last Resort",,SPEECH,Board of Governors of the Federal Reserve System,FEDERAL_RESERVE_BOARD_ANNUAL_INDEX,https://www.federalreserve.gov/newsevents/speech/bowman20240403a.htm,,raw/speech_catalog/board_indexes/2024-speeches.htm,PUBLICATION_DATE_TIME_NOT_EXPOSED_IN_ANNUAL_INDEX
f04537e0191835827d38,Adriana D. Kugler,2024-04-04,UNKNOWN,UNKNOWN,UNKNOWN,UNKNOWN,UNKNOWN,,Enriching Data and Analysis in Economics with Real Life Experiences,,SPEECH,Board of Governors of the Federal Reserve System,FEDERAL_RESERVE_BOARD_ANNUAL_INDEX,https://www.federalreserve.gov/newsevents/speech/kugler20240404a.htm,,raw/speech_catalog/board_indexes/2024-speeches.htm,PUBLICATION_DATE_TIME_NOT_EXPOSED_IN_ANNUAL_INDEX
fd8557b41f42b2480b1c,Michelle W. Bowman,2024-04-05,UNKNOWN,UNKNOWN,UNKNOWN,UNKNOWN,UNKNOWN,,Risks and Uncertainty in Monetary Policy: Current and Past Considerations,,SPEECH,Board of Governors of the Federal Reserve System,FEDERAL_RESERVE_BOARD_ANNUAL_INDEX,https://www.federalreserve.gov/newsevents/speech/bowman20240405a.htm,,raw/speech_catalog/board_indexes/2024-speeches.htm,PUBLICATION_DATE_TIME_NOT_EXPOSED_IN_ANNUAL_INDEX
1bc0cc4bc2ba0dc0b5f4,Philip N. Jefferson,2024-04-16,UNKNOWN,UNKNOWN,UNKNOWN,UNKNOWN,UNKNOWN,,Economic Uncertainty and the Evolution of Monetary Policymaking,,SPEECH,Board of Governors of the Federal Reserve System,FEDERAL_RESERVE_BOARD_ANNUAL_INDEX,https://www.federalreserve.gov/newsevents/speech/jefferson20240416a.htm,,raw/speech_catalog/board_indexes/2024-speeches.htm,PUBLICATION_DATE_TIME_NOT_EXPOSED_IN_ANNUAL_INDEX
2479106e41213fb7202a,Michelle W. Bowman,2024-04-18,UNKNOWN,UNKNOWN,UNKNOWN,UNKNOWN,UNKNOWN,,Opening Remarks,,SPEECH,Board of Governors of the Federal Reserve System,FEDERAL_RESERVE_BOARD_ANNUAL_INDEX,https://www.federalreserve.gov/newsevents/speech/bowman20240418a.htm,,raw/speech_catalog/board_indexes/2024-speeches.htm,PUBLICATION_DATE_TIME_NOT_EXPOSED_IN_ANNUAL_INDEX
fed4d61d6ae40e5614b2,Michelle W. Bowman,2024-05-03,UNKNOWN,UNKNOWN,UNKNOWN,UNKNOWN,UNKNOWN,,Brief Remarks on the Economy and Monetary Policy,,SPEECH,Board of Governors of the Federal Reserve System,FEDERAL_RESERVE_BOARD_ANNUAL_INDEX,https://www.federalreserve.gov/newsevents/speech/bowman20240503a.htm,,raw/speech_catalog/board_indexes/2024-speeches.htm,PUBLICATION_DATE_TIME_NOT_EXPOSED_IN_ANNUAL_INDEX
8387e78bf0eb68d3c9e1,Lisa D. Cook,2024-05-04,UNKNOWN,UNKNOWN,UNKNOWN,UNKNOWN,UNKNOWN,,"""Oh, the Places You’ll Go and the Things You’ll Do""",,SPEECH,Board of Governors of the Federal Reserve System,FEDERAL_RESERVE_BOARD_ANNUAL_INDEX,https://www.federalreserve.gov/newsevents/speech/cook20240504a.htm,,raw/speech_catalog/board_indexes/2024-speeches.htm,PUBLICATION_DATE_TIME_NOT_EXPOSED_IN_ANNUAL_INDEX
c8c2b31f93067ef21941,Lisa D. Cook,2024-05-08,UNKNOWN,UNKNOWN,UNKNOWN,UNKNOWN,UNKNOWN,,Current Assessment of Financial Stability,,SPEECH,Board of Governors of the Federal Reserve System,FEDERAL_RESERVE_BOARD_ANNUAL_INDEX,https://www.federalreserve.gov/newsevents/speech/cook20240508a.htm,,raw/speech_catalog/board_indexes/2024-speeches.htm,PUBLICATION_DATE_TIME_NOT_EXPOSED_IN_ANNUAL_INDEX
05d7f017cb28bc6b23fe,Michelle W. Bowman,2024-05-10,UNKNOWN,UNKNOWN,UNKNOWN,UNKNOWN,UNKNOWN,,Financial Stability Risks: Resiliency and the Role of Regulators,,SPEECH,Board of Governors of the Federal Reserve System,FEDERAL_RESERVE_BOARD_ANNUAL_INDEX,https://www.federalreserve.gov/newsevents/speech/bowman20240510a.htm,,raw/speech_catalog/board_indexes/2024-speeches.htm,PUBLICATION_DATE_TIME_NOT_EXPOSED_IN_ANNUAL_INDEX
f822f442871774fbb292,for Supervision Michael S. Barr,2024-05-10,UNKNOWN,UNKNOWN,UNKNOWN,UNKNOWN,UNKNOWN,,Commencement Remarks,,SPEECH,Board of Governors of the Federal Reserve System,FEDERAL_RESERVE_BOARD_ANNUAL_INDEX,https://www.federalreserve.gov/newsevents/speech/barr20240510a.htm,,raw/speech_catalog/board_indexes/2024-speeches.htm,PUBLICATION_DATE_TIME_NOT_EXPOSED_IN_ANNUAL_INDEX
7dc772ddebaacd47b60b,Philip N. Jefferson,2024-05-13,UNKNOWN,UNKNOWN,UNKNOWN,UNKNOWN,UNKNOWN,,Communicating about Monetary Policy,,SPEECH,Board of Governors of the Federal Reserve System,FEDERAL_RESERVE_BOARD_ANNUAL_INDEX,https://www.federalreserve.gov/newsevents/speech/jefferson20240513a.htm,,raw/speech_catalog/board_indexes/2024-speeches.htm,PUBLICATION_DATE_TIME_NOT_EXPOSED_IN_ANNUAL_INDEX
015b203aa624560f651a,Lisa D. Cook,2024-05-14,UNKNOWN,UNKNOWN,UNKNOWN,UNKNOWN,UNKNOWN,,Growth and Change at Community Development Financial Institutions,,SPEECH,Board of Governors of the Federal Reserve System,FEDERAL_RESERVE_BOARD_ANNUAL_INDEX,https://www.federalreserve.gov/newsevents/speech/cook20240514a.htm,,raw/speech_catalog/board_indexes/2024-speeches.htm,PUBLICATION_DATE_TIME_NOT_EXPOSED_IN_ANNUAL_INDEX
bc69829bd72ed89ba44d,Michelle W. Bowman,2024-05-15,UNKNOWN,UNKNOWN,UNKNOWN,UNKNOWN,UNKNOWN,,Innovation and the Evolving Financial Landscape,,SPEECH,Board of Governors of the Federal Reserve System,FEDERAL_RESERVE_BOARD_ANNUAL_INDEX,https://www.federalreserve.gov/newsevents/speech/bowman20240515a.htm,,raw/speech_catalog/board_indexes/2024-speeches.htm,PUBLICATION_DATE_TIME_NOT_EXPOSED_IN_ANNUAL_INDEX
23bf22f31afb49cbc66c,Christopher J. Waller,2024-05-17,UNKNOWN,UNKNOWN,UNKNOWN,UNKNOWN,UNKNOWN,,"Payments Innovation, Technical Standards, and the Federal Reserve's Roles",,SPEECH,Board of Governors of the Federal Reserve System,FEDERAL_RESERVE_BOARD_ANNUAL_INDEX,https://www.federalreserve.gov/newsevents/speech/waller20240517a.htm,,raw/speech_catalog/board_indexes/2024-speeches.htm,PUBLICATION_DATE_TIME_NOT_EXPOSED_IN_ANNUAL_INDEX
ad917b42a311ad7a7546,Michelle W. Bowman,2024-05-17,UNKNOWN,UNKNOWN,UNKNOWN,UNKNOWN,UNKNOWN,,"Brief Remarks on the Economy, Monetary Policy, and Bank Regulation",,SPEECH,Board of Governors of the Federal Reserve System,FEDERAL_RESERVE_BOARD_ANNUAL_INDEX,https://www.federalreserve.gov/newsevents/speech/bowman20240517a.htm,,raw/speech_catalog/board_indexes/2024-speeches.htm,PUBLICATION_DATE_TIME_NOT_EXPOSED_IN_ANNUAL_INDEX
def353e4d6323fa5f5b0,Adriana D. Kugler,2024-05-18,UNKNOWN,UNKNOWN,UNKNOWN,UNKNOWN,UNKNOWN,,"On the Road Ahead, Cherish the Detours",,SPEECH,Board of Governors of the Federal Reserve System,FEDERAL_RESERVE_BOARD_ANNUAL_INDEX,https://www.federalreserve.gov/newsevents/speech/kugler20240518a.htm,,raw/speech_catalog/board_indexes/2024-speeches.htm,PUBLICATION_DATE_TIME_NOT_EXPOSED_IN_ANNUAL_INDEX
b9a8764d3a4e6a0b569d,Jerome H. Powell,2024-05-19,UNKNOWN,UNKNOWN,UNKNOWN,UNKNOWN,UNKNOWN,,Georgetown University Law Center Commencement Address,,SPEECH,Board of Governors of the Federal Reserve System,FEDERAL_RESERVE_BOARD_ANNUAL_INDEX,https://www.federalreserve.gov/newsevents/speech/powell20240519a.htm,,raw/speech_catalog/board_indexes/2024-speeches.htm,PUBLICATION_DATE_TIME_NOT_EXPOSED_IN_ANNUAL_INDEX
5d78a7be552070471588,Christopher J. Waller,2024-05-20,UNKNOWN,UNKNOWN,UNKNOWN,UNKNOWN,UNKNOWN,,Welcoming Remarks on the International Role of the U.S. Dollar,,SPEECH,Board of Governors of the Federal Reserve System,FEDERAL_RESERVE_BOARD_ANNUAL_INDEX,https://www.federalreserve.gov/newsevents/speech/waller20240520a.htm,,raw/speech_catalog/board_indexes/2024-speeches.htm,PUBLICATION_DATE_TIME_NOT_EXPOSED_IN_ANNUAL_INDEX
d8fd6c5a39b1fb783f4c,Philip N. Jefferson,2024-05-20,UNKNOWN,UNKNOWN,UNKNOWN,UNKNOWN,UNKNOWN,,U.S. Economic Outlook and Housing Price Dynamics,,SPEECH,Board of Governors of the Federal Reserve System,FEDERAL_RESERVE_BOARD_ANNUAL_INDEX,https://www.federalreserve.gov/newsevents/speech/jefferson20240520a.htm,,raw/speech_catalog/board_indexes/2024-speeches.htm,PUBLICATION_DATE_TIME_NOT_EXPOSED_IN_ANNUAL_INDEX
6179f0189951ac393cbc,for Supervision Michael S. Barr,2024-05-20,UNKNOWN,UNKNOWN,UNKNOWN,UNKNOWN,UNKNOWN,,On Building a Resilient Regulatory Framework,,SPEECH,Board of Governors of the Federal Reserve System,FEDERAL_RESERVE_BOARD_ANNUAL_INDEX,https://www.federalreserve.gov/newsevents/speech/barr20240520a.htm,,raw/speech_catalog/board_indexes/2024-speeches.htm,PUBLICATION_DATE_TIME_NOT_EXPOSED_IN_ANNUAL_INDEX
db41f5bb37b6672df80b,Christopher J. Waller,2024-05-21,UNKNOWN,UNKNOWN,UNKNOWN,UNKNOWN,UNKNOWN,,"Little by Little, Progress Seems to be Resuming.",,SPEECH,Board of Governors of the Federal Reserve System,FEDERAL_RESERVE_BOARD_ANNUAL_INDEX,https://www.federalreserve.gov/newsevents/speech/waller20240521a.htm,,raw/speech_catalog/board_indexes/2024-speeches.htm,PUBLICATION_DATE_TIME_NOT_EXPOSED_IN_ANNUAL_INDEX
a8326bea45d7f76a12fc,Christopher J. Waller,2024-05-24,UNKNOWN,UNKNOWN,UNKNOWN,UNKNOWN,UNKNOWN,,Some Thoughts on r*: Why Did It Fall and Will It Rise?,,SPEECH,Board of Governors of the Federal Reserve System,FEDERAL_RESERVE_BOARD_ANNUAL_INDEX,https://www.federalreserve.gov/newsevents/speech/waller20240524a.htm,,raw/speech_catalog/board_indexes/2024-speeches.htm,PUBLICATION_DATE_TIME_NOT_EXPOSED_IN_ANNUAL_INDEX
c9b6a8e683cf3e98c54a,Michelle W. Bowman,2024-05-28,UNKNOWN,UNKNOWN,UNKNOWN,UNKNOWN,UNKNOWN,,The Federal Reserve's Balance Sheet as a Monetary Policy Tool: Past Lessons and Future Considerations,,SPEECH,Board of Governors of the Federal Reserve System,FEDERAL_RESERVE_BOARD_ANNUAL_INDEX,https://www.federalreserve.gov/newsevents/speech/bowman20240528a.htm,,raw/speech_catalog/board_indexes/2024-speeches.htm,PUBLICATION_DATE_TIME_NOT_EXPOSED_IN_ANNUAL_INDEX
1ef1db93556aec70592b,Lisa D. Cook,2024-06-07,UNKNOWN,UNKNOWN,UNKNOWN,UNKNOWN,UNKNOWN,,A New Class of Trailblazers,,SPEECH,Board of Governors of the Federal Reserve System,FEDERAL_RESERVE_BOARD_ANNUAL_INDEX,https://www.federalreserve.gov/newsevents/speech/cook20240607a.htm,,raw/speech_catalog/board_indexes/2024-speeches.htm,PUBLICATION_DATE_TIME_NOT_EXPOSED_IN_ANNUAL_INDEX
f35c114bcae2af6f7a9d,Lisa D. Cook,2024-06-14,UNKNOWN,UNKNOWN,UNKNOWN,UNKNOWN,UNKNOWN,,Lessons from the American Economic Association Summer Program,,SPEECH,Board of Governors of the Federal Reserve System,FEDERAL_RESERVE_BOARD_ANNUAL_INDEX,https://www.federalreserve.gov/newsevents/speech/cook20240614a.htm,,raw/speech_catalog/board_indexes/2024-speeches.htm,PUBLICATION_DATE_TIME_NOT_EXPOSED_IN_ANNUAL_INDEX
88e67e76fdf6a4c42328,Lisa D. Cook,2024-06-17,UNKNOWN,UNKNOWN,UNKNOWN,UNKNOWN,UNKNOWN,,A Transformative Experience,,SPEECH,Board of Governors of the Federal Reserve System,FEDERAL_RESERVE_BOARD_ANNUAL_INDEX,https://www.federalreserve.gov/newsevents/speech/cook20240617a.htm,,raw/speech_catalog/board_indexes/2024-speeches.htm,PUBLICATION_DATE_TIME_NOT_EXPOSED_IN_ANNUAL_INDEX
02104ba7073853f82712,Michelle W. Bowman,2024-06-17,UNKNOWN,UNKNOWN,UNKNOWN,UNKNOWN,UNKNOWN,,Innovation in the Financial System,,SPEECH,Board of Governors of the Federal Reserve System,FEDERAL_RESERVE_BOARD_ANNUAL_INDEX,https://www.federalreserve.gov/newsevents/speech/bowman20240617a.htm,,raw/speech_catalog/board_indexes/2024-speeches.htm,PUBLICATION_DATE_TIME_NOT_EXPOSED_IN_ANNUAL_INDEX
0726cb05d299fe13e647,Adriana D. Kugler,2024-06-18,UNKNOWN,UNKNOWN,UNKNOWN,UNKNOWN,UNKNOWN,,Some Reasons for Optimism about Inflation,,SPEECH,Board of Governors of the Federal Reserve System,FEDERAL_RESERVE_BOARD_ANNUAL_INDEX,https://www.federalreserve.gov/newsevents/speech/kugler20240618a.htm,,raw/speech_catalog/board_indexes/2024-speeches.htm,PUBLICATION_DATE_TIME_NOT_EXPOSED_IN_ANNUAL_INDEX
184c65f3c69cb9703da8,Christopher J. Waller,2024-06-24,UNKNOWN,UNKNOWN,UNKNOWN,UNKNOWN,UNKNOWN,,Welcoming Remarks,,SPEECH,Board of Governors of the Federal Reserve System,FEDERAL_RESERVE_BOARD_ANNUAL_INDEX,https://www.federalreserve.gov/newsevents/speech/waller20240624a.htm,,raw/speech_catalog/board_indexes/2024-speeches.htm,PUBLICATION_DATE_TIME_NOT_EXPOSED_IN_ANNUAL_INDEX
0c0ca92926ce94240360,Lisa D. Cook,2024-06-25,UNKNOWN,UNKNOWN,UNKNOWN,UNKNOWN,UNKNOWN,,Moving Toward Better Balance and Implications for Monetary Policy,,SPEECH,Board of Governors of the Federal Reserve System,FEDERAL_RESERVE_BOARD_ANNUAL_INDEX,https://www.federalreserve.gov/newsevents/speech/cook20240625a.htm,,raw/speech_catalog/board_indexes/2024-speeches.htm,PUBLICATION_DATE_TIME_NOT_EXPOSED_IN_ANNUAL_INDEX
67fdc0110aad42ee0d26,Michelle W. Bowman,2024-06-25,UNKNOWN,UNKNOWN,UNKNOWN,UNKNOWN,UNKNOWN,,Perspectives on U.S. Monetary Policy and Bank Capital Reform,,SPEECH,Board of Governors of the Federal Reserve System,FEDERAL_RESERVE_BOARD_ANNUAL_INDEX,https://www.federalreserve.gov/newsevents/speech/bowman20240625a.htm,,raw/speech_catalog/board_indexes/2024-speeches.htm,PUBLICATION_DATE_TIME_NOT_EXPOSED_IN_ANNUAL_INDEX
493a60bd108eddf64758,Michelle W. Bowman,2024-06-25,UNKNOWN,UNKNOWN,UNKNOWN,UNKNOWN,UNKNOWN,,Video,,SPEECH,Board of Governors of the Federal Reserve System,FEDERAL_RESERVE_BOARD_ANNUAL_INDEX,https://www.federalreserve.gov/newsevents/speech/bowman20240625b.htm,,raw/speech_catalog/board_indexes/2024-speeches.htm,PUBLICATION_DATE_TIME_NOT_EXPOSED_IN_ANNUAL_INDEX
c7d209b2cd25e88fd7b2,Michelle W. Bowman,2024-06-26,UNKNOWN,UNKNOWN,UNKNOWN,UNKNOWN,UNKNOWN,,The Consequences of Bank Capital Reform,,SPEECH,Board of Governors of the Federal Reserve System,FEDERAL_RESERVE_BOARD_ANNUAL_INDEX,https://www.federalreserve.gov/newsevents/speech/bowman20240626a.htm,,raw/speech_catalog/board_indexes/2024-speeches.htm,PUBLICATION_DATE_TIME_NOT_EXPOSED_IN_ANNUAL_INDEX
7231820e81497abd7fb8,Michelle W. Bowman,2024-06-27,UNKNOWN,UNKNOWN,UNKNOWN,UNKNOWN,UNKNOWN,,"Brief Remarks on the Economy, Monetary Policy, and Bank Regulation",,SPEECH,Board of Governors of the Federal Reserve System,FEDERAL_RESERVE_BOARD_ANNUAL_INDEX,https://www.federalreserve.gov/newsevents/speech/bowman20240627a.htm,,raw/speech_catalog/board_indexes/2024-speeches.htm,PUBLICATION_DATE_TIME_NOT_EXPOSED_IN_ANNUAL_INDEX
54a6c706aa7f54a0e471,Michelle W. Bowman,2024-07-09,UNKNOWN,UNKNOWN,UNKNOWN,UNKNOWN,UNKNOWN,,Promoting an Inclusive Financial System,,SPEECH,Board of Governors of the Federal Reserve System,FEDERAL_RESERVE_BOARD_ANNUAL_INDEX,https://www.federalreserve.gov/newsevents/speech/bowman20240709a.htm,,raw/speech_catalog/board_indexes/2024-speeches.htm,PUBLICATION_DATE_TIME_NOT_EXPOSED_IN_ANNUAL_INDEX
7de4a48eaa78f5ac2eec,for Supervision Michael S. Barr,2024-07-09,UNKNOWN,UNKNOWN,UNKNOWN,UNKNOWN,UNKNOWN,,"Financial Inclusion: Past, Present, and Hopes for the Future",,SPEECH,Board of Governors of the Federal Reserve System,FEDERAL_RESERVE_BOARD_ANNUAL_INDEX,https://www.federalreserve.gov/newsevents/speech/barr20240709a.htm,,raw/speech_catalog/board_indexes/2024-speeches.htm,PUBLICATION_DATE_TIME_NOT_EXPOSED_IN_ANNUAL_INDEX
938e697754f8aac27f56,Lisa D. Cook,2024-07-10,UNKNOWN,UNKNOWN,UNKNOWN,UNKNOWN,UNKNOWN,,Common Inflation and Monetary Policy Challenges across Countries,,SPEECH,Board of Governors of the Federal Reserve System,FEDERAL_RESERVE_BOARD_ANNUAL_INDEX,https://www.federalreserve.gov/newsevents/speech/cook20240710a.htm,,raw/speech_catalog/board_indexes/2024-speeches.htm,PUBLICATION_DATE_TIME_NOT_EXPOSED_IN_ANNUAL_INDEX
f1129bfadea572c3b5ed,Michelle W. Bowman,2024-07-10,UNKNOWN,UNKNOWN,UNKNOWN,UNKNOWN,UNKNOWN,,Opening Remarks,,SPEECH,Board of Governors of the Federal Reserve System,FEDERAL_RESERVE_BOARD_ANNUAL_INDEX,https://www.federalreserve.gov/newsevents/speech/bowman20240710a.htm,,raw/speech_catalog/board_indexes/2024-speeches.htm,PUBLICATION_DATE_TIME_NOT_EXPOSED_IN_ANNUAL_INDEX
0cf18be1e6a540e2ad81,Adriana D. Kugler,2024-07-16,UNKNOWN,UNKNOWN,UNKNOWN,UNKNOWN,UNKNOWN,,The Challenges Facing Economic Measurement and Creative Solutions,,SPEECH,Board of Governors of the Federal Reserve System,FEDERAL_RESERVE_BOARD_ANNUAL_INDEX,https://www.federalreserve.gov/newsevents/speech/kugler20240716a.htm,,raw/speech_catalog/board_indexes/2024-speeches.htm,PUBLICATION_DATE_TIME_NOT_EXPOSED_IN_ANNUAL_INDEX
c5a09495045ff06cf7b9,Christopher J. Waller,2024-07-17,UNKNOWN,UNKNOWN,UNKNOWN,UNKNOWN,UNKNOWN,,Getting Closer,,SPEECH,Board of Governors of the Federal Reserve System,FEDERAL_RESERVE_BOARD_ANNUAL_INDEX,https://www.federalreserve.gov/newsevents/speech/waller20240717a.htm,,raw/speech_catalog/board_indexes/2024-speeches.htm,PUBLICATION_DATE_TIME_NOT_EXPOSED_IN_ANNUAL_INDEX
ecbddc090a5dc4cee975,Michelle W. Bowman,2024-07-18,UNKNOWN,UNKNOWN,UNKNOWN,UNKNOWN,UNKNOWN,,"Liquidity, Supervision, and Regulatory Reform",,SPEECH,Board of Governors of the Federal Reserve System,FEDERAL_RESERVE_BOARD_ANNUAL_INDEX,https://www.federalreserve.gov/newsevents/speech/bowman20240718a.htm,,raw/speech_catalog/board_indexes/2024-speeches.htm,PUBLICATION_DATE_TIME_NOT_EXPOSED_IN_ANNUAL_INDEX
aafe0f435da2f66f19d6,Michelle W. Bowman,2024-07-24,UNKNOWN,UNKNOWN,UNKNOWN,UNKNOWN,UNKNOWN,,Video,,SPEECH,Board of Governors of the Federal Reserve System,FEDERAL_RESERVE_BOARD_ANNUAL_INDEX,https://www.federalreserve.gov/newsevents/speech/bowman20240724a.htm,,raw/speech_catalog/board_indexes/2024-speeches.htm,PUBLICATION_DATE_TIME_NOT_EXPOSED_IN_ANNUAL_INDEX
13dbfe67eb65e725c6bf,Michelle W. Bowman,2024-08-10,UNKNOWN,UNKNOWN,UNKNOWN,UNKNOWN,UNKNOWN,,"Update on the Economic Outlook, and Perspective on Bank Culture, M&A, and Liquidity",,SPEECH,Board of Governors of the Federal Reserve System,FEDERAL_RESERVE_BOARD_ANNUAL_INDEX,https://www.federalreserve.gov/newsevents/speech/bowman20240810a.htm,,raw/speech_catalog/board_indexes/2024-speeches.htm,PUBLICATION_DATE_TIME_NOT_EXPOSED_IN_ANNUAL_INDEX
2d91dd24ff3026fe2257,Christopher J. Waller,2024-08-19,UNKNOWN,UNKNOWN,UNKNOWN,UNKNOWN,UNKNOWN,,Opening Remarks,,SPEECH,Board of Governors of the Federal Reserve System,FEDERAL_RESERVE_BOARD_ANNUAL_INDEX,https://www.federalreserve.gov/newsevents/speech/waller20240819a.htm,,raw/speech_catalog/board_indexes/2024-speeches.htm,PUBLICATION_DATE_TIME_NOT_EXPOSED_IN_ANNUAL_INDEX
1d25bd3d01231c0fd6b4,Michelle W. Bowman,2024-08-20,UNKNOWN,UNKNOWN,UNKNOWN,UNKNOWN,UNKNOWN,,Remarks on the Economic Outlook and Financial Inclusion,,SPEECH,Board of Governors of the Federal Reserve System,FEDERAL_RESERVE_BOARD_ANNUAL_INDEX,https://www.federalreserve.gov/newsevents/speech/bowman20240820a.htm,,raw/speech_catalog/board_indexes/2024-speeches.htm,PUBLICATION_DATE_TIME_NOT_EXPOSED_IN_ANNUAL_INDEX
556f259af2fd2469f908,Jerome H. Powell,2024-08-23,UNKNOWN,UNKNOWN,UNKNOWN,UNKNOWN,UNKNOWN,,Review and Outlook,,SPEECH,Board of Governors of the Federal Reserve System,FEDERAL_RESERVE_BOARD_ANNUAL_INDEX,https://www.federalreserve.gov/newsevents/speech/powell20240823a.htm,,raw/speech_catalog/board_indexes/2024-speeches.htm,PUBLICATION_DATE_TIME_NOT_EXPOSED_IN_ANNUAL_INDEX
9a5e11e11012627110c1,Christopher J. Waller,2024-08-28,UNKNOWN,UNKNOWN,UNKNOWN,UNKNOWN,UNKNOWN,,Interlinking Fast Payment Systems,,SPEECH,Board of Governors of the Federal Reserve System,FEDERAL_RESERVE_BOARD_ANNUAL_INDEX,https://www.federalreserve.gov/newsevents/speech/waller20240828a.htm,,raw/speech_catalog/board_indexes/2024-speeches.htm,PUBLICATION_DATE_TIME_NOT_EXPOSED_IN_ANNUAL_INDEX
b501ba625ff6d8d4517b,Christopher J. Waller,2024-09-06,UNKNOWN,UNKNOWN,UNKNOWN,UNKNOWN,UNKNOWN,,The Time Has Come,,SPEECH,Board of Governors of the Federal Reserve System,FEDERAL_RESERVE_BOARD_ANNUAL_INDEX,https://www.federalreserve.gov/newsevents/speech/waller20240906a.htm,,raw/speech_catalog/board_indexes/2024-speeches.htm,PUBLICATION_DATE_TIME_NOT_EXPOSED_IN_ANNUAL_INDEX
778ce7f4f1f4828ff5fd,Michelle W. Bowman,2024-09-10,UNKNOWN,UNKNOWN,UNKNOWN,UNKNOWN,UNKNOWN,,The Future of Stress Testing and the Stress Capital Buffer Framework,,SPEECH,Board of Governors of the Federal Reserve System,FEDERAL_RESERVE_BOARD_ANNUAL_INDEX,https://www.federalreserve.gov/newsevents/speech/bowman20240910a.htm,,raw/speech_catalog/board_indexes/2024-speeches.htm,PUBLICATION_DATE_TIME_NOT_EXPOSED_IN_ANNUAL_INDEX
931e5b52662f5846192a,for Supervision Michael S. Barr,2024-09-10,UNKNOWN,UNKNOWN,UNKNOWN,UNKNOWN,UNKNOWN,,The Next Steps on Capital,,SPEECH,Board of Governors of the Federal Reserve System,FEDERAL_RESERVE_BOARD_ANNUAL_INDEX,https://www.federalreserve.gov/newsevents/speech/barr20240910a.htm,,raw/speech_catalog/board_indexes/2024-speeches.htm,PUBLICATION_DATE_TIME_NOT_EXPOSED_IN_ANNUAL_INDEX
dfba212b458fc6f4590c,Michelle W. Bowman,2024-09-20,UNKNOWN,UNKNOWN,UNKNOWN,UNKNOWN,UNKNOWN,,Statement by Governor Michelle W. Bowman,,SPEECH,Board of Governors of the Federal Reserve System,FEDERAL_RESERVE_BOARD_ANNUAL_INDEX,https://www.federalreserve.gov/newsevents/speech/bowman20240920a.htm,,raw/speech_catalog/board_indexes/2024-speeches.htm,PUBLICATION_DATE_TIME_NOT_EXPOSED_IN_ANNUAL_INDEX
e8a1261e36cdfbde94db,Michelle W. Bowman,2024-09-24,UNKNOWN,UNKNOWN,UNKNOWN,UNKNOWN,UNKNOWN,,Recent Views on Monetary Policy and the Economic Outlook,,SPEECH,Board of Governors of the Federal Reserve System,FEDERAL_RESERVE_BOARD_ANNUAL_INDEX,https://www.federalreserve.gov/newsevents/speech/bowman20240924a.htm,,raw/speech_catalog/board_indexes/2024-speeches.htm,PUBLICATION_DATE_TIME_NOT_EXPOSED_IN_ANNUAL_INDEX
963515d655c19208909f,Adriana D. Kugler,2024-09-25,UNKNOWN,UNKNOWN,UNKNOWN,UNKNOWN,UNKNOWN,,How We Got Here: A Perspective on Inflation and the Labor Market,,SPEECH,Board of Governors of the Federal Reserve System,FEDERAL_RESERVE_BOARD_ANNUAL_INDEX,https://www.federalreserve.gov/newsevents/speech/kugler20240925a.htm,,raw/speech_catalog/board_indexes/2024-speeches.htm,PUBLICATION_DATE_TIME_NOT_EXPOSED_IN_ANNUAL_INDEX
7cb68bc29749a2085b81,Jerome H. Powell,2024-09-26,UNKNOWN,UNKNOWN,UNKNOWN,UNKNOWN,UNKNOWN,,Video,,SPEECH,Board of Governors of the Federal Reserve System,FEDERAL_RESERVE_BOARD_ANNUAL_INDEX,https://www.federalreserve.gov/newsevents/speech/powell20240926a.htm,,raw/speech_catalog/board_indexes/2024-speeches.htm,PUBLICATION_DATE_TIME_NOT_EXPOSED_IN_ANNUAL_INDEX
65a7056639130cc76f8a,Lisa D. Cook,2024-09-26,UNKNOWN,UNKNOWN,UNKNOWN,UNKNOWN,UNKNOWN,,What Will Artificial Intelligence Mean for America’s Workers?,,SPEECH,Board of Governors of the Federal Reserve System,FEDERAL_RESERVE_BOARD_ANNUAL_INDEX,https://www.federalreserve.gov/newsevents/speech/cook20240926a.htm,,raw/speech_catalog/board_indexes/2024-speeches.htm,PUBLICATION_DATE_TIME_NOT_EXPOSED_IN_ANNUAL_INDEX
d90e56afe38e65ec581a,Michelle W. Bowman,2024-09-26,UNKNOWN,UNKNOWN,UNKNOWN,UNKNOWN,UNKNOWN,,Recent Views on Monetary Policy and the Economic Outlook,,SPEECH,Board of Governors of the Federal Reserve System,FEDERAL_RESERVE_BOARD_ANNUAL_INDEX,https://www.federalreserve.gov/newsevents/speech/bowman20240926a.htm,,raw/speech_catalog/board_indexes/2024-speeches.htm,PUBLICATION_DATE_TIME_NOT_EXPOSED_IN_ANNUAL_INDEX
d2e61b76cc39c65c30c2,for Supervision Michael S. Barr,2024-09-26,UNKNOWN,UNKNOWN,UNKNOWN,UNKNOWN,UNKNOWN,,Supporting Market Resilience and Financial Stability,,SPEECH,Board of Governors of the Federal Reserve System,FEDERAL_RESERVE_BOARD_ANNUAL_INDEX,https://www.federalreserve.gov/newsevents/speech/barr20240926a.htm,,raw/speech_catalog/board_indexes/2024-speeches.htm,PUBLICATION_DATE_TIME_NOT_EXPOSED_IN_ANNUAL_INDEX
b9d60c1563b0000ac1fb,Jerome H. Powell,2024-09-30,UNKNOWN,UNKNOWN,UNKNOWN,UNKNOWN,UNKNOWN,,Economic Outlook,,SPEECH,Board of Governors of the Federal Reserve System,FEDERAL_RESERVE_BOARD_ANNUAL_INDEX,https://www.federalreserve.gov/newsevents/speech/powell20240930a.htm,,raw/speech_catalog/board_indexes/2024-speeches.htm,PUBLICATION_DATE_TIME_NOT_EXPOSED_IN_ANNUAL_INDEX
187cdaaeafd7b9c2728a,Michelle W. Bowman,2024-09-30,UNKNOWN,UNKNOWN,UNKNOWN,UNKNOWN,UNKNOWN,,Recent Views on Monetary Policy and the Economic Outlook,,SPEECH,Board of Governors of the Federal Reserve System,FEDERAL_RESERVE_BOARD_ANNUAL_INDEX,https://www.federalreserve.gov/newsevents/speech/bowman20240930a.htm,,raw/speech_catalog/board_indexes/2024-speeches.htm,PUBLICATION_DATE_TIME_NOT_EXPOSED_IN_ANNUAL_INDEX
ef6b8ad0eac4932404e5,Lisa D. Cook,2024-10-01,UNKNOWN,UNKNOWN,UNKNOWN,UNKNOWN,UNKNOWN,,"Artificial Intelligence, Big Data, and the Path Ahead for Productivity",,SPEECH,Board of Governors of the Federal Reserve System,FEDERAL_RESERVE_BOARD_ANNUAL_INDEX,https://www.federalreserve.gov/newsevents/speech/cook20241001a.htm,,raw/speech_catalog/board_indexes/2024-speeches.htm,PUBLICATION_DATE_TIME_NOT_EXPOSED_IN_ANNUAL_INDEX
3dcbdc1b8403e692a627,Michelle W. Bowman,2024-10-02,UNKNOWN,UNKNOWN,UNKNOWN,UNKNOWN,UNKNOWN,,Building a Community Banking Framework for the Future,,SPEECH,Board of Governors of the Federal Reserve System,FEDERAL_RESERVE_BOARD_ANNUAL_INDEX,https://www.federalreserve.gov/newsevents/speech/bowman20241002a.htm,,raw/speech_catalog/board_indexes/2024-speeches.htm,PUBLICATION_DATE_TIME_NOT_EXPOSED_IN_ANNUAL_INDEX
16459719c8604c6a73ee,Adriana D. Kugler,2024-10-08,UNKNOWN,UNKNOWN,UNKNOWN,UNKNOWN,UNKNOWN,,The Global Fight Against Inflation,,SPEECH,Board of Governors of the Federal Reserve System,FEDERAL_RESERVE_BOARD_ANNUAL_INDEX,https://www.federalreserve.gov/newsevents/speech/kugler20241008a.htm,,raw/speech_catalog/board_indexes/2024-speeches.htm,PUBLICATION_DATE_TIME_NOT_EXPOSED_IN_ANNUAL_INDEX
358e2f8a06422dcbecf0,Philip N. Jefferson,2024-10-08,UNKNOWN,UNKNOWN,UNKNOWN,UNKNOWN,UNKNOWN,,A History of the Fed's Discount Window: 1913–2000,,SPEECH,Board of Governors of the Federal Reserve System,FEDERAL_RESERVE_BOARD_ANNUAL_INDEX,https://www.federalreserve.gov/newsevents/speech/jefferson20241008a.htm,,raw/speech_catalog/board_indexes/2024-speeches.htm,PUBLICATION_DATE_TIME_NOT_EXPOSED_IN_ANNUAL_INDEX
543d73087d48e3a5d363,Philip N. Jefferson,2024-10-09,UNKNOWN,UNKNOWN,UNKNOWN,UNKNOWN,UNKNOWN,,The Fed's Discount Window: 1990 to the Present,,SPEECH,Board of Governors of the Federal Reserve System,FEDERAL_RESERVE_BOARD_ANNUAL_INDEX,https://www.federalreserve.gov/newsevents/speech/jefferson20241009a.htm,,raw/speech_catalog/board_indexes/2024-speeches.htm,PUBLICATION_DATE_TIME_NOT_EXPOSED_IN_ANNUAL_INDEX
4ef282f30368ceacfbf6,Lisa D. Cook,2024-10-10,UNKNOWN,UNKNOWN,UNKNOWN,UNKNOWN,UNKNOWN,,"Entrepreneurs, Innovation, and Participation",,SPEECH,Board of Governors of the Federal Reserve System,FEDERAL_RESERVE_BOARD_ANNUAL_INDEX,https://www.federalreserve.gov/newsevents/speech/cook20241010a.htm,,raw/speech_catalog/board_indexes/2024-speeches.htm,PUBLICATION_DATE_TIME_NOT_EXPOSED_IN_ANNUAL_INDEX
d9b77b6fad622e594e3d,Michelle W. Bowman,2024-10-11,UNKNOWN,UNKNOWN,UNKNOWN,UNKNOWN,UNKNOWN,,Challenges to the Community Banking Model,,SPEECH,Board of Governors of the Federal Reserve System,FEDERAL_RESERVE_BOARD_ANNUAL_INDEX,https://www.federalreserve.gov/newsevents/speech/bowman20241011a.htm,,raw/speech_catalog/board_indexes/2024-speeches.htm,PUBLICATION_DATE_TIME_NOT_EXPOSED_IN_ANNUAL_INDEX
f6f15763d2dde3a1a0e5,Christopher J. Waller,2024-10-14,UNKNOWN,UNKNOWN,UNKNOWN,UNKNOWN,UNKNOWN,,Thoughts on the Economy and Policy Rules at the Federal Open Market Committee,,SPEECH,Board of Governors of the Federal Reserve System,FEDERAL_RESERVE_BOARD_ANNUAL_INDEX,https://www.federalreserve.gov/newsevents/speech/waller20241014a.htm,,raw/speech_catalog/board_indexes/2024-speeches.htm,PUBLICATION_DATE_TIME_NOT_EXPOSED_IN_ANNUAL_INDEX
b4015774abded5806db7,Christopher J. Waller,2024-10-18,UNKNOWN,UNKNOWN,UNKNOWN,UNKNOWN,UNKNOWN,,Centralized and Decentralized Finance: Substitutes or Complements?,,SPEECH,Board of Governors of the Federal Reserve System,FEDERAL_RESERVE_BOARD_ANNUAL_INDEX,https://www.federalreserve.gov/newsevents/speech/waller20241018a.htm,,raw/speech_catalog/board_indexes/2024-speeches.htm,PUBLICATION_DATE_TIME_NOT_EXPOSED_IN_ANNUAL_INDEX
249942749722f67dbfaa,Michelle W. Bowman,2024-10-23,UNKNOWN,UNKNOWN,UNKNOWN,UNKNOWN,UNKNOWN,,Opening Remarks,,SPEECH,Board of Governors of the Federal Reserve System,FEDERAL_RESERVE_BOARD_ANNUAL_INDEX,https://www.federalreserve.gov/newsevents/speech/bowman20241023a.htm,,raw/speech_catalog/board_indexes/2024-speeches.htm,PUBLICATION_DATE_TIME_NOT_EXPOSED_IN_ANNUAL_INDEX
44dfcbb9369405161137,Christopher J. Waller,2024-11-12,UNKNOWN,UNKNOWN,UNKNOWN,UNKNOWN,UNKNOWN,,What Roles Should the Private Sector and the Federal Reserve Play in Payments?,,SPEECH,Board of Governors of the Federal Reserve System,FEDERAL_RESERVE_BOARD_ANNUAL_INDEX,https://www.federalreserve.gov/newsevents/speech/waller20241112a.htm,,raw/speech_catalog/board_indexes/2024-speeches.htm,PUBLICATION_DATE_TIME_NOT_EXPOSED_IN_ANNUAL_INDEX
08bd1dfbe9f9a0d6ffe3,Adriana D. Kugler,2024-11-14,UNKNOWN,UNKNOWN,UNKNOWN,UNKNOWN,UNKNOWN,,Central Bank Independence and the Conduct of Monetary Policy,,SPEECH,Board of Governors of the Federal Reserve System,FEDERAL_RESERVE_BOARD_ANNUAL_INDEX,https://www.federalreserve.gov/newsevents/speech/kugler20241114a.htm,,raw/speech_catalog/board_indexes/2024-speeches.htm,PUBLICATION_DATE_TIME_NOT_EXPOSED_IN_ANNUAL_INDEX
bb739b3e9ebfcc671efa,Jerome H. Powell,2024-11-14,UNKNOWN,UNKNOWN,UNKNOWN,UNKNOWN,UNKNOWN,,Economic Outlook,,SPEECH,Board of Governors of the Federal Reserve System,FEDERAL_RESERVE_BOARD_ANNUAL_INDEX,https://www.federalreserve.gov/newsevents/speech/powell20241114a.htm,,raw/speech_catalog/board_indexes/2024-speeches.htm,PUBLICATION_DATE_TIME_NOT_EXPOSED_IN_ANNUAL_INDEX
7d241dc28b9db0186ca5,Lisa D. Cook,2024-11-20,UNKNOWN,UNKNOWN,UNKNOWN,UNKNOWN,UNKNOWN,,Economic Outlook,,SPEECH,Board of Governors of the Federal Reserve System,FEDERAL_RESERVE_BOARD_ANNUAL_INDEX,https://www.federalreserve.gov/newsevents/speech/cook20241120a.htm,,raw/speech_catalog/board_indexes/2024-speeches.htm,PUBLICATION_DATE_TIME_NOT_EXPOSED_IN_ANNUAL_INDEX
3b6192b6b4b3094ce375,Michelle W. Bowman,2024-11-20,UNKNOWN,UNKNOWN,UNKNOWN,UNKNOWN,UNKNOWN,,Approaching Policymaking Pragmatically,,SPEECH,Board of Governors of the Federal Reserve System,FEDERAL_RESERVE_BOARD_ANNUAL_INDEX,https://www.federalreserve.gov/newsevents/speech/bowman20241120a.htm,,raw/speech_catalog/board_indexes/2024-speeches.htm,PUBLICATION_DATE_TIME_NOT_EXPOSED_IN_ANNUAL_INDEX
1789f8b97d53ae0227d5,Michelle W. Bowman,2024-11-22,UNKNOWN,UNKNOWN,UNKNOWN,UNKNOWN,UNKNOWN,,Artificial Intelligence in the Financial System,,SPEECH,Board of Governors of the Federal Reserve System,FEDERAL_RESERVE_BOARD_ANNUAL_INDEX,https://www.federalreserve.gov/newsevents/speech/bowman20241122a.htm,,raw/speech_catalog/board_indexes/2024-speeches.htm,PUBLICATION_DATE_TIME_NOT_EXPOSED_IN_ANNUAL_INDEX
a55f9ef2882a722c86c0,Christopher J. Waller,2024-12-02,UNKNOWN,UNKNOWN,UNKNOWN,UNKNOWN,UNKNOWN,,Cut or Skip?,,SPEECH,Board of Governors of the Federal Reserve System,FEDERAL_RESERVE_BOARD_ANNUAL_INDEX,https://www.federalreserve.gov/newsevents/speech/waller20241202a.htm,,raw/speech_catalog/board_indexes/2024-speeches.htm,PUBLICATION_DATE_TIME_NOT_EXPOSED_IN_ANNUAL_INDEX
f3397b98cc2b4ac3f8a5,Adriana D. Kugler,2024-12-03,UNKNOWN,UNKNOWN,UNKNOWN,UNKNOWN,UNKNOWN,,A Year in Review: A Tale of Two Supply Shocks,,SPEECH,Board of Governors of the Federal Reserve System,FEDERAL_RESERVE_BOARD_ANNUAL_INDEX,https://www.federalreserve.gov/newsevents/speech/kugler20241203a.htm,,raw/speech_catalog/board_indexes/2024-speeches.htm,PUBLICATION_DATE_TIME_NOT_EXPOSED_IN_ANNUAL_INDEX
b77f27aca7ee38b20707,Lisa D. Cook,2025-01-06,UNKNOWN,UNKNOWN,UNKNOWN,UNKNOWN,UNKNOWN,,An Assessment of the Economy and Financial Stability,,SPEECH,Board of Governors of the Federal Reserve System,FEDERAL_RESERVE_BOARD_ANNUAL_INDEX,https://www.federalreserve.gov/newsevents/speech/cook20250106a.htm,,raw/speech_catalog/board_indexes/2025-speeches.htm,PUBLICATION_DATE_TIME_NOT_EXPOSED_IN_ANNUAL_INDEX
a04077cfd64a811168d0,Christopher J. Waller,2025-01-08,UNKNOWN,UNKNOWN,UNKNOWN,UNKNOWN,UNKNOWN,,Challenges Facing Central Bankers,,SPEECH,Board of Governors of the Federal Reserve System,FEDERAL_RESERVE_BOARD_ANNUAL_INDEX,https://www.federalreserve.gov/newsevents/speech/waller20250108a.htm,,raw/speech_catalog/board_indexes/2025-speeches.htm,PUBLICATION_DATE_TIME_NOT_EXPOSED_IN_ANNUAL_INDEX
481d26c2e2862708a28b,Michelle W. Bowman,2025-01-09,UNKNOWN,UNKNOWN,UNKNOWN,UNKNOWN,UNKNOWN,,"Reflections on 2024: Monetary Policy, Economic Performance, and Lessons for Banking Regulation",,SPEECH,Board of Governors of the Federal Reserve System,FEDERAL_RESERVE_BOARD_ANNUAL_INDEX,https://www.federalreserve.gov/newsevents/speech/bowman20250109a.htm,,raw/speech_catalog/board_indexes/2025-speeches.htm,PUBLICATION_DATE_TIME_NOT_EXPOSED_IN_ANNUAL_INDEX
de8cb6433db38a55edd0,Michelle W. Bowman,2025-01-31,UNKNOWN,UNKNOWN,UNKNOWN,UNKNOWN,UNKNOWN,,"Brief Remarks on the Economy, and Perspective on Mutual and Community Banks",,SPEECH,Board of Governors of the Federal Reserve System,FEDERAL_RESERVE_BOARD_ANNUAL_INDEX,https://www.federalreserve.gov/newsevents/speech/bowman20250131a.htm,,raw/speech_catalog/board_indexes/2025-speeches.htm,PUBLICATION_DATE_TIME_NOT_EXPOSED_IN_ANNUAL_INDEX
2a4ee8df210c52c40df8,Philip N. Jefferson,2025-02-04,UNKNOWN,UNKNOWN,UNKNOWN,UNKNOWN,UNKNOWN,,U.S. Economic Outlook and Monetary Policy,,SPEECH,Board of Governors of the Federal Reserve System,FEDERAL_RESERVE_BOARD_ANNUAL_INDEX,https://www.federalreserve.gov/newsevents/speech/jefferson20250204a.htm,,raw/speech_catalog/board_indexes/2025-speeches.htm,PUBLICATION_DATE_TIME_NOT_EXPOSED_IN_ANNUAL_INDEX
75eec48398379cd79225,Michelle W. Bowman,2025-02-05,UNKNOWN,UNKNOWN,UNKNOWN,UNKNOWN,UNKNOWN,,Bank Regulation in 2025 and Beyond,,SPEECH,Board of Governors of the Federal Reserve System,FEDERAL_RESERVE_BOARD_ANNUAL_INDEX,https://www.federalreserve.gov/newsevents/speech/bowman20250205a.htm,,raw/speech_catalog/board_indexes/2025-speeches.htm,PUBLICATION_DATE_TIME_NOT_EXPOSED_IN_ANNUAL_INDEX
faf929b2e133e7118233,Philip N. Jefferson,2025-02-05,UNKNOWN,UNKNOWN,UNKNOWN,UNKNOWN,UNKNOWN,,Do Non-inflationary Economic Expansions Promote Shared Prosperity? Evidence from the U.S. Labor Market,,SPEECH,Board of Governors of the Federal Reserve System,FEDERAL_RESERVE_BOARD_ANNUAL_INDEX,https://www.federalreserve.gov/newsevents/speech/jefferson20250205a.htm,,raw/speech_catalog/board_indexes/2025-speeches.htm,PUBLICATION_DATE_TIME_NOT_EXPOSED_IN_ANNUAL_INDEX
a13ddc4605604d4b74c2,Adriana D. Kugler,2025-02-07,UNKNOWN,UNKNOWN,UNKNOWN,UNKNOWN,UNKNOWN,,Entrepreneurship and Aggregate Productivity,,SPEECH,Board of Governors of the Federal Reserve System,FEDERAL_RESERVE_BOARD_ANNUAL_INDEX,https://www.federalreserve.gov/newsevents/speech/kugler20250207a.htm,,raw/speech_catalog/board_indexes/2025-speeches.htm,PUBLICATION_DATE_TIME_NOT_EXPOSED_IN_ANNUAL_INDEX
3301c4d9eb5e8a66a283,Michelle W. Bowman,2025-02-07,UNKNOWN,UNKNOWN,UNKNOWN,UNKNOWN,UNKNOWN,,Bank Regulation in 2025 and Beyond,,SPEECH,Board of Governors of the Federal Reserve System,FEDERAL_RESERVE_BOARD_ANNUAL_INDEX,https://www.federalreserve.gov/newsevents/speech/bowman20250205a.htm,,raw/speech_catalog/board_indexes/2025-speeches.htm,PUBLICATION_DATE_TIME_NOT_EXPOSED_IN_ANNUAL_INDEX
bf2f8d20f8ac7214c272,Michelle W. Bowman,2025-02-11,UNKNOWN,UNKNOWN,UNKNOWN,UNKNOWN,UNKNOWN,,Bank Regulation in 2025 and Beyond,,SPEECH,Board of Governors of the Federal Reserve System,FEDERAL_RESERVE_BOARD_ANNUAL_INDEX,https://www.federalreserve.gov/newsevents/speech/bowman20250205a.htm,,raw/speech_catalog/board_indexes/2025-speeches.htm,PUBLICATION_DATE_TIME_NOT_EXPOSED_IN_ANNUAL_INDEX
cad00a1503fb547cd91e,Christopher J. Waller,2025-02-12,UNKNOWN,UNKNOWN,UNKNOWN,UNKNOWN,UNKNOWN,,Reflections on a Maturing Stablecoin Market,,SPEECH,Board of Governors of the Federal Reserve System,FEDERAL_RESERVE_BOARD_ANNUAL_INDEX,https://www.federalreserve.gov/newsevents/speech/waller20250212a.htm,,raw/speech_catalog/board_indexes/2025-speeches.htm,PUBLICATION_DATE_TIME_NOT_EXPOSED_IN_ANNUAL_INDEX
a5fb41f28f419e21d5a3,Christopher J. Waller,2025-02-17,UNKNOWN,UNKNOWN,UNKNOWN,UNKNOWN,UNKNOWN,,Disinflation Progress Uneven but Still on Track Rates Cuts on Track as Well,,SPEECH,Board of Governors of the Federal Reserve System,FEDERAL_RESERVE_BOARD_ANNUAL_INDEX,https://www.federalreserve.gov/newsevents/speech/waller20250217a.htm,,raw/speech_catalog/board_indexes/2025-speeches.htm,PUBLICATION_DATE_TIME_NOT_EXPOSED_IN_ANNUAL_INDEX
b9c466de7a01de31024a,Michelle W. Bowman,2025-02-17,UNKNOWN,UNKNOWN,UNKNOWN,UNKNOWN,UNKNOWN,,"Brief Remarks on the Economy and Accountability in Supervision, Applications, and Regulation",,SPEECH,Board of Governors of the Federal Reserve System,FEDERAL_RESERVE_BOARD_ANNUAL_INDEX,https://www.federalreserve.gov/newsevents/speech/bowman20250217a.htm,,raw/speech_catalog/board_indexes/2025-speeches.htm,PUBLICATION_DATE_TIME_NOT_EXPOSED_IN_ANNUAL_INDEX
003f1df80926ac892040,for Supervision Michael S. Barr,2025-02-18,UNKNOWN,UNKNOWN,UNKNOWN,UNKNOWN,UNKNOWN,,Artificial Intelligence: Hypothetical Scenarios for the Future,,SPEECH,Board of Governors of the Federal Reserve System,FEDERAL_RESERVE_BOARD_ANNUAL_INDEX,https://www.federalreserve.gov/newsevents/speech/barr20250218a.htm,,raw/speech_catalog/board_indexes/2025-speeches.htm,PUBLICATION_DATE_TIME_NOT_EXPOSED_IN_ANNUAL_INDEX
69522769d47dad9710e7,Philip N. Jefferson,2025-02-19,UNKNOWN,UNKNOWN,UNKNOWN,UNKNOWN,UNKNOWN,,How Healthy are U.S. Households’ Balance Sheets?,,SPEECH,Board of Governors of the Federal Reserve System,FEDERAL_RESERVE_BOARD_ANNUAL_INDEX,https://www.federalreserve.gov/newsevents/speech/jefferson20250219a.htm,,raw/speech_catalog/board_indexes/2025-speeches.htm,PUBLICATION_DATE_TIME_NOT_EXPOSED_IN_ANNUAL_INDEX
df118873226cc53f9a04,Adriana D. Kugler,2025-02-20,UNKNOWN,UNKNOWN,UNKNOWN,UNKNOWN,UNKNOWN,,Navigating Inflation Waves: A Phillips Curve Perspective,,SPEECH,Board of Governors of the Federal Reserve System,FEDERAL_RESERVE_BOARD_ANNUAL_INDEX,https://www.federalreserve.gov/newsevents/speech/kugler20250220a.htm,,raw/speech_catalog/board_indexes/2025-speeches.htm,PUBLICATION_DATE_TIME_NOT_EXPOSED_IN_ANNUAL_INDEX
5a0e54f0a48c951f124c,for Supervision Michael S. Barr,2025-02-20,UNKNOWN,UNKNOWN,UNKNOWN,UNKNOWN,UNKNOWN,,Risks and Challenges for Bank Regulation and Supervision,,SPEECH,Board of Governors of the Federal Reserve System,FEDERAL_RESERVE_BOARD_ANNUAL_INDEX,https://www.federalreserve.gov/newsevents/speech/barr20250220a.htm,,raw/speech_catalog/board_indexes/2025-speeches.htm,PUBLICATION_DATE_TIME_NOT_EXPOSED_IN_ANNUAL_INDEX
90c6d7698f2beb6833ca,Philip N. Jefferson,2025-02-21,UNKNOWN,UNKNOWN,UNKNOWN,UNKNOWN,UNKNOWN,,Reading between the Lines? Textual Analysis of Central Bank Communications,,SPEECH,Board of Governors of the Federal Reserve System,FEDERAL_RESERVE_BOARD_ANNUAL_INDEX,https://www.federalreserve.gov/newsevents/speech/jefferson20250221a.htm,,raw/speech_catalog/board_indexes/2025-speeches.htm,PUBLICATION_DATE_TIME_NOT_EXPOSED_IN_ANNUAL_INDEX
4a0ecab12f695bef1580,for Supervision Michael S. Barr,2025-02-25,UNKNOWN,UNKNOWN,UNKNOWN,UNKNOWN,UNKNOWN,,Managing Financial Crises,,SPEECH,Board of Governors of the Federal Reserve System,FEDERAL_RESERVE_BOARD_ANNUAL_INDEX,https://www.federalreserve.gov/newsevents/speech/barr20250225a.htm,,raw/speech_catalog/board_indexes/2025-speeches.htm,PUBLICATION_DATE_TIME_NOT_EXPOSED_IN_ANNUAL_INDEX
c2751ced410f7463cf47,Michelle W. Bowman,2025-02-27,UNKNOWN,UNKNOWN,UNKNOWN,UNKNOWN,UNKNOWN,,Community Banking,,SPEECH,Board of Governors of the Federal Reserve System,FEDERAL_RESERVE_BOARD_ANNUAL_INDEX,https://www.federalreserve.gov/newsevents/speech/bowman20250227a.htm,,raw/speech_catalog/board_indexes/2025-speeches.htm,PUBLICATION_DATE_TIME_NOT_EXPOSED_IN_ANNUAL_INDEX
1aca442bbc7cda8f74b1,for Supervision Michael S. Barr,2025-02-27,UNKNOWN,UNKNOWN,UNKNOWN,UNKNOWN,UNKNOWN,,Promoting Responsible Innovation through the Novel Activities Program,,SPEECH,Board of Governors of the Federal Reserve System,FEDERAL_RESERVE_BOARD_ANNUAL_INDEX,https://www.federalreserve.gov/newsevents/speech/barr20250227a.htm,,raw/speech_catalog/board_indexes/2025-speeches.htm,PUBLICATION_DATE_TIME_NOT_EXPOSED_IN_ANNUAL_INDEX
2fd699c7c827188f9f64,Adriana D. Kugler,2025-03-07,UNKNOWN,UNKNOWN,UNKNOWN,UNKNOWN,UNKNOWN,,The Rebalancing of Labor Markets across the World,,SPEECH,Board of Governors of the Federal Reserve System,FEDERAL_RESERVE_BOARD_ANNUAL_INDEX,https://www.federalreserve.gov/newsevents/speech/kugler20250307a.htm,,raw/speech_catalog/board_indexes/2025-speeches.htm,PUBLICATION_DATE_TIME_NOT_EXPOSED_IN_ANNUAL_INDEX
6dc7c61d9fdd83f90d4b,Jerome H. Powell,2025-03-07,UNKNOWN,UNKNOWN,UNKNOWN,UNKNOWN,UNKNOWN,,Economic Outlook,,SPEECH,Board of Governors of the Federal Reserve System,FEDERAL_RESERVE_BOARD_ANNUAL_INDEX,https://www.federalreserve.gov/newsevents/speech/powell20250307a.htm,,raw/speech_catalog/board_indexes/2025-speeches.htm,PUBLICATION_DATE_TIME_NOT_EXPOSED_IN_ANNUAL_INDEX
60177c6854990fd4723e,Michelle W. Bowman,2025-03-07,UNKNOWN,UNKNOWN,UNKNOWN,UNKNOWN,UNKNOWN,,"Remarks on ""Monetary Policy Transmission to Real Activity"" and the Recent Experience",,SPEECH,Board of Governors of the Federal Reserve System,FEDERAL_RESERVE_BOARD_ANNUAL_INDEX,https://www.federalreserve.gov/newsevents/speech/bowman20250307a.htm,,raw/speech_catalog/board_indexes/2025-speeches.htm,PUBLICATION_DATE_TIME_NOT_EXPOSED_IN_ANNUAL_INDEX
667d5c370ed8243620df,Christopher J. Waller,2025-03-21,UNKNOWN,UNKNOWN,UNKNOWN,UNKNOWN,UNKNOWN,,Statement by Governor Christopher J. Waller,,SPEECH,Board of Governors of the Federal Reserve System,FEDERAL_RESERVE_BOARD_ANNUAL_INDEX,https://www.federalreserve.gov/newsevents/speech/waller20250321a.htm,,raw/speech_catalog/board_indexes/2025-speeches.htm,PUBLICATION_DATE_TIME_NOT_EXPOSED_IN_ANNUAL_INDEX
9b9c448043449ad678da,Michael S. Barr,2025-03-24,UNKNOWN,UNKNOWN,UNKNOWN,UNKNOWN,UNKNOWN,,Helping Small Businesses Reach Their Potential,,SPEECH,Board of Governors of the Federal Reserve System,FEDERAL_RESERVE_BOARD_ANNUAL_INDEX,https://www.federalreserve.gov/newsevents/speech/barr20250324a.htm,,raw/speech_catalog/board_indexes/2025-speeches.htm,PUBLICATION_DATE_TIME_NOT_EXPOSED_IN_ANNUAL_INDEX
f81d983e8b57971b982d,Adriana D. Kugler,2025-03-25,UNKNOWN,UNKNOWN,UNKNOWN,UNKNOWN,UNKNOWN,,"Latinos, Entrepreneurs, and the U.S. Economy",,SPEECH,Board of Governors of the Federal Reserve System,FEDERAL_RESERVE_BOARD_ANNUAL_INDEX,https://www.federalreserve.gov/newsevents/speech/kugler20250325a.htm,,raw/speech_catalog/board_indexes/2025-speeches.htm,PUBLICATION_DATE_TIME_NOT_EXPOSED_IN_ANNUAL_INDEX
cbb747b6892a1aba72f4,Adriana D. Kugler,2025-04-02,UNKNOWN,UNKNOWN,UNKNOWN,UNKNOWN,UNKNOWN,,Inflation Expectations and Monetary Policymaking,,SPEECH,Board of Governors of the Federal Reserve System,FEDERAL_RESERVE_BOARD_ANNUAL_INDEX,https://www.federalreserve.gov/newsevents/speech/kugler20250402a.htm,,raw/speech_catalog/board_indexes/2025-speeches.htm,PUBLICATION_DATE_TIME_NOT_EXPOSED_IN_ANNUAL_INDEX
193b4be6ba959189f0a2,Lisa D. Cook,2025-04-03,UNKNOWN,UNKNOWN,UNKNOWN,UNKNOWN,UNKNOWN,,The Economic Outlook and Path of Policy,,SPEECH,Board of Governors of the Federal Reserve System,FEDERAL_RESERVE_BOARD_ANNUAL_INDEX,https://www.federalreserve.gov/newsevents/speech/cook20250403a.htm,,raw/speech_catalog/board_indexes/2025-speeches.htm,PUBLICATION_DATE_TIME_NOT_EXPOSED_IN_ANNUAL_INDEX
de2da46621cbd4e5fc8c,Philip N. Jefferson,2025-04-03,UNKNOWN,UNKNOWN,UNKNOWN,UNKNOWN,UNKNOWN,,U.S. Economic Outlook and Central Bank Communications,,SPEECH,Board of Governors of the Federal Reserve System,FEDERAL_RESERVE_BOARD_ANNUAL_INDEX,https://www.federalreserve.gov/newsevents/speech/jefferson20250403a.htm,,raw/speech_catalog/board_indexes/2025-speeches.htm,PUBLICATION_DATE_TIME_NOT_EXPOSED_IN_ANNUAL_INDEX
589740514c645530f4d8,Jerome H. Powell,2025-04-04,UNKNOWN,UNKNOWN,UNKNOWN,UNKNOWN,UNKNOWN,,Economic Outlook,,SPEECH,Board of Governors of the Federal Reserve System,FEDERAL_RESERVE_BOARD_ANNUAL_INDEX,https://www.federalreserve.gov/newsevents/speech/powell20250404a.htm,,raw/speech_catalog/board_indexes/2025-speeches.htm,PUBLICATION_DATE_TIME_NOT_EXPOSED_IN_ANNUAL_INDEX
f62b0d562e8bca8a23f0,Michael S. Barr,2025-04-04,UNKNOWN,UNKNOWN,UNKNOWN,UNKNOWN,UNKNOWN,,"AI, Fintechs, and Banks",,SPEECH,Board of Governors of the Federal Reserve System,FEDERAL_RESERVE_BOARD_ANNUAL_INDEX,https://www.federalreserve.gov/newsevents/speech/barr20250404a.htm,,raw/speech_catalog/board_indexes/2025-speeches.htm,PUBLICATION_DATE_TIME_NOT_EXPOSED_IN_ANNUAL_INDEX
3b287fe60ca74ed54442,Adriana D. Kugler,2025-04-07,UNKNOWN,UNKNOWN,UNKNOWN,UNKNOWN,UNKNOWN,,Inflation Dynamics and the Phillips Curve,,SPEECH,Board of Governors of the Federal Reserve System,FEDERAL_RESERVE_BOARD_ANNUAL_INDEX,https://www.federalreserve.gov/newsevents/speech/kugler20250407a.htm,,raw/speech_catalog/board_indexes/2025-speeches.htm,PUBLICATION_DATE_TIME_NOT_EXPOSED_IN_ANNUAL_INDEX
390de83420a9613b4b58,Christopher J. Waller,2025-04-14,UNKNOWN,UNKNOWN,UNKNOWN,UNKNOWN,UNKNOWN,,A Tale of Two Outlooks,,SPEECH,Board of Governors of the Federal Reserve System,FEDERAL_RESERVE_BOARD_ANNUAL_INDEX,https://www.federalreserve.gov/newsevents/speech/waller20250414a.htm,,raw/speech_catalog/board_indexes/2025-speeches.htm,PUBLICATION_DATE_TIME_NOT_EXPOSED_IN_ANNUAL_INDEX
0c1c4cfadf55bbf5344c,Lisa D. Cook,2025-04-15,UNKNOWN,UNKNOWN,UNKNOWN,UNKNOWN,UNKNOWN,,2025 Distinguished Alumna Award Acceptance Remarks,,SPEECH,Board of Governors of the Federal Reserve System,FEDERAL_RESERVE_BOARD_ANNUAL_INDEX,https://www.federalreserve.gov/newsevents/speech/cook20250415a.htm,,raw/speech_catalog/board_indexes/2025-speeches.htm,PUBLICATION_DATE_TIME_NOT_EXPOSED_IN_ANNUAL_INDEX
e5493f3522d802da1e60,Jerome H. Powell,2025-04-16,UNKNOWN,UNKNOWN,UNKNOWN,UNKNOWN,UNKNOWN,,Economic Outlook,,SPEECH,Board of Governors of the Federal Reserve System,FEDERAL_RESERVE_BOARD_ANNUAL_INDEX,https://www.federalreserve.gov/newsevents/speech/powell20250416a.htm,,raw/speech_catalog/board_indexes/2025-speeches.htm,PUBLICATION_DATE_TIME_NOT_EXPOSED_IN_ANNUAL_INDEX
71c2e0a934218152c947,Michael S. Barr,2025-04-17,UNKNOWN,UNKNOWN,UNKNOWN,UNKNOWN,UNKNOWN,,Deepfakes and the AI Arms Race in Bank Cybersecurity,,SPEECH,Board of Governors of the Federal Reserve System,FEDERAL_RESERVE_BOARD_ANNUAL_INDEX,https://www.federalreserve.gov/newsevents/speech/barr20250417a.htm,,raw/speech_catalog/board_indexes/2025-speeches.htm,PUBLICATION_DATE_TIME_NOT_EXPOSED_IN_ANNUAL_INDEX
7de506cb89fa02f646a6,Adriana D. Kugler,2025-04-22,UNKNOWN,UNKNOWN,UNKNOWN,UNKNOWN,UNKNOWN,,Transmission of Monetary Policy,,SPEECH,Board of Governors of the Federal Reserve System,FEDERAL_RESERVE_BOARD_ANNUAL_INDEX,https://www.federalreserve.gov/newsevents/speech/kugler20250422a.htm,,raw/speech_catalog/board_indexes/2025-speeches.htm,PUBLICATION_DATE_TIME_NOT_EXPOSED_IN_ANNUAL_INDEX
e075dbc58bfd7e76d3af,Philip N. Jefferson,2025-04-22,UNKNOWN,UNKNOWN,UNKNOWN,UNKNOWN,UNKNOWN,,Economic Mobility and the Dual Mandate,,SPEECH,Board of Governors of the Federal Reserve System,FEDERAL_RESERVE_BOARD_ANNUAL_INDEX,https://www.federalreserve.gov/newsevents/speech/jefferson20250422a.htm,,raw/speech_catalog/board_indexes/2025-speeches.htm,PUBLICATION_DATE_TIME_NOT_EXPOSED_IN_ANNUAL_INDEX
8c4518cb8542f28b3119,Christopher J. Waller,2025-04-23,UNKNOWN,UNKNOWN,UNKNOWN,UNKNOWN,UNKNOWN,,Welcoming Remarks,,SPEECH,Board of Governors of the Federal Reserve System,FEDERAL_RESERVE_BOARD_ANNUAL_INDEX,https://www.federalreserve.gov/newsevents/speech/waller20250423a.htm,,raw/speech_catalog/board_indexes/2025-speeches.htm,PUBLICATION_DATE_TIME_NOT_EXPOSED_IN_ANNUAL_INDEX
5e6f6b4ceeccd5cab9ee,Lisa D. Cook,2025-05-03,UNKNOWN,UNKNOWN,UNKNOWN,UNKNOWN,UNKNOWN,,Four Guides for the Journey Ahead,,SPEECH,Board of Governors of the Federal Reserve System,FEDERAL_RESERVE_BOARD_ANNUAL_INDEX,https://www.federalreserve.gov/newsevents/speech/cook20250503a.htm,,raw/speech_catalog/board_indexes/2025-speeches.htm,PUBLICATION_DATE_TIME_NOT_EXPOSED_IN_ANNUAL_INDEX
e282853e33137b3cf9b4,Adriana D. Kugler,2025-05-09,UNKNOWN,UNKNOWN,UNKNOWN,UNKNOWN,UNKNOWN,,Assessing Maximum Employment,,SPEECH,Board of Governors of the Federal Reserve System,FEDERAL_RESERVE_BOARD_ANNUAL_INDEX,https://www.federalreserve.gov/newsevents/speech/kugler20250509a.htm,,raw/speech_catalog/board_indexes/2025-speeches.htm,PUBLICATION_DATE_TIME_NOT_EXPOSED_IN_ANNUAL_INDEX
b4ca9716f102b37ca24f,Christopher J. Waller,2025-05-09,UNKNOWN,UNKNOWN,UNKNOWN,UNKNOWN,UNKNOWN,,"Thank You, John",,SPEECH,Board of Governors of the Federal Reserve System,FEDERAL_RESERVE_BOARD_ANNUAL_INDEX,https://www.federalreserve.gov/newsevents/speech/waller20250509a.htm,,raw/speech_catalog/board_indexes/2025-speeches.htm,PUBLICATION_DATE_TIME_NOT_EXPOSED_IN_ANNUAL_INDEX
fe7596551c71ab1f855c,Lisa D. Cook,2025-05-09,UNKNOWN,UNKNOWN,UNKNOWN,UNKNOWN,UNKNOWN,,Opening Remarks on Productivity Dynamics,,SPEECH,Board of Governors of the Federal Reserve System,FEDERAL_RESERVE_BOARD_ANNUAL_INDEX,https://www.federalreserve.gov/newsevents/speech/cook20250509a.htm,,raw/speech_catalog/board_indexes/2025-speeches.htm,PUBLICATION_DATE_TIME_NOT_EXPOSED_IN_ANNUAL_INDEX
4fde869199123aa2b71d,Michael S. Barr,2025-05-09,UNKNOWN,UNKNOWN,UNKNOWN,UNKNOWN,UNKNOWN,,Artificial Intelligence and the Labor Market: A Scenario-Based Approach,,SPEECH,Board of Governors of the Federal Reserve System,FEDERAL_RESERVE_BOARD_ANNUAL_INDEX,https://www.federalreserve.gov/newsevents/speech/barr20250509a.htm,,raw/speech_catalog/board_indexes/2025-speeches.htm,PUBLICATION_DATE_TIME_NOT_EXPOSED_IN_ANNUAL_INDEX
32c0f61367aae6f1320b,Adriana D. Kugler,2025-05-12,UNKNOWN,UNKNOWN,UNKNOWN,UNKNOWN,UNKNOWN,,Economic Outlook,,SPEECH,Board of Governors of the Federal Reserve System,FEDERAL_RESERVE_BOARD_ANNUAL_INDEX,https://www.federalreserve.gov/newsevents/speech/kugler20250512a.htm,,raw/speech_catalog/board_indexes/2025-speeches.htm,PUBLICATION_DATE_TIME_NOT_EXPOSED_IN_ANNUAL_INDEX
a9ec3d0cc1ca8bb5e6f7,Christopher J. Waller,2025-05-14,UNKNOWN,UNKNOWN,UNKNOWN,UNKNOWN,UNKNOWN,,The Role of Economic Research in Central Banking,,SPEECH,Board of Governors of the Federal Reserve System,FEDERAL_RESERVE_BOARD_ANNUAL_INDEX,https://www.federalreserve.gov/newsevents/speech/waller20250514a.htm,,raw/speech_catalog/board_indexes/2025-speeches.htm,PUBLICATION_DATE_TIME_NOT_EXPOSED_IN_ANNUAL_INDEX
d28cde8ec183ea6eebf5,Philip N. Jefferson,2025-05-14,UNKNOWN,UNKNOWN,UNKNOWN,UNKNOWN,UNKNOWN,,Economic Outlook,,SPEECH,Board of Governors of the Federal Reserve System,FEDERAL_RESERVE_BOARD_ANNUAL_INDEX,https://www.federalreserve.gov/newsevents/speech/jefferson20250514a.htm,,raw/speech_catalog/board_indexes/2025-speeches.htm,PUBLICATION_DATE_TIME_NOT_EXPOSED_IN_ANNUAL_INDEX
fde1606e9f2354f48346,Jerome H. Powell,2025-05-15,UNKNOWN,UNKNOWN,UNKNOWN,UNKNOWN,UNKNOWN,,Opening Remarks,,SPEECH,Board of Governors of the Federal Reserve System,FEDERAL_RESERVE_BOARD_ANNUAL_INDEX,https://www.federalreserve.gov/newsevents/speech/powell20250515a.htm,,raw/speech_catalog/board_indexes/2025-speeches.htm,PUBLICATION_DATE_TIME_NOT_EXPOSED_IN_ANNUAL_INDEX
f69dc48d824d93e8261d,Michael S. Barr,2025-05-15,UNKNOWN,UNKNOWN,UNKNOWN,UNKNOWN,UNKNOWN,,Opening Remarks,,SPEECH,Board of Governors of the Federal Reserve System,FEDERAL_RESERVE_BOARD_ANNUAL_INDEX,https://www.federalreserve.gov/newsevents/speech/barr20250515a.htm,,raw/speech_catalog/board_indexes/2025-speeches.htm,PUBLICATION_DATE_TIME_NOT_EXPOSED_IN_ANNUAL_INDEX
9420d3eaef1a79879531,Philip N. Jefferson,2025-05-19,UNKNOWN,UNKNOWN,UNKNOWN,UNKNOWN,UNKNOWN,,Liquidity Facilities: Purposes and Functions,,SPEECH,Board of Governors of the Federal Reserve System,FEDERAL_RESERVE_BOARD_ANNUAL_INDEX,https://www.federalreserve.gov/newsevents/speech/jefferson20250519a.htm,,raw/speech_catalog/board_indexes/2025-speeches.htm,PUBLICATION_DATE_TIME_NOT_EXPOSED_IN_ANNUAL_INDEX
5a8f5f4295ddc829530e,Adriana D. Kugler,2025-05-20,UNKNOWN,UNKNOWN,UNKNOWN,UNKNOWN,UNKNOWN,,Commencement Remarks,,SPEECH,Board of Governors of the Federal Reserve System,FEDERAL_RESERVE_BOARD_ANNUAL_INDEX,https://www.federalreserve.gov/newsevents/speech/kugler20250520a.htm,,raw/speech_catalog/board_indexes/2025-speeches.htm,PUBLICATION_DATE_TIME_NOT_EXPOSED_IN_ANNUAL_INDEX
2cf0f75d8b44358378e1,Lisa D. Cook,2025-05-23,UNKNOWN,UNKNOWN,UNKNOWN,UNKNOWN,UNKNOWN,,A View on Financial Stability,,SPEECH,Board of Governors of the Federal Reserve System,FEDERAL_RESERVE_BOARD_ANNUAL_INDEX,https://www.federalreserve.gov/newsevents/speech/cook20250523a.htm,,raw/speech_catalog/board_indexes/2025-speeches.htm,PUBLICATION_DATE_TIME_NOT_EXPOSED_IN_ANNUAL_INDEX
65f564a5809a31ec3de0,Jerome H. Powell,2025-05-25,UNKNOWN,UNKNOWN,UNKNOWN,UNKNOWN,UNKNOWN,,Baccalaureate Remarks,,SPEECH,Board of Governors of the Federal Reserve System,FEDERAL_RESERVE_BOARD_ANNUAL_INDEX,https://www.federalreserve.gov/newsevents/speech/powell20250525a.htm,,raw/speech_catalog/board_indexes/2025-speeches.htm,PUBLICATION_DATE_TIME_NOT_EXPOSED_IN_ANNUAL_INDEX
45af636b5d357829c43c,Adriana D. Kugler,2025-05-29,UNKNOWN,UNKNOWN,UNKNOWN,UNKNOWN,UNKNOWN,,Opening Remarks,,SPEECH,Board of Governors of the Federal Reserve System,FEDERAL_RESERVE_BOARD_ANNUAL_INDEX,https://www.federalreserve.gov/newsevents/speech/kugler20250529a.htm,,raw/speech_catalog/board_indexes/2025-speeches.htm,PUBLICATION_DATE_TIME_NOT_EXPOSED_IN_ANNUAL_INDEX
0294b70f51a697650681,Christopher J. Waller,2025-06-01,UNKNOWN,UNKNOWN,UNKNOWN,UNKNOWN,UNKNOWN,,"The Effects of Tariffs on the Three I’s: Inflation, Inflation Persistence, and Inflation Expectations",,SPEECH,Board of Governors of the Federal Reserve System,FEDERAL_RESERVE_BOARD_ANNUAL_INDEX,https://www.federalreserve.gov/newsevents/speech/waller20250601a.htm,,raw/speech_catalog/board_indexes/2025-speeches.htm,PUBLICATION_DATE_TIME_NOT_EXPOSED_IN_ANNUAL_INDEX
f83a682a594763332f98,Jerome H. Powell,2025-06-02,UNKNOWN,UNKNOWN,UNKNOWN,UNKNOWN,UNKNOWN,,Opening Remarks,,SPEECH,Board of Governors of the Federal Reserve System,FEDERAL_RESERVE_BOARD_ANNUAL_INDEX,https://www.federalreserve.gov/newsevents/speech/powell20250602a.htm,,raw/speech_catalog/board_indexes/2025-speeches.htm,PUBLICATION_DATE_TIME_NOT_EXPOSED_IN_ANNUAL_INDEX
b12dc0736f0d51e86697,Lisa D. Cook,2025-06-03,UNKNOWN,UNKNOWN,UNKNOWN,UNKNOWN,UNKNOWN,,Economic Outlook,,SPEECH,Board of Governors of the Federal Reserve System,FEDERAL_RESERVE_BOARD_ANNUAL_INDEX,https://www.federalreserve.gov/newsevents/speech/cook20250603a.htm,,raw/speech_catalog/board_indexes/2025-speeches.htm,PUBLICATION_DATE_TIME_NOT_EXPOSED_IN_ANNUAL_INDEX
50b431feea2f780b739c,Lisa D. Cook,2025-06-04,UNKNOWN,UNKNOWN,UNKNOWN,UNKNOWN,UNKNOWN,,Welcoming Remarks,,SPEECH,Board of Governors of the Federal Reserve System,FEDERAL_RESERVE_BOARD_ANNUAL_INDEX,https://www.federalreserve.gov/newsevents/speech/cook20250604a.htm,,raw/speech_catalog/board_indexes/2025-speeches.htm,PUBLICATION_DATE_TIME_NOT_EXPOSED_IN_ANNUAL_INDEX
35670fcb5141a6dbf69b,Adriana D. Kugler,2025-06-05,UNKNOWN,UNKNOWN,UNKNOWN,UNKNOWN,UNKNOWN,,The Economic Outlook and Appropriate Monetary Policy,,SPEECH,Board of Governors of the Federal Reserve System,FEDERAL_RESERVE_BOARD_ANNUAL_INDEX,https://www.federalreserve.gov/newsevents/speech/kugler20250605a.htm,,raw/speech_catalog/board_indexes/2025-speeches.htm,PUBLICATION_DATE_TIME_NOT_EXPOSED_IN_ANNUAL_INDEX
61b358c4402958fc7948,for Supervision Michelle W. Bowman,2025-06-06,UNKNOWN,UNKNOWN,UNKNOWN,UNKNOWN,UNKNOWN,,Taking a Fresh Look at Supervision and Regulation,,SPEECH,Board of Governors of the Federal Reserve System,FEDERAL_RESERVE_BOARD_ANNUAL_INDEX,https://www.federalreserve.gov/newsevents/speech/bowman20250606a.htm,,raw/speech_catalog/board_indexes/2025-speeches.htm,PUBLICATION_DATE_TIME_NOT_EXPOSED_IN_ANNUAL_INDEX
92f29af3eabab18c4547,Adriana D. Kugler,2025-06-23,UNKNOWN,UNKNOWN,UNKNOWN,UNKNOWN,UNKNOWN,,Welcoming Remarks,,SPEECH,Board of Governors of the Federal Reserve System,FEDERAL_RESERVE_BOARD_ANNUAL_INDEX,https://www.federalreserve.gov/newsevents/speech/kugler20250623a.htm,,raw/speech_catalog/board_indexes/2025-speeches.htm,PUBLICATION_DATE_TIME_NOT_EXPOSED_IN_ANNUAL_INDEX
d0e35cf2d9683d97e729,Christopher J. Waller,2025-06-23,UNKNOWN,UNKNOWN,UNKNOWN,UNKNOWN,UNKNOWN,,Welcoming Remarks,,SPEECH,Board of Governors of the Federal Reserve System,FEDERAL_RESERVE_BOARD_ANNUAL_INDEX,https://www.federalreserve.gov/newsevents/speech/waller20250623a.htm,,raw/speech_catalog/board_indexes/2025-speeches.htm,PUBLICATION_DATE_TIME_NOT_EXPOSED_IN_ANNUAL_INDEX
97eac651fd05ada31013,for Supervision Michelle W. Bowman,2025-06-23,UNKNOWN,UNKNOWN,UNKNOWN,UNKNOWN,UNKNOWN,,Unintended Policy Shifts and Unexpected Consequences,,SPEECH,Board of Governors of the Federal Reserve System,FEDERAL_RESERVE_BOARD_ANNUAL_INDEX,https://www.federalreserve.gov/newsevents/speech/bowman20250623a.htm,,raw/speech_catalog/board_indexes/2025-speeches.htm,PUBLICATION_DATE_TIME_NOT_EXPOSED_IN_ANNUAL_INDEX
fec45b9199bdb54c3830,Michael S. Barr,2025-06-24,UNKNOWN,UNKNOWN,UNKNOWN,UNKNOWN,UNKNOWN,,Opening Remarks,,SPEECH,Board of Governors of the Federal Reserve System,FEDERAL_RESERVE_BOARD_ANNUAL_INDEX,https://www.federalreserve.gov/newsevents/speech/barr20250624a.htm,,raw/speech_catalog/board_indexes/2025-speeches.htm,PUBLICATION_DATE_TIME_NOT_EXPOSED_IN_ANNUAL_INDEX
b3218c762fa30b0854ec,Michael S. Barr,2025-06-26,UNKNOWN,UNKNOWN,UNKNOWN,UNKNOWN,UNKNOWN,,Community Development at the Federal Reserve,,SPEECH,Board of Governors of the Federal Reserve System,FEDERAL_RESERVE_BOARD_ANNUAL_INDEX,https://www.federalreserve.gov/newsevents/speech/barr20250626a.htm,,raw/speech_catalog/board_indexes/2025-speeches.htm,PUBLICATION_DATE_TIME_NOT_EXPOSED_IN_ANNUAL_INDEX
15182ab115be4e79ff63,Christopher J. Waller,2025-07-10,UNKNOWN,UNKNOWN,UNKNOWN,UNKNOWN,UNKNOWN,,Demystifying the Federal Reserve's Balance Sheet,,SPEECH,Board of Governors of the Federal Reserve System,FEDERAL_RESERVE_BOARD_ANNUAL_INDEX,https://www.federalreserve.gov/newsevents/speech/waller20250710a.htm,,raw/speech_catalog/board_indexes/2025-speeches.htm,PUBLICATION_DATE_TIME_NOT_EXPOSED_IN_ANNUAL_INDEX
13b2c2bd1b6b37a37aa4,Michael S. Barr,2025-07-15,UNKNOWN,UNKNOWN,UNKNOWN,UNKNOWN,UNKNOWN,,Expanding Financial Inclusion,,SPEECH,Board of Governors of the Federal Reserve System,FEDERAL_RESERVE_BOARD_ANNUAL_INDEX,https://www.federalreserve.gov/newsevents/speech/barr20250715a.htm,,raw/speech_catalog/board_indexes/2025-speeches.htm,PUBLICATION_DATE_TIME_NOT_EXPOSED_IN_ANNUAL_INDEX
c186fa9b877dce40eb27,for Supervision Michelle W. Bowman,2025-07-15,UNKNOWN,UNKNOWN,UNKNOWN,UNKNOWN,UNKNOWN,,Welcoming Remarks,,SPEECH,Board of Governors of the Federal Reserve System,FEDERAL_RESERVE_BOARD_ANNUAL_INDEX,https://www.federalreserve.gov/newsevents/speech/bowman20250715a.htm,,raw/speech_catalog/board_indexes/2025-speeches.htm,PUBLICATION_DATE_TIME_NOT_EXPOSED_IN_ANNUAL_INDEX
ff383bfb18e0804630af,Michael S. Barr,2025-07-16,UNKNOWN,UNKNOWN,UNKNOWN,UNKNOWN,UNKNOWN,,Booms and Busts and the Regulatory Cycle,,SPEECH,Board of Governors of the Federal Reserve System,FEDERAL_RESERVE_BOARD_ANNUAL_INDEX,https://www.federalreserve.gov/newsevents/speech/barr20250716a.htm,,raw/speech_catalog/board_indexes/2025-speeches.htm,PUBLICATION_DATE_TIME_NOT_EXPOSED_IN_ANNUAL_INDEX
4322be69d1fa89cdb398,Adriana D. Kugler,2025-07-17,UNKNOWN,UNKNOWN,UNKNOWN,UNKNOWN,UNKNOWN,,A View of the Housing Market and U.S. Economic Outlook,,SPEECH,Board of Governors of the Federal Reserve System,FEDERAL_RESERVE_BOARD_ANNUAL_INDEX,https://www.federalreserve.gov/newsevents/speech/kugler20250717a.htm,,raw/speech_catalog/board_indexes/2025-speeches.htm,PUBLICATION_DATE_TIME_NOT_EXPOSED_IN_ANNUAL_INDEX
c3c58bbe189c747b18b0,Christopher J. Waller,2025-07-17,UNKNOWN,UNKNOWN,UNKNOWN,UNKNOWN,UNKNOWN,,The Case for Cutting Now,,SPEECH,Board of Governors of the Federal Reserve System,FEDERAL_RESERVE_BOARD_ANNUAL_INDEX,https://www.federalreserve.gov/newsevents/speech/waller20250717a.htm,,raw/speech_catalog/board_indexes/2025-speeches.htm,PUBLICATION_DATE_TIME_NOT_EXPOSED_IN_ANNUAL_INDEX
8ad63a0ee78d0128a644,Lisa D. Cook,2025-07-17,UNKNOWN,UNKNOWN,UNKNOWN,UNKNOWN,UNKNOWN,,AI: A Fed Policymaker's View,,SPEECH,Board of Governors of the Federal Reserve System,FEDERAL_RESERVE_BOARD_ANNUAL_INDEX,https://www.federalreserve.gov/newsevents/speech/cook20250717a.htm,,raw/speech_catalog/board_indexes/2025-speeches.htm,PUBLICATION_DATE_TIME_NOT_EXPOSED_IN_ANNUAL_INDEX
4f3ede6136b5477c975b,Jerome H. Powell,2025-07-22,UNKNOWN,UNKNOWN,UNKNOWN,UNKNOWN,UNKNOWN,,Opening Remarks,,SPEECH,Board of Governors of the Federal Reserve System,FEDERAL_RESERVE_BOARD_ANNUAL_INDEX,https://www.federalreserve.gov/newsevents/speech/powell20250722a.htm,,raw/speech_catalog/board_indexes/2025-speeches.htm,PUBLICATION_DATE_TIME_NOT_EXPOSED_IN_ANNUAL_INDEX
35e629d146587eb2a3c7,Christopher J. Waller,2025-08-01,UNKNOWN,UNKNOWN,UNKNOWN,UNKNOWN,UNKNOWN,,Statement by Governor Christopher J. Waller,,SPEECH,Board of Governors of the Federal Reserve System,FEDERAL_RESERVE_BOARD_ANNUAL_INDEX,https://www.federalreserve.gov/newsevents/speech/waller20250801a.htm,,raw/speech_catalog/board_indexes/2025-speeches.htm,PUBLICATION_DATE_TIME_NOT_EXPOSED_IN_ANNUAL_INDEX
23b583a8feda47c4a7ed,for Supervision Michelle W. Bowman,2025-08-01,UNKNOWN,UNKNOWN,UNKNOWN,UNKNOWN,UNKNOWN,,Statement by Vice Chair for Supervision Michelle W. Bowman,,SPEECH,Board of Governors of the Federal Reserve System,FEDERAL_RESERVE_BOARD_ANNUAL_INDEX,https://www.federalreserve.gov/newsevents/speech/bowman20250801a.htm,,raw/speech_catalog/board_indexes/2025-speeches.htm,PUBLICATION_DATE_TIME_NOT_EXPOSED_IN_ANNUAL_INDEX
41861ac4a83b23684c07,for Supervision Michelle W. Bowman,2025-08-09,UNKNOWN,UNKNOWN,UNKNOWN,UNKNOWN,UNKNOWN,,Thoughts on the Economy and Community Bank Capital,,SPEECH,Board of Governors of the Federal Reserve System,FEDERAL_RESERVE_BOARD_ANNUAL_INDEX,https://www.federalreserve.gov/newsevents/speech/bowman20250809a.htm,,raw/speech_catalog/board_indexes/2025-speeches.htm,PUBLICATION_DATE_TIME_NOT_EXPOSED_IN_ANNUAL_INDEX
0f603ddea4e9e896057a,for Supervision Michelle W. Bowman,2025-08-19,UNKNOWN,UNKNOWN,UNKNOWN,UNKNOWN,UNKNOWN,,Embracing Innovation,,SPEECH,Board of Governors of the Federal Reserve System,FEDERAL_RESERVE_BOARD_ANNUAL_INDEX,https://www.federalreserve.gov/newsevents/speech/bowman20250819a.htm,,raw/speech_catalog/board_indexes/2025-speeches.htm,PUBLICATION_DATE_TIME_NOT_EXPOSED_IN_ANNUAL_INDEX
3302b70fe600240799c8,Christopher J. Waller,2025-08-20,UNKNOWN,UNKNOWN,UNKNOWN,UNKNOWN,UNKNOWN,,Technological Advancements in Payments,,SPEECH,Board of Governors of the Federal Reserve System,FEDERAL_RESERVE_BOARD_ANNUAL_INDEX,https://www.federalreserve.gov/newsevents/speech/waller20250820a.htm,,raw/speech_catalog/board_indexes/2025-speeches.htm,PUBLICATION_DATE_TIME_NOT_EXPOSED_IN_ANNUAL_INDEX
feef435cbab1d0697656,Jerome H. Powell,2025-08-22,UNKNOWN,UNKNOWN,UNKNOWN,UNKNOWN,UNKNOWN,,Monetary Policy and the Fed’s Framework Review,,SPEECH,Board of Governors of the Federal Reserve System,FEDERAL_RESERVE_BOARD_ANNUAL_INDEX,https://www.federalreserve.gov/newsevents/speech/powell20250822a.htm,,raw/speech_catalog/board_indexes/2025-speeches.htm,PUBLICATION_DATE_TIME_NOT_EXPOSED_IN_ANNUAL_INDEX
80f348979adc26135e7e,Christopher J. Waller,2025-08-28,UNKNOWN,UNKNOWN,UNKNOWN,UNKNOWN,UNKNOWN,,Let’s Get On with It,,SPEECH,Board of Governors of the Federal Reserve System,FEDERAL_RESERVE_BOARD_ANNUAL_INDEX,https://www.federalreserve.gov/newsevents/speech/waller20250828a.htm,,raw/speech_catalog/board_indexes/2025-speeches.htm,PUBLICATION_DATE_TIME_NOT_EXPOSED_IN_ANNUAL_INDEX
84bbb6de46cb2741b9f0,Stephen I. Miran,2025-09-22,UNKNOWN,UNKNOWN,UNKNOWN,UNKNOWN,UNKNOWN,,Nonmonetary Forces and Appropriate Monetary Policy,,SPEECH,Board of Governors of the Federal Reserve System,FEDERAL_RESERVE_BOARD_ANNUAL_INDEX,https://www.federalreserve.gov/newsevents/speech/miran20250922a.htm,,raw/speech_catalog/board_indexes/2025-speeches.htm,PUBLICATION_DATE_TIME_NOT_EXPOSED_IN_ANNUAL_INDEX
1c934d837c9d7ae9dcad,Jerome H. Powell,2025-09-23,UNKNOWN,UNKNOWN,UNKNOWN,UNKNOWN,UNKNOWN,,Economic Outlook,,SPEECH,Board of Governors of the Federal Reserve System,FEDERAL_RESERVE_BOARD_ANNUAL_INDEX,https://www.federalreserve.gov/newsevents/speech/powell20250923a.htm,,raw/speech_catalog/board_indexes/2025-speeches.htm,PUBLICATION_DATE_TIME_NOT_EXPOSED_IN_ANNUAL_INDEX
b80bb9165e0ab408537e,for Supervision Michelle W. Bowman,2025-09-23,UNKNOWN,UNKNOWN,UNKNOWN,UNKNOWN,UNKNOWN,,Views on the Economy and Monetary Policy,,SPEECH,Board of Governors of the Federal Reserve System,FEDERAL_RESERVE_BOARD_ANNUAL_INDEX,https://www.federalreserve.gov/newsevents/speech/bowman20250923a.htm,,raw/speech_catalog/board_indexes/2025-speeches.htm,PUBLICATION_DATE_TIME_NOT_EXPOSED_IN_ANNUAL_INDEX
bed61205591deda6ab23,Michael S. Barr,2025-09-25,UNKNOWN,UNKNOWN,UNKNOWN,UNKNOWN,UNKNOWN,,Preserving the Dynamism and Credibility of Stress Testing,,SPEECH,Board of Governors of the Federal Reserve System,FEDERAL_RESERVE_BOARD_ANNUAL_INDEX,https://www.federalreserve.gov/newsevents/speech/barr20250925a.htm,,raw/speech_catalog/board_indexes/2025-speeches.htm,PUBLICATION_DATE_TIME_NOT_EXPOSED_IN_ANNUAL_INDEX
e16cd07e855f0957e058,for Supervision Michelle W. Bowman,2025-09-26,UNKNOWN,UNKNOWN,UNKNOWN,UNKNOWN,UNKNOWN,,Thoughts on Monetary Policy Decisionmaking and Challenges Ahead,,SPEECH,Board of Governors of the Federal Reserve System,FEDERAL_RESERVE_BOARD_ANNUAL_INDEX,https://www.federalreserve.gov/newsevents/speech/bowman20250926a.htm,,raw/speech_catalog/board_indexes/2025-speeches.htm,PUBLICATION_DATE_TIME_NOT_EXPOSED_IN_ANNUAL_INDEX
92762353c105f169527d,Christopher J. Waller,2025-09-29,UNKNOWN,UNKNOWN,UNKNOWN,UNKNOWN,UNKNOWN,,The Next Frontier of Payments Innovation,,SPEECH,Board of Governors of the Federal Reserve System,FEDERAL_RESERVE_BOARD_ANNUAL_INDEX,https://www.federalreserve.gov/newsevents/speech/waller20250929a.htm,,raw/speech_catalog/board_indexes/2025-speeches.htm,PUBLICATION_DATE_TIME_NOT_EXPOSED_IN_ANNUAL_INDEX
4ec4e9f1300f7ee6082f,Philip N. Jefferson,2025-09-30,UNKNOWN,UNKNOWN,UNKNOWN,UNKNOWN,UNKNOWN,,Monetary Policy Frameworks and the U.S. Economic Outlook,,SPEECH,Board of Governors of the Federal Reserve System,FEDERAL_RESERVE_BOARD_ANNUAL_INDEX,https://www.federalreserve.gov/newsevents/speech/jefferson20250930a.htm,,raw/speech_catalog/board_indexes/2025-speeches.htm,PUBLICATION_DATE_TIME_NOT_EXPOSED_IN_ANNUAL_INDEX
127c01c1f4a0ad7e2ec3,Philip N. Jefferson,2025-10-03,UNKNOWN,UNKNOWN,UNKNOWN,UNKNOWN,UNKNOWN,,Economic Outlook and the Fed’s Monetary Policy Framework,,SPEECH,Board of Governors of the Federal Reserve System,FEDERAL_RESERVE_BOARD_ANNUAL_INDEX,https://www.federalreserve.gov/newsevents/speech/jefferson20251003a.htm,,raw/speech_catalog/board_indexes/2025-speeches.htm,PUBLICATION_DATE_TIME_NOT_EXPOSED_IN_ANNUAL_INDEX
17e220ef2b9c5c122821,for Supervision Michelle W. Bowman,2025-10-07,UNKNOWN,UNKNOWN,UNKNOWN,UNKNOWN,UNKNOWN,,Video,,SPEECH,Board of Governors of the Federal Reserve System,FEDERAL_RESERVE_BOARD_ANNUAL_INDEX,https://www.federalreserve.gov/newsevents/speech/bowman20251007a.htm,,raw/speech_catalog/board_indexes/2025-speeches.htm,PUBLICATION_DATE_TIME_NOT_EXPOSED_IN_ANNUAL_INDEX
5feff90984ad4c9a0ba8,Michael S. Barr,2025-10-08,UNKNOWN,UNKNOWN,UNKNOWN,UNKNOWN,UNKNOWN,,Community Banking: The Cornerstone of Building Communities,,SPEECH,Board of Governors of the Federal Reserve System,FEDERAL_RESERVE_BOARD_ANNUAL_INDEX,https://www.federalreserve.gov/newsevents/speech/barr20251008a.htm,,raw/speech_catalog/board_indexes/2025-speeches.htm,PUBLICATION_DATE_TIME_NOT_EXPOSED_IN_ANNUAL_INDEX
eabeff8d227e0c8f3c61,Michael S. Barr,2025-10-08,UNKNOWN,UNKNOWN,UNKNOWN,UNKNOWN,UNKNOWN,,Economic Data and Research in Indian Country,,SPEECH,Board of Governors of the Federal Reserve System,FEDERAL_RESERVE_BOARD_ANNUAL_INDEX,https://www.federalreserve.gov/newsevents/speech/barr20251008b.htm,,raw/speech_catalog/board_indexes/2025-speeches.htm,PUBLICATION_DATE_TIME_NOT_EXPOSED_IN_ANNUAL_INDEX
1a6268d91f43cb232060,Jerome H. Powell,2025-10-09,UNKNOWN,UNKNOWN,UNKNOWN,UNKNOWN,UNKNOWN,,Video,,SPEECH,Board of Governors of the Federal Reserve System,FEDERAL_RESERVE_BOARD_ANNUAL_INDEX,https://www.federalreserve.gov/newsevents/speech/powell20251009a.htm,,raw/speech_catalog/board_indexes/2025-speeches.htm,PUBLICATION_DATE_TIME_NOT_EXPOSED_IN_ANNUAL_INDEX
d963b115318eaceff95a,Michael S. Barr,2025-10-09,UNKNOWN,UNKNOWN,UNKNOWN,UNKNOWN,UNKNOWN,,The Economic Outlook and Monetary Policy,,SPEECH,Board of Governors of the Federal Reserve System,FEDERAL_RESERVE_BOARD_ANNUAL_INDEX,https://www.federalreserve.gov/newsevents/speech/barr20251009a.htm,,raw/speech_catalog/board_indexes/2025-speeches.htm,PUBLICATION_DATE_TIME_NOT_EXPOSED_IN_ANNUAL_INDEX
b1e5a70df4c01134a758,for Supervision Michelle W. Bowman,2025-10-09,UNKNOWN,UNKNOWN,UNKNOWN,UNKNOWN,UNKNOWN,,Community Banking: Looking Toward the Future,,SPEECH,Board of Governors of the Federal Reserve System,FEDERAL_RESERVE_BOARD_ANNUAL_INDEX,https://www.federalreserve.gov/newsevents/speech/bowman20251009b.htm,,raw/speech_catalog/board_indexes/2025-speeches.htm,PUBLICATION_DATE_TIME_NOT_EXPOSED_IN_ANNUAL_INDEX
a7bc3529fba6abeba702,for Supervision Michelle W. Bowman,2025-10-09,UNKNOWN,UNKNOWN,UNKNOWN,UNKNOWN,UNKNOWN,,Opening Remarks,,SPEECH,Board of Governors of the Federal Reserve System,FEDERAL_RESERVE_BOARD_ANNUAL_INDEX,https://www.federalreserve.gov/newsevents/speech/bowman20251009a.htm,,raw/speech_catalog/board_indexes/2025-speeches.htm,PUBLICATION_DATE_TIME_NOT_EXPOSED_IN_ANNUAL_INDEX
6a7d9469285503f452d4,Jerome H. Powell,2025-10-14,UNKNOWN,UNKNOWN,UNKNOWN,UNKNOWN,UNKNOWN,,Understanding the Fed’s Balance Sheet,,SPEECH,Board of Governors of the Federal Reserve System,FEDERAL_RESERVE_BOARD_ANNUAL_INDEX,https://www.federalreserve.gov/newsevents/speech/powell20251014a.htm,,raw/speech_catalog/board_indexes/2025-speeches.htm,PUBLICATION_DATE_TIME_NOT_EXPOSED_IN_ANNUAL_INDEX
2f51933652a5fc523668,Christopher J. Waller,2025-10-15,UNKNOWN,UNKNOWN,UNKNOWN,UNKNOWN,UNKNOWN,,Innovation at the Speed of AI,,SPEECH,Board of Governors of the Federal Reserve System,FEDERAL_RESERVE_BOARD_ANNUAL_INDEX,https://www.federalreserve.gov/newsevents/speech/waller20251015a.htm,,raw/speech_catalog/board_indexes/2025-speeches.htm,PUBLICATION_DATE_TIME_NOT_EXPOSED_IN_ANNUAL_INDEX
1d45bf1fcc4ec1c6e42b,Christopher J. Waller,2025-10-16,UNKNOWN,UNKNOWN,UNKNOWN,UNKNOWN,UNKNOWN,,Cutting Rates in the Face of Conflicting Data,,SPEECH,Board of Governors of the Federal Reserve System,FEDERAL_RESERVE_BOARD_ANNUAL_INDEX,https://www.federalreserve.gov/newsevents/speech/waller20251016a.htm,,raw/speech_catalog/board_indexes/2025-speeches.htm,PUBLICATION_DATE_TIME_NOT_EXPOSED_IN_ANNUAL_INDEX
4a9c77681878e9f3008e,Michael S. Barr,2025-10-16,UNKNOWN,UNKNOWN,UNKNOWN,UNKNOWN,UNKNOWN,,Exploring the Possibilities and Risks of New Payment Technologies,,SPEECH,Board of Governors of the Federal Reserve System,FEDERAL_RESERVE_BOARD_ANNUAL_INDEX,https://www.federalreserve.gov/newsevents/speech/barr20251016a.htm,,raw/speech_catalog/board_indexes/2025-speeches.htm,PUBLICATION_DATE_TIME_NOT_EXPOSED_IN_ANNUAL_INDEX
c11bed2d358cfa500f29,for Supervision Michelle W. Bowman,2025-10-16,UNKNOWN,UNKNOWN,UNKNOWN,UNKNOWN,UNKNOWN,,Video,,SPEECH,Board of Governors of the Federal Reserve System,FEDERAL_RESERVE_BOARD_ANNUAL_INDEX,https://www.federalreserve.gov/newsevents/speech/bowman20251016a.htm,,raw/speech_catalog/board_indexes/2025-speeches.htm,PUBLICATION_DATE_TIME_NOT_EXPOSED_IN_ANNUAL_INDEX
f2acd27356a02c92eb8f,Christopher J. Waller,2025-10-21,UNKNOWN,UNKNOWN,UNKNOWN,UNKNOWN,UNKNOWN,,Embracing New Technologies and Players in Payments,,SPEECH,Board of Governors of the Federal Reserve System,FEDERAL_RESERVE_BOARD_ANNUAL_INDEX,https://www.federalreserve.gov/newsevents/speech/waller20251021a.htm,,raw/speech_catalog/board_indexes/2025-speeches.htm,PUBLICATION_DATE_TIME_NOT_EXPOSED_IN_ANNUAL_INDEX
23f17fd576f9f74e162b,Michael S. Barr,2025-10-22,UNKNOWN,UNKNOWN,UNKNOWN,UNKNOWN,UNKNOWN,,Brief Remarks,,SPEECH,Board of Governors of the Federal Reserve System,FEDERAL_RESERVE_BOARD_ANNUAL_INDEX,https://www.federalreserve.gov/newsevents/speech/barr20251022b.htm,https://www.federalreserve.gov/newsevents/speech/barr20251022a.htm,raw/speech_catalog/board_indexes/2025-speeches.htm,PUBLICATION_DATE_TIME_NOT_EXPOSED_IN_ANNUAL_INDEX
4fe639e47be527da482b,Michael S. Barr,2025-10-23,UNKNOWN,UNKNOWN,UNKNOWN,UNKNOWN,UNKNOWN,,Supporting Investment in Communities: The First 25 Years of the New Markets Tax Credit,,SPEECH,Board of Governors of the Federal Reserve System,FEDERAL_RESERVE_BOARD_ANNUAL_INDEX,https://www.federalreserve.gov/newsevents/speech/barr20251023a.htm,,raw/speech_catalog/board_indexes/2025-speeches.htm,PUBLICATION_DATE_TIME_NOT_EXPOSED_IN_ANNUAL_INDEX
e69f19dae83299802465,for Supervision Michelle W. Bowman,2025-10-30,UNKNOWN,UNKNOWN,UNKNOWN,UNKNOWN,UNKNOWN,,Opening Remarks,,SPEECH,Board of Governors of the Federal Reserve System,FEDERAL_RESERVE_BOARD_ANNUAL_INDEX,https://www.federalreserve.gov/newsevents/speech/bowman20251030a.htm,,raw/speech_catalog/board_indexes/2025-speeches.htm,PUBLICATION_DATE_TIME_NOT_EXPOSED_IN_ANNUAL_INDEX
30f2a2236a0a168947b7,Lisa D. Cook,2025-11-03,UNKNOWN,UNKNOWN,UNKNOWN,UNKNOWN,UNKNOWN,,The Economic Outlook and Monetary Policy,,SPEECH,Board of Governors of the Federal Reserve System,FEDERAL_RESERVE_BOARD_ANNUAL_INDEX,https://www.federalreserve.gov/newsevents/speech/cook20251103a.htm,,raw/speech_catalog/board_indexes/2025-speeches.htm,PUBLICATION_DATE_TIME_NOT_EXPOSED_IN_ANNUAL_INDEX
f819c23e493ef7dffe90,Philip N. Jefferson,2025-11-07,UNKNOWN,UNKNOWN,UNKNOWN,UNKNOWN,UNKNOWN,,AI and the Economy,,SPEECH,Board of Governors of the Federal Reserve System,FEDERAL_RESERVE_BOARD_ANNUAL_INDEX,https://www.federalreserve.gov/newsevents/speech/jefferson20251107a.htm,,raw/speech_catalog/board_indexes/2025-speeches.htm,PUBLICATION_DATE_TIME_NOT_EXPOSED_IN_ANNUAL_INDEX
b94c5846586fbbc7bd29,Stephen I. Miran,2025-11-07,UNKNOWN,UNKNOWN,UNKNOWN,UNKNOWN,UNKNOWN,,A Global Stablecoin Glut: Implications for Monetary Policy,,SPEECH,Board of Governors of the Federal Reserve System,FEDERAL_RESERVE_BOARD_ANNUAL_INDEX,https://www.federalreserve.gov/newsevents/speech/miran20251107a.htm,,raw/speech_catalog/board_indexes/2025-speeches.htm,PUBLICATION_DATE_TIME_NOT_EXPOSED_IN_ANNUAL_INDEX
61881d68fcd9f8152984,Michael S. Barr,2025-11-11,UNKNOWN,UNKNOWN,UNKNOWN,UNKNOWN,UNKNOWN,,AI and Central Banking,,SPEECH,Board of Governors of the Federal Reserve System,FEDERAL_RESERVE_BOARD_ANNUAL_INDEX,https://www.federalreserve.gov/newsevents/speech/barr20251111a.htm,,raw/speech_catalog/board_indexes/2025-speeches.htm,PUBLICATION_DATE_TIME_NOT_EXPOSED_IN_ANNUAL_INDEX
e3258d46f03766f79026,Christopher J. Waller,2025-11-17,UNKNOWN,UNKNOWN,UNKNOWN,UNKNOWN,UNKNOWN,,The Case for Continuing Rate Cuts,,SPEECH,Board of Governors of the Federal Reserve System,FEDERAL_RESERVE_BOARD_ANNUAL_INDEX,https://www.federalreserve.gov/newsevents/speech/waller20251117a.htm,,raw/speech_catalog/board_indexes/2025-speeches.htm,PUBLICATION_DATE_TIME_NOT_EXPOSED_IN_ANNUAL_INDEX
2b6d0657a24ef53e29f0,Philip N. Jefferson,2025-11-17,UNKNOWN,UNKNOWN,UNKNOWN,UNKNOWN,UNKNOWN,,Economic Outlook and Monetary Policy,,SPEECH,Board of Governors of the Federal Reserve System,FEDERAL_RESERVE_BOARD_ANNUAL_INDEX,https://www.federalreserve.gov/newsevents/speech/jefferson20251117a.htm,,raw/speech_catalog/board_indexes/2025-speeches.htm,PUBLICATION_DATE_TIME_NOT_EXPOSED_IN_ANNUAL_INDEX
ac51a263e4b1c1542a0f,Michael S. Barr,2025-11-18,UNKNOWN,UNKNOWN,UNKNOWN,UNKNOWN,UNKNOWN,,"The Case for Strong, Effective Banking Supervision",,SPEECH,Board of Governors of the Federal Reserve System,FEDERAL_RESERVE_BOARD_ANNUAL_INDEX,https://www.federalreserve.gov/newsevents/speech/barr20251118a.htm,,raw/speech_catalog/board_indexes/2025-speeches.htm,PUBLICATION_DATE_TIME_NOT_EXPOSED_IN_ANNUAL_INDEX
a13cb17baaa5bc778e13,Stephen I. Miran,2025-11-19,UNKNOWN,UNKNOWN,UNKNOWN,UNKNOWN,UNKNOWN,,Regulatory Dominance of the Federal Reserve’s Balance Sheet,,SPEECH,Board of Governors of the Federal Reserve System,FEDERAL_RESERVE_BOARD_ANNUAL_INDEX,https://www.federalreserve.gov/newsevents/speech/miran20251119a.htm,,raw/speech_catalog/board_indexes/2025-speeches.htm,PUBLICATION_DATE_TIME_NOT_EXPOSED_IN_ANNUAL_INDEX
635859282b0e8a40957c,Lisa D. Cook,2025-11-20,UNKNOWN,UNKNOWN,UNKNOWN,UNKNOWN,UNKNOWN,,A Policymaker’s View of Financial Stability,,SPEECH,Board of Governors of the Federal Reserve System,FEDERAL_RESERVE_BOARD_ANNUAL_INDEX,https://www.federalreserve.gov/newsevents/speech/cook20251120a.htm,,raw/speech_catalog/board_indexes/2025-speeches.htm,PUBLICATION_DATE_TIME_NOT_EXPOSED_IN_ANNUAL_INDEX
8d2350015219cd72aef6,Michael S. Barr,2025-11-21,UNKNOWN,UNKNOWN,UNKNOWN,UNKNOWN,UNKNOWN,,Welcoming Remarks,,SPEECH,Board of Governors of the Federal Reserve System,FEDERAL_RESERVE_BOARD_ANNUAL_INDEX,https://www.federalreserve.gov/newsevents/speech/barr20251121a.htm,,raw/speech_catalog/board_indexes/2025-speeches.htm,PUBLICATION_DATE_TIME_NOT_EXPOSED_IN_ANNUAL_INDEX
406e75557978e990c226,Philip N. Jefferson,2025-11-21,UNKNOWN,UNKNOWN,UNKNOWN,UNKNOWN,UNKNOWN,,"AI, the Economy, and Financial Stability",,SPEECH,Board of Governors of the Federal Reserve System,FEDERAL_RESERVE_BOARD_ANNUAL_INDEX,https://www.federalreserve.gov/newsevents/speech/jefferson20251121a.htm,,raw/speech_catalog/board_indexes/2025-speeches.htm,PUBLICATION_DATE_TIME_NOT_EXPOSED_IN_ANNUAL_INDEX
2f86645a914c56cdc9a0,Jerome H. Powell,2025-12-01,UNKNOWN,UNKNOWN,UNKNOWN,UNKNOWN,UNKNOWN,,Opening Remarks,,SPEECH,Board of Governors of the Federal Reserve System,FEDERAL_RESERVE_BOARD_ANNUAL_INDEX,https://www.federalreserve.gov/newsevents/speech/powell20251201a.htm,,raw/speech_catalog/board_indexes/2025-speeches.htm,PUBLICATION_DATE_TIME_NOT_EXPOSED_IN_ANNUAL_INDEX
b9736359355057647b6b,Stephen I. Miran,2025-12-15,UNKNOWN,UNKNOWN,UNKNOWN,UNKNOWN,UNKNOWN,,The Inflation Outlook,,SPEECH,Board of Governors of the Federal Reserve System,FEDERAL_RESERVE_BOARD_ANNUAL_INDEX,https://www.federalreserve.gov/newsevents/speech/miran20251215a.htm,,raw/speech_catalog/board_indexes/2025-speeches.htm,PUBLICATION_DATE_TIME_NOT_EXPOSED_IN_ANNUAL_INDEX
0b5c27aaba4fa6e8c029,for Supervision Michelle W. Bowman,2026-01-07,UNKNOWN,UNKNOWN,UNKNOWN,UNKNOWN,UNKNOWN,,Modernizing Supervision and Regulation: 2025 and the Path Ahead,,SPEECH,Board of Governors of the Federal Reserve System,FEDERAL_RESERVE_BOARD_ANNUAL_INDEX,https://www.federalreserve.gov/newsevents/speech/bowman20260107a.htm,,raw/speech_catalog/board_indexes/2026-speeches.htm,PUBLICATION_DATE_TIME_NOT_EXPOSED_IN_ANNUAL_INDEX
084baccbbec546b9578e,Jerome H. Powell,2026-01-11,UNKNOWN,UNKNOWN,UNKNOWN,UNKNOWN,UNKNOWN,,Video,,SPEECH,Board of Governors of the Federal Reserve System,FEDERAL_RESERVE_BOARD_ANNUAL_INDEX,https://www.federalreserve.gov/newsevents/speech/powell20260111a.htm,,raw/speech_catalog/board_indexes/2026-speeches.htm,PUBLICATION_DATE_TIME_NOT_EXPOSED_IN_ANNUAL_INDEX
3b74e3bae84488b2623c,Stephen I. Miran,2026-01-14,UNKNOWN,UNKNOWN,UNKNOWN,UNKNOWN,UNKNOWN,,"Regulations, the Supply Side, and Monetary Policy",,SPEECH,Board of Governors of the Federal Reserve System,FEDERAL_RESERVE_BOARD_ANNUAL_INDEX,https://www.federalreserve.gov/newsevents/speech/miran20260114a.htm,,raw/speech_catalog/board_indexes/2026-speeches.htm,PUBLICATION_DATE_TIME_NOT_EXPOSED_IN_ANNUAL_INDEX
d7cad169f8334643c462,Philip N. Jefferson,2026-01-16,UNKNOWN,UNKNOWN,UNKNOWN,UNKNOWN,UNKNOWN,,Economic Outlook and Monetary Policy Implementation,,SPEECH,Board of Governors of the Federal Reserve System,FEDERAL_RESERVE_BOARD_ANNUAL_INDEX,https://www.federalreserve.gov/newsevents/speech/jefferson20260116a.htm,,raw/speech_catalog/board_indexes/2026-speeches.htm,PUBLICATION_DATE_TIME_NOT_EXPOSED_IN_ANNUAL_INDEX
e84290d15ee7ef3e86af,for Supervision Michelle W. Bowman,2026-01-16,UNKNOWN,UNKNOWN,UNKNOWN,UNKNOWN,UNKNOWN,,Outlook for the Economy and Monetary Policy,,SPEECH,Board of Governors of the Federal Reserve System,FEDERAL_RESERVE_BOARD_ANNUAL_INDEX,https://www.federalreserve.gov/newsevents/speech/bowman20260116a.htm,,raw/speech_catalog/board_indexes/2026-speeches.htm,PUBLICATION_DATE_TIME_NOT_EXPOSED_IN_ANNUAL_INDEX
ed7e3740adf973ae6c9b,Christopher J. Waller,2026-01-30,UNKNOWN,UNKNOWN,UNKNOWN,UNKNOWN,UNKNOWN,,Statement by Governor Christopher J. Waller,,SPEECH,Board of Governors of the Federal Reserve System,FEDERAL_RESERVE_BOARD_ANNUAL_INDEX,https://www.federalreserve.gov/newsevents/speech/waller20260130a.htm,,raw/speech_catalog/board_indexes/2026-speeches.htm,PUBLICATION_DATE_TIME_NOT_EXPOSED_IN_ANNUAL_INDEX
6cd9d6af45ea58e044e1,for Supervision Michelle W. Bowman,2026-01-30,UNKNOWN,UNKNOWN,UNKNOWN,UNKNOWN,UNKNOWN,,Outlook for the Economy and Monetary Policy,,SPEECH,Board of Governors of the Federal Reserve System,FEDERAL_RESERVE_BOARD_ANNUAL_INDEX,https://www.federalreserve.gov/newsevents/speech/bowman20260130a.htm,,raw/speech_catalog/board_indexes/2026-speeches.htm,PUBLICATION_DATE_TIME_NOT_EXPOSED_IN_ANNUAL_INDEX
4bfcd6931ab3fb9218cf,Lisa D. Cook,2026-02-04,UNKNOWN,UNKNOWN,UNKNOWN,UNKNOWN,UNKNOWN,,Economic Outlook,,SPEECH,Board of Governors of the Federal Reserve System,FEDERAL_RESERVE_BOARD_ANNUAL_INDEX,https://www.federalreserve.gov/newsevents/speech/cook20260204a.htm,,raw/speech_catalog/board_indexes/2026-speeches.htm,PUBLICATION_DATE_TIME_NOT_EXPOSED_IN_ANNUAL_INDEX
3902a9538cf92d36857c,Philip N. Jefferson,2026-02-06,UNKNOWN,UNKNOWN,UNKNOWN,UNKNOWN,UNKNOWN,,Economic Outlook and Supply-Side (Dis)Inflation Dynamics,,SPEECH,Board of Governors of the Federal Reserve System,FEDERAL_RESERVE_BOARD_ANNUAL_INDEX,https://www.federalreserve.gov/newsevents/speech/jefferson20260206a.htm,,raw/speech_catalog/board_indexes/2026-speeches.htm,PUBLICATION_DATE_TIME_NOT_EXPOSED_IN_ANNUAL_INDEX
d1e802fbb34cf2728b52,for Supervision Michelle W. Bowman,2026-02-16,UNKNOWN,UNKNOWN,UNKNOWN,UNKNOWN,UNKNOWN,,"Revitalizing Bank Mortgage Lending, One Step with Basel",,SPEECH,Board of Governors of the Federal Reserve System,FEDERAL_RESERVE_BOARD_ANNUAL_INDEX,https://www.federalreserve.gov/newsevents/speech/bowman20260216a.htm,,raw/speech_catalog/board_indexes/2026-speeches.htm,PUBLICATION_DATE_TIME_NOT_EXPOSED_IN_ANNUAL_INDEX
59911769b1faf0ab74d9,Michael S. Barr,2026-02-17,UNKNOWN,UNKNOWN,UNKNOWN,UNKNOWN,UNKNOWN,,What Will Artificial Intelligence Mean for the Labor Market and the Economy?,,SPEECH,Board of Governors of the Federal Reserve System,FEDERAL_RESERVE_BOARD_ANNUAL_INDEX,https://www.federalreserve.gov/newsevents/speech/barr20260217a.htm,,raw/speech_catalog/board_indexes/2026-speeches.htm,PUBLICATION_DATE_TIME_NOT_EXPOSED_IN_ANNUAL_INDEX
48a3bdb49af563f861cb,for Supervision Michelle W. Bowman,2026-02-19,UNKNOWN,UNKNOWN,UNKNOWN,UNKNOWN,UNKNOWN,,Opening Remarks,,SPEECH,Board of Governors of the Federal Reserve System,FEDERAL_RESERVE_BOARD_ANNUAL_INDEX,https://www.federalreserve.gov/newsevents/speech/bowman20260219a.htm,,raw/speech_catalog/board_indexes/2026-speeches.htm,PUBLICATION_DATE_TIME_NOT_EXPOSED_IN_ANNUAL_INDEX
c566485781a872358dc1,Christopher J. Waller,2026-02-23,UNKNOWN,UNKNOWN,UNKNOWN,UNKNOWN,UNKNOWN,,Labor Market Data: Signal or Noise?,,SPEECH,Board of Governors of the Federal Reserve System,FEDERAL_RESERVE_BOARD_ANNUAL_INDEX,https://www.federalreserve.gov/newsevents/speech/waller20260223a.htm,,raw/speech_catalog/board_indexes/2026-speeches.htm,PUBLICATION_DATE_TIME_NOT_EXPOSED_IN_ANNUAL_INDEX
571983d5a5b24ee742ca,Christopher J. Waller,2026-02-24,UNKNOWN,UNKNOWN,UNKNOWN,UNKNOWN,UNKNOWN,,Operationalizing AI at the Federal Reserve,,SPEECH,Board of Governors of the Federal Reserve System,FEDERAL_RESERVE_BOARD_ANNUAL_INDEX,https://www.federalreserve.gov/newsevents/speech/waller20260224a.htm,,raw/speech_catalog/board_indexes/2026-speeches.htm,PUBLICATION_DATE_TIME_NOT_EXPOSED_IN_ANNUAL_INDEX
93982453280afaaf525f,Lisa D. Cook,2026-02-24,UNKNOWN,UNKNOWN,UNKNOWN,UNKNOWN,UNKNOWN,,Opening Remarks for the “AI and Productivity across the Economy” Panel,,SPEECH,Board of Governors of the Federal Reserve System,FEDERAL_RESERVE_BOARD_ANNUAL_INDEX,https://www.federalreserve.gov/newsevents/speech/cook20260224a.htm,,raw/speech_catalog/board_indexes/2026-speeches.htm,PUBLICATION_DATE_TIME_NOT_EXPOSED_IN_ANNUAL_INDEX
03590abeb3825f661628,for Supervision Michelle W. Bowman,2026-02-26,UNKNOWN,UNKNOWN,UNKNOWN,UNKNOWN,UNKNOWN,,Supervision and Regulation,,SPEECH,Board of Governors of the Federal Reserve System,FEDERAL_RESERVE_BOARD_ANNUAL_INDEX,https://www.federalreserve.gov/newsevents/speech/bowman20260226a.htm,,raw/speech_catalog/board_indexes/2026-speeches.htm,PUBLICATION_DATE_TIME_NOT_EXPOSED_IN_ANNUAL_INDEX
3b004eb2e4c5caf69794,for Supervision Michelle W. Bowman,2026-03-03,UNKNOWN,UNKNOWN,UNKNOWN,UNKNOWN,UNKNOWN,,"Liquidity Resiliency, Financial Stability, and the Role of the Federal Reserve",,SPEECH,Board of Governors of the Federal Reserve System,FEDERAL_RESERVE_BOARD_ANNUAL_INDEX,https://www.federalreserve.gov/newsevents/speech/bowman20260303a.htm,,raw/speech_catalog/board_indexes/2026-speeches.htm,PUBLICATION_DATE_TIME_NOT_EXPOSED_IN_ANNUAL_INDEX
77c9735153e894455d9b,for Supervision Michelle W. Bowman,2026-03-12,UNKNOWN,UNKNOWN,UNKNOWN,UNKNOWN,UNKNOWN,,Capital Rules for the Real Economy,,SPEECH,Board of Governors of the Federal Reserve System,FEDERAL_RESERVE_BOARD_ANNUAL_INDEX,https://www.federalreserve.gov/newsevents/speech/bowman20260312a.htm,,raw/speech_catalog/board_indexes/2026-speeches.htm,PUBLICATION_DATE_TIME_NOT_EXPOSED_IN_ANNUAL_INDEX
a9b15b5b7b7cfc197503,Jerome H. Powell,2026-03-21,UNKNOWN,UNKNOWN,UNKNOWN,UNKNOWN,UNKNOWN,,Acceptance Remarks,,SPEECH,Board of Governors of the Federal Reserve System,FEDERAL_RESERVE_BOARD_ANNUAL_INDEX,https://www.federalreserve.gov/newsevents/speech/powell20260321a.htm,,raw/speech_catalog/board_indexes/2026-speeches.htm,PUBLICATION_DATE_TIME_NOT_EXPOSED_IN_ANNUAL_INDEX
c5cb28e9465956d3bf59,Michael S. Barr,2026-03-24,UNKNOWN,UNKNOWN,UNKNOWN,UNKNOWN,UNKNOWN,,Developing Communities through Public-private Partnerships,,SPEECH,Board of Governors of the Federal Reserve System,FEDERAL_RESERVE_BOARD_ANNUAL_INDEX,https://www.federalreserve.gov/newsevents/speech/barr20260324a.htm,,raw/speech_catalog/board_indexes/2026-speeches.htm,PUBLICATION_DATE_TIME_NOT_EXPOSED_IN_ANNUAL_INDEX
ec77dcdc3b3ca6b8a20f,Lisa D. Cook,2026-03-26,UNKNOWN,UNKNOWN,UNKNOWN,UNKNOWN,UNKNOWN,,Reflections on Financial Stability,,SPEECH,Board of Governors of the Federal Reserve System,FEDERAL_RESERVE_BOARD_ANNUAL_INDEX,https://www.federalreserve.gov/newsevents/speech/cook20260326a.htm,,raw/speech_catalog/board_indexes/2026-speeches.htm,PUBLICATION_DATE_TIME_NOT_EXPOSED_IN_ANNUAL_INDEX
555804102c31f1122cb3,Michael S. Barr,2026-03-26,UNKNOWN,UNKNOWN,UNKNOWN,UNKNOWN,UNKNOWN,,Brief Remarks on the Economic Outlook and Monetary Policy,,SPEECH,Board of Governors of the Federal Reserve System,FEDERAL_RESERVE_BOARD_ANNUAL_INDEX,https://www.federalreserve.gov/newsevents/speech/barr20260326a.htm,,raw/speech_catalog/board_indexes/2026-speeches.htm,PUBLICATION_DATE_TIME_NOT_EXPOSED_IN_ANNUAL_INDEX
c03b62c2f5432da45c16,Philip N. Jefferson,2026-03-26,UNKNOWN,UNKNOWN,UNKNOWN,UNKNOWN,UNKNOWN,,Economic Outlook and Energy Effects,,SPEECH,Board of Governors of the Federal Reserve System,FEDERAL_RESERVE_BOARD_ANNUAL_INDEX,https://www.federalreserve.gov/newsevents/speech/jefferson20260326a.htm,,raw/speech_catalog/board_indexes/2026-speeches.htm,PUBLICATION_DATE_TIME_NOT_EXPOSED_IN_ANNUAL_INDEX
bfa3be223c6ccc638516,Stephen I. Miran,2026-03-26,UNKNOWN,UNKNOWN,UNKNOWN,UNKNOWN,UNKNOWN,,Prospects for Shrinking the Fed’s Balance Sheet,,SPEECH,Board of Governors of the Federal Reserve System,FEDERAL_RESERVE_BOARD_ANNUAL_INDEX,https://www.federalreserve.gov/newsevents/speech/miran20260326a.htm,,raw/speech_catalog/board_indexes/2026-speeches.htm,PUBLICATION_DATE_TIME_NOT_EXPOSED_IN_ANNUAL_INDEX
9ce22b1ca2c69f5f3656,Michael S. Barr,2026-03-31,UNKNOWN,UNKNOWN,UNKNOWN,UNKNOWN,UNKNOWN,,Brief Remarks on Stablecoins,,SPEECH,Board of Governors of the Federal Reserve System,FEDERAL_RESERVE_BOARD_ANNUAL_INDEX,https://www.federalreserve.gov/newsevents/speech/barr20260331a.htm,,raw/speech_catalog/board_indexes/2026-speeches.htm,PUBLICATION_DATE_TIME_NOT_EXPOSED_IN_ANNUAL_INDEX
ed1c067c1a78e6504918,for Supervision Michelle W. Bowman,2026-03-31,UNKNOWN,UNKNOWN,UNKNOWN,UNKNOWN,UNKNOWN,,Supporting Small Businesses,,SPEECH,Board of Governors of the Federal Reserve System,FEDERAL_RESERVE_BOARD_ANNUAL_INDEX,https://www.federalreserve.gov/newsevents/speech/bowman20260331a.htm,,raw/speech_catalog/board_indexes/2026-speeches.htm,PUBLICATION_DATE_TIME_NOT_EXPOSED_IN_ANNUAL_INDEX
5a0a6e7db61194e254b4,Philip N. Jefferson,2026-04-07,UNKNOWN,UNKNOWN,UNKNOWN,UNKNOWN,UNKNOWN,,Economic Outlook and the Labor Market,,SPEECH,Board of Governors of the Federal Reserve System,FEDERAL_RESERVE_BOARD_ANNUAL_INDEX,https://www.federalreserve.gov/newsevents/speech/jefferson20260407a.htm,,raw/speech_catalog/board_indexes/2026-speeches.htm,PUBLICATION_DATE_TIME_NOT_EXPOSED_IN_ANNUAL_INDEX
c72f8724c899ef1aefa4,Michael S. Barr,2026-04-14,UNKNOWN,UNKNOWN,UNKNOWN,UNKNOWN,UNKNOWN,,Rural Communities: Worth the Investment,,SPEECH,Board of Governors of the Federal Reserve System,FEDERAL_RESERVE_BOARD_ANNUAL_INDEX,https://www.federalreserve.gov/newsevents/speech/barr20260414a.htm,,raw/speech_catalog/board_indexes/2026-speeches.htm,PUBLICATION_DATE_TIME_NOT_EXPOSED_IN_ANNUAL_INDEX
5c56b2a10ce1a1dbdcb9,Christopher J. Waller,2026-04-17,UNKNOWN,UNKNOWN,UNKNOWN,UNKNOWN,UNKNOWN,,One Transitory Shock After Another,,SPEECH,Board of Governors of the Federal Reserve System,FEDERAL_RESERVE_BOARD_ANNUAL_INDEX,https://www.federalreserve.gov/newsevents/speech/waller20260417a.htm,,raw/speech_catalog/board_indexes/2026-speeches.htm,PUBLICATION_DATE_TIME_NOT_EXPOSED_IN_ANNUAL_INDEX
1d4a3b19039e15c7a0bc,Christopher J. Waller,2026-04-21,UNKNOWN,UNKNOWN,UNKNOWN,UNKNOWN,UNKNOWN,,Modernizing Federal Reserve Operations in the 21st Century,,SPEECH,Board of Governors of the Federal Reserve System,FEDERAL_RESERVE_BOARD_ANNUAL_INDEX,https://www.federalreserve.gov/newsevents/speech/waller20260421a.htm,,raw/speech_catalog/board_indexes/2026-speeches.htm,PUBLICATION_DATE_TIME_NOT_EXPOSED_IN_ANNUAL_INDEX
f75ba989c04a2013ae45,for Supervision Michelle W. Bowman,2026-05-01,UNKNOWN,UNKNOWN,UNKNOWN,UNKNOWN,UNKNOWN,,Artificial Intelligence in the Financial System,,SPEECH,Board of Governors of the Federal Reserve System,FEDERAL_RESERVE_BOARD_ANNUAL_INDEX,https://www.federalreserve.gov/newsevents/speech/bowman20260501a.htm,,raw/speech_catalog/board_indexes/2026-speeches.htm,PUBLICATION_DATE_TIME_NOT_EXPOSED_IN_ANNUAL_INDEX
bda8ad63084286b75d44,for Supervision Michelle W. Bowman,2026-05-05,UNKNOWN,UNKNOWN,UNKNOWN,UNKNOWN,UNKNOWN,,A Coordinated Approach to Consumer Fraud Protection,,SPEECH,Board of Governors of the Federal Reserve System,FEDERAL_RESERVE_BOARD_ANNUAL_INDEX,https://www.federalreserve.gov/newsevents/speech/bowman20260505a.htm,,raw/speech_catalog/board_indexes/2026-speeches.htm,PUBLICATION_DATE_TIME_NOT_EXPOSED_IN_ANNUAL_INDEX
a46d031fb6f7b4a559c2,Christopher J. Waller,2026-05-08,UNKNOWN,UNKNOWN,UNKNOWN,UNKNOWN,UNKNOWN,,Update On Federal Reserve Bank Operations,,SPEECH,Board of Governors of the Federal Reserve System,FEDERAL_RESERVE_BOARD_ANNUAL_INDEX,https://www.federalreserve.gov/newsevents/speech/waller20260508a.htm,,raw/speech_catalog/board_indexes/2026-speeches.htm,PUBLICATION_DATE_TIME_NOT_EXPOSED_IN_ANNUAL_INDEX
82262ea88c6b6e5c57d3,Lisa D. Cook,2026-05-08,UNKNOWN,UNKNOWN,UNKNOWN,UNKNOWN,UNKNOWN,,Perspectives on Tokenization and Implications for the Financial System,,SPEECH,Board of Governors of the Federal Reserve System,FEDERAL_RESERVE_BOARD_ANNUAL_INDEX,https://www.federalreserve.gov/newsevents/speech/cook20260508a.htm,,raw/speech_catalog/board_indexes/2026-speeches.htm,PUBLICATION_DATE_TIME_NOT_EXPOSED_IN_ANNUAL_INDEX
c100fbdf1131cb6f4408,for Supervision Michelle W. Bowman,2026-05-08,UNKNOWN,UNKNOWN,UNKNOWN,UNKNOWN,UNKNOWN,,When Regulation Reshapes Markets: The Migration of Corporate Lending,,SPEECH,Board of Governors of the Federal Reserve System,FEDERAL_RESERVE_BOARD_ANNUAL_INDEX,https://www.federalreserve.gov/newsevents/speech/bowman20260508a.htm,,raw/speech_catalog/board_indexes/2026-speeches.htm,PUBLICATION_DATE_TIME_NOT_EXPOSED_IN_ANNUAL_INDEX
8af186ca6c5058a747ad,Michael S. Barr,2026-05-14,UNKNOWN,UNKNOWN,UNKNOWN,UNKNOWN,UNKNOWN,,Efficient and Effective Central Banking: Beyond the Balance Sheet,,SPEECH,Board of Governors of the Federal Reserve System,FEDERAL_RESERVE_BOARD_ANNUAL_INDEX,https://www.federalreserve.gov/newsevents/speech/barr20260514a.htm,,raw/speech_catalog/board_indexes/2026-speeches.htm,PUBLICATION_DATE_TIME_NOT_EXPOSED_IN_ANNUAL_INDEX
65767c90c05cf4bc62a2,for Supervision Michelle W. Bowman,2026-05-14,UNKNOWN,UNKNOWN,UNKNOWN,UNKNOWN,UNKNOWN,,Opening Remarks,,SPEECH,Board of Governors of the Federal Reserve System,FEDERAL_RESERVE_BOARD_ANNUAL_INDEX,https://www.federalreserve.gov/newsevents/speech/bowman20260514a.htm,,raw/speech_catalog/board_indexes/2026-speeches.htm,PUBLICATION_DATE_TIME_NOT_EXPOSED_IN_ANNUAL_INDEX
163c7e7c44ce3e9d4ac9,Michael S. Barr,2026-05-20,UNKNOWN,UNKNOWN,UNKNOWN,UNKNOWN,UNKNOWN,,Measuring Financial Health,,SPEECH,Board of Governors of the Federal Reserve System,FEDERAL_RESERVE_BOARD_ANNUAL_INDEX,https://www.federalreserve.gov/newsevents/speech/barr20260520a.htm,,raw/speech_catalog/board_indexes/2026-speeches.htm,PUBLICATION_DATE_TIME_NOT_EXPOSED_IN_ANNUAL_INDEX
b463862fa9f1ff0dd6ea,Christopher J. Waller,2026-05-22,UNKNOWN,UNKNOWN,UNKNOWN,UNKNOWN,UNKNOWN,,Policy Risks Have Changed,,SPEECH,Board of Governors of the Federal Reserve System,FEDERAL_RESERVE_BOARD_ANNUAL_INDEX,https://www.federalreserve.gov/newsevents/speech/waller20260522a.htm,,raw/speech_catalog/board_indexes/2026-speeches.htm,PUBLICATION_DATE_TIME_NOT_EXPOSED_IN_ANNUAL_INDEX
4344b497f5d283a8f35d,Lisa D. Cook,2026-05-27,UNKNOWN,UNKNOWN,UNKNOWN,UNKNOWN,UNKNOWN,,The Opportunities and Risks AI Presents for the Economy and Financial System,,SPEECH,Board of Governors of the Federal Reserve System,FEDERAL_RESERVE_BOARD_ANNUAL_INDEX,https://www.federalreserve.gov/newsevents/speech/cook20260527a.htm,,raw/speech_catalog/board_indexes/2026-speeches.htm,PUBLICATION_DATE_TIME_NOT_EXPOSED_IN_ANNUAL_INDEX
0fcb65dfc8dd82e879f8,Philip N. Jefferson,2026-05-27,UNKNOWN,UNKNOWN,UNKNOWN,UNKNOWN,UNKNOWN,,Global Economic Developments and the U.S. Economy,,SPEECH,Board of Governors of the Federal Reserve System,FEDERAL_RESERVE_BOARD_ANNUAL_INDEX,https://www.federalreserve.gov/newsevents/speech/jefferson20260527a.htm,,raw/speech_catalog/board_indexes/2026-speeches.htm,PUBLICATION_DATE_TIME_NOT_EXPOSED_IN_ANNUAL_INDEX
2f4a035ffbef5f4e20b4,for Supervision Michelle W. Bowman,2026-05-29,UNKNOWN,UNKNOWN,UNKNOWN,UNKNOWN,UNKNOWN,,A Framework for Practical Monetary Policy Decision Making,,SPEECH,Board of Governors of the Federal Reserve System,FEDERAL_RESERVE_BOARD_ANNUAL_INDEX,https://www.federalreserve.gov/newsevents/speech/bowman20260529a.htm,,raw/speech_catalog/board_indexes/2026-speeches.htm,PUBLICATION_DATE_TIME_NOT_EXPOSED_IN_ANNUAL_INDEX
e2a95136de1de73e6cb1,Jerome H. Powell,2026-05-31,UNKNOWN,UNKNOWN,UNKNOWN,UNKNOWN,UNKNOWN,,Acceptance Remarks,,SPEECH,Board of Governors of the Federal Reserve System,FEDERAL_RESERVE_BOARD_ANNUAL_INDEX,https://www.federalreserve.gov/newsevents/speech/powell20260531a.htm,,raw/speech_catalog/board_indexes/2026-speeches.htm,PUBLICATION_DATE_TIME_NOT_EXPOSED_IN_ANNUAL_INDEX
2bd8d13a7852f5c08d10,Michael S. Barr,2026-06-06,UNKNOWN,UNKNOWN,UNKNOWN,UNKNOWN,UNKNOWN,,Deregulating in a Financial Boom: What Could Go Wrong?,,SPEECH,Board of Governors of the Federal Reserve System,FEDERAL_RESERVE_BOARD_ANNUAL_INDEX,https://www.federalreserve.gov/newsevents/speech/barr20260606a.htm,,raw/speech_catalog/board_indexes/2026-speeches.htm,PUBLICATION_DATE_TIME_NOT_EXPOSED_IN_ANNUAL_INDEX
67f0a939eadce19aae3b,Christopher J. Waller,2026-06-22,UNKNOWN,UNKNOWN,UNKNOWN,UNKNOWN,UNKNOWN,,Welcoming Remarks on the International Role of the U.S. Dollar,,SPEECH,Board of Governors of the Federal Reserve System,FEDERAL_RESERVE_BOARD_ANNUAL_INDEX,https://www.federalreserve.gov/newsevents/speech/waller20260622a.htm,,raw/speech_catalog/board_indexes/2026-speeches.htm,PUBLICATION_DATE_TIME_NOT_EXPOSED_IN_ANNUAL_INDEX
67a097394e7ca2acadd6,Lisa D. Cook,2026-06-24,UNKNOWN,UNKNOWN,UNKNOWN,UNKNOWN,UNKNOWN,,Video,,SPEECH,Board of Governors of the Federal Reserve System,FEDERAL_RESERVE_BOARD_ANNUAL_INDEX,https://www.federalreserve.gov/newsevents/speech/cook20260624a.htm,,raw/speech_catalog/board_indexes/2026-speeches.htm,PUBLICATION_DATE_TIME_NOT_EXPOSED_IN_ANNUAL_INDEX
97bbbb93275feeaf36eb,Christopher J. Waller,2026-07-06,UNKNOWN,UNKNOWN,UNKNOWN,UNKNOWN,UNKNOWN,,Two Thoughts on the Transmission of Monetary Policy,,SPEECH,Board of Governors of the Federal Reserve System,FEDERAL_RESERVE_BOARD_ANNUAL_INDEX,https://www.federalreserve.gov/newsevents/speech/waller20260706a.htm,,raw/speech_catalog/board_indexes/2026-speeches.htm,PUBLICATION_DATE_TIME_NOT_EXPOSED_IN_ANNUAL_INDEX
528bfacdc7eb71a5ed4f,for Supervision Michelle W. Bowman,2026-07-07,UNKNOWN,UNKNOWN,UNKNOWN,UNKNOWN,UNKNOWN,,Opening Remarks on Sound Practices for Artificial Intelligence,,SPEECH,Board of Governors of the Federal Reserve System,FEDERAL_RESERVE_BOARD_ANNUAL_INDEX,https://www.federalreserve.gov/newsevents/speech/bowman20260707a.htm,,raw/speech_catalog/board_indexes/2026-speeches.htm,PUBLICATION_DATE_TIME_NOT_EXPOSED_IN_ANNUAL_INDEX
fda02303bcd9929f2ff7,Christopher J. Waller,2026-07-13,UNKNOWN,UNKNOWN,UNKNOWN,UNKNOWN,UNKNOWN,,Monetary Policy at a Crossroads,,SPEECH,Board of Governors of the Federal Reserve System,FEDERAL_RESERVE_BOARD_ANNUAL_INDEX,https://www.federalreserve.gov/newsevents/speech/waller20260713a.htm,,raw/speech_catalog/board_indexes/2026-speeches.htm,PUBLICATION_DATE_TIME_NOT_EXPOSED_IN_ANNUAL_INDEX
b5c8a51d5a5cfba2928a,for Supervision Michelle W. Bowman,2026-07-13,UNKNOWN,UNKNOWN,UNKNOWN,UNKNOWN,UNKNOWN,,Modernizing Financial Regulation,,SPEECH,Board of Governors of the Federal Reserve System,FEDERAL_RESERVE_BOARD_ANNUAL_INDEX,https://www.federalreserve.gov/newsevents/speech/bowman20260713a.htm,,raw/speech_catalog/board_indexes/2026-speeches.htm,PUBLICATION_DATE_TIME_NOT_EXPOSED_IN_ANNUAL_INDEX
da784875cf3b65505e12,Michael S. Barr,2026-07-14,UNKNOWN,UNKNOWN,UNKNOWN,UNKNOWN,UNKNOWN,,Will Artificial Intelligence Broadly Raise Living Standards or Drive Income and Wealth Inequality?,,SPEECH,Board of Governors of the Federal Reserve System,FEDERAL_RESERVE_BOARD_ANNUAL_INDEX,https://www.federalreserve.gov/newsevents/speech/barr20260714a.htm,,raw/speech_catalog/board_indexes/2026-speeches.htm,PUBLICATION_DATE_TIME_NOT_EXPOSED_IN_ANNUAL_INDEX
237418639e8e5deb34d9,for Supervision Michelle W. Bowman,2026-07-14,UNKNOWN,UNKNOWN,UNKNOWN,UNKNOWN,UNKNOWN,,Video,,SPEECH,Board of Governors of the Federal Reserve System,FEDERAL_RESERVE_BOARD_ANNUAL_INDEX,https://www.federalreserve.gov/newsevents/speech/bowman20260714a.htm,,raw/speech_catalog/board_indexes/2026-speeches.htm,PUBLICATION_DATE_TIME_NOT_EXPOSED_IN_ANNUAL_INDEX
925a7e2da4f3c788ef82,Lisa D. Cook,2026-07-15,UNKNOWN,UNKNOWN,UNKNOWN,UNKNOWN,UNKNOWN,,Economic Outlook,,SPEECH,Board of Governors of the Federal Reserve System,FEDERAL_RESERVE_BOARD_ANNUAL_INDEX,https://www.federalreserve.gov/newsevents/speech/cook20260715a.htm,,raw/speech_catalog/board_indexes/2026-speeches.htm,PUBLICATION_DATE_TIME_NOT_EXPOSED_IN_ANNUAL_INDEX
18216d6a684dd7c16150,Philip N. Jefferson,2026-07-16,UNKNOWN,UNKNOWN,UNKNOWN,UNKNOWN,UNKNOWN,,Navigating Economic Shocks: A Monetary Policymaker’s Perspective,,SPEECH,Board of Governors of the Federal Reserve System,FEDERAL_RESERVE_BOARD_ANNUAL_INDEX,https://www.federalreserve.gov/newsevents/speech/jefferson20260716a.htm,,raw/speech_catalog/board_indexes/2026-speeches.htm,PUBLICATION_DATE_TIME_NOT_EXPOSED_IN_ANNUAL_INDEX
0ae80a98124da1d871a2,Lisa D. Cook,2026-08-05,UNKNOWN,UNKNOWN,UNKNOWN,UNKNOWN,UNKNOWN,,Outlook for the U.S. and Alaskan Economies,,SPEECH,Board of Governors of the Federal Reserve System,FEDERAL_RESERVE_BOARD_ANNUAL_INDEX,https://www.federalreserve.gov/newsevents/speech/cook20260805a.htm,,raw/speech_catalog/board_indexes/2026-speeches.htm,PUBLICATION_DATE_TIME_NOT_EXPOSED_IN_ANNUAL_INDEX
c840153cc6bfb532023f,Kevin Warsh,2026-08-28,UNKNOWN,UNKNOWN,UNKNOWN,UNKNOWN,UNKNOWN,,In Our Time,,SPEECH,Board of Governors of the Federal Reserve System,FEDERAL_RESERVE_BOARD_ANNUAL_INDEX,https://www.federalreserve.gov/newsevents/speech/warsh20260828a.htm,,raw/speech_catalog/board_indexes/2026-speeches.htm,PUBLICATION_DATE_TIME_NOT_EXPOSED_IN_ANNUAL_INDEX
c4bd78be6ff9d50c9ade,Michael S. Barr,2026-09-01,UNKNOWN,UNKNOWN,UNKNOWN,UNKNOWN,UNKNOWN,,Unlocking Opportunities for Workers and Entrepreneurs with a Criminal Record,,SPEECH,Board of Governors of the Federal Reserve System,FEDERAL_RESERVE_BOARD_ANNUAL_INDEX,https://www.federalreserve.gov/newsevents/speech/barr20260901a.htm,,raw/speech_catalog/board_indexes/2026-speeches.htm,PUBLICATION_DATE_TIME_NOT_EXPOSED_IN_ANNUAL_INDEX
1d249af0f0851d0eb0db,Christopher J. Waller,2026-09-03,UNKNOWN,UNKNOWN,UNKNOWN,UNKNOWN,UNKNOWN,,The Economic Outlook and Some Comments on My Policy Communication,,SPEECH,Board of Governors of the Federal Reserve System,FEDERAL_RESERVE_BOARD_ANNUAL_INDEX,https://www.federalreserve.gov/newsevents/speech/waller20260903a.htm,,raw/speech_catalog/board_indexes/2026-speeches.htm,PUBLICATION_DATE_TIME_NOT_EXPOSED_IN_ANNUAL_INDEX
