meeting_date,member_name,vote,committee_action,dissent_direction,policy_preference,stance_score,evidence_basis,source_url,raw_file,raw_snippet,annotation_note
2012-01-25,Ben S. Bernanke,FOR,HOLD,CONCUR,HOLD,0,VOTE_ACTION_PROXY,https://www.federalreserve.gov/newsevents/pressreleases/monetary20120125a.htm,raw/statements/monetary20120125a.htm,"Voting for the FOMC monetary policy action were: Ben S. Bernanke, Chairman; William C. Dudley, Vice Chairman; Elizabeth A. Duke; Dennis P. Lockhart; Sandra Pianalto; Sarah Bloom Raskin; Daniel K. Tarullo; John C. Williams; and Janet L. Yellen. Voting against the action was Jeffrey M. Lacker, who preferred to omit the description of the time period over which economic conditions are likely to warrant exceptionally low levels of the federal funds rate.","Concurrence proves support for the action, not ideology"
2012-01-25,Daniel K. Tarullo,FOR,HOLD,CONCUR,HOLD,0,VOTE_ACTION_PROXY,https://www.federalreserve.gov/newsevents/pressreleases/monetary20120125a.htm,raw/statements/monetary20120125a.htm,"Voting for the FOMC monetary policy action were: Ben S. Bernanke, Chairman; William C. Dudley, Vice Chairman; Elizabeth A. Duke; Dennis P. Lockhart; Sandra Pianalto; Sarah Bloom Raskin; Daniel K. Tarullo; John C. Williams; and Janet L. Yellen. Voting against the action was Jeffrey M. Lacker, who preferred to omit the description of the time period over which economic conditions are likely to warrant exceptionally low levels of the federal funds rate.","Concurrence proves support for the action, not ideology"
2012-01-25,Dennis P. Lockhart,FOR,HOLD,CONCUR,HOLD,0,VOTE_ACTION_PROXY,https://www.federalreserve.gov/newsevents/pressreleases/monetary20120125a.htm,raw/statements/monetary20120125a.htm,"Voting for the FOMC monetary policy action were: Ben S. Bernanke, Chairman; William C. Dudley, Vice Chairman; Elizabeth A. Duke; Dennis P. Lockhart; Sandra Pianalto; Sarah Bloom Raskin; Daniel K. Tarullo; John C. Williams; and Janet L. Yellen. Voting against the action was Jeffrey M. Lacker, who preferred to omit the description of the time period over which economic conditions are likely to warrant exceptionally low levels of the federal funds rate.","Concurrence proves support for the action, not ideology"
2012-01-25,Elizabeth A. Duke,FOR,HOLD,CONCUR,HOLD,0,VOTE_ACTION_PROXY,https://www.federalreserve.gov/newsevents/pressreleases/monetary20120125a.htm,raw/statements/monetary20120125a.htm,"Voting for the FOMC monetary policy action were: Ben S. Bernanke, Chairman; William C. Dudley, Vice Chairman; Elizabeth A. Duke; Dennis P. Lockhart; Sandra Pianalto; Sarah Bloom Raskin; Daniel K. Tarullo; John C. Williams; and Janet L. Yellen. Voting against the action was Jeffrey M. Lacker, who preferred to omit the description of the time period over which economic conditions are likely to warrant exceptionally low levels of the federal funds rate.","Concurrence proves support for the action, not ideology"
2012-01-25,Janet L. Yellen,FOR,HOLD,CONCUR,HOLD,0,VOTE_ACTION_PROXY,https://www.federalreserve.gov/newsevents/pressreleases/monetary20120125a.htm,raw/statements/monetary20120125a.htm,"Voting for the FOMC monetary policy action were: Ben S. Bernanke, Chairman; William C. Dudley, Vice Chairman; Elizabeth A. Duke; Dennis P. Lockhart; Sandra Pianalto; Sarah Bloom Raskin; Daniel K. Tarullo; John C. Williams; and Janet L. Yellen. Voting against the action was Jeffrey M. Lacker, who preferred to omit the description of the time period over which economic conditions are likely to warrant exceptionally low levels of the federal funds rate.","Concurrence proves support for the action, not ideology"
2012-01-25,Jeffrey M. Lacker,AGAINST,HOLD,TIGHTER,LESS_ACCOMMODATION,2,VOTE_DISSENT,https://www.federalreserve.gov/newsevents/pressreleases/monetary20120125a.htm,raw/statements/monetary20120125a.htm,"Voting for the FOMC monetary policy action were: Ben S. Bernanke, Chairman; William C. Dudley, Vice Chairman; Elizabeth A. Duke; Dennis P. Lockhart; Sandra Pianalto; Sarah Bloom Raskin; Daniel K. Tarullo; John C. Williams; and Janet L. Yellen. Voting against the action was Jeffrey M. Lacker, who preferred to omit the description of the time period over which economic conditions are likely to warrant exceptionally low levels of the federal funds rate.",Opposed the stated exceptionally-low-rate horizon
2012-01-25,John C. Williams,FOR,HOLD,CONCUR,HOLD,0,VOTE_ACTION_PROXY,https://www.federalreserve.gov/newsevents/pressreleases/monetary20120125a.htm,raw/statements/monetary20120125a.htm,"Voting for the FOMC monetary policy action were: Ben S. Bernanke, Chairman; William C. Dudley, Vice Chairman; Elizabeth A. Duke; Dennis P. Lockhart; Sandra Pianalto; Sarah Bloom Raskin; Daniel K. Tarullo; John C. Williams; and Janet L. Yellen. Voting against the action was Jeffrey M. Lacker, who preferred to omit the description of the time period over which economic conditions are likely to warrant exceptionally low levels of the federal funds rate.","Concurrence proves support for the action, not ideology"
2012-01-25,Sandra Pianalto,FOR,HOLD,CONCUR,HOLD,0,VOTE_ACTION_PROXY,https://www.federalreserve.gov/newsevents/pressreleases/monetary20120125a.htm,raw/statements/monetary20120125a.htm,"Voting for the FOMC monetary policy action were: Ben S. Bernanke, Chairman; William C. Dudley, Vice Chairman; Elizabeth A. Duke; Dennis P. Lockhart; Sandra Pianalto; Sarah Bloom Raskin; Daniel K. Tarullo; John C. Williams; and Janet L. Yellen. Voting against the action was Jeffrey M. Lacker, who preferred to omit the description of the time period over which economic conditions are likely to warrant exceptionally low levels of the federal funds rate.","Concurrence proves support for the action, not ideology"
2012-01-25,Sarah Bloom Raskin,FOR,HOLD,CONCUR,HOLD,0,VOTE_ACTION_PROXY,https://www.federalreserve.gov/newsevents/pressreleases/monetary20120125a.htm,raw/statements/monetary20120125a.htm,"Voting for the FOMC monetary policy action were: Ben S. Bernanke, Chairman; William C. Dudley, Vice Chairman; Elizabeth A. Duke; Dennis P. Lockhart; Sandra Pianalto; Sarah Bloom Raskin; Daniel K. Tarullo; John C. Williams; and Janet L. Yellen. Voting against the action was Jeffrey M. Lacker, who preferred to omit the description of the time period over which economic conditions are likely to warrant exceptionally low levels of the federal funds rate.","Concurrence proves support for the action, not ideology"
2012-01-25,William C. Dudley,FOR,HOLD,CONCUR,HOLD,0,VOTE_ACTION_PROXY,https://www.federalreserve.gov/newsevents/pressreleases/monetary20120125a.htm,raw/statements/monetary20120125a.htm,"Voting for the FOMC monetary policy action were: Ben S. Bernanke, Chairman; William C. Dudley, Vice Chairman; Elizabeth A. Duke; Dennis P. Lockhart; Sandra Pianalto; Sarah Bloom Raskin; Daniel K. Tarullo; John C. Williams; and Janet L. Yellen. Voting against the action was Jeffrey M. Lacker, who preferred to omit the description of the time period over which economic conditions are likely to warrant exceptionally low levels of the federal funds rate.","Concurrence proves support for the action, not ideology"
2012-03-13,Ben S. Bernanke,FOR,HOLD,CONCUR,HOLD,0,VOTE_ACTION_PROXY,https://www.federalreserve.gov/newsevents/pressreleases/monetary20120313a.htm,raw/statements/monetary20120313a.htm,"Voting for the FOMC monetary policy action were: Ben S. Bernanke, Chairman; William C. Dudley, Vice Chairman; Elizabeth A. Duke; Dennis P. Lockhart; Sandra Pianalto; Sarah Bloom Raskin; Daniel K. Tarullo; John C. Williams; and Janet L. Yellen. Voting against the action was Jeffrey M. Lacker, who does not anticipate that economic conditions are likely to warrant exceptionally low levels of the federal funds rate through late 2014.","Concurrence proves support for the action, not ideology"
2012-03-13,Daniel K. Tarullo,FOR,HOLD,CONCUR,HOLD,0,VOTE_ACTION_PROXY,https://www.federalreserve.gov/newsevents/pressreleases/monetary20120313a.htm,raw/statements/monetary20120313a.htm,"Voting for the FOMC monetary policy action were: Ben S. Bernanke, Chairman; William C. Dudley, Vice Chairman; Elizabeth A. Duke; Dennis P. Lockhart; Sandra Pianalto; Sarah Bloom Raskin; Daniel K. Tarullo; John C. Williams; and Janet L. Yellen. Voting against the action was Jeffrey M. Lacker, who does not anticipate that economic conditions are likely to warrant exceptionally low levels of the federal funds rate through late 2014.","Concurrence proves support for the action, not ideology"
2012-03-13,Dennis P. Lockhart,FOR,HOLD,CONCUR,HOLD,0,VOTE_ACTION_PROXY,https://www.federalreserve.gov/newsevents/pressreleases/monetary20120313a.htm,raw/statements/monetary20120313a.htm,"Voting for the FOMC monetary policy action were: Ben S. Bernanke, Chairman; William C. Dudley, Vice Chairman; Elizabeth A. Duke; Dennis P. Lockhart; Sandra Pianalto; Sarah Bloom Raskin; Daniel K. Tarullo; John C. Williams; and Janet L. Yellen. Voting against the action was Jeffrey M. Lacker, who does not anticipate that economic conditions are likely to warrant exceptionally low levels of the federal funds rate through late 2014.","Concurrence proves support for the action, not ideology"
2012-03-13,Elizabeth A. Duke,FOR,HOLD,CONCUR,HOLD,0,VOTE_ACTION_PROXY,https://www.federalreserve.gov/newsevents/pressreleases/monetary20120313a.htm,raw/statements/monetary20120313a.htm,"Voting for the FOMC monetary policy action were: Ben S. Bernanke, Chairman; William C. Dudley, Vice Chairman; Elizabeth A. Duke; Dennis P. Lockhart; Sandra Pianalto; Sarah Bloom Raskin; Daniel K. Tarullo; John C. Williams; and Janet L. Yellen. Voting against the action was Jeffrey M. Lacker, who does not anticipate that economic conditions are likely to warrant exceptionally low levels of the federal funds rate through late 2014.","Concurrence proves support for the action, not ideology"
2012-03-13,Janet L. Yellen,FOR,HOLD,CONCUR,HOLD,0,VOTE_ACTION_PROXY,https://www.federalreserve.gov/newsevents/pressreleases/monetary20120313a.htm,raw/statements/monetary20120313a.htm,"Voting for the FOMC monetary policy action were: Ben S. Bernanke, Chairman; William C. Dudley, Vice Chairman; Elizabeth A. Duke; Dennis P. Lockhart; Sandra Pianalto; Sarah Bloom Raskin; Daniel K. Tarullo; John C. Williams; and Janet L. Yellen. Voting against the action was Jeffrey M. Lacker, who does not anticipate that economic conditions are likely to warrant exceptionally low levels of the federal funds rate through late 2014.","Concurrence proves support for the action, not ideology"
2012-03-13,Jeffrey M. Lacker,AGAINST,HOLD,TIGHTER,LESS_ACCOMMODATION,2,VOTE_DISSENT,https://www.federalreserve.gov/newsevents/pressreleases/monetary20120313a.htm,raw/statements/monetary20120313a.htm,"Voting for the FOMC monetary policy action were: Ben S. Bernanke, Chairman; William C. Dudley, Vice Chairman; Elizabeth A. Duke; Dennis P. Lockhart; Sandra Pianalto; Sarah Bloom Raskin; Daniel K. Tarullo; John C. Williams; and Janet L. Yellen. Voting against the action was Jeffrey M. Lacker, who does not anticipate that economic conditions are likely to warrant exceptionally low levels of the federal funds rate through late 2014.",Opposed the stated exceptionally-low-rate horizon
2012-03-13,John C. Williams,FOR,HOLD,CONCUR,HOLD,0,VOTE_ACTION_PROXY,https://www.federalreserve.gov/newsevents/pressreleases/monetary20120313a.htm,raw/statements/monetary20120313a.htm,"Voting for the FOMC monetary policy action were: Ben S. Bernanke, Chairman; William C. Dudley, Vice Chairman; Elizabeth A. Duke; Dennis P. Lockhart; Sandra Pianalto; Sarah Bloom Raskin; Daniel K. Tarullo; John C. Williams; and Janet L. Yellen. Voting against the action was Jeffrey M. Lacker, who does not anticipate that economic conditions are likely to warrant exceptionally low levels of the federal funds rate through late 2014.","Concurrence proves support for the action, not ideology"
2012-03-13,Sandra Pianalto,FOR,HOLD,CONCUR,HOLD,0,VOTE_ACTION_PROXY,https://www.federalreserve.gov/newsevents/pressreleases/monetary20120313a.htm,raw/statements/monetary20120313a.htm,"Voting for the FOMC monetary policy action were: Ben S. Bernanke, Chairman; William C. Dudley, Vice Chairman; Elizabeth A. Duke; Dennis P. Lockhart; Sandra Pianalto; Sarah Bloom Raskin; Daniel K. Tarullo; John C. Williams; and Janet L. Yellen. Voting against the action was Jeffrey M. Lacker, who does not anticipate that economic conditions are likely to warrant exceptionally low levels of the federal funds rate through late 2014.","Concurrence proves support for the action, not ideology"
2012-03-13,Sarah Bloom Raskin,FOR,HOLD,CONCUR,HOLD,0,VOTE_ACTION_PROXY,https://www.federalreserve.gov/newsevents/pressreleases/monetary20120313a.htm,raw/statements/monetary20120313a.htm,"Voting for the FOMC monetary policy action were: Ben S. Bernanke, Chairman; William C. Dudley, Vice Chairman; Elizabeth A. Duke; Dennis P. Lockhart; Sandra Pianalto; Sarah Bloom Raskin; Daniel K. Tarullo; John C. Williams; and Janet L. Yellen. Voting against the action was Jeffrey M. Lacker, who does not anticipate that economic conditions are likely to warrant exceptionally low levels of the federal funds rate through late 2014.","Concurrence proves support for the action, not ideology"
2012-03-13,William C. Dudley,FOR,HOLD,CONCUR,HOLD,0,VOTE_ACTION_PROXY,https://www.federalreserve.gov/newsevents/pressreleases/monetary20120313a.htm,raw/statements/monetary20120313a.htm,"Voting for the FOMC monetary policy action were: Ben S. Bernanke, Chairman; William C. Dudley, Vice Chairman; Elizabeth A. Duke; Dennis P. Lockhart; Sandra Pianalto; Sarah Bloom Raskin; Daniel K. Tarullo; John C. Williams; and Janet L. Yellen. Voting against the action was Jeffrey M. Lacker, who does not anticipate that economic conditions are likely to warrant exceptionally low levels of the federal funds rate through late 2014.","Concurrence proves support for the action, not ideology"
2012-04-25,Ben S. Bernanke,FOR,HOLD,CONCUR,HOLD,0,VOTE_ACTION_PROXY,https://www.federalreserve.gov/newsevents/pressreleases/monetary20120425a.htm,raw/statements/monetary20120425a.htm,"Voting for the FOMC monetary policy action were: Ben S. Bernanke, Chairman; William C. Dudley, Vice Chairman; Elizabeth A. Duke; Dennis P. Lockhart; Sandra Pianalto; Sarah Bloom Raskin; Daniel K. Tarullo; John C. Williams; and Janet L. Yellen. Voting against the action was Jeffrey M. Lacker, who does not anticipate that economic conditions are likely to warrant exceptionally low levels of the federal funds rate through late 2014.","Concurrence proves support for the action, not ideology"
2012-04-25,Daniel K. Tarullo,FOR,HOLD,CONCUR,HOLD,0,VOTE_ACTION_PROXY,https://www.federalreserve.gov/newsevents/pressreleases/monetary20120425a.htm,raw/statements/monetary20120425a.htm,"Voting for the FOMC monetary policy action were: Ben S. Bernanke, Chairman; William C. Dudley, Vice Chairman; Elizabeth A. Duke; Dennis P. Lockhart; Sandra Pianalto; Sarah Bloom Raskin; Daniel K. Tarullo; John C. Williams; and Janet L. Yellen. Voting against the action was Jeffrey M. Lacker, who does not anticipate that economic conditions are likely to warrant exceptionally low levels of the federal funds rate through late 2014.","Concurrence proves support for the action, not ideology"
2012-04-25,Dennis P. Lockhart,FOR,HOLD,CONCUR,HOLD,0,VOTE_ACTION_PROXY,https://www.federalreserve.gov/newsevents/pressreleases/monetary20120425a.htm,raw/statements/monetary20120425a.htm,"Voting for the FOMC monetary policy action were: Ben S. Bernanke, Chairman; William C. Dudley, Vice Chairman; Elizabeth A. Duke; Dennis P. Lockhart; Sandra Pianalto; Sarah Bloom Raskin; Daniel K. Tarullo; John C. Williams; and Janet L. Yellen. Voting against the action was Jeffrey M. Lacker, who does not anticipate that economic conditions are likely to warrant exceptionally low levels of the federal funds rate through late 2014.","Concurrence proves support for the action, not ideology"
2012-04-25,Elizabeth A. Duke,FOR,HOLD,CONCUR,HOLD,0,VOTE_ACTION_PROXY,https://www.federalreserve.gov/newsevents/pressreleases/monetary20120425a.htm,raw/statements/monetary20120425a.htm,"Voting for the FOMC monetary policy action were: Ben S. Bernanke, Chairman; William C. Dudley, Vice Chairman; Elizabeth A. Duke; Dennis P. Lockhart; Sandra Pianalto; Sarah Bloom Raskin; Daniel K. Tarullo; John C. Williams; and Janet L. Yellen. Voting against the action was Jeffrey M. Lacker, who does not anticipate that economic conditions are likely to warrant exceptionally low levels of the federal funds rate through late 2014.","Concurrence proves support for the action, not ideology"
2012-04-25,Janet L. Yellen,FOR,HOLD,CONCUR,HOLD,0,VOTE_ACTION_PROXY,https://www.federalreserve.gov/newsevents/pressreleases/monetary20120425a.htm,raw/statements/monetary20120425a.htm,"Voting for the FOMC monetary policy action were: Ben S. Bernanke, Chairman; William C. Dudley, Vice Chairman; Elizabeth A. Duke; Dennis P. Lockhart; Sandra Pianalto; Sarah Bloom Raskin; Daniel K. Tarullo; John C. Williams; and Janet L. Yellen. Voting against the action was Jeffrey M. Lacker, who does not anticipate that economic conditions are likely to warrant exceptionally low levels of the federal funds rate through late 2014.","Concurrence proves support for the action, not ideology"
2012-04-25,Jeffrey M. Lacker,AGAINST,HOLD,TIGHTER,LESS_ACCOMMODATION,2,VOTE_DISSENT,https://www.federalreserve.gov/newsevents/pressreleases/monetary20120425a.htm,raw/statements/monetary20120425a.htm,"Voting for the FOMC monetary policy action were: Ben S. Bernanke, Chairman; William C. Dudley, Vice Chairman; Elizabeth A. Duke; Dennis P. Lockhart; Sandra Pianalto; Sarah Bloom Raskin; Daniel K. Tarullo; John C. Williams; and Janet L. Yellen. Voting against the action was Jeffrey M. Lacker, who does not anticipate that economic conditions are likely to warrant exceptionally low levels of the federal funds rate through late 2014.",Opposed the stated exceptionally-low-rate horizon
2012-04-25,John C. Williams,FOR,HOLD,CONCUR,HOLD,0,VOTE_ACTION_PROXY,https://www.federalreserve.gov/newsevents/pressreleases/monetary20120425a.htm,raw/statements/monetary20120425a.htm,"Voting for the FOMC monetary policy action were: Ben S. Bernanke, Chairman; William C. Dudley, Vice Chairman; Elizabeth A. Duke; Dennis P. Lockhart; Sandra Pianalto; Sarah Bloom Raskin; Daniel K. Tarullo; John C. Williams; and Janet L. Yellen. Voting against the action was Jeffrey M. Lacker, who does not anticipate that economic conditions are likely to warrant exceptionally low levels of the federal funds rate through late 2014.","Concurrence proves support for the action, not ideology"
2012-04-25,Sandra Pianalto,FOR,HOLD,CONCUR,HOLD,0,VOTE_ACTION_PROXY,https://www.federalreserve.gov/newsevents/pressreleases/monetary20120425a.htm,raw/statements/monetary20120425a.htm,"Voting for the FOMC monetary policy action were: Ben S. Bernanke, Chairman; William C. Dudley, Vice Chairman; Elizabeth A. Duke; Dennis P. Lockhart; Sandra Pianalto; Sarah Bloom Raskin; Daniel K. Tarullo; John C. Williams; and Janet L. Yellen. Voting against the action was Jeffrey M. Lacker, who does not anticipate that economic conditions are likely to warrant exceptionally low levels of the federal funds rate through late 2014.","Concurrence proves support for the action, not ideology"
2012-04-25,Sarah Bloom Raskin,FOR,HOLD,CONCUR,HOLD,0,VOTE_ACTION_PROXY,https://www.federalreserve.gov/newsevents/pressreleases/monetary20120425a.htm,raw/statements/monetary20120425a.htm,"Voting for the FOMC monetary policy action were: Ben S. Bernanke, Chairman; William C. Dudley, Vice Chairman; Elizabeth A. Duke; Dennis P. Lockhart; Sandra Pianalto; Sarah Bloom Raskin; Daniel K. Tarullo; John C. Williams; and Janet L. Yellen. Voting against the action was Jeffrey M. Lacker, who does not anticipate that economic conditions are likely to warrant exceptionally low levels of the federal funds rate through late 2014.","Concurrence proves support for the action, not ideology"
2012-04-25,William C. Dudley,FOR,HOLD,CONCUR,HOLD,0,VOTE_ACTION_PROXY,https://www.federalreserve.gov/newsevents/pressreleases/monetary20120425a.htm,raw/statements/monetary20120425a.htm,"Voting for the FOMC monetary policy action were: Ben S. Bernanke, Chairman; William C. Dudley, Vice Chairman; Elizabeth A. Duke; Dennis P. Lockhart; Sandra Pianalto; Sarah Bloom Raskin; Daniel K. Tarullo; John C. Williams; and Janet L. Yellen. Voting against the action was Jeffrey M. Lacker, who does not anticipate that economic conditions are likely to warrant exceptionally low levels of the federal funds rate through late 2014.","Concurrence proves support for the action, not ideology"
2012-06-20,Ben S. Bernanke,FOR,HOLD,CONCUR,HOLD,0,VOTE_ACTION_PROXY,https://www.federalreserve.gov/newsevents/pressreleases/monetary20120620a.htm,raw/statements/monetary20120620a.htm,"Voting for the FOMC monetary policy action were: Ben S. Bernanke, Chairman; William C. Dudley, Vice Chairman; Elizabeth A. Duke; Dennis P. Lockhart; Sandra Pianalto; Jerome H. Powell; Sarah Bloom Raskin; Jeremy C. Stein; Daniel K. Tarullo; John C. Williams; and Janet L. Yellen. Voting against the action was Jeffrey M. Lacker, who opposed continuation of the maturity extension program. Statement Regarding Continuation of the Maturity Extension Program Related Information Maturity Extension Program and Reinvestment Policy Frequently Asked Questions","Concurrence proves support for the action, not ideology"
2012-06-20,Daniel K. Tarullo,FOR,HOLD,CONCUR,HOLD,0,VOTE_ACTION_PROXY,https://www.federalreserve.gov/newsevents/pressreleases/monetary20120620a.htm,raw/statements/monetary20120620a.htm,"Voting for the FOMC monetary policy action were: Ben S. Bernanke, Chairman; William C. Dudley, Vice Chairman; Elizabeth A. Duke; Dennis P. Lockhart; Sandra Pianalto; Jerome H. Powell; Sarah Bloom Raskin; Jeremy C. Stein; Daniel K. Tarullo; John C. Williams; and Janet L. Yellen. Voting against the action was Jeffrey M. Lacker, who opposed continuation of the maturity extension program. Statement Regarding Continuation of the Maturity Extension Program Related Information Maturity Extension Program and Reinvestment Policy Frequently Asked Questions","Concurrence proves support for the action, not ideology"
2012-06-20,Dennis P. Lockhart,FOR,HOLD,CONCUR,HOLD,0,VOTE_ACTION_PROXY,https://www.federalreserve.gov/newsevents/pressreleases/monetary20120620a.htm,raw/statements/monetary20120620a.htm,"Voting for the FOMC monetary policy action were: Ben S. Bernanke, Chairman; William C. Dudley, Vice Chairman; Elizabeth A. Duke; Dennis P. Lockhart; Sandra Pianalto; Jerome H. Powell; Sarah Bloom Raskin; Jeremy C. Stein; Daniel K. Tarullo; John C. Williams; and Janet L. Yellen. Voting against the action was Jeffrey M. Lacker, who opposed continuation of the maturity extension program. Statement Regarding Continuation of the Maturity Extension Program Related Information Maturity Extension Program and Reinvestment Policy Frequently Asked Questions","Concurrence proves support for the action, not ideology"
2012-06-20,Elizabeth A. Duke,FOR,HOLD,CONCUR,HOLD,0,VOTE_ACTION_PROXY,https://www.federalreserve.gov/newsevents/pressreleases/monetary20120620a.htm,raw/statements/monetary20120620a.htm,"Voting for the FOMC monetary policy action were: Ben S. Bernanke, Chairman; William C. Dudley, Vice Chairman; Elizabeth A. Duke; Dennis P. Lockhart; Sandra Pianalto; Jerome H. Powell; Sarah Bloom Raskin; Jeremy C. Stein; Daniel K. Tarullo; John C. Williams; and Janet L. Yellen. Voting against the action was Jeffrey M. Lacker, who opposed continuation of the maturity extension program. Statement Regarding Continuation of the Maturity Extension Program Related Information Maturity Extension Program and Reinvestment Policy Frequently Asked Questions","Concurrence proves support for the action, not ideology"
2012-06-20,Janet L. Yellen,FOR,HOLD,CONCUR,HOLD,0,VOTE_ACTION_PROXY,https://www.federalreserve.gov/newsevents/pressreleases/monetary20120620a.htm,raw/statements/monetary20120620a.htm,"Voting for the FOMC monetary policy action were: Ben S. Bernanke, Chairman; William C. Dudley, Vice Chairman; Elizabeth A. Duke; Dennis P. Lockhart; Sandra Pianalto; Jerome H. Powell; Sarah Bloom Raskin; Jeremy C. Stein; Daniel K. Tarullo; John C. Williams; and Janet L. Yellen. Voting against the action was Jeffrey M. Lacker, who opposed continuation of the maturity extension program. Statement Regarding Continuation of the Maturity Extension Program Related Information Maturity Extension Program and Reinvestment Policy Frequently Asked Questions","Concurrence proves support for the action, not ideology"
2012-06-20,Jeffrey M. Lacker,AGAINST,HOLD,TIGHTER,NO_MATURITY_EXTENSION,2,VOTE_DISSENT,https://www.federalreserve.gov/newsevents/pressreleases/monetary20120620a.htm,raw/statements/monetary20120620a.htm,"Voting for the FOMC monetary policy action were: Ben S. Bernanke, Chairman; William C. Dudley, Vice Chairman; Elizabeth A. Duke; Dennis P. Lockhart; Sandra Pianalto; Jerome H. Powell; Sarah Bloom Raskin; Jeremy C. Stein; Daniel K. Tarullo; John C. Williams; and Janet L. Yellen. Voting against the action was Jeffrey M. Lacker, who opposed continuation of the maturity extension program. Statement Regarding Continuation of the Maturity Extension Program Related Information Maturity Extension Program and Reinvestment Policy Frequently Asked Questions",Opposed extending the maturity-extension program
2012-06-20,Jeremy C. Stein,FOR,HOLD,CONCUR,HOLD,0,VOTE_ACTION_PROXY,https://www.federalreserve.gov/newsevents/pressreleases/monetary20120620a.htm,raw/statements/monetary20120620a.htm,"Voting for the FOMC monetary policy action were: Ben S. Bernanke, Chairman; William C. Dudley, Vice Chairman; Elizabeth A. Duke; Dennis P. Lockhart; Sandra Pianalto; Jerome H. Powell; Sarah Bloom Raskin; Jeremy C. Stein; Daniel K. Tarullo; John C. Williams; and Janet L. Yellen. Voting against the action was Jeffrey M. Lacker, who opposed continuation of the maturity extension program. Statement Regarding Continuation of the Maturity Extension Program Related Information Maturity Extension Program and Reinvestment Policy Frequently Asked Questions","Concurrence proves support for the action, not ideology"
2012-06-20,Jerome H. Powell,FOR,HOLD,CONCUR,HOLD,0,VOTE_ACTION_PROXY,https://www.federalreserve.gov/newsevents/pressreleases/monetary20120620a.htm,raw/statements/monetary20120620a.htm,"Voting for the FOMC monetary policy action were: Ben S. Bernanke, Chairman; William C. Dudley, Vice Chairman; Elizabeth A. Duke; Dennis P. Lockhart; Sandra Pianalto; Jerome H. Powell; Sarah Bloom Raskin; Jeremy C. Stein; Daniel K. Tarullo; John C. Williams; and Janet L. Yellen. Voting against the action was Jeffrey M. Lacker, who opposed continuation of the maturity extension program. Statement Regarding Continuation of the Maturity Extension Program Related Information Maturity Extension Program and Reinvestment Policy Frequently Asked Questions","Concurrence proves support for the action, not ideology"
2012-06-20,John C. Williams,FOR,HOLD,CONCUR,HOLD,0,VOTE_ACTION_PROXY,https://www.federalreserve.gov/newsevents/pressreleases/monetary20120620a.htm,raw/statements/monetary20120620a.htm,"Voting for the FOMC monetary policy action were: Ben S. Bernanke, Chairman; William C. Dudley, Vice Chairman; Elizabeth A. Duke; Dennis P. Lockhart; Sandra Pianalto; Jerome H. Powell; Sarah Bloom Raskin; Jeremy C. Stein; Daniel K. Tarullo; John C. Williams; and Janet L. Yellen. Voting against the action was Jeffrey M. Lacker, who opposed continuation of the maturity extension program. Statement Regarding Continuation of the Maturity Extension Program Related Information Maturity Extension Program and Reinvestment Policy Frequently Asked Questions","Concurrence proves support for the action, not ideology"
2012-06-20,Sandra Pianalto,FOR,HOLD,CONCUR,HOLD,0,VOTE_ACTION_PROXY,https://www.federalreserve.gov/newsevents/pressreleases/monetary20120620a.htm,raw/statements/monetary20120620a.htm,"Voting for the FOMC monetary policy action were: Ben S. Bernanke, Chairman; William C. Dudley, Vice Chairman; Elizabeth A. Duke; Dennis P. Lockhart; Sandra Pianalto; Jerome H. Powell; Sarah Bloom Raskin; Jeremy C. Stein; Daniel K. Tarullo; John C. Williams; and Janet L. Yellen. Voting against the action was Jeffrey M. Lacker, who opposed continuation of the maturity extension program. Statement Regarding Continuation of the Maturity Extension Program Related Information Maturity Extension Program and Reinvestment Policy Frequently Asked Questions","Concurrence proves support for the action, not ideology"
2012-06-20,Sarah Bloom Raskin,FOR,HOLD,CONCUR,HOLD,0,VOTE_ACTION_PROXY,https://www.federalreserve.gov/newsevents/pressreleases/monetary20120620a.htm,raw/statements/monetary20120620a.htm,"Voting for the FOMC monetary policy action were: Ben S. Bernanke, Chairman; William C. Dudley, Vice Chairman; Elizabeth A. Duke; Dennis P. Lockhart; Sandra Pianalto; Jerome H. Powell; Sarah Bloom Raskin; Jeremy C. Stein; Daniel K. Tarullo; John C. Williams; and Janet L. Yellen. Voting against the action was Jeffrey M. Lacker, who opposed continuation of the maturity extension program. Statement Regarding Continuation of the Maturity Extension Program Related Information Maturity Extension Program and Reinvestment Policy Frequently Asked Questions","Concurrence proves support for the action, not ideology"
2012-06-20,William C. Dudley,FOR,HOLD,CONCUR,HOLD,0,VOTE_ACTION_PROXY,https://www.federalreserve.gov/newsevents/pressreleases/monetary20120620a.htm,raw/statements/monetary20120620a.htm,"Voting for the FOMC monetary policy action were: Ben S. Bernanke, Chairman; William C. Dudley, Vice Chairman; Elizabeth A. Duke; Dennis P. Lockhart; Sandra Pianalto; Jerome H. Powell; Sarah Bloom Raskin; Jeremy C. Stein; Daniel K. Tarullo; John C. Williams; and Janet L. Yellen. Voting against the action was Jeffrey M. Lacker, who opposed continuation of the maturity extension program. Statement Regarding Continuation of the Maturity Extension Program Related Information Maturity Extension Program and Reinvestment Policy Frequently Asked Questions","Concurrence proves support for the action, not ideology"
2012-08-01,Ben S. Bernanke,FOR,HOLD,CONCUR,HOLD,0,VOTE_ACTION_PROXY,https://www.federalreserve.gov/newsevents/pressreleases/monetary20120801a.htm,raw/statements/monetary20120801a.htm,"Voting for the FOMC monetary policy action were: Ben S. Bernanke, Chairman; William C. Dudley, Vice Chairman; Elizabeth A. Duke; Dennis P. Lockhart; Sandra Pianalto; Jerome H. Powell; Sarah Bloom Raskin; Jeremy C. Stein; Daniel K. Tarullo; John C. Williams; and Janet L. Yellen. Voting against the action was Jeffrey M. Lacker, who preferred to omit the description of the time period over which economic conditions are likely to warrant an exceptionally low level of the federal funds rate.","Concurrence proves support for the action, not ideology"
2012-08-01,Daniel K. Tarullo,FOR,HOLD,CONCUR,HOLD,0,VOTE_ACTION_PROXY,https://www.federalreserve.gov/newsevents/pressreleases/monetary20120801a.htm,raw/statements/monetary20120801a.htm,"Voting for the FOMC monetary policy action were: Ben S. Bernanke, Chairman; William C. Dudley, Vice Chairman; Elizabeth A. Duke; Dennis P. Lockhart; Sandra Pianalto; Jerome H. Powell; Sarah Bloom Raskin; Jeremy C. Stein; Daniel K. Tarullo; John C. Williams; and Janet L. Yellen. Voting against the action was Jeffrey M. Lacker, who preferred to omit the description of the time period over which economic conditions are likely to warrant an exceptionally low level of the federal funds rate.","Concurrence proves support for the action, not ideology"
2012-08-01,Dennis P. Lockhart,FOR,HOLD,CONCUR,HOLD,0,VOTE_ACTION_PROXY,https://www.federalreserve.gov/newsevents/pressreleases/monetary20120801a.htm,raw/statements/monetary20120801a.htm,"Voting for the FOMC monetary policy action were: Ben S. Bernanke, Chairman; William C. Dudley, Vice Chairman; Elizabeth A. Duke; Dennis P. Lockhart; Sandra Pianalto; Jerome H. Powell; Sarah Bloom Raskin; Jeremy C. Stein; Daniel K. Tarullo; John C. Williams; and Janet L. Yellen. Voting against the action was Jeffrey M. Lacker, who preferred to omit the description of the time period over which economic conditions are likely to warrant an exceptionally low level of the federal funds rate.","Concurrence proves support for the action, not ideology"
2012-08-01,Elizabeth A. Duke,FOR,HOLD,CONCUR,HOLD,0,VOTE_ACTION_PROXY,https://www.federalreserve.gov/newsevents/pressreleases/monetary20120801a.htm,raw/statements/monetary20120801a.htm,"Voting for the FOMC monetary policy action were: Ben S. Bernanke, Chairman; William C. Dudley, Vice Chairman; Elizabeth A. Duke; Dennis P. Lockhart; Sandra Pianalto; Jerome H. Powell; Sarah Bloom Raskin; Jeremy C. Stein; Daniel K. Tarullo; John C. Williams; and Janet L. Yellen. Voting against the action was Jeffrey M. Lacker, who preferred to omit the description of the time period over which economic conditions are likely to warrant an exceptionally low level of the federal funds rate.","Concurrence proves support for the action, not ideology"
2012-08-01,Janet L. Yellen,FOR,HOLD,CONCUR,HOLD,0,VOTE_ACTION_PROXY,https://www.federalreserve.gov/newsevents/pressreleases/monetary20120801a.htm,raw/statements/monetary20120801a.htm,"Voting for the FOMC monetary policy action were: Ben S. Bernanke, Chairman; William C. Dudley, Vice Chairman; Elizabeth A. Duke; Dennis P. Lockhart; Sandra Pianalto; Jerome H. Powell; Sarah Bloom Raskin; Jeremy C. Stein; Daniel K. Tarullo; John C. Williams; and Janet L. Yellen. Voting against the action was Jeffrey M. Lacker, who preferred to omit the description of the time period over which economic conditions are likely to warrant an exceptionally low level of the federal funds rate.","Concurrence proves support for the action, not ideology"
2012-08-01,Jeffrey M. Lacker,AGAINST,HOLD,TIGHTER,LESS_ACCOMMODATION,2,VOTE_DISSENT,https://www.federalreserve.gov/newsevents/pressreleases/monetary20120801a.htm,raw/statements/monetary20120801a.htm,"Voting for the FOMC monetary policy action were: Ben S. Bernanke, Chairman; William C. Dudley, Vice Chairman; Elizabeth A. Duke; Dennis P. Lockhart; Sandra Pianalto; Jerome H. Powell; Sarah Bloom Raskin; Jeremy C. Stein; Daniel K. Tarullo; John C. Williams; and Janet L. Yellen. Voting against the action was Jeffrey M. Lacker, who preferred to omit the description of the time period over which economic conditions are likely to warrant an exceptionally low level of the federal funds rate.",Opposed the stated exceptionally-low-rate horizon
2012-08-01,Jeremy C. Stein,FOR,HOLD,CONCUR,HOLD,0,VOTE_ACTION_PROXY,https://www.federalreserve.gov/newsevents/pressreleases/monetary20120801a.htm,raw/statements/monetary20120801a.htm,"Voting for the FOMC monetary policy action were: Ben S. Bernanke, Chairman; William C. Dudley, Vice Chairman; Elizabeth A. Duke; Dennis P. Lockhart; Sandra Pianalto; Jerome H. Powell; Sarah Bloom Raskin; Jeremy C. Stein; Daniel K. Tarullo; John C. Williams; and Janet L. Yellen. Voting against the action was Jeffrey M. Lacker, who preferred to omit the description of the time period over which economic conditions are likely to warrant an exceptionally low level of the federal funds rate.","Concurrence proves support for the action, not ideology"
2012-08-01,Jerome H. Powell,FOR,HOLD,CONCUR,HOLD,0,VOTE_ACTION_PROXY,https://www.federalreserve.gov/newsevents/pressreleases/monetary20120801a.htm,raw/statements/monetary20120801a.htm,"Voting for the FOMC monetary policy action were: Ben S. Bernanke, Chairman; William C. Dudley, Vice Chairman; Elizabeth A. Duke; Dennis P. Lockhart; Sandra Pianalto; Jerome H. Powell; Sarah Bloom Raskin; Jeremy C. Stein; Daniel K. Tarullo; John C. Williams; and Janet L. Yellen. Voting against the action was Jeffrey M. Lacker, who preferred to omit the description of the time period over which economic conditions are likely to warrant an exceptionally low level of the federal funds rate.","Concurrence proves support for the action, not ideology"
2012-08-01,John C. Williams,FOR,HOLD,CONCUR,HOLD,0,VOTE_ACTION_PROXY,https://www.federalreserve.gov/newsevents/pressreleases/monetary20120801a.htm,raw/statements/monetary20120801a.htm,"Voting for the FOMC monetary policy action were: Ben S. Bernanke, Chairman; William C. Dudley, Vice Chairman; Elizabeth A. Duke; Dennis P. Lockhart; Sandra Pianalto; Jerome H. Powell; Sarah Bloom Raskin; Jeremy C. Stein; Daniel K. Tarullo; John C. Williams; and Janet L. Yellen. Voting against the action was Jeffrey M. Lacker, who preferred to omit the description of the time period over which economic conditions are likely to warrant an exceptionally low level of the federal funds rate.","Concurrence proves support for the action, not ideology"
2012-08-01,Sandra Pianalto,FOR,HOLD,CONCUR,HOLD,0,VOTE_ACTION_PROXY,https://www.federalreserve.gov/newsevents/pressreleases/monetary20120801a.htm,raw/statements/monetary20120801a.htm,"Voting for the FOMC monetary policy action were: Ben S. Bernanke, Chairman; William C. Dudley, Vice Chairman; Elizabeth A. Duke; Dennis P. Lockhart; Sandra Pianalto; Jerome H. Powell; Sarah Bloom Raskin; Jeremy C. Stein; Daniel K. Tarullo; John C. Williams; and Janet L. Yellen. Voting against the action was Jeffrey M. Lacker, who preferred to omit the description of the time period over which economic conditions are likely to warrant an exceptionally low level of the federal funds rate.","Concurrence proves support for the action, not ideology"
2012-08-01,Sarah Bloom Raskin,FOR,HOLD,CONCUR,HOLD,0,VOTE_ACTION_PROXY,https://www.federalreserve.gov/newsevents/pressreleases/monetary20120801a.htm,raw/statements/monetary20120801a.htm,"Voting for the FOMC monetary policy action were: Ben S. Bernanke, Chairman; William C. Dudley, Vice Chairman; Elizabeth A. Duke; Dennis P. Lockhart; Sandra Pianalto; Jerome H. Powell; Sarah Bloom Raskin; Jeremy C. Stein; Daniel K. Tarullo; John C. Williams; and Janet L. Yellen. Voting against the action was Jeffrey M. Lacker, who preferred to omit the description of the time period over which economic conditions are likely to warrant an exceptionally low level of the federal funds rate.","Concurrence proves support for the action, not ideology"
2012-08-01,William C. Dudley,FOR,HOLD,CONCUR,HOLD,0,VOTE_ACTION_PROXY,https://www.federalreserve.gov/newsevents/pressreleases/monetary20120801a.htm,raw/statements/monetary20120801a.htm,"Voting for the FOMC monetary policy action were: Ben S. Bernanke, Chairman; William C. Dudley, Vice Chairman; Elizabeth A. Duke; Dennis P. Lockhart; Sandra Pianalto; Jerome H. Powell; Sarah Bloom Raskin; Jeremy C. Stein; Daniel K. Tarullo; John C. Williams; and Janet L. Yellen. Voting against the action was Jeffrey M. Lacker, who preferred to omit the description of the time period over which economic conditions are likely to warrant an exceptionally low level of the federal funds rate.","Concurrence proves support for the action, not ideology"
2012-09-13,Ben S. Bernanke,FOR,HOLD,CONCUR,HOLD,0,VOTE_ACTION_PROXY,https://www.federalreserve.gov/newsevents/pressreleases/monetary20120913a.htm,raw/statements/monetary20120913a.htm,"Voting for the FOMC monetary policy action were: Ben S. Bernanke, Chairman; William C. Dudley, Vice Chairman; Elizabeth A. Duke; Dennis P. Lockhart; Sandra Pianalto; Jerome H. Powell; Sarah Bloom Raskin; Jeremy C. Stein; Daniel K. Tarullo; John C. Williams; and Janet L. Yellen. Voting against the action was Jeffrey M. Lacker, who opposed additional asset purchases and preferred to omit the description of the time period over which exceptionally low levels for the federal funds rate are likely to be warranted. Statement Regarding Transactions in Agency Mortgage-Backed Securities and Treasury Securities","Concurrence proves support for the action, not ideology"
2012-09-13,Daniel K. Tarullo,FOR,HOLD,CONCUR,HOLD,0,VOTE_ACTION_PROXY,https://www.federalreserve.gov/newsevents/pressreleases/monetary20120913a.htm,raw/statements/monetary20120913a.htm,"Voting for the FOMC monetary policy action were: Ben S. Bernanke, Chairman; William C. Dudley, Vice Chairman; Elizabeth A. Duke; Dennis P. Lockhart; Sandra Pianalto; Jerome H. Powell; Sarah Bloom Raskin; Jeremy C. Stein; Daniel K. Tarullo; John C. Williams; and Janet L. Yellen. Voting against the action was Jeffrey M. Lacker, who opposed additional asset purchases and preferred to omit the description of the time period over which exceptionally low levels for the federal funds rate are likely to be warranted. Statement Regarding Transactions in Agency Mortgage-Backed Securities and Treasury Securities","Concurrence proves support for the action, not ideology"
2012-09-13,Dennis P. Lockhart,FOR,HOLD,CONCUR,HOLD,0,VOTE_ACTION_PROXY,https://www.federalreserve.gov/newsevents/pressreleases/monetary20120913a.htm,raw/statements/monetary20120913a.htm,"Voting for the FOMC monetary policy action were: Ben S. Bernanke, Chairman; William C. Dudley, Vice Chairman; Elizabeth A. Duke; Dennis P. Lockhart; Sandra Pianalto; Jerome H. Powell; Sarah Bloom Raskin; Jeremy C. Stein; Daniel K. Tarullo; John C. Williams; and Janet L. Yellen. Voting against the action was Jeffrey M. Lacker, who opposed additional asset purchases and preferred to omit the description of the time period over which exceptionally low levels for the federal funds rate are likely to be warranted. Statement Regarding Transactions in Agency Mortgage-Backed Securities and Treasury Securities","Concurrence proves support for the action, not ideology"
2012-09-13,Elizabeth A. Duke,FOR,HOLD,CONCUR,HOLD,0,VOTE_ACTION_PROXY,https://www.federalreserve.gov/newsevents/pressreleases/monetary20120913a.htm,raw/statements/monetary20120913a.htm,"Voting for the FOMC monetary policy action were: Ben S. Bernanke, Chairman; William C. Dudley, Vice Chairman; Elizabeth A. Duke; Dennis P. Lockhart; Sandra Pianalto; Jerome H. Powell; Sarah Bloom Raskin; Jeremy C. Stein; Daniel K. Tarullo; John C. Williams; and Janet L. Yellen. Voting against the action was Jeffrey M. Lacker, who opposed additional asset purchases and preferred to omit the description of the time period over which exceptionally low levels for the federal funds rate are likely to be warranted. Statement Regarding Transactions in Agency Mortgage-Backed Securities and Treasury Securities","Concurrence proves support for the action, not ideology"
2012-09-13,Janet L. Yellen,FOR,HOLD,CONCUR,HOLD,0,VOTE_ACTION_PROXY,https://www.federalreserve.gov/newsevents/pressreleases/monetary20120913a.htm,raw/statements/monetary20120913a.htm,"Voting for the FOMC monetary policy action were: Ben S. Bernanke, Chairman; William C. Dudley, Vice Chairman; Elizabeth A. Duke; Dennis P. Lockhart; Sandra Pianalto; Jerome H. Powell; Sarah Bloom Raskin; Jeremy C. Stein; Daniel K. Tarullo; John C. Williams; and Janet L. Yellen. Voting against the action was Jeffrey M. Lacker, who opposed additional asset purchases and preferred to omit the description of the time period over which exceptionally low levels for the federal funds rate are likely to be warranted. Statement Regarding Transactions in Agency Mortgage-Backed Securities and Treasury Securities","Concurrence proves support for the action, not ideology"
2012-09-13,Jeffrey M. Lacker,AGAINST,HOLD,TIGHTER,NO_ADDITIONAL_ASSET_PURCHASES,2,VOTE_DISSENT,https://www.federalreserve.gov/newsevents/pressreleases/monetary20120913a.htm,raw/statements/monetary20120913a.htm,"Voting for the FOMC monetary policy action were: Ben S. Bernanke, Chairman; William C. Dudley, Vice Chairman; Elizabeth A. Duke; Dennis P. Lockhart; Sandra Pianalto; Jerome H. Powell; Sarah Bloom Raskin; Jeremy C. Stein; Daniel K. Tarullo; John C. Williams; and Janet L. Yellen. Voting against the action was Jeffrey M. Lacker, who opposed additional asset purchases and preferred to omit the description of the time period over which exceptionally low levels for the federal funds rate are likely to be warranted. Statement Regarding Transactions in Agency Mortgage-Backed Securities and Treasury Securities",Opposed additional asset purchases and calendar guidance
2012-09-13,Jeremy C. Stein,FOR,HOLD,CONCUR,HOLD,0,VOTE_ACTION_PROXY,https://www.federalreserve.gov/newsevents/pressreleases/monetary20120913a.htm,raw/statements/monetary20120913a.htm,"Voting for the FOMC monetary policy action were: Ben S. Bernanke, Chairman; William C. Dudley, Vice Chairman; Elizabeth A. Duke; Dennis P. Lockhart; Sandra Pianalto; Jerome H. Powell; Sarah Bloom Raskin; Jeremy C. Stein; Daniel K. Tarullo; John C. Williams; and Janet L. Yellen. Voting against the action was Jeffrey M. Lacker, who opposed additional asset purchases and preferred to omit the description of the time period over which exceptionally low levels for the federal funds rate are likely to be warranted. Statement Regarding Transactions in Agency Mortgage-Backed Securities and Treasury Securities","Concurrence proves support for the action, not ideology"
2012-09-13,Jerome H. Powell,FOR,HOLD,CONCUR,HOLD,0,VOTE_ACTION_PROXY,https://www.federalreserve.gov/newsevents/pressreleases/monetary20120913a.htm,raw/statements/monetary20120913a.htm,"Voting for the FOMC monetary policy action were: Ben S. Bernanke, Chairman; William C. Dudley, Vice Chairman; Elizabeth A. Duke; Dennis P. Lockhart; Sandra Pianalto; Jerome H. Powell; Sarah Bloom Raskin; Jeremy C. Stein; Daniel K. Tarullo; John C. Williams; and Janet L. Yellen. Voting against the action was Jeffrey M. Lacker, who opposed additional asset purchases and preferred to omit the description of the time period over which exceptionally low levels for the federal funds rate are likely to be warranted. Statement Regarding Transactions in Agency Mortgage-Backed Securities and Treasury Securities","Concurrence proves support for the action, not ideology"
2012-09-13,John C. Williams,FOR,HOLD,CONCUR,HOLD,0,VOTE_ACTION_PROXY,https://www.federalreserve.gov/newsevents/pressreleases/monetary20120913a.htm,raw/statements/monetary20120913a.htm,"Voting for the FOMC monetary policy action were: Ben S. Bernanke, Chairman; William C. Dudley, Vice Chairman; Elizabeth A. Duke; Dennis P. Lockhart; Sandra Pianalto; Jerome H. Powell; Sarah Bloom Raskin; Jeremy C. Stein; Daniel K. Tarullo; John C. Williams; and Janet L. Yellen. Voting against the action was Jeffrey M. Lacker, who opposed additional asset purchases and preferred to omit the description of the time period over which exceptionally low levels for the federal funds rate are likely to be warranted. Statement Regarding Transactions in Agency Mortgage-Backed Securities and Treasury Securities","Concurrence proves support for the action, not ideology"
2012-09-13,Sandra Pianalto,FOR,HOLD,CONCUR,HOLD,0,VOTE_ACTION_PROXY,https://www.federalreserve.gov/newsevents/pressreleases/monetary20120913a.htm,raw/statements/monetary20120913a.htm,"Voting for the FOMC monetary policy action were: Ben S. Bernanke, Chairman; William C. Dudley, Vice Chairman; Elizabeth A. Duke; Dennis P. Lockhart; Sandra Pianalto; Jerome H. Powell; Sarah Bloom Raskin; Jeremy C. Stein; Daniel K. Tarullo; John C. Williams; and Janet L. Yellen. Voting against the action was Jeffrey M. Lacker, who opposed additional asset purchases and preferred to omit the description of the time period over which exceptionally low levels for the federal funds rate are likely to be warranted. Statement Regarding Transactions in Agency Mortgage-Backed Securities and Treasury Securities","Concurrence proves support for the action, not ideology"
2012-09-13,Sarah Bloom Raskin,FOR,HOLD,CONCUR,HOLD,0,VOTE_ACTION_PROXY,https://www.federalreserve.gov/newsevents/pressreleases/monetary20120913a.htm,raw/statements/monetary20120913a.htm,"Voting for the FOMC monetary policy action were: Ben S. Bernanke, Chairman; William C. Dudley, Vice Chairman; Elizabeth A. Duke; Dennis P. Lockhart; Sandra Pianalto; Jerome H. Powell; Sarah Bloom Raskin; Jeremy C. Stein; Daniel K. Tarullo; John C. Williams; and Janet L. Yellen. Voting against the action was Jeffrey M. Lacker, who opposed additional asset purchases and preferred to omit the description of the time period over which exceptionally low levels for the federal funds rate are likely to be warranted. Statement Regarding Transactions in Agency Mortgage-Backed Securities and Treasury Securities","Concurrence proves support for the action, not ideology"
2012-09-13,William C. Dudley,FOR,HOLD,CONCUR,HOLD,0,VOTE_ACTION_PROXY,https://www.federalreserve.gov/newsevents/pressreleases/monetary20120913a.htm,raw/statements/monetary20120913a.htm,"Voting for the FOMC monetary policy action were: Ben S. Bernanke, Chairman; William C. Dudley, Vice Chairman; Elizabeth A. Duke; Dennis P. Lockhart; Sandra Pianalto; Jerome H. Powell; Sarah Bloom Raskin; Jeremy C. Stein; Daniel K. Tarullo; John C. Williams; and Janet L. Yellen. Voting against the action was Jeffrey M. Lacker, who opposed additional asset purchases and preferred to omit the description of the time period over which exceptionally low levels for the federal funds rate are likely to be warranted. Statement Regarding Transactions in Agency Mortgage-Backed Securities and Treasury Securities","Concurrence proves support for the action, not ideology"
2012-10-24,Ben S. Bernanke,FOR,HOLD,CONCUR,HOLD,0,VOTE_ACTION_PROXY,https://www.federalreserve.gov/newsevents/pressreleases/monetary20121024a.htm,raw/statements/monetary20121024a.htm,"Voting for the FOMC monetary policy action were: Ben S. Bernanke, Chairman; William C. Dudley, Vice Chairman; Elizabeth A. Duke; Dennis P. Lockhart; Sandra Pianalto; Jerome H. Powell; Sarah Bloom Raskin; Jeremy C. Stein; Daniel K. Tarullo; John C. Williams; and Janet L. Yellen. Voting against the action was Jeffrey M. Lacker, who opposed additional asset purchases and disagreed with the description of the time period over which a highly accommodative stance of monetary policy will remain appropriate and exceptionally low levels for the federal funds rate are likely to be warranted.","Concurrence proves support for the action, not ideology"
2012-10-24,Daniel K. Tarullo,FOR,HOLD,CONCUR,HOLD,0,VOTE_ACTION_PROXY,https://www.federalreserve.gov/newsevents/pressreleases/monetary20121024a.htm,raw/statements/monetary20121024a.htm,"Voting for the FOMC monetary policy action were: Ben S. Bernanke, Chairman; William C. Dudley, Vice Chairman; Elizabeth A. Duke; Dennis P. Lockhart; Sandra Pianalto; Jerome H. Powell; Sarah Bloom Raskin; Jeremy C. Stein; Daniel K. Tarullo; John C. Williams; and Janet L. Yellen. Voting against the action was Jeffrey M. Lacker, who opposed additional asset purchases and disagreed with the description of the time period over which a highly accommodative stance of monetary policy will remain appropriate and exceptionally low levels for the federal funds rate are likely to be warranted.","Concurrence proves support for the action, not ideology"
2012-10-24,Dennis P. Lockhart,FOR,HOLD,CONCUR,HOLD,0,VOTE_ACTION_PROXY,https://www.federalreserve.gov/newsevents/pressreleases/monetary20121024a.htm,raw/statements/monetary20121024a.htm,"Voting for the FOMC monetary policy action were: Ben S. Bernanke, Chairman; William C. Dudley, Vice Chairman; Elizabeth A. Duke; Dennis P. Lockhart; Sandra Pianalto; Jerome H. Powell; Sarah Bloom Raskin; Jeremy C. Stein; Daniel K. Tarullo; John C. Williams; and Janet L. Yellen. Voting against the action was Jeffrey M. Lacker, who opposed additional asset purchases and disagreed with the description of the time period over which a highly accommodative stance of monetary policy will remain appropriate and exceptionally low levels for the federal funds rate are likely to be warranted.","Concurrence proves support for the action, not ideology"
2012-10-24,Elizabeth A. Duke,FOR,HOLD,CONCUR,HOLD,0,VOTE_ACTION_PROXY,https://www.federalreserve.gov/newsevents/pressreleases/monetary20121024a.htm,raw/statements/monetary20121024a.htm,"Voting for the FOMC monetary policy action were: Ben S. Bernanke, Chairman; William C. Dudley, Vice Chairman; Elizabeth A. Duke; Dennis P. Lockhart; Sandra Pianalto; Jerome H. Powell; Sarah Bloom Raskin; Jeremy C. Stein; Daniel K. Tarullo; John C. Williams; and Janet L. Yellen. Voting against the action was Jeffrey M. Lacker, who opposed additional asset purchases and disagreed with the description of the time period over which a highly accommodative stance of monetary policy will remain appropriate and exceptionally low levels for the federal funds rate are likely to be warranted.","Concurrence proves support for the action, not ideology"
2012-10-24,Janet L. Yellen,FOR,HOLD,CONCUR,HOLD,0,VOTE_ACTION_PROXY,https://www.federalreserve.gov/newsevents/pressreleases/monetary20121024a.htm,raw/statements/monetary20121024a.htm,"Voting for the FOMC monetary policy action were: Ben S. Bernanke, Chairman; William C. Dudley, Vice Chairman; Elizabeth A. Duke; Dennis P. Lockhart; Sandra Pianalto; Jerome H. Powell; Sarah Bloom Raskin; Jeremy C. Stein; Daniel K. Tarullo; John C. Williams; and Janet L. Yellen. Voting against the action was Jeffrey M. Lacker, who opposed additional asset purchases and disagreed with the description of the time period over which a highly accommodative stance of monetary policy will remain appropriate and exceptionally low levels for the federal funds rate are likely to be warranted.","Concurrence proves support for the action, not ideology"
2012-10-24,Jeffrey M. Lacker,AGAINST,HOLD,TIGHTER,NO_ADDITIONAL_ASSET_PURCHASES,2,VOTE_DISSENT,https://www.federalreserve.gov/newsevents/pressreleases/monetary20121024a.htm,raw/statements/monetary20121024a.htm,"Voting for the FOMC monetary policy action were: Ben S. Bernanke, Chairman; William C. Dudley, Vice Chairman; Elizabeth A. Duke; Dennis P. Lockhart; Sandra Pianalto; Jerome H. Powell; Sarah Bloom Raskin; Jeremy C. Stein; Daniel K. Tarullo; John C. Williams; and Janet L. Yellen. Voting against the action was Jeffrey M. Lacker, who opposed additional asset purchases and disagreed with the description of the time period over which a highly accommodative stance of monetary policy will remain appropriate and exceptionally low levels for the federal funds rate are likely to be warranted.",Opposed additional asset purchases and calendar guidance
2012-10-24,Jeremy C. Stein,FOR,HOLD,CONCUR,HOLD,0,VOTE_ACTION_PROXY,https://www.federalreserve.gov/newsevents/pressreleases/monetary20121024a.htm,raw/statements/monetary20121024a.htm,"Voting for the FOMC monetary policy action were: Ben S. Bernanke, Chairman; William C. Dudley, Vice Chairman; Elizabeth A. Duke; Dennis P. Lockhart; Sandra Pianalto; Jerome H. Powell; Sarah Bloom Raskin; Jeremy C. Stein; Daniel K. Tarullo; John C. Williams; and Janet L. Yellen. Voting against the action was Jeffrey M. Lacker, who opposed additional asset purchases and disagreed with the description of the time period over which a highly accommodative stance of monetary policy will remain appropriate and exceptionally low levels for the federal funds rate are likely to be warranted.","Concurrence proves support for the action, not ideology"
2012-10-24,Jerome H. Powell,FOR,HOLD,CONCUR,HOLD,0,VOTE_ACTION_PROXY,https://www.federalreserve.gov/newsevents/pressreleases/monetary20121024a.htm,raw/statements/monetary20121024a.htm,"Voting for the FOMC monetary policy action were: Ben S. Bernanke, Chairman; William C. Dudley, Vice Chairman; Elizabeth A. Duke; Dennis P. Lockhart; Sandra Pianalto; Jerome H. Powell; Sarah Bloom Raskin; Jeremy C. Stein; Daniel K. Tarullo; John C. Williams; and Janet L. Yellen. Voting against the action was Jeffrey M. Lacker, who opposed additional asset purchases and disagreed with the description of the time period over which a highly accommodative stance of monetary policy will remain appropriate and exceptionally low levels for the federal funds rate are likely to be warranted.","Concurrence proves support for the action, not ideology"
2012-10-24,John C. Williams,FOR,HOLD,CONCUR,HOLD,0,VOTE_ACTION_PROXY,https://www.federalreserve.gov/newsevents/pressreleases/monetary20121024a.htm,raw/statements/monetary20121024a.htm,"Voting for the FOMC monetary policy action were: Ben S. Bernanke, Chairman; William C. Dudley, Vice Chairman; Elizabeth A. Duke; Dennis P. Lockhart; Sandra Pianalto; Jerome H. Powell; Sarah Bloom Raskin; Jeremy C. Stein; Daniel K. Tarullo; John C. Williams; and Janet L. Yellen. Voting against the action was Jeffrey M. Lacker, who opposed additional asset purchases and disagreed with the description of the time period over which a highly accommodative stance of monetary policy will remain appropriate and exceptionally low levels for the federal funds rate are likely to be warranted.","Concurrence proves support for the action, not ideology"
2012-10-24,Sandra Pianalto,FOR,HOLD,CONCUR,HOLD,0,VOTE_ACTION_PROXY,https://www.federalreserve.gov/newsevents/pressreleases/monetary20121024a.htm,raw/statements/monetary20121024a.htm,"Voting for the FOMC monetary policy action were: Ben S. Bernanke, Chairman; William C. Dudley, Vice Chairman; Elizabeth A. Duke; Dennis P. Lockhart; Sandra Pianalto; Jerome H. Powell; Sarah Bloom Raskin; Jeremy C. Stein; Daniel K. Tarullo; John C. Williams; and Janet L. Yellen. Voting against the action was Jeffrey M. Lacker, who opposed additional asset purchases and disagreed with the description of the time period over which a highly accommodative stance of monetary policy will remain appropriate and exceptionally low levels for the federal funds rate are likely to be warranted.","Concurrence proves support for the action, not ideology"
2012-10-24,Sarah Bloom Raskin,FOR,HOLD,CONCUR,HOLD,0,VOTE_ACTION_PROXY,https://www.federalreserve.gov/newsevents/pressreleases/monetary20121024a.htm,raw/statements/monetary20121024a.htm,"Voting for the FOMC monetary policy action were: Ben S. Bernanke, Chairman; William C. Dudley, Vice Chairman; Elizabeth A. Duke; Dennis P. Lockhart; Sandra Pianalto; Jerome H. Powell; Sarah Bloom Raskin; Jeremy C. Stein; Daniel K. Tarullo; John C. Williams; and Janet L. Yellen. Voting against the action was Jeffrey M. Lacker, who opposed additional asset purchases and disagreed with the description of the time period over which a highly accommodative stance of monetary policy will remain appropriate and exceptionally low levels for the federal funds rate are likely to be warranted.","Concurrence proves support for the action, not ideology"
2012-10-24,William C. Dudley,FOR,HOLD,CONCUR,HOLD,0,VOTE_ACTION_PROXY,https://www.federalreserve.gov/newsevents/pressreleases/monetary20121024a.htm,raw/statements/monetary20121024a.htm,"Voting for the FOMC monetary policy action were: Ben S. Bernanke, Chairman; William C. Dudley, Vice Chairman; Elizabeth A. Duke; Dennis P. Lockhart; Sandra Pianalto; Jerome H. Powell; Sarah Bloom Raskin; Jeremy C. Stein; Daniel K. Tarullo; John C. Williams; and Janet L. Yellen. Voting against the action was Jeffrey M. Lacker, who opposed additional asset purchases and disagreed with the description of the time period over which a highly accommodative stance of monetary policy will remain appropriate and exceptionally low levels for the federal funds rate are likely to be warranted.","Concurrence proves support for the action, not ideology"
2012-12-12,Ben S. Bernanke,FOR,HOLD,CONCUR,HOLD,0,VOTE_ACTION_PROXY,https://www.federalreserve.gov/newsevents/pressreleases/monetary20121212a.htm,raw/statements/monetary20121212a.htm,"Voting for the FOMC monetary policy action were: Ben S. Bernanke, Chairman; William C. Dudley, Vice Chairman; Elizabeth A. Duke; Dennis P. Lockhart; Sandra Pianalto; Jerome H. Powell; Sarah Bloom Raskin; Jeremy C. Stein; Daniel K. Tarullo; John C. Williams; and Janet L. Yellen. Voting against the action was Jeffrey M. Lacker, who opposed the asset purchase program and the characterization of the conditions under which an exceptionally low range for the federal funds rate will be appropriate. Statement Regarding Purchases of Treasury Securities and Agency Mortgage-Backed Securities","Concurrence proves support for the action, not ideology"
2012-12-12,Daniel K. Tarullo,FOR,HOLD,CONCUR,HOLD,0,VOTE_ACTION_PROXY,https://www.federalreserve.gov/newsevents/pressreleases/monetary20121212a.htm,raw/statements/monetary20121212a.htm,"Voting for the FOMC monetary policy action were: Ben S. Bernanke, Chairman; William C. Dudley, Vice Chairman; Elizabeth A. Duke; Dennis P. Lockhart; Sandra Pianalto; Jerome H. Powell; Sarah Bloom Raskin; Jeremy C. Stein; Daniel K. Tarullo; John C. Williams; and Janet L. Yellen. Voting against the action was Jeffrey M. Lacker, who opposed the asset purchase program and the characterization of the conditions under which an exceptionally low range for the federal funds rate will be appropriate. Statement Regarding Purchases of Treasury Securities and Agency Mortgage-Backed Securities","Concurrence proves support for the action, not ideology"
2012-12-12,Dennis P. Lockhart,FOR,HOLD,CONCUR,HOLD,0,VOTE_ACTION_PROXY,https://www.federalreserve.gov/newsevents/pressreleases/monetary20121212a.htm,raw/statements/monetary20121212a.htm,"Voting for the FOMC monetary policy action were: Ben S. Bernanke, Chairman; William C. Dudley, Vice Chairman; Elizabeth A. Duke; Dennis P. Lockhart; Sandra Pianalto; Jerome H. Powell; Sarah Bloom Raskin; Jeremy C. Stein; Daniel K. Tarullo; John C. Williams; and Janet L. Yellen. Voting against the action was Jeffrey M. Lacker, who opposed the asset purchase program and the characterization of the conditions under which an exceptionally low range for the federal funds rate will be appropriate. Statement Regarding Purchases of Treasury Securities and Agency Mortgage-Backed Securities","Concurrence proves support for the action, not ideology"
2012-12-12,Elizabeth A. Duke,FOR,HOLD,CONCUR,HOLD,0,VOTE_ACTION_PROXY,https://www.federalreserve.gov/newsevents/pressreleases/monetary20121212a.htm,raw/statements/monetary20121212a.htm,"Voting for the FOMC monetary policy action were: Ben S. Bernanke, Chairman; William C. Dudley, Vice Chairman; Elizabeth A. Duke; Dennis P. Lockhart; Sandra Pianalto; Jerome H. Powell; Sarah Bloom Raskin; Jeremy C. Stein; Daniel K. Tarullo; John C. Williams; and Janet L. Yellen. Voting against the action was Jeffrey M. Lacker, who opposed the asset purchase program and the characterization of the conditions under which an exceptionally low range for the federal funds rate will be appropriate. Statement Regarding Purchases of Treasury Securities and Agency Mortgage-Backed Securities","Concurrence proves support for the action, not ideology"
2012-12-12,Janet L. Yellen,FOR,HOLD,CONCUR,HOLD,0,VOTE_ACTION_PROXY,https://www.federalreserve.gov/newsevents/pressreleases/monetary20121212a.htm,raw/statements/monetary20121212a.htm,"Voting for the FOMC monetary policy action were: Ben S. Bernanke, Chairman; William C. Dudley, Vice Chairman; Elizabeth A. Duke; Dennis P. Lockhart; Sandra Pianalto; Jerome H. Powell; Sarah Bloom Raskin; Jeremy C. Stein; Daniel K. Tarullo; John C. Williams; and Janet L. Yellen. Voting against the action was Jeffrey M. Lacker, who opposed the asset purchase program and the characterization of the conditions under which an exceptionally low range for the federal funds rate will be appropriate. Statement Regarding Purchases of Treasury Securities and Agency Mortgage-Backed Securities","Concurrence proves support for the action, not ideology"
2012-12-12,Jeffrey M. Lacker,AGAINST,HOLD,TIGHTER,NO_ADDITIONAL_ASSET_PURCHASES,2,VOTE_DISSENT,https://www.federalreserve.gov/newsevents/pressreleases/monetary20121212a.htm,raw/statements/monetary20121212a.htm,"Voting for the FOMC monetary policy action were: Ben S. Bernanke, Chairman; William C. Dudley, Vice Chairman; Elizabeth A. Duke; Dennis P. Lockhart; Sandra Pianalto; Jerome H. Powell; Sarah Bloom Raskin; Jeremy C. Stein; Daniel K. Tarullo; John C. Williams; and Janet L. Yellen. Voting against the action was Jeffrey M. Lacker, who opposed the asset purchase program and the characterization of the conditions under which an exceptionally low range for the federal funds rate will be appropriate. Statement Regarding Purchases of Treasury Securities and Agency Mortgage-Backed Securities",Opposed additional asset purchases and threshold guidance
2012-12-12,Jeremy C. Stein,FOR,HOLD,CONCUR,HOLD,0,VOTE_ACTION_PROXY,https://www.federalreserve.gov/newsevents/pressreleases/monetary20121212a.htm,raw/statements/monetary20121212a.htm,"Voting for the FOMC monetary policy action were: Ben S. Bernanke, Chairman; William C. Dudley, Vice Chairman; Elizabeth A. Duke; Dennis P. Lockhart; Sandra Pianalto; Jerome H. Powell; Sarah Bloom Raskin; Jeremy C. Stein; Daniel K. Tarullo; John C. Williams; and Janet L. Yellen. Voting against the action was Jeffrey M. Lacker, who opposed the asset purchase program and the characterization of the conditions under which an exceptionally low range for the federal funds rate will be appropriate. Statement Regarding Purchases of Treasury Securities and Agency Mortgage-Backed Securities","Concurrence proves support for the action, not ideology"
2012-12-12,Jerome H. Powell,FOR,HOLD,CONCUR,HOLD,0,VOTE_ACTION_PROXY,https://www.federalreserve.gov/newsevents/pressreleases/monetary20121212a.htm,raw/statements/monetary20121212a.htm,"Voting for the FOMC monetary policy action were: Ben S. Bernanke, Chairman; William C. Dudley, Vice Chairman; Elizabeth A. Duke; Dennis P. Lockhart; Sandra Pianalto; Jerome H. Powell; Sarah Bloom Raskin; Jeremy C. Stein; Daniel K. Tarullo; John C. Williams; and Janet L. Yellen. Voting against the action was Jeffrey M. Lacker, who opposed the asset purchase program and the characterization of the conditions under which an exceptionally low range for the federal funds rate will be appropriate. Statement Regarding Purchases of Treasury Securities and Agency Mortgage-Backed Securities","Concurrence proves support for the action, not ideology"
2012-12-12,John C. Williams,FOR,HOLD,CONCUR,HOLD,0,VOTE_ACTION_PROXY,https://www.federalreserve.gov/newsevents/pressreleases/monetary20121212a.htm,raw/statements/monetary20121212a.htm,"Voting for the FOMC monetary policy action were: Ben S. Bernanke, Chairman; William C. Dudley, Vice Chairman; Elizabeth A. Duke; Dennis P. Lockhart; Sandra Pianalto; Jerome H. Powell; Sarah Bloom Raskin; Jeremy C. Stein; Daniel K. Tarullo; John C. Williams; and Janet L. Yellen. Voting against the action was Jeffrey M. Lacker, who opposed the asset purchase program and the characterization of the conditions under which an exceptionally low range for the federal funds rate will be appropriate. Statement Regarding Purchases of Treasury Securities and Agency Mortgage-Backed Securities","Concurrence proves support for the action, not ideology"
2012-12-12,Sandra Pianalto,FOR,HOLD,CONCUR,HOLD,0,VOTE_ACTION_PROXY,https://www.federalreserve.gov/newsevents/pressreleases/monetary20121212a.htm,raw/statements/monetary20121212a.htm,"Voting for the FOMC monetary policy action were: Ben S. Bernanke, Chairman; William C. Dudley, Vice Chairman; Elizabeth A. Duke; Dennis P. Lockhart; Sandra Pianalto; Jerome H. Powell; Sarah Bloom Raskin; Jeremy C. Stein; Daniel K. Tarullo; John C. Williams; and Janet L. Yellen. Voting against the action was Jeffrey M. Lacker, who opposed the asset purchase program and the characterization of the conditions under which an exceptionally low range for the federal funds rate will be appropriate. Statement Regarding Purchases of Treasury Securities and Agency Mortgage-Backed Securities","Concurrence proves support for the action, not ideology"
2012-12-12,Sarah Bloom Raskin,FOR,HOLD,CONCUR,HOLD,0,VOTE_ACTION_PROXY,https://www.federalreserve.gov/newsevents/pressreleases/monetary20121212a.htm,raw/statements/monetary20121212a.htm,"Voting for the FOMC monetary policy action were: Ben S. Bernanke, Chairman; William C. Dudley, Vice Chairman; Elizabeth A. Duke; Dennis P. Lockhart; Sandra Pianalto; Jerome H. Powell; Sarah Bloom Raskin; Jeremy C. Stein; Daniel K. Tarullo; John C. Williams; and Janet L. Yellen. Voting against the action was Jeffrey M. Lacker, who opposed the asset purchase program and the characterization of the conditions under which an exceptionally low range for the federal funds rate will be appropriate. Statement Regarding Purchases of Treasury Securities and Agency Mortgage-Backed Securities","Concurrence proves support for the action, not ideology"
2012-12-12,William C. Dudley,FOR,HOLD,CONCUR,HOLD,0,VOTE_ACTION_PROXY,https://www.federalreserve.gov/newsevents/pressreleases/monetary20121212a.htm,raw/statements/monetary20121212a.htm,"Voting for the FOMC monetary policy action were: Ben S. Bernanke, Chairman; William C. Dudley, Vice Chairman; Elizabeth A. Duke; Dennis P. Lockhart; Sandra Pianalto; Jerome H. Powell; Sarah Bloom Raskin; Jeremy C. Stein; Daniel K. Tarullo; John C. Williams; and Janet L. Yellen. Voting against the action was Jeffrey M. Lacker, who opposed the asset purchase program and the characterization of the conditions under which an exceptionally low range for the federal funds rate will be appropriate. Statement Regarding Purchases of Treasury Securities and Agency Mortgage-Backed Securities","Concurrence proves support for the action, not ideology"
2013-01-30,Ben S. Bernanke,FOR,HOLD,CONCUR,HOLD,0,VOTE_ACTION_PROXY,https://www.federalreserve.gov/newsevents/pressreleases/monetary20130130a.htm,raw/statements/monetary20130130a.htm,"Voting for the FOMC monetary policy action were: Ben S. Bernanke, Chairman; William C. Dudley, Vice Chairman; James Bullard; Elizabeth A. Duke; Charles L. Evans; Jerome H. Powell; Sarah Bloom Raskin; Eric S. Rosengren; Jeremy C. Stein; Daniel K. Tarullo; and Janet L. Yellen. Voting against the action was Esther L. George, who was concerned that the continued high level of monetary accommodation increased the risks of future economic and financial imbalances and, over time, could cause an increase in long-term inflation expectations.","Concurrence proves support for the action, not ideology"
2013-01-30,Charles L. Evans,FOR,HOLD,CONCUR,HOLD,0,VOTE_ACTION_PROXY,https://www.federalreserve.gov/newsevents/pressreleases/monetary20130130a.htm,raw/statements/monetary20130130a.htm,"Voting for the FOMC monetary policy action were: Ben S. Bernanke, Chairman; William C. Dudley, Vice Chairman; James Bullard; Elizabeth A. Duke; Charles L. Evans; Jerome H. Powell; Sarah Bloom Raskin; Eric S. Rosengren; Jeremy C. Stein; Daniel K. Tarullo; and Janet L. Yellen. Voting against the action was Esther L. George, who was concerned that the continued high level of monetary accommodation increased the risks of future economic and financial imbalances and, over time, could cause an increase in long-term inflation expectations.","Concurrence proves support for the action, not ideology"
2013-01-30,Daniel K. Tarullo,FOR,HOLD,CONCUR,HOLD,0,VOTE_ACTION_PROXY,https://www.federalreserve.gov/newsevents/pressreleases/monetary20130130a.htm,raw/statements/monetary20130130a.htm,"Voting for the FOMC monetary policy action were: Ben S. Bernanke, Chairman; William C. Dudley, Vice Chairman; James Bullard; Elizabeth A. Duke; Charles L. Evans; Jerome H. Powell; Sarah Bloom Raskin; Eric S. Rosengren; Jeremy C. Stein; Daniel K. Tarullo; and Janet L. Yellen. Voting against the action was Esther L. George, who was concerned that the continued high level of monetary accommodation increased the risks of future economic and financial imbalances and, over time, could cause an increase in long-term inflation expectations.","Concurrence proves support for the action, not ideology"
2013-01-30,Elizabeth A. Duke,FOR,HOLD,CONCUR,HOLD,0,VOTE_ACTION_PROXY,https://www.federalreserve.gov/newsevents/pressreleases/monetary20130130a.htm,raw/statements/monetary20130130a.htm,"Voting for the FOMC monetary policy action were: Ben S. Bernanke, Chairman; William C. Dudley, Vice Chairman; James Bullard; Elizabeth A. Duke; Charles L. Evans; Jerome H. Powell; Sarah Bloom Raskin; Eric S. Rosengren; Jeremy C. Stein; Daniel K. Tarullo; and Janet L. Yellen. Voting against the action was Esther L. George, who was concerned that the continued high level of monetary accommodation increased the risks of future economic and financial imbalances and, over time, could cause an increase in long-term inflation expectations.","Concurrence proves support for the action, not ideology"
2013-01-30,Eric S. Rosengren,FOR,HOLD,CONCUR,HOLD,0,VOTE_ACTION_PROXY,https://www.federalreserve.gov/newsevents/pressreleases/monetary20130130a.htm,raw/statements/monetary20130130a.htm,"Voting for the FOMC monetary policy action were: Ben S. Bernanke, Chairman; William C. Dudley, Vice Chairman; James Bullard; Elizabeth A. Duke; Charles L. Evans; Jerome H. Powell; Sarah Bloom Raskin; Eric S. Rosengren; Jeremy C. Stein; Daniel K. Tarullo; and Janet L. Yellen. Voting against the action was Esther L. George, who was concerned that the continued high level of monetary accommodation increased the risks of future economic and financial imbalances and, over time, could cause an increase in long-term inflation expectations.","Concurrence proves support for the action, not ideology"
2013-01-30,Esther L. George,AGAINST,HOLD,TIGHTER,LESS_ACCOMMODATION,2,VOTE_DISSENT,https://www.federalreserve.gov/newsevents/pressreleases/monetary20130130a.htm,raw/statements/monetary20130130a.htm,"Voting for the FOMC monetary policy action were: Ben S. Bernanke, Chairman; William C. Dudley, Vice Chairman; James Bullard; Elizabeth A. Duke; Charles L. Evans; Jerome H. Powell; Sarah Bloom Raskin; Eric S. Rosengren; Jeremy C. Stein; Daniel K. Tarullo; and Janet L. Yellen. Voting against the action was Esther L. George, who was concerned that the continued high level of monetary accommodation increased the risks of future economic and financial imbalances and, over time, could cause an increase in long-term inflation expectations.",Concerned prolonged accommodation increased risks
2013-01-30,James Bullard,FOR,HOLD,CONCUR,HOLD,0,VOTE_ACTION_PROXY,https://www.federalreserve.gov/newsevents/pressreleases/monetary20130130a.htm,raw/statements/monetary20130130a.htm,"Voting for the FOMC monetary policy action were: Ben S. Bernanke, Chairman; William C. Dudley, Vice Chairman; James Bullard; Elizabeth A. Duke; Charles L. Evans; Jerome H. Powell; Sarah Bloom Raskin; Eric S. Rosengren; Jeremy C. Stein; Daniel K. Tarullo; and Janet L. Yellen. Voting against the action was Esther L. George, who was concerned that the continued high level of monetary accommodation increased the risks of future economic and financial imbalances and, over time, could cause an increase in long-term inflation expectations.","Concurrence proves support for the action, not ideology"
2013-01-30,Janet L. Yellen,FOR,HOLD,CONCUR,HOLD,0,VOTE_ACTION_PROXY,https://www.federalreserve.gov/newsevents/pressreleases/monetary20130130a.htm,raw/statements/monetary20130130a.htm,"Voting for the FOMC monetary policy action were: Ben S. Bernanke, Chairman; William C. Dudley, Vice Chairman; James Bullard; Elizabeth A. Duke; Charles L. Evans; Jerome H. Powell; Sarah Bloom Raskin; Eric S. Rosengren; Jeremy C. Stein; Daniel K. Tarullo; and Janet L. Yellen. Voting against the action was Esther L. George, who was concerned that the continued high level of monetary accommodation increased the risks of future economic and financial imbalances and, over time, could cause an increase in long-term inflation expectations.","Concurrence proves support for the action, not ideology"
2013-01-30,Jeremy C. Stein,FOR,HOLD,CONCUR,HOLD,0,VOTE_ACTION_PROXY,https://www.federalreserve.gov/newsevents/pressreleases/monetary20130130a.htm,raw/statements/monetary20130130a.htm,"Voting for the FOMC monetary policy action were: Ben S. Bernanke, Chairman; William C. Dudley, Vice Chairman; James Bullard; Elizabeth A. Duke; Charles L. Evans; Jerome H. Powell; Sarah Bloom Raskin; Eric S. Rosengren; Jeremy C. Stein; Daniel K. Tarullo; and Janet L. Yellen. Voting against the action was Esther L. George, who was concerned that the continued high level of monetary accommodation increased the risks of future economic and financial imbalances and, over time, could cause an increase in long-term inflation expectations.","Concurrence proves support for the action, not ideology"
2013-01-30,Jerome H. Powell,FOR,HOLD,CONCUR,HOLD,0,VOTE_ACTION_PROXY,https://www.federalreserve.gov/newsevents/pressreleases/monetary20130130a.htm,raw/statements/monetary20130130a.htm,"Voting for the FOMC monetary policy action were: Ben S. Bernanke, Chairman; William C. Dudley, Vice Chairman; James Bullard; Elizabeth A. Duke; Charles L. Evans; Jerome H. Powell; Sarah Bloom Raskin; Eric S. Rosengren; Jeremy C. Stein; Daniel K. Tarullo; and Janet L. Yellen. Voting against the action was Esther L. George, who was concerned that the continued high level of monetary accommodation increased the risks of future economic and financial imbalances and, over time, could cause an increase in long-term inflation expectations.","Concurrence proves support for the action, not ideology"
2013-01-30,Sarah Bloom Raskin,FOR,HOLD,CONCUR,HOLD,0,VOTE_ACTION_PROXY,https://www.federalreserve.gov/newsevents/pressreleases/monetary20130130a.htm,raw/statements/monetary20130130a.htm,"Voting for the FOMC monetary policy action were: Ben S. Bernanke, Chairman; William C. Dudley, Vice Chairman; James Bullard; Elizabeth A. Duke; Charles L. Evans; Jerome H. Powell; Sarah Bloom Raskin; Eric S. Rosengren; Jeremy C. Stein; Daniel K. Tarullo; and Janet L. Yellen. Voting against the action was Esther L. George, who was concerned that the continued high level of monetary accommodation increased the risks of future economic and financial imbalances and, over time, could cause an increase in long-term inflation expectations.","Concurrence proves support for the action, not ideology"
2013-01-30,William C. Dudley,FOR,HOLD,CONCUR,HOLD,0,VOTE_ACTION_PROXY,https://www.federalreserve.gov/newsevents/pressreleases/monetary20130130a.htm,raw/statements/monetary20130130a.htm,"Voting for the FOMC monetary policy action were: Ben S. Bernanke, Chairman; William C. Dudley, Vice Chairman; James Bullard; Elizabeth A. Duke; Charles L. Evans; Jerome H. Powell; Sarah Bloom Raskin; Eric S. Rosengren; Jeremy C. Stein; Daniel K. Tarullo; and Janet L. Yellen. Voting against the action was Esther L. George, who was concerned that the continued high level of monetary accommodation increased the risks of future economic and financial imbalances and, over time, could cause an increase in long-term inflation expectations.","Concurrence proves support for the action, not ideology"
2013-03-20,Ben S. Bernanke,FOR,HOLD,CONCUR,HOLD,0,VOTE_ACTION_PROXY,https://www.federalreserve.gov/newsevents/pressreleases/monetary20130320a.htm,raw/statements/monetary20130320a.htm,"Voting for the FOMC monetary policy action were: Ben S. Bernanke, Chairman; William C. Dudley, Vice Chairman; James Bullard; Elizabeth A. Duke; Charles L. Evans; Jerome H. Powell; Sarah Bloom Raskin; Eric S. Rosengren; Jeremy C. Stein; Daniel K. Tarullo; and Janet L. Yellen. Voting against the action was Esther L. George, who was concerned that the continued high level of monetary accommodation increased the risks of future economic and financial imbalances and, over time, could cause an increase in long-term inflation expectations.","Concurrence proves support for the action, not ideology"
2013-03-20,Charles L. Evans,FOR,HOLD,CONCUR,HOLD,0,VOTE_ACTION_PROXY,https://www.federalreserve.gov/newsevents/pressreleases/monetary20130320a.htm,raw/statements/monetary20130320a.htm,"Voting for the FOMC monetary policy action were: Ben S. Bernanke, Chairman; William C. Dudley, Vice Chairman; James Bullard; Elizabeth A. Duke; Charles L. Evans; Jerome H. Powell; Sarah Bloom Raskin; Eric S. Rosengren; Jeremy C. Stein; Daniel K. Tarullo; and Janet L. Yellen. Voting against the action was Esther L. George, who was concerned that the continued high level of monetary accommodation increased the risks of future economic and financial imbalances and, over time, could cause an increase in long-term inflation expectations.","Concurrence proves support for the action, not ideology"
2013-03-20,Daniel K. Tarullo,FOR,HOLD,CONCUR,HOLD,0,VOTE_ACTION_PROXY,https://www.federalreserve.gov/newsevents/pressreleases/monetary20130320a.htm,raw/statements/monetary20130320a.htm,"Voting for the FOMC monetary policy action were: Ben S. Bernanke, Chairman; William C. Dudley, Vice Chairman; James Bullard; Elizabeth A. Duke; Charles L. Evans; Jerome H. Powell; Sarah Bloom Raskin; Eric S. Rosengren; Jeremy C. Stein; Daniel K. Tarullo; and Janet L. Yellen. Voting against the action was Esther L. George, who was concerned that the continued high level of monetary accommodation increased the risks of future economic and financial imbalances and, over time, could cause an increase in long-term inflation expectations.","Concurrence proves support for the action, not ideology"
2013-03-20,Elizabeth A. Duke,FOR,HOLD,CONCUR,HOLD,0,VOTE_ACTION_PROXY,https://www.federalreserve.gov/newsevents/pressreleases/monetary20130320a.htm,raw/statements/monetary20130320a.htm,"Voting for the FOMC monetary policy action were: Ben S. Bernanke, Chairman; William C. Dudley, Vice Chairman; James Bullard; Elizabeth A. Duke; Charles L. Evans; Jerome H. Powell; Sarah Bloom Raskin; Eric S. Rosengren; Jeremy C. Stein; Daniel K. Tarullo; and Janet L. Yellen. Voting against the action was Esther L. George, who was concerned that the continued high level of monetary accommodation increased the risks of future economic and financial imbalances and, over time, could cause an increase in long-term inflation expectations.","Concurrence proves support for the action, not ideology"
2013-03-20,Eric S. Rosengren,FOR,HOLD,CONCUR,HOLD,0,VOTE_ACTION_PROXY,https://www.federalreserve.gov/newsevents/pressreleases/monetary20130320a.htm,raw/statements/monetary20130320a.htm,"Voting for the FOMC monetary policy action were: Ben S. Bernanke, Chairman; William C. Dudley, Vice Chairman; James Bullard; Elizabeth A. Duke; Charles L. Evans; Jerome H. Powell; Sarah Bloom Raskin; Eric S. Rosengren; Jeremy C. Stein; Daniel K. Tarullo; and Janet L. Yellen. Voting against the action was Esther L. George, who was concerned that the continued high level of monetary accommodation increased the risks of future economic and financial imbalances and, over time, could cause an increase in long-term inflation expectations.","Concurrence proves support for the action, not ideology"
2013-03-20,Esther L. George,AGAINST,HOLD,TIGHTER,LESS_ACCOMMODATION,2,VOTE_DISSENT,https://www.federalreserve.gov/newsevents/pressreleases/monetary20130320a.htm,raw/statements/monetary20130320a.htm,"Voting for the FOMC monetary policy action were: Ben S. Bernanke, Chairman; William C. Dudley, Vice Chairman; James Bullard; Elizabeth A. Duke; Charles L. Evans; Jerome H. Powell; Sarah Bloom Raskin; Eric S. Rosengren; Jeremy C. Stein; Daniel K. Tarullo; and Janet L. Yellen. Voting against the action was Esther L. George, who was concerned that the continued high level of monetary accommodation increased the risks of future economic and financial imbalances and, over time, could cause an increase in long-term inflation expectations.",Concerned prolonged accommodation increased risks
2013-03-20,James Bullard,FOR,HOLD,CONCUR,HOLD,0,VOTE_ACTION_PROXY,https://www.federalreserve.gov/newsevents/pressreleases/monetary20130320a.htm,raw/statements/monetary20130320a.htm,"Voting for the FOMC monetary policy action were: Ben S. Bernanke, Chairman; William C. Dudley, Vice Chairman; James Bullard; Elizabeth A. Duke; Charles L. Evans; Jerome H. Powell; Sarah Bloom Raskin; Eric S. Rosengren; Jeremy C. Stein; Daniel K. Tarullo; and Janet L. Yellen. Voting against the action was Esther L. George, who was concerned that the continued high level of monetary accommodation increased the risks of future economic and financial imbalances and, over time, could cause an increase in long-term inflation expectations.","Concurrence proves support for the action, not ideology"
2013-03-20,Janet L. Yellen,FOR,HOLD,CONCUR,HOLD,0,VOTE_ACTION_PROXY,https://www.federalreserve.gov/newsevents/pressreleases/monetary20130320a.htm,raw/statements/monetary20130320a.htm,"Voting for the FOMC monetary policy action were: Ben S. Bernanke, Chairman; William C. Dudley, Vice Chairman; James Bullard; Elizabeth A. Duke; Charles L. Evans; Jerome H. Powell; Sarah Bloom Raskin; Eric S. Rosengren; Jeremy C. Stein; Daniel K. Tarullo; and Janet L. Yellen. Voting against the action was Esther L. George, who was concerned that the continued high level of monetary accommodation increased the risks of future economic and financial imbalances and, over time, could cause an increase in long-term inflation expectations.","Concurrence proves support for the action, not ideology"
2013-03-20,Jeremy C. Stein,FOR,HOLD,CONCUR,HOLD,0,VOTE_ACTION_PROXY,https://www.federalreserve.gov/newsevents/pressreleases/monetary20130320a.htm,raw/statements/monetary20130320a.htm,"Voting for the FOMC monetary policy action were: Ben S. Bernanke, Chairman; William C. Dudley, Vice Chairman; James Bullard; Elizabeth A. Duke; Charles L. Evans; Jerome H. Powell; Sarah Bloom Raskin; Eric S. Rosengren; Jeremy C. Stein; Daniel K. Tarullo; and Janet L. Yellen. Voting against the action was Esther L. George, who was concerned that the continued high level of monetary accommodation increased the risks of future economic and financial imbalances and, over time, could cause an increase in long-term inflation expectations.","Concurrence proves support for the action, not ideology"
2013-03-20,Jerome H. Powell,FOR,HOLD,CONCUR,HOLD,0,VOTE_ACTION_PROXY,https://www.federalreserve.gov/newsevents/pressreleases/monetary20130320a.htm,raw/statements/monetary20130320a.htm,"Voting for the FOMC monetary policy action were: Ben S. Bernanke, Chairman; William C. Dudley, Vice Chairman; James Bullard; Elizabeth A. Duke; Charles L. Evans; Jerome H. Powell; Sarah Bloom Raskin; Eric S. Rosengren; Jeremy C. Stein; Daniel K. Tarullo; and Janet L. Yellen. Voting against the action was Esther L. George, who was concerned that the continued high level of monetary accommodation increased the risks of future economic and financial imbalances and, over time, could cause an increase in long-term inflation expectations.","Concurrence proves support for the action, not ideology"
2013-03-20,Sarah Bloom Raskin,FOR,HOLD,CONCUR,HOLD,0,VOTE_ACTION_PROXY,https://www.federalreserve.gov/newsevents/pressreleases/monetary20130320a.htm,raw/statements/monetary20130320a.htm,"Voting for the FOMC monetary policy action were: Ben S. Bernanke, Chairman; William C. Dudley, Vice Chairman; James Bullard; Elizabeth A. Duke; Charles L. Evans; Jerome H. Powell; Sarah Bloom Raskin; Eric S. Rosengren; Jeremy C. Stein; Daniel K. Tarullo; and Janet L. Yellen. Voting against the action was Esther L. George, who was concerned that the continued high level of monetary accommodation increased the risks of future economic and financial imbalances and, over time, could cause an increase in long-term inflation expectations.","Concurrence proves support for the action, not ideology"
2013-03-20,William C. Dudley,FOR,HOLD,CONCUR,HOLD,0,VOTE_ACTION_PROXY,https://www.federalreserve.gov/newsevents/pressreleases/monetary20130320a.htm,raw/statements/monetary20130320a.htm,"Voting for the FOMC monetary policy action were: Ben S. Bernanke, Chairman; William C. Dudley, Vice Chairman; James Bullard; Elizabeth A. Duke; Charles L. Evans; Jerome H. Powell; Sarah Bloom Raskin; Eric S. Rosengren; Jeremy C. Stein; Daniel K. Tarullo; and Janet L. Yellen. Voting against the action was Esther L. George, who was concerned that the continued high level of monetary accommodation increased the risks of future economic and financial imbalances and, over time, could cause an increase in long-term inflation expectations.","Concurrence proves support for the action, not ideology"
2013-05-01,Ben S. Bernanke,FOR,HOLD,CONCUR,HOLD,0,VOTE_ACTION_PROXY,https://www.federalreserve.gov/newsevents/pressreleases/monetary20130501a.htm,raw/statements/monetary20130501a.htm,"Voting for the FOMC monetary policy action were: Ben S. Bernanke, Chairman; William C. Dudley, Vice Chairman; James Bullard; Elizabeth A. Duke; Charles L. Evans; Jerome H. Powell; Sarah Bloom Raskin; Eric S. Rosengren; Jeremy C. Stein; Daniel K. Tarullo; and Janet L. Yellen. Voting against the action was Esther L. George, who was concerned that the continued high level of monetary accommodation increased the risks of future economic and financial imbalances and, over time, could cause an increase in long-term inflation expectations.","Concurrence proves support for the action, not ideology"
2013-05-01,Charles L. Evans,FOR,HOLD,CONCUR,HOLD,0,VOTE_ACTION_PROXY,https://www.federalreserve.gov/newsevents/pressreleases/monetary20130501a.htm,raw/statements/monetary20130501a.htm,"Voting for the FOMC monetary policy action were: Ben S. Bernanke, Chairman; William C. Dudley, Vice Chairman; James Bullard; Elizabeth A. Duke; Charles L. Evans; Jerome H. Powell; Sarah Bloom Raskin; Eric S. Rosengren; Jeremy C. Stein; Daniel K. Tarullo; and Janet L. Yellen. Voting against the action was Esther L. George, who was concerned that the continued high level of monetary accommodation increased the risks of future economic and financial imbalances and, over time, could cause an increase in long-term inflation expectations.","Concurrence proves support for the action, not ideology"
2013-05-01,Daniel K. Tarullo,FOR,HOLD,CONCUR,HOLD,0,VOTE_ACTION_PROXY,https://www.federalreserve.gov/newsevents/pressreleases/monetary20130501a.htm,raw/statements/monetary20130501a.htm,"Voting for the FOMC monetary policy action were: Ben S. Bernanke, Chairman; William C. Dudley, Vice Chairman; James Bullard; Elizabeth A. Duke; Charles L. Evans; Jerome H. Powell; Sarah Bloom Raskin; Eric S. Rosengren; Jeremy C. Stein; Daniel K. Tarullo; and Janet L. Yellen. Voting against the action was Esther L. George, who was concerned that the continued high level of monetary accommodation increased the risks of future economic and financial imbalances and, over time, could cause an increase in long-term inflation expectations.","Concurrence proves support for the action, not ideology"
2013-05-01,Elizabeth A. Duke,FOR,HOLD,CONCUR,HOLD,0,VOTE_ACTION_PROXY,https://www.federalreserve.gov/newsevents/pressreleases/monetary20130501a.htm,raw/statements/monetary20130501a.htm,"Voting for the FOMC monetary policy action were: Ben S. Bernanke, Chairman; William C. Dudley, Vice Chairman; James Bullard; Elizabeth A. Duke; Charles L. Evans; Jerome H. Powell; Sarah Bloom Raskin; Eric S. Rosengren; Jeremy C. Stein; Daniel K. Tarullo; and Janet L. Yellen. Voting against the action was Esther L. George, who was concerned that the continued high level of monetary accommodation increased the risks of future economic and financial imbalances and, over time, could cause an increase in long-term inflation expectations.","Concurrence proves support for the action, not ideology"
2013-05-01,Eric S. Rosengren,FOR,HOLD,CONCUR,HOLD,0,VOTE_ACTION_PROXY,https://www.federalreserve.gov/newsevents/pressreleases/monetary20130501a.htm,raw/statements/monetary20130501a.htm,"Voting for the FOMC monetary policy action were: Ben S. Bernanke, Chairman; William C. Dudley, Vice Chairman; James Bullard; Elizabeth A. Duke; Charles L. Evans; Jerome H. Powell; Sarah Bloom Raskin; Eric S. Rosengren; Jeremy C. Stein; Daniel K. Tarullo; and Janet L. Yellen. Voting against the action was Esther L. George, who was concerned that the continued high level of monetary accommodation increased the risks of future economic and financial imbalances and, over time, could cause an increase in long-term inflation expectations.","Concurrence proves support for the action, not ideology"
2013-05-01,Esther L. George,AGAINST,HOLD,TIGHTER,LESS_ACCOMMODATION,2,VOTE_DISSENT,https://www.federalreserve.gov/newsevents/pressreleases/monetary20130501a.htm,raw/statements/monetary20130501a.htm,"Voting for the FOMC monetary policy action were: Ben S. Bernanke, Chairman; William C. Dudley, Vice Chairman; James Bullard; Elizabeth A. Duke; Charles L. Evans; Jerome H. Powell; Sarah Bloom Raskin; Eric S. Rosengren; Jeremy C. Stein; Daniel K. Tarullo; and Janet L. Yellen. Voting against the action was Esther L. George, who was concerned that the continued high level of monetary accommodation increased the risks of future economic and financial imbalances and, over time, could cause an increase in long-term inflation expectations.",Concerned prolonged accommodation increased risks
2013-05-01,James Bullard,FOR,HOLD,CONCUR,HOLD,0,VOTE_ACTION_PROXY,https://www.federalreserve.gov/newsevents/pressreleases/monetary20130501a.htm,raw/statements/monetary20130501a.htm,"Voting for the FOMC monetary policy action were: Ben S. Bernanke, Chairman; William C. Dudley, Vice Chairman; James Bullard; Elizabeth A. Duke; Charles L. Evans; Jerome H. Powell; Sarah Bloom Raskin; Eric S. Rosengren; Jeremy C. Stein; Daniel K. Tarullo; and Janet L. Yellen. Voting against the action was Esther L. George, who was concerned that the continued high level of monetary accommodation increased the risks of future economic and financial imbalances and, over time, could cause an increase in long-term inflation expectations.","Concurrence proves support for the action, not ideology"
2013-05-01,Janet L. Yellen,FOR,HOLD,CONCUR,HOLD,0,VOTE_ACTION_PROXY,https://www.federalreserve.gov/newsevents/pressreleases/monetary20130501a.htm,raw/statements/monetary20130501a.htm,"Voting for the FOMC monetary policy action were: Ben S. Bernanke, Chairman; William C. Dudley, Vice Chairman; James Bullard; Elizabeth A. Duke; Charles L. Evans; Jerome H. Powell; Sarah Bloom Raskin; Eric S. Rosengren; Jeremy C. Stein; Daniel K. Tarullo; and Janet L. Yellen. Voting against the action was Esther L. George, who was concerned that the continued high level of monetary accommodation increased the risks of future economic and financial imbalances and, over time, could cause an increase in long-term inflation expectations.","Concurrence proves support for the action, not ideology"
2013-05-01,Jeremy C. Stein,FOR,HOLD,CONCUR,HOLD,0,VOTE_ACTION_PROXY,https://www.federalreserve.gov/newsevents/pressreleases/monetary20130501a.htm,raw/statements/monetary20130501a.htm,"Voting for the FOMC monetary policy action were: Ben S. Bernanke, Chairman; William C. Dudley, Vice Chairman; James Bullard; Elizabeth A. Duke; Charles L. Evans; Jerome H. Powell; Sarah Bloom Raskin; Eric S. Rosengren; Jeremy C. Stein; Daniel K. Tarullo; and Janet L. Yellen. Voting against the action was Esther L. George, who was concerned that the continued high level of monetary accommodation increased the risks of future economic and financial imbalances and, over time, could cause an increase in long-term inflation expectations.","Concurrence proves support for the action, not ideology"
2013-05-01,Jerome H. Powell,FOR,HOLD,CONCUR,HOLD,0,VOTE_ACTION_PROXY,https://www.federalreserve.gov/newsevents/pressreleases/monetary20130501a.htm,raw/statements/monetary20130501a.htm,"Voting for the FOMC monetary policy action were: Ben S. Bernanke, Chairman; William C. Dudley, Vice Chairman; James Bullard; Elizabeth A. Duke; Charles L. Evans; Jerome H. Powell; Sarah Bloom Raskin; Eric S. Rosengren; Jeremy C. Stein; Daniel K. Tarullo; and Janet L. Yellen. Voting against the action was Esther L. George, who was concerned that the continued high level of monetary accommodation increased the risks of future economic and financial imbalances and, over time, could cause an increase in long-term inflation expectations.","Concurrence proves support for the action, not ideology"
2013-05-01,Sarah Bloom Raskin,FOR,HOLD,CONCUR,HOLD,0,VOTE_ACTION_PROXY,https://www.federalreserve.gov/newsevents/pressreleases/monetary20130501a.htm,raw/statements/monetary20130501a.htm,"Voting for the FOMC monetary policy action were: Ben S. Bernanke, Chairman; William C. Dudley, Vice Chairman; James Bullard; Elizabeth A. Duke; Charles L. Evans; Jerome H. Powell; Sarah Bloom Raskin; Eric S. Rosengren; Jeremy C. Stein; Daniel K. Tarullo; and Janet L. Yellen. Voting against the action was Esther L. George, who was concerned that the continued high level of monetary accommodation increased the risks of future economic and financial imbalances and, over time, could cause an increase in long-term inflation expectations.","Concurrence proves support for the action, not ideology"
2013-05-01,William C. Dudley,FOR,HOLD,CONCUR,HOLD,0,VOTE_ACTION_PROXY,https://www.federalreserve.gov/newsevents/pressreleases/monetary20130501a.htm,raw/statements/monetary20130501a.htm,"Voting for the FOMC monetary policy action were: Ben S. Bernanke, Chairman; William C. Dudley, Vice Chairman; James Bullard; Elizabeth A. Duke; Charles L. Evans; Jerome H. Powell; Sarah Bloom Raskin; Eric S. Rosengren; Jeremy C. Stein; Daniel K. Tarullo; and Janet L. Yellen. Voting against the action was Esther L. George, who was concerned that the continued high level of monetary accommodation increased the risks of future economic and financial imbalances and, over time, could cause an increase in long-term inflation expectations.","Concurrence proves support for the action, not ideology"
2013-06-19,Ben S. Bernanke,FOR,HOLD,CONCUR,HOLD,0,VOTE_ACTION_PROXY,https://www.federalreserve.gov/newsevents/pressreleases/monetary20130619a.htm,raw/statements/monetary20130619a.htm,"Voting for the FOMC monetary policy action were: Ben S. Bernanke, Chairman; William C. Dudley, Vice Chairman; Elizabeth A. Duke; Charles L. Evans; Jerome H. Powell; Sarah Bloom Raskin; Eric S. Rosengren; Jeremy C. Stein; Daniel K. Tarullo; and Janet L. Yellen. Voting against the action was James Bullard, who believed that the Committee should signal more strongly its willingness to defend its inflation goal in light of recent low inflation readings, and Esther L. George, who was concerned that the continued high level of monetary accommodation increased the risks of future economic and financial imbalances and, over time, could cause an increase in long-term inflation expectations.","Concurrence proves support for the action, not ideology"
2013-06-19,Charles L. Evans,FOR,HOLD,CONCUR,HOLD,0,VOTE_ACTION_PROXY,https://www.federalreserve.gov/newsevents/pressreleases/monetary20130619a.htm,raw/statements/monetary20130619a.htm,"Voting for the FOMC monetary policy action were: Ben S. Bernanke, Chairman; William C. Dudley, Vice Chairman; Elizabeth A. Duke; Charles L. Evans; Jerome H. Powell; Sarah Bloom Raskin; Eric S. Rosengren; Jeremy C. Stein; Daniel K. Tarullo; and Janet L. Yellen. Voting against the action was James Bullard, who believed that the Committee should signal more strongly its willingness to defend its inflation goal in light of recent low inflation readings, and Esther L. George, who was concerned that the continued high level of monetary accommodation increased the risks of future economic and financial imbalances and, over time, could cause an increase in long-term inflation expectations.","Concurrence proves support for the action, not ideology"
2013-06-19,Daniel K. Tarullo,FOR,HOLD,CONCUR,HOLD,0,VOTE_ACTION_PROXY,https://www.federalreserve.gov/newsevents/pressreleases/monetary20130619a.htm,raw/statements/monetary20130619a.htm,"Voting for the FOMC monetary policy action were: Ben S. Bernanke, Chairman; William C. Dudley, Vice Chairman; Elizabeth A. Duke; Charles L. Evans; Jerome H. Powell; Sarah Bloom Raskin; Eric S. Rosengren; Jeremy C. Stein; Daniel K. Tarullo; and Janet L. Yellen. Voting against the action was James Bullard, who believed that the Committee should signal more strongly its willingness to defend its inflation goal in light of recent low inflation readings, and Esther L. George, who was concerned that the continued high level of monetary accommodation increased the risks of future economic and financial imbalances and, over time, could cause an increase in long-term inflation expectations.","Concurrence proves support for the action, not ideology"
2013-06-19,Elizabeth A. Duke,FOR,HOLD,CONCUR,HOLD,0,VOTE_ACTION_PROXY,https://www.federalreserve.gov/newsevents/pressreleases/monetary20130619a.htm,raw/statements/monetary20130619a.htm,"Voting for the FOMC monetary policy action were: Ben S. Bernanke, Chairman; William C. Dudley, Vice Chairman; Elizabeth A. Duke; Charles L. Evans; Jerome H. Powell; Sarah Bloom Raskin; Eric S. Rosengren; Jeremy C. Stein; Daniel K. Tarullo; and Janet L. Yellen. Voting against the action was James Bullard, who believed that the Committee should signal more strongly its willingness to defend its inflation goal in light of recent low inflation readings, and Esther L. George, who was concerned that the continued high level of monetary accommodation increased the risks of future economic and financial imbalances and, over time, could cause an increase in long-term inflation expectations.","Concurrence proves support for the action, not ideology"
2013-06-19,Eric S. Rosengren,FOR,HOLD,CONCUR,HOLD,0,VOTE_ACTION_PROXY,https://www.federalreserve.gov/newsevents/pressreleases/monetary20130619a.htm,raw/statements/monetary20130619a.htm,"Voting for the FOMC monetary policy action were: Ben S. Bernanke, Chairman; William C. Dudley, Vice Chairman; Elizabeth A. Duke; Charles L. Evans; Jerome H. Powell; Sarah Bloom Raskin; Eric S. Rosengren; Jeremy C. Stein; Daniel K. Tarullo; and Janet L. Yellen. Voting against the action was James Bullard, who believed that the Committee should signal more strongly its willingness to defend its inflation goal in light of recent low inflation readings, and Esther L. George, who was concerned that the continued high level of monetary accommodation increased the risks of future economic and financial imbalances and, over time, could cause an increase in long-term inflation expectations.","Concurrence proves support for the action, not ideology"
2013-06-19,Esther L. George,AGAINST,HOLD,TIGHTER,LESS_ACCOMMODATION,2,VOTE_DISSENT,https://www.federalreserve.gov/newsevents/pressreleases/monetary20130619a.htm,raw/statements/monetary20130619a.htm,"Voting for the FOMC monetary policy action were: Ben S. Bernanke, Chairman; William C. Dudley, Vice Chairman; Elizabeth A. Duke; Charles L. Evans; Jerome H. Powell; Sarah Bloom Raskin; Eric S. Rosengren; Jeremy C. Stein; Daniel K. Tarullo; and Janet L. Yellen. Voting against the action was James Bullard, who believed that the Committee should signal more strongly its willingness to defend its inflation goal in light of recent low inflation readings, and Esther L. George, who was concerned that the continued high level of monetary accommodation increased the risks of future economic and financial imbalances and, over time, could cause an increase in long-term inflation expectations.",Concerned continued accommodation increased risks
2013-06-19,James Bullard,AGAINST,HOLD,EASIER,STRONGER_LOW_INFLATION_DEFENSE,-2,VOTE_DISSENT,https://www.federalreserve.gov/newsevents/pressreleases/monetary20130619a.htm,raw/statements/monetary20130619a.htm,"Voting for the FOMC monetary policy action were: Ben S. Bernanke, Chairman; William C. Dudley, Vice Chairman; Elizabeth A. Duke; Charles L. Evans; Jerome H. Powell; Sarah Bloom Raskin; Eric S. Rosengren; Jeremy C. Stein; Daniel K. Tarullo; and Janet L. Yellen. Voting against the action was James Bullard, who believed that the Committee should signal more strongly its willingness to defend its inflation goal in light of recent low inflation readings, and Esther L. George, who was concerned that the continued high level of monetary accommodation increased the risks of future economic and financial imbalances and, over time, could cause an increase in long-term inflation expectations.",Preferred stronger signaling against below-target inflation
2013-06-19,Janet L. Yellen,FOR,HOLD,CONCUR,HOLD,0,VOTE_ACTION_PROXY,https://www.federalreserve.gov/newsevents/pressreleases/monetary20130619a.htm,raw/statements/monetary20130619a.htm,"Voting for the FOMC monetary policy action were: Ben S. Bernanke, Chairman; William C. Dudley, Vice Chairman; Elizabeth A. Duke; Charles L. Evans; Jerome H. Powell; Sarah Bloom Raskin; Eric S. Rosengren; Jeremy C. Stein; Daniel K. Tarullo; and Janet L. Yellen. Voting against the action was James Bullard, who believed that the Committee should signal more strongly its willingness to defend its inflation goal in light of recent low inflation readings, and Esther L. George, who was concerned that the continued high level of monetary accommodation increased the risks of future economic and financial imbalances and, over time, could cause an increase in long-term inflation expectations.","Concurrence proves support for the action, not ideology"
2013-06-19,Jeremy C. Stein,FOR,HOLD,CONCUR,HOLD,0,VOTE_ACTION_PROXY,https://www.federalreserve.gov/newsevents/pressreleases/monetary20130619a.htm,raw/statements/monetary20130619a.htm,"Voting for the FOMC monetary policy action were: Ben S. Bernanke, Chairman; William C. Dudley, Vice Chairman; Elizabeth A. Duke; Charles L. Evans; Jerome H. Powell; Sarah Bloom Raskin; Eric S. Rosengren; Jeremy C. Stein; Daniel K. Tarullo; and Janet L. Yellen. Voting against the action was James Bullard, who believed that the Committee should signal more strongly its willingness to defend its inflation goal in light of recent low inflation readings, and Esther L. George, who was concerned that the continued high level of monetary accommodation increased the risks of future economic and financial imbalances and, over time, could cause an increase in long-term inflation expectations.","Concurrence proves support for the action, not ideology"
2013-06-19,Jerome H. Powell,FOR,HOLD,CONCUR,HOLD,0,VOTE_ACTION_PROXY,https://www.federalreserve.gov/newsevents/pressreleases/monetary20130619a.htm,raw/statements/monetary20130619a.htm,"Voting for the FOMC monetary policy action were: Ben S. Bernanke, Chairman; William C. Dudley, Vice Chairman; Elizabeth A. Duke; Charles L. Evans; Jerome H. Powell; Sarah Bloom Raskin; Eric S. Rosengren; Jeremy C. Stein; Daniel K. Tarullo; and Janet L. Yellen. Voting against the action was James Bullard, who believed that the Committee should signal more strongly its willingness to defend its inflation goal in light of recent low inflation readings, and Esther L. George, who was concerned that the continued high level of monetary accommodation increased the risks of future economic and financial imbalances and, over time, could cause an increase in long-term inflation expectations.","Concurrence proves support for the action, not ideology"
2013-06-19,Sarah Bloom Raskin,FOR,HOLD,CONCUR,HOLD,0,VOTE_ACTION_PROXY,https://www.federalreserve.gov/newsevents/pressreleases/monetary20130619a.htm,raw/statements/monetary20130619a.htm,"Voting for the FOMC monetary policy action were: Ben S. Bernanke, Chairman; William C. Dudley, Vice Chairman; Elizabeth A. Duke; Charles L. Evans; Jerome H. Powell; Sarah Bloom Raskin; Eric S. Rosengren; Jeremy C. Stein; Daniel K. Tarullo; and Janet L. Yellen. Voting against the action was James Bullard, who believed that the Committee should signal more strongly its willingness to defend its inflation goal in light of recent low inflation readings, and Esther L. George, who was concerned that the continued high level of monetary accommodation increased the risks of future economic and financial imbalances and, over time, could cause an increase in long-term inflation expectations.","Concurrence proves support for the action, not ideology"
2013-06-19,William C. Dudley,FOR,HOLD,CONCUR,HOLD,0,VOTE_ACTION_PROXY,https://www.federalreserve.gov/newsevents/pressreleases/monetary20130619a.htm,raw/statements/monetary20130619a.htm,"Voting for the FOMC monetary policy action were: Ben S. Bernanke, Chairman; William C. Dudley, Vice Chairman; Elizabeth A. Duke; Charles L. Evans; Jerome H. Powell; Sarah Bloom Raskin; Eric S. Rosengren; Jeremy C. Stein; Daniel K. Tarullo; and Janet L. Yellen. Voting against the action was James Bullard, who believed that the Committee should signal more strongly its willingness to defend its inflation goal in light of recent low inflation readings, and Esther L. George, who was concerned that the continued high level of monetary accommodation increased the risks of future economic and financial imbalances and, over time, could cause an increase in long-term inflation expectations.","Concurrence proves support for the action, not ideology"
2013-07-31,Ben S. Bernanke,FOR,HOLD,CONCUR,HOLD,0,VOTE_ACTION_PROXY,https://www.federalreserve.gov/newsevents/pressreleases/monetary20130731a.htm,raw/statements/monetary20130731a.htm,"Voting for the FOMC monetary policy action were: Ben S. Bernanke, Chairman; William C. Dudley, Vice Chairman; James Bullard; Elizabeth A. Duke; Charles L. Evans; Jerome H. Powell; Sarah Bloom Raskin; Eric S. Rosengren; Jeremy C. Stein; Daniel K. Tarullo; and Janet L. Yellen. Voting against the action was Esther L. George, who was concerned that the continued high level of monetary accommodation increased the risks of future economic and financial imbalances and, over time, could cause an increase in long-term inflation expectations.","Concurrence proves support for the action, not ideology"
2013-07-31,Charles L. Evans,FOR,HOLD,CONCUR,HOLD,0,VOTE_ACTION_PROXY,https://www.federalreserve.gov/newsevents/pressreleases/monetary20130731a.htm,raw/statements/monetary20130731a.htm,"Voting for the FOMC monetary policy action were: Ben S. Bernanke, Chairman; William C. Dudley, Vice Chairman; James Bullard; Elizabeth A. Duke; Charles L. Evans; Jerome H. Powell; Sarah Bloom Raskin; Eric S. Rosengren; Jeremy C. Stein; Daniel K. Tarullo; and Janet L. Yellen. Voting against the action was Esther L. George, who was concerned that the continued high level of monetary accommodation increased the risks of future economic and financial imbalances and, over time, could cause an increase in long-term inflation expectations.","Concurrence proves support for the action, not ideology"
2013-07-31,Daniel K. Tarullo,FOR,HOLD,CONCUR,HOLD,0,VOTE_ACTION_PROXY,https://www.federalreserve.gov/newsevents/pressreleases/monetary20130731a.htm,raw/statements/monetary20130731a.htm,"Voting for the FOMC monetary policy action were: Ben S. Bernanke, Chairman; William C. Dudley, Vice Chairman; James Bullard; Elizabeth A. Duke; Charles L. Evans; Jerome H. Powell; Sarah Bloom Raskin; Eric S. Rosengren; Jeremy C. Stein; Daniel K. Tarullo; and Janet L. Yellen. Voting against the action was Esther L. George, who was concerned that the continued high level of monetary accommodation increased the risks of future economic and financial imbalances and, over time, could cause an increase in long-term inflation expectations.","Concurrence proves support for the action, not ideology"
2013-07-31,Elizabeth A. Duke,FOR,HOLD,CONCUR,HOLD,0,VOTE_ACTION_PROXY,https://www.federalreserve.gov/newsevents/pressreleases/monetary20130731a.htm,raw/statements/monetary20130731a.htm,"Voting for the FOMC monetary policy action were: Ben S. Bernanke, Chairman; William C. Dudley, Vice Chairman; James Bullard; Elizabeth A. Duke; Charles L. Evans; Jerome H. Powell; Sarah Bloom Raskin; Eric S. Rosengren; Jeremy C. Stein; Daniel K. Tarullo; and Janet L. Yellen. Voting against the action was Esther L. George, who was concerned that the continued high level of monetary accommodation increased the risks of future economic and financial imbalances and, over time, could cause an increase in long-term inflation expectations.","Concurrence proves support for the action, not ideology"
2013-07-31,Eric S. Rosengren,FOR,HOLD,CONCUR,HOLD,0,VOTE_ACTION_PROXY,https://www.federalreserve.gov/newsevents/pressreleases/monetary20130731a.htm,raw/statements/monetary20130731a.htm,"Voting for the FOMC monetary policy action were: Ben S. Bernanke, Chairman; William C. Dudley, Vice Chairman; James Bullard; Elizabeth A. Duke; Charles L. Evans; Jerome H. Powell; Sarah Bloom Raskin; Eric S. Rosengren; Jeremy C. Stein; Daniel K. Tarullo; and Janet L. Yellen. Voting against the action was Esther L. George, who was concerned that the continued high level of monetary accommodation increased the risks of future economic and financial imbalances and, over time, could cause an increase in long-term inflation expectations.","Concurrence proves support for the action, not ideology"
2013-07-31,Esther L. George,AGAINST,HOLD,TIGHTER,LESS_ACCOMMODATION,2,VOTE_DISSENT,https://www.federalreserve.gov/newsevents/pressreleases/monetary20130731a.htm,raw/statements/monetary20130731a.htm,"Voting for the FOMC monetary policy action were: Ben S. Bernanke, Chairman; William C. Dudley, Vice Chairman; James Bullard; Elizabeth A. Duke; Charles L. Evans; Jerome H. Powell; Sarah Bloom Raskin; Eric S. Rosengren; Jeremy C. Stein; Daniel K. Tarullo; and Janet L. Yellen. Voting against the action was Esther L. George, who was concerned that the continued high level of monetary accommodation increased the risks of future economic and financial imbalances and, over time, could cause an increase in long-term inflation expectations.",Concerned continued accommodation increased risks
2013-07-31,James Bullard,FOR,HOLD,CONCUR,HOLD,0,VOTE_ACTION_PROXY,https://www.federalreserve.gov/newsevents/pressreleases/monetary20130731a.htm,raw/statements/monetary20130731a.htm,"Voting for the FOMC monetary policy action were: Ben S. Bernanke, Chairman; William C. Dudley, Vice Chairman; James Bullard; Elizabeth A. Duke; Charles L. Evans; Jerome H. Powell; Sarah Bloom Raskin; Eric S. Rosengren; Jeremy C. Stein; Daniel K. Tarullo; and Janet L. Yellen. Voting against the action was Esther L. George, who was concerned that the continued high level of monetary accommodation increased the risks of future economic and financial imbalances and, over time, could cause an increase in long-term inflation expectations.","Concurrence proves support for the action, not ideology"
2013-07-31,Janet L. Yellen,FOR,HOLD,CONCUR,HOLD,0,VOTE_ACTION_PROXY,https://www.federalreserve.gov/newsevents/pressreleases/monetary20130731a.htm,raw/statements/monetary20130731a.htm,"Voting for the FOMC monetary policy action were: Ben S. Bernanke, Chairman; William C. Dudley, Vice Chairman; James Bullard; Elizabeth A. Duke; Charles L. Evans; Jerome H. Powell; Sarah Bloom Raskin; Eric S. Rosengren; Jeremy C. Stein; Daniel K. Tarullo; and Janet L. Yellen. Voting against the action was Esther L. George, who was concerned that the continued high level of monetary accommodation increased the risks of future economic and financial imbalances and, over time, could cause an increase in long-term inflation expectations.","Concurrence proves support for the action, not ideology"
2013-07-31,Jeremy C. Stein,FOR,HOLD,CONCUR,HOLD,0,VOTE_ACTION_PROXY,https://www.federalreserve.gov/newsevents/pressreleases/monetary20130731a.htm,raw/statements/monetary20130731a.htm,"Voting for the FOMC monetary policy action were: Ben S. Bernanke, Chairman; William C. Dudley, Vice Chairman; James Bullard; Elizabeth A. Duke; Charles L. Evans; Jerome H. Powell; Sarah Bloom Raskin; Eric S. Rosengren; Jeremy C. Stein; Daniel K. Tarullo; and Janet L. Yellen. Voting against the action was Esther L. George, who was concerned that the continued high level of monetary accommodation increased the risks of future economic and financial imbalances and, over time, could cause an increase in long-term inflation expectations.","Concurrence proves support for the action, not ideology"
2013-07-31,Jerome H. Powell,FOR,HOLD,CONCUR,HOLD,0,VOTE_ACTION_PROXY,https://www.federalreserve.gov/newsevents/pressreleases/monetary20130731a.htm,raw/statements/monetary20130731a.htm,"Voting for the FOMC monetary policy action were: Ben S. Bernanke, Chairman; William C. Dudley, Vice Chairman; James Bullard; Elizabeth A. Duke; Charles L. Evans; Jerome H. Powell; Sarah Bloom Raskin; Eric S. Rosengren; Jeremy C. Stein; Daniel K. Tarullo; and Janet L. Yellen. Voting against the action was Esther L. George, who was concerned that the continued high level of monetary accommodation increased the risks of future economic and financial imbalances and, over time, could cause an increase in long-term inflation expectations.","Concurrence proves support for the action, not ideology"
2013-07-31,Sarah Bloom Raskin,FOR,HOLD,CONCUR,HOLD,0,VOTE_ACTION_PROXY,https://www.federalreserve.gov/newsevents/pressreleases/monetary20130731a.htm,raw/statements/monetary20130731a.htm,"Voting for the FOMC monetary policy action were: Ben S. Bernanke, Chairman; William C. Dudley, Vice Chairman; James Bullard; Elizabeth A. Duke; Charles L. Evans; Jerome H. Powell; Sarah Bloom Raskin; Eric S. Rosengren; Jeremy C. Stein; Daniel K. Tarullo; and Janet L. Yellen. Voting against the action was Esther L. George, who was concerned that the continued high level of monetary accommodation increased the risks of future economic and financial imbalances and, over time, could cause an increase in long-term inflation expectations.","Concurrence proves support for the action, not ideology"
2013-07-31,William C. Dudley,FOR,HOLD,CONCUR,HOLD,0,VOTE_ACTION_PROXY,https://www.federalreserve.gov/newsevents/pressreleases/monetary20130731a.htm,raw/statements/monetary20130731a.htm,"Voting for the FOMC monetary policy action were: Ben S. Bernanke, Chairman; William C. Dudley, Vice Chairman; James Bullard; Elizabeth A. Duke; Charles L. Evans; Jerome H. Powell; Sarah Bloom Raskin; Eric S. Rosengren; Jeremy C. Stein; Daniel K. Tarullo; and Janet L. Yellen. Voting against the action was Esther L. George, who was concerned that the continued high level of monetary accommodation increased the risks of future economic and financial imbalances and, over time, could cause an increase in long-term inflation expectations.","Concurrence proves support for the action, not ideology"
2013-09-18,Ben S. Bernanke,FOR,HOLD,CONCUR,HOLD,0,VOTE_ACTION_PROXY,https://www.federalreserve.gov/newsevents/pressreleases/monetary20130918a.htm,raw/statements/monetary20130918a.htm,"Voting for the FOMC monetary policy action were: Ben S. Bernanke, Chairman; William C. Dudley, Vice Chairman; James Bullard; Charles L. Evans; Jerome H. Powell; Eric S. Rosengren; Jeremy C. Stein; Daniel K. Tarullo; and Janet L. Yellen. Voting against the action was Esther L. George, who was concerned that the continued high level of monetary accommodation increased the risks of future economic and financial imbalances and, over time, could cause an increase in long-term inflation expectations.","Concurrence proves support for the action, not ideology"
2013-09-18,Charles L. Evans,FOR,HOLD,CONCUR,HOLD,0,VOTE_ACTION_PROXY,https://www.federalreserve.gov/newsevents/pressreleases/monetary20130918a.htm,raw/statements/monetary20130918a.htm,"Voting for the FOMC monetary policy action were: Ben S. Bernanke, Chairman; William C. Dudley, Vice Chairman; James Bullard; Charles L. Evans; Jerome H. Powell; Eric S. Rosengren; Jeremy C. Stein; Daniel K. Tarullo; and Janet L. Yellen. Voting against the action was Esther L. George, who was concerned that the continued high level of monetary accommodation increased the risks of future economic and financial imbalances and, over time, could cause an increase in long-term inflation expectations.","Concurrence proves support for the action, not ideology"
2013-09-18,Daniel K. Tarullo,FOR,HOLD,CONCUR,HOLD,0,VOTE_ACTION_PROXY,https://www.federalreserve.gov/newsevents/pressreleases/monetary20130918a.htm,raw/statements/monetary20130918a.htm,"Voting for the FOMC monetary policy action were: Ben S. Bernanke, Chairman; William C. Dudley, Vice Chairman; James Bullard; Charles L. Evans; Jerome H. Powell; Eric S. Rosengren; Jeremy C. Stein; Daniel K. Tarullo; and Janet L. Yellen. Voting against the action was Esther L. George, who was concerned that the continued high level of monetary accommodation increased the risks of future economic and financial imbalances and, over time, could cause an increase in long-term inflation expectations.","Concurrence proves support for the action, not ideology"
2013-09-18,Eric S. Rosengren,FOR,HOLD,CONCUR,HOLD,0,VOTE_ACTION_PROXY,https://www.federalreserve.gov/newsevents/pressreleases/monetary20130918a.htm,raw/statements/monetary20130918a.htm,"Voting for the FOMC monetary policy action were: Ben S. Bernanke, Chairman; William C. Dudley, Vice Chairman; James Bullard; Charles L. Evans; Jerome H. Powell; Eric S. Rosengren; Jeremy C. Stein; Daniel K. Tarullo; and Janet L. Yellen. Voting against the action was Esther L. George, who was concerned that the continued high level of monetary accommodation increased the risks of future economic and financial imbalances and, over time, could cause an increase in long-term inflation expectations.","Concurrence proves support for the action, not ideology"
2013-09-18,Esther L. George,AGAINST,HOLD,TIGHTER,REDUCE_PURCHASES,2,VOTE_DISSENT,https://www.federalreserve.gov/newsevents/pressreleases/monetary20130918a.htm,raw/statements/monetary20130918a.htm,"Voting for the FOMC monetary policy action were: Ben S. Bernanke, Chairman; William C. Dudley, Vice Chairman; James Bullard; Charles L. Evans; Jerome H. Powell; Eric S. Rosengren; Jeremy C. Stein; Daniel K. Tarullo; and Janet L. Yellen. Voting against the action was Esther L. George, who was concerned that the continued high level of monetary accommodation increased the risks of future economic and financial imbalances and, over time, could cause an increase in long-term inflation expectations.",Preferred reducing asset purchases
2013-09-18,James Bullard,FOR,HOLD,CONCUR,HOLD,0,VOTE_ACTION_PROXY,https://www.federalreserve.gov/newsevents/pressreleases/monetary20130918a.htm,raw/statements/monetary20130918a.htm,"Voting for the FOMC monetary policy action were: Ben S. Bernanke, Chairman; William C. Dudley, Vice Chairman; James Bullard; Charles L. Evans; Jerome H. Powell; Eric S. Rosengren; Jeremy C. Stein; Daniel K. Tarullo; and Janet L. Yellen. Voting against the action was Esther L. George, who was concerned that the continued high level of monetary accommodation increased the risks of future economic and financial imbalances and, over time, could cause an increase in long-term inflation expectations.","Concurrence proves support for the action, not ideology"
2013-09-18,Janet L. Yellen,FOR,HOLD,CONCUR,HOLD,0,VOTE_ACTION_PROXY,https://www.federalreserve.gov/newsevents/pressreleases/monetary20130918a.htm,raw/statements/monetary20130918a.htm,"Voting for the FOMC monetary policy action were: Ben S. Bernanke, Chairman; William C. Dudley, Vice Chairman; James Bullard; Charles L. Evans; Jerome H. Powell; Eric S. Rosengren; Jeremy C. Stein; Daniel K. Tarullo; and Janet L. Yellen. Voting against the action was Esther L. George, who was concerned that the continued high level of monetary accommodation increased the risks of future economic and financial imbalances and, over time, could cause an increase in long-term inflation expectations.","Concurrence proves support for the action, not ideology"
2013-09-18,Jeremy C. Stein,FOR,HOLD,CONCUR,HOLD,0,VOTE_ACTION_PROXY,https://www.federalreserve.gov/newsevents/pressreleases/monetary20130918a.htm,raw/statements/monetary20130918a.htm,"Voting for the FOMC monetary policy action were: Ben S. Bernanke, Chairman; William C. Dudley, Vice Chairman; James Bullard; Charles L. Evans; Jerome H. Powell; Eric S. Rosengren; Jeremy C. Stein; Daniel K. Tarullo; and Janet L. Yellen. Voting against the action was Esther L. George, who was concerned that the continued high level of monetary accommodation increased the risks of future economic and financial imbalances and, over time, could cause an increase in long-term inflation expectations.","Concurrence proves support for the action, not ideology"
2013-09-18,Jerome H. Powell,FOR,HOLD,CONCUR,HOLD,0,VOTE_ACTION_PROXY,https://www.federalreserve.gov/newsevents/pressreleases/monetary20130918a.htm,raw/statements/monetary20130918a.htm,"Voting for the FOMC monetary policy action were: Ben S. Bernanke, Chairman; William C. Dudley, Vice Chairman; James Bullard; Charles L. Evans; Jerome H. Powell; Eric S. Rosengren; Jeremy C. Stein; Daniel K. Tarullo; and Janet L. Yellen. Voting against the action was Esther L. George, who was concerned that the continued high level of monetary accommodation increased the risks of future economic and financial imbalances and, over time, could cause an increase in long-term inflation expectations.","Concurrence proves support for the action, not ideology"
2013-09-18,William C. Dudley,FOR,HOLD,CONCUR,HOLD,0,VOTE_ACTION_PROXY,https://www.federalreserve.gov/newsevents/pressreleases/monetary20130918a.htm,raw/statements/monetary20130918a.htm,"Voting for the FOMC monetary policy action were: Ben S. Bernanke, Chairman; William C. Dudley, Vice Chairman; James Bullard; Charles L. Evans; Jerome H. Powell; Eric S. Rosengren; Jeremy C. Stein; Daniel K. Tarullo; and Janet L. Yellen. Voting against the action was Esther L. George, who was concerned that the continued high level of monetary accommodation increased the risks of future economic and financial imbalances and, over time, could cause an increase in long-term inflation expectations.","Concurrence proves support for the action, not ideology"
2013-10-30,Ben S. Bernanke,FOR,HOLD,CONCUR,HOLD,0,VOTE_ACTION_PROXY,https://www.federalreserve.gov/newsevents/pressreleases/monetary20131030a.htm,raw/statements/monetary20131030a.htm,"Voting for the FOMC monetary policy action were: Ben S. Bernanke, Chairman; William C. Dudley, Vice Chairman; James Bullard; Charles L. Evans; Jerome H. Powell; Eric S. Rosengren; Jeremy C. Stein; Daniel K. Tarullo; and Janet L. Yellen. Voting against the action was Esther L. George, who was concerned that the continued high level of monetary accommodation increased the risks of future economic and financial imbalances and, over time, could cause an increase in long-term inflation expectations.","Concurrence proves support for the action, not ideology"
2013-10-30,Charles L. Evans,FOR,HOLD,CONCUR,HOLD,0,VOTE_ACTION_PROXY,https://www.federalreserve.gov/newsevents/pressreleases/monetary20131030a.htm,raw/statements/monetary20131030a.htm,"Voting for the FOMC monetary policy action were: Ben S. Bernanke, Chairman; William C. Dudley, Vice Chairman; James Bullard; Charles L. Evans; Jerome H. Powell; Eric S. Rosengren; Jeremy C. Stein; Daniel K. Tarullo; and Janet L. Yellen. Voting against the action was Esther L. George, who was concerned that the continued high level of monetary accommodation increased the risks of future economic and financial imbalances and, over time, could cause an increase in long-term inflation expectations.","Concurrence proves support for the action, not ideology"
2013-10-30,Daniel K. Tarullo,FOR,HOLD,CONCUR,HOLD,0,VOTE_ACTION_PROXY,https://www.federalreserve.gov/newsevents/pressreleases/monetary20131030a.htm,raw/statements/monetary20131030a.htm,"Voting for the FOMC monetary policy action were: Ben S. Bernanke, Chairman; William C. Dudley, Vice Chairman; James Bullard; Charles L. Evans; Jerome H. Powell; Eric S. Rosengren; Jeremy C. Stein; Daniel K. Tarullo; and Janet L. Yellen. Voting against the action was Esther L. George, who was concerned that the continued high level of monetary accommodation increased the risks of future economic and financial imbalances and, over time, could cause an increase in long-term inflation expectations.","Concurrence proves support for the action, not ideology"
2013-10-30,Eric S. Rosengren,FOR,HOLD,CONCUR,HOLD,0,VOTE_ACTION_PROXY,https://www.federalreserve.gov/newsevents/pressreleases/monetary20131030a.htm,raw/statements/monetary20131030a.htm,"Voting for the FOMC monetary policy action were: Ben S. Bernanke, Chairman; William C. Dudley, Vice Chairman; James Bullard; Charles L. Evans; Jerome H. Powell; Eric S. Rosengren; Jeremy C. Stein; Daniel K. Tarullo; and Janet L. Yellen. Voting against the action was Esther L. George, who was concerned that the continued high level of monetary accommodation increased the risks of future economic and financial imbalances and, over time, could cause an increase in long-term inflation expectations.","Concurrence proves support for the action, not ideology"
2013-10-30,Esther L. George,AGAINST,HOLD,TIGHTER,REDUCE_PURCHASES,2,VOTE_DISSENT,https://www.federalreserve.gov/newsevents/pressreleases/monetary20131030a.htm,raw/statements/monetary20131030a.htm,"Voting for the FOMC monetary policy action were: Ben S. Bernanke, Chairman; William C. Dudley, Vice Chairman; James Bullard; Charles L. Evans; Jerome H. Powell; Eric S. Rosengren; Jeremy C. Stein; Daniel K. Tarullo; and Janet L. Yellen. Voting against the action was Esther L. George, who was concerned that the continued high level of monetary accommodation increased the risks of future economic and financial imbalances and, over time, could cause an increase in long-term inflation expectations.",Preferred reducing asset purchases
2013-10-30,James Bullard,FOR,HOLD,CONCUR,HOLD,0,VOTE_ACTION_PROXY,https://www.federalreserve.gov/newsevents/pressreleases/monetary20131030a.htm,raw/statements/monetary20131030a.htm,"Voting for the FOMC monetary policy action were: Ben S. Bernanke, Chairman; William C. Dudley, Vice Chairman; James Bullard; Charles L. Evans; Jerome H. Powell; Eric S. Rosengren; Jeremy C. Stein; Daniel K. Tarullo; and Janet L. Yellen. Voting against the action was Esther L. George, who was concerned that the continued high level of monetary accommodation increased the risks of future economic and financial imbalances and, over time, could cause an increase in long-term inflation expectations.","Concurrence proves support for the action, not ideology"
2013-10-30,Janet L. Yellen,FOR,HOLD,CONCUR,HOLD,0,VOTE_ACTION_PROXY,https://www.federalreserve.gov/newsevents/pressreleases/monetary20131030a.htm,raw/statements/monetary20131030a.htm,"Voting for the FOMC monetary policy action were: Ben S. Bernanke, Chairman; William C. Dudley, Vice Chairman; James Bullard; Charles L. Evans; Jerome H. Powell; Eric S. Rosengren; Jeremy C. Stein; Daniel K. Tarullo; and Janet L. Yellen. Voting against the action was Esther L. George, who was concerned that the continued high level of monetary accommodation increased the risks of future economic and financial imbalances and, over time, could cause an increase in long-term inflation expectations.","Concurrence proves support for the action, not ideology"
2013-10-30,Jeremy C. Stein,FOR,HOLD,CONCUR,HOLD,0,VOTE_ACTION_PROXY,https://www.federalreserve.gov/newsevents/pressreleases/monetary20131030a.htm,raw/statements/monetary20131030a.htm,"Voting for the FOMC monetary policy action were: Ben S. Bernanke, Chairman; William C. Dudley, Vice Chairman; James Bullard; Charles L. Evans; Jerome H. Powell; Eric S. Rosengren; Jeremy C. Stein; Daniel K. Tarullo; and Janet L. Yellen. Voting against the action was Esther L. George, who was concerned that the continued high level of monetary accommodation increased the risks of future economic and financial imbalances and, over time, could cause an increase in long-term inflation expectations.","Concurrence proves support for the action, not ideology"
2013-10-30,Jerome H. Powell,FOR,HOLD,CONCUR,HOLD,0,VOTE_ACTION_PROXY,https://www.federalreserve.gov/newsevents/pressreleases/monetary20131030a.htm,raw/statements/monetary20131030a.htm,"Voting for the FOMC monetary policy action were: Ben S. Bernanke, Chairman; William C. Dudley, Vice Chairman; James Bullard; Charles L. Evans; Jerome H. Powell; Eric S. Rosengren; Jeremy C. Stein; Daniel K. Tarullo; and Janet L. Yellen. Voting against the action was Esther L. George, who was concerned that the continued high level of monetary accommodation increased the risks of future economic and financial imbalances and, over time, could cause an increase in long-term inflation expectations.","Concurrence proves support for the action, not ideology"
2013-10-30,William C. Dudley,FOR,HOLD,CONCUR,HOLD,0,VOTE_ACTION_PROXY,https://www.federalreserve.gov/newsevents/pressreleases/monetary20131030a.htm,raw/statements/monetary20131030a.htm,"Voting for the FOMC monetary policy action were: Ben S. Bernanke, Chairman; William C. Dudley, Vice Chairman; James Bullard; Charles L. Evans; Jerome H. Powell; Eric S. Rosengren; Jeremy C. Stein; Daniel K. Tarullo; and Janet L. Yellen. Voting against the action was Esther L. George, who was concerned that the continued high level of monetary accommodation increased the risks of future economic and financial imbalances and, over time, could cause an increase in long-term inflation expectations.","Concurrence proves support for the action, not ideology"
2013-12-18,Ben S. Bernanke,FOR,HOLD,CONCUR,HOLD,0,VOTE_ACTION_PROXY,https://www.federalreserve.gov/newsevents/pressreleases/monetary20131218a.htm,raw/statements/monetary20131218a.htm,"Voting for the FOMC monetary policy action were: Ben S. Bernanke, Chairman; William C. Dudley, Vice Chairman; James Bullard; Charles L. Evans; Esther L. George; Jerome H. Powell; Jeremy C. Stein; Daniel K. Tarullo; and Janet L. Yellen. Voting against the action was Eric S. Rosengren, who believes that, with the unemployment rate still elevated and the inflation rate well below the target, changes in the purchase program are premature until incoming data more clearly indicate that economic growth is likely to be sustained above its potential rate. Statement Regarding Purchases of Treasury Securities and Agency Mortgage-Backed Securities","Concurrence proves support for the action, not ideology"
2013-12-18,Charles L. Evans,FOR,HOLD,CONCUR,HOLD,0,VOTE_ACTION_PROXY,https://www.federalreserve.gov/newsevents/pressreleases/monetary20131218a.htm,raw/statements/monetary20131218a.htm,"Voting for the FOMC monetary policy action were: Ben S. Bernanke, Chairman; William C. Dudley, Vice Chairman; James Bullard; Charles L. Evans; Esther L. George; Jerome H. Powell; Jeremy C. Stein; Daniel K. Tarullo; and Janet L. Yellen. Voting against the action was Eric S. Rosengren, who believes that, with the unemployment rate still elevated and the inflation rate well below the target, changes in the purchase program are premature until incoming data more clearly indicate that economic growth is likely to be sustained above its potential rate. Statement Regarding Purchases of Treasury Securities and Agency Mortgage-Backed Securities","Concurrence proves support for the action, not ideology"
2013-12-18,Daniel K. Tarullo,FOR,HOLD,CONCUR,HOLD,0,VOTE_ACTION_PROXY,https://www.federalreserve.gov/newsevents/pressreleases/monetary20131218a.htm,raw/statements/monetary20131218a.htm,"Voting for the FOMC monetary policy action were: Ben S. Bernanke, Chairman; William C. Dudley, Vice Chairman; James Bullard; Charles L. Evans; Esther L. George; Jerome H. Powell; Jeremy C. Stein; Daniel K. Tarullo; and Janet L. Yellen. Voting against the action was Eric S. Rosengren, who believes that, with the unemployment rate still elevated and the inflation rate well below the target, changes in the purchase program are premature until incoming data more clearly indicate that economic growth is likely to be sustained above its potential rate. Statement Regarding Purchases of Treasury Securities and Agency Mortgage-Backed Securities","Concurrence proves support for the action, not ideology"
2013-12-18,Eric S. Rosengren,AGAINST,HOLD,EASIER,CONTINUE_PURCHASE_PACE,-2,VOTE_DISSENT,https://www.federalreserve.gov/newsevents/pressreleases/monetary20131218a.htm,raw/statements/monetary20131218a.htm,"Voting for the FOMC monetary policy action were: Ben S. Bernanke, Chairman; William C. Dudley, Vice Chairman; James Bullard; Charles L. Evans; Esther L. George; Jerome H. Powell; Jeremy C. Stein; Daniel K. Tarullo; and Janet L. Yellen. Voting against the action was Eric S. Rosengren, who believes that, with the unemployment rate still elevated and the inflation rate well below the target, changes in the purchase program are premature until incoming data more clearly indicate that economic growth is likely to be sustained above its potential rate. Statement Regarding Purchases of Treasury Securities and Agency Mortgage-Backed Securities",Viewed the reduction in purchase pace as premature
2013-12-18,Esther L. George,FOR,HOLD,CONCUR,HOLD,0,VOTE_ACTION_PROXY,https://www.federalreserve.gov/newsevents/pressreleases/monetary20131218a.htm,raw/statements/monetary20131218a.htm,"Voting for the FOMC monetary policy action were: Ben S. Bernanke, Chairman; William C. Dudley, Vice Chairman; James Bullard; Charles L. Evans; Esther L. George; Jerome H. Powell; Jeremy C. Stein; Daniel K. Tarullo; and Janet L. Yellen. Voting against the action was Eric S. Rosengren, who believes that, with the unemployment rate still elevated and the inflation rate well below the target, changes in the purchase program are premature until incoming data more clearly indicate that economic growth is likely to be sustained above its potential rate. Statement Regarding Purchases of Treasury Securities and Agency Mortgage-Backed Securities","Concurrence proves support for the action, not ideology"
2013-12-18,James Bullard,FOR,HOLD,CONCUR,HOLD,0,VOTE_ACTION_PROXY,https://www.federalreserve.gov/newsevents/pressreleases/monetary20131218a.htm,raw/statements/monetary20131218a.htm,"Voting for the FOMC monetary policy action were: Ben S. Bernanke, Chairman; William C. Dudley, Vice Chairman; James Bullard; Charles L. Evans; Esther L. George; Jerome H. Powell; Jeremy C. Stein; Daniel K. Tarullo; and Janet L. Yellen. Voting against the action was Eric S. Rosengren, who believes that, with the unemployment rate still elevated and the inflation rate well below the target, changes in the purchase program are premature until incoming data more clearly indicate that economic growth is likely to be sustained above its potential rate. Statement Regarding Purchases of Treasury Securities and Agency Mortgage-Backed Securities","Concurrence proves support for the action, not ideology"
2013-12-18,Janet L. Yellen,FOR,HOLD,CONCUR,HOLD,0,VOTE_ACTION_PROXY,https://www.federalreserve.gov/newsevents/pressreleases/monetary20131218a.htm,raw/statements/monetary20131218a.htm,"Voting for the FOMC monetary policy action were: Ben S. Bernanke, Chairman; William C. Dudley, Vice Chairman; James Bullard; Charles L. Evans; Esther L. George; Jerome H. Powell; Jeremy C. Stein; Daniel K. Tarullo; and Janet L. Yellen. Voting against the action was Eric S. Rosengren, who believes that, with the unemployment rate still elevated and the inflation rate well below the target, changes in the purchase program are premature until incoming data more clearly indicate that economic growth is likely to be sustained above its potential rate. Statement Regarding Purchases of Treasury Securities and Agency Mortgage-Backed Securities","Concurrence proves support for the action, not ideology"
2013-12-18,Jeremy C. Stein,FOR,HOLD,CONCUR,HOLD,0,VOTE_ACTION_PROXY,https://www.federalreserve.gov/newsevents/pressreleases/monetary20131218a.htm,raw/statements/monetary20131218a.htm,"Voting for the FOMC monetary policy action were: Ben S. Bernanke, Chairman; William C. Dudley, Vice Chairman; James Bullard; Charles L. Evans; Esther L. George; Jerome H. Powell; Jeremy C. Stein; Daniel K. Tarullo; and Janet L. Yellen. Voting against the action was Eric S. Rosengren, who believes that, with the unemployment rate still elevated and the inflation rate well below the target, changes in the purchase program are premature until incoming data more clearly indicate that economic growth is likely to be sustained above its potential rate. Statement Regarding Purchases of Treasury Securities and Agency Mortgage-Backed Securities","Concurrence proves support for the action, not ideology"
2013-12-18,Jerome H. Powell,FOR,HOLD,CONCUR,HOLD,0,VOTE_ACTION_PROXY,https://www.federalreserve.gov/newsevents/pressreleases/monetary20131218a.htm,raw/statements/monetary20131218a.htm,"Voting for the FOMC monetary policy action were: Ben S. Bernanke, Chairman; William C. Dudley, Vice Chairman; James Bullard; Charles L. Evans; Esther L. George; Jerome H. Powell; Jeremy C. Stein; Daniel K. Tarullo; and Janet L. Yellen. Voting against the action was Eric S. Rosengren, who believes that, with the unemployment rate still elevated and the inflation rate well below the target, changes in the purchase program are premature until incoming data more clearly indicate that economic growth is likely to be sustained above its potential rate. Statement Regarding Purchases of Treasury Securities and Agency Mortgage-Backed Securities","Concurrence proves support for the action, not ideology"
2013-12-18,William C. Dudley,FOR,HOLD,CONCUR,HOLD,0,VOTE_ACTION_PROXY,https://www.federalreserve.gov/newsevents/pressreleases/monetary20131218a.htm,raw/statements/monetary20131218a.htm,"Voting for the FOMC monetary policy action were: Ben S. Bernanke, Chairman; William C. Dudley, Vice Chairman; James Bullard; Charles L. Evans; Esther L. George; Jerome H. Powell; Jeremy C. Stein; Daniel K. Tarullo; and Janet L. Yellen. Voting against the action was Eric S. Rosengren, who believes that, with the unemployment rate still elevated and the inflation rate well below the target, changes in the purchase program are premature until incoming data more clearly indicate that economic growth is likely to be sustained above its potential rate. Statement Regarding Purchases of Treasury Securities and Agency Mortgage-Backed Securities","Concurrence proves support for the action, not ideology"
2014-01-29,Ben S. Bernanke,FOR,HOLD,CONCUR,HOLD,0,VOTE_ACTION_PROXY,https://www.federalreserve.gov/newsevents/pressreleases/monetary20140129a.htm,raw/statements/monetary20140129a.htm,"Voting for the FOMC monetary policy action were: Ben S. Bernanke, Chairman; William C. Dudley, Vice Chairman; Richard W. Fisher; Narayana Kocherlakota; Sandra Pianalto; Charles I. Plosser; Jerome H. Powell; Jeremy C. Stein; Daniel K. Tarullo; and Janet L. Yellen. Statement Regarding Purchases of Treasury Securities and Agency Mortgage-Backed Securities","Concurrence proves support for the action, not ideology"
2014-01-29,Charles I. Plosser,FOR,HOLD,CONCUR,HOLD,0,VOTE_ACTION_PROXY,https://www.federalreserve.gov/newsevents/pressreleases/monetary20140129a.htm,raw/statements/monetary20140129a.htm,"Voting for the FOMC monetary policy action were: Ben S. Bernanke, Chairman; William C. Dudley, Vice Chairman; Richard W. Fisher; Narayana Kocherlakota; Sandra Pianalto; Charles I. Plosser; Jerome H. Powell; Jeremy C. Stein; Daniel K. Tarullo; and Janet L. Yellen. Statement Regarding Purchases of Treasury Securities and Agency Mortgage-Backed Securities","Concurrence proves support for the action, not ideology"
2014-01-29,Daniel K. Tarullo,FOR,HOLD,CONCUR,HOLD,0,VOTE_ACTION_PROXY,https://www.federalreserve.gov/newsevents/pressreleases/monetary20140129a.htm,raw/statements/monetary20140129a.htm,"Voting for the FOMC monetary policy action were: Ben S. Bernanke, Chairman; William C. Dudley, Vice Chairman; Richard W. Fisher; Narayana Kocherlakota; Sandra Pianalto; Charles I. Plosser; Jerome H. Powell; Jeremy C. Stein; Daniel K. Tarullo; and Janet L. Yellen. Statement Regarding Purchases of Treasury Securities and Agency Mortgage-Backed Securities","Concurrence proves support for the action, not ideology"
2014-01-29,Janet L. Yellen,FOR,HOLD,CONCUR,HOLD,0,VOTE_ACTION_PROXY,https://www.federalreserve.gov/newsevents/pressreleases/monetary20140129a.htm,raw/statements/monetary20140129a.htm,"Voting for the FOMC monetary policy action were: Ben S. Bernanke, Chairman; William C. Dudley, Vice Chairman; Richard W. Fisher; Narayana Kocherlakota; Sandra Pianalto; Charles I. Plosser; Jerome H. Powell; Jeremy C. Stein; Daniel K. Tarullo; and Janet L. Yellen. Statement Regarding Purchases of Treasury Securities and Agency Mortgage-Backed Securities","Concurrence proves support for the action, not ideology"
2014-01-29,Jeremy C. Stein,FOR,HOLD,CONCUR,HOLD,0,VOTE_ACTION_PROXY,https://www.federalreserve.gov/newsevents/pressreleases/monetary20140129a.htm,raw/statements/monetary20140129a.htm,"Voting for the FOMC monetary policy action were: Ben S. Bernanke, Chairman; William C. Dudley, Vice Chairman; Richard W. Fisher; Narayana Kocherlakota; Sandra Pianalto; Charles I. Plosser; Jerome H. Powell; Jeremy C. Stein; Daniel K. Tarullo; and Janet L. Yellen. Statement Regarding Purchases of Treasury Securities and Agency Mortgage-Backed Securities","Concurrence proves support for the action, not ideology"
2014-01-29,Jerome H. Powell,FOR,HOLD,CONCUR,HOLD,0,VOTE_ACTION_PROXY,https://www.federalreserve.gov/newsevents/pressreleases/monetary20140129a.htm,raw/statements/monetary20140129a.htm,"Voting for the FOMC monetary policy action were: Ben S. Bernanke, Chairman; William C. Dudley, Vice Chairman; Richard W. Fisher; Narayana Kocherlakota; Sandra Pianalto; Charles I. Plosser; Jerome H. Powell; Jeremy C. Stein; Daniel K. Tarullo; and Janet L. Yellen. Statement Regarding Purchases of Treasury Securities and Agency Mortgage-Backed Securities","Concurrence proves support for the action, not ideology"
2014-01-29,Narayana Kocherlakota,FOR,HOLD,CONCUR,HOLD,0,VOTE_ACTION_PROXY,https://www.federalreserve.gov/newsevents/pressreleases/monetary20140129a.htm,raw/statements/monetary20140129a.htm,"Voting for the FOMC monetary policy action were: Ben S. Bernanke, Chairman; William C. Dudley, Vice Chairman; Richard W. Fisher; Narayana Kocherlakota; Sandra Pianalto; Charles I. Plosser; Jerome H. Powell; Jeremy C. Stein; Daniel K. Tarullo; and Janet L. Yellen. Statement Regarding Purchases of Treasury Securities and Agency Mortgage-Backed Securities","Concurrence proves support for the action, not ideology"
2014-01-29,Richard W. Fisher,FOR,HOLD,CONCUR,HOLD,0,VOTE_ACTION_PROXY,https://www.federalreserve.gov/newsevents/pressreleases/monetary20140129a.htm,raw/statements/monetary20140129a.htm,"Voting for the FOMC monetary policy action were: Ben S. Bernanke, Chairman; William C. Dudley, Vice Chairman; Richard W. Fisher; Narayana Kocherlakota; Sandra Pianalto; Charles I. Plosser; Jerome H. Powell; Jeremy C. Stein; Daniel K. Tarullo; and Janet L. Yellen. Statement Regarding Purchases of Treasury Securities and Agency Mortgage-Backed Securities","Concurrence proves support for the action, not ideology"
2014-01-29,Sandra Pianalto,FOR,HOLD,CONCUR,HOLD,0,VOTE_ACTION_PROXY,https://www.federalreserve.gov/newsevents/pressreleases/monetary20140129a.htm,raw/statements/monetary20140129a.htm,"Voting for the FOMC monetary policy action were: Ben S. Bernanke, Chairman; William C. Dudley, Vice Chairman; Richard W. Fisher; Narayana Kocherlakota; Sandra Pianalto; Charles I. Plosser; Jerome H. Powell; Jeremy C. Stein; Daniel K. Tarullo; and Janet L. Yellen. Statement Regarding Purchases of Treasury Securities and Agency Mortgage-Backed Securities","Concurrence proves support for the action, not ideology"
2014-01-29,William C. Dudley,FOR,HOLD,CONCUR,HOLD,0,VOTE_ACTION_PROXY,https://www.federalreserve.gov/newsevents/pressreleases/monetary20140129a.htm,raw/statements/monetary20140129a.htm,"Voting for the FOMC monetary policy action were: Ben S. Bernanke, Chairman; William C. Dudley, Vice Chairman; Richard W. Fisher; Narayana Kocherlakota; Sandra Pianalto; Charles I. Plosser; Jerome H. Powell; Jeremy C. Stein; Daniel K. Tarullo; and Janet L. Yellen. Statement Regarding Purchases of Treasury Securities and Agency Mortgage-Backed Securities","Concurrence proves support for the action, not ideology"
2014-03-19,Charles I. Plosser,FOR,HOLD,CONCUR,HOLD,0,VOTE_ACTION_PROXY,https://www.federalreserve.gov/newsevents/pressreleases/monetary20140319a.htm,raw/statements/monetary20140319a.htm,"Voting for the FOMC monetary policy action were: Janet L. Yellen, Chair; William C. Dudley, Vice Chairman; Richard W. Fisher; Sandra Pianalto; Charles I. Plosser; Jerome H. Powell; Jeremy C. Stein; and Daniel K. Tarullo. Voting against the action was Narayana Kocherlakota, who supported the sixth paragraph, but believed the fifth paragraph weakens the credibility of the Committee's commitment to return inflation to the 2 percent target from below and fosters policy uncertainty that hinders economic activity. Statement Regarding Purchases of Treasury Securities and Agency Mortgage-Backed Securities","Concurrence proves support for the action, not ideology"
2014-03-19,Daniel K. Tarullo,FOR,HOLD,CONCUR,HOLD,0,VOTE_ACTION_PROXY,https://www.federalreserve.gov/newsevents/pressreleases/monetary20140319a.htm,raw/statements/monetary20140319a.htm,"Voting for the FOMC monetary policy action were: Janet L. Yellen, Chair; William C. Dudley, Vice Chairman; Richard W. Fisher; Sandra Pianalto; Charles I. Plosser; Jerome H. Powell; Jeremy C. Stein; and Daniel K. Tarullo. Voting against the action was Narayana Kocherlakota, who supported the sixth paragraph, but believed the fifth paragraph weakens the credibility of the Committee's commitment to return inflation to the 2 percent target from below and fosters policy uncertainty that hinders economic activity. Statement Regarding Purchases of Treasury Securities and Agency Mortgage-Backed Securities","Concurrence proves support for the action, not ideology"
2014-03-19,Janet L. Yellen,FOR,HOLD,CONCUR,HOLD,0,VOTE_ACTION_PROXY,https://www.federalreserve.gov/newsevents/pressreleases/monetary20140319a.htm,raw/statements/monetary20140319a.htm,"Voting for the FOMC monetary policy action were: Janet L. Yellen, Chair; William C. Dudley, Vice Chairman; Richard W. Fisher; Sandra Pianalto; Charles I. Plosser; Jerome H. Powell; Jeremy C. Stein; and Daniel K. Tarullo. Voting against the action was Narayana Kocherlakota, who supported the sixth paragraph, but believed the fifth paragraph weakens the credibility of the Committee's commitment to return inflation to the 2 percent target from below and fosters policy uncertainty that hinders economic activity. Statement Regarding Purchases of Treasury Securities and Agency Mortgage-Backed Securities","Concurrence proves support for the action, not ideology"
2014-03-19,Jeremy C. Stein,FOR,HOLD,CONCUR,HOLD,0,VOTE_ACTION_PROXY,https://www.federalreserve.gov/newsevents/pressreleases/monetary20140319a.htm,raw/statements/monetary20140319a.htm,"Voting for the FOMC monetary policy action were: Janet L. Yellen, Chair; William C. Dudley, Vice Chairman; Richard W. Fisher; Sandra Pianalto; Charles I. Plosser; Jerome H. Powell; Jeremy C. Stein; and Daniel K. Tarullo. Voting against the action was Narayana Kocherlakota, who supported the sixth paragraph, but believed the fifth paragraph weakens the credibility of the Committee's commitment to return inflation to the 2 percent target from below and fosters policy uncertainty that hinders economic activity. Statement Regarding Purchases of Treasury Securities and Agency Mortgage-Backed Securities","Concurrence proves support for the action, not ideology"
2014-03-19,Jerome H. Powell,FOR,HOLD,CONCUR,HOLD,0,VOTE_ACTION_PROXY,https://www.federalreserve.gov/newsevents/pressreleases/monetary20140319a.htm,raw/statements/monetary20140319a.htm,"Voting for the FOMC monetary policy action were: Janet L. Yellen, Chair; William C. Dudley, Vice Chairman; Richard W. Fisher; Sandra Pianalto; Charles I. Plosser; Jerome H. Powell; Jeremy C. Stein; and Daniel K. Tarullo. Voting against the action was Narayana Kocherlakota, who supported the sixth paragraph, but believed the fifth paragraph weakens the credibility of the Committee's commitment to return inflation to the 2 percent target from below and fosters policy uncertainty that hinders economic activity. Statement Regarding Purchases of Treasury Securities and Agency Mortgage-Backed Securities","Concurrence proves support for the action, not ideology"
2014-03-19,Narayana Kocherlakota,AGAINST,HOLD,EASIER,MORE_ACCOMMODATIVE_GUIDANCE,-2,VOTE_DISSENT,https://www.federalreserve.gov/newsevents/pressreleases/monetary20140319a.htm,raw/statements/monetary20140319a.htm,"Voting for the FOMC monetary policy action were: Janet L. Yellen, Chair; William C. Dudley, Vice Chairman; Richard W. Fisher; Sandra Pianalto; Charles I. Plosser; Jerome H. Powell; Jeremy C. Stein; and Daniel K. Tarullo. Voting against the action was Narayana Kocherlakota, who supported the sixth paragraph, but believed the fifth paragraph weakens the credibility of the Committee's commitment to return inflation to the 2 percent target from below and fosters policy uncertainty that hinders economic activity. Statement Regarding Purchases of Treasury Securities and Agency Mortgage-Backed Securities",Preferred more accommodative forward guidance
2014-03-19,Richard W. Fisher,FOR,HOLD,CONCUR,HOLD,0,VOTE_ACTION_PROXY,https://www.federalreserve.gov/newsevents/pressreleases/monetary20140319a.htm,raw/statements/monetary20140319a.htm,"Voting for the FOMC monetary policy action were: Janet L. Yellen, Chair; William C. Dudley, Vice Chairman; Richard W. Fisher; Sandra Pianalto; Charles I. Plosser; Jerome H. Powell; Jeremy C. Stein; and Daniel K. Tarullo. Voting against the action was Narayana Kocherlakota, who supported the sixth paragraph, but believed the fifth paragraph weakens the credibility of the Committee's commitment to return inflation to the 2 percent target from below and fosters policy uncertainty that hinders economic activity. Statement Regarding Purchases of Treasury Securities and Agency Mortgage-Backed Securities","Concurrence proves support for the action, not ideology"
2014-03-19,Sandra Pianalto,FOR,HOLD,CONCUR,HOLD,0,VOTE_ACTION_PROXY,https://www.federalreserve.gov/newsevents/pressreleases/monetary20140319a.htm,raw/statements/monetary20140319a.htm,"Voting for the FOMC monetary policy action were: Janet L. Yellen, Chair; William C. Dudley, Vice Chairman; Richard W. Fisher; Sandra Pianalto; Charles I. Plosser; Jerome H. Powell; Jeremy C. Stein; and Daniel K. Tarullo. Voting against the action was Narayana Kocherlakota, who supported the sixth paragraph, but believed the fifth paragraph weakens the credibility of the Committee's commitment to return inflation to the 2 percent target from below and fosters policy uncertainty that hinders economic activity. Statement Regarding Purchases of Treasury Securities and Agency Mortgage-Backed Securities","Concurrence proves support for the action, not ideology"
2014-03-19,William C. Dudley,FOR,HOLD,CONCUR,HOLD,0,VOTE_ACTION_PROXY,https://www.federalreserve.gov/newsevents/pressreleases/monetary20140319a.htm,raw/statements/monetary20140319a.htm,"Voting for the FOMC monetary policy action were: Janet L. Yellen, Chair; William C. Dudley, Vice Chairman; Richard W. Fisher; Sandra Pianalto; Charles I. Plosser; Jerome H. Powell; Jeremy C. Stein; and Daniel K. Tarullo. Voting against the action was Narayana Kocherlakota, who supported the sixth paragraph, but believed the fifth paragraph weakens the credibility of the Committee's commitment to return inflation to the 2 percent target from below and fosters policy uncertainty that hinders economic activity. Statement Regarding Purchases of Treasury Securities and Agency Mortgage-Backed Securities","Concurrence proves support for the action, not ideology"
2014-04-30,Charles I. Plosser,FOR,HOLD,CONCUR,HOLD,0,VOTE_ACTION_PROXY,https://www.federalreserve.gov/newsevents/pressreleases/monetary20140430a.htm,raw/statements/monetary20140430a.htm,"Voting for the FOMC monetary policy action were: Janet L. Yellen, Chair; William C. Dudley, Vice Chairman; Richard W. Fisher; Narayana Kocherlakota; Sandra Pianalto; Charles I. Plosser; Jerome H. Powell; Jeremy C. Stein; and Daniel K. Tarullo. Statement Regarding Purchases of Treasury Securities and Agency Mortgage-Backed Securities","Concurrence proves support for the action, not ideology"
2014-04-30,Daniel K. Tarullo,FOR,HOLD,CONCUR,HOLD,0,VOTE_ACTION_PROXY,https://www.federalreserve.gov/newsevents/pressreleases/monetary20140430a.htm,raw/statements/monetary20140430a.htm,"Voting for the FOMC monetary policy action were: Janet L. Yellen, Chair; William C. Dudley, Vice Chairman; Richard W. Fisher; Narayana Kocherlakota; Sandra Pianalto; Charles I. Plosser; Jerome H. Powell; Jeremy C. Stein; and Daniel K. Tarullo. Statement Regarding Purchases of Treasury Securities and Agency Mortgage-Backed Securities","Concurrence proves support for the action, not ideology"
2014-04-30,Janet L. Yellen,FOR,HOLD,CONCUR,HOLD,0,VOTE_ACTION_PROXY,https://www.federalreserve.gov/newsevents/pressreleases/monetary20140430a.htm,raw/statements/monetary20140430a.htm,"Voting for the FOMC monetary policy action were: Janet L. Yellen, Chair; William C. Dudley, Vice Chairman; Richard W. Fisher; Narayana Kocherlakota; Sandra Pianalto; Charles I. Plosser; Jerome H. Powell; Jeremy C. Stein; and Daniel K. Tarullo. Statement Regarding Purchases of Treasury Securities and Agency Mortgage-Backed Securities","Concurrence proves support for the action, not ideology"
2014-04-30,Jeremy C. Stein,FOR,HOLD,CONCUR,HOLD,0,VOTE_ACTION_PROXY,https://www.federalreserve.gov/newsevents/pressreleases/monetary20140430a.htm,raw/statements/monetary20140430a.htm,"Voting for the FOMC monetary policy action were: Janet L. Yellen, Chair; William C. Dudley, Vice Chairman; Richard W. Fisher; Narayana Kocherlakota; Sandra Pianalto; Charles I. Plosser; Jerome H. Powell; Jeremy C. Stein; and Daniel K. Tarullo. Statement Regarding Purchases of Treasury Securities and Agency Mortgage-Backed Securities","Concurrence proves support for the action, not ideology"
2014-04-30,Jerome H. Powell,FOR,HOLD,CONCUR,HOLD,0,VOTE_ACTION_PROXY,https://www.federalreserve.gov/newsevents/pressreleases/monetary20140430a.htm,raw/statements/monetary20140430a.htm,"Voting for the FOMC monetary policy action were: Janet L. Yellen, Chair; William C. Dudley, Vice Chairman; Richard W. Fisher; Narayana Kocherlakota; Sandra Pianalto; Charles I. Plosser; Jerome H. Powell; Jeremy C. Stein; and Daniel K. Tarullo. Statement Regarding Purchases of Treasury Securities and Agency Mortgage-Backed Securities","Concurrence proves support for the action, not ideology"
2014-04-30,Narayana Kocherlakota,FOR,HOLD,CONCUR,HOLD,0,VOTE_ACTION_PROXY,https://www.federalreserve.gov/newsevents/pressreleases/monetary20140430a.htm,raw/statements/monetary20140430a.htm,"Voting for the FOMC monetary policy action were: Janet L. Yellen, Chair; William C. Dudley, Vice Chairman; Richard W. Fisher; Narayana Kocherlakota; Sandra Pianalto; Charles I. Plosser; Jerome H. Powell; Jeremy C. Stein; and Daniel K. Tarullo. Statement Regarding Purchases of Treasury Securities and Agency Mortgage-Backed Securities","Concurrence proves support for the action, not ideology"
2014-04-30,Richard W. Fisher,FOR,HOLD,CONCUR,HOLD,0,VOTE_ACTION_PROXY,https://www.federalreserve.gov/newsevents/pressreleases/monetary20140430a.htm,raw/statements/monetary20140430a.htm,"Voting for the FOMC monetary policy action were: Janet L. Yellen, Chair; William C. Dudley, Vice Chairman; Richard W. Fisher; Narayana Kocherlakota; Sandra Pianalto; Charles I. Plosser; Jerome H. Powell; Jeremy C. Stein; and Daniel K. Tarullo. Statement Regarding Purchases of Treasury Securities and Agency Mortgage-Backed Securities","Concurrence proves support for the action, not ideology"
2014-04-30,Sandra Pianalto,FOR,HOLD,CONCUR,HOLD,0,VOTE_ACTION_PROXY,https://www.federalreserve.gov/newsevents/pressreleases/monetary20140430a.htm,raw/statements/monetary20140430a.htm,"Voting for the FOMC monetary policy action were: Janet L. Yellen, Chair; William C. Dudley, Vice Chairman; Richard W. Fisher; Narayana Kocherlakota; Sandra Pianalto; Charles I. Plosser; Jerome H. Powell; Jeremy C. Stein; and Daniel K. Tarullo. Statement Regarding Purchases of Treasury Securities and Agency Mortgage-Backed Securities","Concurrence proves support for the action, not ideology"
2014-04-30,William C. Dudley,FOR,HOLD,CONCUR,HOLD,0,VOTE_ACTION_PROXY,https://www.federalreserve.gov/newsevents/pressreleases/monetary20140430a.htm,raw/statements/monetary20140430a.htm,"Voting for the FOMC monetary policy action were: Janet L. Yellen, Chair; William C. Dudley, Vice Chairman; Richard W. Fisher; Narayana Kocherlakota; Sandra Pianalto; Charles I. Plosser; Jerome H. Powell; Jeremy C. Stein; and Daniel K. Tarullo. Statement Regarding Purchases of Treasury Securities and Agency Mortgage-Backed Securities","Concurrence proves support for the action, not ideology"
2014-06-18,Charles I. Plosser,FOR,HOLD,CONCUR,HOLD,0,VOTE_ACTION_PROXY,https://www.federalreserve.gov/newsevents/pressreleases/monetary20140618a.htm,raw/statements/monetary20140618a.htm,"Voting for the FOMC monetary policy action were: Janet L. Yellen, Chair; William C. Dudley, Vice Chairman; Lael Brainard; Stanley Fischer; Richard W. Fisher; Narayana Kocherlakota; Loretta J. Mester; Charles I. Plosser; Jerome H. Powell; and Daniel K. Tarullo. Statement Regarding Purchases of Treasury Securities and Agency Mortgage-Backed Securities","Concurrence proves support for the action, not ideology"
2014-06-18,Daniel K. Tarullo,FOR,HOLD,CONCUR,HOLD,0,VOTE_ACTION_PROXY,https://www.federalreserve.gov/newsevents/pressreleases/monetary20140618a.htm,raw/statements/monetary20140618a.htm,"Voting for the FOMC monetary policy action were: Janet L. Yellen, Chair; William C. Dudley, Vice Chairman; Lael Brainard; Stanley Fischer; Richard W. Fisher; Narayana Kocherlakota; Loretta J. Mester; Charles I. Plosser; Jerome H. Powell; and Daniel K. Tarullo. Statement Regarding Purchases of Treasury Securities and Agency Mortgage-Backed Securities","Concurrence proves support for the action, not ideology"
2014-06-18,Janet L. Yellen,FOR,HOLD,CONCUR,HOLD,0,VOTE_ACTION_PROXY,https://www.federalreserve.gov/newsevents/pressreleases/monetary20140618a.htm,raw/statements/monetary20140618a.htm,"Voting for the FOMC monetary policy action were: Janet L. Yellen, Chair; William C. Dudley, Vice Chairman; Lael Brainard; Stanley Fischer; Richard W. Fisher; Narayana Kocherlakota; Loretta J. Mester; Charles I. Plosser; Jerome H. Powell; and Daniel K. Tarullo. Statement Regarding Purchases of Treasury Securities and Agency Mortgage-Backed Securities","Concurrence proves support for the action, not ideology"
2014-06-18,Jerome H. Powell,FOR,HOLD,CONCUR,HOLD,0,VOTE_ACTION_PROXY,https://www.federalreserve.gov/newsevents/pressreleases/monetary20140618a.htm,raw/statements/monetary20140618a.htm,"Voting for the FOMC monetary policy action were: Janet L. Yellen, Chair; William C. Dudley, Vice Chairman; Lael Brainard; Stanley Fischer; Richard W. Fisher; Narayana Kocherlakota; Loretta J. Mester; Charles I. Plosser; Jerome H. Powell; and Daniel K. Tarullo. Statement Regarding Purchases of Treasury Securities and Agency Mortgage-Backed Securities","Concurrence proves support for the action, not ideology"
2014-06-18,Lael Brainard,FOR,HOLD,CONCUR,HOLD,0,VOTE_ACTION_PROXY,https://www.federalreserve.gov/newsevents/pressreleases/monetary20140618a.htm,raw/statements/monetary20140618a.htm,"Voting for the FOMC monetary policy action were: Janet L. Yellen, Chair; William C. Dudley, Vice Chairman; Lael Brainard; Stanley Fischer; Richard W. Fisher; Narayana Kocherlakota; Loretta J. Mester; Charles I. Plosser; Jerome H. Powell; and Daniel K. Tarullo. Statement Regarding Purchases of Treasury Securities and Agency Mortgage-Backed Securities","Concurrence proves support for the action, not ideology"
2014-06-18,Loretta J. Mester,FOR,HOLD,CONCUR,HOLD,0,VOTE_ACTION_PROXY,https://www.federalreserve.gov/newsevents/pressreleases/monetary20140618a.htm,raw/statements/monetary20140618a.htm,"Voting for the FOMC monetary policy action were: Janet L. Yellen, Chair; William C. Dudley, Vice Chairman; Lael Brainard; Stanley Fischer; Richard W. Fisher; Narayana Kocherlakota; Loretta J. Mester; Charles I. Plosser; Jerome H. Powell; and Daniel K. Tarullo. Statement Regarding Purchases of Treasury Securities and Agency Mortgage-Backed Securities","Concurrence proves support for the action, not ideology"
2014-06-18,Narayana Kocherlakota,FOR,HOLD,CONCUR,HOLD,0,VOTE_ACTION_PROXY,https://www.federalreserve.gov/newsevents/pressreleases/monetary20140618a.htm,raw/statements/monetary20140618a.htm,"Voting for the FOMC monetary policy action were: Janet L. Yellen, Chair; William C. Dudley, Vice Chairman; Lael Brainard; Stanley Fischer; Richard W. Fisher; Narayana Kocherlakota; Loretta J. Mester; Charles I. Plosser; Jerome H. Powell; and Daniel K. Tarullo. Statement Regarding Purchases of Treasury Securities and Agency Mortgage-Backed Securities","Concurrence proves support for the action, not ideology"
2014-06-18,Richard W. Fisher,FOR,HOLD,CONCUR,HOLD,0,VOTE_ACTION_PROXY,https://www.federalreserve.gov/newsevents/pressreleases/monetary20140618a.htm,raw/statements/monetary20140618a.htm,"Voting for the FOMC monetary policy action were: Janet L. Yellen, Chair; William C. Dudley, Vice Chairman; Lael Brainard; Stanley Fischer; Richard W. Fisher; Narayana Kocherlakota; Loretta J. Mester; Charles I. Plosser; Jerome H. Powell; and Daniel K. Tarullo. Statement Regarding Purchases of Treasury Securities and Agency Mortgage-Backed Securities","Concurrence proves support for the action, not ideology"
2014-06-18,Stanley Fischer,FOR,HOLD,CONCUR,HOLD,0,VOTE_ACTION_PROXY,https://www.federalreserve.gov/newsevents/pressreleases/monetary20140618a.htm,raw/statements/monetary20140618a.htm,"Voting for the FOMC monetary policy action were: Janet L. Yellen, Chair; William C. Dudley, Vice Chairman; Lael Brainard; Stanley Fischer; Richard W. Fisher; Narayana Kocherlakota; Loretta J. Mester; Charles I. Plosser; Jerome H. Powell; and Daniel K. Tarullo. Statement Regarding Purchases of Treasury Securities and Agency Mortgage-Backed Securities","Concurrence proves support for the action, not ideology"
2014-06-18,William C. Dudley,FOR,HOLD,CONCUR,HOLD,0,VOTE_ACTION_PROXY,https://www.federalreserve.gov/newsevents/pressreleases/monetary20140618a.htm,raw/statements/monetary20140618a.htm,"Voting for the FOMC monetary policy action were: Janet L. Yellen, Chair; William C. Dudley, Vice Chairman; Lael Brainard; Stanley Fischer; Richard W. Fisher; Narayana Kocherlakota; Loretta J. Mester; Charles I. Plosser; Jerome H. Powell; and Daniel K. Tarullo. Statement Regarding Purchases of Treasury Securities and Agency Mortgage-Backed Securities","Concurrence proves support for the action, not ideology"
2014-07-30,Charles I. Plosser,AGAINST,HOLD,TIGHTER,REMOVE_TIME_GUIDANCE,2,VOTE_DISSENT,https://www.federalreserve.gov/newsevents/pressreleases/monetary20140730a.htm,raw/statements/monetary20140730a.htm,"Voting for the FOMC monetary policy action were: Janet L. Yellen, Chair; William C. Dudley, Vice Chairman; Lael Brainard; Stanley Fischer; Richard W. Fisher; Narayana Kocherlakota; Loretta J. Mester; Jerome H. Powell; and Daniel K. Tarullo. Voting against was Charles I. Plosser who objected to the guidance indicating that it likely will be appropriate to maintain the current target range for the federal funds rate for ""a considerable time after the asset purchase program ends,"" because such language is time dependent and does not reflect the considerable economic progress that has been made toward the Committee's goals. Statement Regarding Purchases of Treasury Securities and Agency Mortgage-Backed Securities Statement Regarding Purchases of Treasury Securities and Agency Mortgage-Backed Securities",Opposed retaining considerable-time guidance
2014-07-30,Daniel K. Tarullo,FOR,HOLD,CONCUR,HOLD,0,VOTE_ACTION_PROXY,https://www.federalreserve.gov/newsevents/pressreleases/monetary20140730a.htm,raw/statements/monetary20140730a.htm,"Voting for the FOMC monetary policy action were: Janet L. Yellen, Chair; William C. Dudley, Vice Chairman; Lael Brainard; Stanley Fischer; Richard W. Fisher; Narayana Kocherlakota; Loretta J. Mester; Jerome H. Powell; and Daniel K. Tarullo. Voting against was Charles I. Plosser who objected to the guidance indicating that it likely will be appropriate to maintain the current target range for the federal funds rate for ""a considerable time after the asset purchase program ends,"" because such language is time dependent and does not reflect the considerable economic progress that has been made toward the Committee's goals. Statement Regarding Purchases of Treasury Securities and Agency Mortgage-Backed Securities Statement Regarding Purchases of Treasury Securities and Agency Mortgage-Backed Securities","Concurrence proves support for the action, not ideology"
2014-07-30,Janet L. Yellen,FOR,HOLD,CONCUR,HOLD,0,VOTE_ACTION_PROXY,https://www.federalreserve.gov/newsevents/pressreleases/monetary20140730a.htm,raw/statements/monetary20140730a.htm,"Voting for the FOMC monetary policy action were: Janet L. Yellen, Chair; William C. Dudley, Vice Chairman; Lael Brainard; Stanley Fischer; Richard W. Fisher; Narayana Kocherlakota; Loretta J. Mester; Jerome H. Powell; and Daniel K. Tarullo. Voting against was Charles I. Plosser who objected to the guidance indicating that it likely will be appropriate to maintain the current target range for the federal funds rate for ""a considerable time after the asset purchase program ends,"" because such language is time dependent and does not reflect the considerable economic progress that has been made toward the Committee's goals. Statement Regarding Purchases of Treasury Securities and Agency Mortgage-Backed Securities Statement Regarding Purchases of Treasury Securities and Agency Mortgage-Backed Securities","Concurrence proves support for the action, not ideology"
2014-07-30,Jerome H. Powell,FOR,HOLD,CONCUR,HOLD,0,VOTE_ACTION_PROXY,https://www.federalreserve.gov/newsevents/pressreleases/monetary20140730a.htm,raw/statements/monetary20140730a.htm,"Voting for the FOMC monetary policy action were: Janet L. Yellen, Chair; William C. Dudley, Vice Chairman; Lael Brainard; Stanley Fischer; Richard W. Fisher; Narayana Kocherlakota; Loretta J. Mester; Jerome H. Powell; and Daniel K. Tarullo. Voting against was Charles I. Plosser who objected to the guidance indicating that it likely will be appropriate to maintain the current target range for the federal funds rate for ""a considerable time after the asset purchase program ends,"" because such language is time dependent and does not reflect the considerable economic progress that has been made toward the Committee's goals. Statement Regarding Purchases of Treasury Securities and Agency Mortgage-Backed Securities Statement Regarding Purchases of Treasury Securities and Agency Mortgage-Backed Securities","Concurrence proves support for the action, not ideology"
2014-07-30,Lael Brainard,FOR,HOLD,CONCUR,HOLD,0,VOTE_ACTION_PROXY,https://www.federalreserve.gov/newsevents/pressreleases/monetary20140730a.htm,raw/statements/monetary20140730a.htm,"Voting for the FOMC monetary policy action were: Janet L. Yellen, Chair; William C. Dudley, Vice Chairman; Lael Brainard; Stanley Fischer; Richard W. Fisher; Narayana Kocherlakota; Loretta J. Mester; Jerome H. Powell; and Daniel K. Tarullo. Voting against was Charles I. Plosser who objected to the guidance indicating that it likely will be appropriate to maintain the current target range for the federal funds rate for ""a considerable time after the asset purchase program ends,"" because such language is time dependent and does not reflect the considerable economic progress that has been made toward the Committee's goals. Statement Regarding Purchases of Treasury Securities and Agency Mortgage-Backed Securities Statement Regarding Purchases of Treasury Securities and Agency Mortgage-Backed Securities","Concurrence proves support for the action, not ideology"
2014-07-30,Loretta J. Mester,FOR,HOLD,CONCUR,HOLD,0,VOTE_ACTION_PROXY,https://www.federalreserve.gov/newsevents/pressreleases/monetary20140730a.htm,raw/statements/monetary20140730a.htm,"Voting for the FOMC monetary policy action were: Janet L. Yellen, Chair; William C. Dudley, Vice Chairman; Lael Brainard; Stanley Fischer; Richard W. Fisher; Narayana Kocherlakota; Loretta J. Mester; Jerome H. Powell; and Daniel K. Tarullo. Voting against was Charles I. Plosser who objected to the guidance indicating that it likely will be appropriate to maintain the current target range for the federal funds rate for ""a considerable time after the asset purchase program ends,"" because such language is time dependent and does not reflect the considerable economic progress that has been made toward the Committee's goals. Statement Regarding Purchases of Treasury Securities and Agency Mortgage-Backed Securities Statement Regarding Purchases of Treasury Securities and Agency Mortgage-Backed Securities","Concurrence proves support for the action, not ideology"
2014-07-30,Narayana Kocherlakota,FOR,HOLD,CONCUR,HOLD,0,VOTE_ACTION_PROXY,https://www.federalreserve.gov/newsevents/pressreleases/monetary20140730a.htm,raw/statements/monetary20140730a.htm,"Voting for the FOMC monetary policy action were: Janet L. Yellen, Chair; William C. Dudley, Vice Chairman; Lael Brainard; Stanley Fischer; Richard W. Fisher; Narayana Kocherlakota; Loretta J. Mester; Jerome H. Powell; and Daniel K. Tarullo. Voting against was Charles I. Plosser who objected to the guidance indicating that it likely will be appropriate to maintain the current target range for the federal funds rate for ""a considerable time after the asset purchase program ends,"" because such language is time dependent and does not reflect the considerable economic progress that has been made toward the Committee's goals. Statement Regarding Purchases of Treasury Securities and Agency Mortgage-Backed Securities Statement Regarding Purchases of Treasury Securities and Agency Mortgage-Backed Securities","Concurrence proves support for the action, not ideology"
2014-07-30,Richard W. Fisher,FOR,HOLD,CONCUR,HOLD,0,VOTE_ACTION_PROXY,https://www.federalreserve.gov/newsevents/pressreleases/monetary20140730a.htm,raw/statements/monetary20140730a.htm,"Voting for the FOMC monetary policy action were: Janet L. Yellen, Chair; William C. Dudley, Vice Chairman; Lael Brainard; Stanley Fischer; Richard W. Fisher; Narayana Kocherlakota; Loretta J. Mester; Jerome H. Powell; and Daniel K. Tarullo. Voting against was Charles I. Plosser who objected to the guidance indicating that it likely will be appropriate to maintain the current target range for the federal funds rate for ""a considerable time after the asset purchase program ends,"" because such language is time dependent and does not reflect the considerable economic progress that has been made toward the Committee's goals. Statement Regarding Purchases of Treasury Securities and Agency Mortgage-Backed Securities Statement Regarding Purchases of Treasury Securities and Agency Mortgage-Backed Securities","Concurrence proves support for the action, not ideology"
2014-07-30,Stanley Fischer,FOR,HOLD,CONCUR,HOLD,0,VOTE_ACTION_PROXY,https://www.federalreserve.gov/newsevents/pressreleases/monetary20140730a.htm,raw/statements/monetary20140730a.htm,"Voting for the FOMC monetary policy action were: Janet L. Yellen, Chair; William C. Dudley, Vice Chairman; Lael Brainard; Stanley Fischer; Richard W. Fisher; Narayana Kocherlakota; Loretta J. Mester; Jerome H. Powell; and Daniel K. Tarullo. Voting against was Charles I. Plosser who objected to the guidance indicating that it likely will be appropriate to maintain the current target range for the federal funds rate for ""a considerable time after the asset purchase program ends,"" because such language is time dependent and does not reflect the considerable economic progress that has been made toward the Committee's goals. Statement Regarding Purchases of Treasury Securities and Agency Mortgage-Backed Securities Statement Regarding Purchases of Treasury Securities and Agency Mortgage-Backed Securities","Concurrence proves support for the action, not ideology"
2014-07-30,William C. Dudley,FOR,HOLD,CONCUR,HOLD,0,VOTE_ACTION_PROXY,https://www.federalreserve.gov/newsevents/pressreleases/monetary20140730a.htm,raw/statements/monetary20140730a.htm,"Voting for the FOMC monetary policy action were: Janet L. Yellen, Chair; William C. Dudley, Vice Chairman; Lael Brainard; Stanley Fischer; Richard W. Fisher; Narayana Kocherlakota; Loretta J. Mester; Jerome H. Powell; and Daniel K. Tarullo. Voting against was Charles I. Plosser who objected to the guidance indicating that it likely will be appropriate to maintain the current target range for the federal funds rate for ""a considerable time after the asset purchase program ends,"" because such language is time dependent and does not reflect the considerable economic progress that has been made toward the Committee's goals. Statement Regarding Purchases of Treasury Securities and Agency Mortgage-Backed Securities Statement Regarding Purchases of Treasury Securities and Agency Mortgage-Backed Securities","Concurrence proves support for the action, not ideology"
2014-09-17,Charles I. Plosser,AGAINST,HOLD,TIGHTER,REMOVE_TIME_GUIDANCE,2,VOTE_DISSENT,https://www.federalreserve.gov/newsevents/pressreleases/monetary20140917a.htm,raw/statements/monetary20140917a.htm,"Voting for the FOMC monetary policy action were: Janet L. Yellen, Chair; William C. Dudley, Vice Chairman; Lael Brainard; Stanley Fischer; Narayana Kocherlakota; Loretta J. Mester; Jerome H. Powell; and Daniel K. Tarullo. Voting against the action were Richard W. Fisher and Charles I. Plosser. President Fisher believed that the continued strengthening of the real economy, improved outlook for labor utilization and for general price stability, and continued signs of financial market excess, will likely warrant an earlier reduction in monetary accommodation than is suggested by the Committee's stated forward guidance. President Plosser objected to the guidance indicating that it likely will be appropriate to maintain the current target range for the federal funds rate for ""a considerable time after the asset purchase program ends,"" because such language is time dependent and does not reflect the considerable economic progress that has been made toward the Committee's goals. Statement Regarding Purchases of Treasury Securities and Agency Mortgage-Backed Securities",Opposed retaining considerable-time guidance
2014-09-17,Daniel K. Tarullo,FOR,HOLD,CONCUR,HOLD,0,VOTE_ACTION_PROXY,https://www.federalreserve.gov/newsevents/pressreleases/monetary20140917a.htm,raw/statements/monetary20140917a.htm,"Voting for the FOMC monetary policy action were: Janet L. Yellen, Chair; William C. Dudley, Vice Chairman; Lael Brainard; Stanley Fischer; Narayana Kocherlakota; Loretta J. Mester; Jerome H. Powell; and Daniel K. Tarullo. Voting against the action were Richard W. Fisher and Charles I. Plosser. President Fisher believed that the continued strengthening of the real economy, improved outlook for labor utilization and for general price stability, and continued signs of financial market excess, will likely warrant an earlier reduction in monetary accommodation than is suggested by the Committee's stated forward guidance. President Plosser objected to the guidance indicating that it likely will be appropriate to maintain the current target range for the federal funds rate for ""a considerable time after the asset purchase program ends,"" because such language is time dependent and does not reflect the considerable economic progress that has been made toward the Committee's goals. Statement Regarding Purchases of Treasury Securities and Agency Mortgage-Backed Securities","Concurrence proves support for the action, not ideology"
2014-09-17,Janet L. Yellen,FOR,HOLD,CONCUR,HOLD,0,VOTE_ACTION_PROXY,https://www.federalreserve.gov/newsevents/pressreleases/monetary20140917a.htm,raw/statements/monetary20140917a.htm,"Voting for the FOMC monetary policy action were: Janet L. Yellen, Chair; William C. Dudley, Vice Chairman; Lael Brainard; Stanley Fischer; Narayana Kocherlakota; Loretta J. Mester; Jerome H. Powell; and Daniel K. Tarullo. Voting against the action were Richard W. Fisher and Charles I. Plosser. President Fisher believed that the continued strengthening of the real economy, improved outlook for labor utilization and for general price stability, and continued signs of financial market excess, will likely warrant an earlier reduction in monetary accommodation than is suggested by the Committee's stated forward guidance. President Plosser objected to the guidance indicating that it likely will be appropriate to maintain the current target range for the federal funds rate for ""a considerable time after the asset purchase program ends,"" because such language is time dependent and does not reflect the considerable economic progress that has been made toward the Committee's goals. Statement Regarding Purchases of Treasury Securities and Agency Mortgage-Backed Securities","Concurrence proves support for the action, not ideology"
2014-09-17,Jerome H. Powell,FOR,HOLD,CONCUR,HOLD,0,VOTE_ACTION_PROXY,https://www.federalreserve.gov/newsevents/pressreleases/monetary20140917a.htm,raw/statements/monetary20140917a.htm,"Voting for the FOMC monetary policy action were: Janet L. Yellen, Chair; William C. Dudley, Vice Chairman; Lael Brainard; Stanley Fischer; Narayana Kocherlakota; Loretta J. Mester; Jerome H. Powell; and Daniel K. Tarullo. Voting against the action were Richard W. Fisher and Charles I. Plosser. President Fisher believed that the continued strengthening of the real economy, improved outlook for labor utilization and for general price stability, and continued signs of financial market excess, will likely warrant an earlier reduction in monetary accommodation than is suggested by the Committee's stated forward guidance. President Plosser objected to the guidance indicating that it likely will be appropriate to maintain the current target range for the federal funds rate for ""a considerable time after the asset purchase program ends,"" because such language is time dependent and does not reflect the considerable economic progress that has been made toward the Committee's goals. Statement Regarding Purchases of Treasury Securities and Agency Mortgage-Backed Securities","Concurrence proves support for the action, not ideology"
2014-09-17,Lael Brainard,FOR,HOLD,CONCUR,HOLD,0,VOTE_ACTION_PROXY,https://www.federalreserve.gov/newsevents/pressreleases/monetary20140917a.htm,raw/statements/monetary20140917a.htm,"Voting for the FOMC monetary policy action were: Janet L. Yellen, Chair; William C. Dudley, Vice Chairman; Lael Brainard; Stanley Fischer; Narayana Kocherlakota; Loretta J. Mester; Jerome H. Powell; and Daniel K. Tarullo. Voting against the action were Richard W. Fisher and Charles I. Plosser. President Fisher believed that the continued strengthening of the real economy, improved outlook for labor utilization and for general price stability, and continued signs of financial market excess, will likely warrant an earlier reduction in monetary accommodation than is suggested by the Committee's stated forward guidance. President Plosser objected to the guidance indicating that it likely will be appropriate to maintain the current target range for the federal funds rate for ""a considerable time after the asset purchase program ends,"" because such language is time dependent and does not reflect the considerable economic progress that has been made toward the Committee's goals. Statement Regarding Purchases of Treasury Securities and Agency Mortgage-Backed Securities","Concurrence proves support for the action, not ideology"
2014-09-17,Loretta J. Mester,FOR,HOLD,CONCUR,HOLD,0,VOTE_ACTION_PROXY,https://www.federalreserve.gov/newsevents/pressreleases/monetary20140917a.htm,raw/statements/monetary20140917a.htm,"Voting for the FOMC monetary policy action were: Janet L. Yellen, Chair; William C. Dudley, Vice Chairman; Lael Brainard; Stanley Fischer; Narayana Kocherlakota; Loretta J. Mester; Jerome H. Powell; and Daniel K. Tarullo. Voting against the action were Richard W. Fisher and Charles I. Plosser. President Fisher believed that the continued strengthening of the real economy, improved outlook for labor utilization and for general price stability, and continued signs of financial market excess, will likely warrant an earlier reduction in monetary accommodation than is suggested by the Committee's stated forward guidance. President Plosser objected to the guidance indicating that it likely will be appropriate to maintain the current target range for the federal funds rate for ""a considerable time after the asset purchase program ends,"" because such language is time dependent and does not reflect the considerable economic progress that has been made toward the Committee's goals. Statement Regarding Purchases of Treasury Securities and Agency Mortgage-Backed Securities","Concurrence proves support for the action, not ideology"
2014-09-17,Narayana Kocherlakota,FOR,HOLD,CONCUR,HOLD,0,VOTE_ACTION_PROXY,https://www.federalreserve.gov/newsevents/pressreleases/monetary20140917a.htm,raw/statements/monetary20140917a.htm,"Voting for the FOMC monetary policy action were: Janet L. Yellen, Chair; William C. Dudley, Vice Chairman; Lael Brainard; Stanley Fischer; Narayana Kocherlakota; Loretta J. Mester; Jerome H. Powell; and Daniel K. Tarullo. Voting against the action were Richard W. Fisher and Charles I. Plosser. President Fisher believed that the continued strengthening of the real economy, improved outlook for labor utilization and for general price stability, and continued signs of financial market excess, will likely warrant an earlier reduction in monetary accommodation than is suggested by the Committee's stated forward guidance. President Plosser objected to the guidance indicating that it likely will be appropriate to maintain the current target range for the federal funds rate for ""a considerable time after the asset purchase program ends,"" because such language is time dependent and does not reflect the considerable economic progress that has been made toward the Committee's goals. Statement Regarding Purchases of Treasury Securities and Agency Mortgage-Backed Securities","Concurrence proves support for the action, not ideology"
2014-09-17,Richard W. Fisher,AGAINST,HOLD,TIGHTER,EARLIER_TIGHTENING,2,VOTE_DISSENT,https://www.federalreserve.gov/newsevents/pressreleases/monetary20140917a.htm,raw/statements/monetary20140917a.htm,"Voting for the FOMC monetary policy action were: Janet L. Yellen, Chair; William C. Dudley, Vice Chairman; Lael Brainard; Stanley Fischer; Narayana Kocherlakota; Loretta J. Mester; Jerome H. Powell; and Daniel K. Tarullo. Voting against the action were Richard W. Fisher and Charles I. Plosser. President Fisher believed that the continued strengthening of the real economy, improved outlook for labor utilization and for general price stability, and continued signs of financial market excess, will likely warrant an earlier reduction in monetary accommodation than is suggested by the Committee's stated forward guidance. President Plosser objected to the guidance indicating that it likely will be appropriate to maintain the current target range for the federal funds rate for ""a considerable time after the asset purchase program ends,"" because such language is time dependent and does not reflect the considerable economic progress that has been made toward the Committee's goals. Statement Regarding Purchases of Treasury Securities and Agency Mortgage-Backed Securities",Preferred earlier removal of accommodation
2014-09-17,Stanley Fischer,FOR,HOLD,CONCUR,HOLD,0,VOTE_ACTION_PROXY,https://www.federalreserve.gov/newsevents/pressreleases/monetary20140917a.htm,raw/statements/monetary20140917a.htm,"Voting for the FOMC monetary policy action were: Janet L. Yellen, Chair; William C. Dudley, Vice Chairman; Lael Brainard; Stanley Fischer; Narayana Kocherlakota; Loretta J. Mester; Jerome H. Powell; and Daniel K. Tarullo. Voting against the action were Richard W. Fisher and Charles I. Plosser. President Fisher believed that the continued strengthening of the real economy, improved outlook for labor utilization and for general price stability, and continued signs of financial market excess, will likely warrant an earlier reduction in monetary accommodation than is suggested by the Committee's stated forward guidance. President Plosser objected to the guidance indicating that it likely will be appropriate to maintain the current target range for the federal funds rate for ""a considerable time after the asset purchase program ends,"" because such language is time dependent and does not reflect the considerable economic progress that has been made toward the Committee's goals. Statement Regarding Purchases of Treasury Securities and Agency Mortgage-Backed Securities","Concurrence proves support for the action, not ideology"
2014-09-17,William C. Dudley,FOR,HOLD,CONCUR,HOLD,0,VOTE_ACTION_PROXY,https://www.federalreserve.gov/newsevents/pressreleases/monetary20140917a.htm,raw/statements/monetary20140917a.htm,"Voting for the FOMC monetary policy action were: Janet L. Yellen, Chair; William C. Dudley, Vice Chairman; Lael Brainard; Stanley Fischer; Narayana Kocherlakota; Loretta J. Mester; Jerome H. Powell; and Daniel K. Tarullo. Voting against the action were Richard W. Fisher and Charles I. Plosser. President Fisher believed that the continued strengthening of the real economy, improved outlook for labor utilization and for general price stability, and continued signs of financial market excess, will likely warrant an earlier reduction in monetary accommodation than is suggested by the Committee's stated forward guidance. President Plosser objected to the guidance indicating that it likely will be appropriate to maintain the current target range for the federal funds rate for ""a considerable time after the asset purchase program ends,"" because such language is time dependent and does not reflect the considerable economic progress that has been made toward the Committee's goals. Statement Regarding Purchases of Treasury Securities and Agency Mortgage-Backed Securities","Concurrence proves support for the action, not ideology"
2014-10-29,Charles I. Plosser,FOR,HOLD,CONCUR,HOLD,0,VOTE_ACTION_PROXY,https://www.federalreserve.gov/newsevents/pressreleases/monetary20141029a.htm,raw/statements/monetary20141029a.htm,"Voting for the FOMC monetary policy action were: Janet L. Yellen, Chair; William C. Dudley, Vice Chairman; Lael Brainard; Stanley Fischer; Richard W. Fisher; Loretta J. Mester; Charles I. Plosser; Jerome H. Powell; and Daniel K. Tarullo. Voting against the action was Narayana Kocherlakota, who believed that, in light of continued sluggishness in the inflation outlook and the recent slide in market-based measures of longer-term inflation expectations, the Committee should commit to keeping the current target range for the federal funds rate at least until the one-to-two-year ahead inflation outlook has returned to 2 percent and should continue the asset purchase program at its current level. Statement Regarding Purchases of Treasury Securities and Agency Mortgage-Backed Securities Statement Regarding Purchases of Treasury Securities and Agency Mortgage-Backed Securities","Concurrence proves support for the action, not ideology"
2014-10-29,Daniel K. Tarullo,FOR,HOLD,CONCUR,HOLD,0,VOTE_ACTION_PROXY,https://www.federalreserve.gov/newsevents/pressreleases/monetary20141029a.htm,raw/statements/monetary20141029a.htm,"Voting for the FOMC monetary policy action were: Janet L. Yellen, Chair; William C. Dudley, Vice Chairman; Lael Brainard; Stanley Fischer; Richard W. Fisher; Loretta J. Mester; Charles I. Plosser; Jerome H. Powell; and Daniel K. Tarullo. Voting against the action was Narayana Kocherlakota, who believed that, in light of continued sluggishness in the inflation outlook and the recent slide in market-based measures of longer-term inflation expectations, the Committee should commit to keeping the current target range for the federal funds rate at least until the one-to-two-year ahead inflation outlook has returned to 2 percent and should continue the asset purchase program at its current level. Statement Regarding Purchases of Treasury Securities and Agency Mortgage-Backed Securities Statement Regarding Purchases of Treasury Securities and Agency Mortgage-Backed Securities","Concurrence proves support for the action, not ideology"
2014-10-29,Janet L. Yellen,FOR,HOLD,CONCUR,HOLD,0,VOTE_ACTION_PROXY,https://www.federalreserve.gov/newsevents/pressreleases/monetary20141029a.htm,raw/statements/monetary20141029a.htm,"Voting for the FOMC monetary policy action were: Janet L. Yellen, Chair; William C. Dudley, Vice Chairman; Lael Brainard; Stanley Fischer; Richard W. Fisher; Loretta J. Mester; Charles I. Plosser; Jerome H. Powell; and Daniel K. Tarullo. Voting against the action was Narayana Kocherlakota, who believed that, in light of continued sluggishness in the inflation outlook and the recent slide in market-based measures of longer-term inflation expectations, the Committee should commit to keeping the current target range for the federal funds rate at least until the one-to-two-year ahead inflation outlook has returned to 2 percent and should continue the asset purchase program at its current level. Statement Regarding Purchases of Treasury Securities and Agency Mortgage-Backed Securities Statement Regarding Purchases of Treasury Securities and Agency Mortgage-Backed Securities","Concurrence proves support for the action, not ideology"
2014-10-29,Jerome H. Powell,FOR,HOLD,CONCUR,HOLD,0,VOTE_ACTION_PROXY,https://www.federalreserve.gov/newsevents/pressreleases/monetary20141029a.htm,raw/statements/monetary20141029a.htm,"Voting for the FOMC monetary policy action were: Janet L. Yellen, Chair; William C. Dudley, Vice Chairman; Lael Brainard; Stanley Fischer; Richard W. Fisher; Loretta J. Mester; Charles I. Plosser; Jerome H. Powell; and Daniel K. Tarullo. Voting against the action was Narayana Kocherlakota, who believed that, in light of continued sluggishness in the inflation outlook and the recent slide in market-based measures of longer-term inflation expectations, the Committee should commit to keeping the current target range for the federal funds rate at least until the one-to-two-year ahead inflation outlook has returned to 2 percent and should continue the asset purchase program at its current level. Statement Regarding Purchases of Treasury Securities and Agency Mortgage-Backed Securities Statement Regarding Purchases of Treasury Securities and Agency Mortgage-Backed Securities","Concurrence proves support for the action, not ideology"
2014-10-29,Lael Brainard,FOR,HOLD,CONCUR,HOLD,0,VOTE_ACTION_PROXY,https://www.federalreserve.gov/newsevents/pressreleases/monetary20141029a.htm,raw/statements/monetary20141029a.htm,"Voting for the FOMC monetary policy action were: Janet L. Yellen, Chair; William C. Dudley, Vice Chairman; Lael Brainard; Stanley Fischer; Richard W. Fisher; Loretta J. Mester; Charles I. Plosser; Jerome H. Powell; and Daniel K. Tarullo. Voting against the action was Narayana Kocherlakota, who believed that, in light of continued sluggishness in the inflation outlook and the recent slide in market-based measures of longer-term inflation expectations, the Committee should commit to keeping the current target range for the federal funds rate at least until the one-to-two-year ahead inflation outlook has returned to 2 percent and should continue the asset purchase program at its current level. Statement Regarding Purchases of Treasury Securities and Agency Mortgage-Backed Securities Statement Regarding Purchases of Treasury Securities and Agency Mortgage-Backed Securities","Concurrence proves support for the action, not ideology"
2014-10-29,Loretta J. Mester,FOR,HOLD,CONCUR,HOLD,0,VOTE_ACTION_PROXY,https://www.federalreserve.gov/newsevents/pressreleases/monetary20141029a.htm,raw/statements/monetary20141029a.htm,"Voting for the FOMC monetary policy action were: Janet L. Yellen, Chair; William C. Dudley, Vice Chairman; Lael Brainard; Stanley Fischer; Richard W. Fisher; Loretta J. Mester; Charles I. Plosser; Jerome H. Powell; and Daniel K. Tarullo. Voting against the action was Narayana Kocherlakota, who believed that, in light of continued sluggishness in the inflation outlook and the recent slide in market-based measures of longer-term inflation expectations, the Committee should commit to keeping the current target range for the federal funds rate at least until the one-to-two-year ahead inflation outlook has returned to 2 percent and should continue the asset purchase program at its current level. Statement Regarding Purchases of Treasury Securities and Agency Mortgage-Backed Securities Statement Regarding Purchases of Treasury Securities and Agency Mortgage-Backed Securities","Concurrence proves support for the action, not ideology"
2014-10-29,Narayana Kocherlakota,AGAINST,HOLD,EASIER,CONTINUE_ASSET_PURCHASES,-2,VOTE_DISSENT,https://www.federalreserve.gov/newsevents/pressreleases/monetary20141029a.htm,raw/statements/monetary20141029a.htm,"Voting for the FOMC monetary policy action were: Janet L. Yellen, Chair; William C. Dudley, Vice Chairman; Lael Brainard; Stanley Fischer; Richard W. Fisher; Loretta J. Mester; Charles I. Plosser; Jerome H. Powell; and Daniel K. Tarullo. Voting against the action was Narayana Kocherlakota, who believed that, in light of continued sluggishness in the inflation outlook and the recent slide in market-based measures of longer-term inflation expectations, the Committee should commit to keeping the current target range for the federal funds rate at least until the one-to-two-year ahead inflation outlook has returned to 2 percent and should continue the asset purchase program at its current level. Statement Regarding Purchases of Treasury Securities and Agency Mortgage-Backed Securities Statement Regarding Purchases of Treasury Securities and Agency Mortgage-Backed Securities",Preferred continued asset purchases and stronger inflation commitment
2014-10-29,Richard W. Fisher,FOR,HOLD,CONCUR,HOLD,0,VOTE_ACTION_PROXY,https://www.federalreserve.gov/newsevents/pressreleases/monetary20141029a.htm,raw/statements/monetary20141029a.htm,"Voting for the FOMC monetary policy action were: Janet L. Yellen, Chair; William C. Dudley, Vice Chairman; Lael Brainard; Stanley Fischer; Richard W. Fisher; Loretta J. Mester; Charles I. Plosser; Jerome H. Powell; and Daniel K. Tarullo. Voting against the action was Narayana Kocherlakota, who believed that, in light of continued sluggishness in the inflation outlook and the recent slide in market-based measures of longer-term inflation expectations, the Committee should commit to keeping the current target range for the federal funds rate at least until the one-to-two-year ahead inflation outlook has returned to 2 percent and should continue the asset purchase program at its current level. Statement Regarding Purchases of Treasury Securities and Agency Mortgage-Backed Securities Statement Regarding Purchases of Treasury Securities and Agency Mortgage-Backed Securities","Concurrence proves support for the action, not ideology"
2014-10-29,Stanley Fischer,FOR,HOLD,CONCUR,HOLD,0,VOTE_ACTION_PROXY,https://www.federalreserve.gov/newsevents/pressreleases/monetary20141029a.htm,raw/statements/monetary20141029a.htm,"Voting for the FOMC monetary policy action were: Janet L. Yellen, Chair; William C. Dudley, Vice Chairman; Lael Brainard; Stanley Fischer; Richard W. Fisher; Loretta J. Mester; Charles I. Plosser; Jerome H. Powell; and Daniel K. Tarullo. Voting against the action was Narayana Kocherlakota, who believed that, in light of continued sluggishness in the inflation outlook and the recent slide in market-based measures of longer-term inflation expectations, the Committee should commit to keeping the current target range for the federal funds rate at least until the one-to-two-year ahead inflation outlook has returned to 2 percent and should continue the asset purchase program at its current level. Statement Regarding Purchases of Treasury Securities and Agency Mortgage-Backed Securities Statement Regarding Purchases of Treasury Securities and Agency Mortgage-Backed Securities","Concurrence proves support for the action, not ideology"
2014-10-29,William C. Dudley,FOR,HOLD,CONCUR,HOLD,0,VOTE_ACTION_PROXY,https://www.federalreserve.gov/newsevents/pressreleases/monetary20141029a.htm,raw/statements/monetary20141029a.htm,"Voting for the FOMC monetary policy action were: Janet L. Yellen, Chair; William C. Dudley, Vice Chairman; Lael Brainard; Stanley Fischer; Richard W. Fisher; Loretta J. Mester; Charles I. Plosser; Jerome H. Powell; and Daniel K. Tarullo. Voting against the action was Narayana Kocherlakota, who believed that, in light of continued sluggishness in the inflation outlook and the recent slide in market-based measures of longer-term inflation expectations, the Committee should commit to keeping the current target range for the federal funds rate at least until the one-to-two-year ahead inflation outlook has returned to 2 percent and should continue the asset purchase program at its current level. Statement Regarding Purchases of Treasury Securities and Agency Mortgage-Backed Securities Statement Regarding Purchases of Treasury Securities and Agency Mortgage-Backed Securities","Concurrence proves support for the action, not ideology"
2014-12-17,Charles I. Plosser,AGAINST,HOLD,TIGHTER,LESS_ACCOMMODATIVE_GUIDANCE,2,VOTE_DISSENT,https://www.federalreserve.gov/newsevents/pressreleases/monetary20141217a.htm,raw/statements/monetary20141217a.htm,"Voting for the FOMC monetary policy action were: Janet L. Yellen, Chair; William C. Dudley, Vice Chairman; Lael Brainard; Stanley Fischer; Loretta J. Mester; Jerome H. Powell; and Daniel K. Tarullo. Voting against the action were Richard W. Fisher, who believed that, while the Committee should be patient in beginning to normalize monetary policy, improvement in the U.S. economic performance since October has moved forward, further than the majority of the Committee envisions, the date when it will likely be appropriate to increase the federal funds rate; Narayana Kocherlakota, who believed that the Committee's decision, in the context of ongoing low inflation and falling market-based measures of longer-term inflation expectations, created undue downside risk to the credibility of the 2 percent inflation target; and Charles I. Plosser, who believed that the statement should not stress the importance of the passage of time as a key element of its forward guidance and, given the improvement in economic conditions, should not emphasize the consistency of the current forward guidance with previous statements.",Opposed language implying patience before tightening
2014-12-17,Daniel K. Tarullo,FOR,HOLD,CONCUR,HOLD,0,VOTE_ACTION_PROXY,https://www.federalreserve.gov/newsevents/pressreleases/monetary20141217a.htm,raw/statements/monetary20141217a.htm,"Voting for the FOMC monetary policy action were: Janet L. Yellen, Chair; William C. Dudley, Vice Chairman; Lael Brainard; Stanley Fischer; Loretta J. Mester; Jerome H. Powell; and Daniel K. Tarullo. Voting against the action were Richard W. Fisher, who believed that, while the Committee should be patient in beginning to normalize monetary policy, improvement in the U.S. economic performance since October has moved forward, further than the majority of the Committee envisions, the date when it will likely be appropriate to increase the federal funds rate; Narayana Kocherlakota, who believed that the Committee's decision, in the context of ongoing low inflation and falling market-based measures of longer-term inflation expectations, created undue downside risk to the credibility of the 2 percent inflation target; and Charles I. Plosser, who believed that the statement should not stress the importance of the passage of time as a key element of its forward guidance and, given the improvement in economic conditions, should not emphasize the consistency of the current forward guidance with previous statements.","Concurrence proves support for the action, not ideology"
2014-12-17,Janet L. Yellen,FOR,HOLD,CONCUR,HOLD,0,VOTE_ACTION_PROXY,https://www.federalreserve.gov/newsevents/pressreleases/monetary20141217a.htm,raw/statements/monetary20141217a.htm,"Voting for the FOMC monetary policy action were: Janet L. Yellen, Chair; William C. Dudley, Vice Chairman; Lael Brainard; Stanley Fischer; Loretta J. Mester; Jerome H. Powell; and Daniel K. Tarullo. Voting against the action were Richard W. Fisher, who believed that, while the Committee should be patient in beginning to normalize monetary policy, improvement in the U.S. economic performance since October has moved forward, further than the majority of the Committee envisions, the date when it will likely be appropriate to increase the federal funds rate; Narayana Kocherlakota, who believed that the Committee's decision, in the context of ongoing low inflation and falling market-based measures of longer-term inflation expectations, created undue downside risk to the credibility of the 2 percent inflation target; and Charles I. Plosser, who believed that the statement should not stress the importance of the passage of time as a key element of its forward guidance and, given the improvement in economic conditions, should not emphasize the consistency of the current forward guidance with previous statements.","Concurrence proves support for the action, not ideology"
2014-12-17,Jerome H. Powell,FOR,HOLD,CONCUR,HOLD,0,VOTE_ACTION_PROXY,https://www.federalreserve.gov/newsevents/pressreleases/monetary20141217a.htm,raw/statements/monetary20141217a.htm,"Voting for the FOMC monetary policy action were: Janet L. Yellen, Chair; William C. Dudley, Vice Chairman; Lael Brainard; Stanley Fischer; Loretta J. Mester; Jerome H. Powell; and Daniel K. Tarullo. Voting against the action were Richard W. Fisher, who believed that, while the Committee should be patient in beginning to normalize monetary policy, improvement in the U.S. economic performance since October has moved forward, further than the majority of the Committee envisions, the date when it will likely be appropriate to increase the federal funds rate; Narayana Kocherlakota, who believed that the Committee's decision, in the context of ongoing low inflation and falling market-based measures of longer-term inflation expectations, created undue downside risk to the credibility of the 2 percent inflation target; and Charles I. Plosser, who believed that the statement should not stress the importance of the passage of time as a key element of its forward guidance and, given the improvement in economic conditions, should not emphasize the consistency of the current forward guidance with previous statements.","Concurrence proves support for the action, not ideology"
2014-12-17,Lael Brainard,FOR,HOLD,CONCUR,HOLD,0,VOTE_ACTION_PROXY,https://www.federalreserve.gov/newsevents/pressreleases/monetary20141217a.htm,raw/statements/monetary20141217a.htm,"Voting for the FOMC monetary policy action were: Janet L. Yellen, Chair; William C. Dudley, Vice Chairman; Lael Brainard; Stanley Fischer; Loretta J. Mester; Jerome H. Powell; and Daniel K. Tarullo. Voting against the action were Richard W. Fisher, who believed that, while the Committee should be patient in beginning to normalize monetary policy, improvement in the U.S. economic performance since October has moved forward, further than the majority of the Committee envisions, the date when it will likely be appropriate to increase the federal funds rate; Narayana Kocherlakota, who believed that the Committee's decision, in the context of ongoing low inflation and falling market-based measures of longer-term inflation expectations, created undue downside risk to the credibility of the 2 percent inflation target; and Charles I. Plosser, who believed that the statement should not stress the importance of the passage of time as a key element of its forward guidance and, given the improvement in economic conditions, should not emphasize the consistency of the current forward guidance with previous statements.","Concurrence proves support for the action, not ideology"
2014-12-17,Loretta J. Mester,FOR,HOLD,CONCUR,HOLD,0,VOTE_ACTION_PROXY,https://www.federalreserve.gov/newsevents/pressreleases/monetary20141217a.htm,raw/statements/monetary20141217a.htm,"Voting for the FOMC monetary policy action were: Janet L. Yellen, Chair; William C. Dudley, Vice Chairman; Lael Brainard; Stanley Fischer; Loretta J. Mester; Jerome H. Powell; and Daniel K. Tarullo. Voting against the action were Richard W. Fisher, who believed that, while the Committee should be patient in beginning to normalize monetary policy, improvement in the U.S. economic performance since October has moved forward, further than the majority of the Committee envisions, the date when it will likely be appropriate to increase the federal funds rate; Narayana Kocherlakota, who believed that the Committee's decision, in the context of ongoing low inflation and falling market-based measures of longer-term inflation expectations, created undue downside risk to the credibility of the 2 percent inflation target; and Charles I. Plosser, who believed that the statement should not stress the importance of the passage of time as a key element of its forward guidance and, given the improvement in economic conditions, should not emphasize the consistency of the current forward guidance with previous statements.","Concurrence proves support for the action, not ideology"
2014-12-17,Narayana Kocherlakota,AGAINST,HOLD,EASIER,MORE_ACCOMMODATION,-2,VOTE_DISSENT,https://www.federalreserve.gov/newsevents/pressreleases/monetary20141217a.htm,raw/statements/monetary20141217a.htm,"Voting for the FOMC monetary policy action were: Janet L. Yellen, Chair; William C. Dudley, Vice Chairman; Lael Brainard; Stanley Fischer; Loretta J. Mester; Jerome H. Powell; and Daniel K. Tarullo. Voting against the action were Richard W. Fisher, who believed that, while the Committee should be patient in beginning to normalize monetary policy, improvement in the U.S. economic performance since October has moved forward, further than the majority of the Committee envisions, the date when it will likely be appropriate to increase the federal funds rate; Narayana Kocherlakota, who believed that the Committee's decision, in the context of ongoing low inflation and falling market-based measures of longer-term inflation expectations, created undue downside risk to the credibility of the 2 percent inflation target; and Charles I. Plosser, who believed that the statement should not stress the importance of the passage of time as a key element of its forward guidance and, given the improvement in economic conditions, should not emphasize the consistency of the current forward guidance with previous statements.",Preferred a more accommodative policy stance
2014-12-17,Richard W. Fisher,AGAINST,HOLD,TIGHTER,EARLIER_TIGHTENING,2,VOTE_DISSENT,https://www.federalreserve.gov/newsevents/pressreleases/monetary20141217a.htm,raw/statements/monetary20141217a.htm,"Voting for the FOMC monetary policy action were: Janet L. Yellen, Chair; William C. Dudley, Vice Chairman; Lael Brainard; Stanley Fischer; Loretta J. Mester; Jerome H. Powell; and Daniel K. Tarullo. Voting against the action were Richard W. Fisher, who believed that, while the Committee should be patient in beginning to normalize monetary policy, improvement in the U.S. economic performance since October has moved forward, further than the majority of the Committee envisions, the date when it will likely be appropriate to increase the federal funds rate; Narayana Kocherlakota, who believed that the Committee's decision, in the context of ongoing low inflation and falling market-based measures of longer-term inflation expectations, created undue downside risk to the credibility of the 2 percent inflation target; and Charles I. Plosser, who believed that the statement should not stress the importance of the passage of time as a key element of its forward guidance and, given the improvement in economic conditions, should not emphasize the consistency of the current forward guidance with previous statements.",Preferred earlier removal of accommodation
2014-12-17,Stanley Fischer,FOR,HOLD,CONCUR,HOLD,0,VOTE_ACTION_PROXY,https://www.federalreserve.gov/newsevents/pressreleases/monetary20141217a.htm,raw/statements/monetary20141217a.htm,"Voting for the FOMC monetary policy action were: Janet L. Yellen, Chair; William C. Dudley, Vice Chairman; Lael Brainard; Stanley Fischer; Loretta J. Mester; Jerome H. Powell; and Daniel K. Tarullo. Voting against the action were Richard W. Fisher, who believed that, while the Committee should be patient in beginning to normalize monetary policy, improvement in the U.S. economic performance since October has moved forward, further than the majority of the Committee envisions, the date when it will likely be appropriate to increase the federal funds rate; Narayana Kocherlakota, who believed that the Committee's decision, in the context of ongoing low inflation and falling market-based measures of longer-term inflation expectations, created undue downside risk to the credibility of the 2 percent inflation target; and Charles I. Plosser, who believed that the statement should not stress the importance of the passage of time as a key element of its forward guidance and, given the improvement in economic conditions, should not emphasize the consistency of the current forward guidance with previous statements.","Concurrence proves support for the action, not ideology"
2014-12-17,William C. Dudley,FOR,HOLD,CONCUR,HOLD,0,VOTE_ACTION_PROXY,https://www.federalreserve.gov/newsevents/pressreleases/monetary20141217a.htm,raw/statements/monetary20141217a.htm,"Voting for the FOMC monetary policy action were: Janet L. Yellen, Chair; William C. Dudley, Vice Chairman; Lael Brainard; Stanley Fischer; Loretta J. Mester; Jerome H. Powell; and Daniel K. Tarullo. Voting against the action were Richard W. Fisher, who believed that, while the Committee should be patient in beginning to normalize monetary policy, improvement in the U.S. economic performance since October has moved forward, further than the majority of the Committee envisions, the date when it will likely be appropriate to increase the federal funds rate; Narayana Kocherlakota, who believed that the Committee's decision, in the context of ongoing low inflation and falling market-based measures of longer-term inflation expectations, created undue downside risk to the credibility of the 2 percent inflation target; and Charles I. Plosser, who believed that the statement should not stress the importance of the passage of time as a key element of its forward guidance and, given the improvement in economic conditions, should not emphasize the consistency of the current forward guidance with previous statements.","Concurrence proves support for the action, not ideology"
2015-01-28,Charles L. Evans,FOR,HOLD,CONCUR,HOLD,0,VOTE_ACTION_PROXY,https://www.federalreserve.gov/newsevents/pressreleases/monetary20150128a.htm,raw/statements/monetary20150128a.htm,"Voting for the FOMC monetary policy action were: Janet L. Yellen, Chair; William C. Dudley, Vice Chairman; Lael Brainard; Charles L. Evans; Stanley Fischer; Jeffrey M. Lacker; Dennis P. Lockhart; Jerome H. Powell; Daniel K. Tarullo; and John C. Williams.","Concurrence proves support for the action, not ideology"
2015-01-28,Daniel K. Tarullo,FOR,HOLD,CONCUR,HOLD,0,VOTE_ACTION_PROXY,https://www.federalreserve.gov/newsevents/pressreleases/monetary20150128a.htm,raw/statements/monetary20150128a.htm,"Voting for the FOMC monetary policy action were: Janet L. Yellen, Chair; William C. Dudley, Vice Chairman; Lael Brainard; Charles L. Evans; Stanley Fischer; Jeffrey M. Lacker; Dennis P. Lockhart; Jerome H. Powell; Daniel K. Tarullo; and John C. Williams.","Concurrence proves support for the action, not ideology"
2015-01-28,Dennis P. Lockhart,FOR,HOLD,CONCUR,HOLD,0,VOTE_ACTION_PROXY,https://www.federalreserve.gov/newsevents/pressreleases/monetary20150128a.htm,raw/statements/monetary20150128a.htm,"Voting for the FOMC monetary policy action were: Janet L. Yellen, Chair; William C. Dudley, Vice Chairman; Lael Brainard; Charles L. Evans; Stanley Fischer; Jeffrey M. Lacker; Dennis P. Lockhart; Jerome H. Powell; Daniel K. Tarullo; and John C. Williams.","Concurrence proves support for the action, not ideology"
2015-01-28,Janet L. Yellen,FOR,HOLD,CONCUR,HOLD,0,VOTE_ACTION_PROXY,https://www.federalreserve.gov/newsevents/pressreleases/monetary20150128a.htm,raw/statements/monetary20150128a.htm,"Voting for the FOMC monetary policy action were: Janet L. Yellen, Chair; William C. Dudley, Vice Chairman; Lael Brainard; Charles L. Evans; Stanley Fischer; Jeffrey M. Lacker; Dennis P. Lockhart; Jerome H. Powell; Daniel K. Tarullo; and John C. Williams.","Concurrence proves support for the action, not ideology"
2015-01-28,Jeffrey M. Lacker,FOR,HOLD,CONCUR,HOLD,0,VOTE_ACTION_PROXY,https://www.federalreserve.gov/newsevents/pressreleases/monetary20150128a.htm,raw/statements/monetary20150128a.htm,"Voting for the FOMC monetary policy action were: Janet L. Yellen, Chair; William C. Dudley, Vice Chairman; Lael Brainard; Charles L. Evans; Stanley Fischer; Jeffrey M. Lacker; Dennis P. Lockhart; Jerome H. Powell; Daniel K. Tarullo; and John C. Williams.","Concurrence proves support for the action, not ideology"
2015-01-28,Jerome H. Powell,FOR,HOLD,CONCUR,HOLD,0,VOTE_ACTION_PROXY,https://www.federalreserve.gov/newsevents/pressreleases/monetary20150128a.htm,raw/statements/monetary20150128a.htm,"Voting for the FOMC monetary policy action were: Janet L. Yellen, Chair; William C. Dudley, Vice Chairman; Lael Brainard; Charles L. Evans; Stanley Fischer; Jeffrey M. Lacker; Dennis P. Lockhart; Jerome H. Powell; Daniel K. Tarullo; and John C. Williams.","Concurrence proves support for the action, not ideology"
2015-01-28,John C. Williams,FOR,HOLD,CONCUR,HOLD,0,VOTE_ACTION_PROXY,https://www.federalreserve.gov/newsevents/pressreleases/monetary20150128a.htm,raw/statements/monetary20150128a.htm,"Voting for the FOMC monetary policy action were: Janet L. Yellen, Chair; William C. Dudley, Vice Chairman; Lael Brainard; Charles L. Evans; Stanley Fischer; Jeffrey M. Lacker; Dennis P. Lockhart; Jerome H. Powell; Daniel K. Tarullo; and John C. Williams.","Concurrence proves support for the action, not ideology"
2015-01-28,Lael Brainard,FOR,HOLD,CONCUR,HOLD,0,VOTE_ACTION_PROXY,https://www.federalreserve.gov/newsevents/pressreleases/monetary20150128a.htm,raw/statements/monetary20150128a.htm,"Voting for the FOMC monetary policy action were: Janet L. Yellen, Chair; William C. Dudley, Vice Chairman; Lael Brainard; Charles L. Evans; Stanley Fischer; Jeffrey M. Lacker; Dennis P. Lockhart; Jerome H. Powell; Daniel K. Tarullo; and John C. Williams.","Concurrence proves support for the action, not ideology"
2015-01-28,Stanley Fischer,FOR,HOLD,CONCUR,HOLD,0,VOTE_ACTION_PROXY,https://www.federalreserve.gov/newsevents/pressreleases/monetary20150128a.htm,raw/statements/monetary20150128a.htm,"Voting for the FOMC monetary policy action were: Janet L. Yellen, Chair; William C. Dudley, Vice Chairman; Lael Brainard; Charles L. Evans; Stanley Fischer; Jeffrey M. Lacker; Dennis P. Lockhart; Jerome H. Powell; Daniel K. Tarullo; and John C. Williams.","Concurrence proves support for the action, not ideology"
2015-01-28,William C. Dudley,FOR,HOLD,CONCUR,HOLD,0,VOTE_ACTION_PROXY,https://www.federalreserve.gov/newsevents/pressreleases/monetary20150128a.htm,raw/statements/monetary20150128a.htm,"Voting for the FOMC monetary policy action were: Janet L. Yellen, Chair; William C. Dudley, Vice Chairman; Lael Brainard; Charles L. Evans; Stanley Fischer; Jeffrey M. Lacker; Dennis P. Lockhart; Jerome H. Powell; Daniel K. Tarullo; and John C. Williams.","Concurrence proves support for the action, not ideology"
2015-03-18,Charles L. Evans,FOR,HOLD,CONCUR,HOLD,0,VOTE_ACTION_PROXY,https://www.federalreserve.gov/newsevents/pressreleases/monetary20150318a.htm,raw/statements/monetary20150318a.htm,"Voting for the FOMC monetary policy action were: Janet L. Yellen, Chair; William C. Dudley, Vice Chairman; Lael Brainard; Charles L. Evans; Stanley Fischer; Jeffrey M. Lacker; Dennis P. Lockhart; Jerome H. Powell; Daniel K. Tarullo; and John C. Williams.","Concurrence proves support for the action, not ideology"
2015-03-18,Daniel K. Tarullo,FOR,HOLD,CONCUR,HOLD,0,VOTE_ACTION_PROXY,https://www.federalreserve.gov/newsevents/pressreleases/monetary20150318a.htm,raw/statements/monetary20150318a.htm,"Voting for the FOMC monetary policy action were: Janet L. Yellen, Chair; William C. Dudley, Vice Chairman; Lael Brainard; Charles L. Evans; Stanley Fischer; Jeffrey M. Lacker; Dennis P. Lockhart; Jerome H. Powell; Daniel K. Tarullo; and John C. Williams.","Concurrence proves support for the action, not ideology"
2015-03-18,Dennis P. Lockhart,FOR,HOLD,CONCUR,HOLD,0,VOTE_ACTION_PROXY,https://www.federalreserve.gov/newsevents/pressreleases/monetary20150318a.htm,raw/statements/monetary20150318a.htm,"Voting for the FOMC monetary policy action were: Janet L. Yellen, Chair; William C. Dudley, Vice Chairman; Lael Brainard; Charles L. Evans; Stanley Fischer; Jeffrey M. Lacker; Dennis P. Lockhart; Jerome H. Powell; Daniel K. Tarullo; and John C. Williams.","Concurrence proves support for the action, not ideology"
2015-03-18,Janet L. Yellen,FOR,HOLD,CONCUR,HOLD,0,VOTE_ACTION_PROXY,https://www.federalreserve.gov/newsevents/pressreleases/monetary20150318a.htm,raw/statements/monetary20150318a.htm,"Voting for the FOMC monetary policy action were: Janet L. Yellen, Chair; William C. Dudley, Vice Chairman; Lael Brainard; Charles L. Evans; Stanley Fischer; Jeffrey M. Lacker; Dennis P. Lockhart; Jerome H. Powell; Daniel K. Tarullo; and John C. Williams.","Concurrence proves support for the action, not ideology"
2015-03-18,Jeffrey M. Lacker,FOR,HOLD,CONCUR,HOLD,0,VOTE_ACTION_PROXY,https://www.federalreserve.gov/newsevents/pressreleases/monetary20150318a.htm,raw/statements/monetary20150318a.htm,"Voting for the FOMC monetary policy action were: Janet L. Yellen, Chair; William C. Dudley, Vice Chairman; Lael Brainard; Charles L. Evans; Stanley Fischer; Jeffrey M. Lacker; Dennis P. Lockhart; Jerome H. Powell; Daniel K. Tarullo; and John C. Williams.","Concurrence proves support for the action, not ideology"
2015-03-18,Jerome H. Powell,FOR,HOLD,CONCUR,HOLD,0,VOTE_ACTION_PROXY,https://www.federalreserve.gov/newsevents/pressreleases/monetary20150318a.htm,raw/statements/monetary20150318a.htm,"Voting for the FOMC monetary policy action were: Janet L. Yellen, Chair; William C. Dudley, Vice Chairman; Lael Brainard; Charles L. Evans; Stanley Fischer; Jeffrey M. Lacker; Dennis P. Lockhart; Jerome H. Powell; Daniel K. Tarullo; and John C. Williams.","Concurrence proves support for the action, not ideology"
2015-03-18,John C. Williams,FOR,HOLD,CONCUR,HOLD,0,VOTE_ACTION_PROXY,https://www.federalreserve.gov/newsevents/pressreleases/monetary20150318a.htm,raw/statements/monetary20150318a.htm,"Voting for the FOMC monetary policy action were: Janet L. Yellen, Chair; William C. Dudley, Vice Chairman; Lael Brainard; Charles L. Evans; Stanley Fischer; Jeffrey M. Lacker; Dennis P. Lockhart; Jerome H. Powell; Daniel K. Tarullo; and John C. Williams.","Concurrence proves support for the action, not ideology"
2015-03-18,Lael Brainard,FOR,HOLD,CONCUR,HOLD,0,VOTE_ACTION_PROXY,https://www.federalreserve.gov/newsevents/pressreleases/monetary20150318a.htm,raw/statements/monetary20150318a.htm,"Voting for the FOMC monetary policy action were: Janet L. Yellen, Chair; William C. Dudley, Vice Chairman; Lael Brainard; Charles L. Evans; Stanley Fischer; Jeffrey M. Lacker; Dennis P. Lockhart; Jerome H. Powell; Daniel K. Tarullo; and John C. Williams.","Concurrence proves support for the action, not ideology"
2015-03-18,Stanley Fischer,FOR,HOLD,CONCUR,HOLD,0,VOTE_ACTION_PROXY,https://www.federalreserve.gov/newsevents/pressreleases/monetary20150318a.htm,raw/statements/monetary20150318a.htm,"Voting for the FOMC monetary policy action were: Janet L. Yellen, Chair; William C. Dudley, Vice Chairman; Lael Brainard; Charles L. Evans; Stanley Fischer; Jeffrey M. Lacker; Dennis P. Lockhart; Jerome H. Powell; Daniel K. Tarullo; and John C. Williams.","Concurrence proves support for the action, not ideology"
2015-03-18,William C. Dudley,FOR,HOLD,CONCUR,HOLD,0,VOTE_ACTION_PROXY,https://www.federalreserve.gov/newsevents/pressreleases/monetary20150318a.htm,raw/statements/monetary20150318a.htm,"Voting for the FOMC monetary policy action were: Janet L. Yellen, Chair; William C. Dudley, Vice Chairman; Lael Brainard; Charles L. Evans; Stanley Fischer; Jeffrey M. Lacker; Dennis P. Lockhart; Jerome H. Powell; Daniel K. Tarullo; and John C. Williams.","Concurrence proves support for the action, not ideology"
2015-04-29,Charles L. Evans,FOR,HOLD,CONCUR,HOLD,0,VOTE_ACTION_PROXY,https://www.federalreserve.gov/newsevents/pressreleases/monetary20150429a.htm,raw/statements/monetary20150429a.htm,"Voting for the FOMC monetary policy action were: Janet L. Yellen, Chair; William C. Dudley, Vice Chairman; Lael Brainard; Charles L. Evans; Stanley Fischer; Jeffrey M. Lacker; Dennis P. Lockhart; Jerome H. Powell; Daniel K. Tarullo; and John C. Williams.","Concurrence proves support for the action, not ideology"
2015-04-29,Daniel K. Tarullo,FOR,HOLD,CONCUR,HOLD,0,VOTE_ACTION_PROXY,https://www.federalreserve.gov/newsevents/pressreleases/monetary20150429a.htm,raw/statements/monetary20150429a.htm,"Voting for the FOMC monetary policy action were: Janet L. Yellen, Chair; William C. Dudley, Vice Chairman; Lael Brainard; Charles L. Evans; Stanley Fischer; Jeffrey M. Lacker; Dennis P. Lockhart; Jerome H. Powell; Daniel K. Tarullo; and John C. Williams.","Concurrence proves support for the action, not ideology"
2015-04-29,Dennis P. Lockhart,FOR,HOLD,CONCUR,HOLD,0,VOTE_ACTION_PROXY,https://www.federalreserve.gov/newsevents/pressreleases/monetary20150429a.htm,raw/statements/monetary20150429a.htm,"Voting for the FOMC monetary policy action were: Janet L. Yellen, Chair; William C. Dudley, Vice Chairman; Lael Brainard; Charles L. Evans; Stanley Fischer; Jeffrey M. Lacker; Dennis P. Lockhart; Jerome H. Powell; Daniel K. Tarullo; and John C. Williams.","Concurrence proves support for the action, not ideology"
2015-04-29,Janet L. Yellen,FOR,HOLD,CONCUR,HOLD,0,VOTE_ACTION_PROXY,https://www.federalreserve.gov/newsevents/pressreleases/monetary20150429a.htm,raw/statements/monetary20150429a.htm,"Voting for the FOMC monetary policy action were: Janet L. Yellen, Chair; William C. Dudley, Vice Chairman; Lael Brainard; Charles L. Evans; Stanley Fischer; Jeffrey M. Lacker; Dennis P. Lockhart; Jerome H. Powell; Daniel K. Tarullo; and John C. Williams.","Concurrence proves support for the action, not ideology"
2015-04-29,Jeffrey M. Lacker,FOR,HOLD,CONCUR,HOLD,0,VOTE_ACTION_PROXY,https://www.federalreserve.gov/newsevents/pressreleases/monetary20150429a.htm,raw/statements/monetary20150429a.htm,"Voting for the FOMC monetary policy action were: Janet L. Yellen, Chair; William C. Dudley, Vice Chairman; Lael Brainard; Charles L. Evans; Stanley Fischer; Jeffrey M. Lacker; Dennis P. Lockhart; Jerome H. Powell; Daniel K. Tarullo; and John C. Williams.","Concurrence proves support for the action, not ideology"
2015-04-29,Jerome H. Powell,FOR,HOLD,CONCUR,HOLD,0,VOTE_ACTION_PROXY,https://www.federalreserve.gov/newsevents/pressreleases/monetary20150429a.htm,raw/statements/monetary20150429a.htm,"Voting for the FOMC monetary policy action were: Janet L. Yellen, Chair; William C. Dudley, Vice Chairman; Lael Brainard; Charles L. Evans; Stanley Fischer; Jeffrey M. Lacker; Dennis P. Lockhart; Jerome H. Powell; Daniel K. Tarullo; and John C. Williams.","Concurrence proves support for the action, not ideology"
2015-04-29,John C. Williams,FOR,HOLD,CONCUR,HOLD,0,VOTE_ACTION_PROXY,https://www.federalreserve.gov/newsevents/pressreleases/monetary20150429a.htm,raw/statements/monetary20150429a.htm,"Voting for the FOMC monetary policy action were: Janet L. Yellen, Chair; William C. Dudley, Vice Chairman; Lael Brainard; Charles L. Evans; Stanley Fischer; Jeffrey M. Lacker; Dennis P. Lockhart; Jerome H. Powell; Daniel K. Tarullo; and John C. Williams.","Concurrence proves support for the action, not ideology"
2015-04-29,Lael Brainard,FOR,HOLD,CONCUR,HOLD,0,VOTE_ACTION_PROXY,https://www.federalreserve.gov/newsevents/pressreleases/monetary20150429a.htm,raw/statements/monetary20150429a.htm,"Voting for the FOMC monetary policy action were: Janet L. Yellen, Chair; William C. Dudley, Vice Chairman; Lael Brainard; Charles L. Evans; Stanley Fischer; Jeffrey M. Lacker; Dennis P. Lockhart; Jerome H. Powell; Daniel K. Tarullo; and John C. Williams.","Concurrence proves support for the action, not ideology"
2015-04-29,Stanley Fischer,FOR,HOLD,CONCUR,HOLD,0,VOTE_ACTION_PROXY,https://www.federalreserve.gov/newsevents/pressreleases/monetary20150429a.htm,raw/statements/monetary20150429a.htm,"Voting for the FOMC monetary policy action were: Janet L. Yellen, Chair; William C. Dudley, Vice Chairman; Lael Brainard; Charles L. Evans; Stanley Fischer; Jeffrey M. Lacker; Dennis P. Lockhart; Jerome H. Powell; Daniel K. Tarullo; and John C. Williams.","Concurrence proves support for the action, not ideology"
2015-04-29,William C. Dudley,FOR,HOLD,CONCUR,HOLD,0,VOTE_ACTION_PROXY,https://www.federalreserve.gov/newsevents/pressreleases/monetary20150429a.htm,raw/statements/monetary20150429a.htm,"Voting for the FOMC monetary policy action were: Janet L. Yellen, Chair; William C. Dudley, Vice Chairman; Lael Brainard; Charles L. Evans; Stanley Fischer; Jeffrey M. Lacker; Dennis P. Lockhart; Jerome H. Powell; Daniel K. Tarullo; and John C. Williams.","Concurrence proves support for the action, not ideology"
2015-06-17,Charles L. Evans,FOR,HOLD,CONCUR,HOLD,0,VOTE_ACTION_PROXY,https://www.federalreserve.gov/newsevents/pressreleases/monetary20150617a.htm,raw/statements/monetary20150617a.htm,"Voting for the FOMC monetary policy action were: Janet L. Yellen, Chair; William C. Dudley, Vice Chairman; Lael Brainard; Charles L. Evans; Stanley Fischer; Jeffrey M. Lacker; Dennis P. Lockhart; Jerome H. Powell; Daniel K. Tarullo; and John C. Williams.","Concurrence proves support for the action, not ideology"
2015-06-17,Daniel K. Tarullo,FOR,HOLD,CONCUR,HOLD,0,VOTE_ACTION_PROXY,https://www.federalreserve.gov/newsevents/pressreleases/monetary20150617a.htm,raw/statements/monetary20150617a.htm,"Voting for the FOMC monetary policy action were: Janet L. Yellen, Chair; William C. Dudley, Vice Chairman; Lael Brainard; Charles L. Evans; Stanley Fischer; Jeffrey M. Lacker; Dennis P. Lockhart; Jerome H. Powell; Daniel K. Tarullo; and John C. Williams.","Concurrence proves support for the action, not ideology"
2015-06-17,Dennis P. Lockhart,FOR,HOLD,CONCUR,HOLD,0,VOTE_ACTION_PROXY,https://www.federalreserve.gov/newsevents/pressreleases/monetary20150617a.htm,raw/statements/monetary20150617a.htm,"Voting for the FOMC monetary policy action were: Janet L. Yellen, Chair; William C. Dudley, Vice Chairman; Lael Brainard; Charles L. Evans; Stanley Fischer; Jeffrey M. Lacker; Dennis P. Lockhart; Jerome H. Powell; Daniel K. Tarullo; and John C. Williams.","Concurrence proves support for the action, not ideology"
2015-06-17,Janet L. Yellen,FOR,HOLD,CONCUR,HOLD,0,VOTE_ACTION_PROXY,https://www.federalreserve.gov/newsevents/pressreleases/monetary20150617a.htm,raw/statements/monetary20150617a.htm,"Voting for the FOMC monetary policy action were: Janet L. Yellen, Chair; William C. Dudley, Vice Chairman; Lael Brainard; Charles L. Evans; Stanley Fischer; Jeffrey M. Lacker; Dennis P. Lockhart; Jerome H. Powell; Daniel K. Tarullo; and John C. Williams.","Concurrence proves support for the action, not ideology"
2015-06-17,Jeffrey M. Lacker,FOR,HOLD,CONCUR,HOLD,0,VOTE_ACTION_PROXY,https://www.federalreserve.gov/newsevents/pressreleases/monetary20150617a.htm,raw/statements/monetary20150617a.htm,"Voting for the FOMC monetary policy action were: Janet L. Yellen, Chair; William C. Dudley, Vice Chairman; Lael Brainard; Charles L. Evans; Stanley Fischer; Jeffrey M. Lacker; Dennis P. Lockhart; Jerome H. Powell; Daniel K. Tarullo; and John C. Williams.","Concurrence proves support for the action, not ideology"
2015-06-17,Jerome H. Powell,FOR,HOLD,CONCUR,HOLD,0,VOTE_ACTION_PROXY,https://www.federalreserve.gov/newsevents/pressreleases/monetary20150617a.htm,raw/statements/monetary20150617a.htm,"Voting for the FOMC monetary policy action were: Janet L. Yellen, Chair; William C. Dudley, Vice Chairman; Lael Brainard; Charles L. Evans; Stanley Fischer; Jeffrey M. Lacker; Dennis P. Lockhart; Jerome H. Powell; Daniel K. Tarullo; and John C. Williams.","Concurrence proves support for the action, not ideology"
2015-06-17,John C. Williams,FOR,HOLD,CONCUR,HOLD,0,VOTE_ACTION_PROXY,https://www.federalreserve.gov/newsevents/pressreleases/monetary20150617a.htm,raw/statements/monetary20150617a.htm,"Voting for the FOMC monetary policy action were: Janet L. Yellen, Chair; William C. Dudley, Vice Chairman; Lael Brainard; Charles L. Evans; Stanley Fischer; Jeffrey M. Lacker; Dennis P. Lockhart; Jerome H. Powell; Daniel K. Tarullo; and John C. Williams.","Concurrence proves support for the action, not ideology"
2015-06-17,Lael Brainard,FOR,HOLD,CONCUR,HOLD,0,VOTE_ACTION_PROXY,https://www.federalreserve.gov/newsevents/pressreleases/monetary20150617a.htm,raw/statements/monetary20150617a.htm,"Voting for the FOMC monetary policy action were: Janet L. Yellen, Chair; William C. Dudley, Vice Chairman; Lael Brainard; Charles L. Evans; Stanley Fischer; Jeffrey M. Lacker; Dennis P. Lockhart; Jerome H. Powell; Daniel K. Tarullo; and John C. Williams.","Concurrence proves support for the action, not ideology"
2015-06-17,Stanley Fischer,FOR,HOLD,CONCUR,HOLD,0,VOTE_ACTION_PROXY,https://www.federalreserve.gov/newsevents/pressreleases/monetary20150617a.htm,raw/statements/monetary20150617a.htm,"Voting for the FOMC monetary policy action were: Janet L. Yellen, Chair; William C. Dudley, Vice Chairman; Lael Brainard; Charles L. Evans; Stanley Fischer; Jeffrey M. Lacker; Dennis P. Lockhart; Jerome H. Powell; Daniel K. Tarullo; and John C. Williams.","Concurrence proves support for the action, not ideology"
2015-06-17,William C. Dudley,FOR,HOLD,CONCUR,HOLD,0,VOTE_ACTION_PROXY,https://www.federalreserve.gov/newsevents/pressreleases/monetary20150617a.htm,raw/statements/monetary20150617a.htm,"Voting for the FOMC monetary policy action were: Janet L. Yellen, Chair; William C. Dudley, Vice Chairman; Lael Brainard; Charles L. Evans; Stanley Fischer; Jeffrey M. Lacker; Dennis P. Lockhart; Jerome H. Powell; Daniel K. Tarullo; and John C. Williams.","Concurrence proves support for the action, not ideology"
2015-07-29,Charles L. Evans,FOR,HOLD,CONCUR,HOLD,0,VOTE_ACTION_PROXY,https://www.federalreserve.gov/newsevents/pressreleases/monetary20150729a.htm,raw/statements/monetary20150729a.htm,"Voting for the FOMC monetary policy action were: Janet L. Yellen, Chair; William C. Dudley, Vice Chairman; Lael Brainard; Charles L. Evans; Stanley Fischer; Jeffrey M. Lacker; Dennis P. Lockhart; Jerome H. Powell; Daniel K. Tarullo; and John C. Williams.","Concurrence proves support for the action, not ideology"
2015-07-29,Daniel K. Tarullo,FOR,HOLD,CONCUR,HOLD,0,VOTE_ACTION_PROXY,https://www.federalreserve.gov/newsevents/pressreleases/monetary20150729a.htm,raw/statements/monetary20150729a.htm,"Voting for the FOMC monetary policy action were: Janet L. Yellen, Chair; William C. Dudley, Vice Chairman; Lael Brainard; Charles L. Evans; Stanley Fischer; Jeffrey M. Lacker; Dennis P. Lockhart; Jerome H. Powell; Daniel K. Tarullo; and John C. Williams.","Concurrence proves support for the action, not ideology"
2015-07-29,Dennis P. Lockhart,FOR,HOLD,CONCUR,HOLD,0,VOTE_ACTION_PROXY,https://www.federalreserve.gov/newsevents/pressreleases/monetary20150729a.htm,raw/statements/monetary20150729a.htm,"Voting for the FOMC monetary policy action were: Janet L. Yellen, Chair; William C. Dudley, Vice Chairman; Lael Brainard; Charles L. Evans; Stanley Fischer; Jeffrey M. Lacker; Dennis P. Lockhart; Jerome H. Powell; Daniel K. Tarullo; and John C. Williams.","Concurrence proves support for the action, not ideology"
2015-07-29,Janet L. Yellen,FOR,HOLD,CONCUR,HOLD,0,VOTE_ACTION_PROXY,https://www.federalreserve.gov/newsevents/pressreleases/monetary20150729a.htm,raw/statements/monetary20150729a.htm,"Voting for the FOMC monetary policy action were: Janet L. Yellen, Chair; William C. Dudley, Vice Chairman; Lael Brainard; Charles L. Evans; Stanley Fischer; Jeffrey M. Lacker; Dennis P. Lockhart; Jerome H. Powell; Daniel K. Tarullo; and John C. Williams.","Concurrence proves support for the action, not ideology"
2015-07-29,Jeffrey M. Lacker,FOR,HOLD,CONCUR,HOLD,0,VOTE_ACTION_PROXY,https://www.federalreserve.gov/newsevents/pressreleases/monetary20150729a.htm,raw/statements/monetary20150729a.htm,"Voting for the FOMC monetary policy action were: Janet L. Yellen, Chair; William C. Dudley, Vice Chairman; Lael Brainard; Charles L. Evans; Stanley Fischer; Jeffrey M. Lacker; Dennis P. Lockhart; Jerome H. Powell; Daniel K. Tarullo; and John C. Williams.","Concurrence proves support for the action, not ideology"
2015-07-29,Jerome H. Powell,FOR,HOLD,CONCUR,HOLD,0,VOTE_ACTION_PROXY,https://www.federalreserve.gov/newsevents/pressreleases/monetary20150729a.htm,raw/statements/monetary20150729a.htm,"Voting for the FOMC monetary policy action were: Janet L. Yellen, Chair; William C. Dudley, Vice Chairman; Lael Brainard; Charles L. Evans; Stanley Fischer; Jeffrey M. Lacker; Dennis P. Lockhart; Jerome H. Powell; Daniel K. Tarullo; and John C. Williams.","Concurrence proves support for the action, not ideology"
2015-07-29,John C. Williams,FOR,HOLD,CONCUR,HOLD,0,VOTE_ACTION_PROXY,https://www.federalreserve.gov/newsevents/pressreleases/monetary20150729a.htm,raw/statements/monetary20150729a.htm,"Voting for the FOMC monetary policy action were: Janet L. Yellen, Chair; William C. Dudley, Vice Chairman; Lael Brainard; Charles L. Evans; Stanley Fischer; Jeffrey M. Lacker; Dennis P. Lockhart; Jerome H. Powell; Daniel K. Tarullo; and John C. Williams.","Concurrence proves support for the action, not ideology"
2015-07-29,Lael Brainard,FOR,HOLD,CONCUR,HOLD,0,VOTE_ACTION_PROXY,https://www.federalreserve.gov/newsevents/pressreleases/monetary20150729a.htm,raw/statements/monetary20150729a.htm,"Voting for the FOMC monetary policy action were: Janet L. Yellen, Chair; William C. Dudley, Vice Chairman; Lael Brainard; Charles L. Evans; Stanley Fischer; Jeffrey M. Lacker; Dennis P. Lockhart; Jerome H. Powell; Daniel K. Tarullo; and John C. Williams.","Concurrence proves support for the action, not ideology"
2015-07-29,Stanley Fischer,FOR,HOLD,CONCUR,HOLD,0,VOTE_ACTION_PROXY,https://www.federalreserve.gov/newsevents/pressreleases/monetary20150729a.htm,raw/statements/monetary20150729a.htm,"Voting for the FOMC monetary policy action were: Janet L. Yellen, Chair; William C. Dudley, Vice Chairman; Lael Brainard; Charles L. Evans; Stanley Fischer; Jeffrey M. Lacker; Dennis P. Lockhart; Jerome H. Powell; Daniel K. Tarullo; and John C. Williams.","Concurrence proves support for the action, not ideology"
2015-07-29,William C. Dudley,FOR,HOLD,CONCUR,HOLD,0,VOTE_ACTION_PROXY,https://www.federalreserve.gov/newsevents/pressreleases/monetary20150729a.htm,raw/statements/monetary20150729a.htm,"Voting for the FOMC monetary policy action were: Janet L. Yellen, Chair; William C. Dudley, Vice Chairman; Lael Brainard; Charles L. Evans; Stanley Fischer; Jeffrey M. Lacker; Dennis P. Lockhart; Jerome H. Powell; Daniel K. Tarullo; and John C. Williams.","Concurrence proves support for the action, not ideology"
2015-09-17,Charles L. Evans,FOR,HOLD,CONCUR,HOLD,0,VOTE_ACTION_PROXY,https://www.federalreserve.gov/newsevents/pressreleases/monetary20150917a.htm,raw/statements/monetary20150917a.htm,"Voting for the FOMC monetary policy action were: Janet L. Yellen, Chair; William C. Dudley, Vice Chairman; Lael Brainard; Charles L. Evans; Stanley Fischer; Dennis P. Lockhart; Jerome H. Powell; Daniel K. Tarullo; and John C. Williams. Voting against the action was Jeffrey M. Lacker, who preferred to raise the target range for the federal funds rate by 25 basis points at this meeting.","Concurrence proves support for the action, not ideology"
2015-09-17,Daniel K. Tarullo,FOR,HOLD,CONCUR,HOLD,0,VOTE_ACTION_PROXY,https://www.federalreserve.gov/newsevents/pressreleases/monetary20150917a.htm,raw/statements/monetary20150917a.htm,"Voting for the FOMC monetary policy action were: Janet L. Yellen, Chair; William C. Dudley, Vice Chairman; Lael Brainard; Charles L. Evans; Stanley Fischer; Dennis P. Lockhart; Jerome H. Powell; Daniel K. Tarullo; and John C. Williams. Voting against the action was Jeffrey M. Lacker, who preferred to raise the target range for the federal funds rate by 25 basis points at this meeting.","Concurrence proves support for the action, not ideology"
2015-09-17,Dennis P. Lockhart,FOR,HOLD,CONCUR,HOLD,0,VOTE_ACTION_PROXY,https://www.federalreserve.gov/newsevents/pressreleases/monetary20150917a.htm,raw/statements/monetary20150917a.htm,"Voting for the FOMC monetary policy action were: Janet L. Yellen, Chair; William C. Dudley, Vice Chairman; Lael Brainard; Charles L. Evans; Stanley Fischer; Dennis P. Lockhart; Jerome H. Powell; Daniel K. Tarullo; and John C. Williams. Voting against the action was Jeffrey M. Lacker, who preferred to raise the target range for the federal funds rate by 25 basis points at this meeting.","Concurrence proves support for the action, not ideology"
2015-09-17,Janet L. Yellen,FOR,HOLD,CONCUR,HOLD,0,VOTE_ACTION_PROXY,https://www.federalreserve.gov/newsevents/pressreleases/monetary20150917a.htm,raw/statements/monetary20150917a.htm,"Voting for the FOMC monetary policy action were: Janet L. Yellen, Chair; William C. Dudley, Vice Chairman; Lael Brainard; Charles L. Evans; Stanley Fischer; Dennis P. Lockhart; Jerome H. Powell; Daniel K. Tarullo; and John C. Williams. Voting against the action was Jeffrey M. Lacker, who preferred to raise the target range for the federal funds rate by 25 basis points at this meeting.","Concurrence proves support for the action, not ideology"
2015-09-17,Jeffrey M. Lacker,AGAINST,HOLD,TIGHTER,HIKE_25BP,2,VOTE_DISSENT,https://www.federalreserve.gov/newsevents/pressreleases/monetary20150917a.htm,raw/statements/monetary20150917a.htm,"Voting for the FOMC monetary policy action were: Janet L. Yellen, Chair; William C. Dudley, Vice Chairman; Lael Brainard; Charles L. Evans; Stanley Fischer; Dennis P. Lockhart; Jerome H. Powell; Daniel K. Tarullo; and John C. Williams. Voting against the action was Jeffrey M. Lacker, who preferred to raise the target range for the federal funds rate by 25 basis points at this meeting.",Preferred a 25bp increase while the committee held
2015-09-17,Jerome H. Powell,FOR,HOLD,CONCUR,HOLD,0,VOTE_ACTION_PROXY,https://www.federalreserve.gov/newsevents/pressreleases/monetary20150917a.htm,raw/statements/monetary20150917a.htm,"Voting for the FOMC monetary policy action were: Janet L. Yellen, Chair; William C. Dudley, Vice Chairman; Lael Brainard; Charles L. Evans; Stanley Fischer; Dennis P. Lockhart; Jerome H. Powell; Daniel K. Tarullo; and John C. Williams. Voting against the action was Jeffrey M. Lacker, who preferred to raise the target range for the federal funds rate by 25 basis points at this meeting.","Concurrence proves support for the action, not ideology"
2015-09-17,John C. Williams,FOR,HOLD,CONCUR,HOLD,0,VOTE_ACTION_PROXY,https://www.federalreserve.gov/newsevents/pressreleases/monetary20150917a.htm,raw/statements/monetary20150917a.htm,"Voting for the FOMC monetary policy action were: Janet L. Yellen, Chair; William C. Dudley, Vice Chairman; Lael Brainard; Charles L. Evans; Stanley Fischer; Dennis P. Lockhart; Jerome H. Powell; Daniel K. Tarullo; and John C. Williams. Voting against the action was Jeffrey M. Lacker, who preferred to raise the target range for the federal funds rate by 25 basis points at this meeting.","Concurrence proves support for the action, not ideology"
2015-09-17,Lael Brainard,FOR,HOLD,CONCUR,HOLD,0,VOTE_ACTION_PROXY,https://www.federalreserve.gov/newsevents/pressreleases/monetary20150917a.htm,raw/statements/monetary20150917a.htm,"Voting for the FOMC monetary policy action were: Janet L. Yellen, Chair; William C. Dudley, Vice Chairman; Lael Brainard; Charles L. Evans; Stanley Fischer; Dennis P. Lockhart; Jerome H. Powell; Daniel K. Tarullo; and John C. Williams. Voting against the action was Jeffrey M. Lacker, who preferred to raise the target range for the federal funds rate by 25 basis points at this meeting.","Concurrence proves support for the action, not ideology"
2015-09-17,Stanley Fischer,FOR,HOLD,CONCUR,HOLD,0,VOTE_ACTION_PROXY,https://www.federalreserve.gov/newsevents/pressreleases/monetary20150917a.htm,raw/statements/monetary20150917a.htm,"Voting for the FOMC monetary policy action were: Janet L. Yellen, Chair; William C. Dudley, Vice Chairman; Lael Brainard; Charles L. Evans; Stanley Fischer; Dennis P. Lockhart; Jerome H. Powell; Daniel K. Tarullo; and John C. Williams. Voting against the action was Jeffrey M. Lacker, who preferred to raise the target range for the federal funds rate by 25 basis points at this meeting.","Concurrence proves support for the action, not ideology"
2015-09-17,William C. Dudley,FOR,HOLD,CONCUR,HOLD,0,VOTE_ACTION_PROXY,https://www.federalreserve.gov/newsevents/pressreleases/monetary20150917a.htm,raw/statements/monetary20150917a.htm,"Voting for the FOMC monetary policy action were: Janet L. Yellen, Chair; William C. Dudley, Vice Chairman; Lael Brainard; Charles L. Evans; Stanley Fischer; Dennis P. Lockhart; Jerome H. Powell; Daniel K. Tarullo; and John C. Williams. Voting against the action was Jeffrey M. Lacker, who preferred to raise the target range for the federal funds rate by 25 basis points at this meeting.","Concurrence proves support for the action, not ideology"
2015-10-28,Charles L. Evans,FOR,HOLD,CONCUR,HOLD,0,VOTE_ACTION_PROXY,https://www.federalreserve.gov/newsevents/pressreleases/monetary20151028a.htm,raw/statements/monetary20151028a.htm,"Voting for the FOMC monetary policy action were: Janet L. Yellen, Chair; William C. Dudley, Vice Chairman; Lael Brainard; Charles L. Evans; Stanley Fischer; Dennis P. Lockhart; Jerome H. Powell; Daniel K. Tarullo; and John C. Williams. Voting against the action was Jeffrey M. Lacker, who preferred to raise the target range for the federal funds rate by 25 basis points at this meeting.","Concurrence proves support for the action, not ideology"
2015-10-28,Daniel K. Tarullo,FOR,HOLD,CONCUR,HOLD,0,VOTE_ACTION_PROXY,https://www.federalreserve.gov/newsevents/pressreleases/monetary20151028a.htm,raw/statements/monetary20151028a.htm,"Voting for the FOMC monetary policy action were: Janet L. Yellen, Chair; William C. Dudley, Vice Chairman; Lael Brainard; Charles L. Evans; Stanley Fischer; Dennis P. Lockhart; Jerome H. Powell; Daniel K. Tarullo; and John C. Williams. Voting against the action was Jeffrey M. Lacker, who preferred to raise the target range for the federal funds rate by 25 basis points at this meeting.","Concurrence proves support for the action, not ideology"
2015-10-28,Dennis P. Lockhart,FOR,HOLD,CONCUR,HOLD,0,VOTE_ACTION_PROXY,https://www.federalreserve.gov/newsevents/pressreleases/monetary20151028a.htm,raw/statements/monetary20151028a.htm,"Voting for the FOMC monetary policy action were: Janet L. Yellen, Chair; William C. Dudley, Vice Chairman; Lael Brainard; Charles L. Evans; Stanley Fischer; Dennis P. Lockhart; Jerome H. Powell; Daniel K. Tarullo; and John C. Williams. Voting against the action was Jeffrey M. Lacker, who preferred to raise the target range for the federal funds rate by 25 basis points at this meeting.","Concurrence proves support for the action, not ideology"
2015-10-28,Janet L. Yellen,FOR,HOLD,CONCUR,HOLD,0,VOTE_ACTION_PROXY,https://www.federalreserve.gov/newsevents/pressreleases/monetary20151028a.htm,raw/statements/monetary20151028a.htm,"Voting for the FOMC monetary policy action were: Janet L. Yellen, Chair; William C. Dudley, Vice Chairman; Lael Brainard; Charles L. Evans; Stanley Fischer; Dennis P. Lockhart; Jerome H. Powell; Daniel K. Tarullo; and John C. Williams. Voting against the action was Jeffrey M. Lacker, who preferred to raise the target range for the federal funds rate by 25 basis points at this meeting.","Concurrence proves support for the action, not ideology"
2015-10-28,Jeffrey M. Lacker,AGAINST,HOLD,TIGHTER,HIKE_25BP,2,VOTE_DISSENT,https://www.federalreserve.gov/newsevents/pressreleases/monetary20151028a.htm,raw/statements/monetary20151028a.htm,"Voting for the FOMC monetary policy action were: Janet L. Yellen, Chair; William C. Dudley, Vice Chairman; Lael Brainard; Charles L. Evans; Stanley Fischer; Dennis P. Lockhart; Jerome H. Powell; Daniel K. Tarullo; and John C. Williams. Voting against the action was Jeffrey M. Lacker, who preferred to raise the target range for the federal funds rate by 25 basis points at this meeting.",Preferred a 25bp increase while the committee held
2015-10-28,Jerome H. Powell,FOR,HOLD,CONCUR,HOLD,0,VOTE_ACTION_PROXY,https://www.federalreserve.gov/newsevents/pressreleases/monetary20151028a.htm,raw/statements/monetary20151028a.htm,"Voting for the FOMC monetary policy action were: Janet L. Yellen, Chair; William C. Dudley, Vice Chairman; Lael Brainard; Charles L. Evans; Stanley Fischer; Dennis P. Lockhart; Jerome H. Powell; Daniel K. Tarullo; and John C. Williams. Voting against the action was Jeffrey M. Lacker, who preferred to raise the target range for the federal funds rate by 25 basis points at this meeting.","Concurrence proves support for the action, not ideology"
2015-10-28,John C. Williams,FOR,HOLD,CONCUR,HOLD,0,VOTE_ACTION_PROXY,https://www.federalreserve.gov/newsevents/pressreleases/monetary20151028a.htm,raw/statements/monetary20151028a.htm,"Voting for the FOMC monetary policy action were: Janet L. Yellen, Chair; William C. Dudley, Vice Chairman; Lael Brainard; Charles L. Evans; Stanley Fischer; Dennis P. Lockhart; Jerome H. Powell; Daniel K. Tarullo; and John C. Williams. Voting against the action was Jeffrey M. Lacker, who preferred to raise the target range for the federal funds rate by 25 basis points at this meeting.","Concurrence proves support for the action, not ideology"
2015-10-28,Lael Brainard,FOR,HOLD,CONCUR,HOLD,0,VOTE_ACTION_PROXY,https://www.federalreserve.gov/newsevents/pressreleases/monetary20151028a.htm,raw/statements/monetary20151028a.htm,"Voting for the FOMC monetary policy action were: Janet L. Yellen, Chair; William C. Dudley, Vice Chairman; Lael Brainard; Charles L. Evans; Stanley Fischer; Dennis P. Lockhart; Jerome H. Powell; Daniel K. Tarullo; and John C. Williams. Voting against the action was Jeffrey M. Lacker, who preferred to raise the target range for the federal funds rate by 25 basis points at this meeting.","Concurrence proves support for the action, not ideology"
2015-10-28,Stanley Fischer,FOR,HOLD,CONCUR,HOLD,0,VOTE_ACTION_PROXY,https://www.federalreserve.gov/newsevents/pressreleases/monetary20151028a.htm,raw/statements/monetary20151028a.htm,"Voting for the FOMC monetary policy action were: Janet L. Yellen, Chair; William C. Dudley, Vice Chairman; Lael Brainard; Charles L. Evans; Stanley Fischer; Dennis P. Lockhart; Jerome H. Powell; Daniel K. Tarullo; and John C. Williams. Voting against the action was Jeffrey M. Lacker, who preferred to raise the target range for the federal funds rate by 25 basis points at this meeting.","Concurrence proves support for the action, not ideology"
2015-10-28,William C. Dudley,FOR,HOLD,CONCUR,HOLD,0,VOTE_ACTION_PROXY,https://www.federalreserve.gov/newsevents/pressreleases/monetary20151028a.htm,raw/statements/monetary20151028a.htm,"Voting for the FOMC monetary policy action were: Janet L. Yellen, Chair; William C. Dudley, Vice Chairman; Lael Brainard; Charles L. Evans; Stanley Fischer; Dennis P. Lockhart; Jerome H. Powell; Daniel K. Tarullo; and John C. Williams. Voting against the action was Jeffrey M. Lacker, who preferred to raise the target range for the federal funds rate by 25 basis points at this meeting.","Concurrence proves support for the action, not ideology"
2015-12-16,Charles L. Evans,FOR,HIKE,CONCUR,HIKE,1,VOTE_ACTION_PROXY,https://www.federalreserve.gov/newsevents/pressreleases/monetary20151216a.htm,raw/statements/monetary20151216a.htm,"Voting for the FOMC monetary policy action were: Janet L. Yellen, Chair; William C. Dudley, Vice Chairman; Lael Brainard; Charles L. Evans; Stanley Fischer; Jeffrey M. Lacker; Dennis P. Lockhart; Jerome H. Powell; Daniel K. Tarullo; and John C. Williams.","Concurrence proves support for the action, not ideology"
2015-12-16,Daniel K. Tarullo,FOR,HIKE,CONCUR,HIKE,1,VOTE_ACTION_PROXY,https://www.federalreserve.gov/newsevents/pressreleases/monetary20151216a.htm,raw/statements/monetary20151216a.htm,"Voting for the FOMC monetary policy action were: Janet L. Yellen, Chair; William C. Dudley, Vice Chairman; Lael Brainard; Charles L. Evans; Stanley Fischer; Jeffrey M. Lacker; Dennis P. Lockhart; Jerome H. Powell; Daniel K. Tarullo; and John C. Williams.","Concurrence proves support for the action, not ideology"
2015-12-16,Dennis P. Lockhart,FOR,HIKE,CONCUR,HIKE,1,VOTE_ACTION_PROXY,https://www.federalreserve.gov/newsevents/pressreleases/monetary20151216a.htm,raw/statements/monetary20151216a.htm,"Voting for the FOMC monetary policy action were: Janet L. Yellen, Chair; William C. Dudley, Vice Chairman; Lael Brainard; Charles L. Evans; Stanley Fischer; Jeffrey M. Lacker; Dennis P. Lockhart; Jerome H. Powell; Daniel K. Tarullo; and John C. Williams.","Concurrence proves support for the action, not ideology"
2015-12-16,Janet L. Yellen,FOR,HIKE,CONCUR,HIKE,1,VOTE_ACTION_PROXY,https://www.federalreserve.gov/newsevents/pressreleases/monetary20151216a.htm,raw/statements/monetary20151216a.htm,"Voting for the FOMC monetary policy action were: Janet L. Yellen, Chair; William C. Dudley, Vice Chairman; Lael Brainard; Charles L. Evans; Stanley Fischer; Jeffrey M. Lacker; Dennis P. Lockhart; Jerome H. Powell; Daniel K. Tarullo; and John C. Williams.","Concurrence proves support for the action, not ideology"
2015-12-16,Jeffrey M. Lacker,FOR,HIKE,CONCUR,HIKE,1,VOTE_ACTION_PROXY,https://www.federalreserve.gov/newsevents/pressreleases/monetary20151216a.htm,raw/statements/monetary20151216a.htm,"Voting for the FOMC monetary policy action were: Janet L. Yellen, Chair; William C. Dudley, Vice Chairman; Lael Brainard; Charles L. Evans; Stanley Fischer; Jeffrey M. Lacker; Dennis P. Lockhart; Jerome H. Powell; Daniel K. Tarullo; and John C. Williams.","Concurrence proves support for the action, not ideology"
2015-12-16,Jerome H. Powell,FOR,HIKE,CONCUR,HIKE,1,VOTE_ACTION_PROXY,https://www.federalreserve.gov/newsevents/pressreleases/monetary20151216a.htm,raw/statements/monetary20151216a.htm,"Voting for the FOMC monetary policy action were: Janet L. Yellen, Chair; William C. Dudley, Vice Chairman; Lael Brainard; Charles L. Evans; Stanley Fischer; Jeffrey M. Lacker; Dennis P. Lockhart; Jerome H. Powell; Daniel K. Tarullo; and John C. Williams.","Concurrence proves support for the action, not ideology"
2015-12-16,John C. Williams,FOR,HIKE,CONCUR,HIKE,1,VOTE_ACTION_PROXY,https://www.federalreserve.gov/newsevents/pressreleases/monetary20151216a.htm,raw/statements/monetary20151216a.htm,"Voting for the FOMC monetary policy action were: Janet L. Yellen, Chair; William C. Dudley, Vice Chairman; Lael Brainard; Charles L. Evans; Stanley Fischer; Jeffrey M. Lacker; Dennis P. Lockhart; Jerome H. Powell; Daniel K. Tarullo; and John C. Williams.","Concurrence proves support for the action, not ideology"
2015-12-16,Lael Brainard,FOR,HIKE,CONCUR,HIKE,1,VOTE_ACTION_PROXY,https://www.federalreserve.gov/newsevents/pressreleases/monetary20151216a.htm,raw/statements/monetary20151216a.htm,"Voting for the FOMC monetary policy action were: Janet L. Yellen, Chair; William C. Dudley, Vice Chairman; Lael Brainard; Charles L. Evans; Stanley Fischer; Jeffrey M. Lacker; Dennis P. Lockhart; Jerome H. Powell; Daniel K. Tarullo; and John C. Williams.","Concurrence proves support for the action, not ideology"
2015-12-16,Stanley Fischer,FOR,HIKE,CONCUR,HIKE,1,VOTE_ACTION_PROXY,https://www.federalreserve.gov/newsevents/pressreleases/monetary20151216a.htm,raw/statements/monetary20151216a.htm,"Voting for the FOMC monetary policy action were: Janet L. Yellen, Chair; William C. Dudley, Vice Chairman; Lael Brainard; Charles L. Evans; Stanley Fischer; Jeffrey M. Lacker; Dennis P. Lockhart; Jerome H. Powell; Daniel K. Tarullo; and John C. Williams.","Concurrence proves support for the action, not ideology"
2015-12-16,William C. Dudley,FOR,HIKE,CONCUR,HIKE,1,VOTE_ACTION_PROXY,https://www.federalreserve.gov/newsevents/pressreleases/monetary20151216a.htm,raw/statements/monetary20151216a.htm,"Voting for the FOMC monetary policy action were: Janet L. Yellen, Chair; William C. Dudley, Vice Chairman; Lael Brainard; Charles L. Evans; Stanley Fischer; Jeffrey M. Lacker; Dennis P. Lockhart; Jerome H. Powell; Daniel K. Tarullo; and John C. Williams.","Concurrence proves support for the action, not ideology"
2016-01-27,Eric S. Rosengren,FOR,HOLD,CONCUR,HOLD,0,VOTE_ACTION_PROXY,https://www.federalreserve.gov/newsevents/pressreleases/monetary20160127a.htm,raw/statements/monetary20160127a.htm,"Voting for the FOMC monetary policy action were: Janet L. Yellen, Chair; William C. Dudley, Vice Chairman; Lael Brainard; James Bullard; Stanley Fischer; Esther L. George; Loretta J. Mester; Jerome H. Powell; Eric Rosengren; and Daniel K. Tarullo. Implementation Note issued January 27, 2016","Concurrence proves support for the action, not ideology"
2016-01-27,Esther L. George,FOR,HOLD,CONCUR,HOLD,0,VOTE_ACTION_PROXY,https://www.federalreserve.gov/newsevents/pressreleases/monetary20160127a.htm,raw/statements/monetary20160127a.htm,"Voting for the FOMC monetary policy action were: Janet L. Yellen, Chair; William C. Dudley, Vice Chairman; Lael Brainard; James Bullard; Stanley Fischer; Esther L. George; Loretta J. Mester; Jerome H. Powell; Eric Rosengren; and Daniel K. Tarullo. Implementation Note issued January 27, 2016","Concurrence proves support for the action, not ideology"
2016-01-27,James Bullard,FOR,HOLD,CONCUR,HOLD,0,VOTE_ACTION_PROXY,https://www.federalreserve.gov/newsevents/pressreleases/monetary20160127a.htm,raw/statements/monetary20160127a.htm,"Voting for the FOMC monetary policy action were: Janet L. Yellen, Chair; William C. Dudley, Vice Chairman; Lael Brainard; James Bullard; Stanley Fischer; Esther L. George; Loretta J. Mester; Jerome H. Powell; Eric Rosengren; and Daniel K. Tarullo. Implementation Note issued January 27, 2016","Concurrence proves support for the action, not ideology"
2016-01-27,Janet L. Yellen,FOR,HOLD,CONCUR,HOLD,0,VOTE_ACTION_PROXY,https://www.federalreserve.gov/newsevents/pressreleases/monetary20160127a.htm,raw/statements/monetary20160127a.htm,"Voting for the FOMC monetary policy action were: Janet L. Yellen, Chair; William C. Dudley, Vice Chairman; Lael Brainard; James Bullard; Stanley Fischer; Esther L. George; Loretta J. Mester; Jerome H. Powell; Eric Rosengren; and Daniel K. Tarullo. Implementation Note issued January 27, 2016","Concurrence proves support for the action, not ideology"
2016-01-27,Jerome H. Powell,FOR,HOLD,CONCUR,HOLD,0,VOTE_ACTION_PROXY,https://www.federalreserve.gov/newsevents/pressreleases/monetary20160127a.htm,raw/statements/monetary20160127a.htm,"Voting for the FOMC monetary policy action were: Janet L. Yellen, Chair; William C. Dudley, Vice Chairman; Lael Brainard; James Bullard; Stanley Fischer; Esther L. George; Loretta J. Mester; Jerome H. Powell; Eric Rosengren; and Daniel K. Tarullo. Implementation Note issued January 27, 2016","Concurrence proves support for the action, not ideology"
2016-01-27,Lael Brainard,FOR,HOLD,CONCUR,HOLD,0,VOTE_ACTION_PROXY,https://www.federalreserve.gov/newsevents/pressreleases/monetary20160127a.htm,raw/statements/monetary20160127a.htm,"Voting for the FOMC monetary policy action were: Janet L. Yellen, Chair; William C. Dudley, Vice Chairman; Lael Brainard; James Bullard; Stanley Fischer; Esther L. George; Loretta J. Mester; Jerome H. Powell; Eric Rosengren; and Daniel K. Tarullo. Implementation Note issued January 27, 2016","Concurrence proves support for the action, not ideology"
2016-01-27,Loretta J. Mester,FOR,HOLD,CONCUR,HOLD,0,VOTE_ACTION_PROXY,https://www.federalreserve.gov/newsevents/pressreleases/monetary20160127a.htm,raw/statements/monetary20160127a.htm,"Voting for the FOMC monetary policy action were: Janet L. Yellen, Chair; William C. Dudley, Vice Chairman; Lael Brainard; James Bullard; Stanley Fischer; Esther L. George; Loretta J. Mester; Jerome H. Powell; Eric Rosengren; and Daniel K. Tarullo. Implementation Note issued January 27, 2016","Concurrence proves support for the action, not ideology"
2016-01-27,Stanley Fischer,FOR,HOLD,CONCUR,HOLD,0,VOTE_ACTION_PROXY,https://www.federalreserve.gov/newsevents/pressreleases/monetary20160127a.htm,raw/statements/monetary20160127a.htm,"Voting for the FOMC monetary policy action were: Janet L. Yellen, Chair; William C. Dudley, Vice Chairman; Lael Brainard; James Bullard; Stanley Fischer; Esther L. George; Loretta J. Mester; Jerome H. Powell; Eric Rosengren; and Daniel K. Tarullo. Implementation Note issued January 27, 2016","Concurrence proves support for the action, not ideology"
2016-01-27,William C. Dudley,FOR,HOLD,CONCUR,HOLD,0,VOTE_ACTION_PROXY,https://www.federalreserve.gov/newsevents/pressreleases/monetary20160127a.htm,raw/statements/monetary20160127a.htm,"Voting for the FOMC monetary policy action were: Janet L. Yellen, Chair; William C. Dudley, Vice Chairman; Lael Brainard; James Bullard; Stanley Fischer; Esther L. George; Loretta J. Mester; Jerome H. Powell; Eric Rosengren; and Daniel K. Tarullo. Implementation Note issued January 27, 2016","Concurrence proves support for the action, not ideology"
2016-03-16,Daniel K. Tarullo,FOR,HOLD,CONCUR,HOLD,0,VOTE_ACTION_PROXY,https://www.federalreserve.gov/newsevents/pressreleases/monetary20160316a.htm,raw/statements/monetary20160316a.htm,"Voting for the FOMC monetary policy action were: Janet L. Yellen, Chair; William C. Dudley, Vice Chairman; Lael Brainard; James Bullard; Stanley Fischer; Loretta J. Mester; Jerome H. Powell; Eric Rosengren; and Daniel K. Tarullo. Voting against the action was Esther L. George, who preferred at this meeting to raise the target range for the federal funds rate to 1/2 to 3/4 percent. Implementation Note issued March 16, 2016","Concurrence proves support for the action, not ideology"
2016-03-16,Eric S. Rosengren,FOR,HOLD,CONCUR,HOLD,0,VOTE_ACTION_PROXY,https://www.federalreserve.gov/newsevents/pressreleases/monetary20160316a.htm,raw/statements/monetary20160316a.htm,"Voting for the FOMC monetary policy action were: Janet L. Yellen, Chair; William C. Dudley, Vice Chairman; Lael Brainard; James Bullard; Stanley Fischer; Loretta J. Mester; Jerome H. Powell; Eric Rosengren; and Daniel K. Tarullo. Voting against the action was Esther L. George, who preferred at this meeting to raise the target range for the federal funds rate to 1/2 to 3/4 percent. Implementation Note issued March 16, 2016","Concurrence proves support for the action, not ideology"
2016-03-16,Esther L. George,AGAINST,HOLD,TIGHTER,HIKE_25BP,2,VOTE_DISSENT,https://www.federalreserve.gov/newsevents/pressreleases/monetary20160316a.htm,raw/statements/monetary20160316a.htm,"Voting for the FOMC monetary policy action were: Janet L. Yellen, Chair; William C. Dudley, Vice Chairman; Lael Brainard; James Bullard; Stanley Fischer; Loretta J. Mester; Jerome H. Powell; Eric Rosengren; and Daniel K. Tarullo. Voting against the action was Esther L. George, who preferred at this meeting to raise the target range for the federal funds rate to 1/2 to 3/4 percent. Implementation Note issued March 16, 2016",Preferred a 25bp increase while the committee held
2016-03-16,James Bullard,FOR,HOLD,CONCUR,HOLD,0,VOTE_ACTION_PROXY,https://www.federalreserve.gov/newsevents/pressreleases/monetary20160316a.htm,raw/statements/monetary20160316a.htm,"Voting for the FOMC monetary policy action were: Janet L. Yellen, Chair; William C. Dudley, Vice Chairman; Lael Brainard; James Bullard; Stanley Fischer; Loretta J. Mester; Jerome H. Powell; Eric Rosengren; and Daniel K. Tarullo. Voting against the action was Esther L. George, who preferred at this meeting to raise the target range for the federal funds rate to 1/2 to 3/4 percent. Implementation Note issued March 16, 2016","Concurrence proves support for the action, not ideology"
2016-03-16,Janet L. Yellen,FOR,HOLD,CONCUR,HOLD,0,VOTE_ACTION_PROXY,https://www.federalreserve.gov/newsevents/pressreleases/monetary20160316a.htm,raw/statements/monetary20160316a.htm,"Voting for the FOMC monetary policy action were: Janet L. Yellen, Chair; William C. Dudley, Vice Chairman; Lael Brainard; James Bullard; Stanley Fischer; Loretta J. Mester; Jerome H. Powell; Eric Rosengren; and Daniel K. Tarullo. Voting against the action was Esther L. George, who preferred at this meeting to raise the target range for the federal funds rate to 1/2 to 3/4 percent. Implementation Note issued March 16, 2016","Concurrence proves support for the action, not ideology"
2016-03-16,Jerome H. Powell,FOR,HOLD,CONCUR,HOLD,0,VOTE_ACTION_PROXY,https://www.federalreserve.gov/newsevents/pressreleases/monetary20160316a.htm,raw/statements/monetary20160316a.htm,"Voting for the FOMC monetary policy action were: Janet L. Yellen, Chair; William C. Dudley, Vice Chairman; Lael Brainard; James Bullard; Stanley Fischer; Loretta J. Mester; Jerome H. Powell; Eric Rosengren; and Daniel K. Tarullo. Voting against the action was Esther L. George, who preferred at this meeting to raise the target range for the federal funds rate to 1/2 to 3/4 percent. Implementation Note issued March 16, 2016","Concurrence proves support for the action, not ideology"
2016-03-16,Lael Brainard,FOR,HOLD,CONCUR,HOLD,0,VOTE_ACTION_PROXY,https://www.federalreserve.gov/newsevents/pressreleases/monetary20160316a.htm,raw/statements/monetary20160316a.htm,"Voting for the FOMC monetary policy action were: Janet L. Yellen, Chair; William C. Dudley, Vice Chairman; Lael Brainard; James Bullard; Stanley Fischer; Loretta J. Mester; Jerome H. Powell; Eric Rosengren; and Daniel K. Tarullo. Voting against the action was Esther L. George, who preferred at this meeting to raise the target range for the federal funds rate to 1/2 to 3/4 percent. Implementation Note issued March 16, 2016","Concurrence proves support for the action, not ideology"
2016-03-16,Loretta J. Mester,FOR,HOLD,CONCUR,HOLD,0,VOTE_ACTION_PROXY,https://www.federalreserve.gov/newsevents/pressreleases/monetary20160316a.htm,raw/statements/monetary20160316a.htm,"Voting for the FOMC monetary policy action were: Janet L. Yellen, Chair; William C. Dudley, Vice Chairman; Lael Brainard; James Bullard; Stanley Fischer; Loretta J. Mester; Jerome H. Powell; Eric Rosengren; and Daniel K. Tarullo. Voting against the action was Esther L. George, who preferred at this meeting to raise the target range for the federal funds rate to 1/2 to 3/4 percent. Implementation Note issued March 16, 2016","Concurrence proves support for the action, not ideology"
2016-03-16,Stanley Fischer,FOR,HOLD,CONCUR,HOLD,0,VOTE_ACTION_PROXY,https://www.federalreserve.gov/newsevents/pressreleases/monetary20160316a.htm,raw/statements/monetary20160316a.htm,"Voting for the FOMC monetary policy action were: Janet L. Yellen, Chair; William C. Dudley, Vice Chairman; Lael Brainard; James Bullard; Stanley Fischer; Loretta J. Mester; Jerome H. Powell; Eric Rosengren; and Daniel K. Tarullo. Voting against the action was Esther L. George, who preferred at this meeting to raise the target range for the federal funds rate to 1/2 to 3/4 percent. Implementation Note issued March 16, 2016","Concurrence proves support for the action, not ideology"
2016-03-16,William C. Dudley,FOR,HOLD,CONCUR,HOLD,0,VOTE_ACTION_PROXY,https://www.federalreserve.gov/newsevents/pressreleases/monetary20160316a.htm,raw/statements/monetary20160316a.htm,"Voting for the FOMC monetary policy action were: Janet L. Yellen, Chair; William C. Dudley, Vice Chairman; Lael Brainard; James Bullard; Stanley Fischer; Loretta J. Mester; Jerome H. Powell; Eric Rosengren; and Daniel K. Tarullo. Voting against the action was Esther L. George, who preferred at this meeting to raise the target range for the federal funds rate to 1/2 to 3/4 percent. Implementation Note issued March 16, 2016","Concurrence proves support for the action, not ideology"
2016-04-27,Daniel K. Tarullo,FOR,HOLD,CONCUR,HOLD,0,VOTE_ACTION_PROXY,https://www.federalreserve.gov/newsevents/pressreleases/monetary20160427a.htm,raw/statements/monetary20160427a.htm,"Voting for the FOMC monetary policy action were: Janet L. Yellen, Chair; William C. Dudley, Vice Chairman; Lael Brainard; James Bullard; Stanley Fischer; Loretta J. Mester; Jerome H. Powell; Eric Rosengren; and Daniel K. Tarullo. Voting against the action was Esther L. George, who preferred at this meeting to raise the target range for the federal funds rate to 1/2 to 3/4 percent. Implementation Note issued April 27, 2016","Concurrence proves support for the action, not ideology"
2016-04-27,Eric S. Rosengren,FOR,HOLD,CONCUR,HOLD,0,VOTE_ACTION_PROXY,https://www.federalreserve.gov/newsevents/pressreleases/monetary20160427a.htm,raw/statements/monetary20160427a.htm,"Voting for the FOMC monetary policy action were: Janet L. Yellen, Chair; William C. Dudley, Vice Chairman; Lael Brainard; James Bullard; Stanley Fischer; Loretta J. Mester; Jerome H. Powell; Eric Rosengren; and Daniel K. Tarullo. Voting against the action was Esther L. George, who preferred at this meeting to raise the target range for the federal funds rate to 1/2 to 3/4 percent. Implementation Note issued April 27, 2016","Concurrence proves support for the action, not ideology"
2016-04-27,Esther L. George,AGAINST,HOLD,TIGHTER,HIKE_25BP,2,VOTE_DISSENT,https://www.federalreserve.gov/newsevents/pressreleases/monetary20160427a.htm,raw/statements/monetary20160427a.htm,"Voting for the FOMC monetary policy action were: Janet L. Yellen, Chair; William C. Dudley, Vice Chairman; Lael Brainard; James Bullard; Stanley Fischer; Loretta J. Mester; Jerome H. Powell; Eric Rosengren; and Daniel K. Tarullo. Voting against the action was Esther L. George, who preferred at this meeting to raise the target range for the federal funds rate to 1/2 to 3/4 percent. Implementation Note issued April 27, 2016",Preferred a 25bp increase while the committee held
2016-04-27,James Bullard,FOR,HOLD,CONCUR,HOLD,0,VOTE_ACTION_PROXY,https://www.federalreserve.gov/newsevents/pressreleases/monetary20160427a.htm,raw/statements/monetary20160427a.htm,"Voting for the FOMC monetary policy action were: Janet L. Yellen, Chair; William C. Dudley, Vice Chairman; Lael Brainard; James Bullard; Stanley Fischer; Loretta J. Mester; Jerome H. Powell; Eric Rosengren; and Daniel K. Tarullo. Voting against the action was Esther L. George, who preferred at this meeting to raise the target range for the federal funds rate to 1/2 to 3/4 percent. Implementation Note issued April 27, 2016","Concurrence proves support for the action, not ideology"
2016-04-27,Janet L. Yellen,FOR,HOLD,CONCUR,HOLD,0,VOTE_ACTION_PROXY,https://www.federalreserve.gov/newsevents/pressreleases/monetary20160427a.htm,raw/statements/monetary20160427a.htm,"Voting for the FOMC monetary policy action were: Janet L. Yellen, Chair; William C. Dudley, Vice Chairman; Lael Brainard; James Bullard; Stanley Fischer; Loretta J. Mester; Jerome H. Powell; Eric Rosengren; and Daniel K. Tarullo. Voting against the action was Esther L. George, who preferred at this meeting to raise the target range for the federal funds rate to 1/2 to 3/4 percent. Implementation Note issued April 27, 2016","Concurrence proves support for the action, not ideology"
2016-04-27,Jerome H. Powell,FOR,HOLD,CONCUR,HOLD,0,VOTE_ACTION_PROXY,https://www.federalreserve.gov/newsevents/pressreleases/monetary20160427a.htm,raw/statements/monetary20160427a.htm,"Voting for the FOMC monetary policy action were: Janet L. Yellen, Chair; William C. Dudley, Vice Chairman; Lael Brainard; James Bullard; Stanley Fischer; Loretta J. Mester; Jerome H. Powell; Eric Rosengren; and Daniel K. Tarullo. Voting against the action was Esther L. George, who preferred at this meeting to raise the target range for the federal funds rate to 1/2 to 3/4 percent. Implementation Note issued April 27, 2016","Concurrence proves support for the action, not ideology"
2016-04-27,Lael Brainard,FOR,HOLD,CONCUR,HOLD,0,VOTE_ACTION_PROXY,https://www.federalreserve.gov/newsevents/pressreleases/monetary20160427a.htm,raw/statements/monetary20160427a.htm,"Voting for the FOMC monetary policy action were: Janet L. Yellen, Chair; William C. Dudley, Vice Chairman; Lael Brainard; James Bullard; Stanley Fischer; Loretta J. Mester; Jerome H. Powell; Eric Rosengren; and Daniel K. Tarullo. Voting against the action was Esther L. George, who preferred at this meeting to raise the target range for the federal funds rate to 1/2 to 3/4 percent. Implementation Note issued April 27, 2016","Concurrence proves support for the action, not ideology"
2016-04-27,Loretta J. Mester,FOR,HOLD,CONCUR,HOLD,0,VOTE_ACTION_PROXY,https://www.federalreserve.gov/newsevents/pressreleases/monetary20160427a.htm,raw/statements/monetary20160427a.htm,"Voting for the FOMC monetary policy action were: Janet L. Yellen, Chair; William C. Dudley, Vice Chairman; Lael Brainard; James Bullard; Stanley Fischer; Loretta J. Mester; Jerome H. Powell; Eric Rosengren; and Daniel K. Tarullo. Voting against the action was Esther L. George, who preferred at this meeting to raise the target range for the federal funds rate to 1/2 to 3/4 percent. Implementation Note issued April 27, 2016","Concurrence proves support for the action, not ideology"
2016-04-27,Stanley Fischer,FOR,HOLD,CONCUR,HOLD,0,VOTE_ACTION_PROXY,https://www.federalreserve.gov/newsevents/pressreleases/monetary20160427a.htm,raw/statements/monetary20160427a.htm,"Voting for the FOMC monetary policy action were: Janet L. Yellen, Chair; William C. Dudley, Vice Chairman; Lael Brainard; James Bullard; Stanley Fischer; Loretta J. Mester; Jerome H. Powell; Eric Rosengren; and Daniel K. Tarullo. Voting against the action was Esther L. George, who preferred at this meeting to raise the target range for the federal funds rate to 1/2 to 3/4 percent. Implementation Note issued April 27, 2016","Concurrence proves support for the action, not ideology"
2016-04-27,William C. Dudley,FOR,HOLD,CONCUR,HOLD,0,VOTE_ACTION_PROXY,https://www.federalreserve.gov/newsevents/pressreleases/monetary20160427a.htm,raw/statements/monetary20160427a.htm,"Voting for the FOMC monetary policy action were: Janet L. Yellen, Chair; William C. Dudley, Vice Chairman; Lael Brainard; James Bullard; Stanley Fischer; Loretta J. Mester; Jerome H. Powell; Eric Rosengren; and Daniel K. Tarullo. Voting against the action was Esther L. George, who preferred at this meeting to raise the target range for the federal funds rate to 1/2 to 3/4 percent. Implementation Note issued April 27, 2016","Concurrence proves support for the action, not ideology"
2016-06-15,Eric S. Rosengren,FOR,HOLD,CONCUR,HOLD,0,VOTE_ACTION_PROXY,https://www.federalreserve.gov/newsevents/pressreleases/monetary20160615a.htm,raw/statements/monetary20160615a.htm,"Voting for the FOMC monetary policy action were: Janet L. Yellen, Chair; William C. Dudley, Vice Chairman; Lael Brainard; James Bullard; Stanley Fischer; Esther L. George; Loretta J. Mester; Jerome H. Powell; Eric Rosengren; and Daniel K. Tarullo. Implementation Note issued June 15, 2016","Concurrence proves support for the action, not ideology"
2016-06-15,Esther L. George,FOR,HOLD,CONCUR,HOLD,0,VOTE_ACTION_PROXY,https://www.federalreserve.gov/newsevents/pressreleases/monetary20160615a.htm,raw/statements/monetary20160615a.htm,"Voting for the FOMC monetary policy action were: Janet L. Yellen, Chair; William C. Dudley, Vice Chairman; Lael Brainard; James Bullard; Stanley Fischer; Esther L. George; Loretta J. Mester; Jerome H. Powell; Eric Rosengren; and Daniel K. Tarullo. Implementation Note issued June 15, 2016","Concurrence proves support for the action, not ideology"
2016-06-15,James Bullard,FOR,HOLD,CONCUR,HOLD,0,VOTE_ACTION_PROXY,https://www.federalreserve.gov/newsevents/pressreleases/monetary20160615a.htm,raw/statements/monetary20160615a.htm,"Voting for the FOMC monetary policy action were: Janet L. Yellen, Chair; William C. Dudley, Vice Chairman; Lael Brainard; James Bullard; Stanley Fischer; Esther L. George; Loretta J. Mester; Jerome H. Powell; Eric Rosengren; and Daniel K. Tarullo. Implementation Note issued June 15, 2016","Concurrence proves support for the action, not ideology"
2016-06-15,Janet L. Yellen,FOR,HOLD,CONCUR,HOLD,0,VOTE_ACTION_PROXY,https://www.federalreserve.gov/newsevents/pressreleases/monetary20160615a.htm,raw/statements/monetary20160615a.htm,"Voting for the FOMC monetary policy action were: Janet L. Yellen, Chair; William C. Dudley, Vice Chairman; Lael Brainard; James Bullard; Stanley Fischer; Esther L. George; Loretta J. Mester; Jerome H. Powell; Eric Rosengren; and Daniel K. Tarullo. Implementation Note issued June 15, 2016","Concurrence proves support for the action, not ideology"
2016-06-15,Jerome H. Powell,FOR,HOLD,CONCUR,HOLD,0,VOTE_ACTION_PROXY,https://www.federalreserve.gov/newsevents/pressreleases/monetary20160615a.htm,raw/statements/monetary20160615a.htm,"Voting for the FOMC monetary policy action were: Janet L. Yellen, Chair; William C. Dudley, Vice Chairman; Lael Brainard; James Bullard; Stanley Fischer; Esther L. George; Loretta J. Mester; Jerome H. Powell; Eric Rosengren; and Daniel K. Tarullo. Implementation Note issued June 15, 2016","Concurrence proves support for the action, not ideology"
2016-06-15,Lael Brainard,FOR,HOLD,CONCUR,HOLD,0,VOTE_ACTION_PROXY,https://www.federalreserve.gov/newsevents/pressreleases/monetary20160615a.htm,raw/statements/monetary20160615a.htm,"Voting for the FOMC monetary policy action were: Janet L. Yellen, Chair; William C. Dudley, Vice Chairman; Lael Brainard; James Bullard; Stanley Fischer; Esther L. George; Loretta J. Mester; Jerome H. Powell; Eric Rosengren; and Daniel K. Tarullo. Implementation Note issued June 15, 2016","Concurrence proves support for the action, not ideology"
2016-06-15,Loretta J. Mester,FOR,HOLD,CONCUR,HOLD,0,VOTE_ACTION_PROXY,https://www.federalreserve.gov/newsevents/pressreleases/monetary20160615a.htm,raw/statements/monetary20160615a.htm,"Voting for the FOMC monetary policy action were: Janet L. Yellen, Chair; William C. Dudley, Vice Chairman; Lael Brainard; James Bullard; Stanley Fischer; Esther L. George; Loretta J. Mester; Jerome H. Powell; Eric Rosengren; and Daniel K. Tarullo. Implementation Note issued June 15, 2016","Concurrence proves support for the action, not ideology"
2016-06-15,Stanley Fischer,FOR,HOLD,CONCUR,HOLD,0,VOTE_ACTION_PROXY,https://www.federalreserve.gov/newsevents/pressreleases/monetary20160615a.htm,raw/statements/monetary20160615a.htm,"Voting for the FOMC monetary policy action were: Janet L. Yellen, Chair; William C. Dudley, Vice Chairman; Lael Brainard; James Bullard; Stanley Fischer; Esther L. George; Loretta J. Mester; Jerome H. Powell; Eric Rosengren; and Daniel K. Tarullo. Implementation Note issued June 15, 2016","Concurrence proves support for the action, not ideology"
2016-06-15,William C. Dudley,FOR,HOLD,CONCUR,HOLD,0,VOTE_ACTION_PROXY,https://www.federalreserve.gov/newsevents/pressreleases/monetary20160615a.htm,raw/statements/monetary20160615a.htm,"Voting for the FOMC monetary policy action were: Janet L. Yellen, Chair; William C. Dudley, Vice Chairman; Lael Brainard; James Bullard; Stanley Fischer; Esther L. George; Loretta J. Mester; Jerome H. Powell; Eric Rosengren; and Daniel K. Tarullo. Implementation Note issued June 15, 2016","Concurrence proves support for the action, not ideology"
2016-07-27,Daniel K. Tarullo,FOR,HOLD,CONCUR,HOLD,0,VOTE_ACTION_PROXY,https://www.federalreserve.gov/newsevents/pressreleases/monetary20160727a.htm,raw/statements/monetary20160727a.htm,"Voting for the FOMC monetary policy action were: Janet L. Yellen, Chair; William C. Dudley, Vice Chairman; Lael Brainard; James Bullard; Stanley Fischer; Loretta J. Mester; Jerome H. Powell; Eric Rosengren; and Daniel K. Tarullo. Voting against the action was Esther L. George, who preferred at this meeting to raise the target range for the federal funds rate to 1/2 to 3/4 percent. Implementation Note issued July 27, 2016","Concurrence proves support for the action, not ideology"
2016-07-27,Eric S. Rosengren,FOR,HOLD,CONCUR,HOLD,0,VOTE_ACTION_PROXY,https://www.federalreserve.gov/newsevents/pressreleases/monetary20160727a.htm,raw/statements/monetary20160727a.htm,"Voting for the FOMC monetary policy action were: Janet L. Yellen, Chair; William C. Dudley, Vice Chairman; Lael Brainard; James Bullard; Stanley Fischer; Loretta J. Mester; Jerome H. Powell; Eric Rosengren; and Daniel K. Tarullo. Voting against the action was Esther L. George, who preferred at this meeting to raise the target range for the federal funds rate to 1/2 to 3/4 percent. Implementation Note issued July 27, 2016","Concurrence proves support for the action, not ideology"
2016-07-27,Esther L. George,AGAINST,HOLD,TIGHTER,HIKE_25BP,2,VOTE_DISSENT,https://www.federalreserve.gov/newsevents/pressreleases/monetary20160727a.htm,raw/statements/monetary20160727a.htm,"Voting for the FOMC monetary policy action were: Janet L. Yellen, Chair; William C. Dudley, Vice Chairman; Lael Brainard; James Bullard; Stanley Fischer; Loretta J. Mester; Jerome H. Powell; Eric Rosengren; and Daniel K. Tarullo. Voting against the action was Esther L. George, who preferred at this meeting to raise the target range for the federal funds rate to 1/2 to 3/4 percent. Implementation Note issued July 27, 2016",Preferred a 25bp increase while the committee held
2016-07-27,James Bullard,FOR,HOLD,CONCUR,HOLD,0,VOTE_ACTION_PROXY,https://www.federalreserve.gov/newsevents/pressreleases/monetary20160727a.htm,raw/statements/monetary20160727a.htm,"Voting for the FOMC monetary policy action were: Janet L. Yellen, Chair; William C. Dudley, Vice Chairman; Lael Brainard; James Bullard; Stanley Fischer; Loretta J. Mester; Jerome H. Powell; Eric Rosengren; and Daniel K. Tarullo. Voting against the action was Esther L. George, who preferred at this meeting to raise the target range for the federal funds rate to 1/2 to 3/4 percent. Implementation Note issued July 27, 2016","Concurrence proves support for the action, not ideology"
2016-07-27,Janet L. Yellen,FOR,HOLD,CONCUR,HOLD,0,VOTE_ACTION_PROXY,https://www.federalreserve.gov/newsevents/pressreleases/monetary20160727a.htm,raw/statements/monetary20160727a.htm,"Voting for the FOMC monetary policy action were: Janet L. Yellen, Chair; William C. Dudley, Vice Chairman; Lael Brainard; James Bullard; Stanley Fischer; Loretta J. Mester; Jerome H. Powell; Eric Rosengren; and Daniel K. Tarullo. Voting against the action was Esther L. George, who preferred at this meeting to raise the target range for the federal funds rate to 1/2 to 3/4 percent. Implementation Note issued July 27, 2016","Concurrence proves support for the action, not ideology"
2016-07-27,Jerome H. Powell,FOR,HOLD,CONCUR,HOLD,0,VOTE_ACTION_PROXY,https://www.federalreserve.gov/newsevents/pressreleases/monetary20160727a.htm,raw/statements/monetary20160727a.htm,"Voting for the FOMC monetary policy action were: Janet L. Yellen, Chair; William C. Dudley, Vice Chairman; Lael Brainard; James Bullard; Stanley Fischer; Loretta J. Mester; Jerome H. Powell; Eric Rosengren; and Daniel K. Tarullo. Voting against the action was Esther L. George, who preferred at this meeting to raise the target range for the federal funds rate to 1/2 to 3/4 percent. Implementation Note issued July 27, 2016","Concurrence proves support for the action, not ideology"
2016-07-27,Lael Brainard,FOR,HOLD,CONCUR,HOLD,0,VOTE_ACTION_PROXY,https://www.federalreserve.gov/newsevents/pressreleases/monetary20160727a.htm,raw/statements/monetary20160727a.htm,"Voting for the FOMC monetary policy action were: Janet L. Yellen, Chair; William C. Dudley, Vice Chairman; Lael Brainard; James Bullard; Stanley Fischer; Loretta J. Mester; Jerome H. Powell; Eric Rosengren; and Daniel K. Tarullo. Voting against the action was Esther L. George, who preferred at this meeting to raise the target range for the federal funds rate to 1/2 to 3/4 percent. Implementation Note issued July 27, 2016","Concurrence proves support for the action, not ideology"
2016-07-27,Loretta J. Mester,FOR,HOLD,CONCUR,HOLD,0,VOTE_ACTION_PROXY,https://www.federalreserve.gov/newsevents/pressreleases/monetary20160727a.htm,raw/statements/monetary20160727a.htm,"Voting for the FOMC monetary policy action were: Janet L. Yellen, Chair; William C. Dudley, Vice Chairman; Lael Brainard; James Bullard; Stanley Fischer; Loretta J. Mester; Jerome H. Powell; Eric Rosengren; and Daniel K. Tarullo. Voting against the action was Esther L. George, who preferred at this meeting to raise the target range for the federal funds rate to 1/2 to 3/4 percent. Implementation Note issued July 27, 2016","Concurrence proves support for the action, not ideology"
2016-07-27,Stanley Fischer,FOR,HOLD,CONCUR,HOLD,0,VOTE_ACTION_PROXY,https://www.federalreserve.gov/newsevents/pressreleases/monetary20160727a.htm,raw/statements/monetary20160727a.htm,"Voting for the FOMC monetary policy action were: Janet L. Yellen, Chair; William C. Dudley, Vice Chairman; Lael Brainard; James Bullard; Stanley Fischer; Loretta J. Mester; Jerome H. Powell; Eric Rosengren; and Daniel K. Tarullo. Voting against the action was Esther L. George, who preferred at this meeting to raise the target range for the federal funds rate to 1/2 to 3/4 percent. Implementation Note issued July 27, 2016","Concurrence proves support for the action, not ideology"
2016-07-27,William C. Dudley,FOR,HOLD,CONCUR,HOLD,0,VOTE_ACTION_PROXY,https://www.federalreserve.gov/newsevents/pressreleases/monetary20160727a.htm,raw/statements/monetary20160727a.htm,"Voting for the FOMC monetary policy action were: Janet L. Yellen, Chair; William C. Dudley, Vice Chairman; Lael Brainard; James Bullard; Stanley Fischer; Loretta J. Mester; Jerome H. Powell; Eric Rosengren; and Daniel K. Tarullo. Voting against the action was Esther L. George, who preferred at this meeting to raise the target range for the federal funds rate to 1/2 to 3/4 percent. Implementation Note issued July 27, 2016","Concurrence proves support for the action, not ideology"
2016-09-21,Daniel K. Tarullo,FOR,HOLD,CONCUR,HOLD,0,VOTE_ACTION_PROXY,https://www.federalreserve.gov/newsevents/pressreleases/monetary20160921a.htm,raw/statements/monetary20160921a.htm,"Voting for the FOMC monetary policy action were: Janet L. Yellen, Chair; William C. Dudley, Vice Chairman; Lael Brainard; James Bullard; Stanley Fischer; Jerome H. Powell; and Daniel K. Tarullo. Voting against the action were: Esther L. George, Loretta J. Mester, and Eric Rosengren, each of whom preferred at this meeting to raise the target range for the federal funds rate to 1/2 to 3/4 percent. Implementation Note issued September 21, 2016","Concurrence proves support for the action, not ideology"
2016-09-21,Eric S. Rosengren,AGAINST,HOLD,TIGHTER,HIKE_25BP,2,VOTE_DISSENT,https://www.federalreserve.gov/newsevents/pressreleases/monetary20160921a.htm,raw/statements/monetary20160921a.htm,"Voting for the FOMC monetary policy action were: Janet L. Yellen, Chair; William C. Dudley, Vice Chairman; Lael Brainard; James Bullard; Stanley Fischer; Jerome H. Powell; and Daniel K. Tarullo. Voting against the action were: Esther L. George, Loretta J. Mester, and Eric Rosengren, each of whom preferred at this meeting to raise the target range for the federal funds rate to 1/2 to 3/4 percent. Implementation Note issued September 21, 2016",Preferred a 25bp increase while the committee held
2016-09-21,Esther L. George,AGAINST,HOLD,TIGHTER,HIKE_25BP,2,VOTE_DISSENT,https://www.federalreserve.gov/newsevents/pressreleases/monetary20160921a.htm,raw/statements/monetary20160921a.htm,"Voting for the FOMC monetary policy action were: Janet L. Yellen, Chair; William C. Dudley, Vice Chairman; Lael Brainard; James Bullard; Stanley Fischer; Jerome H. Powell; and Daniel K. Tarullo. Voting against the action were: Esther L. George, Loretta J. Mester, and Eric Rosengren, each of whom preferred at this meeting to raise the target range for the federal funds rate to 1/2 to 3/4 percent. Implementation Note issued September 21, 2016",Preferred a 25bp increase while the committee held
2016-09-21,James Bullard,FOR,HOLD,CONCUR,HOLD,0,VOTE_ACTION_PROXY,https://www.federalreserve.gov/newsevents/pressreleases/monetary20160921a.htm,raw/statements/monetary20160921a.htm,"Voting for the FOMC monetary policy action were: Janet L. Yellen, Chair; William C. Dudley, Vice Chairman; Lael Brainard; James Bullard; Stanley Fischer; Jerome H. Powell; and Daniel K. Tarullo. Voting against the action were: Esther L. George, Loretta J. Mester, and Eric Rosengren, each of whom preferred at this meeting to raise the target range for the federal funds rate to 1/2 to 3/4 percent. Implementation Note issued September 21, 2016","Concurrence proves support for the action, not ideology"
2016-09-21,Janet L. Yellen,FOR,HOLD,CONCUR,HOLD,0,VOTE_ACTION_PROXY,https://www.federalreserve.gov/newsevents/pressreleases/monetary20160921a.htm,raw/statements/monetary20160921a.htm,"Voting for the FOMC monetary policy action were: Janet L. Yellen, Chair; William C. Dudley, Vice Chairman; Lael Brainard; James Bullard; Stanley Fischer; Jerome H. Powell; and Daniel K. Tarullo. Voting against the action were: Esther L. George, Loretta J. Mester, and Eric Rosengren, each of whom preferred at this meeting to raise the target range for the federal funds rate to 1/2 to 3/4 percent. Implementation Note issued September 21, 2016","Concurrence proves support for the action, not ideology"
2016-09-21,Jerome H. Powell,FOR,HOLD,CONCUR,HOLD,0,VOTE_ACTION_PROXY,https://www.federalreserve.gov/newsevents/pressreleases/monetary20160921a.htm,raw/statements/monetary20160921a.htm,"Voting for the FOMC monetary policy action were: Janet L. Yellen, Chair; William C. Dudley, Vice Chairman; Lael Brainard; James Bullard; Stanley Fischer; Jerome H. Powell; and Daniel K. Tarullo. Voting against the action were: Esther L. George, Loretta J. Mester, and Eric Rosengren, each of whom preferred at this meeting to raise the target range for the federal funds rate to 1/2 to 3/4 percent. Implementation Note issued September 21, 2016","Concurrence proves support for the action, not ideology"
2016-09-21,Lael Brainard,FOR,HOLD,CONCUR,HOLD,0,VOTE_ACTION_PROXY,https://www.federalreserve.gov/newsevents/pressreleases/monetary20160921a.htm,raw/statements/monetary20160921a.htm,"Voting for the FOMC monetary policy action were: Janet L. Yellen, Chair; William C. Dudley, Vice Chairman; Lael Brainard; James Bullard; Stanley Fischer; Jerome H. Powell; and Daniel K. Tarullo. Voting against the action were: Esther L. George, Loretta J. Mester, and Eric Rosengren, each of whom preferred at this meeting to raise the target range for the federal funds rate to 1/2 to 3/4 percent. Implementation Note issued September 21, 2016","Concurrence proves support for the action, not ideology"
2016-09-21,Loretta J. Mester,AGAINST,HOLD,TIGHTER,HIKE_25BP,2,VOTE_DISSENT,https://www.federalreserve.gov/newsevents/pressreleases/monetary20160921a.htm,raw/statements/monetary20160921a.htm,"Voting for the FOMC monetary policy action were: Janet L. Yellen, Chair; William C. Dudley, Vice Chairman; Lael Brainard; James Bullard; Stanley Fischer; Jerome H. Powell; and Daniel K. Tarullo. Voting against the action were: Esther L. George, Loretta J. Mester, and Eric Rosengren, each of whom preferred at this meeting to raise the target range for the federal funds rate to 1/2 to 3/4 percent. Implementation Note issued September 21, 2016",Preferred a 25bp increase while the committee held
2016-09-21,Stanley Fischer,FOR,HOLD,CONCUR,HOLD,0,VOTE_ACTION_PROXY,https://www.federalreserve.gov/newsevents/pressreleases/monetary20160921a.htm,raw/statements/monetary20160921a.htm,"Voting for the FOMC monetary policy action were: Janet L. Yellen, Chair; William C. Dudley, Vice Chairman; Lael Brainard; James Bullard; Stanley Fischer; Jerome H. Powell; and Daniel K. Tarullo. Voting against the action were: Esther L. George, Loretta J. Mester, and Eric Rosengren, each of whom preferred at this meeting to raise the target range for the federal funds rate to 1/2 to 3/4 percent. Implementation Note issued September 21, 2016","Concurrence proves support for the action, not ideology"
2016-09-21,William C. Dudley,FOR,HOLD,CONCUR,HOLD,0,VOTE_ACTION_PROXY,https://www.federalreserve.gov/newsevents/pressreleases/monetary20160921a.htm,raw/statements/monetary20160921a.htm,"Voting for the FOMC monetary policy action were: Janet L. Yellen, Chair; William C. Dudley, Vice Chairman; Lael Brainard; James Bullard; Stanley Fischer; Jerome H. Powell; and Daniel K. Tarullo. Voting against the action were: Esther L. George, Loretta J. Mester, and Eric Rosengren, each of whom preferred at this meeting to raise the target range for the federal funds rate to 1/2 to 3/4 percent. Implementation Note issued September 21, 2016","Concurrence proves support for the action, not ideology"
2016-11-02,Daniel K. Tarullo,FOR,HOLD,CONCUR,HOLD,0,VOTE_ACTION_PROXY,https://www.federalreserve.gov/newsevents/pressreleases/monetary20161102a.htm,raw/statements/monetary20161102a.htm,"Voting for the FOMC monetary policy action were: Janet L. Yellen, Chair; William C. Dudley, Vice Chairman; Lael Brainard; James Bullard; Stanley Fischer; Jerome H. Powell; Eric Rosengren; and Daniel K. Tarullo. Voting against the action were: Esther L. George and Loretta J. Mester, each of whom preferred at this meeting to raise the target range for the federal funds rate to 1/2 to 3/4 percent. Implementation Note issued November 2, 2016","Concurrence proves support for the action, not ideology"
2016-11-02,Eric S. Rosengren,FOR,HOLD,CONCUR,HOLD,0,VOTE_ACTION_PROXY,https://www.federalreserve.gov/newsevents/pressreleases/monetary20161102a.htm,raw/statements/monetary20161102a.htm,"Voting for the FOMC monetary policy action were: Janet L. Yellen, Chair; William C. Dudley, Vice Chairman; Lael Brainard; James Bullard; Stanley Fischer; Jerome H. Powell; Eric Rosengren; and Daniel K. Tarullo. Voting against the action were: Esther L. George and Loretta J. Mester, each of whom preferred at this meeting to raise the target range for the federal funds rate to 1/2 to 3/4 percent. Implementation Note issued November 2, 2016","Concurrence proves support for the action, not ideology"
2016-11-02,Esther L. George,AGAINST,HOLD,TIGHTER,HIKE_25BP,2,VOTE_DISSENT,https://www.federalreserve.gov/newsevents/pressreleases/monetary20161102a.htm,raw/statements/monetary20161102a.htm,"Voting for the FOMC monetary policy action were: Janet L. Yellen, Chair; William C. Dudley, Vice Chairman; Lael Brainard; James Bullard; Stanley Fischer; Jerome H. Powell; Eric Rosengren; and Daniel K. Tarullo. Voting against the action were: Esther L. George and Loretta J. Mester, each of whom preferred at this meeting to raise the target range for the federal funds rate to 1/2 to 3/4 percent. Implementation Note issued November 2, 2016",Preferred a 25bp increase while the committee held
2016-11-02,James Bullard,FOR,HOLD,CONCUR,HOLD,0,VOTE_ACTION_PROXY,https://www.federalreserve.gov/newsevents/pressreleases/monetary20161102a.htm,raw/statements/monetary20161102a.htm,"Voting for the FOMC monetary policy action were: Janet L. Yellen, Chair; William C. Dudley, Vice Chairman; Lael Brainard; James Bullard; Stanley Fischer; Jerome H. Powell; Eric Rosengren; and Daniel K. Tarullo. Voting against the action were: Esther L. George and Loretta J. Mester, each of whom preferred at this meeting to raise the target range for the federal funds rate to 1/2 to 3/4 percent. Implementation Note issued November 2, 2016","Concurrence proves support for the action, not ideology"
2016-11-02,Janet L. Yellen,FOR,HOLD,CONCUR,HOLD,0,VOTE_ACTION_PROXY,https://www.federalreserve.gov/newsevents/pressreleases/monetary20161102a.htm,raw/statements/monetary20161102a.htm,"Voting for the FOMC monetary policy action were: Janet L. Yellen, Chair; William C. Dudley, Vice Chairman; Lael Brainard; James Bullard; Stanley Fischer; Jerome H. Powell; Eric Rosengren; and Daniel K. Tarullo. Voting against the action were: Esther L. George and Loretta J. Mester, each of whom preferred at this meeting to raise the target range for the federal funds rate to 1/2 to 3/4 percent. Implementation Note issued November 2, 2016","Concurrence proves support for the action, not ideology"
2016-11-02,Jerome H. Powell,FOR,HOLD,CONCUR,HOLD,0,VOTE_ACTION_PROXY,https://www.federalreserve.gov/newsevents/pressreleases/monetary20161102a.htm,raw/statements/monetary20161102a.htm,"Voting for the FOMC monetary policy action were: Janet L. Yellen, Chair; William C. Dudley, Vice Chairman; Lael Brainard; James Bullard; Stanley Fischer; Jerome H. Powell; Eric Rosengren; and Daniel K. Tarullo. Voting against the action were: Esther L. George and Loretta J. Mester, each of whom preferred at this meeting to raise the target range for the federal funds rate to 1/2 to 3/4 percent. Implementation Note issued November 2, 2016","Concurrence proves support for the action, not ideology"
2016-11-02,Lael Brainard,FOR,HOLD,CONCUR,HOLD,0,VOTE_ACTION_PROXY,https://www.federalreserve.gov/newsevents/pressreleases/monetary20161102a.htm,raw/statements/monetary20161102a.htm,"Voting for the FOMC monetary policy action were: Janet L. Yellen, Chair; William C. Dudley, Vice Chairman; Lael Brainard; James Bullard; Stanley Fischer; Jerome H. Powell; Eric Rosengren; and Daniel K. Tarullo. Voting against the action were: Esther L. George and Loretta J. Mester, each of whom preferred at this meeting to raise the target range for the federal funds rate to 1/2 to 3/4 percent. Implementation Note issued November 2, 2016","Concurrence proves support for the action, not ideology"
2016-11-02,Loretta J. Mester,AGAINST,HOLD,TIGHTER,HIKE_25BP,2,VOTE_DISSENT,https://www.federalreserve.gov/newsevents/pressreleases/monetary20161102a.htm,raw/statements/monetary20161102a.htm,"Voting for the FOMC monetary policy action were: Janet L. Yellen, Chair; William C. Dudley, Vice Chairman; Lael Brainard; James Bullard; Stanley Fischer; Jerome H. Powell; Eric Rosengren; and Daniel K. Tarullo. Voting against the action were: Esther L. George and Loretta J. Mester, each of whom preferred at this meeting to raise the target range for the federal funds rate to 1/2 to 3/4 percent. Implementation Note issued November 2, 2016",Preferred a 25bp increase while the committee held
2016-11-02,Stanley Fischer,FOR,HOLD,CONCUR,HOLD,0,VOTE_ACTION_PROXY,https://www.federalreserve.gov/newsevents/pressreleases/monetary20161102a.htm,raw/statements/monetary20161102a.htm,"Voting for the FOMC monetary policy action were: Janet L. Yellen, Chair; William C. Dudley, Vice Chairman; Lael Brainard; James Bullard; Stanley Fischer; Jerome H. Powell; Eric Rosengren; and Daniel K. Tarullo. Voting against the action were: Esther L. George and Loretta J. Mester, each of whom preferred at this meeting to raise the target range for the federal funds rate to 1/2 to 3/4 percent. Implementation Note issued November 2, 2016","Concurrence proves support for the action, not ideology"
2016-11-02,William C. Dudley,FOR,HOLD,CONCUR,HOLD,0,VOTE_ACTION_PROXY,https://www.federalreserve.gov/newsevents/pressreleases/monetary20161102a.htm,raw/statements/monetary20161102a.htm,"Voting for the FOMC monetary policy action were: Janet L. Yellen, Chair; William C. Dudley, Vice Chairman; Lael Brainard; James Bullard; Stanley Fischer; Jerome H. Powell; Eric Rosengren; and Daniel K. Tarullo. Voting against the action were: Esther L. George and Loretta J. Mester, each of whom preferred at this meeting to raise the target range for the federal funds rate to 1/2 to 3/4 percent. Implementation Note issued November 2, 2016","Concurrence proves support for the action, not ideology"
2016-12-14,Eric S. Rosengren,FOR,HIKE,CONCUR,HIKE,1,VOTE_ACTION_PROXY,https://www.federalreserve.gov/newsevents/pressreleases/monetary20161214a.htm,raw/statements/monetary20161214a.htm,"Voting for the FOMC monetary policy action were: Janet L. Yellen, Chair; William C. Dudley, Vice Chairman; Lael Brainard; James Bullard; Stanley Fischer; Esther L. George; Loretta J. Mester; Jerome H. Powell; Eric Rosengren; and Daniel K. Tarullo. Implementation Note issued December 14, 2016","Concurrence proves support for the action, not ideology"
2016-12-14,Esther L. George,FOR,HIKE,CONCUR,HIKE,1,VOTE_ACTION_PROXY,https://www.federalreserve.gov/newsevents/pressreleases/monetary20161214a.htm,raw/statements/monetary20161214a.htm,"Voting for the FOMC monetary policy action were: Janet L. Yellen, Chair; William C. Dudley, Vice Chairman; Lael Brainard; James Bullard; Stanley Fischer; Esther L. George; Loretta J. Mester; Jerome H. Powell; Eric Rosengren; and Daniel K. Tarullo. Implementation Note issued December 14, 2016","Concurrence proves support for the action, not ideology"
2016-12-14,James Bullard,FOR,HIKE,CONCUR,HIKE,1,VOTE_ACTION_PROXY,https://www.federalreserve.gov/newsevents/pressreleases/monetary20161214a.htm,raw/statements/monetary20161214a.htm,"Voting for the FOMC monetary policy action were: Janet L. Yellen, Chair; William C. Dudley, Vice Chairman; Lael Brainard; James Bullard; Stanley Fischer; Esther L. George; Loretta J. Mester; Jerome H. Powell; Eric Rosengren; and Daniel K. Tarullo. Implementation Note issued December 14, 2016","Concurrence proves support for the action, not ideology"
2016-12-14,Janet L. Yellen,FOR,HIKE,CONCUR,HIKE,1,VOTE_ACTION_PROXY,https://www.federalreserve.gov/newsevents/pressreleases/monetary20161214a.htm,raw/statements/monetary20161214a.htm,"Voting for the FOMC monetary policy action were: Janet L. Yellen, Chair; William C. Dudley, Vice Chairman; Lael Brainard; James Bullard; Stanley Fischer; Esther L. George; Loretta J. Mester; Jerome H. Powell; Eric Rosengren; and Daniel K. Tarullo. Implementation Note issued December 14, 2016","Concurrence proves support for the action, not ideology"
2016-12-14,Jerome H. Powell,FOR,HIKE,CONCUR,HIKE,1,VOTE_ACTION_PROXY,https://www.federalreserve.gov/newsevents/pressreleases/monetary20161214a.htm,raw/statements/monetary20161214a.htm,"Voting for the FOMC monetary policy action were: Janet L. Yellen, Chair; William C. Dudley, Vice Chairman; Lael Brainard; James Bullard; Stanley Fischer; Esther L. George; Loretta J. Mester; Jerome H. Powell; Eric Rosengren; and Daniel K. Tarullo. Implementation Note issued December 14, 2016","Concurrence proves support for the action, not ideology"
2016-12-14,Lael Brainard,FOR,HIKE,CONCUR,HIKE,1,VOTE_ACTION_PROXY,https://www.federalreserve.gov/newsevents/pressreleases/monetary20161214a.htm,raw/statements/monetary20161214a.htm,"Voting for the FOMC monetary policy action were: Janet L. Yellen, Chair; William C. Dudley, Vice Chairman; Lael Brainard; James Bullard; Stanley Fischer; Esther L. George; Loretta J. Mester; Jerome H. Powell; Eric Rosengren; and Daniel K. Tarullo. Implementation Note issued December 14, 2016","Concurrence proves support for the action, not ideology"
2016-12-14,Loretta J. Mester,FOR,HIKE,CONCUR,HIKE,1,VOTE_ACTION_PROXY,https://www.federalreserve.gov/newsevents/pressreleases/monetary20161214a.htm,raw/statements/monetary20161214a.htm,"Voting for the FOMC monetary policy action were: Janet L. Yellen, Chair; William C. Dudley, Vice Chairman; Lael Brainard; James Bullard; Stanley Fischer; Esther L. George; Loretta J. Mester; Jerome H. Powell; Eric Rosengren; and Daniel K. Tarullo. Implementation Note issued December 14, 2016","Concurrence proves support for the action, not ideology"
2016-12-14,Stanley Fischer,FOR,HIKE,CONCUR,HIKE,1,VOTE_ACTION_PROXY,https://www.federalreserve.gov/newsevents/pressreleases/monetary20161214a.htm,raw/statements/monetary20161214a.htm,"Voting for the FOMC monetary policy action were: Janet L. Yellen, Chair; William C. Dudley, Vice Chairman; Lael Brainard; James Bullard; Stanley Fischer; Esther L. George; Loretta J. Mester; Jerome H. Powell; Eric Rosengren; and Daniel K. Tarullo. Implementation Note issued December 14, 2016","Concurrence proves support for the action, not ideology"
2016-12-14,William C. Dudley,FOR,HIKE,CONCUR,HIKE,1,VOTE_ACTION_PROXY,https://www.federalreserve.gov/newsevents/pressreleases/monetary20161214a.htm,raw/statements/monetary20161214a.htm,"Voting for the FOMC monetary policy action were: Janet L. Yellen, Chair; William C. Dudley, Vice Chairman; Lael Brainard; James Bullard; Stanley Fischer; Esther L. George; Loretta J. Mester; Jerome H. Powell; Eric Rosengren; and Daniel K. Tarullo. Implementation Note issued December 14, 2016","Concurrence proves support for the action, not ideology"
2017-02-01,Charles L. Evans,FOR,HOLD,CONCUR,HOLD,0,VOTE_ACTION_PROXY,https://www.federalreserve.gov/newsevents/pressreleases/monetary20170201a.htm,raw/statements/monetary20170201a.htm,"Voting for the FOMC monetary policy action were: Janet L. Yellen, Chair; William C. Dudley, Vice Chairman; Lael Brainard; Charles L. Evans; Stanley Fischer; Patrick Harker; Robert S. Kaplan; Neel Kashkari; Jerome H. Powell; and Daniel K. Tarullo. Implementation Note issued February 1, 2017","Concurrence proves support for the action, not ideology"
2017-02-01,Janet L. Yellen,FOR,HOLD,CONCUR,HOLD,0,VOTE_ACTION_PROXY,https://www.federalreserve.gov/newsevents/pressreleases/monetary20170201a.htm,raw/statements/monetary20170201a.htm,"Voting for the FOMC monetary policy action were: Janet L. Yellen, Chair; William C. Dudley, Vice Chairman; Lael Brainard; Charles L. Evans; Stanley Fischer; Patrick Harker; Robert S. Kaplan; Neel Kashkari; Jerome H. Powell; and Daniel K. Tarullo. Implementation Note issued February 1, 2017","Concurrence proves support for the action, not ideology"
2017-02-01,Jerome H. Powell,FOR,HOLD,CONCUR,HOLD,0,VOTE_ACTION_PROXY,https://www.federalreserve.gov/newsevents/pressreleases/monetary20170201a.htm,raw/statements/monetary20170201a.htm,"Voting for the FOMC monetary policy action were: Janet L. Yellen, Chair; William C. Dudley, Vice Chairman; Lael Brainard; Charles L. Evans; Stanley Fischer; Patrick Harker; Robert S. Kaplan; Neel Kashkari; Jerome H. Powell; and Daniel K. Tarullo. Implementation Note issued February 1, 2017","Concurrence proves support for the action, not ideology"
2017-02-01,Lael Brainard,FOR,HOLD,CONCUR,HOLD,0,VOTE_ACTION_PROXY,https://www.federalreserve.gov/newsevents/pressreleases/monetary20170201a.htm,raw/statements/monetary20170201a.htm,"Voting for the FOMC monetary policy action were: Janet L. Yellen, Chair; William C. Dudley, Vice Chairman; Lael Brainard; Charles L. Evans; Stanley Fischer; Patrick Harker; Robert S. Kaplan; Neel Kashkari; Jerome H. Powell; and Daniel K. Tarullo. Implementation Note issued February 1, 2017","Concurrence proves support for the action, not ideology"
2017-02-01,Neel Kashkari,FOR,HOLD,CONCUR,HOLD,0,VOTE_ACTION_PROXY,https://www.federalreserve.gov/newsevents/pressreleases/monetary20170201a.htm,raw/statements/monetary20170201a.htm,"Voting for the FOMC monetary policy action were: Janet L. Yellen, Chair; William C. Dudley, Vice Chairman; Lael Brainard; Charles L. Evans; Stanley Fischer; Patrick Harker; Robert S. Kaplan; Neel Kashkari; Jerome H. Powell; and Daniel K. Tarullo. Implementation Note issued February 1, 2017","Concurrence proves support for the action, not ideology"
2017-02-01,Patrick Harker,FOR,HOLD,CONCUR,HOLD,0,VOTE_ACTION_PROXY,https://www.federalreserve.gov/newsevents/pressreleases/monetary20170201a.htm,raw/statements/monetary20170201a.htm,"Voting for the FOMC monetary policy action were: Janet L. Yellen, Chair; William C. Dudley, Vice Chairman; Lael Brainard; Charles L. Evans; Stanley Fischer; Patrick Harker; Robert S. Kaplan; Neel Kashkari; Jerome H. Powell; and Daniel K. Tarullo. Implementation Note issued February 1, 2017","Concurrence proves support for the action, not ideology"
2017-02-01,Robert S. Kaplan,FOR,HOLD,CONCUR,HOLD,0,VOTE_ACTION_PROXY,https://www.federalreserve.gov/newsevents/pressreleases/monetary20170201a.htm,raw/statements/monetary20170201a.htm,"Voting for the FOMC monetary policy action were: Janet L. Yellen, Chair; William C. Dudley, Vice Chairman; Lael Brainard; Charles L. Evans; Stanley Fischer; Patrick Harker; Robert S. Kaplan; Neel Kashkari; Jerome H. Powell; and Daniel K. Tarullo. Implementation Note issued February 1, 2017","Concurrence proves support for the action, not ideology"
2017-02-01,Stanley Fischer,FOR,HOLD,CONCUR,HOLD,0,VOTE_ACTION_PROXY,https://www.federalreserve.gov/newsevents/pressreleases/monetary20170201a.htm,raw/statements/monetary20170201a.htm,"Voting for the FOMC monetary policy action were: Janet L. Yellen, Chair; William C. Dudley, Vice Chairman; Lael Brainard; Charles L. Evans; Stanley Fischer; Patrick Harker; Robert S. Kaplan; Neel Kashkari; Jerome H. Powell; and Daniel K. Tarullo. Implementation Note issued February 1, 2017","Concurrence proves support for the action, not ideology"
2017-02-01,William C. Dudley,FOR,HOLD,CONCUR,HOLD,0,VOTE_ACTION_PROXY,https://www.federalreserve.gov/newsevents/pressreleases/monetary20170201a.htm,raw/statements/monetary20170201a.htm,"Voting for the FOMC monetary policy action were: Janet L. Yellen, Chair; William C. Dudley, Vice Chairman; Lael Brainard; Charles L. Evans; Stanley Fischer; Patrick Harker; Robert S. Kaplan; Neel Kashkari; Jerome H. Powell; and Daniel K. Tarullo. Implementation Note issued February 1, 2017","Concurrence proves support for the action, not ideology"
2017-03-15,Charles L. Evans,FOR,HIKE,CONCUR,HIKE,1,VOTE_ACTION_PROXY,https://www.federalreserve.gov/newsevents/pressreleases/monetary20170315a.htm,raw/statements/monetary20170315a.htm,"Voting for the FOMC monetary policy action were: Janet L. Yellen, Chair; William C. Dudley, Vice Chairman; Lael Brainard; Charles L. Evans; Stanley Fischer; Patrick Harker; Robert S. Kaplan; Jerome H. Powell; and Daniel K. Tarullo. Voting against the action was Neel Kashkari, who preferred at this meeting to maintain the existing target range for the federal funds rate. Implementation Note issued March 15, 2017","Concurrence proves support for the action, not ideology"
2017-03-15,Daniel K. Tarullo,FOR,HIKE,CONCUR,HIKE,1,VOTE_ACTION_PROXY,https://www.federalreserve.gov/newsevents/pressreleases/monetary20170315a.htm,raw/statements/monetary20170315a.htm,"Voting for the FOMC monetary policy action were: Janet L. Yellen, Chair; William C. Dudley, Vice Chairman; Lael Brainard; Charles L. Evans; Stanley Fischer; Patrick Harker; Robert S. Kaplan; Jerome H. Powell; and Daniel K. Tarullo. Voting against the action was Neel Kashkari, who preferred at this meeting to maintain the existing target range for the federal funds rate. Implementation Note issued March 15, 2017","Concurrence proves support for the action, not ideology"
2017-03-15,Janet L. Yellen,FOR,HIKE,CONCUR,HIKE,1,VOTE_ACTION_PROXY,https://www.federalreserve.gov/newsevents/pressreleases/monetary20170315a.htm,raw/statements/monetary20170315a.htm,"Voting for the FOMC monetary policy action were: Janet L. Yellen, Chair; William C. Dudley, Vice Chairman; Lael Brainard; Charles L. Evans; Stanley Fischer; Patrick Harker; Robert S. Kaplan; Jerome H. Powell; and Daniel K. Tarullo. Voting against the action was Neel Kashkari, who preferred at this meeting to maintain the existing target range for the federal funds rate. Implementation Note issued March 15, 2017","Concurrence proves support for the action, not ideology"
2017-03-15,Jerome H. Powell,FOR,HIKE,CONCUR,HIKE,1,VOTE_ACTION_PROXY,https://www.federalreserve.gov/newsevents/pressreleases/monetary20170315a.htm,raw/statements/monetary20170315a.htm,"Voting for the FOMC monetary policy action were: Janet L. Yellen, Chair; William C. Dudley, Vice Chairman; Lael Brainard; Charles L. Evans; Stanley Fischer; Patrick Harker; Robert S. Kaplan; Jerome H. Powell; and Daniel K. Tarullo. Voting against the action was Neel Kashkari, who preferred at this meeting to maintain the existing target range for the federal funds rate. Implementation Note issued March 15, 2017","Concurrence proves support for the action, not ideology"
2017-03-15,Lael Brainard,FOR,HIKE,CONCUR,HIKE,1,VOTE_ACTION_PROXY,https://www.federalreserve.gov/newsevents/pressreleases/monetary20170315a.htm,raw/statements/monetary20170315a.htm,"Voting for the FOMC monetary policy action were: Janet L. Yellen, Chair; William C. Dudley, Vice Chairman; Lael Brainard; Charles L. Evans; Stanley Fischer; Patrick Harker; Robert S. Kaplan; Jerome H. Powell; and Daniel K. Tarullo. Voting against the action was Neel Kashkari, who preferred at this meeting to maintain the existing target range for the federal funds rate. Implementation Note issued March 15, 2017","Concurrence proves support for the action, not ideology"
2017-03-15,Neel Kashkari,AGAINST,HIKE,EASIER,HOLD,-2,VOTE_DISSENT,https://www.federalreserve.gov/newsevents/pressreleases/monetary20170315a.htm,raw/statements/monetary20170315a.htm,"Voting for the FOMC monetary policy action were: Janet L. Yellen, Chair; William C. Dudley, Vice Chairman; Lael Brainard; Charles L. Evans; Stanley Fischer; Patrick Harker; Robert S. Kaplan; Jerome H. Powell; and Daniel K. Tarullo. Voting against the action was Neel Kashkari, who preferred at this meeting to maintain the existing target range for the federal funds rate. Implementation Note issued March 15, 2017",Preferred no hike while the committee raised 25bp
2017-03-15,Patrick Harker,FOR,HIKE,CONCUR,HIKE,1,VOTE_ACTION_PROXY,https://www.federalreserve.gov/newsevents/pressreleases/monetary20170315a.htm,raw/statements/monetary20170315a.htm,"Voting for the FOMC monetary policy action were: Janet L. Yellen, Chair; William C. Dudley, Vice Chairman; Lael Brainard; Charles L. Evans; Stanley Fischer; Patrick Harker; Robert S. Kaplan; Jerome H. Powell; and Daniel K. Tarullo. Voting against the action was Neel Kashkari, who preferred at this meeting to maintain the existing target range for the federal funds rate. Implementation Note issued March 15, 2017","Concurrence proves support for the action, not ideology"
2017-03-15,Robert S. Kaplan,FOR,HIKE,CONCUR,HIKE,1,VOTE_ACTION_PROXY,https://www.federalreserve.gov/newsevents/pressreleases/monetary20170315a.htm,raw/statements/monetary20170315a.htm,"Voting for the FOMC monetary policy action were: Janet L. Yellen, Chair; William C. Dudley, Vice Chairman; Lael Brainard; Charles L. Evans; Stanley Fischer; Patrick Harker; Robert S. Kaplan; Jerome H. Powell; and Daniel K. Tarullo. Voting against the action was Neel Kashkari, who preferred at this meeting to maintain the existing target range for the federal funds rate. Implementation Note issued March 15, 2017","Concurrence proves support for the action, not ideology"
2017-03-15,Stanley Fischer,FOR,HIKE,CONCUR,HIKE,1,VOTE_ACTION_PROXY,https://www.federalreserve.gov/newsevents/pressreleases/monetary20170315a.htm,raw/statements/monetary20170315a.htm,"Voting for the FOMC monetary policy action were: Janet L. Yellen, Chair; William C. Dudley, Vice Chairman; Lael Brainard; Charles L. Evans; Stanley Fischer; Patrick Harker; Robert S. Kaplan; Jerome H. Powell; and Daniel K. Tarullo. Voting against the action was Neel Kashkari, who preferred at this meeting to maintain the existing target range for the federal funds rate. Implementation Note issued March 15, 2017","Concurrence proves support for the action, not ideology"
2017-03-15,William C. Dudley,FOR,HIKE,CONCUR,HIKE,1,VOTE_ACTION_PROXY,https://www.federalreserve.gov/newsevents/pressreleases/monetary20170315a.htm,raw/statements/monetary20170315a.htm,"Voting for the FOMC monetary policy action were: Janet L. Yellen, Chair; William C. Dudley, Vice Chairman; Lael Brainard; Charles L. Evans; Stanley Fischer; Patrick Harker; Robert S. Kaplan; Jerome H. Powell; and Daniel K. Tarullo. Voting against the action was Neel Kashkari, who preferred at this meeting to maintain the existing target range for the federal funds rate. Implementation Note issued March 15, 2017","Concurrence proves support for the action, not ideology"
2017-05-03,Charles L. Evans,FOR,HOLD,CONCUR,HOLD,0,VOTE_ACTION_PROXY,https://www.federalreserve.gov/newsevents/pressreleases/monetary20170503a.htm,raw/statements/monetary20170503a.htm,"Voting for the FOMC monetary policy action were: Janet L. Yellen, Chair; William C. Dudley, Vice Chairman; Lael Brainard; Charles L. Evans; Stanley Fischer; Patrick Harker; Robert S. Kaplan; Neel Kashkari; and Jerome H. Powell. Implementation Note issued May 3, 2017","Concurrence proves support for the action, not ideology"
2017-05-03,Janet L. Yellen,FOR,HOLD,CONCUR,HOLD,0,VOTE_ACTION_PROXY,https://www.federalreserve.gov/newsevents/pressreleases/monetary20170503a.htm,raw/statements/monetary20170503a.htm,"Voting for the FOMC monetary policy action were: Janet L. Yellen, Chair; William C. Dudley, Vice Chairman; Lael Brainard; Charles L. Evans; Stanley Fischer; Patrick Harker; Robert S. Kaplan; Neel Kashkari; and Jerome H. Powell. Implementation Note issued May 3, 2017","Concurrence proves support for the action, not ideology"
2017-05-03,Lael Brainard,FOR,HOLD,CONCUR,HOLD,0,VOTE_ACTION_PROXY,https://www.federalreserve.gov/newsevents/pressreleases/monetary20170503a.htm,raw/statements/monetary20170503a.htm,"Voting for the FOMC monetary policy action were: Janet L. Yellen, Chair; William C. Dudley, Vice Chairman; Lael Brainard; Charles L. Evans; Stanley Fischer; Patrick Harker; Robert S. Kaplan; Neel Kashkari; and Jerome H. Powell. Implementation Note issued May 3, 2017","Concurrence proves support for the action, not ideology"
2017-05-03,Neel Kashkari,FOR,HOLD,CONCUR,HOLD,0,VOTE_ACTION_PROXY,https://www.federalreserve.gov/newsevents/pressreleases/monetary20170503a.htm,raw/statements/monetary20170503a.htm,"Voting for the FOMC monetary policy action were: Janet L. Yellen, Chair; William C. Dudley, Vice Chairman; Lael Brainard; Charles L. Evans; Stanley Fischer; Patrick Harker; Robert S. Kaplan; Neel Kashkari; and Jerome H. Powell. Implementation Note issued May 3, 2017","Concurrence proves support for the action, not ideology"
2017-05-03,Patrick Harker,FOR,HOLD,CONCUR,HOLD,0,VOTE_ACTION_PROXY,https://www.federalreserve.gov/newsevents/pressreleases/monetary20170503a.htm,raw/statements/monetary20170503a.htm,"Voting for the FOMC monetary policy action were: Janet L. Yellen, Chair; William C. Dudley, Vice Chairman; Lael Brainard; Charles L. Evans; Stanley Fischer; Patrick Harker; Robert S. Kaplan; Neel Kashkari; and Jerome H. Powell. Implementation Note issued May 3, 2017","Concurrence proves support for the action, not ideology"
2017-05-03,Robert S. Kaplan,FOR,HOLD,CONCUR,HOLD,0,VOTE_ACTION_PROXY,https://www.federalreserve.gov/newsevents/pressreleases/monetary20170503a.htm,raw/statements/monetary20170503a.htm,"Voting for the FOMC monetary policy action were: Janet L. Yellen, Chair; William C. Dudley, Vice Chairman; Lael Brainard; Charles L. Evans; Stanley Fischer; Patrick Harker; Robert S. Kaplan; Neel Kashkari; and Jerome H. Powell. Implementation Note issued May 3, 2017","Concurrence proves support for the action, not ideology"
2017-05-03,Stanley Fischer,FOR,HOLD,CONCUR,HOLD,0,VOTE_ACTION_PROXY,https://www.federalreserve.gov/newsevents/pressreleases/monetary20170503a.htm,raw/statements/monetary20170503a.htm,"Voting for the FOMC monetary policy action were: Janet L. Yellen, Chair; William C. Dudley, Vice Chairman; Lael Brainard; Charles L. Evans; Stanley Fischer; Patrick Harker; Robert S. Kaplan; Neel Kashkari; and Jerome H. Powell. Implementation Note issued May 3, 2017","Concurrence proves support for the action, not ideology"
2017-05-03,William C. Dudley,FOR,HOLD,CONCUR,HOLD,0,VOTE_ACTION_PROXY,https://www.federalreserve.gov/newsevents/pressreleases/monetary20170503a.htm,raw/statements/monetary20170503a.htm,"Voting for the FOMC monetary policy action were: Janet L. Yellen, Chair; William C. Dudley, Vice Chairman; Lael Brainard; Charles L. Evans; Stanley Fischer; Patrick Harker; Robert S. Kaplan; Neel Kashkari; and Jerome H. Powell. Implementation Note issued May 3, 2017","Concurrence proves support for the action, not ideology"
2017-06-14,Charles L. Evans,FOR,HIKE,CONCUR,HIKE,1,VOTE_ACTION_PROXY,https://www.federalreserve.gov/newsevents/pressreleases/monetary20170614a.htm,raw/statements/monetary20170614a.htm,"Voting for the FOMC monetary policy action were: Janet L. Yellen, Chair; William C. Dudley, Vice Chairman; Lael Brainard; Charles L. Evans; Stanley Fischer; Patrick Harker; Robert S. Kaplan; and Jerome H. Powell. Voting against the action was Neel Kashkari, who preferred at this meeting to maintain the existing target range for the federal funds rate. Implementation Note issued June 14, 2017","Concurrence proves support for the action, not ideology"
2017-06-14,Janet L. Yellen,FOR,HIKE,CONCUR,HIKE,1,VOTE_ACTION_PROXY,https://www.federalreserve.gov/newsevents/pressreleases/monetary20170614a.htm,raw/statements/monetary20170614a.htm,"Voting for the FOMC monetary policy action were: Janet L. Yellen, Chair; William C. Dudley, Vice Chairman; Lael Brainard; Charles L. Evans; Stanley Fischer; Patrick Harker; Robert S. Kaplan; and Jerome H. Powell. Voting against the action was Neel Kashkari, who preferred at this meeting to maintain the existing target range for the federal funds rate. Implementation Note issued June 14, 2017","Concurrence proves support for the action, not ideology"
2017-06-14,Jerome H. Powell,FOR,HIKE,CONCUR,HIKE,1,VOTE_ACTION_PROXY,https://www.federalreserve.gov/newsevents/pressreleases/monetary20170614a.htm,raw/statements/monetary20170614a.htm,"Voting for the FOMC monetary policy action were: Janet L. Yellen, Chair; William C. Dudley, Vice Chairman; Lael Brainard; Charles L. Evans; Stanley Fischer; Patrick Harker; Robert S. Kaplan; and Jerome H. Powell. Voting against the action was Neel Kashkari, who preferred at this meeting to maintain the existing target range for the federal funds rate. Implementation Note issued June 14, 2017","Concurrence proves support for the action, not ideology"
2017-06-14,Lael Brainard,FOR,HIKE,CONCUR,HIKE,1,VOTE_ACTION_PROXY,https://www.federalreserve.gov/newsevents/pressreleases/monetary20170614a.htm,raw/statements/monetary20170614a.htm,"Voting for the FOMC monetary policy action were: Janet L. Yellen, Chair; William C. Dudley, Vice Chairman; Lael Brainard; Charles L. Evans; Stanley Fischer; Patrick Harker; Robert S. Kaplan; and Jerome H. Powell. Voting against the action was Neel Kashkari, who preferred at this meeting to maintain the existing target range for the federal funds rate. Implementation Note issued June 14, 2017","Concurrence proves support for the action, not ideology"
2017-06-14,Neel Kashkari,AGAINST,HIKE,EASIER,HOLD,-2,VOTE_DISSENT,https://www.federalreserve.gov/newsevents/pressreleases/monetary20170614a.htm,raw/statements/monetary20170614a.htm,"Voting for the FOMC monetary policy action were: Janet L. Yellen, Chair; William C. Dudley, Vice Chairman; Lael Brainard; Charles L. Evans; Stanley Fischer; Patrick Harker; Robert S. Kaplan; and Jerome H. Powell. Voting against the action was Neel Kashkari, who preferred at this meeting to maintain the existing target range for the federal funds rate. Implementation Note issued June 14, 2017",Preferred no hike while the committee raised 25bp
2017-06-14,Patrick Harker,FOR,HIKE,CONCUR,HIKE,1,VOTE_ACTION_PROXY,https://www.federalreserve.gov/newsevents/pressreleases/monetary20170614a.htm,raw/statements/monetary20170614a.htm,"Voting for the FOMC monetary policy action were: Janet L. Yellen, Chair; William C. Dudley, Vice Chairman; Lael Brainard; Charles L. Evans; Stanley Fischer; Patrick Harker; Robert S. Kaplan; and Jerome H. Powell. Voting against the action was Neel Kashkari, who preferred at this meeting to maintain the existing target range for the federal funds rate. Implementation Note issued June 14, 2017","Concurrence proves support for the action, not ideology"
2017-06-14,Robert S. Kaplan,FOR,HIKE,CONCUR,HIKE,1,VOTE_ACTION_PROXY,https://www.federalreserve.gov/newsevents/pressreleases/monetary20170614a.htm,raw/statements/monetary20170614a.htm,"Voting for the FOMC monetary policy action were: Janet L. Yellen, Chair; William C. Dudley, Vice Chairman; Lael Brainard; Charles L. Evans; Stanley Fischer; Patrick Harker; Robert S. Kaplan; and Jerome H. Powell. Voting against the action was Neel Kashkari, who preferred at this meeting to maintain the existing target range for the federal funds rate. Implementation Note issued June 14, 2017","Concurrence proves support for the action, not ideology"
2017-06-14,Stanley Fischer,FOR,HIKE,CONCUR,HIKE,1,VOTE_ACTION_PROXY,https://www.federalreserve.gov/newsevents/pressreleases/monetary20170614a.htm,raw/statements/monetary20170614a.htm,"Voting for the FOMC monetary policy action were: Janet L. Yellen, Chair; William C. Dudley, Vice Chairman; Lael Brainard; Charles L. Evans; Stanley Fischer; Patrick Harker; Robert S. Kaplan; and Jerome H. Powell. Voting against the action was Neel Kashkari, who preferred at this meeting to maintain the existing target range for the federal funds rate. Implementation Note issued June 14, 2017","Concurrence proves support for the action, not ideology"
2017-06-14,William C. Dudley,FOR,HIKE,CONCUR,HIKE,1,VOTE_ACTION_PROXY,https://www.federalreserve.gov/newsevents/pressreleases/monetary20170614a.htm,raw/statements/monetary20170614a.htm,"Voting for the FOMC monetary policy action were: Janet L. Yellen, Chair; William C. Dudley, Vice Chairman; Lael Brainard; Charles L. Evans; Stanley Fischer; Patrick Harker; Robert S. Kaplan; and Jerome H. Powell. Voting against the action was Neel Kashkari, who preferred at this meeting to maintain the existing target range for the federal funds rate. Implementation Note issued June 14, 2017","Concurrence proves support for the action, not ideology"
2017-07-26,Charles L. Evans,FOR,HOLD,CONCUR,HOLD,0,VOTE_ACTION_PROXY,https://www.federalreserve.gov/newsevents/pressreleases/monetary20170726a.htm,raw/statements/monetary20170726a.htm,"Voting for the FOMC monetary policy action were: Janet L. Yellen, Chair; William C. Dudley, Vice Chairman; Lael Brainard; Charles L. Evans; Stanley Fischer; Patrick Harker; Robert S. Kaplan; Neel Kashkari; and Jerome H. Powell. Implementation Note issued July 26, 2017","Concurrence proves support for the action, not ideology"
2017-07-26,Janet L. Yellen,FOR,HOLD,CONCUR,HOLD,0,VOTE_ACTION_PROXY,https://www.federalreserve.gov/newsevents/pressreleases/monetary20170726a.htm,raw/statements/monetary20170726a.htm,"Voting for the FOMC monetary policy action were: Janet L. Yellen, Chair; William C. Dudley, Vice Chairman; Lael Brainard; Charles L. Evans; Stanley Fischer; Patrick Harker; Robert S. Kaplan; Neel Kashkari; and Jerome H. Powell. Implementation Note issued July 26, 2017","Concurrence proves support for the action, not ideology"
2017-07-26,Lael Brainard,FOR,HOLD,CONCUR,HOLD,0,VOTE_ACTION_PROXY,https://www.federalreserve.gov/newsevents/pressreleases/monetary20170726a.htm,raw/statements/monetary20170726a.htm,"Voting for the FOMC monetary policy action were: Janet L. Yellen, Chair; William C. Dudley, Vice Chairman; Lael Brainard; Charles L. Evans; Stanley Fischer; Patrick Harker; Robert S. Kaplan; Neel Kashkari; and Jerome H. Powell. Implementation Note issued July 26, 2017","Concurrence proves support for the action, not ideology"
2017-07-26,Neel Kashkari,FOR,HOLD,CONCUR,HOLD,0,VOTE_ACTION_PROXY,https://www.federalreserve.gov/newsevents/pressreleases/monetary20170726a.htm,raw/statements/monetary20170726a.htm,"Voting for the FOMC monetary policy action were: Janet L. Yellen, Chair; William C. Dudley, Vice Chairman; Lael Brainard; Charles L. Evans; Stanley Fischer; Patrick Harker; Robert S. Kaplan; Neel Kashkari; and Jerome H. Powell. Implementation Note issued July 26, 2017","Concurrence proves support for the action, not ideology"
2017-07-26,Patrick Harker,FOR,HOLD,CONCUR,HOLD,0,VOTE_ACTION_PROXY,https://www.federalreserve.gov/newsevents/pressreleases/monetary20170726a.htm,raw/statements/monetary20170726a.htm,"Voting for the FOMC monetary policy action were: Janet L. Yellen, Chair; William C. Dudley, Vice Chairman; Lael Brainard; Charles L. Evans; Stanley Fischer; Patrick Harker; Robert S. Kaplan; Neel Kashkari; and Jerome H. Powell. Implementation Note issued July 26, 2017","Concurrence proves support for the action, not ideology"
2017-07-26,Robert S. Kaplan,FOR,HOLD,CONCUR,HOLD,0,VOTE_ACTION_PROXY,https://www.federalreserve.gov/newsevents/pressreleases/monetary20170726a.htm,raw/statements/monetary20170726a.htm,"Voting for the FOMC monetary policy action were: Janet L. Yellen, Chair; William C. Dudley, Vice Chairman; Lael Brainard; Charles L. Evans; Stanley Fischer; Patrick Harker; Robert S. Kaplan; Neel Kashkari; and Jerome H. Powell. Implementation Note issued July 26, 2017","Concurrence proves support for the action, not ideology"
2017-07-26,Stanley Fischer,FOR,HOLD,CONCUR,HOLD,0,VOTE_ACTION_PROXY,https://www.federalreserve.gov/newsevents/pressreleases/monetary20170726a.htm,raw/statements/monetary20170726a.htm,"Voting for the FOMC monetary policy action were: Janet L. Yellen, Chair; William C. Dudley, Vice Chairman; Lael Brainard; Charles L. Evans; Stanley Fischer; Patrick Harker; Robert S. Kaplan; Neel Kashkari; and Jerome H. Powell. Implementation Note issued July 26, 2017","Concurrence proves support for the action, not ideology"
2017-07-26,William C. Dudley,FOR,HOLD,CONCUR,HOLD,0,VOTE_ACTION_PROXY,https://www.federalreserve.gov/newsevents/pressreleases/monetary20170726a.htm,raw/statements/monetary20170726a.htm,"Voting for the FOMC monetary policy action were: Janet L. Yellen, Chair; William C. Dudley, Vice Chairman; Lael Brainard; Charles L. Evans; Stanley Fischer; Patrick Harker; Robert S. Kaplan; Neel Kashkari; and Jerome H. Powell. Implementation Note issued July 26, 2017","Concurrence proves support for the action, not ideology"
2017-09-20,Charles L. Evans,FOR,HOLD,CONCUR,HOLD,0,VOTE_ACTION_PROXY,https://www.federalreserve.gov/newsevents/pressreleases/monetary20170920a.htm,raw/statements/monetary20170920a.htm,"Voting for the FOMC monetary policy action were: Janet L. Yellen, Chair; William C. Dudley, Vice Chairman; Lael Brainard; Charles L. Evans; Stanley Fischer; Patrick Harker; Robert S. Kaplan; Neel Kashkari; and Jerome H. Powell. Implementation Note issued September 20, 2017","Concurrence proves support for the action, not ideology"
2017-09-20,Janet L. Yellen,FOR,HOLD,CONCUR,HOLD,0,VOTE_ACTION_PROXY,https://www.federalreserve.gov/newsevents/pressreleases/monetary20170920a.htm,raw/statements/monetary20170920a.htm,"Voting for the FOMC monetary policy action were: Janet L. Yellen, Chair; William C. Dudley, Vice Chairman; Lael Brainard; Charles L. Evans; Stanley Fischer; Patrick Harker; Robert S. Kaplan; Neel Kashkari; and Jerome H. Powell. Implementation Note issued September 20, 2017","Concurrence proves support for the action, not ideology"
2017-09-20,Lael Brainard,FOR,HOLD,CONCUR,HOLD,0,VOTE_ACTION_PROXY,https://www.federalreserve.gov/newsevents/pressreleases/monetary20170920a.htm,raw/statements/monetary20170920a.htm,"Voting for the FOMC monetary policy action were: Janet L. Yellen, Chair; William C. Dudley, Vice Chairman; Lael Brainard; Charles L. Evans; Stanley Fischer; Patrick Harker; Robert S. Kaplan; Neel Kashkari; and Jerome H. Powell. Implementation Note issued September 20, 2017","Concurrence proves support for the action, not ideology"
2017-09-20,Neel Kashkari,FOR,HOLD,CONCUR,HOLD,0,VOTE_ACTION_PROXY,https://www.federalreserve.gov/newsevents/pressreleases/monetary20170920a.htm,raw/statements/monetary20170920a.htm,"Voting for the FOMC monetary policy action were: Janet L. Yellen, Chair; William C. Dudley, Vice Chairman; Lael Brainard; Charles L. Evans; Stanley Fischer; Patrick Harker; Robert S. Kaplan; Neel Kashkari; and Jerome H. Powell. Implementation Note issued September 20, 2017","Concurrence proves support for the action, not ideology"
2017-09-20,Patrick Harker,FOR,HOLD,CONCUR,HOLD,0,VOTE_ACTION_PROXY,https://www.federalreserve.gov/newsevents/pressreleases/monetary20170920a.htm,raw/statements/monetary20170920a.htm,"Voting for the FOMC monetary policy action were: Janet L. Yellen, Chair; William C. Dudley, Vice Chairman; Lael Brainard; Charles L. Evans; Stanley Fischer; Patrick Harker; Robert S. Kaplan; Neel Kashkari; and Jerome H. Powell. Implementation Note issued September 20, 2017","Concurrence proves support for the action, not ideology"
2017-09-20,Robert S. Kaplan,FOR,HOLD,CONCUR,HOLD,0,VOTE_ACTION_PROXY,https://www.federalreserve.gov/newsevents/pressreleases/monetary20170920a.htm,raw/statements/monetary20170920a.htm,"Voting for the FOMC monetary policy action were: Janet L. Yellen, Chair; William C. Dudley, Vice Chairman; Lael Brainard; Charles L. Evans; Stanley Fischer; Patrick Harker; Robert S. Kaplan; Neel Kashkari; and Jerome H. Powell. Implementation Note issued September 20, 2017","Concurrence proves support for the action, not ideology"
2017-09-20,Stanley Fischer,FOR,HOLD,CONCUR,HOLD,0,VOTE_ACTION_PROXY,https://www.federalreserve.gov/newsevents/pressreleases/monetary20170920a.htm,raw/statements/monetary20170920a.htm,"Voting for the FOMC monetary policy action were: Janet L. Yellen, Chair; William C. Dudley, Vice Chairman; Lael Brainard; Charles L. Evans; Stanley Fischer; Patrick Harker; Robert S. Kaplan; Neel Kashkari; and Jerome H. Powell. Implementation Note issued September 20, 2017","Concurrence proves support for the action, not ideology"
2017-09-20,William C. Dudley,FOR,HOLD,CONCUR,HOLD,0,VOTE_ACTION_PROXY,https://www.federalreserve.gov/newsevents/pressreleases/monetary20170920a.htm,raw/statements/monetary20170920a.htm,"Voting for the FOMC monetary policy action were: Janet L. Yellen, Chair; William C. Dudley, Vice Chairman; Lael Brainard; Charles L. Evans; Stanley Fischer; Patrick Harker; Robert S. Kaplan; Neel Kashkari; and Jerome H. Powell. Implementation Note issued September 20, 2017","Concurrence proves support for the action, not ideology"
2017-11-01,Charles L. Evans,FOR,HOLD,CONCUR,HOLD,0,VOTE_ACTION_PROXY,https://www.federalreserve.gov/newsevents/pressreleases/monetary20171101a.htm,raw/statements/monetary20171101a.htm,"Voting for the FOMC monetary policy action were: Janet L. Yellen, Chair; William C. Dudley, Vice Chairman; Lael Brainard; Charles L. Evans; Patrick Harker; Robert S. Kaplan; Neel Kashkari; Jerome H. Powell; and Randal K. Quarles. Implementation Note issued November 1, 2017","Concurrence proves support for the action, not ideology"
2017-11-01,Janet L. Yellen,FOR,HOLD,CONCUR,HOLD,0,VOTE_ACTION_PROXY,https://www.federalreserve.gov/newsevents/pressreleases/monetary20171101a.htm,raw/statements/monetary20171101a.htm,"Voting for the FOMC monetary policy action were: Janet L. Yellen, Chair; William C. Dudley, Vice Chairman; Lael Brainard; Charles L. Evans; Patrick Harker; Robert S. Kaplan; Neel Kashkari; Jerome H. Powell; and Randal K. Quarles. Implementation Note issued November 1, 2017","Concurrence proves support for the action, not ideology"
2017-11-01,Jerome H. Powell,FOR,HOLD,CONCUR,HOLD,0,VOTE_ACTION_PROXY,https://www.federalreserve.gov/newsevents/pressreleases/monetary20171101a.htm,raw/statements/monetary20171101a.htm,"Voting for the FOMC monetary policy action were: Janet L. Yellen, Chair; William C. Dudley, Vice Chairman; Lael Brainard; Charles L. Evans; Patrick Harker; Robert S. Kaplan; Neel Kashkari; Jerome H. Powell; and Randal K. Quarles. Implementation Note issued November 1, 2017","Concurrence proves support for the action, not ideology"
2017-11-01,Lael Brainard,FOR,HOLD,CONCUR,HOLD,0,VOTE_ACTION_PROXY,https://www.federalreserve.gov/newsevents/pressreleases/monetary20171101a.htm,raw/statements/monetary20171101a.htm,"Voting for the FOMC monetary policy action were: Janet L. Yellen, Chair; William C. Dudley, Vice Chairman; Lael Brainard; Charles L. Evans; Patrick Harker; Robert S. Kaplan; Neel Kashkari; Jerome H. Powell; and Randal K. Quarles. Implementation Note issued November 1, 2017","Concurrence proves support for the action, not ideology"
2017-11-01,Neel Kashkari,FOR,HOLD,CONCUR,HOLD,0,VOTE_ACTION_PROXY,https://www.federalreserve.gov/newsevents/pressreleases/monetary20171101a.htm,raw/statements/monetary20171101a.htm,"Voting for the FOMC monetary policy action were: Janet L. Yellen, Chair; William C. Dudley, Vice Chairman; Lael Brainard; Charles L. Evans; Patrick Harker; Robert S. Kaplan; Neel Kashkari; Jerome H. Powell; and Randal K. Quarles. Implementation Note issued November 1, 2017","Concurrence proves support for the action, not ideology"
2017-11-01,Patrick Harker,FOR,HOLD,CONCUR,HOLD,0,VOTE_ACTION_PROXY,https://www.federalreserve.gov/newsevents/pressreleases/monetary20171101a.htm,raw/statements/monetary20171101a.htm,"Voting for the FOMC monetary policy action were: Janet L. Yellen, Chair; William C. Dudley, Vice Chairman; Lael Brainard; Charles L. Evans; Patrick Harker; Robert S. Kaplan; Neel Kashkari; Jerome H. Powell; and Randal K. Quarles. Implementation Note issued November 1, 2017","Concurrence proves support for the action, not ideology"
2017-11-01,Robert S. Kaplan,FOR,HOLD,CONCUR,HOLD,0,VOTE_ACTION_PROXY,https://www.federalreserve.gov/newsevents/pressreleases/monetary20171101a.htm,raw/statements/monetary20171101a.htm,"Voting for the FOMC monetary policy action were: Janet L. Yellen, Chair; William C. Dudley, Vice Chairman; Lael Brainard; Charles L. Evans; Patrick Harker; Robert S. Kaplan; Neel Kashkari; Jerome H. Powell; and Randal K. Quarles. Implementation Note issued November 1, 2017","Concurrence proves support for the action, not ideology"
2017-11-01,William C. Dudley,FOR,HOLD,CONCUR,HOLD,0,VOTE_ACTION_PROXY,https://www.federalreserve.gov/newsevents/pressreleases/monetary20171101a.htm,raw/statements/monetary20171101a.htm,"Voting for the FOMC monetary policy action were: Janet L. Yellen, Chair; William C. Dudley, Vice Chairman; Lael Brainard; Charles L. Evans; Patrick Harker; Robert S. Kaplan; Neel Kashkari; Jerome H. Powell; and Randal K. Quarles. Implementation Note issued November 1, 2017","Concurrence proves support for the action, not ideology"
2017-12-13,Charles L. Evans,AGAINST,HIKE,EASIER,HOLD,-2,VOTE_DISSENT,https://www.federalreserve.gov/newsevents/pressreleases/monetary20171213a.htm,raw/statements/monetary20171213a.htm,"Voting for the FOMC monetary policy action were Janet L. Yellen, Chair; William C. Dudley, Vice Chairman; Lael Brainard; Patrick Harker; Robert S. Kaplan; Jerome H. Powell; and Randal K. Quarles. Voting against the action were Charles L. Evans and Neel Kashkari, who preferred at this meeting to maintain the existing target range for the federal funds rate. Implementation Note issued December 13, 2017",Preferred no hike while the committee raised 25bp
2017-12-13,Janet L. Yellen,FOR,HIKE,CONCUR,HIKE,1,VOTE_ACTION_PROXY,https://www.federalreserve.gov/newsevents/pressreleases/monetary20171213a.htm,raw/statements/monetary20171213a.htm,"Voting for the FOMC monetary policy action were Janet L. Yellen, Chair; William C. Dudley, Vice Chairman; Lael Brainard; Patrick Harker; Robert S. Kaplan; Jerome H. Powell; and Randal K. Quarles. Voting against the action were Charles L. Evans and Neel Kashkari, who preferred at this meeting to maintain the existing target range for the federal funds rate. Implementation Note issued December 13, 2017","Concurrence proves support for the action, not ideology"
2017-12-13,Jerome H. Powell,FOR,HIKE,CONCUR,HIKE,1,VOTE_ACTION_PROXY,https://www.federalreserve.gov/newsevents/pressreleases/monetary20171213a.htm,raw/statements/monetary20171213a.htm,"Voting for the FOMC monetary policy action were Janet L. Yellen, Chair; William C. Dudley, Vice Chairman; Lael Brainard; Patrick Harker; Robert S. Kaplan; Jerome H. Powell; and Randal K. Quarles. Voting against the action were Charles L. Evans and Neel Kashkari, who preferred at this meeting to maintain the existing target range for the federal funds rate. Implementation Note issued December 13, 2017","Concurrence proves support for the action, not ideology"
2017-12-13,Lael Brainard,FOR,HIKE,CONCUR,HIKE,1,VOTE_ACTION_PROXY,https://www.federalreserve.gov/newsevents/pressreleases/monetary20171213a.htm,raw/statements/monetary20171213a.htm,"Voting for the FOMC monetary policy action were Janet L. Yellen, Chair; William C. Dudley, Vice Chairman; Lael Brainard; Patrick Harker; Robert S. Kaplan; Jerome H. Powell; and Randal K. Quarles. Voting against the action were Charles L. Evans and Neel Kashkari, who preferred at this meeting to maintain the existing target range for the federal funds rate. Implementation Note issued December 13, 2017","Concurrence proves support for the action, not ideology"
2017-12-13,Neel Kashkari,AGAINST,HIKE,EASIER,HOLD,-2,VOTE_DISSENT,https://www.federalreserve.gov/newsevents/pressreleases/monetary20171213a.htm,raw/statements/monetary20171213a.htm,"Voting for the FOMC monetary policy action were Janet L. Yellen, Chair; William C. Dudley, Vice Chairman; Lael Brainard; Patrick Harker; Robert S. Kaplan; Jerome H. Powell; and Randal K. Quarles. Voting against the action were Charles L. Evans and Neel Kashkari, who preferred at this meeting to maintain the existing target range for the federal funds rate. Implementation Note issued December 13, 2017",Preferred no hike while the committee raised 25bp
2017-12-13,Patrick Harker,FOR,HIKE,CONCUR,HIKE,1,VOTE_ACTION_PROXY,https://www.federalreserve.gov/newsevents/pressreleases/monetary20171213a.htm,raw/statements/monetary20171213a.htm,"Voting for the FOMC monetary policy action were Janet L. Yellen, Chair; William C. Dudley, Vice Chairman; Lael Brainard; Patrick Harker; Robert S. Kaplan; Jerome H. Powell; and Randal K. Quarles. Voting against the action were Charles L. Evans and Neel Kashkari, who preferred at this meeting to maintain the existing target range for the federal funds rate. Implementation Note issued December 13, 2017","Concurrence proves support for the action, not ideology"
2017-12-13,Randal K. Quarles,FOR,HIKE,CONCUR,HIKE,1,VOTE_ACTION_PROXY,https://www.federalreserve.gov/newsevents/pressreleases/monetary20171213a.htm,raw/statements/monetary20171213a.htm,"Voting for the FOMC monetary policy action were Janet L. Yellen, Chair; William C. Dudley, Vice Chairman; Lael Brainard; Patrick Harker; Robert S. Kaplan; Jerome H. Powell; and Randal K. Quarles. Voting against the action were Charles L. Evans and Neel Kashkari, who preferred at this meeting to maintain the existing target range for the federal funds rate. Implementation Note issued December 13, 2017","Concurrence proves support for the action, not ideology"
2017-12-13,Robert S. Kaplan,FOR,HIKE,CONCUR,HIKE,1,VOTE_ACTION_PROXY,https://www.federalreserve.gov/newsevents/pressreleases/monetary20171213a.htm,raw/statements/monetary20171213a.htm,"Voting for the FOMC monetary policy action were Janet L. Yellen, Chair; William C. Dudley, Vice Chairman; Lael Brainard; Patrick Harker; Robert S. Kaplan; Jerome H. Powell; and Randal K. Quarles. Voting against the action were Charles L. Evans and Neel Kashkari, who preferred at this meeting to maintain the existing target range for the federal funds rate. Implementation Note issued December 13, 2017","Concurrence proves support for the action, not ideology"
2017-12-13,William C. Dudley,FOR,HIKE,CONCUR,HIKE,1,VOTE_ACTION_PROXY,https://www.federalreserve.gov/newsevents/pressreleases/monetary20171213a.htm,raw/statements/monetary20171213a.htm,"Voting for the FOMC monetary policy action were Janet L. Yellen, Chair; William C. Dudley, Vice Chairman; Lael Brainard; Patrick Harker; Robert S. Kaplan; Jerome H. Powell; and Randal K. Quarles. Voting against the action were Charles L. Evans and Neel Kashkari, who preferred at this meeting to maintain the existing target range for the federal funds rate. Implementation Note issued December 13, 2017","Concurrence proves support for the action, not ideology"
2018-01-31,Janet L. Yellen,FOR,HOLD,CONCUR,HOLD,0,VOTE_ACTION_PROXY,https://www.federalreserve.gov/newsevents/pressreleases/monetary20180131a.htm,raw/statements/monetary20180131a.htm,"Voting for the FOMC monetary policy action were Janet L. Yellen, Chair; William C. Dudley, Vice Chairman; Thomas I. Barkin; Raphael W. Bostic; Lael Brainard; Loretta J. Mester; Jerome H. Powell; Randal K. Quarles; and John C. Williams. Implementation Note issued January 31, 2018","Concurrence proves support for the action, not ideology"
2018-01-31,Jerome H. Powell,FOR,HOLD,CONCUR,HOLD,0,VOTE_ACTION_PROXY,https://www.federalreserve.gov/newsevents/pressreleases/monetary20180131a.htm,raw/statements/monetary20180131a.htm,"Voting for the FOMC monetary policy action were Janet L. Yellen, Chair; William C. Dudley, Vice Chairman; Thomas I. Barkin; Raphael W. Bostic; Lael Brainard; Loretta J. Mester; Jerome H. Powell; Randal K. Quarles; and John C. Williams. Implementation Note issued January 31, 2018","Concurrence proves support for the action, not ideology"
2018-01-31,Lael Brainard,FOR,HOLD,CONCUR,HOLD,0,VOTE_ACTION_PROXY,https://www.federalreserve.gov/newsevents/pressreleases/monetary20180131a.htm,raw/statements/monetary20180131a.htm,"Voting for the FOMC monetary policy action were Janet L. Yellen, Chair; William C. Dudley, Vice Chairman; Thomas I. Barkin; Raphael W. Bostic; Lael Brainard; Loretta J. Mester; Jerome H. Powell; Randal K. Quarles; and John C. Williams. Implementation Note issued January 31, 2018","Concurrence proves support for the action, not ideology"
2018-01-31,Loretta J. Mester,FOR,HOLD,CONCUR,HOLD,0,VOTE_ACTION_PROXY,https://www.federalreserve.gov/newsevents/pressreleases/monetary20180131a.htm,raw/statements/monetary20180131a.htm,"Voting for the FOMC monetary policy action were Janet L. Yellen, Chair; William C. Dudley, Vice Chairman; Thomas I. Barkin; Raphael W. Bostic; Lael Brainard; Loretta J. Mester; Jerome H. Powell; Randal K. Quarles; and John C. Williams. Implementation Note issued January 31, 2018","Concurrence proves support for the action, not ideology"
2018-01-31,Randal K. Quarles,FOR,HOLD,CONCUR,HOLD,0,VOTE_ACTION_PROXY,https://www.federalreserve.gov/newsevents/pressreleases/monetary20180131a.htm,raw/statements/monetary20180131a.htm,"Voting for the FOMC monetary policy action were Janet L. Yellen, Chair; William C. Dudley, Vice Chairman; Thomas I. Barkin; Raphael W. Bostic; Lael Brainard; Loretta J. Mester; Jerome H. Powell; Randal K. Quarles; and John C. Williams. Implementation Note issued January 31, 2018","Concurrence proves support for the action, not ideology"
2018-01-31,Raphael W. Bostic,FOR,HOLD,CONCUR,HOLD,0,VOTE_ACTION_PROXY,https://www.federalreserve.gov/newsevents/pressreleases/monetary20180131a.htm,raw/statements/monetary20180131a.htm,"Voting for the FOMC monetary policy action were Janet L. Yellen, Chair; William C. Dudley, Vice Chairman; Thomas I. Barkin; Raphael W. Bostic; Lael Brainard; Loretta J. Mester; Jerome H. Powell; Randal K. Quarles; and John C. Williams. Implementation Note issued January 31, 2018","Concurrence proves support for the action, not ideology"
2018-01-31,Thomas I. Barkin,FOR,HOLD,CONCUR,HOLD,0,VOTE_ACTION_PROXY,https://www.federalreserve.gov/newsevents/pressreleases/monetary20180131a.htm,raw/statements/monetary20180131a.htm,"Voting for the FOMC monetary policy action were Janet L. Yellen, Chair; William C. Dudley, Vice Chairman; Thomas I. Barkin; Raphael W. Bostic; Lael Brainard; Loretta J. Mester; Jerome H. Powell; Randal K. Quarles; and John C. Williams. Implementation Note issued January 31, 2018","Concurrence proves support for the action, not ideology"
2018-01-31,William C. Dudley,FOR,HOLD,CONCUR,HOLD,0,VOTE_ACTION_PROXY,https://www.federalreserve.gov/newsevents/pressreleases/monetary20180131a.htm,raw/statements/monetary20180131a.htm,"Voting for the FOMC monetary policy action were Janet L. Yellen, Chair; William C. Dudley, Vice Chairman; Thomas I. Barkin; Raphael W. Bostic; Lael Brainard; Loretta J. Mester; Jerome H. Powell; Randal K. Quarles; and John C. Williams. Implementation Note issued January 31, 2018","Concurrence proves support for the action, not ideology"
2018-03-21,Jerome H. Powell,FOR,HIKE,CONCUR,HIKE,1,VOTE_ACTION_PROXY,https://www.federalreserve.gov/newsevents/pressreleases/monetary20180321a.htm,raw/statements/monetary20180321a.htm,"Voting for the FOMC monetary policy action were Jerome H. Powell, Chairman; William C. Dudley, Vice Chairman; Thomas I. Barkin; Raphael W. Bostic; Lael Brainard; Loretta J. Mester; Randal K. Quarles; and John C. Williams. Implementation Note issued March 21, 2018","Concurrence proves support for the action, not ideology"
2018-03-21,Lael Brainard,FOR,HIKE,CONCUR,HIKE,1,VOTE_ACTION_PROXY,https://www.federalreserve.gov/newsevents/pressreleases/monetary20180321a.htm,raw/statements/monetary20180321a.htm,"Voting for the FOMC monetary policy action were Jerome H. Powell, Chairman; William C. Dudley, Vice Chairman; Thomas I. Barkin; Raphael W. Bostic; Lael Brainard; Loretta J. Mester; Randal K. Quarles; and John C. Williams. Implementation Note issued March 21, 2018","Concurrence proves support for the action, not ideology"
2018-03-21,Loretta J. Mester,FOR,HIKE,CONCUR,HIKE,1,VOTE_ACTION_PROXY,https://www.federalreserve.gov/newsevents/pressreleases/monetary20180321a.htm,raw/statements/monetary20180321a.htm,"Voting for the FOMC monetary policy action were Jerome H. Powell, Chairman; William C. Dudley, Vice Chairman; Thomas I. Barkin; Raphael W. Bostic; Lael Brainard; Loretta J. Mester; Randal K. Quarles; and John C. Williams. Implementation Note issued March 21, 2018","Concurrence proves support for the action, not ideology"
2018-03-21,Randal K. Quarles,FOR,HIKE,CONCUR,HIKE,1,VOTE_ACTION_PROXY,https://www.federalreserve.gov/newsevents/pressreleases/monetary20180321a.htm,raw/statements/monetary20180321a.htm,"Voting for the FOMC monetary policy action were Jerome H. Powell, Chairman; William C. Dudley, Vice Chairman; Thomas I. Barkin; Raphael W. Bostic; Lael Brainard; Loretta J. Mester; Randal K. Quarles; and John C. Williams. Implementation Note issued March 21, 2018","Concurrence proves support for the action, not ideology"
2018-03-21,Raphael W. Bostic,FOR,HIKE,CONCUR,HIKE,1,VOTE_ACTION_PROXY,https://www.federalreserve.gov/newsevents/pressreleases/monetary20180321a.htm,raw/statements/monetary20180321a.htm,"Voting for the FOMC monetary policy action were Jerome H. Powell, Chairman; William C. Dudley, Vice Chairman; Thomas I. Barkin; Raphael W. Bostic; Lael Brainard; Loretta J. Mester; Randal K. Quarles; and John C. Williams. Implementation Note issued March 21, 2018","Concurrence proves support for the action, not ideology"
2018-03-21,Thomas I. Barkin,FOR,HIKE,CONCUR,HIKE,1,VOTE_ACTION_PROXY,https://www.federalreserve.gov/newsevents/pressreleases/monetary20180321a.htm,raw/statements/monetary20180321a.htm,"Voting for the FOMC monetary policy action were Jerome H. Powell, Chairman; William C. Dudley, Vice Chairman; Thomas I. Barkin; Raphael W. Bostic; Lael Brainard; Loretta J. Mester; Randal K. Quarles; and John C. Williams. Implementation Note issued March 21, 2018","Concurrence proves support for the action, not ideology"
2018-03-21,William C. Dudley,FOR,HIKE,CONCUR,HIKE,1,VOTE_ACTION_PROXY,https://www.federalreserve.gov/newsevents/pressreleases/monetary20180321a.htm,raw/statements/monetary20180321a.htm,"Voting for the FOMC monetary policy action were Jerome H. Powell, Chairman; William C. Dudley, Vice Chairman; Thomas I. Barkin; Raphael W. Bostic; Lael Brainard; Loretta J. Mester; Randal K. Quarles; and John C. Williams. Implementation Note issued March 21, 2018","Concurrence proves support for the action, not ideology"
2018-05-02,Jerome H. Powell,FOR,HOLD,CONCUR,HOLD,0,VOTE_ACTION_PROXY,https://www.federalreserve.gov/newsevents/pressreleases/monetary20180502a.htm,raw/statements/monetary20180502a.htm,"Voting for the FOMC monetary policy action were Jerome H. Powell, Chairman; William C. Dudley, Vice Chairman; Thomas I. Barkin; Raphael W. Bostic; Lael Brainard; Loretta J. Mester; Randal K. Quarles; and John C. Williams. Implementation Note issued May 2, 2018","Concurrence proves support for the action, not ideology"
2018-05-02,Lael Brainard,FOR,HOLD,CONCUR,HOLD,0,VOTE_ACTION_PROXY,https://www.federalreserve.gov/newsevents/pressreleases/monetary20180502a.htm,raw/statements/monetary20180502a.htm,"Voting for the FOMC monetary policy action were Jerome H. Powell, Chairman; William C. Dudley, Vice Chairman; Thomas I. Barkin; Raphael W. Bostic; Lael Brainard; Loretta J. Mester; Randal K. Quarles; and John C. Williams. Implementation Note issued May 2, 2018","Concurrence proves support for the action, not ideology"
2018-05-02,Loretta J. Mester,FOR,HOLD,CONCUR,HOLD,0,VOTE_ACTION_PROXY,https://www.federalreserve.gov/newsevents/pressreleases/monetary20180502a.htm,raw/statements/monetary20180502a.htm,"Voting for the FOMC monetary policy action were Jerome H. Powell, Chairman; William C. Dudley, Vice Chairman; Thomas I. Barkin; Raphael W. Bostic; Lael Brainard; Loretta J. Mester; Randal K. Quarles; and John C. Williams. Implementation Note issued May 2, 2018","Concurrence proves support for the action, not ideology"
2018-05-02,Randal K. Quarles,FOR,HOLD,CONCUR,HOLD,0,VOTE_ACTION_PROXY,https://www.federalreserve.gov/newsevents/pressreleases/monetary20180502a.htm,raw/statements/monetary20180502a.htm,"Voting for the FOMC monetary policy action were Jerome H. Powell, Chairman; William C. Dudley, Vice Chairman; Thomas I. Barkin; Raphael W. Bostic; Lael Brainard; Loretta J. Mester; Randal K. Quarles; and John C. Williams. Implementation Note issued May 2, 2018","Concurrence proves support for the action, not ideology"
2018-05-02,Raphael W. Bostic,FOR,HOLD,CONCUR,HOLD,0,VOTE_ACTION_PROXY,https://www.federalreserve.gov/newsevents/pressreleases/monetary20180502a.htm,raw/statements/monetary20180502a.htm,"Voting for the FOMC monetary policy action were Jerome H. Powell, Chairman; William C. Dudley, Vice Chairman; Thomas I. Barkin; Raphael W. Bostic; Lael Brainard; Loretta J. Mester; Randal K. Quarles; and John C. Williams. Implementation Note issued May 2, 2018","Concurrence proves support for the action, not ideology"
2018-05-02,Thomas I. Barkin,FOR,HOLD,CONCUR,HOLD,0,VOTE_ACTION_PROXY,https://www.federalreserve.gov/newsevents/pressreleases/monetary20180502a.htm,raw/statements/monetary20180502a.htm,"Voting for the FOMC monetary policy action were Jerome H. Powell, Chairman; William C. Dudley, Vice Chairman; Thomas I. Barkin; Raphael W. Bostic; Lael Brainard; Loretta J. Mester; Randal K. Quarles; and John C. Williams. Implementation Note issued May 2, 2018","Concurrence proves support for the action, not ideology"
2018-05-02,William C. Dudley,FOR,HOLD,CONCUR,HOLD,0,VOTE_ACTION_PROXY,https://www.federalreserve.gov/newsevents/pressreleases/monetary20180502a.htm,raw/statements/monetary20180502a.htm,"Voting for the FOMC monetary policy action were Jerome H. Powell, Chairman; William C. Dudley, Vice Chairman; Thomas I. Barkin; Raphael W. Bostic; Lael Brainard; Loretta J. Mester; Randal K. Quarles; and John C. Williams. Implementation Note issued May 2, 2018","Concurrence proves support for the action, not ideology"
2018-06-13,Jerome H. Powell,FOR,HIKE,CONCUR,HIKE,1,VOTE_ACTION_PROXY,https://www.federalreserve.gov/newsevents/pressreleases/monetary20180613a.htm,raw/statements/monetary20180613a.htm,"Voting for the FOMC monetary policy action were Jerome H. Powell, Chairman; William C. Dudley, Vice Chairman; Thomas I. Barkin; Raphael W. Bostic; Lael Brainard; Loretta J. Mester; Randal K. Quarles; and John C. Williams. Implementation Note issued June 13, 2018","Concurrence proves support for the action, not ideology"
2018-06-13,Lael Brainard,FOR,HIKE,CONCUR,HIKE,1,VOTE_ACTION_PROXY,https://www.federalreserve.gov/newsevents/pressreleases/monetary20180613a.htm,raw/statements/monetary20180613a.htm,"Voting for the FOMC monetary policy action were Jerome H. Powell, Chairman; William C. Dudley, Vice Chairman; Thomas I. Barkin; Raphael W. Bostic; Lael Brainard; Loretta J. Mester; Randal K. Quarles; and John C. Williams. Implementation Note issued June 13, 2018","Concurrence proves support for the action, not ideology"
2018-06-13,Loretta J. Mester,FOR,HIKE,CONCUR,HIKE,1,VOTE_ACTION_PROXY,https://www.federalreserve.gov/newsevents/pressreleases/monetary20180613a.htm,raw/statements/monetary20180613a.htm,"Voting for the FOMC monetary policy action were Jerome H. Powell, Chairman; William C. Dudley, Vice Chairman; Thomas I. Barkin; Raphael W. Bostic; Lael Brainard; Loretta J. Mester; Randal K. Quarles; and John C. Williams. Implementation Note issued June 13, 2018","Concurrence proves support for the action, not ideology"
2018-06-13,Randal K. Quarles,FOR,HIKE,CONCUR,HIKE,1,VOTE_ACTION_PROXY,https://www.federalreserve.gov/newsevents/pressreleases/monetary20180613a.htm,raw/statements/monetary20180613a.htm,"Voting for the FOMC monetary policy action were Jerome H. Powell, Chairman; William C. Dudley, Vice Chairman; Thomas I. Barkin; Raphael W. Bostic; Lael Brainard; Loretta J. Mester; Randal K. Quarles; and John C. Williams. Implementation Note issued June 13, 2018","Concurrence proves support for the action, not ideology"
2018-06-13,Raphael W. Bostic,FOR,HIKE,CONCUR,HIKE,1,VOTE_ACTION_PROXY,https://www.federalreserve.gov/newsevents/pressreleases/monetary20180613a.htm,raw/statements/monetary20180613a.htm,"Voting for the FOMC monetary policy action were Jerome H. Powell, Chairman; William C. Dudley, Vice Chairman; Thomas I. Barkin; Raphael W. Bostic; Lael Brainard; Loretta J. Mester; Randal K. Quarles; and John C. Williams. Implementation Note issued June 13, 2018","Concurrence proves support for the action, not ideology"
2018-06-13,Thomas I. Barkin,FOR,HIKE,CONCUR,HIKE,1,VOTE_ACTION_PROXY,https://www.federalreserve.gov/newsevents/pressreleases/monetary20180613a.htm,raw/statements/monetary20180613a.htm,"Voting for the FOMC monetary policy action were Jerome H. Powell, Chairman; William C. Dudley, Vice Chairman; Thomas I. Barkin; Raphael W. Bostic; Lael Brainard; Loretta J. Mester; Randal K. Quarles; and John C. Williams. Implementation Note issued June 13, 2018","Concurrence proves support for the action, not ideology"
2018-06-13,William C. Dudley,FOR,HIKE,CONCUR,HIKE,1,VOTE_ACTION_PROXY,https://www.federalreserve.gov/newsevents/pressreleases/monetary20180613a.htm,raw/statements/monetary20180613a.htm,"Voting for the FOMC monetary policy action were Jerome H. Powell, Chairman; William C. Dudley, Vice Chairman; Thomas I. Barkin; Raphael W. Bostic; Lael Brainard; Loretta J. Mester; Randal K. Quarles; and John C. Williams. Implementation Note issued June 13, 2018","Concurrence proves support for the action, not ideology"
2018-08-01,Esther L. George,FOR,HOLD,CONCUR,HOLD,0,VOTE_ACTION_PROXY,https://www.federalreserve.gov/newsevents/pressreleases/monetary20180801a.htm,raw/statements/monetary20180801a.htm,"Voting for the FOMC monetary policy action were: Jerome H. Powell, Chairman; John C. Williams, Vice Chairman; Thomas I. Barkin; Raphael W. Bostic; Lael Brainard; Esther L. George; Loretta J. Mester; and Randal K. Quarles. Implementation Note issued August 1, 2018","Concurrence proves support for the action, not ideology"
2018-08-01,Jerome H. Powell,FOR,HOLD,CONCUR,HOLD,0,VOTE_ACTION_PROXY,https://www.federalreserve.gov/newsevents/pressreleases/monetary20180801a.htm,raw/statements/monetary20180801a.htm,"Voting for the FOMC monetary policy action were: Jerome H. Powell, Chairman; John C. Williams, Vice Chairman; Thomas I. Barkin; Raphael W. Bostic; Lael Brainard; Esther L. George; Loretta J. Mester; and Randal K. Quarles. Implementation Note issued August 1, 2018","Concurrence proves support for the action, not ideology"
2018-08-01,John C. Williams,FOR,HOLD,CONCUR,HOLD,0,VOTE_ACTION_PROXY,https://www.federalreserve.gov/newsevents/pressreleases/monetary20180801a.htm,raw/statements/monetary20180801a.htm,"Voting for the FOMC monetary policy action were: Jerome H. Powell, Chairman; John C. Williams, Vice Chairman; Thomas I. Barkin; Raphael W. Bostic; Lael Brainard; Esther L. George; Loretta J. Mester; and Randal K. Quarles. Implementation Note issued August 1, 2018","Concurrence proves support for the action, not ideology"
2018-08-01,Lael Brainard,FOR,HOLD,CONCUR,HOLD,0,VOTE_ACTION_PROXY,https://www.federalreserve.gov/newsevents/pressreleases/monetary20180801a.htm,raw/statements/monetary20180801a.htm,"Voting for the FOMC monetary policy action were: Jerome H. Powell, Chairman; John C. Williams, Vice Chairman; Thomas I. Barkin; Raphael W. Bostic; Lael Brainard; Esther L. George; Loretta J. Mester; and Randal K. Quarles. Implementation Note issued August 1, 2018","Concurrence proves support for the action, not ideology"
2018-08-01,Loretta J. Mester,FOR,HOLD,CONCUR,HOLD,0,VOTE_ACTION_PROXY,https://www.federalreserve.gov/newsevents/pressreleases/monetary20180801a.htm,raw/statements/monetary20180801a.htm,"Voting for the FOMC monetary policy action were: Jerome H. Powell, Chairman; John C. Williams, Vice Chairman; Thomas I. Barkin; Raphael W. Bostic; Lael Brainard; Esther L. George; Loretta J. Mester; and Randal K. Quarles. Implementation Note issued August 1, 2018","Concurrence proves support for the action, not ideology"
2018-08-01,Raphael W. Bostic,FOR,HOLD,CONCUR,HOLD,0,VOTE_ACTION_PROXY,https://www.federalreserve.gov/newsevents/pressreleases/monetary20180801a.htm,raw/statements/monetary20180801a.htm,"Voting for the FOMC monetary policy action were: Jerome H. Powell, Chairman; John C. Williams, Vice Chairman; Thomas I. Barkin; Raphael W. Bostic; Lael Brainard; Esther L. George; Loretta J. Mester; and Randal K. Quarles. Implementation Note issued August 1, 2018","Concurrence proves support for the action, not ideology"
2018-08-01,Thomas I. Barkin,FOR,HOLD,CONCUR,HOLD,0,VOTE_ACTION_PROXY,https://www.federalreserve.gov/newsevents/pressreleases/monetary20180801a.htm,raw/statements/monetary20180801a.htm,"Voting for the FOMC monetary policy action were: Jerome H. Powell, Chairman; John C. Williams, Vice Chairman; Thomas I. Barkin; Raphael W. Bostic; Lael Brainard; Esther L. George; Loretta J. Mester; and Randal K. Quarles. Implementation Note issued August 1, 2018","Concurrence proves support for the action, not ideology"
2018-09-26,Esther L. George,FOR,HIKE,CONCUR,HIKE,1,VOTE_ACTION_PROXY,https://www.federalreserve.gov/newsevents/pressreleases/monetary20180926a.htm,raw/statements/monetary20180926a.htm,"Voting for the FOMC monetary policy action were: Jerome H. Powell, Chairman; John C. Williams, Vice Chairman; Thomas I. Barkin; Raphael W. Bostic; Lael Brainard; Richard H. Clarida; Esther L. George; Loretta J. Mester; and Randal K. Quarles. Implementation Note issued September 26, 2018","Concurrence proves support for the action, not ideology"
2018-09-26,Jerome H. Powell,FOR,HIKE,CONCUR,HIKE,1,VOTE_ACTION_PROXY,https://www.federalreserve.gov/newsevents/pressreleases/monetary20180926a.htm,raw/statements/monetary20180926a.htm,"Voting for the FOMC monetary policy action were: Jerome H. Powell, Chairman; John C. Williams, Vice Chairman; Thomas I. Barkin; Raphael W. Bostic; Lael Brainard; Richard H. Clarida; Esther L. George; Loretta J. Mester; and Randal K. Quarles. Implementation Note issued September 26, 2018","Concurrence proves support for the action, not ideology"
2018-09-26,John C. Williams,FOR,HIKE,CONCUR,HIKE,1,VOTE_ACTION_PROXY,https://www.federalreserve.gov/newsevents/pressreleases/monetary20180926a.htm,raw/statements/monetary20180926a.htm,"Voting for the FOMC monetary policy action were: Jerome H. Powell, Chairman; John C. Williams, Vice Chairman; Thomas I. Barkin; Raphael W. Bostic; Lael Brainard; Richard H. Clarida; Esther L. George; Loretta J. Mester; and Randal K. Quarles. Implementation Note issued September 26, 2018","Concurrence proves support for the action, not ideology"
2018-09-26,Lael Brainard,FOR,HIKE,CONCUR,HIKE,1,VOTE_ACTION_PROXY,https://www.federalreserve.gov/newsevents/pressreleases/monetary20180926a.htm,raw/statements/monetary20180926a.htm,"Voting for the FOMC monetary policy action were: Jerome H. Powell, Chairman; John C. Williams, Vice Chairman; Thomas I. Barkin; Raphael W. Bostic; Lael Brainard; Richard H. Clarida; Esther L. George; Loretta J. Mester; and Randal K. Quarles. Implementation Note issued September 26, 2018","Concurrence proves support for the action, not ideology"
2018-09-26,Loretta J. Mester,FOR,HIKE,CONCUR,HIKE,1,VOTE_ACTION_PROXY,https://www.federalreserve.gov/newsevents/pressreleases/monetary20180926a.htm,raw/statements/monetary20180926a.htm,"Voting for the FOMC monetary policy action were: Jerome H. Powell, Chairman; John C. Williams, Vice Chairman; Thomas I. Barkin; Raphael W. Bostic; Lael Brainard; Richard H. Clarida; Esther L. George; Loretta J. Mester; and Randal K. Quarles. Implementation Note issued September 26, 2018","Concurrence proves support for the action, not ideology"
2018-09-26,Raphael W. Bostic,FOR,HIKE,CONCUR,HIKE,1,VOTE_ACTION_PROXY,https://www.federalreserve.gov/newsevents/pressreleases/monetary20180926a.htm,raw/statements/monetary20180926a.htm,"Voting for the FOMC monetary policy action were: Jerome H. Powell, Chairman; John C. Williams, Vice Chairman; Thomas I. Barkin; Raphael W. Bostic; Lael Brainard; Richard H. Clarida; Esther L. George; Loretta J. Mester; and Randal K. Quarles. Implementation Note issued September 26, 2018","Concurrence proves support for the action, not ideology"
2018-09-26,Richard H. Clarida,FOR,HIKE,CONCUR,HIKE,1,VOTE_ACTION_PROXY,https://www.federalreserve.gov/newsevents/pressreleases/monetary20180926a.htm,raw/statements/monetary20180926a.htm,"Voting for the FOMC monetary policy action were: Jerome H. Powell, Chairman; John C. Williams, Vice Chairman; Thomas I. Barkin; Raphael W. Bostic; Lael Brainard; Richard H. Clarida; Esther L. George; Loretta J. Mester; and Randal K. Quarles. Implementation Note issued September 26, 2018","Concurrence proves support for the action, not ideology"
2018-09-26,Thomas I. Barkin,FOR,HIKE,CONCUR,HIKE,1,VOTE_ACTION_PROXY,https://www.federalreserve.gov/newsevents/pressreleases/monetary20180926a.htm,raw/statements/monetary20180926a.htm,"Voting for the FOMC monetary policy action were: Jerome H. Powell, Chairman; John C. Williams, Vice Chairman; Thomas I. Barkin; Raphael W. Bostic; Lael Brainard; Richard H. Clarida; Esther L. George; Loretta J. Mester; and Randal K. Quarles. Implementation Note issued September 26, 2018","Concurrence proves support for the action, not ideology"
2018-11-08,Jerome H. Powell,FOR,HOLD,CONCUR,HOLD,0,VOTE_ACTION_PROXY,https://www.federalreserve.gov/newsevents/pressreleases/monetary20181108a.htm,raw/statements/monetary20181108a.htm,"Voting for the FOMC monetary policy action were: Jerome H. Powell, Chairman; John C. Williams, Vice Chairman; Thomas I. Barkin; Raphael W. Bostic; Lael Brainard; Richard H. Clarida; Mary C. Daly; Loretta J. Mester; and Randal K. Quarles. Implementation Note issued November 8, 2018","Concurrence proves support for the action, not ideology"
2018-11-08,John C. Williams,FOR,HOLD,CONCUR,HOLD,0,VOTE_ACTION_PROXY,https://www.federalreserve.gov/newsevents/pressreleases/monetary20181108a.htm,raw/statements/monetary20181108a.htm,"Voting for the FOMC monetary policy action were: Jerome H. Powell, Chairman; John C. Williams, Vice Chairman; Thomas I. Barkin; Raphael W. Bostic; Lael Brainard; Richard H. Clarida; Mary C. Daly; Loretta J. Mester; and Randal K. Quarles. Implementation Note issued November 8, 2018","Concurrence proves support for the action, not ideology"
2018-11-08,Lael Brainard,FOR,HOLD,CONCUR,HOLD,0,VOTE_ACTION_PROXY,https://www.federalreserve.gov/newsevents/pressreleases/monetary20181108a.htm,raw/statements/monetary20181108a.htm,"Voting for the FOMC monetary policy action were: Jerome H. Powell, Chairman; John C. Williams, Vice Chairman; Thomas I. Barkin; Raphael W. Bostic; Lael Brainard; Richard H. Clarida; Mary C. Daly; Loretta J. Mester; and Randal K. Quarles. Implementation Note issued November 8, 2018","Concurrence proves support for the action, not ideology"
2018-11-08,Loretta J. Mester,FOR,HOLD,CONCUR,HOLD,0,VOTE_ACTION_PROXY,https://www.federalreserve.gov/newsevents/pressreleases/monetary20181108a.htm,raw/statements/monetary20181108a.htm,"Voting for the FOMC monetary policy action were: Jerome H. Powell, Chairman; John C. Williams, Vice Chairman; Thomas I. Barkin; Raphael W. Bostic; Lael Brainard; Richard H. Clarida; Mary C. Daly; Loretta J. Mester; and Randal K. Quarles. Implementation Note issued November 8, 2018","Concurrence proves support for the action, not ideology"
2018-11-08,Mary C. Daly,FOR,HOLD,CONCUR,HOLD,0,VOTE_ACTION_PROXY,https://www.federalreserve.gov/newsevents/pressreleases/monetary20181108a.htm,raw/statements/monetary20181108a.htm,"Voting for the FOMC monetary policy action were: Jerome H. Powell, Chairman; John C. Williams, Vice Chairman; Thomas I. Barkin; Raphael W. Bostic; Lael Brainard; Richard H. Clarida; Mary C. Daly; Loretta J. Mester; and Randal K. Quarles. Implementation Note issued November 8, 2018","Concurrence proves support for the action, not ideology"
2018-11-08,Raphael W. Bostic,FOR,HOLD,CONCUR,HOLD,0,VOTE_ACTION_PROXY,https://www.federalreserve.gov/newsevents/pressreleases/monetary20181108a.htm,raw/statements/monetary20181108a.htm,"Voting for the FOMC monetary policy action were: Jerome H. Powell, Chairman; John C. Williams, Vice Chairman; Thomas I. Barkin; Raphael W. Bostic; Lael Brainard; Richard H. Clarida; Mary C. Daly; Loretta J. Mester; and Randal K. Quarles. Implementation Note issued November 8, 2018","Concurrence proves support for the action, not ideology"
2018-11-08,Richard H. Clarida,FOR,HOLD,CONCUR,HOLD,0,VOTE_ACTION_PROXY,https://www.federalreserve.gov/newsevents/pressreleases/monetary20181108a.htm,raw/statements/monetary20181108a.htm,"Voting for the FOMC monetary policy action were: Jerome H. Powell, Chairman; John C. Williams, Vice Chairman; Thomas I. Barkin; Raphael W. Bostic; Lael Brainard; Richard H. Clarida; Mary C. Daly; Loretta J. Mester; and Randal K. Quarles. Implementation Note issued November 8, 2018","Concurrence proves support for the action, not ideology"
2018-11-08,Thomas I. Barkin,FOR,HOLD,CONCUR,HOLD,0,VOTE_ACTION_PROXY,https://www.federalreserve.gov/newsevents/pressreleases/monetary20181108a.htm,raw/statements/monetary20181108a.htm,"Voting for the FOMC monetary policy action were: Jerome H. Powell, Chairman; John C. Williams, Vice Chairman; Thomas I. Barkin; Raphael W. Bostic; Lael Brainard; Richard H. Clarida; Mary C. Daly; Loretta J. Mester; and Randal K. Quarles. Implementation Note issued November 8, 2018","Concurrence proves support for the action, not ideology"
2018-12-19,Jerome H. Powell,FOR,HIKE,CONCUR,HIKE,1,VOTE_ACTION_PROXY,https://www.federalreserve.gov/newsevents/pressreleases/monetary20181219a.htm,raw/statements/monetary20181219a.htm,"Voting for the FOMC monetary policy action were: Jerome H. Powell, Chairman; John C. Williams, Vice Chairman; Thomas I. Barkin; Raphael W. Bostic; Michelle W. Bowman; Lael Brainard; Richard H. Clarida; Mary C. Daly; Loretta J. Mester; and Randal K. Quarles. Implementation Note issued December 19, 2018","Concurrence proves support for the action, not ideology"
2018-12-19,John C. Williams,FOR,HIKE,CONCUR,HIKE,1,VOTE_ACTION_PROXY,https://www.federalreserve.gov/newsevents/pressreleases/monetary20181219a.htm,raw/statements/monetary20181219a.htm,"Voting for the FOMC monetary policy action were: Jerome H. Powell, Chairman; John C. Williams, Vice Chairman; Thomas I. Barkin; Raphael W. Bostic; Michelle W. Bowman; Lael Brainard; Richard H. Clarida; Mary C. Daly; Loretta J. Mester; and Randal K. Quarles. Implementation Note issued December 19, 2018","Concurrence proves support for the action, not ideology"
2018-12-19,Lael Brainard,FOR,HIKE,CONCUR,HIKE,1,VOTE_ACTION_PROXY,https://www.federalreserve.gov/newsevents/pressreleases/monetary20181219a.htm,raw/statements/monetary20181219a.htm,"Voting for the FOMC monetary policy action were: Jerome H. Powell, Chairman; John C. Williams, Vice Chairman; Thomas I. Barkin; Raphael W. Bostic; Michelle W. Bowman; Lael Brainard; Richard H. Clarida; Mary C. Daly; Loretta J. Mester; and Randal K. Quarles. Implementation Note issued December 19, 2018","Concurrence proves support for the action, not ideology"
2018-12-19,Loretta J. Mester,FOR,HIKE,CONCUR,HIKE,1,VOTE_ACTION_PROXY,https://www.federalreserve.gov/newsevents/pressreleases/monetary20181219a.htm,raw/statements/monetary20181219a.htm,"Voting for the FOMC monetary policy action were: Jerome H. Powell, Chairman; John C. Williams, Vice Chairman; Thomas I. Barkin; Raphael W. Bostic; Michelle W. Bowman; Lael Brainard; Richard H. Clarida; Mary C. Daly; Loretta J. Mester; and Randal K. Quarles. Implementation Note issued December 19, 2018","Concurrence proves support for the action, not ideology"
2018-12-19,Mary C. Daly,FOR,HIKE,CONCUR,HIKE,1,VOTE_ACTION_PROXY,https://www.federalreserve.gov/newsevents/pressreleases/monetary20181219a.htm,raw/statements/monetary20181219a.htm,"Voting for the FOMC monetary policy action were: Jerome H. Powell, Chairman; John C. Williams, Vice Chairman; Thomas I. Barkin; Raphael W. Bostic; Michelle W. Bowman; Lael Brainard; Richard H. Clarida; Mary C. Daly; Loretta J. Mester; and Randal K. Quarles. Implementation Note issued December 19, 2018","Concurrence proves support for the action, not ideology"
2018-12-19,Michelle W. Bowman,FOR,HIKE,CONCUR,HIKE,1,VOTE_ACTION_PROXY,https://www.federalreserve.gov/newsevents/pressreleases/monetary20181219a.htm,raw/statements/monetary20181219a.htm,"Voting for the FOMC monetary policy action were: Jerome H. Powell, Chairman; John C. Williams, Vice Chairman; Thomas I. Barkin; Raphael W. Bostic; Michelle W. Bowman; Lael Brainard; Richard H. Clarida; Mary C. Daly; Loretta J. Mester; and Randal K. Quarles. Implementation Note issued December 19, 2018","Concurrence proves support for the action, not ideology"
2018-12-19,Raphael W. Bostic,FOR,HIKE,CONCUR,HIKE,1,VOTE_ACTION_PROXY,https://www.federalreserve.gov/newsevents/pressreleases/monetary20181219a.htm,raw/statements/monetary20181219a.htm,"Voting for the FOMC monetary policy action were: Jerome H. Powell, Chairman; John C. Williams, Vice Chairman; Thomas I. Barkin; Raphael W. Bostic; Michelle W. Bowman; Lael Brainard; Richard H. Clarida; Mary C. Daly; Loretta J. Mester; and Randal K. Quarles. Implementation Note issued December 19, 2018","Concurrence proves support for the action, not ideology"
2018-12-19,Richard H. Clarida,FOR,HIKE,CONCUR,HIKE,1,VOTE_ACTION_PROXY,https://www.federalreserve.gov/newsevents/pressreleases/monetary20181219a.htm,raw/statements/monetary20181219a.htm,"Voting for the FOMC monetary policy action were: Jerome H. Powell, Chairman; John C. Williams, Vice Chairman; Thomas I. Barkin; Raphael W. Bostic; Michelle W. Bowman; Lael Brainard; Richard H. Clarida; Mary C. Daly; Loretta J. Mester; and Randal K. Quarles. Implementation Note issued December 19, 2018","Concurrence proves support for the action, not ideology"
2018-12-19,Thomas I. Barkin,FOR,HIKE,CONCUR,HIKE,1,VOTE_ACTION_PROXY,https://www.federalreserve.gov/newsevents/pressreleases/monetary20181219a.htm,raw/statements/monetary20181219a.htm,"Voting for the FOMC monetary policy action were: Jerome H. Powell, Chairman; John C. Williams, Vice Chairman; Thomas I. Barkin; Raphael W. Bostic; Michelle W. Bowman; Lael Brainard; Richard H. Clarida; Mary C. Daly; Loretta J. Mester; and Randal K. Quarles. Implementation Note issued December 19, 2018","Concurrence proves support for the action, not ideology"
2019-01-30,Charles L. Evans,FOR,HOLD,CONCUR,HOLD,0,VOTE_ACTION_PROXY,https://www.federalreserve.gov/newsevents/pressreleases/monetary20190130a.htm,raw/statements/monetary20190130a.htm,"Voting for the FOMC monetary policy action were: Jerome H. Powell, Chairman; John C. Williams, Vice Chairman; Michelle W. Bowman; Lael Brainard; James Bullard; Richard H. Clarida; Charles L. Evans; Esther L. George; Randal K. Quarles; and Eric S. Rosengren. Implementation Note issued January 30, 2019","Concurrence proves support for the action, not ideology"
2019-01-30,Esther L. George,FOR,HOLD,CONCUR,HOLD,0,VOTE_ACTION_PROXY,https://www.federalreserve.gov/newsevents/pressreleases/monetary20190130a.htm,raw/statements/monetary20190130a.htm,"Voting for the FOMC monetary policy action were: Jerome H. Powell, Chairman; John C. Williams, Vice Chairman; Michelle W. Bowman; Lael Brainard; James Bullard; Richard H. Clarida; Charles L. Evans; Esther L. George; Randal K. Quarles; and Eric S. Rosengren. Implementation Note issued January 30, 2019","Concurrence proves support for the action, not ideology"
2019-01-30,James Bullard,FOR,HOLD,CONCUR,HOLD,0,VOTE_ACTION_PROXY,https://www.federalreserve.gov/newsevents/pressreleases/monetary20190130a.htm,raw/statements/monetary20190130a.htm,"Voting for the FOMC monetary policy action were: Jerome H. Powell, Chairman; John C. Williams, Vice Chairman; Michelle W. Bowman; Lael Brainard; James Bullard; Richard H. Clarida; Charles L. Evans; Esther L. George; Randal K. Quarles; and Eric S. Rosengren. Implementation Note issued January 30, 2019","Concurrence proves support for the action, not ideology"
2019-01-30,Jerome H. Powell,FOR,HOLD,CONCUR,HOLD,0,VOTE_ACTION_PROXY,https://www.federalreserve.gov/newsevents/pressreleases/monetary20190130a.htm,raw/statements/monetary20190130a.htm,"Voting for the FOMC monetary policy action were: Jerome H. Powell, Chairman; John C. Williams, Vice Chairman; Michelle W. Bowman; Lael Brainard; James Bullard; Richard H. Clarida; Charles L. Evans; Esther L. George; Randal K. Quarles; and Eric S. Rosengren. Implementation Note issued January 30, 2019","Concurrence proves support for the action, not ideology"
2019-01-30,John C. Williams,FOR,HOLD,CONCUR,HOLD,0,VOTE_ACTION_PROXY,https://www.federalreserve.gov/newsevents/pressreleases/monetary20190130a.htm,raw/statements/monetary20190130a.htm,"Voting for the FOMC monetary policy action were: Jerome H. Powell, Chairman; John C. Williams, Vice Chairman; Michelle W. Bowman; Lael Brainard; James Bullard; Richard H. Clarida; Charles L. Evans; Esther L. George; Randal K. Quarles; and Eric S. Rosengren. Implementation Note issued January 30, 2019","Concurrence proves support for the action, not ideology"
2019-01-30,Lael Brainard,FOR,HOLD,CONCUR,HOLD,0,VOTE_ACTION_PROXY,https://www.federalreserve.gov/newsevents/pressreleases/monetary20190130a.htm,raw/statements/monetary20190130a.htm,"Voting for the FOMC monetary policy action were: Jerome H. Powell, Chairman; John C. Williams, Vice Chairman; Michelle W. Bowman; Lael Brainard; James Bullard; Richard H. Clarida; Charles L. Evans; Esther L. George; Randal K. Quarles; and Eric S. Rosengren. Implementation Note issued January 30, 2019","Concurrence proves support for the action, not ideology"
2019-01-30,Michelle W. Bowman,FOR,HOLD,CONCUR,HOLD,0,VOTE_ACTION_PROXY,https://www.federalreserve.gov/newsevents/pressreleases/monetary20190130a.htm,raw/statements/monetary20190130a.htm,"Voting for the FOMC monetary policy action were: Jerome H. Powell, Chairman; John C. Williams, Vice Chairman; Michelle W. Bowman; Lael Brainard; James Bullard; Richard H. Clarida; Charles L. Evans; Esther L. George; Randal K. Quarles; and Eric S. Rosengren. Implementation Note issued January 30, 2019","Concurrence proves support for the action, not ideology"
2019-01-30,Randal K. Quarles,FOR,HOLD,CONCUR,HOLD,0,VOTE_ACTION_PROXY,https://www.federalreserve.gov/newsevents/pressreleases/monetary20190130a.htm,raw/statements/monetary20190130a.htm,"Voting for the FOMC monetary policy action were: Jerome H. Powell, Chairman; John C. Williams, Vice Chairman; Michelle W. Bowman; Lael Brainard; James Bullard; Richard H. Clarida; Charles L. Evans; Esther L. George; Randal K. Quarles; and Eric S. Rosengren. Implementation Note issued January 30, 2019","Concurrence proves support for the action, not ideology"
2019-01-30,Richard H. Clarida,FOR,HOLD,CONCUR,HOLD,0,VOTE_ACTION_PROXY,https://www.federalreserve.gov/newsevents/pressreleases/monetary20190130a.htm,raw/statements/monetary20190130a.htm,"Voting for the FOMC monetary policy action were: Jerome H. Powell, Chairman; John C. Williams, Vice Chairman; Michelle W. Bowman; Lael Brainard; James Bullard; Richard H. Clarida; Charles L. Evans; Esther L. George; Randal K. Quarles; and Eric S. Rosengren. Implementation Note issued January 30, 2019","Concurrence proves support for the action, not ideology"
2019-03-20,Charles L. Evans,FOR,HOLD,CONCUR,HOLD,0,VOTE_ACTION_PROXY,https://www.federalreserve.gov/newsevents/pressreleases/monetary20190320a.htm,raw/statements/monetary20190320a.htm,"Voting for the FOMC monetary policy action were: Jerome H. Powell, Chairman; John C. Williams, Vice Chairman; Michelle W. Bowman; Lael Brainard; James Bullard; Richard H. Clarida; Charles L. Evans; Esther L. George; Randal K. Quarles; and Eric S. Rosengren. Implementation Note issued March 20, 2019","Concurrence proves support for the action, not ideology"
2019-03-20,Esther L. George,FOR,HOLD,CONCUR,HOLD,0,VOTE_ACTION_PROXY,https://www.federalreserve.gov/newsevents/pressreleases/monetary20190320a.htm,raw/statements/monetary20190320a.htm,"Voting for the FOMC monetary policy action were: Jerome H. Powell, Chairman; John C. Williams, Vice Chairman; Michelle W. Bowman; Lael Brainard; James Bullard; Richard H. Clarida; Charles L. Evans; Esther L. George; Randal K. Quarles; and Eric S. Rosengren. Implementation Note issued March 20, 2019","Concurrence proves support for the action, not ideology"
2019-03-20,James Bullard,FOR,HOLD,CONCUR,HOLD,0,VOTE_ACTION_PROXY,https://www.federalreserve.gov/newsevents/pressreleases/monetary20190320a.htm,raw/statements/monetary20190320a.htm,"Voting for the FOMC monetary policy action were: Jerome H. Powell, Chairman; John C. Williams, Vice Chairman; Michelle W. Bowman; Lael Brainard; James Bullard; Richard H. Clarida; Charles L. Evans; Esther L. George; Randal K. Quarles; and Eric S. Rosengren. Implementation Note issued March 20, 2019","Concurrence proves support for the action, not ideology"
2019-03-20,Jerome H. Powell,FOR,HOLD,CONCUR,HOLD,0,VOTE_ACTION_PROXY,https://www.federalreserve.gov/newsevents/pressreleases/monetary20190320a.htm,raw/statements/monetary20190320a.htm,"Voting for the FOMC monetary policy action were: Jerome H. Powell, Chairman; John C. Williams, Vice Chairman; Michelle W. Bowman; Lael Brainard; James Bullard; Richard H. Clarida; Charles L. Evans; Esther L. George; Randal K. Quarles; and Eric S. Rosengren. Implementation Note issued March 20, 2019","Concurrence proves support for the action, not ideology"
2019-03-20,John C. Williams,FOR,HOLD,CONCUR,HOLD,0,VOTE_ACTION_PROXY,https://www.federalreserve.gov/newsevents/pressreleases/monetary20190320a.htm,raw/statements/monetary20190320a.htm,"Voting for the FOMC monetary policy action were: Jerome H. Powell, Chairman; John C. Williams, Vice Chairman; Michelle W. Bowman; Lael Brainard; James Bullard; Richard H. Clarida; Charles L. Evans; Esther L. George; Randal K. Quarles; and Eric S. Rosengren. Implementation Note issued March 20, 2019","Concurrence proves support for the action, not ideology"
2019-03-20,Lael Brainard,FOR,HOLD,CONCUR,HOLD,0,VOTE_ACTION_PROXY,https://www.federalreserve.gov/newsevents/pressreleases/monetary20190320a.htm,raw/statements/monetary20190320a.htm,"Voting for the FOMC monetary policy action were: Jerome H. Powell, Chairman; John C. Williams, Vice Chairman; Michelle W. Bowman; Lael Brainard; James Bullard; Richard H. Clarida; Charles L. Evans; Esther L. George; Randal K. Quarles; and Eric S. Rosengren. Implementation Note issued March 20, 2019","Concurrence proves support for the action, not ideology"
2019-03-20,Michelle W. Bowman,FOR,HOLD,CONCUR,HOLD,0,VOTE_ACTION_PROXY,https://www.federalreserve.gov/newsevents/pressreleases/monetary20190320a.htm,raw/statements/monetary20190320a.htm,"Voting for the FOMC monetary policy action were: Jerome H. Powell, Chairman; John C. Williams, Vice Chairman; Michelle W. Bowman; Lael Brainard; James Bullard; Richard H. Clarida; Charles L. Evans; Esther L. George; Randal K. Quarles; and Eric S. Rosengren. Implementation Note issued March 20, 2019","Concurrence proves support for the action, not ideology"
2019-03-20,Randal K. Quarles,FOR,HOLD,CONCUR,HOLD,0,VOTE_ACTION_PROXY,https://www.federalreserve.gov/newsevents/pressreleases/monetary20190320a.htm,raw/statements/monetary20190320a.htm,"Voting for the FOMC monetary policy action were: Jerome H. Powell, Chairman; John C. Williams, Vice Chairman; Michelle W. Bowman; Lael Brainard; James Bullard; Richard H. Clarida; Charles L. Evans; Esther L. George; Randal K. Quarles; and Eric S. Rosengren. Implementation Note issued March 20, 2019","Concurrence proves support for the action, not ideology"
2019-03-20,Richard H. Clarida,FOR,HOLD,CONCUR,HOLD,0,VOTE_ACTION_PROXY,https://www.federalreserve.gov/newsevents/pressreleases/monetary20190320a.htm,raw/statements/monetary20190320a.htm,"Voting for the FOMC monetary policy action were: Jerome H. Powell, Chairman; John C. Williams, Vice Chairman; Michelle W. Bowman; Lael Brainard; James Bullard; Richard H. Clarida; Charles L. Evans; Esther L. George; Randal K. Quarles; and Eric S. Rosengren. Implementation Note issued March 20, 2019","Concurrence proves support for the action, not ideology"
2019-05-01,Charles L. Evans,FOR,HOLD,CONCUR,HOLD,0,VOTE_ACTION_PROXY,https://www.federalreserve.gov/newsevents/pressreleases/monetary20190501a.htm,raw/statements/monetary20190501a.htm,"Voting for the FOMC monetary policy action were: Jerome H. Powell, Chair; John C. Williams, Vice Chair; Michelle W. Bowman; Lael Brainard; James Bullard; Richard H. Clarida; Charles L. Evans; Esther L. George; Randal K. Quarles; and Eric S. Rosengren. Implementation Note issued May 1, 2019","Concurrence proves support for the action, not ideology"
2019-05-01,Esther L. George,FOR,HOLD,CONCUR,HOLD,0,VOTE_ACTION_PROXY,https://www.federalreserve.gov/newsevents/pressreleases/monetary20190501a.htm,raw/statements/monetary20190501a.htm,"Voting for the FOMC monetary policy action were: Jerome H. Powell, Chair; John C. Williams, Vice Chair; Michelle W. Bowman; Lael Brainard; James Bullard; Richard H. Clarida; Charles L. Evans; Esther L. George; Randal K. Quarles; and Eric S. Rosengren. Implementation Note issued May 1, 2019","Concurrence proves support for the action, not ideology"
2019-05-01,James Bullard,FOR,HOLD,CONCUR,HOLD,0,VOTE_ACTION_PROXY,https://www.federalreserve.gov/newsevents/pressreleases/monetary20190501a.htm,raw/statements/monetary20190501a.htm,"Voting for the FOMC monetary policy action were: Jerome H. Powell, Chair; John C. Williams, Vice Chair; Michelle W. Bowman; Lael Brainard; James Bullard; Richard H. Clarida; Charles L. Evans; Esther L. George; Randal K. Quarles; and Eric S. Rosengren. Implementation Note issued May 1, 2019","Concurrence proves support for the action, not ideology"
2019-05-01,Jerome H. Powell,FOR,HOLD,CONCUR,HOLD,0,VOTE_ACTION_PROXY,https://www.federalreserve.gov/newsevents/pressreleases/monetary20190501a.htm,raw/statements/monetary20190501a.htm,"Voting for the FOMC monetary policy action were: Jerome H. Powell, Chair; John C. Williams, Vice Chair; Michelle W. Bowman; Lael Brainard; James Bullard; Richard H. Clarida; Charles L. Evans; Esther L. George; Randal K. Quarles; and Eric S. Rosengren. Implementation Note issued May 1, 2019","Concurrence proves support for the action, not ideology"
2019-05-01,John C. Williams,FOR,HOLD,CONCUR,HOLD,0,VOTE_ACTION_PROXY,https://www.federalreserve.gov/newsevents/pressreleases/monetary20190501a.htm,raw/statements/monetary20190501a.htm,"Voting for the FOMC monetary policy action were: Jerome H. Powell, Chair; John C. Williams, Vice Chair; Michelle W. Bowman; Lael Brainard; James Bullard; Richard H. Clarida; Charles L. Evans; Esther L. George; Randal K. Quarles; and Eric S. Rosengren. Implementation Note issued May 1, 2019","Concurrence proves support for the action, not ideology"
2019-05-01,Lael Brainard,FOR,HOLD,CONCUR,HOLD,0,VOTE_ACTION_PROXY,https://www.federalreserve.gov/newsevents/pressreleases/monetary20190501a.htm,raw/statements/monetary20190501a.htm,"Voting for the FOMC monetary policy action were: Jerome H. Powell, Chair; John C. Williams, Vice Chair; Michelle W. Bowman; Lael Brainard; James Bullard; Richard H. Clarida; Charles L. Evans; Esther L. George; Randal K. Quarles; and Eric S. Rosengren. Implementation Note issued May 1, 2019","Concurrence proves support for the action, not ideology"
2019-05-01,Michelle W. Bowman,FOR,HOLD,CONCUR,HOLD,0,VOTE_ACTION_PROXY,https://www.federalreserve.gov/newsevents/pressreleases/monetary20190501a.htm,raw/statements/monetary20190501a.htm,"Voting for the FOMC monetary policy action were: Jerome H. Powell, Chair; John C. Williams, Vice Chair; Michelle W. Bowman; Lael Brainard; James Bullard; Richard H. Clarida; Charles L. Evans; Esther L. George; Randal K. Quarles; and Eric S. Rosengren. Implementation Note issued May 1, 2019","Concurrence proves support for the action, not ideology"
2019-05-01,Randal K. Quarles,FOR,HOLD,CONCUR,HOLD,0,VOTE_ACTION_PROXY,https://www.federalreserve.gov/newsevents/pressreleases/monetary20190501a.htm,raw/statements/monetary20190501a.htm,"Voting for the FOMC monetary policy action were: Jerome H. Powell, Chair; John C. Williams, Vice Chair; Michelle W. Bowman; Lael Brainard; James Bullard; Richard H. Clarida; Charles L. Evans; Esther L. George; Randal K. Quarles; and Eric S. Rosengren. Implementation Note issued May 1, 2019","Concurrence proves support for the action, not ideology"
2019-05-01,Richard H. Clarida,FOR,HOLD,CONCUR,HOLD,0,VOTE_ACTION_PROXY,https://www.federalreserve.gov/newsevents/pressreleases/monetary20190501a.htm,raw/statements/monetary20190501a.htm,"Voting for the FOMC monetary policy action were: Jerome H. Powell, Chair; John C. Williams, Vice Chair; Michelle W. Bowman; Lael Brainard; James Bullard; Richard H. Clarida; Charles L. Evans; Esther L. George; Randal K. Quarles; and Eric S. Rosengren. Implementation Note issued May 1, 2019","Concurrence proves support for the action, not ideology"
2019-06-19,Charles L. Evans,FOR,HOLD,CONCUR,HOLD,0,VOTE_ACTION_PROXY,https://www.federalreserve.gov/newsevents/pressreleases/monetary20190619a.htm,raw/statements/monetary20190619a.htm,"Voting for the monetary policy action were Jerome H. Powell, Chair; John C. Williams, Vice Chair; Michelle W. Bowman; Lael Brainard; Richard H. Clarida; Charles L. Evans; Esther L. George; Randal K. Quarles; and Eric S. Rosengren. Voting against the action was James Bullard, who preferred at this meeting to lower the target range for the federal funds rate by 25 basis points. Implementation Note issued June 19, 2019","Concurrence proves support for the action, not ideology"
2019-06-19,Eric S. Rosengren,FOR,HOLD,CONCUR,HOLD,0,VOTE_ACTION_PROXY,https://www.federalreserve.gov/newsevents/pressreleases/monetary20190619a.htm,raw/statements/monetary20190619a.htm,"Voting for the monetary policy action were Jerome H. Powell, Chair; John C. Williams, Vice Chair; Michelle W. Bowman; Lael Brainard; Richard H. Clarida; Charles L. Evans; Esther L. George; Randal K. Quarles; and Eric S. Rosengren. Voting against the action was James Bullard, who preferred at this meeting to lower the target range for the federal funds rate by 25 basis points. Implementation Note issued June 19, 2019","Concurrence proves support for the action, not ideology"
2019-06-19,Esther L. George,FOR,HOLD,CONCUR,HOLD,0,VOTE_ACTION_PROXY,https://www.federalreserve.gov/newsevents/pressreleases/monetary20190619a.htm,raw/statements/monetary20190619a.htm,"Voting for the monetary policy action were Jerome H. Powell, Chair; John C. Williams, Vice Chair; Michelle W. Bowman; Lael Brainard; Richard H. Clarida; Charles L. Evans; Esther L. George; Randal K. Quarles; and Eric S. Rosengren. Voting against the action was James Bullard, who preferred at this meeting to lower the target range for the federal funds rate by 25 basis points. Implementation Note issued June 19, 2019","Concurrence proves support for the action, not ideology"
2019-06-19,James Bullard,AGAINST,HOLD,EASIER,CUT_25BP,-2,VOTE_DISSENT,https://www.federalreserve.gov/newsevents/pressreleases/monetary20190619a.htm,raw/statements/monetary20190619a.htm,"Voting for the monetary policy action were Jerome H. Powell, Chair; John C. Williams, Vice Chair; Michelle W. Bowman; Lael Brainard; Richard H. Clarida; Charles L. Evans; Esther L. George; Randal K. Quarles; and Eric S. Rosengren. Voting against the action was James Bullard, who preferred at this meeting to lower the target range for the federal funds rate by 25 basis points. Implementation Note issued June 19, 2019",Preferred a 25bp cut while the committee held
2019-06-19,Jerome H. Powell,FOR,HOLD,CONCUR,HOLD,0,VOTE_ACTION_PROXY,https://www.federalreserve.gov/newsevents/pressreleases/monetary20190619a.htm,raw/statements/monetary20190619a.htm,"Voting for the monetary policy action were Jerome H. Powell, Chair; John C. Williams, Vice Chair; Michelle W. Bowman; Lael Brainard; Richard H. Clarida; Charles L. Evans; Esther L. George; Randal K. Quarles; and Eric S. Rosengren. Voting against the action was James Bullard, who preferred at this meeting to lower the target range for the federal funds rate by 25 basis points. Implementation Note issued June 19, 2019","Concurrence proves support for the action, not ideology"
2019-06-19,John C. Williams,FOR,HOLD,CONCUR,HOLD,0,VOTE_ACTION_PROXY,https://www.federalreserve.gov/newsevents/pressreleases/monetary20190619a.htm,raw/statements/monetary20190619a.htm,"Voting for the monetary policy action were Jerome H. Powell, Chair; John C. Williams, Vice Chair; Michelle W. Bowman; Lael Brainard; Richard H. Clarida; Charles L. Evans; Esther L. George; Randal K. Quarles; and Eric S. Rosengren. Voting against the action was James Bullard, who preferred at this meeting to lower the target range for the federal funds rate by 25 basis points. Implementation Note issued June 19, 2019","Concurrence proves support for the action, not ideology"
2019-06-19,Lael Brainard,FOR,HOLD,CONCUR,HOLD,0,VOTE_ACTION_PROXY,https://www.federalreserve.gov/newsevents/pressreleases/monetary20190619a.htm,raw/statements/monetary20190619a.htm,"Voting for the monetary policy action were Jerome H. Powell, Chair; John C. Williams, Vice Chair; Michelle W. Bowman; Lael Brainard; Richard H. Clarida; Charles L. Evans; Esther L. George; Randal K. Quarles; and Eric S. Rosengren. Voting against the action was James Bullard, who preferred at this meeting to lower the target range for the federal funds rate by 25 basis points. Implementation Note issued June 19, 2019","Concurrence proves support for the action, not ideology"
2019-06-19,Michelle W. Bowman,FOR,HOLD,CONCUR,HOLD,0,VOTE_ACTION_PROXY,https://www.federalreserve.gov/newsevents/pressreleases/monetary20190619a.htm,raw/statements/monetary20190619a.htm,"Voting for the monetary policy action were Jerome H. Powell, Chair; John C. Williams, Vice Chair; Michelle W. Bowman; Lael Brainard; Richard H. Clarida; Charles L. Evans; Esther L. George; Randal K. Quarles; and Eric S. Rosengren. Voting against the action was James Bullard, who preferred at this meeting to lower the target range for the federal funds rate by 25 basis points. Implementation Note issued June 19, 2019","Concurrence proves support for the action, not ideology"
2019-06-19,Randal K. Quarles,FOR,HOLD,CONCUR,HOLD,0,VOTE_ACTION_PROXY,https://www.federalreserve.gov/newsevents/pressreleases/monetary20190619a.htm,raw/statements/monetary20190619a.htm,"Voting for the monetary policy action were Jerome H. Powell, Chair; John C. Williams, Vice Chair; Michelle W. Bowman; Lael Brainard; Richard H. Clarida; Charles L. Evans; Esther L. George; Randal K. Quarles; and Eric S. Rosengren. Voting against the action was James Bullard, who preferred at this meeting to lower the target range for the federal funds rate by 25 basis points. Implementation Note issued June 19, 2019","Concurrence proves support for the action, not ideology"
2019-06-19,Richard H. Clarida,FOR,HOLD,CONCUR,HOLD,0,VOTE_ACTION_PROXY,https://www.federalreserve.gov/newsevents/pressreleases/monetary20190619a.htm,raw/statements/monetary20190619a.htm,"Voting for the monetary policy action were Jerome H. Powell, Chair; John C. Williams, Vice Chair; Michelle W. Bowman; Lael Brainard; Richard H. Clarida; Charles L. Evans; Esther L. George; Randal K. Quarles; and Eric S. Rosengren. Voting against the action was James Bullard, who preferred at this meeting to lower the target range for the federal funds rate by 25 basis points. Implementation Note issued June 19, 2019","Concurrence proves support for the action, not ideology"
2019-07-31,Charles L. Evans,FOR,CUT,CONCUR,CUT,-1,VOTE_ACTION_PROXY,https://www.federalreserve.gov/newsevents/pressreleases/monetary20190731a.htm,raw/statements/monetary20190731a.htm,"Voting for the monetary policy action were Jerome H. Powell, Chair; John C. Williams, Vice Chair; Michelle W. Bowman; Lael Brainard; James Bullard; Richard H. Clarida; Charles L. Evans; and Randal K. Quarles. Voting against the action were Esther L. George and Eric S. Rosengren, who preferred at this meeting to maintain the target range for the federal funds rate at 2-1/4 to 2-1/2 percent. Implementation Note issued July 31, 2019","Concurrence proves support for the action, not ideology"
2019-07-31,Eric S. Rosengren,AGAINST,CUT,TIGHTER,HOLD,2,VOTE_DISSENT,https://www.federalreserve.gov/newsevents/pressreleases/monetary20190731a.htm,raw/statements/monetary20190731a.htm,"Voting for the monetary policy action were Jerome H. Powell, Chair; John C. Williams, Vice Chair; Michelle W. Bowman; Lael Brainard; James Bullard; Richard H. Clarida; Charles L. Evans; and Randal K. Quarles. Voting against the action were Esther L. George and Eric S. Rosengren, who preferred at this meeting to maintain the target range for the federal funds rate at 2-1/4 to 2-1/2 percent. Implementation Note issued July 31, 2019",Preferred no cut while the committee cut 25bp
2019-07-31,Esther L. George,AGAINST,CUT,TIGHTER,HOLD,2,VOTE_DISSENT,https://www.federalreserve.gov/newsevents/pressreleases/monetary20190731a.htm,raw/statements/monetary20190731a.htm,"Voting for the monetary policy action were Jerome H. Powell, Chair; John C. Williams, Vice Chair; Michelle W. Bowman; Lael Brainard; James Bullard; Richard H. Clarida; Charles L. Evans; and Randal K. Quarles. Voting against the action were Esther L. George and Eric S. Rosengren, who preferred at this meeting to maintain the target range for the federal funds rate at 2-1/4 to 2-1/2 percent. Implementation Note issued July 31, 2019",Preferred no cut while the committee cut 25bp
2019-07-31,James Bullard,FOR,CUT,CONCUR,CUT,-1,VOTE_ACTION_PROXY,https://www.federalreserve.gov/newsevents/pressreleases/monetary20190731a.htm,raw/statements/monetary20190731a.htm,"Voting for the monetary policy action were Jerome H. Powell, Chair; John C. Williams, Vice Chair; Michelle W. Bowman; Lael Brainard; James Bullard; Richard H. Clarida; Charles L. Evans; and Randal K. Quarles. Voting against the action were Esther L. George and Eric S. Rosengren, who preferred at this meeting to maintain the target range for the federal funds rate at 2-1/4 to 2-1/2 percent. Implementation Note issued July 31, 2019","Concurrence proves support for the action, not ideology"
2019-07-31,Jerome H. Powell,FOR,CUT,CONCUR,CUT,-1,VOTE_ACTION_PROXY,https://www.federalreserve.gov/newsevents/pressreleases/monetary20190731a.htm,raw/statements/monetary20190731a.htm,"Voting for the monetary policy action were Jerome H. Powell, Chair; John C. Williams, Vice Chair; Michelle W. Bowman; Lael Brainard; James Bullard; Richard H. Clarida; Charles L. Evans; and Randal K. Quarles. Voting against the action were Esther L. George and Eric S. Rosengren, who preferred at this meeting to maintain the target range for the federal funds rate at 2-1/4 to 2-1/2 percent. Implementation Note issued July 31, 2019","Concurrence proves support for the action, not ideology"
2019-07-31,John C. Williams,FOR,CUT,CONCUR,CUT,-1,VOTE_ACTION_PROXY,https://www.federalreserve.gov/newsevents/pressreleases/monetary20190731a.htm,raw/statements/monetary20190731a.htm,"Voting for the monetary policy action were Jerome H. Powell, Chair; John C. Williams, Vice Chair; Michelle W. Bowman; Lael Brainard; James Bullard; Richard H. Clarida; Charles L. Evans; and Randal K. Quarles. Voting against the action were Esther L. George and Eric S. Rosengren, who preferred at this meeting to maintain the target range for the federal funds rate at 2-1/4 to 2-1/2 percent. Implementation Note issued July 31, 2019","Concurrence proves support for the action, not ideology"
2019-07-31,Lael Brainard,FOR,CUT,CONCUR,CUT,-1,VOTE_ACTION_PROXY,https://www.federalreserve.gov/newsevents/pressreleases/monetary20190731a.htm,raw/statements/monetary20190731a.htm,"Voting for the monetary policy action were Jerome H. Powell, Chair; John C. Williams, Vice Chair; Michelle W. Bowman; Lael Brainard; James Bullard; Richard H. Clarida; Charles L. Evans; and Randal K. Quarles. Voting against the action were Esther L. George and Eric S. Rosengren, who preferred at this meeting to maintain the target range for the federal funds rate at 2-1/4 to 2-1/2 percent. Implementation Note issued July 31, 2019","Concurrence proves support for the action, not ideology"
2019-07-31,Michelle W. Bowman,FOR,CUT,CONCUR,CUT,-1,VOTE_ACTION_PROXY,https://www.federalreserve.gov/newsevents/pressreleases/monetary20190731a.htm,raw/statements/monetary20190731a.htm,"Voting for the monetary policy action were Jerome H. Powell, Chair; John C. Williams, Vice Chair; Michelle W. Bowman; Lael Brainard; James Bullard; Richard H. Clarida; Charles L. Evans; and Randal K. Quarles. Voting against the action were Esther L. George and Eric S. Rosengren, who preferred at this meeting to maintain the target range for the federal funds rate at 2-1/4 to 2-1/2 percent. Implementation Note issued July 31, 2019","Concurrence proves support for the action, not ideology"
2019-07-31,Randal K. Quarles,FOR,CUT,CONCUR,CUT,-1,VOTE_ACTION_PROXY,https://www.federalreserve.gov/newsevents/pressreleases/monetary20190731a.htm,raw/statements/monetary20190731a.htm,"Voting for the monetary policy action were Jerome H. Powell, Chair; John C. Williams, Vice Chair; Michelle W. Bowman; Lael Brainard; James Bullard; Richard H. Clarida; Charles L. Evans; and Randal K. Quarles. Voting against the action were Esther L. George and Eric S. Rosengren, who preferred at this meeting to maintain the target range for the federal funds rate at 2-1/4 to 2-1/2 percent. Implementation Note issued July 31, 2019","Concurrence proves support for the action, not ideology"
2019-07-31,Richard H. Clarida,FOR,CUT,CONCUR,CUT,-1,VOTE_ACTION_PROXY,https://www.federalreserve.gov/newsevents/pressreleases/monetary20190731a.htm,raw/statements/monetary20190731a.htm,"Voting for the monetary policy action were Jerome H. Powell, Chair; John C. Williams, Vice Chair; Michelle W. Bowman; Lael Brainard; James Bullard; Richard H. Clarida; Charles L. Evans; and Randal K. Quarles. Voting against the action were Esther L. George and Eric S. Rosengren, who preferred at this meeting to maintain the target range for the federal funds rate at 2-1/4 to 2-1/2 percent. Implementation Note issued July 31, 2019","Concurrence proves support for the action, not ideology"
2019-09-18,Charles L. Evans,FOR,CUT,CONCUR,CUT,-1,VOTE_ACTION_PROXY,https://www.federalreserve.gov/newsevents/pressreleases/monetary20190918a.htm,raw/statements/monetary20190918a.htm,"Voting for the monetary policy action were Jerome H. Powell, Chair, John C. Williams, Vice Chair; Michelle W. Bowman; Lael Brainard; Richard H. Clarida; Charles L. Evans; and Randal K. Quarles. Voting against the action were James Bullard, who preferred at this meeting to lower the target range for the federal funds rate to 1-1/2 to 1-3/4 percent; and Esther L. George and Eric S. Rosengren, who preferred to maintain the target range at 2 percent to 2-1/4 percent. Implementation Note issued September 18, 2019","Concurrence proves support for the action, not ideology"
2019-09-18,Eric S. Rosengren,AGAINST,CUT,TIGHTER,HOLD,2,VOTE_DISSENT,https://www.federalreserve.gov/newsevents/pressreleases/monetary20190918a.htm,raw/statements/monetary20190918a.htm,"Voting for the monetary policy action were Jerome H. Powell, Chair, John C. Williams, Vice Chair; Michelle W. Bowman; Lael Brainard; Richard H. Clarida; Charles L. Evans; and Randal K. Quarles. Voting against the action were James Bullard, who preferred at this meeting to lower the target range for the federal funds rate to 1-1/2 to 1-3/4 percent; and Esther L. George and Eric S. Rosengren, who preferred to maintain the target range at 2 percent to 2-1/4 percent. Implementation Note issued September 18, 2019",Preferred no cut while the committee cut 25bp
2019-09-18,Esther L. George,AGAINST,CUT,TIGHTER,HOLD,2,VOTE_DISSENT,https://www.federalreserve.gov/newsevents/pressreleases/monetary20190918a.htm,raw/statements/monetary20190918a.htm,"Voting for the monetary policy action were Jerome H. Powell, Chair, John C. Williams, Vice Chair; Michelle W. Bowman; Lael Brainard; Richard H. Clarida; Charles L. Evans; and Randal K. Quarles. Voting against the action were James Bullard, who preferred at this meeting to lower the target range for the federal funds rate to 1-1/2 to 1-3/4 percent; and Esther L. George and Eric S. Rosengren, who preferred to maintain the target range at 2 percent to 2-1/4 percent. Implementation Note issued September 18, 2019",Preferred no cut while the committee cut 25bp
2019-09-18,James Bullard,AGAINST,CUT,EASIER,CUT_50BP,-2,VOTE_DISSENT,https://www.federalreserve.gov/newsevents/pressreleases/monetary20190918a.htm,raw/statements/monetary20190918a.htm,"Voting for the monetary policy action were Jerome H. Powell, Chair, John C. Williams, Vice Chair; Michelle W. Bowman; Lael Brainard; Richard H. Clarida; Charles L. Evans; and Randal K. Quarles. Voting against the action were James Bullard, who preferred at this meeting to lower the target range for the federal funds rate to 1-1/2 to 1-3/4 percent; and Esther L. George and Eric S. Rosengren, who preferred to maintain the target range at 2 percent to 2-1/4 percent. Implementation Note issued September 18, 2019",Preferred a larger cut than the committee's 25bp cut
2019-09-18,Jerome H. Powell,FOR,CUT,CONCUR,CUT,-1,VOTE_ACTION_PROXY,https://www.federalreserve.gov/newsevents/pressreleases/monetary20190918a.htm,raw/statements/monetary20190918a.htm,"Voting for the monetary policy action were Jerome H. Powell, Chair, John C. Williams, Vice Chair; Michelle W. Bowman; Lael Brainard; Richard H. Clarida; Charles L. Evans; and Randal K. Quarles. Voting against the action were James Bullard, who preferred at this meeting to lower the target range for the federal funds rate to 1-1/2 to 1-3/4 percent; and Esther L. George and Eric S. Rosengren, who preferred to maintain the target range at 2 percent to 2-1/4 percent. Implementation Note issued September 18, 2019","Concurrence proves support for the action, not ideology"
2019-09-18,John C. Williams,FOR,CUT,CONCUR,CUT,-1,VOTE_ACTION_PROXY,https://www.federalreserve.gov/newsevents/pressreleases/monetary20190918a.htm,raw/statements/monetary20190918a.htm,"Voting for the monetary policy action were Jerome H. Powell, Chair, John C. Williams, Vice Chair; Michelle W. Bowman; Lael Brainard; Richard H. Clarida; Charles L. Evans; and Randal K. Quarles. Voting against the action were James Bullard, who preferred at this meeting to lower the target range for the federal funds rate to 1-1/2 to 1-3/4 percent; and Esther L. George and Eric S. Rosengren, who preferred to maintain the target range at 2 percent to 2-1/4 percent. Implementation Note issued September 18, 2019","Concurrence proves support for the action, not ideology"
2019-09-18,Lael Brainard,FOR,CUT,CONCUR,CUT,-1,VOTE_ACTION_PROXY,https://www.federalreserve.gov/newsevents/pressreleases/monetary20190918a.htm,raw/statements/monetary20190918a.htm,"Voting for the monetary policy action were Jerome H. Powell, Chair, John C. Williams, Vice Chair; Michelle W. Bowman; Lael Brainard; Richard H. Clarida; Charles L. Evans; and Randal K. Quarles. Voting against the action were James Bullard, who preferred at this meeting to lower the target range for the federal funds rate to 1-1/2 to 1-3/4 percent; and Esther L. George and Eric S. Rosengren, who preferred to maintain the target range at 2 percent to 2-1/4 percent. Implementation Note issued September 18, 2019","Concurrence proves support for the action, not ideology"
2019-09-18,Michelle W. Bowman,FOR,CUT,CONCUR,CUT,-1,VOTE_ACTION_PROXY,https://www.federalreserve.gov/newsevents/pressreleases/monetary20190918a.htm,raw/statements/monetary20190918a.htm,"Voting for the monetary policy action were Jerome H. Powell, Chair, John C. Williams, Vice Chair; Michelle W. Bowman; Lael Brainard; Richard H. Clarida; Charles L. Evans; and Randal K. Quarles. Voting against the action were James Bullard, who preferred at this meeting to lower the target range for the federal funds rate to 1-1/2 to 1-3/4 percent; and Esther L. George and Eric S. Rosengren, who preferred to maintain the target range at 2 percent to 2-1/4 percent. Implementation Note issued September 18, 2019","Concurrence proves support for the action, not ideology"
2019-09-18,Randal K. Quarles,FOR,CUT,CONCUR,CUT,-1,VOTE_ACTION_PROXY,https://www.federalreserve.gov/newsevents/pressreleases/monetary20190918a.htm,raw/statements/monetary20190918a.htm,"Voting for the monetary policy action were Jerome H. Powell, Chair, John C. Williams, Vice Chair; Michelle W. Bowman; Lael Brainard; Richard H. Clarida; Charles L. Evans; and Randal K. Quarles. Voting against the action were James Bullard, who preferred at this meeting to lower the target range for the federal funds rate to 1-1/2 to 1-3/4 percent; and Esther L. George and Eric S. Rosengren, who preferred to maintain the target range at 2 percent to 2-1/4 percent. Implementation Note issued September 18, 2019","Concurrence proves support for the action, not ideology"
2019-09-18,Richard H. Clarida,FOR,CUT,CONCUR,CUT,-1,VOTE_ACTION_PROXY,https://www.federalreserve.gov/newsevents/pressreleases/monetary20190918a.htm,raw/statements/monetary20190918a.htm,"Voting for the monetary policy action were Jerome H. Powell, Chair, John C. Williams, Vice Chair; Michelle W. Bowman; Lael Brainard; Richard H. Clarida; Charles L. Evans; and Randal K. Quarles. Voting against the action were James Bullard, who preferred at this meeting to lower the target range for the federal funds rate to 1-1/2 to 1-3/4 percent; and Esther L. George and Eric S. Rosengren, who preferred to maintain the target range at 2 percent to 2-1/4 percent. Implementation Note issued September 18, 2019","Concurrence proves support for the action, not ideology"
2019-10-30,Charles L. Evans,FOR,CUT,CONCUR,CUT,-1,VOTE_ACTION_PROXY,https://www.federalreserve.gov/newsevents/pressreleases/monetary20191030a.htm,raw/statements/monetary20191030a.htm,"Voting for the monetary policy action were Jerome H. Powell, Chair; John C. Williams, Vice Chair; Michelle W. Bowman; Lael Brainard; James Bullard; Richard H. Clarida; Charles L. Evans; and Randal K. Quarles. Voting against this action were: Esther L. George and Eric S. Rosengren, who preferred at this meeting to maintain the target range at 1-3/4 percent to 2 percent. Implementation Note issued October 30, 2019","Concurrence proves support for the action, not ideology"
2019-10-30,Eric S. Rosengren,AGAINST,CUT,TIGHTER,HOLD,2,VOTE_DISSENT,https://www.federalreserve.gov/newsevents/pressreleases/monetary20191030a.htm,raw/statements/monetary20191030a.htm,"Voting for the monetary policy action were Jerome H. Powell, Chair; John C. Williams, Vice Chair; Michelle W. Bowman; Lael Brainard; James Bullard; Richard H. Clarida; Charles L. Evans; and Randal K. Quarles. Voting against this action were: Esther L. George and Eric S. Rosengren, who preferred at this meeting to maintain the target range at 1-3/4 percent to 2 percent. Implementation Note issued October 30, 2019",Preferred no cut while the committee cut 25bp
2019-10-30,Esther L. George,AGAINST,CUT,TIGHTER,HOLD,2,VOTE_DISSENT,https://www.federalreserve.gov/newsevents/pressreleases/monetary20191030a.htm,raw/statements/monetary20191030a.htm,"Voting for the monetary policy action were Jerome H. Powell, Chair; John C. Williams, Vice Chair; Michelle W. Bowman; Lael Brainard; James Bullard; Richard H. Clarida; Charles L. Evans; and Randal K. Quarles. Voting against this action were: Esther L. George and Eric S. Rosengren, who preferred at this meeting to maintain the target range at 1-3/4 percent to 2 percent. Implementation Note issued October 30, 2019",Preferred no cut while the committee cut 25bp
2019-10-30,James Bullard,FOR,CUT,CONCUR,CUT,-1,VOTE_ACTION_PROXY,https://www.federalreserve.gov/newsevents/pressreleases/monetary20191030a.htm,raw/statements/monetary20191030a.htm,"Voting for the monetary policy action were Jerome H. Powell, Chair; John C. Williams, Vice Chair; Michelle W. Bowman; Lael Brainard; James Bullard; Richard H. Clarida; Charles L. Evans; and Randal K. Quarles. Voting against this action were: Esther L. George and Eric S. Rosengren, who preferred at this meeting to maintain the target range at 1-3/4 percent to 2 percent. Implementation Note issued October 30, 2019","Concurrence proves support for the action, not ideology"
2019-10-30,Jerome H. Powell,FOR,CUT,CONCUR,CUT,-1,VOTE_ACTION_PROXY,https://www.federalreserve.gov/newsevents/pressreleases/monetary20191030a.htm,raw/statements/monetary20191030a.htm,"Voting for the monetary policy action were Jerome H. Powell, Chair; John C. Williams, Vice Chair; Michelle W. Bowman; Lael Brainard; James Bullard; Richard H. Clarida; Charles L. Evans; and Randal K. Quarles. Voting against this action were: Esther L. George and Eric S. Rosengren, who preferred at this meeting to maintain the target range at 1-3/4 percent to 2 percent. Implementation Note issued October 30, 2019","Concurrence proves support for the action, not ideology"
2019-10-30,John C. Williams,FOR,CUT,CONCUR,CUT,-1,VOTE_ACTION_PROXY,https://www.federalreserve.gov/newsevents/pressreleases/monetary20191030a.htm,raw/statements/monetary20191030a.htm,"Voting for the monetary policy action were Jerome H. Powell, Chair; John C. Williams, Vice Chair; Michelle W. Bowman; Lael Brainard; James Bullard; Richard H. Clarida; Charles L. Evans; and Randal K. Quarles. Voting against this action were: Esther L. George and Eric S. Rosengren, who preferred at this meeting to maintain the target range at 1-3/4 percent to 2 percent. Implementation Note issued October 30, 2019","Concurrence proves support for the action, not ideology"
2019-10-30,Lael Brainard,FOR,CUT,CONCUR,CUT,-1,VOTE_ACTION_PROXY,https://www.federalreserve.gov/newsevents/pressreleases/monetary20191030a.htm,raw/statements/monetary20191030a.htm,"Voting for the monetary policy action were Jerome H. Powell, Chair; John C. Williams, Vice Chair; Michelle W. Bowman; Lael Brainard; James Bullard; Richard H. Clarida; Charles L. Evans; and Randal K. Quarles. Voting against this action were: Esther L. George and Eric S. Rosengren, who preferred at this meeting to maintain the target range at 1-3/4 percent to 2 percent. Implementation Note issued October 30, 2019","Concurrence proves support for the action, not ideology"
2019-10-30,Michelle W. Bowman,FOR,CUT,CONCUR,CUT,-1,VOTE_ACTION_PROXY,https://www.federalreserve.gov/newsevents/pressreleases/monetary20191030a.htm,raw/statements/monetary20191030a.htm,"Voting for the monetary policy action were Jerome H. Powell, Chair; John C. Williams, Vice Chair; Michelle W. Bowman; Lael Brainard; James Bullard; Richard H. Clarida; Charles L. Evans; and Randal K. Quarles. Voting against this action were: Esther L. George and Eric S. Rosengren, who preferred at this meeting to maintain the target range at 1-3/4 percent to 2 percent. Implementation Note issued October 30, 2019","Concurrence proves support for the action, not ideology"
2019-10-30,Randal K. Quarles,FOR,CUT,CONCUR,CUT,-1,VOTE_ACTION_PROXY,https://www.federalreserve.gov/newsevents/pressreleases/monetary20191030a.htm,raw/statements/monetary20191030a.htm,"Voting for the monetary policy action were Jerome H. Powell, Chair; John C. Williams, Vice Chair; Michelle W. Bowman; Lael Brainard; James Bullard; Richard H. Clarida; Charles L. Evans; and Randal K. Quarles. Voting against this action were: Esther L. George and Eric S. Rosengren, who preferred at this meeting to maintain the target range at 1-3/4 percent to 2 percent. Implementation Note issued October 30, 2019","Concurrence proves support for the action, not ideology"
2019-10-30,Richard H. Clarida,FOR,CUT,CONCUR,CUT,-1,VOTE_ACTION_PROXY,https://www.federalreserve.gov/newsevents/pressreleases/monetary20191030a.htm,raw/statements/monetary20191030a.htm,"Voting for the monetary policy action were Jerome H. Powell, Chair; John C. Williams, Vice Chair; Michelle W. Bowman; Lael Brainard; James Bullard; Richard H. Clarida; Charles L. Evans; and Randal K. Quarles. Voting against this action were: Esther L. George and Eric S. Rosengren, who preferred at this meeting to maintain the target range at 1-3/4 percent to 2 percent. Implementation Note issued October 30, 2019","Concurrence proves support for the action, not ideology"
2019-12-11,Charles L. Evans,FOR,HOLD,CONCUR,HOLD,0,VOTE_ACTION_PROXY,https://www.federalreserve.gov/newsevents/pressreleases/monetary20191211a.htm,raw/statements/monetary20191211a.htm,"Voting for the monetary policy action were Jerome H. Powell, Chair; John C. Williams, Vice Chair; Michelle W. Bowman; Lael Brainard; James Bullard; Richard H. Clarida; Charles L. Evans; Esther L. George; Randal K. Quarles; and Eric S. Rosengren. Implementation Note issued December 11, 2019","Concurrence proves support for the action, not ideology"
2019-12-11,Esther L. George,FOR,HOLD,CONCUR,HOLD,0,VOTE_ACTION_PROXY,https://www.federalreserve.gov/newsevents/pressreleases/monetary20191211a.htm,raw/statements/monetary20191211a.htm,"Voting for the monetary policy action were Jerome H. Powell, Chair; John C. Williams, Vice Chair; Michelle W. Bowman; Lael Brainard; James Bullard; Richard H. Clarida; Charles L. Evans; Esther L. George; Randal K. Quarles; and Eric S. Rosengren. Implementation Note issued December 11, 2019","Concurrence proves support for the action, not ideology"
2019-12-11,James Bullard,FOR,HOLD,CONCUR,HOLD,0,VOTE_ACTION_PROXY,https://www.federalreserve.gov/newsevents/pressreleases/monetary20191211a.htm,raw/statements/monetary20191211a.htm,"Voting for the monetary policy action were Jerome H. Powell, Chair; John C. Williams, Vice Chair; Michelle W. Bowman; Lael Brainard; James Bullard; Richard H. Clarida; Charles L. Evans; Esther L. George; Randal K. Quarles; and Eric S. Rosengren. Implementation Note issued December 11, 2019","Concurrence proves support for the action, not ideology"
2019-12-11,Jerome H. Powell,FOR,HOLD,CONCUR,HOLD,0,VOTE_ACTION_PROXY,https://www.federalreserve.gov/newsevents/pressreleases/monetary20191211a.htm,raw/statements/monetary20191211a.htm,"Voting for the monetary policy action were Jerome H. Powell, Chair; John C. Williams, Vice Chair; Michelle W. Bowman; Lael Brainard; James Bullard; Richard H. Clarida; Charles L. Evans; Esther L. George; Randal K. Quarles; and Eric S. Rosengren. Implementation Note issued December 11, 2019","Concurrence proves support for the action, not ideology"
2019-12-11,John C. Williams,FOR,HOLD,CONCUR,HOLD,0,VOTE_ACTION_PROXY,https://www.federalreserve.gov/newsevents/pressreleases/monetary20191211a.htm,raw/statements/monetary20191211a.htm,"Voting for the monetary policy action were Jerome H. Powell, Chair; John C. Williams, Vice Chair; Michelle W. Bowman; Lael Brainard; James Bullard; Richard H. Clarida; Charles L. Evans; Esther L. George; Randal K. Quarles; and Eric S. Rosengren. Implementation Note issued December 11, 2019","Concurrence proves support for the action, not ideology"
2019-12-11,Lael Brainard,FOR,HOLD,CONCUR,HOLD,0,VOTE_ACTION_PROXY,https://www.federalreserve.gov/newsevents/pressreleases/monetary20191211a.htm,raw/statements/monetary20191211a.htm,"Voting for the monetary policy action were Jerome H. Powell, Chair; John C. Williams, Vice Chair; Michelle W. Bowman; Lael Brainard; James Bullard; Richard H. Clarida; Charles L. Evans; Esther L. George; Randal K. Quarles; and Eric S. Rosengren. Implementation Note issued December 11, 2019","Concurrence proves support for the action, not ideology"
2019-12-11,Michelle W. Bowman,FOR,HOLD,CONCUR,HOLD,0,VOTE_ACTION_PROXY,https://www.federalreserve.gov/newsevents/pressreleases/monetary20191211a.htm,raw/statements/monetary20191211a.htm,"Voting for the monetary policy action were Jerome H. Powell, Chair; John C. Williams, Vice Chair; Michelle W. Bowman; Lael Brainard; James Bullard; Richard H. Clarida; Charles L. Evans; Esther L. George; Randal K. Quarles; and Eric S. Rosengren. Implementation Note issued December 11, 2019","Concurrence proves support for the action, not ideology"
2019-12-11,Randal K. Quarles,FOR,HOLD,CONCUR,HOLD,0,VOTE_ACTION_PROXY,https://www.federalreserve.gov/newsevents/pressreleases/monetary20191211a.htm,raw/statements/monetary20191211a.htm,"Voting for the monetary policy action were Jerome H. Powell, Chair; John C. Williams, Vice Chair; Michelle W. Bowman; Lael Brainard; James Bullard; Richard H. Clarida; Charles L. Evans; Esther L. George; Randal K. Quarles; and Eric S. Rosengren. Implementation Note issued December 11, 2019","Concurrence proves support for the action, not ideology"
2019-12-11,Richard H. Clarida,FOR,HOLD,CONCUR,HOLD,0,VOTE_ACTION_PROXY,https://www.federalreserve.gov/newsevents/pressreleases/monetary20191211a.htm,raw/statements/monetary20191211a.htm,"Voting for the monetary policy action were Jerome H. Powell, Chair; John C. Williams, Vice Chair; Michelle W. Bowman; Lael Brainard; James Bullard; Richard H. Clarida; Charles L. Evans; Esther L. George; Randal K. Quarles; and Eric S. Rosengren. Implementation Note issued December 11, 2019","Concurrence proves support for the action, not ideology"
2020-01-29,Jerome H. Powell,FOR,HOLD,CONCUR,HOLD,0,VOTE_ACTION_PROXY,https://www.federalreserve.gov/newsevents/pressreleases/monetary20200129a.htm,raw/statements/monetary20200129a.htm,"Voting for the monetary policy action were Jerome H. Powell, Chair; John C. Williams, Vice Chair; Michelle W. Bowman; Lael Brainard; Richard H. Clarida; Patrick Harker; Robert S. Kaplan; Neel Kashkari; Loretta J. Mester; and Randal K. Quarles. Implementation Note issued January 29, 2020","Concurrence proves support for the action, not ideology"
2020-01-29,John C. Williams,FOR,HOLD,CONCUR,HOLD,0,VOTE_ACTION_PROXY,https://www.federalreserve.gov/newsevents/pressreleases/monetary20200129a.htm,raw/statements/monetary20200129a.htm,"Voting for the monetary policy action were Jerome H. Powell, Chair; John C. Williams, Vice Chair; Michelle W. Bowman; Lael Brainard; Richard H. Clarida; Patrick Harker; Robert S. Kaplan; Neel Kashkari; Loretta J. Mester; and Randal K. Quarles. Implementation Note issued January 29, 2020","Concurrence proves support for the action, not ideology"
2020-01-29,Lael Brainard,FOR,HOLD,CONCUR,HOLD,0,VOTE_ACTION_PROXY,https://www.federalreserve.gov/newsevents/pressreleases/monetary20200129a.htm,raw/statements/monetary20200129a.htm,"Voting for the monetary policy action were Jerome H. Powell, Chair; John C. Williams, Vice Chair; Michelle W. Bowman; Lael Brainard; Richard H. Clarida; Patrick Harker; Robert S. Kaplan; Neel Kashkari; Loretta J. Mester; and Randal K. Quarles. Implementation Note issued January 29, 2020","Concurrence proves support for the action, not ideology"
2020-01-29,Loretta J. Mester,FOR,HOLD,CONCUR,HOLD,0,VOTE_ACTION_PROXY,https://www.federalreserve.gov/newsevents/pressreleases/monetary20200129a.htm,raw/statements/monetary20200129a.htm,"Voting for the monetary policy action were Jerome H. Powell, Chair; John C. Williams, Vice Chair; Michelle W. Bowman; Lael Brainard; Richard H. Clarida; Patrick Harker; Robert S. Kaplan; Neel Kashkari; Loretta J. Mester; and Randal K. Quarles. Implementation Note issued January 29, 2020","Concurrence proves support for the action, not ideology"
2020-01-29,Michelle W. Bowman,FOR,HOLD,CONCUR,HOLD,0,VOTE_ACTION_PROXY,https://www.federalreserve.gov/newsevents/pressreleases/monetary20200129a.htm,raw/statements/monetary20200129a.htm,"Voting for the monetary policy action were Jerome H. Powell, Chair; John C. Williams, Vice Chair; Michelle W. Bowman; Lael Brainard; Richard H. Clarida; Patrick Harker; Robert S. Kaplan; Neel Kashkari; Loretta J. Mester; and Randal K. Quarles. Implementation Note issued January 29, 2020","Concurrence proves support for the action, not ideology"
2020-01-29,Neel Kashkari,FOR,HOLD,CONCUR,HOLD,0,VOTE_ACTION_PROXY,https://www.federalreserve.gov/newsevents/pressreleases/monetary20200129a.htm,raw/statements/monetary20200129a.htm,"Voting for the monetary policy action were Jerome H. Powell, Chair; John C. Williams, Vice Chair; Michelle W. Bowman; Lael Brainard; Richard H. Clarida; Patrick Harker; Robert S. Kaplan; Neel Kashkari; Loretta J. Mester; and Randal K. Quarles. Implementation Note issued January 29, 2020","Concurrence proves support for the action, not ideology"
2020-01-29,Patrick Harker,FOR,HOLD,CONCUR,HOLD,0,VOTE_ACTION_PROXY,https://www.federalreserve.gov/newsevents/pressreleases/monetary20200129a.htm,raw/statements/monetary20200129a.htm,"Voting for the monetary policy action were Jerome H. Powell, Chair; John C. Williams, Vice Chair; Michelle W. Bowman; Lael Brainard; Richard H. Clarida; Patrick Harker; Robert S. Kaplan; Neel Kashkari; Loretta J. Mester; and Randal K. Quarles. Implementation Note issued January 29, 2020","Concurrence proves support for the action, not ideology"
2020-01-29,Richard H. Clarida,FOR,HOLD,CONCUR,HOLD,0,VOTE_ACTION_PROXY,https://www.federalreserve.gov/newsevents/pressreleases/monetary20200129a.htm,raw/statements/monetary20200129a.htm,"Voting for the monetary policy action were Jerome H. Powell, Chair; John C. Williams, Vice Chair; Michelle W. Bowman; Lael Brainard; Richard H. Clarida; Patrick Harker; Robert S. Kaplan; Neel Kashkari; Loretta J. Mester; and Randal K. Quarles. Implementation Note issued January 29, 2020","Concurrence proves support for the action, not ideology"
2020-01-29,Robert S. Kaplan,FOR,HOLD,CONCUR,HOLD,0,VOTE_ACTION_PROXY,https://www.federalreserve.gov/newsevents/pressreleases/monetary20200129a.htm,raw/statements/monetary20200129a.htm,"Voting for the monetary policy action were Jerome H. Powell, Chair; John C. Williams, Vice Chair; Michelle W. Bowman; Lael Brainard; Richard H. Clarida; Patrick Harker; Robert S. Kaplan; Neel Kashkari; Loretta J. Mester; and Randal K. Quarles. Implementation Note issued January 29, 2020","Concurrence proves support for the action, not ideology"
2020-03-03,Jerome H. Powell,FOR,CUT,CONCUR,CUT,-1,VOTE_ACTION_PROXY,https://www.federalreserve.gov/newsevents/pressreleases/monetary20200303a.htm,raw/statements/monetary20200303a.htm,"Voting for the monetary policy action were Jerome H. Powell, Chair; John C. Williams, Vice Chair; Michelle W. Bowman; Lael Brainard; Richard H. Clarida; Patrick Harker; Robert S. Kaplan; Neel Kashkari; Loretta J. Mester; and Randal K. Quarles.","Concurrence proves support for the action, not ideology"
2020-03-03,John C. Williams,FOR,CUT,CONCUR,CUT,-1,VOTE_ACTION_PROXY,https://www.federalreserve.gov/newsevents/pressreleases/monetary20200303a.htm,raw/statements/monetary20200303a.htm,"Voting for the monetary policy action were Jerome H. Powell, Chair; John C. Williams, Vice Chair; Michelle W. Bowman; Lael Brainard; Richard H. Clarida; Patrick Harker; Robert S. Kaplan; Neel Kashkari; Loretta J. Mester; and Randal K. Quarles.","Concurrence proves support for the action, not ideology"
2020-03-03,Lael Brainard,FOR,CUT,CONCUR,CUT,-1,VOTE_ACTION_PROXY,https://www.federalreserve.gov/newsevents/pressreleases/monetary20200303a.htm,raw/statements/monetary20200303a.htm,"Voting for the monetary policy action were Jerome H. Powell, Chair; John C. Williams, Vice Chair; Michelle W. Bowman; Lael Brainard; Richard H. Clarida; Patrick Harker; Robert S. Kaplan; Neel Kashkari; Loretta J. Mester; and Randal K. Quarles.","Concurrence proves support for the action, not ideology"
2020-03-03,Loretta J. Mester,FOR,CUT,CONCUR,CUT,-1,VOTE_ACTION_PROXY,https://www.federalreserve.gov/newsevents/pressreleases/monetary20200303a.htm,raw/statements/monetary20200303a.htm,"Voting for the monetary policy action were Jerome H. Powell, Chair; John C. Williams, Vice Chair; Michelle W. Bowman; Lael Brainard; Richard H. Clarida; Patrick Harker; Robert S. Kaplan; Neel Kashkari; Loretta J. Mester; and Randal K. Quarles.","Concurrence proves support for the action, not ideology"
2020-03-03,Michelle W. Bowman,FOR,CUT,CONCUR,CUT,-1,VOTE_ACTION_PROXY,https://www.federalreserve.gov/newsevents/pressreleases/monetary20200303a.htm,raw/statements/monetary20200303a.htm,"Voting for the monetary policy action were Jerome H. Powell, Chair; John C. Williams, Vice Chair; Michelle W. Bowman; Lael Brainard; Richard H. Clarida; Patrick Harker; Robert S. Kaplan; Neel Kashkari; Loretta J. Mester; and Randal K. Quarles.","Concurrence proves support for the action, not ideology"
2020-03-03,Neel Kashkari,FOR,CUT,CONCUR,CUT,-1,VOTE_ACTION_PROXY,https://www.federalreserve.gov/newsevents/pressreleases/monetary20200303a.htm,raw/statements/monetary20200303a.htm,"Voting for the monetary policy action were Jerome H. Powell, Chair; John C. Williams, Vice Chair; Michelle W. Bowman; Lael Brainard; Richard H. Clarida; Patrick Harker; Robert S. Kaplan; Neel Kashkari; Loretta J. Mester; and Randal K. Quarles.","Concurrence proves support for the action, not ideology"
2020-03-03,Patrick Harker,FOR,CUT,CONCUR,CUT,-1,VOTE_ACTION_PROXY,https://www.federalreserve.gov/newsevents/pressreleases/monetary20200303a.htm,raw/statements/monetary20200303a.htm,"Voting for the monetary policy action were Jerome H. Powell, Chair; John C. Williams, Vice Chair; Michelle W. Bowman; Lael Brainard; Richard H. Clarida; Patrick Harker; Robert S. Kaplan; Neel Kashkari; Loretta J. Mester; and Randal K. Quarles.","Concurrence proves support for the action, not ideology"
2020-03-03,Randal K. Quarles,FOR,CUT,CONCUR,CUT,-1,VOTE_ACTION_PROXY,https://www.federalreserve.gov/newsevents/pressreleases/monetary20200303a.htm,raw/statements/monetary20200303a.htm,"Voting for the monetary policy action were Jerome H. Powell, Chair; John C. Williams, Vice Chair; Michelle W. Bowman; Lael Brainard; Richard H. Clarida; Patrick Harker; Robert S. Kaplan; Neel Kashkari; Loretta J. Mester; and Randal K. Quarles.","Concurrence proves support for the action, not ideology"
2020-03-03,Richard H. Clarida,FOR,CUT,CONCUR,CUT,-1,VOTE_ACTION_PROXY,https://www.federalreserve.gov/newsevents/pressreleases/monetary20200303a.htm,raw/statements/monetary20200303a.htm,"Voting for the monetary policy action were Jerome H. Powell, Chair; John C. Williams, Vice Chair; Michelle W. Bowman; Lael Brainard; Richard H. Clarida; Patrick Harker; Robert S. Kaplan; Neel Kashkari; Loretta J. Mester; and Randal K. Quarles.","Concurrence proves support for the action, not ideology"
2020-03-03,Robert S. Kaplan,FOR,CUT,CONCUR,CUT,-1,VOTE_ACTION_PROXY,https://www.federalreserve.gov/newsevents/pressreleases/monetary20200303a.htm,raw/statements/monetary20200303a.htm,"Voting for the monetary policy action were Jerome H. Powell, Chair; John C. Williams, Vice Chair; Michelle W. Bowman; Lael Brainard; Richard H. Clarida; Patrick Harker; Robert S. Kaplan; Neel Kashkari; Loretta J. Mester; and Randal K. Quarles.","Concurrence proves support for the action, not ideology"
2020-03-15,Jerome H. Powell,FOR,CUT,CONCUR,CUT,-1,VOTE_ACTION_PROXY,https://www.federalreserve.gov/newsevents/pressreleases/monetary20200315a.htm,raw/statements/monetary20200315a.htm,"Voting for the monetary policy action were Jerome H. Powell, Chair; John C. Williams, Vice Chair; Michelle W. Bowman; Lael Brainard; Richard H. Clarida; Patrick Harker; Robert S. Kaplan; Neel Kashkari; and Randal K. Quarles. Voting against this action was Loretta J. Mester, who was fully supportive of all of the actions taken to promote the smooth functioning of markets and the flow of credit to households and businesses but preferred to reduce the target range for the federal funds rate to 1/2 to 3/4 percent at this meeting. In a related set of actions to support the credit needs of households and businesses, the Federal Reserve announced measures related to the discount window, intraday credit, bank capital and liquidity buffers, reserve requirements, and—in coordination with other central banks—the U.S. dollar liquidity swap line arrangements. More information can be found on the Federal Reserve Board's website.","Concurrence proves support for the action, not ideology"
2020-03-15,John C. Williams,FOR,CUT,CONCUR,CUT,-1,VOTE_ACTION_PROXY,https://www.federalreserve.gov/newsevents/pressreleases/monetary20200315a.htm,raw/statements/monetary20200315a.htm,"Voting for the monetary policy action were Jerome H. Powell, Chair; John C. Williams, Vice Chair; Michelle W. Bowman; Lael Brainard; Richard H. Clarida; Patrick Harker; Robert S. Kaplan; Neel Kashkari; and Randal K. Quarles. Voting against this action was Loretta J. Mester, who was fully supportive of all of the actions taken to promote the smooth functioning of markets and the flow of credit to households and businesses but preferred to reduce the target range for the federal funds rate to 1/2 to 3/4 percent at this meeting. In a related set of actions to support the credit needs of households and businesses, the Federal Reserve announced measures related to the discount window, intraday credit, bank capital and liquidity buffers, reserve requirements, and—in coordination with other central banks—the U.S. dollar liquidity swap line arrangements. More information can be found on the Federal Reserve Board's website.","Concurrence proves support for the action, not ideology"
2020-03-15,Lael Brainard,FOR,CUT,CONCUR,CUT,-1,VOTE_ACTION_PROXY,https://www.federalreserve.gov/newsevents/pressreleases/monetary20200315a.htm,raw/statements/monetary20200315a.htm,"Voting for the monetary policy action were Jerome H. Powell, Chair; John C. Williams, Vice Chair; Michelle W. Bowman; Lael Brainard; Richard H. Clarida; Patrick Harker; Robert S. Kaplan; Neel Kashkari; and Randal K. Quarles. Voting against this action was Loretta J. Mester, who was fully supportive of all of the actions taken to promote the smooth functioning of markets and the flow of credit to households and businesses but preferred to reduce the target range for the federal funds rate to 1/2 to 3/4 percent at this meeting. In a related set of actions to support the credit needs of households and businesses, the Federal Reserve announced measures related to the discount window, intraday credit, bank capital and liquidity buffers, reserve requirements, and—in coordination with other central banks—the U.S. dollar liquidity swap line arrangements. More information can be found on the Federal Reserve Board's website.","Concurrence proves support for the action, not ideology"
2020-03-15,Loretta J. Mester,AGAINST,CUT,TIGHTER,CUT_SMALLER,2,VOTE_DISSENT,https://www.federalreserve.gov/newsevents/pressreleases/monetary20200315a.htm,raw/statements/monetary20200315a.htm,"Voting for the monetary policy action were Jerome H. Powell, Chair; John C. Williams, Vice Chair; Michelle W. Bowman; Lael Brainard; Richard H. Clarida; Patrick Harker; Robert S. Kaplan; Neel Kashkari; and Randal K. Quarles. Voting against this action was Loretta J. Mester, who was fully supportive of all of the actions taken to promote the smooth functioning of markets and the flow of credit to households and businesses but preferred to reduce the target range for the federal funds rate to 1/2 to 3/4 percent at this meeting. In a related set of actions to support the credit needs of households and businesses, the Federal Reserve announced measures related to the discount window, intraday credit, bank capital and liquidity buffers, reserve requirements, and—in coordination with other central banks—the U.S. dollar liquidity swap line arrangements. More information can be found on the Federal Reserve Board's website.",Preferred a smaller cut than the committee's emergency cut
2020-03-15,Michelle W. Bowman,FOR,CUT,CONCUR,CUT,-1,VOTE_ACTION_PROXY,https://www.federalreserve.gov/newsevents/pressreleases/monetary20200315a.htm,raw/statements/monetary20200315a.htm,"Voting for the monetary policy action were Jerome H. Powell, Chair; John C. Williams, Vice Chair; Michelle W. Bowman; Lael Brainard; Richard H. Clarida; Patrick Harker; Robert S. Kaplan; Neel Kashkari; and Randal K. Quarles. Voting against this action was Loretta J. Mester, who was fully supportive of all of the actions taken to promote the smooth functioning of markets and the flow of credit to households and businesses but preferred to reduce the target range for the federal funds rate to 1/2 to 3/4 percent at this meeting. In a related set of actions to support the credit needs of households and businesses, the Federal Reserve announced measures related to the discount window, intraday credit, bank capital and liquidity buffers, reserve requirements, and—in coordination with other central banks—the U.S. dollar liquidity swap line arrangements. More information can be found on the Federal Reserve Board's website.","Concurrence proves support for the action, not ideology"
2020-03-15,Neel Kashkari,FOR,CUT,CONCUR,CUT,-1,VOTE_ACTION_PROXY,https://www.federalreserve.gov/newsevents/pressreleases/monetary20200315a.htm,raw/statements/monetary20200315a.htm,"Voting for the monetary policy action were Jerome H. Powell, Chair; John C. Williams, Vice Chair; Michelle W. Bowman; Lael Brainard; Richard H. Clarida; Patrick Harker; Robert S. Kaplan; Neel Kashkari; and Randal K. Quarles. Voting against this action was Loretta J. Mester, who was fully supportive of all of the actions taken to promote the smooth functioning of markets and the flow of credit to households and businesses but preferred to reduce the target range for the federal funds rate to 1/2 to 3/4 percent at this meeting. In a related set of actions to support the credit needs of households and businesses, the Federal Reserve announced measures related to the discount window, intraday credit, bank capital and liquidity buffers, reserve requirements, and—in coordination with other central banks—the U.S. dollar liquidity swap line arrangements. More information can be found on the Federal Reserve Board's website.","Concurrence proves support for the action, not ideology"
2020-03-15,Patrick Harker,FOR,CUT,CONCUR,CUT,-1,VOTE_ACTION_PROXY,https://www.federalreserve.gov/newsevents/pressreleases/monetary20200315a.htm,raw/statements/monetary20200315a.htm,"Voting for the monetary policy action were Jerome H. Powell, Chair; John C. Williams, Vice Chair; Michelle W. Bowman; Lael Brainard; Richard H. Clarida; Patrick Harker; Robert S. Kaplan; Neel Kashkari; and Randal K. Quarles. Voting against this action was Loretta J. Mester, who was fully supportive of all of the actions taken to promote the smooth functioning of markets and the flow of credit to households and businesses but preferred to reduce the target range for the federal funds rate to 1/2 to 3/4 percent at this meeting. In a related set of actions to support the credit needs of households and businesses, the Federal Reserve announced measures related to the discount window, intraday credit, bank capital and liquidity buffers, reserve requirements, and—in coordination with other central banks—the U.S. dollar liquidity swap line arrangements. More information can be found on the Federal Reserve Board's website.","Concurrence proves support for the action, not ideology"
2020-03-15,Randal K. Quarles,FOR,CUT,CONCUR,CUT,-1,VOTE_ACTION_PROXY,https://www.federalreserve.gov/newsevents/pressreleases/monetary20200315a.htm,raw/statements/monetary20200315a.htm,"Voting for the monetary policy action were Jerome H. Powell, Chair; John C. Williams, Vice Chair; Michelle W. Bowman; Lael Brainard; Richard H. Clarida; Patrick Harker; Robert S. Kaplan; Neel Kashkari; and Randal K. Quarles. Voting against this action was Loretta J. Mester, who was fully supportive of all of the actions taken to promote the smooth functioning of markets and the flow of credit to households and businesses but preferred to reduce the target range for the federal funds rate to 1/2 to 3/4 percent at this meeting. In a related set of actions to support the credit needs of households and businesses, the Federal Reserve announced measures related to the discount window, intraday credit, bank capital and liquidity buffers, reserve requirements, and—in coordination with other central banks—the U.S. dollar liquidity swap line arrangements. More information can be found on the Federal Reserve Board's website.","Concurrence proves support for the action, not ideology"
2020-03-15,Richard H. Clarida,FOR,CUT,CONCUR,CUT,-1,VOTE_ACTION_PROXY,https://www.federalreserve.gov/newsevents/pressreleases/monetary20200315a.htm,raw/statements/monetary20200315a.htm,"Voting for the monetary policy action were Jerome H. Powell, Chair; John C. Williams, Vice Chair; Michelle W. Bowman; Lael Brainard; Richard H. Clarida; Patrick Harker; Robert S. Kaplan; Neel Kashkari; and Randal K. Quarles. Voting against this action was Loretta J. Mester, who was fully supportive of all of the actions taken to promote the smooth functioning of markets and the flow of credit to households and businesses but preferred to reduce the target range for the federal funds rate to 1/2 to 3/4 percent at this meeting. In a related set of actions to support the credit needs of households and businesses, the Federal Reserve announced measures related to the discount window, intraday credit, bank capital and liquidity buffers, reserve requirements, and—in coordination with other central banks—the U.S. dollar liquidity swap line arrangements. More information can be found on the Federal Reserve Board's website.","Concurrence proves support for the action, not ideology"
2020-03-15,Robert S. Kaplan,FOR,CUT,CONCUR,CUT,-1,VOTE_ACTION_PROXY,https://www.federalreserve.gov/newsevents/pressreleases/monetary20200315a.htm,raw/statements/monetary20200315a.htm,"Voting for the monetary policy action were Jerome H. Powell, Chair; John C. Williams, Vice Chair; Michelle W. Bowman; Lael Brainard; Richard H. Clarida; Patrick Harker; Robert S. Kaplan; Neel Kashkari; and Randal K. Quarles. Voting against this action was Loretta J. Mester, who was fully supportive of all of the actions taken to promote the smooth functioning of markets and the flow of credit to households and businesses but preferred to reduce the target range for the federal funds rate to 1/2 to 3/4 percent at this meeting. In a related set of actions to support the credit needs of households and businesses, the Federal Reserve announced measures related to the discount window, intraday credit, bank capital and liquidity buffers, reserve requirements, and—in coordination with other central banks—the U.S. dollar liquidity swap line arrangements. More information can be found on the Federal Reserve Board's website.","Concurrence proves support for the action, not ideology"
2020-04-29,Jerome H. Powell,FOR,HOLD,CONCUR,HOLD,0,VOTE_ACTION_PROXY,https://www.federalreserve.gov/newsevents/pressreleases/monetary20200429a.htm,raw/statements/monetary20200429a.htm,"Voting for the monetary policy action were Jerome H. Powell, Chair; John C. Williams, Vice Chair; Michelle W. Bowman; Lael Brainard; Richard H. Clarida; Patrick Harker; Robert S. Kaplan; Neel Kashkari; Loretta J. Mester; and Randal K. Quarles. Implementation Note issued April 29, 2020","Concurrence proves support for the action, not ideology"
2020-04-29,John C. Williams,FOR,HOLD,CONCUR,HOLD,0,VOTE_ACTION_PROXY,https://www.federalreserve.gov/newsevents/pressreleases/monetary20200429a.htm,raw/statements/monetary20200429a.htm,"Voting for the monetary policy action were Jerome H. Powell, Chair; John C. Williams, Vice Chair; Michelle W. Bowman; Lael Brainard; Richard H. Clarida; Patrick Harker; Robert S. Kaplan; Neel Kashkari; Loretta J. Mester; and Randal K. Quarles. Implementation Note issued April 29, 2020","Concurrence proves support for the action, not ideology"
2020-04-29,Lael Brainard,FOR,HOLD,CONCUR,HOLD,0,VOTE_ACTION_PROXY,https://www.federalreserve.gov/newsevents/pressreleases/monetary20200429a.htm,raw/statements/monetary20200429a.htm,"Voting for the monetary policy action were Jerome H. Powell, Chair; John C. Williams, Vice Chair; Michelle W. Bowman; Lael Brainard; Richard H. Clarida; Patrick Harker; Robert S. Kaplan; Neel Kashkari; Loretta J. Mester; and Randal K. Quarles. Implementation Note issued April 29, 2020","Concurrence proves support for the action, not ideology"
2020-04-29,Loretta J. Mester,FOR,HOLD,CONCUR,HOLD,0,VOTE_ACTION_PROXY,https://www.federalreserve.gov/newsevents/pressreleases/monetary20200429a.htm,raw/statements/monetary20200429a.htm,"Voting for the monetary policy action were Jerome H. Powell, Chair; John C. Williams, Vice Chair; Michelle W. Bowman; Lael Brainard; Richard H. Clarida; Patrick Harker; Robert S. Kaplan; Neel Kashkari; Loretta J. Mester; and Randal K. Quarles. Implementation Note issued April 29, 2020","Concurrence proves support for the action, not ideology"
2020-04-29,Michelle W. Bowman,FOR,HOLD,CONCUR,HOLD,0,VOTE_ACTION_PROXY,https://www.federalreserve.gov/newsevents/pressreleases/monetary20200429a.htm,raw/statements/monetary20200429a.htm,"Voting for the monetary policy action were Jerome H. Powell, Chair; John C. Williams, Vice Chair; Michelle W. Bowman; Lael Brainard; Richard H. Clarida; Patrick Harker; Robert S. Kaplan; Neel Kashkari; Loretta J. Mester; and Randal K. Quarles. Implementation Note issued April 29, 2020","Concurrence proves support for the action, not ideology"
2020-04-29,Neel Kashkari,FOR,HOLD,CONCUR,HOLD,0,VOTE_ACTION_PROXY,https://www.federalreserve.gov/newsevents/pressreleases/monetary20200429a.htm,raw/statements/monetary20200429a.htm,"Voting for the monetary policy action were Jerome H. Powell, Chair; John C. Williams, Vice Chair; Michelle W. Bowman; Lael Brainard; Richard H. Clarida; Patrick Harker; Robert S. Kaplan; Neel Kashkari; Loretta J. Mester; and Randal K. Quarles. Implementation Note issued April 29, 2020","Concurrence proves support for the action, not ideology"
2020-04-29,Patrick Harker,FOR,HOLD,CONCUR,HOLD,0,VOTE_ACTION_PROXY,https://www.federalreserve.gov/newsevents/pressreleases/monetary20200429a.htm,raw/statements/monetary20200429a.htm,"Voting for the monetary policy action were Jerome H. Powell, Chair; John C. Williams, Vice Chair; Michelle W. Bowman; Lael Brainard; Richard H. Clarida; Patrick Harker; Robert S. Kaplan; Neel Kashkari; Loretta J. Mester; and Randal K. Quarles. Implementation Note issued April 29, 2020","Concurrence proves support for the action, not ideology"
2020-04-29,Richard H. Clarida,FOR,HOLD,CONCUR,HOLD,0,VOTE_ACTION_PROXY,https://www.federalreserve.gov/newsevents/pressreleases/monetary20200429a.htm,raw/statements/monetary20200429a.htm,"Voting for the monetary policy action were Jerome H. Powell, Chair; John C. Williams, Vice Chair; Michelle W. Bowman; Lael Brainard; Richard H. Clarida; Patrick Harker; Robert S. Kaplan; Neel Kashkari; Loretta J. Mester; and Randal K. Quarles. Implementation Note issued April 29, 2020","Concurrence proves support for the action, not ideology"
2020-04-29,Robert S. Kaplan,FOR,HOLD,CONCUR,HOLD,0,VOTE_ACTION_PROXY,https://www.federalreserve.gov/newsevents/pressreleases/monetary20200429a.htm,raw/statements/monetary20200429a.htm,"Voting for the monetary policy action were Jerome H. Powell, Chair; John C. Williams, Vice Chair; Michelle W. Bowman; Lael Brainard; Richard H. Clarida; Patrick Harker; Robert S. Kaplan; Neel Kashkari; Loretta J. Mester; and Randal K. Quarles. Implementation Note issued April 29, 2020","Concurrence proves support for the action, not ideology"
2020-06-10,Jerome H. Powell,FOR,HOLD,CONCUR,HOLD,0,VOTE_ACTION_PROXY,https://www.federalreserve.gov/newsevents/pressreleases/monetary20200610a.htm,raw/statements/monetary20200610a.htm,"Voting for the monetary policy action were Jerome H. Powell, Chair; John C. Williams, Vice Chair; Michelle W. Bowman; Lael Brainard; Richard H. Clarida; Patrick Harker; Robert S. Kaplan; Neel Kashkari; Loretta J. Mester; and Randal K. Quarles. Implementation Note issued June 10, 2020","Concurrence proves support for the action, not ideology"
2020-06-10,John C. Williams,FOR,HOLD,CONCUR,HOLD,0,VOTE_ACTION_PROXY,https://www.federalreserve.gov/newsevents/pressreleases/monetary20200610a.htm,raw/statements/monetary20200610a.htm,"Voting for the monetary policy action were Jerome H. Powell, Chair; John C. Williams, Vice Chair; Michelle W. Bowman; Lael Brainard; Richard H. Clarida; Patrick Harker; Robert S. Kaplan; Neel Kashkari; Loretta J. Mester; and Randal K. Quarles. Implementation Note issued June 10, 2020","Concurrence proves support for the action, not ideology"
2020-06-10,Lael Brainard,FOR,HOLD,CONCUR,HOLD,0,VOTE_ACTION_PROXY,https://www.federalreserve.gov/newsevents/pressreleases/monetary20200610a.htm,raw/statements/monetary20200610a.htm,"Voting for the monetary policy action were Jerome H. Powell, Chair; John C. Williams, Vice Chair; Michelle W. Bowman; Lael Brainard; Richard H. Clarida; Patrick Harker; Robert S. Kaplan; Neel Kashkari; Loretta J. Mester; and Randal K. Quarles. Implementation Note issued June 10, 2020","Concurrence proves support for the action, not ideology"
2020-06-10,Loretta J. Mester,FOR,HOLD,CONCUR,HOLD,0,VOTE_ACTION_PROXY,https://www.federalreserve.gov/newsevents/pressreleases/monetary20200610a.htm,raw/statements/monetary20200610a.htm,"Voting for the monetary policy action were Jerome H. Powell, Chair; John C. Williams, Vice Chair; Michelle W. Bowman; Lael Brainard; Richard H. Clarida; Patrick Harker; Robert S. Kaplan; Neel Kashkari; Loretta J. Mester; and Randal K. Quarles. Implementation Note issued June 10, 2020","Concurrence proves support for the action, not ideology"
2020-06-10,Michelle W. Bowman,FOR,HOLD,CONCUR,HOLD,0,VOTE_ACTION_PROXY,https://www.federalreserve.gov/newsevents/pressreleases/monetary20200610a.htm,raw/statements/monetary20200610a.htm,"Voting for the monetary policy action were Jerome H. Powell, Chair; John C. Williams, Vice Chair; Michelle W. Bowman; Lael Brainard; Richard H. Clarida; Patrick Harker; Robert S. Kaplan; Neel Kashkari; Loretta J. Mester; and Randal K. Quarles. Implementation Note issued June 10, 2020","Concurrence proves support for the action, not ideology"
2020-06-10,Neel Kashkari,FOR,HOLD,CONCUR,HOLD,0,VOTE_ACTION_PROXY,https://www.federalreserve.gov/newsevents/pressreleases/monetary20200610a.htm,raw/statements/monetary20200610a.htm,"Voting for the monetary policy action were Jerome H. Powell, Chair; John C. Williams, Vice Chair; Michelle W. Bowman; Lael Brainard; Richard H. Clarida; Patrick Harker; Robert S. Kaplan; Neel Kashkari; Loretta J. Mester; and Randal K. Quarles. Implementation Note issued June 10, 2020","Concurrence proves support for the action, not ideology"
2020-06-10,Patrick Harker,FOR,HOLD,CONCUR,HOLD,0,VOTE_ACTION_PROXY,https://www.federalreserve.gov/newsevents/pressreleases/monetary20200610a.htm,raw/statements/monetary20200610a.htm,"Voting for the monetary policy action were Jerome H. Powell, Chair; John C. Williams, Vice Chair; Michelle W. Bowman; Lael Brainard; Richard H. Clarida; Patrick Harker; Robert S. Kaplan; Neel Kashkari; Loretta J. Mester; and Randal K. Quarles. Implementation Note issued June 10, 2020","Concurrence proves support for the action, not ideology"
2020-06-10,Richard H. Clarida,FOR,HOLD,CONCUR,HOLD,0,VOTE_ACTION_PROXY,https://www.federalreserve.gov/newsevents/pressreleases/monetary20200610a.htm,raw/statements/monetary20200610a.htm,"Voting for the monetary policy action were Jerome H. Powell, Chair; John C. Williams, Vice Chair; Michelle W. Bowman; Lael Brainard; Richard H. Clarida; Patrick Harker; Robert S. Kaplan; Neel Kashkari; Loretta J. Mester; and Randal K. Quarles. Implementation Note issued June 10, 2020","Concurrence proves support for the action, not ideology"
2020-06-10,Robert S. Kaplan,FOR,HOLD,CONCUR,HOLD,0,VOTE_ACTION_PROXY,https://www.federalreserve.gov/newsevents/pressreleases/monetary20200610a.htm,raw/statements/monetary20200610a.htm,"Voting for the monetary policy action were Jerome H. Powell, Chair; John C. Williams, Vice Chair; Michelle W. Bowman; Lael Brainard; Richard H. Clarida; Patrick Harker; Robert S. Kaplan; Neel Kashkari; Loretta J. Mester; and Randal K. Quarles. Implementation Note issued June 10, 2020","Concurrence proves support for the action, not ideology"
2020-07-29,Jerome H. Powell,FOR,HOLD,CONCUR,HOLD,0,VOTE_ACTION_PROXY,https://www.federalreserve.gov/newsevents/pressreleases/monetary20200729a.htm,raw/statements/monetary20200729a.htm,"Voting for the monetary policy action were Jerome H. Powell, Chair; John C. Williams, Vice Chair; Michelle W. Bowman; Lael Brainard; Richard H. Clarida; Patrick Harker; Robert S. Kaplan; Neel Kashkari; Loretta J. Mester; and Randal K. Quarles. Implementation Note issued July 29, 2020","Concurrence proves support for the action, not ideology"
2020-07-29,John C. Williams,FOR,HOLD,CONCUR,HOLD,0,VOTE_ACTION_PROXY,https://www.federalreserve.gov/newsevents/pressreleases/monetary20200729a.htm,raw/statements/monetary20200729a.htm,"Voting for the monetary policy action were Jerome H. Powell, Chair; John C. Williams, Vice Chair; Michelle W. Bowman; Lael Brainard; Richard H. Clarida; Patrick Harker; Robert S. Kaplan; Neel Kashkari; Loretta J. Mester; and Randal K. Quarles. Implementation Note issued July 29, 2020","Concurrence proves support for the action, not ideology"
2020-07-29,Lael Brainard,FOR,HOLD,CONCUR,HOLD,0,VOTE_ACTION_PROXY,https://www.federalreserve.gov/newsevents/pressreleases/monetary20200729a.htm,raw/statements/monetary20200729a.htm,"Voting for the monetary policy action were Jerome H. Powell, Chair; John C. Williams, Vice Chair; Michelle W. Bowman; Lael Brainard; Richard H. Clarida; Patrick Harker; Robert S. Kaplan; Neel Kashkari; Loretta J. Mester; and Randal K. Quarles. Implementation Note issued July 29, 2020","Concurrence proves support for the action, not ideology"
2020-07-29,Loretta J. Mester,FOR,HOLD,CONCUR,HOLD,0,VOTE_ACTION_PROXY,https://www.federalreserve.gov/newsevents/pressreleases/monetary20200729a.htm,raw/statements/monetary20200729a.htm,"Voting for the monetary policy action were Jerome H. Powell, Chair; John C. Williams, Vice Chair; Michelle W. Bowman; Lael Brainard; Richard H. Clarida; Patrick Harker; Robert S. Kaplan; Neel Kashkari; Loretta J. Mester; and Randal K. Quarles. Implementation Note issued July 29, 2020","Concurrence proves support for the action, not ideology"
2020-07-29,Michelle W. Bowman,FOR,HOLD,CONCUR,HOLD,0,VOTE_ACTION_PROXY,https://www.federalreserve.gov/newsevents/pressreleases/monetary20200729a.htm,raw/statements/monetary20200729a.htm,"Voting for the monetary policy action were Jerome H. Powell, Chair; John C. Williams, Vice Chair; Michelle W. Bowman; Lael Brainard; Richard H. Clarida; Patrick Harker; Robert S. Kaplan; Neel Kashkari; Loretta J. Mester; and Randal K. Quarles. Implementation Note issued July 29, 2020","Concurrence proves support for the action, not ideology"
2020-07-29,Neel Kashkari,FOR,HOLD,CONCUR,HOLD,0,VOTE_ACTION_PROXY,https://www.federalreserve.gov/newsevents/pressreleases/monetary20200729a.htm,raw/statements/monetary20200729a.htm,"Voting for the monetary policy action were Jerome H. Powell, Chair; John C. Williams, Vice Chair; Michelle W. Bowman; Lael Brainard; Richard H. Clarida; Patrick Harker; Robert S. Kaplan; Neel Kashkari; Loretta J. Mester; and Randal K. Quarles. Implementation Note issued July 29, 2020","Concurrence proves support for the action, not ideology"
2020-07-29,Patrick Harker,FOR,HOLD,CONCUR,HOLD,0,VOTE_ACTION_PROXY,https://www.federalreserve.gov/newsevents/pressreleases/monetary20200729a.htm,raw/statements/monetary20200729a.htm,"Voting for the monetary policy action were Jerome H. Powell, Chair; John C. Williams, Vice Chair; Michelle W. Bowman; Lael Brainard; Richard H. Clarida; Patrick Harker; Robert S. Kaplan; Neel Kashkari; Loretta J. Mester; and Randal K. Quarles. Implementation Note issued July 29, 2020","Concurrence proves support for the action, not ideology"
2020-07-29,Richard H. Clarida,FOR,HOLD,CONCUR,HOLD,0,VOTE_ACTION_PROXY,https://www.federalreserve.gov/newsevents/pressreleases/monetary20200729a.htm,raw/statements/monetary20200729a.htm,"Voting for the monetary policy action were Jerome H. Powell, Chair; John C. Williams, Vice Chair; Michelle W. Bowman; Lael Brainard; Richard H. Clarida; Patrick Harker; Robert S. Kaplan; Neel Kashkari; Loretta J. Mester; and Randal K. Quarles. Implementation Note issued July 29, 2020","Concurrence proves support for the action, not ideology"
2020-07-29,Robert S. Kaplan,FOR,HOLD,CONCUR,HOLD,0,VOTE_ACTION_PROXY,https://www.federalreserve.gov/newsevents/pressreleases/monetary20200729a.htm,raw/statements/monetary20200729a.htm,"Voting for the monetary policy action were Jerome H. Powell, Chair; John C. Williams, Vice Chair; Michelle W. Bowman; Lael Brainard; Richard H. Clarida; Patrick Harker; Robert S. Kaplan; Neel Kashkari; Loretta J. Mester; and Randal K. Quarles. Implementation Note issued July 29, 2020","Concurrence proves support for the action, not ideology"
2020-09-16,Jerome H. Powell,FOR,HOLD,CONCUR,HOLD,0,VOTE_ACTION_PROXY,https://www.federalreserve.gov/newsevents/pressreleases/monetary20200916a.htm,raw/statements/monetary20200916a.htm,"Voting for the monetary policy action were Jerome H. Powell, Chair; John C. Williams, Vice Chair; Michelle W. Bowman; Lael Brainard; Richard H. Clarida; Patrick Harker; Loretta J. Mester; and Randal K. Quarles. Voting against the action were Robert S. Kaplan, who expects that it will be appropriate to maintain the current target range until the Committee is confident that the economy has weathered recent events and is on track to achieve its maximum employment and price stability goals as articulated in its new policy strategy statement, but prefers that the Committee retain greater policy rate flexibility beyond that point; and Neel Kashkari, who prefers that the Committee indicate that it expects to maintain the current target range until core inflation has reached 2 percent on a sustained basis. Implementation Note issued September 16, 2020","Concurrence proves support for the action, not ideology"
2020-09-16,John C. Williams,FOR,HOLD,CONCUR,HOLD,0,VOTE_ACTION_PROXY,https://www.federalreserve.gov/newsevents/pressreleases/monetary20200916a.htm,raw/statements/monetary20200916a.htm,"Voting for the monetary policy action were Jerome H. Powell, Chair; John C. Williams, Vice Chair; Michelle W. Bowman; Lael Brainard; Richard H. Clarida; Patrick Harker; Loretta J. Mester; and Randal K. Quarles. Voting against the action were Robert S. Kaplan, who expects that it will be appropriate to maintain the current target range until the Committee is confident that the economy has weathered recent events and is on track to achieve its maximum employment and price stability goals as articulated in its new policy strategy statement, but prefers that the Committee retain greater policy rate flexibility beyond that point; and Neel Kashkari, who prefers that the Committee indicate that it expects to maintain the current target range until core inflation has reached 2 percent on a sustained basis. Implementation Note issued September 16, 2020","Concurrence proves support for the action, not ideology"
2020-09-16,Lael Brainard,FOR,HOLD,CONCUR,HOLD,0,VOTE_ACTION_PROXY,https://www.federalreserve.gov/newsevents/pressreleases/monetary20200916a.htm,raw/statements/monetary20200916a.htm,"Voting for the monetary policy action were Jerome H. Powell, Chair; John C. Williams, Vice Chair; Michelle W. Bowman; Lael Brainard; Richard H. Clarida; Patrick Harker; Loretta J. Mester; and Randal K. Quarles. Voting against the action were Robert S. Kaplan, who expects that it will be appropriate to maintain the current target range until the Committee is confident that the economy has weathered recent events and is on track to achieve its maximum employment and price stability goals as articulated in its new policy strategy statement, but prefers that the Committee retain greater policy rate flexibility beyond that point; and Neel Kashkari, who prefers that the Committee indicate that it expects to maintain the current target range until core inflation has reached 2 percent on a sustained basis. Implementation Note issued September 16, 2020","Concurrence proves support for the action, not ideology"
2020-09-16,Loretta J. Mester,FOR,HOLD,CONCUR,HOLD,0,VOTE_ACTION_PROXY,https://www.federalreserve.gov/newsevents/pressreleases/monetary20200916a.htm,raw/statements/monetary20200916a.htm,"Voting for the monetary policy action were Jerome H. Powell, Chair; John C. Williams, Vice Chair; Michelle W. Bowman; Lael Brainard; Richard H. Clarida; Patrick Harker; Loretta J. Mester; and Randal K. Quarles. Voting against the action were Robert S. Kaplan, who expects that it will be appropriate to maintain the current target range until the Committee is confident that the economy has weathered recent events and is on track to achieve its maximum employment and price stability goals as articulated in its new policy strategy statement, but prefers that the Committee retain greater policy rate flexibility beyond that point; and Neel Kashkari, who prefers that the Committee indicate that it expects to maintain the current target range until core inflation has reached 2 percent on a sustained basis. Implementation Note issued September 16, 2020","Concurrence proves support for the action, not ideology"
2020-09-16,Michelle W. Bowman,FOR,HOLD,CONCUR,HOLD,0,VOTE_ACTION_PROXY,https://www.federalreserve.gov/newsevents/pressreleases/monetary20200916a.htm,raw/statements/monetary20200916a.htm,"Voting for the monetary policy action were Jerome H. Powell, Chair; John C. Williams, Vice Chair; Michelle W. Bowman; Lael Brainard; Richard H. Clarida; Patrick Harker; Loretta J. Mester; and Randal K. Quarles. Voting against the action were Robert S. Kaplan, who expects that it will be appropriate to maintain the current target range until the Committee is confident that the economy has weathered recent events and is on track to achieve its maximum employment and price stability goals as articulated in its new policy strategy statement, but prefers that the Committee retain greater policy rate flexibility beyond that point; and Neel Kashkari, who prefers that the Committee indicate that it expects to maintain the current target range until core inflation has reached 2 percent on a sustained basis. Implementation Note issued September 16, 2020","Concurrence proves support for the action, not ideology"
2020-09-16,Neel Kashkari,AGAINST,HOLD,EASIER_GUIDANCE,MORE_ACCOMMODATIVE_GUIDANCE,-1,VOTE_DISSENT,https://www.federalreserve.gov/newsevents/pressreleases/monetary20200916a.htm,raw/statements/monetary20200916a.htm,"Voting for the monetary policy action were Jerome H. Powell, Chair; John C. Williams, Vice Chair; Michelle W. Bowman; Lael Brainard; Richard H. Clarida; Patrick Harker; Loretta J. Mester; and Randal K. Quarles. Voting against the action were Robert S. Kaplan, who expects that it will be appropriate to maintain the current target range until the Committee is confident that the economy has weathered recent events and is on track to achieve its maximum employment and price stability goals as articulated in its new policy strategy statement, but prefers that the Committee retain greater policy rate flexibility beyond that point; and Neel Kashkari, who prefers that the Committee indicate that it expects to maintain the current target range until core inflation has reached 2 percent on a sustained basis. Implementation Note issued September 16, 2020",Preferred guidance committing to inflation reaching 2 percent on a sustained basis
2020-09-16,Patrick Harker,FOR,HOLD,CONCUR,HOLD,0,VOTE_ACTION_PROXY,https://www.federalreserve.gov/newsevents/pressreleases/monetary20200916a.htm,raw/statements/monetary20200916a.htm,"Voting for the monetary policy action were Jerome H. Powell, Chair; John C. Williams, Vice Chair; Michelle W. Bowman; Lael Brainard; Richard H. Clarida; Patrick Harker; Loretta J. Mester; and Randal K. Quarles. Voting against the action were Robert S. Kaplan, who expects that it will be appropriate to maintain the current target range until the Committee is confident that the economy has weathered recent events and is on track to achieve its maximum employment and price stability goals as articulated in its new policy strategy statement, but prefers that the Committee retain greater policy rate flexibility beyond that point; and Neel Kashkari, who prefers that the Committee indicate that it expects to maintain the current target range until core inflation has reached 2 percent on a sustained basis. Implementation Note issued September 16, 2020","Concurrence proves support for the action, not ideology"
2020-09-16,Randal K. Quarles,FOR,HOLD,CONCUR,HOLD,0,VOTE_ACTION_PROXY,https://www.federalreserve.gov/newsevents/pressreleases/monetary20200916a.htm,raw/statements/monetary20200916a.htm,"Voting for the monetary policy action were Jerome H. Powell, Chair; John C. Williams, Vice Chair; Michelle W. Bowman; Lael Brainard; Richard H. Clarida; Patrick Harker; Loretta J. Mester; and Randal K. Quarles. Voting against the action were Robert S. Kaplan, who expects that it will be appropriate to maintain the current target range until the Committee is confident that the economy has weathered recent events and is on track to achieve its maximum employment and price stability goals as articulated in its new policy strategy statement, but prefers that the Committee retain greater policy rate flexibility beyond that point; and Neel Kashkari, who prefers that the Committee indicate that it expects to maintain the current target range until core inflation has reached 2 percent on a sustained basis. Implementation Note issued September 16, 2020","Concurrence proves support for the action, not ideology"
2020-09-16,Richard H. Clarida,FOR,HOLD,CONCUR,HOLD,0,VOTE_ACTION_PROXY,https://www.federalreserve.gov/newsevents/pressreleases/monetary20200916a.htm,raw/statements/monetary20200916a.htm,"Voting for the monetary policy action were Jerome H. Powell, Chair; John C. Williams, Vice Chair; Michelle W. Bowman; Lael Brainard; Richard H. Clarida; Patrick Harker; Loretta J. Mester; and Randal K. Quarles. Voting against the action were Robert S. Kaplan, who expects that it will be appropriate to maintain the current target range until the Committee is confident that the economy has weathered recent events and is on track to achieve its maximum employment and price stability goals as articulated in its new policy strategy statement, but prefers that the Committee retain greater policy rate flexibility beyond that point; and Neel Kashkari, who prefers that the Committee indicate that it expects to maintain the current target range until core inflation has reached 2 percent on a sustained basis. Implementation Note issued September 16, 2020","Concurrence proves support for the action, not ideology"
2020-09-16,Robert S. Kaplan,AGAINST,HOLD,TIGHTER_GUIDANCE,LESS_ACCOMMODATIVE_GUIDANCE,1,VOTE_DISSENT,https://www.federalreserve.gov/newsevents/pressreleases/monetary20200916a.htm,raw/statements/monetary20200916a.htm,"Voting for the monetary policy action were Jerome H. Powell, Chair; John C. Williams, Vice Chair; Michelle W. Bowman; Lael Brainard; Richard H. Clarida; Patrick Harker; Loretta J. Mester; and Randal K. Quarles. Voting against the action were Robert S. Kaplan, who expects that it will be appropriate to maintain the current target range until the Committee is confident that the economy has weathered recent events and is on track to achieve its maximum employment and price stability goals as articulated in its new policy strategy statement, but prefers that the Committee retain greater policy rate flexibility beyond that point; and Neel Kashkari, who prefers that the Committee indicate that it expects to maintain the current target range until core inflation has reached 2 percent on a sustained basis. Implementation Note issued September 16, 2020",Preferred less binding forward guidance
2020-11-05,Jerome H. Powell,FOR,HOLD,CONCUR,HOLD,0,VOTE_ACTION_PROXY,https://www.federalreserve.gov/newsevents/pressreleases/monetary20201105a.htm,raw/statements/monetary20201105a.htm,"Voting for the monetary policy action were Jerome H. Powell, Chair; John C. Williams, Vice Chair; Michelle W. Bowman; Lael Brainard; Richard H. Clarida; Mary C. Daly; Patrick Harker; Robert S. Kaplan; Loretta J. Mester; and Randal K. Quarles. Ms. Daly voted as an alternate member at this meeting. Implementation Note issued November 5, 2020","Concurrence proves support for the action, not ideology"
2020-11-05,John C. Williams,FOR,HOLD,CONCUR,HOLD,0,VOTE_ACTION_PROXY,https://www.federalreserve.gov/newsevents/pressreleases/monetary20201105a.htm,raw/statements/monetary20201105a.htm,"Voting for the monetary policy action were Jerome H. Powell, Chair; John C. Williams, Vice Chair; Michelle W. Bowman; Lael Brainard; Richard H. Clarida; Mary C. Daly; Patrick Harker; Robert S. Kaplan; Loretta J. Mester; and Randal K. Quarles. Ms. Daly voted as an alternate member at this meeting. Implementation Note issued November 5, 2020","Concurrence proves support for the action, not ideology"
2020-11-05,Lael Brainard,FOR,HOLD,CONCUR,HOLD,0,VOTE_ACTION_PROXY,https://www.federalreserve.gov/newsevents/pressreleases/monetary20201105a.htm,raw/statements/monetary20201105a.htm,"Voting for the monetary policy action were Jerome H. Powell, Chair; John C. Williams, Vice Chair; Michelle W. Bowman; Lael Brainard; Richard H. Clarida; Mary C. Daly; Patrick Harker; Robert S. Kaplan; Loretta J. Mester; and Randal K. Quarles. Ms. Daly voted as an alternate member at this meeting. Implementation Note issued November 5, 2020","Concurrence proves support for the action, not ideology"
2020-11-05,Loretta J. Mester,FOR,HOLD,CONCUR,HOLD,0,VOTE_ACTION_PROXY,https://www.federalreserve.gov/newsevents/pressreleases/monetary20201105a.htm,raw/statements/monetary20201105a.htm,"Voting for the monetary policy action were Jerome H. Powell, Chair; John C. Williams, Vice Chair; Michelle W. Bowman; Lael Brainard; Richard H. Clarida; Mary C. Daly; Patrick Harker; Robert S. Kaplan; Loretta J. Mester; and Randal K. Quarles. Ms. Daly voted as an alternate member at this meeting. Implementation Note issued November 5, 2020","Concurrence proves support for the action, not ideology"
2020-11-05,Mary C. Daly,FOR,HOLD,CONCUR,HOLD,0,VOTE_ACTION_PROXY,https://www.federalreserve.gov/newsevents/pressreleases/monetary20201105a.htm,raw/statements/monetary20201105a.htm,"Voting for the monetary policy action were Jerome H. Powell, Chair; John C. Williams, Vice Chair; Michelle W. Bowman; Lael Brainard; Richard H. Clarida; Mary C. Daly; Patrick Harker; Robert S. Kaplan; Loretta J. Mester; and Randal K. Quarles. Ms. Daly voted as an alternate member at this meeting. Implementation Note issued November 5, 2020","Concurrence proves support for the action, not ideology"
2020-11-05,Michelle W. Bowman,FOR,HOLD,CONCUR,HOLD,0,VOTE_ACTION_PROXY,https://www.federalreserve.gov/newsevents/pressreleases/monetary20201105a.htm,raw/statements/monetary20201105a.htm,"Voting for the monetary policy action were Jerome H. Powell, Chair; John C. Williams, Vice Chair; Michelle W. Bowman; Lael Brainard; Richard H. Clarida; Mary C. Daly; Patrick Harker; Robert S. Kaplan; Loretta J. Mester; and Randal K. Quarles. Ms. Daly voted as an alternate member at this meeting. Implementation Note issued November 5, 2020","Concurrence proves support for the action, not ideology"
2020-11-05,Patrick Harker,FOR,HOLD,CONCUR,HOLD,0,VOTE_ACTION_PROXY,https://www.federalreserve.gov/newsevents/pressreleases/monetary20201105a.htm,raw/statements/monetary20201105a.htm,"Voting for the monetary policy action were Jerome H. Powell, Chair; John C. Williams, Vice Chair; Michelle W. Bowman; Lael Brainard; Richard H. Clarida; Mary C. Daly; Patrick Harker; Robert S. Kaplan; Loretta J. Mester; and Randal K. Quarles. Ms. Daly voted as an alternate member at this meeting. Implementation Note issued November 5, 2020","Concurrence proves support for the action, not ideology"
2020-11-05,Richard H. Clarida,FOR,HOLD,CONCUR,HOLD,0,VOTE_ACTION_PROXY,https://www.federalreserve.gov/newsevents/pressreleases/monetary20201105a.htm,raw/statements/monetary20201105a.htm,"Voting for the monetary policy action were Jerome H. Powell, Chair; John C. Williams, Vice Chair; Michelle W. Bowman; Lael Brainard; Richard H. Clarida; Mary C. Daly; Patrick Harker; Robert S. Kaplan; Loretta J. Mester; and Randal K. Quarles. Ms. Daly voted as an alternate member at this meeting. Implementation Note issued November 5, 2020","Concurrence proves support for the action, not ideology"
2020-11-05,Robert S. Kaplan,FOR,HOLD,CONCUR,HOLD,0,VOTE_ACTION_PROXY,https://www.federalreserve.gov/newsevents/pressreleases/monetary20201105a.htm,raw/statements/monetary20201105a.htm,"Voting for the monetary policy action were Jerome H. Powell, Chair; John C. Williams, Vice Chair; Michelle W. Bowman; Lael Brainard; Richard H. Clarida; Mary C. Daly; Patrick Harker; Robert S. Kaplan; Loretta J. Mester; and Randal K. Quarles. Ms. Daly voted as an alternate member at this meeting. Implementation Note issued November 5, 2020","Concurrence proves support for the action, not ideology"
2020-12-16,Jerome H. Powell,FOR,HOLD,CONCUR,HOLD,0,VOTE_ACTION_PROXY,https://www.federalreserve.gov/newsevents/pressreleases/monetary20201216a.htm,raw/statements/monetary20201216a.htm,"Voting for the monetary policy action were Jerome H. Powell, Chair; John C. Williams, Vice Chair; Michelle W. Bowman; Lael Brainard; Richard H. Clarida; Patrick Harker; Robert S. Kaplan; Neel Kashkari; Loretta J. Mester; and Randal K. Quarles. Implementation Note issued December 16, 2020","Concurrence proves support for the action, not ideology"
2020-12-16,John C. Williams,FOR,HOLD,CONCUR,HOLD,0,VOTE_ACTION_PROXY,https://www.federalreserve.gov/newsevents/pressreleases/monetary20201216a.htm,raw/statements/monetary20201216a.htm,"Voting for the monetary policy action were Jerome H. Powell, Chair; John C. Williams, Vice Chair; Michelle W. Bowman; Lael Brainard; Richard H. Clarida; Patrick Harker; Robert S. Kaplan; Neel Kashkari; Loretta J. Mester; and Randal K. Quarles. Implementation Note issued December 16, 2020","Concurrence proves support for the action, not ideology"
2020-12-16,Lael Brainard,FOR,HOLD,CONCUR,HOLD,0,VOTE_ACTION_PROXY,https://www.federalreserve.gov/newsevents/pressreleases/monetary20201216a.htm,raw/statements/monetary20201216a.htm,"Voting for the monetary policy action were Jerome H. Powell, Chair; John C. Williams, Vice Chair; Michelle W. Bowman; Lael Brainard; Richard H. Clarida; Patrick Harker; Robert S. Kaplan; Neel Kashkari; Loretta J. Mester; and Randal K. Quarles. Implementation Note issued December 16, 2020","Concurrence proves support for the action, not ideology"
2020-12-16,Loretta J. Mester,FOR,HOLD,CONCUR,HOLD,0,VOTE_ACTION_PROXY,https://www.federalreserve.gov/newsevents/pressreleases/monetary20201216a.htm,raw/statements/monetary20201216a.htm,"Voting for the monetary policy action were Jerome H. Powell, Chair; John C. Williams, Vice Chair; Michelle W. Bowman; Lael Brainard; Richard H. Clarida; Patrick Harker; Robert S. Kaplan; Neel Kashkari; Loretta J. Mester; and Randal K. Quarles. Implementation Note issued December 16, 2020","Concurrence proves support for the action, not ideology"
2020-12-16,Michelle W. Bowman,FOR,HOLD,CONCUR,HOLD,0,VOTE_ACTION_PROXY,https://www.federalreserve.gov/newsevents/pressreleases/monetary20201216a.htm,raw/statements/monetary20201216a.htm,"Voting for the monetary policy action were Jerome H. Powell, Chair; John C. Williams, Vice Chair; Michelle W. Bowman; Lael Brainard; Richard H. Clarida; Patrick Harker; Robert S. Kaplan; Neel Kashkari; Loretta J. Mester; and Randal K. Quarles. Implementation Note issued December 16, 2020","Concurrence proves support for the action, not ideology"
2020-12-16,Neel Kashkari,FOR,HOLD,CONCUR,HOLD,0,VOTE_ACTION_PROXY,https://www.federalreserve.gov/newsevents/pressreleases/monetary20201216a.htm,raw/statements/monetary20201216a.htm,"Voting for the monetary policy action were Jerome H. Powell, Chair; John C. Williams, Vice Chair; Michelle W. Bowman; Lael Brainard; Richard H. Clarida; Patrick Harker; Robert S. Kaplan; Neel Kashkari; Loretta J. Mester; and Randal K. Quarles. Implementation Note issued December 16, 2020","Concurrence proves support for the action, not ideology"
2020-12-16,Patrick Harker,FOR,HOLD,CONCUR,HOLD,0,VOTE_ACTION_PROXY,https://www.federalreserve.gov/newsevents/pressreleases/monetary20201216a.htm,raw/statements/monetary20201216a.htm,"Voting for the monetary policy action were Jerome H. Powell, Chair; John C. Williams, Vice Chair; Michelle W. Bowman; Lael Brainard; Richard H. Clarida; Patrick Harker; Robert S. Kaplan; Neel Kashkari; Loretta J. Mester; and Randal K. Quarles. Implementation Note issued December 16, 2020","Concurrence proves support for the action, not ideology"
2020-12-16,Richard H. Clarida,FOR,HOLD,CONCUR,HOLD,0,VOTE_ACTION_PROXY,https://www.federalreserve.gov/newsevents/pressreleases/monetary20201216a.htm,raw/statements/monetary20201216a.htm,"Voting for the monetary policy action were Jerome H. Powell, Chair; John C. Williams, Vice Chair; Michelle W. Bowman; Lael Brainard; Richard H. Clarida; Patrick Harker; Robert S. Kaplan; Neel Kashkari; Loretta J. Mester; and Randal K. Quarles. Implementation Note issued December 16, 2020","Concurrence proves support for the action, not ideology"
2020-12-16,Robert S. Kaplan,FOR,HOLD,CONCUR,HOLD,0,VOTE_ACTION_PROXY,https://www.federalreserve.gov/newsevents/pressreleases/monetary20201216a.htm,raw/statements/monetary20201216a.htm,"Voting for the monetary policy action were Jerome H. Powell, Chair; John C. Williams, Vice Chair; Michelle W. Bowman; Lael Brainard; Richard H. Clarida; Patrick Harker; Robert S. Kaplan; Neel Kashkari; Loretta J. Mester; and Randal K. Quarles. Implementation Note issued December 16, 2020","Concurrence proves support for the action, not ideology"
2021-01-27,Charles L. Evans,FOR,HOLD,CONCUR,HOLD,0,VOTE_ACTION_PROXY,https://www.federalreserve.gov/newsevents/pressreleases/monetary20210127a.htm,raw/statements/monetary20210127a.htm,"Voting for the monetary policy action were Jerome H. Powell, Chair; John C. Williams, Vice Chair; Thomas I. Barkin; Raphael W. Bostic; Michelle W. Bowman; Lael Brainard; Richard H. Clarida; Mary C. Daly; Charles L. Evans; Randal K. Quarles; and Christopher J. Waller. Implementation Note issued January 27, 2021","Concurrence proves support for the action, not ideology"
2021-01-27,Jerome H. Powell,FOR,HOLD,CONCUR,HOLD,0,VOTE_ACTION_PROXY,https://www.federalreserve.gov/newsevents/pressreleases/monetary20210127a.htm,raw/statements/monetary20210127a.htm,"Voting for the monetary policy action were Jerome H. Powell, Chair; John C. Williams, Vice Chair; Thomas I. Barkin; Raphael W. Bostic; Michelle W. Bowman; Lael Brainard; Richard H. Clarida; Mary C. Daly; Charles L. Evans; Randal K. Quarles; and Christopher J. Waller. Implementation Note issued January 27, 2021","Concurrence proves support for the action, not ideology"
2021-01-27,John C. Williams,FOR,HOLD,CONCUR,HOLD,0,VOTE_ACTION_PROXY,https://www.federalreserve.gov/newsevents/pressreleases/monetary20210127a.htm,raw/statements/monetary20210127a.htm,"Voting for the monetary policy action were Jerome H. Powell, Chair; John C. Williams, Vice Chair; Thomas I. Barkin; Raphael W. Bostic; Michelle W. Bowman; Lael Brainard; Richard H. Clarida; Mary C. Daly; Charles L. Evans; Randal K. Quarles; and Christopher J. Waller. Implementation Note issued January 27, 2021","Concurrence proves support for the action, not ideology"
2021-01-27,Lael Brainard,FOR,HOLD,CONCUR,HOLD,0,VOTE_ACTION_PROXY,https://www.federalreserve.gov/newsevents/pressreleases/monetary20210127a.htm,raw/statements/monetary20210127a.htm,"Voting for the monetary policy action were Jerome H. Powell, Chair; John C. Williams, Vice Chair; Thomas I. Barkin; Raphael W. Bostic; Michelle W. Bowman; Lael Brainard; Richard H. Clarida; Mary C. Daly; Charles L. Evans; Randal K. Quarles; and Christopher J. Waller. Implementation Note issued January 27, 2021","Concurrence proves support for the action, not ideology"
2021-01-27,Mary C. Daly,FOR,HOLD,CONCUR,HOLD,0,VOTE_ACTION_PROXY,https://www.federalreserve.gov/newsevents/pressreleases/monetary20210127a.htm,raw/statements/monetary20210127a.htm,"Voting for the monetary policy action were Jerome H. Powell, Chair; John C. Williams, Vice Chair; Thomas I. Barkin; Raphael W. Bostic; Michelle W. Bowman; Lael Brainard; Richard H. Clarida; Mary C. Daly; Charles L. Evans; Randal K. Quarles; and Christopher J. Waller. Implementation Note issued January 27, 2021","Concurrence proves support for the action, not ideology"
2021-01-27,Michelle W. Bowman,FOR,HOLD,CONCUR,HOLD,0,VOTE_ACTION_PROXY,https://www.federalreserve.gov/newsevents/pressreleases/monetary20210127a.htm,raw/statements/monetary20210127a.htm,"Voting for the monetary policy action were Jerome H. Powell, Chair; John C. Williams, Vice Chair; Thomas I. Barkin; Raphael W. Bostic; Michelle W. Bowman; Lael Brainard; Richard H. Clarida; Mary C. Daly; Charles L. Evans; Randal K. Quarles; and Christopher J. Waller. Implementation Note issued January 27, 2021","Concurrence proves support for the action, not ideology"
2021-01-27,Randal K. Quarles,FOR,HOLD,CONCUR,HOLD,0,VOTE_ACTION_PROXY,https://www.federalreserve.gov/newsevents/pressreleases/monetary20210127a.htm,raw/statements/monetary20210127a.htm,"Voting for the monetary policy action were Jerome H. Powell, Chair; John C. Williams, Vice Chair; Thomas I. Barkin; Raphael W. Bostic; Michelle W. Bowman; Lael Brainard; Richard H. Clarida; Mary C. Daly; Charles L. Evans; Randal K. Quarles; and Christopher J. Waller. Implementation Note issued January 27, 2021","Concurrence proves support for the action, not ideology"
2021-01-27,Raphael W. Bostic,FOR,HOLD,CONCUR,HOLD,0,VOTE_ACTION_PROXY,https://www.federalreserve.gov/newsevents/pressreleases/monetary20210127a.htm,raw/statements/monetary20210127a.htm,"Voting for the monetary policy action were Jerome H. Powell, Chair; John C. Williams, Vice Chair; Thomas I. Barkin; Raphael W. Bostic; Michelle W. Bowman; Lael Brainard; Richard H. Clarida; Mary C. Daly; Charles L. Evans; Randal K. Quarles; and Christopher J. Waller. Implementation Note issued January 27, 2021","Concurrence proves support for the action, not ideology"
2021-01-27,Richard H. Clarida,FOR,HOLD,CONCUR,HOLD,0,VOTE_ACTION_PROXY,https://www.federalreserve.gov/newsevents/pressreleases/monetary20210127a.htm,raw/statements/monetary20210127a.htm,"Voting for the monetary policy action were Jerome H. Powell, Chair; John C. Williams, Vice Chair; Thomas I. Barkin; Raphael W. Bostic; Michelle W. Bowman; Lael Brainard; Richard H. Clarida; Mary C. Daly; Charles L. Evans; Randal K. Quarles; and Christopher J. Waller. Implementation Note issued January 27, 2021","Concurrence proves support for the action, not ideology"
2021-01-27,Thomas I. Barkin,FOR,HOLD,CONCUR,HOLD,0,VOTE_ACTION_PROXY,https://www.federalreserve.gov/newsevents/pressreleases/monetary20210127a.htm,raw/statements/monetary20210127a.htm,"Voting for the monetary policy action were Jerome H. Powell, Chair; John C. Williams, Vice Chair; Thomas I. Barkin; Raphael W. Bostic; Michelle W. Bowman; Lael Brainard; Richard H. Clarida; Mary C. Daly; Charles L. Evans; Randal K. Quarles; and Christopher J. Waller. Implementation Note issued January 27, 2021","Concurrence proves support for the action, not ideology"
2021-03-17,Charles L. Evans,FOR,HOLD,CONCUR,HOLD,0,VOTE_ACTION_PROXY,https://www.federalreserve.gov/newsevents/pressreleases/monetary20210317a.htm,raw/statements/monetary20210317a.htm,"Voting for the monetary policy action were Jerome H. Powell, Chair; John C. Williams, Vice Chair; Thomas I. Barkin; Raphael W. Bostic; Michelle W. Bowman; Lael Brainard; Richard H. Clarida; Mary C. Daly; Charles L. Evans; Randal K. Quarles; and Christopher J. Waller. Implementation Note issued March 17, 2021","Concurrence proves support for the action, not ideology"
2021-03-17,Jerome H. Powell,FOR,HOLD,CONCUR,HOLD,0,VOTE_ACTION_PROXY,https://www.federalreserve.gov/newsevents/pressreleases/monetary20210317a.htm,raw/statements/monetary20210317a.htm,"Voting for the monetary policy action were Jerome H. Powell, Chair; John C. Williams, Vice Chair; Thomas I. Barkin; Raphael W. Bostic; Michelle W. Bowman; Lael Brainard; Richard H. Clarida; Mary C. Daly; Charles L. Evans; Randal K. Quarles; and Christopher J. Waller. Implementation Note issued March 17, 2021","Concurrence proves support for the action, not ideology"
2021-03-17,John C. Williams,FOR,HOLD,CONCUR,HOLD,0,VOTE_ACTION_PROXY,https://www.federalreserve.gov/newsevents/pressreleases/monetary20210317a.htm,raw/statements/monetary20210317a.htm,"Voting for the monetary policy action were Jerome H. Powell, Chair; John C. Williams, Vice Chair; Thomas I. Barkin; Raphael W. Bostic; Michelle W. Bowman; Lael Brainard; Richard H. Clarida; Mary C. Daly; Charles L. Evans; Randal K. Quarles; and Christopher J. Waller. Implementation Note issued March 17, 2021","Concurrence proves support for the action, not ideology"
2021-03-17,Lael Brainard,FOR,HOLD,CONCUR,HOLD,0,VOTE_ACTION_PROXY,https://www.federalreserve.gov/newsevents/pressreleases/monetary20210317a.htm,raw/statements/monetary20210317a.htm,"Voting for the monetary policy action were Jerome H. Powell, Chair; John C. Williams, Vice Chair; Thomas I. Barkin; Raphael W. Bostic; Michelle W. Bowman; Lael Brainard; Richard H. Clarida; Mary C. Daly; Charles L. Evans; Randal K. Quarles; and Christopher J. Waller. Implementation Note issued March 17, 2021","Concurrence proves support for the action, not ideology"
2021-03-17,Mary C. Daly,FOR,HOLD,CONCUR,HOLD,0,VOTE_ACTION_PROXY,https://www.federalreserve.gov/newsevents/pressreleases/monetary20210317a.htm,raw/statements/monetary20210317a.htm,"Voting for the monetary policy action were Jerome H. Powell, Chair; John C. Williams, Vice Chair; Thomas I. Barkin; Raphael W. Bostic; Michelle W. Bowman; Lael Brainard; Richard H. Clarida; Mary C. Daly; Charles L. Evans; Randal K. Quarles; and Christopher J. Waller. Implementation Note issued March 17, 2021","Concurrence proves support for the action, not ideology"
2021-03-17,Michelle W. Bowman,FOR,HOLD,CONCUR,HOLD,0,VOTE_ACTION_PROXY,https://www.federalreserve.gov/newsevents/pressreleases/monetary20210317a.htm,raw/statements/monetary20210317a.htm,"Voting for the monetary policy action were Jerome H. Powell, Chair; John C. Williams, Vice Chair; Thomas I. Barkin; Raphael W. Bostic; Michelle W. Bowman; Lael Brainard; Richard H. Clarida; Mary C. Daly; Charles L. Evans; Randal K. Quarles; and Christopher J. Waller. Implementation Note issued March 17, 2021","Concurrence proves support for the action, not ideology"
2021-03-17,Randal K. Quarles,FOR,HOLD,CONCUR,HOLD,0,VOTE_ACTION_PROXY,https://www.federalreserve.gov/newsevents/pressreleases/monetary20210317a.htm,raw/statements/monetary20210317a.htm,"Voting for the monetary policy action were Jerome H. Powell, Chair; John C. Williams, Vice Chair; Thomas I. Barkin; Raphael W. Bostic; Michelle W. Bowman; Lael Brainard; Richard H. Clarida; Mary C. Daly; Charles L. Evans; Randal K. Quarles; and Christopher J. Waller. Implementation Note issued March 17, 2021","Concurrence proves support for the action, not ideology"
2021-03-17,Raphael W. Bostic,FOR,HOLD,CONCUR,HOLD,0,VOTE_ACTION_PROXY,https://www.federalreserve.gov/newsevents/pressreleases/monetary20210317a.htm,raw/statements/monetary20210317a.htm,"Voting for the monetary policy action were Jerome H. Powell, Chair; John C. Williams, Vice Chair; Thomas I. Barkin; Raphael W. Bostic; Michelle W. Bowman; Lael Brainard; Richard H. Clarida; Mary C. Daly; Charles L. Evans; Randal K. Quarles; and Christopher J. Waller. Implementation Note issued March 17, 2021","Concurrence proves support for the action, not ideology"
2021-03-17,Richard H. Clarida,FOR,HOLD,CONCUR,HOLD,0,VOTE_ACTION_PROXY,https://www.federalreserve.gov/newsevents/pressreleases/monetary20210317a.htm,raw/statements/monetary20210317a.htm,"Voting for the monetary policy action were Jerome H. Powell, Chair; John C. Williams, Vice Chair; Thomas I. Barkin; Raphael W. Bostic; Michelle W. Bowman; Lael Brainard; Richard H. Clarida; Mary C. Daly; Charles L. Evans; Randal K. Quarles; and Christopher J. Waller. Implementation Note issued March 17, 2021","Concurrence proves support for the action, not ideology"
2021-03-17,Thomas I. Barkin,FOR,HOLD,CONCUR,HOLD,0,VOTE_ACTION_PROXY,https://www.federalreserve.gov/newsevents/pressreleases/monetary20210317a.htm,raw/statements/monetary20210317a.htm,"Voting for the monetary policy action were Jerome H. Powell, Chair; John C. Williams, Vice Chair; Thomas I. Barkin; Raphael W. Bostic; Michelle W. Bowman; Lael Brainard; Richard H. Clarida; Mary C. Daly; Charles L. Evans; Randal K. Quarles; and Christopher J. Waller. Implementation Note issued March 17, 2021","Concurrence proves support for the action, not ideology"
2021-04-28,Charles L. Evans,FOR,HOLD,CONCUR,HOLD,0,VOTE_ACTION_PROXY,https://www.federalreserve.gov/newsevents/pressreleases/monetary20210428a.htm,raw/statements/monetary20210428a.htm,"Voting for the monetary policy action were Jerome H. Powell, Chair; John C. Williams, Vice Chair; Thomas I. Barkin; Raphael W. Bostic; Michelle W. Bowman; Lael Brainard; Richard H. Clarida; Mary C. Daly; Charles L. Evans; Randal K. Quarles; and Christopher J. Waller. Implementation Note issued April 28, 2021","Concurrence proves support for the action, not ideology"
2021-04-28,Jerome H. Powell,FOR,HOLD,CONCUR,HOLD,0,VOTE_ACTION_PROXY,https://www.federalreserve.gov/newsevents/pressreleases/monetary20210428a.htm,raw/statements/monetary20210428a.htm,"Voting for the monetary policy action were Jerome H. Powell, Chair; John C. Williams, Vice Chair; Thomas I. Barkin; Raphael W. Bostic; Michelle W. Bowman; Lael Brainard; Richard H. Clarida; Mary C. Daly; Charles L. Evans; Randal K. Quarles; and Christopher J. Waller. Implementation Note issued April 28, 2021","Concurrence proves support for the action, not ideology"
2021-04-28,John C. Williams,FOR,HOLD,CONCUR,HOLD,0,VOTE_ACTION_PROXY,https://www.federalreserve.gov/newsevents/pressreleases/monetary20210428a.htm,raw/statements/monetary20210428a.htm,"Voting for the monetary policy action were Jerome H. Powell, Chair; John C. Williams, Vice Chair; Thomas I. Barkin; Raphael W. Bostic; Michelle W. Bowman; Lael Brainard; Richard H. Clarida; Mary C. Daly; Charles L. Evans; Randal K. Quarles; and Christopher J. Waller. Implementation Note issued April 28, 2021","Concurrence proves support for the action, not ideology"
2021-04-28,Lael Brainard,FOR,HOLD,CONCUR,HOLD,0,VOTE_ACTION_PROXY,https://www.federalreserve.gov/newsevents/pressreleases/monetary20210428a.htm,raw/statements/monetary20210428a.htm,"Voting for the monetary policy action were Jerome H. Powell, Chair; John C. Williams, Vice Chair; Thomas I. Barkin; Raphael W. Bostic; Michelle W. Bowman; Lael Brainard; Richard H. Clarida; Mary C. Daly; Charles L. Evans; Randal K. Quarles; and Christopher J. Waller. Implementation Note issued April 28, 2021","Concurrence proves support for the action, not ideology"
2021-04-28,Mary C. Daly,FOR,HOLD,CONCUR,HOLD,0,VOTE_ACTION_PROXY,https://www.federalreserve.gov/newsevents/pressreleases/monetary20210428a.htm,raw/statements/monetary20210428a.htm,"Voting for the monetary policy action were Jerome H. Powell, Chair; John C. Williams, Vice Chair; Thomas I. Barkin; Raphael W. Bostic; Michelle W. Bowman; Lael Brainard; Richard H. Clarida; Mary C. Daly; Charles L. Evans; Randal K. Quarles; and Christopher J. Waller. Implementation Note issued April 28, 2021","Concurrence proves support for the action, not ideology"
2021-04-28,Michelle W. Bowman,FOR,HOLD,CONCUR,HOLD,0,VOTE_ACTION_PROXY,https://www.federalreserve.gov/newsevents/pressreleases/monetary20210428a.htm,raw/statements/monetary20210428a.htm,"Voting for the monetary policy action were Jerome H. Powell, Chair; John C. Williams, Vice Chair; Thomas I. Barkin; Raphael W. Bostic; Michelle W. Bowman; Lael Brainard; Richard H. Clarida; Mary C. Daly; Charles L. Evans; Randal K. Quarles; and Christopher J. Waller. Implementation Note issued April 28, 2021","Concurrence proves support for the action, not ideology"
2021-04-28,Randal K. Quarles,FOR,HOLD,CONCUR,HOLD,0,VOTE_ACTION_PROXY,https://www.federalreserve.gov/newsevents/pressreleases/monetary20210428a.htm,raw/statements/monetary20210428a.htm,"Voting for the monetary policy action were Jerome H. Powell, Chair; John C. Williams, Vice Chair; Thomas I. Barkin; Raphael W. Bostic; Michelle W. Bowman; Lael Brainard; Richard H. Clarida; Mary C. Daly; Charles L. Evans; Randal K. Quarles; and Christopher J. Waller. Implementation Note issued April 28, 2021","Concurrence proves support for the action, not ideology"
2021-04-28,Raphael W. Bostic,FOR,HOLD,CONCUR,HOLD,0,VOTE_ACTION_PROXY,https://www.federalreserve.gov/newsevents/pressreleases/monetary20210428a.htm,raw/statements/monetary20210428a.htm,"Voting for the monetary policy action were Jerome H. Powell, Chair; John C. Williams, Vice Chair; Thomas I. Barkin; Raphael W. Bostic; Michelle W. Bowman; Lael Brainard; Richard H. Clarida; Mary C. Daly; Charles L. Evans; Randal K. Quarles; and Christopher J. Waller. Implementation Note issued April 28, 2021","Concurrence proves support for the action, not ideology"
2021-04-28,Richard H. Clarida,FOR,HOLD,CONCUR,HOLD,0,VOTE_ACTION_PROXY,https://www.federalreserve.gov/newsevents/pressreleases/monetary20210428a.htm,raw/statements/monetary20210428a.htm,"Voting for the monetary policy action were Jerome H. Powell, Chair; John C. Williams, Vice Chair; Thomas I. Barkin; Raphael W. Bostic; Michelle W. Bowman; Lael Brainard; Richard H. Clarida; Mary C. Daly; Charles L. Evans; Randal K. Quarles; and Christopher J. Waller. Implementation Note issued April 28, 2021","Concurrence proves support for the action, not ideology"
2021-04-28,Thomas I. Barkin,FOR,HOLD,CONCUR,HOLD,0,VOTE_ACTION_PROXY,https://www.federalreserve.gov/newsevents/pressreleases/monetary20210428a.htm,raw/statements/monetary20210428a.htm,"Voting for the monetary policy action were Jerome H. Powell, Chair; John C. Williams, Vice Chair; Thomas I. Barkin; Raphael W. Bostic; Michelle W. Bowman; Lael Brainard; Richard H. Clarida; Mary C. Daly; Charles L. Evans; Randal K. Quarles; and Christopher J. Waller. Implementation Note issued April 28, 2021","Concurrence proves support for the action, not ideology"
2021-06-16,Charles L. Evans,FOR,HOLD,CONCUR,HOLD,0,VOTE_ACTION_PROXY,https://www.federalreserve.gov/newsevents/pressreleases/monetary20210616a.htm,raw/statements/monetary20210616a.htm,"Voting for the monetary policy action were Jerome H. Powell, Chair; John C. Williams, Vice Chair; Thomas I. Barkin; Raphael W. Bostic; Michelle W. Bowman; Lael Brainard; Richard H. Clarida; Mary C. Daly; Charles L. Evans; Randal K. Quarles; and Christopher J. Waller. Implementation Note issued June 16, 2021","Concurrence proves support for the action, not ideology"
2021-06-16,Jerome H. Powell,FOR,HOLD,CONCUR,HOLD,0,VOTE_ACTION_PROXY,https://www.federalreserve.gov/newsevents/pressreleases/monetary20210616a.htm,raw/statements/monetary20210616a.htm,"Voting for the monetary policy action were Jerome H. Powell, Chair; John C. Williams, Vice Chair; Thomas I. Barkin; Raphael W. Bostic; Michelle W. Bowman; Lael Brainard; Richard H. Clarida; Mary C. Daly; Charles L. Evans; Randal K. Quarles; and Christopher J. Waller. Implementation Note issued June 16, 2021","Concurrence proves support for the action, not ideology"
2021-06-16,John C. Williams,FOR,HOLD,CONCUR,HOLD,0,VOTE_ACTION_PROXY,https://www.federalreserve.gov/newsevents/pressreleases/monetary20210616a.htm,raw/statements/monetary20210616a.htm,"Voting for the monetary policy action were Jerome H. Powell, Chair; John C. Williams, Vice Chair; Thomas I. Barkin; Raphael W. Bostic; Michelle W. Bowman; Lael Brainard; Richard H. Clarida; Mary C. Daly; Charles L. Evans; Randal K. Quarles; and Christopher J. Waller. Implementation Note issued June 16, 2021","Concurrence proves support for the action, not ideology"
2021-06-16,Lael Brainard,FOR,HOLD,CONCUR,HOLD,0,VOTE_ACTION_PROXY,https://www.federalreserve.gov/newsevents/pressreleases/monetary20210616a.htm,raw/statements/monetary20210616a.htm,"Voting for the monetary policy action were Jerome H. Powell, Chair; John C. Williams, Vice Chair; Thomas I. Barkin; Raphael W. Bostic; Michelle W. Bowman; Lael Brainard; Richard H. Clarida; Mary C. Daly; Charles L. Evans; Randal K. Quarles; and Christopher J. Waller. Implementation Note issued June 16, 2021","Concurrence proves support for the action, not ideology"
2021-06-16,Mary C. Daly,FOR,HOLD,CONCUR,HOLD,0,VOTE_ACTION_PROXY,https://www.federalreserve.gov/newsevents/pressreleases/monetary20210616a.htm,raw/statements/monetary20210616a.htm,"Voting for the monetary policy action were Jerome H. Powell, Chair; John C. Williams, Vice Chair; Thomas I. Barkin; Raphael W. Bostic; Michelle W. Bowman; Lael Brainard; Richard H. Clarida; Mary C. Daly; Charles L. Evans; Randal K. Quarles; and Christopher J. Waller. Implementation Note issued June 16, 2021","Concurrence proves support for the action, not ideology"
2021-06-16,Michelle W. Bowman,FOR,HOLD,CONCUR,HOLD,0,VOTE_ACTION_PROXY,https://www.federalreserve.gov/newsevents/pressreleases/monetary20210616a.htm,raw/statements/monetary20210616a.htm,"Voting for the monetary policy action were Jerome H. Powell, Chair; John C. Williams, Vice Chair; Thomas I. Barkin; Raphael W. Bostic; Michelle W. Bowman; Lael Brainard; Richard H. Clarida; Mary C. Daly; Charles L. Evans; Randal K. Quarles; and Christopher J. Waller. Implementation Note issued June 16, 2021","Concurrence proves support for the action, not ideology"
2021-06-16,Randal K. Quarles,FOR,HOLD,CONCUR,HOLD,0,VOTE_ACTION_PROXY,https://www.federalreserve.gov/newsevents/pressreleases/monetary20210616a.htm,raw/statements/monetary20210616a.htm,"Voting for the monetary policy action were Jerome H. Powell, Chair; John C. Williams, Vice Chair; Thomas I. Barkin; Raphael W. Bostic; Michelle W. Bowman; Lael Brainard; Richard H. Clarida; Mary C. Daly; Charles L. Evans; Randal K. Quarles; and Christopher J. Waller. Implementation Note issued June 16, 2021","Concurrence proves support for the action, not ideology"
2021-06-16,Raphael W. Bostic,FOR,HOLD,CONCUR,HOLD,0,VOTE_ACTION_PROXY,https://www.federalreserve.gov/newsevents/pressreleases/monetary20210616a.htm,raw/statements/monetary20210616a.htm,"Voting for the monetary policy action were Jerome H. Powell, Chair; John C. Williams, Vice Chair; Thomas I. Barkin; Raphael W. Bostic; Michelle W. Bowman; Lael Brainard; Richard H. Clarida; Mary C. Daly; Charles L. Evans; Randal K. Quarles; and Christopher J. Waller. Implementation Note issued June 16, 2021","Concurrence proves support for the action, not ideology"
2021-06-16,Richard H. Clarida,FOR,HOLD,CONCUR,HOLD,0,VOTE_ACTION_PROXY,https://www.federalreserve.gov/newsevents/pressreleases/monetary20210616a.htm,raw/statements/monetary20210616a.htm,"Voting for the monetary policy action were Jerome H. Powell, Chair; John C. Williams, Vice Chair; Thomas I. Barkin; Raphael W. Bostic; Michelle W. Bowman; Lael Brainard; Richard H. Clarida; Mary C. Daly; Charles L. Evans; Randal K. Quarles; and Christopher J. Waller. Implementation Note issued June 16, 2021","Concurrence proves support for the action, not ideology"
2021-06-16,Thomas I. Barkin,FOR,HOLD,CONCUR,HOLD,0,VOTE_ACTION_PROXY,https://www.federalreserve.gov/newsevents/pressreleases/monetary20210616a.htm,raw/statements/monetary20210616a.htm,"Voting for the monetary policy action were Jerome H. Powell, Chair; John C. Williams, Vice Chair; Thomas I. Barkin; Raphael W. Bostic; Michelle W. Bowman; Lael Brainard; Richard H. Clarida; Mary C. Daly; Charles L. Evans; Randal K. Quarles; and Christopher J. Waller. Implementation Note issued June 16, 2021","Concurrence proves support for the action, not ideology"
2021-07-28,Charles L. Evans,FOR,HOLD,CONCUR,HOLD,0,VOTE_ACTION_PROXY,https://www.federalreserve.gov/newsevents/pressreleases/monetary20210728a.htm,raw/statements/monetary20210728a.htm,"Voting for the monetary policy action were Jerome H. Powell, Chair; John C. Williams, Vice Chair; Thomas I. Barkin; Raphael W. Bostic; Michelle W. Bowman; Lael Brainard; Richard H. Clarida; Mary C. Daly; Charles L. Evans; Randal K. Quarles; and Christopher J. Waller. Implementation Note issued July 28, 2021","Concurrence proves support for the action, not ideology"
2021-07-28,Jerome H. Powell,FOR,HOLD,CONCUR,HOLD,0,VOTE_ACTION_PROXY,https://www.federalreserve.gov/newsevents/pressreleases/monetary20210728a.htm,raw/statements/monetary20210728a.htm,"Voting for the monetary policy action were Jerome H. Powell, Chair; John C. Williams, Vice Chair; Thomas I. Barkin; Raphael W. Bostic; Michelle W. Bowman; Lael Brainard; Richard H. Clarida; Mary C. Daly; Charles L. Evans; Randal K. Quarles; and Christopher J. Waller. Implementation Note issued July 28, 2021","Concurrence proves support for the action, not ideology"
2021-07-28,John C. Williams,FOR,HOLD,CONCUR,HOLD,0,VOTE_ACTION_PROXY,https://www.federalreserve.gov/newsevents/pressreleases/monetary20210728a.htm,raw/statements/monetary20210728a.htm,"Voting for the monetary policy action were Jerome H. Powell, Chair; John C. Williams, Vice Chair; Thomas I. Barkin; Raphael W. Bostic; Michelle W. Bowman; Lael Brainard; Richard H. Clarida; Mary C. Daly; Charles L. Evans; Randal K. Quarles; and Christopher J. Waller. Implementation Note issued July 28, 2021","Concurrence proves support for the action, not ideology"
2021-07-28,Lael Brainard,FOR,HOLD,CONCUR,HOLD,0,VOTE_ACTION_PROXY,https://www.federalreserve.gov/newsevents/pressreleases/monetary20210728a.htm,raw/statements/monetary20210728a.htm,"Voting for the monetary policy action were Jerome H. Powell, Chair; John C. Williams, Vice Chair; Thomas I. Barkin; Raphael W. Bostic; Michelle W. Bowman; Lael Brainard; Richard H. Clarida; Mary C. Daly; Charles L. Evans; Randal K. Quarles; and Christopher J. Waller. Implementation Note issued July 28, 2021","Concurrence proves support for the action, not ideology"
2021-07-28,Mary C. Daly,FOR,HOLD,CONCUR,HOLD,0,VOTE_ACTION_PROXY,https://www.federalreserve.gov/newsevents/pressreleases/monetary20210728a.htm,raw/statements/monetary20210728a.htm,"Voting for the monetary policy action were Jerome H. Powell, Chair; John C. Williams, Vice Chair; Thomas I. Barkin; Raphael W. Bostic; Michelle W. Bowman; Lael Brainard; Richard H. Clarida; Mary C. Daly; Charles L. Evans; Randal K. Quarles; and Christopher J. Waller. Implementation Note issued July 28, 2021","Concurrence proves support for the action, not ideology"
2021-07-28,Michelle W. Bowman,FOR,HOLD,CONCUR,HOLD,0,VOTE_ACTION_PROXY,https://www.federalreserve.gov/newsevents/pressreleases/monetary20210728a.htm,raw/statements/monetary20210728a.htm,"Voting for the monetary policy action were Jerome H. Powell, Chair; John C. Williams, Vice Chair; Thomas I. Barkin; Raphael W. Bostic; Michelle W. Bowman; Lael Brainard; Richard H. Clarida; Mary C. Daly; Charles L. Evans; Randal K. Quarles; and Christopher J. Waller. Implementation Note issued July 28, 2021","Concurrence proves support for the action, not ideology"
2021-07-28,Randal K. Quarles,FOR,HOLD,CONCUR,HOLD,0,VOTE_ACTION_PROXY,https://www.federalreserve.gov/newsevents/pressreleases/monetary20210728a.htm,raw/statements/monetary20210728a.htm,"Voting for the monetary policy action were Jerome H. Powell, Chair; John C. Williams, Vice Chair; Thomas I. Barkin; Raphael W. Bostic; Michelle W. Bowman; Lael Brainard; Richard H. Clarida; Mary C. Daly; Charles L. Evans; Randal K. Quarles; and Christopher J. Waller. Implementation Note issued July 28, 2021","Concurrence proves support for the action, not ideology"
2021-07-28,Raphael W. Bostic,FOR,HOLD,CONCUR,HOLD,0,VOTE_ACTION_PROXY,https://www.federalreserve.gov/newsevents/pressreleases/monetary20210728a.htm,raw/statements/monetary20210728a.htm,"Voting for the monetary policy action were Jerome H. Powell, Chair; John C. Williams, Vice Chair; Thomas I. Barkin; Raphael W. Bostic; Michelle W. Bowman; Lael Brainard; Richard H. Clarida; Mary C. Daly; Charles L. Evans; Randal K. Quarles; and Christopher J. Waller. Implementation Note issued July 28, 2021","Concurrence proves support for the action, not ideology"
2021-07-28,Richard H. Clarida,FOR,HOLD,CONCUR,HOLD,0,VOTE_ACTION_PROXY,https://www.federalreserve.gov/newsevents/pressreleases/monetary20210728a.htm,raw/statements/monetary20210728a.htm,"Voting for the monetary policy action were Jerome H. Powell, Chair; John C. Williams, Vice Chair; Thomas I. Barkin; Raphael W. Bostic; Michelle W. Bowman; Lael Brainard; Richard H. Clarida; Mary C. Daly; Charles L. Evans; Randal K. Quarles; and Christopher J. Waller. Implementation Note issued July 28, 2021","Concurrence proves support for the action, not ideology"
2021-07-28,Thomas I. Barkin,FOR,HOLD,CONCUR,HOLD,0,VOTE_ACTION_PROXY,https://www.federalreserve.gov/newsevents/pressreleases/monetary20210728a.htm,raw/statements/monetary20210728a.htm,"Voting for the monetary policy action were Jerome H. Powell, Chair; John C. Williams, Vice Chair; Thomas I. Barkin; Raphael W. Bostic; Michelle W. Bowman; Lael Brainard; Richard H. Clarida; Mary C. Daly; Charles L. Evans; Randal K. Quarles; and Christopher J. Waller. Implementation Note issued July 28, 2021","Concurrence proves support for the action, not ideology"
2021-09-22,Charles L. Evans,FOR,HOLD,CONCUR,HOLD,0,VOTE_ACTION_PROXY,https://www.federalreserve.gov/newsevents/pressreleases/monetary20210922a.htm,raw/statements/monetary20210922a.htm,"Voting for the monetary policy action were Jerome H. Powell, Chair; John C. Williams, Vice Chair; Thomas I. Barkin; Raphael W. Bostic; Michelle W. Bowman; Lael Brainard; Richard H. Clarida; Mary C. Daly; Charles L. Evans; Randal K. Quarles; and Christopher J. Waller. Implementation Note issued September 22, 2021","Concurrence proves support for the action, not ideology"
2021-09-22,Jerome H. Powell,FOR,HOLD,CONCUR,HOLD,0,VOTE_ACTION_PROXY,https://www.federalreserve.gov/newsevents/pressreleases/monetary20210922a.htm,raw/statements/monetary20210922a.htm,"Voting for the monetary policy action were Jerome H. Powell, Chair; John C. Williams, Vice Chair; Thomas I. Barkin; Raphael W. Bostic; Michelle W. Bowman; Lael Brainard; Richard H. Clarida; Mary C. Daly; Charles L. Evans; Randal K. Quarles; and Christopher J. Waller. Implementation Note issued September 22, 2021","Concurrence proves support for the action, not ideology"
2021-09-22,John C. Williams,FOR,HOLD,CONCUR,HOLD,0,VOTE_ACTION_PROXY,https://www.federalreserve.gov/newsevents/pressreleases/monetary20210922a.htm,raw/statements/monetary20210922a.htm,"Voting for the monetary policy action were Jerome H. Powell, Chair; John C. Williams, Vice Chair; Thomas I. Barkin; Raphael W. Bostic; Michelle W. Bowman; Lael Brainard; Richard H. Clarida; Mary C. Daly; Charles L. Evans; Randal K. Quarles; and Christopher J. Waller. Implementation Note issued September 22, 2021","Concurrence proves support for the action, not ideology"
2021-09-22,Lael Brainard,FOR,HOLD,CONCUR,HOLD,0,VOTE_ACTION_PROXY,https://www.federalreserve.gov/newsevents/pressreleases/monetary20210922a.htm,raw/statements/monetary20210922a.htm,"Voting for the monetary policy action were Jerome H. Powell, Chair; John C. Williams, Vice Chair; Thomas I. Barkin; Raphael W. Bostic; Michelle W. Bowman; Lael Brainard; Richard H. Clarida; Mary C. Daly; Charles L. Evans; Randal K. Quarles; and Christopher J. Waller. Implementation Note issued September 22, 2021","Concurrence proves support for the action, not ideology"
2021-09-22,Mary C. Daly,FOR,HOLD,CONCUR,HOLD,0,VOTE_ACTION_PROXY,https://www.federalreserve.gov/newsevents/pressreleases/monetary20210922a.htm,raw/statements/monetary20210922a.htm,"Voting for the monetary policy action were Jerome H. Powell, Chair; John C. Williams, Vice Chair; Thomas I. Barkin; Raphael W. Bostic; Michelle W. Bowman; Lael Brainard; Richard H. Clarida; Mary C. Daly; Charles L. Evans; Randal K. Quarles; and Christopher J. Waller. Implementation Note issued September 22, 2021","Concurrence proves support for the action, not ideology"
2021-09-22,Michelle W. Bowman,FOR,HOLD,CONCUR,HOLD,0,VOTE_ACTION_PROXY,https://www.federalreserve.gov/newsevents/pressreleases/monetary20210922a.htm,raw/statements/monetary20210922a.htm,"Voting for the monetary policy action were Jerome H. Powell, Chair; John C. Williams, Vice Chair; Thomas I. Barkin; Raphael W. Bostic; Michelle W. Bowman; Lael Brainard; Richard H. Clarida; Mary C. Daly; Charles L. Evans; Randal K. Quarles; and Christopher J. Waller. Implementation Note issued September 22, 2021","Concurrence proves support for the action, not ideology"
2021-09-22,Randal K. Quarles,FOR,HOLD,CONCUR,HOLD,0,VOTE_ACTION_PROXY,https://www.federalreserve.gov/newsevents/pressreleases/monetary20210922a.htm,raw/statements/monetary20210922a.htm,"Voting for the monetary policy action were Jerome H. Powell, Chair; John C. Williams, Vice Chair; Thomas I. Barkin; Raphael W. Bostic; Michelle W. Bowman; Lael Brainard; Richard H. Clarida; Mary C. Daly; Charles L. Evans; Randal K. Quarles; and Christopher J. Waller. Implementation Note issued September 22, 2021","Concurrence proves support for the action, not ideology"
2021-09-22,Raphael W. Bostic,FOR,HOLD,CONCUR,HOLD,0,VOTE_ACTION_PROXY,https://www.federalreserve.gov/newsevents/pressreleases/monetary20210922a.htm,raw/statements/monetary20210922a.htm,"Voting for the monetary policy action were Jerome H. Powell, Chair; John C. Williams, Vice Chair; Thomas I. Barkin; Raphael W. Bostic; Michelle W. Bowman; Lael Brainard; Richard H. Clarida; Mary C. Daly; Charles L. Evans; Randal K. Quarles; and Christopher J. Waller. Implementation Note issued September 22, 2021","Concurrence proves support for the action, not ideology"
2021-09-22,Richard H. Clarida,FOR,HOLD,CONCUR,HOLD,0,VOTE_ACTION_PROXY,https://www.federalreserve.gov/newsevents/pressreleases/monetary20210922a.htm,raw/statements/monetary20210922a.htm,"Voting for the monetary policy action were Jerome H. Powell, Chair; John C. Williams, Vice Chair; Thomas I. Barkin; Raphael W. Bostic; Michelle W. Bowman; Lael Brainard; Richard H. Clarida; Mary C. Daly; Charles L. Evans; Randal K. Quarles; and Christopher J. Waller. Implementation Note issued September 22, 2021","Concurrence proves support for the action, not ideology"
2021-09-22,Thomas I. Barkin,FOR,HOLD,CONCUR,HOLD,0,VOTE_ACTION_PROXY,https://www.federalreserve.gov/newsevents/pressreleases/monetary20210922a.htm,raw/statements/monetary20210922a.htm,"Voting for the monetary policy action were Jerome H. Powell, Chair; John C. Williams, Vice Chair; Thomas I. Barkin; Raphael W. Bostic; Michelle W. Bowman; Lael Brainard; Richard H. Clarida; Mary C. Daly; Charles L. Evans; Randal K. Quarles; and Christopher J. Waller. Implementation Note issued September 22, 2021","Concurrence proves support for the action, not ideology"
2021-11-03,Charles L. Evans,FOR,HOLD,CONCUR,HOLD,0,VOTE_ACTION_PROXY,https://www.federalreserve.gov/newsevents/pressreleases/monetary20211103a.htm,raw/statements/monetary20211103a.htm,"Voting for the monetary policy action were Jerome H. Powell, Chair; John C. Williams, Vice Chair; Thomas I. Barkin; Raphael W. Bostic; Michelle W. Bowman; Lael Brainard; Richard H. Clarida; Mary C. Daly; Charles L. Evans; Randal K. Quarles; and Christopher J. Waller. Implementation Note issued November 3, 2021","Concurrence proves support for the action, not ideology"
2021-11-03,Jerome H. Powell,FOR,HOLD,CONCUR,HOLD,0,VOTE_ACTION_PROXY,https://www.federalreserve.gov/newsevents/pressreleases/monetary20211103a.htm,raw/statements/monetary20211103a.htm,"Voting for the monetary policy action were Jerome H. Powell, Chair; John C. Williams, Vice Chair; Thomas I. Barkin; Raphael W. Bostic; Michelle W. Bowman; Lael Brainard; Richard H. Clarida; Mary C. Daly; Charles L. Evans; Randal K. Quarles; and Christopher J. Waller. Implementation Note issued November 3, 2021","Concurrence proves support for the action, not ideology"
2021-11-03,John C. Williams,FOR,HOLD,CONCUR,HOLD,0,VOTE_ACTION_PROXY,https://www.federalreserve.gov/newsevents/pressreleases/monetary20211103a.htm,raw/statements/monetary20211103a.htm,"Voting for the monetary policy action were Jerome H. Powell, Chair; John C. Williams, Vice Chair; Thomas I. Barkin; Raphael W. Bostic; Michelle W. Bowman; Lael Brainard; Richard H. Clarida; Mary C. Daly; Charles L. Evans; Randal K. Quarles; and Christopher J. Waller. Implementation Note issued November 3, 2021","Concurrence proves support for the action, not ideology"
2021-11-03,Lael Brainard,FOR,HOLD,CONCUR,HOLD,0,VOTE_ACTION_PROXY,https://www.federalreserve.gov/newsevents/pressreleases/monetary20211103a.htm,raw/statements/monetary20211103a.htm,"Voting for the monetary policy action were Jerome H. Powell, Chair; John C. Williams, Vice Chair; Thomas I. Barkin; Raphael W. Bostic; Michelle W. Bowman; Lael Brainard; Richard H. Clarida; Mary C. Daly; Charles L. Evans; Randal K. Quarles; and Christopher J. Waller. Implementation Note issued November 3, 2021","Concurrence proves support for the action, not ideology"
2021-11-03,Mary C. Daly,FOR,HOLD,CONCUR,HOLD,0,VOTE_ACTION_PROXY,https://www.federalreserve.gov/newsevents/pressreleases/monetary20211103a.htm,raw/statements/monetary20211103a.htm,"Voting for the monetary policy action were Jerome H. Powell, Chair; John C. Williams, Vice Chair; Thomas I. Barkin; Raphael W. Bostic; Michelle W. Bowman; Lael Brainard; Richard H. Clarida; Mary C. Daly; Charles L. Evans; Randal K. Quarles; and Christopher J. Waller. Implementation Note issued November 3, 2021","Concurrence proves support for the action, not ideology"
2021-11-03,Michelle W. Bowman,FOR,HOLD,CONCUR,HOLD,0,VOTE_ACTION_PROXY,https://www.federalreserve.gov/newsevents/pressreleases/monetary20211103a.htm,raw/statements/monetary20211103a.htm,"Voting for the monetary policy action were Jerome H. Powell, Chair; John C. Williams, Vice Chair; Thomas I. Barkin; Raphael W. Bostic; Michelle W. Bowman; Lael Brainard; Richard H. Clarida; Mary C. Daly; Charles L. Evans; Randal K. Quarles; and Christopher J. Waller. Implementation Note issued November 3, 2021","Concurrence proves support for the action, not ideology"
2021-11-03,Randal K. Quarles,FOR,HOLD,CONCUR,HOLD,0,VOTE_ACTION_PROXY,https://www.federalreserve.gov/newsevents/pressreleases/monetary20211103a.htm,raw/statements/monetary20211103a.htm,"Voting for the monetary policy action were Jerome H. Powell, Chair; John C. Williams, Vice Chair; Thomas I. Barkin; Raphael W. Bostic; Michelle W. Bowman; Lael Brainard; Richard H. Clarida; Mary C. Daly; Charles L. Evans; Randal K. Quarles; and Christopher J. Waller. Implementation Note issued November 3, 2021","Concurrence proves support for the action, not ideology"
2021-11-03,Raphael W. Bostic,FOR,HOLD,CONCUR,HOLD,0,VOTE_ACTION_PROXY,https://www.federalreserve.gov/newsevents/pressreleases/monetary20211103a.htm,raw/statements/monetary20211103a.htm,"Voting for the monetary policy action were Jerome H. Powell, Chair; John C. Williams, Vice Chair; Thomas I. Barkin; Raphael W. Bostic; Michelle W. Bowman; Lael Brainard; Richard H. Clarida; Mary C. Daly; Charles L. Evans; Randal K. Quarles; and Christopher J. Waller. Implementation Note issued November 3, 2021","Concurrence proves support for the action, not ideology"
2021-11-03,Richard H. Clarida,FOR,HOLD,CONCUR,HOLD,0,VOTE_ACTION_PROXY,https://www.federalreserve.gov/newsevents/pressreleases/monetary20211103a.htm,raw/statements/monetary20211103a.htm,"Voting for the monetary policy action were Jerome H. Powell, Chair; John C. Williams, Vice Chair; Thomas I. Barkin; Raphael W. Bostic; Michelle W. Bowman; Lael Brainard; Richard H. Clarida; Mary C. Daly; Charles L. Evans; Randal K. Quarles; and Christopher J. Waller. Implementation Note issued November 3, 2021","Concurrence proves support for the action, not ideology"
2021-11-03,Thomas I. Barkin,FOR,HOLD,CONCUR,HOLD,0,VOTE_ACTION_PROXY,https://www.federalreserve.gov/newsevents/pressreleases/monetary20211103a.htm,raw/statements/monetary20211103a.htm,"Voting for the monetary policy action were Jerome H. Powell, Chair; John C. Williams, Vice Chair; Thomas I. Barkin; Raphael W. Bostic; Michelle W. Bowman; Lael Brainard; Richard H. Clarida; Mary C. Daly; Charles L. Evans; Randal K. Quarles; and Christopher J. Waller. Implementation Note issued November 3, 2021","Concurrence proves support for the action, not ideology"
2021-12-15,Charles L. Evans,FOR,HOLD,CONCUR,HOLD,0,VOTE_ACTION_PROXY,https://www.federalreserve.gov/newsevents/pressreleases/monetary20211215a.htm,raw/statements/monetary20211215a.htm,"Voting for the monetary policy action were Jerome H. Powell, Chair; John C. Williams, Vice Chair; Thomas I. Barkin; Raphael W. Bostic; Michelle W. Bowman; Lael Brainard; Richard H. Clarida; Mary C. Daly; Charles L. Evans; Randal K. Quarles; and Christopher J. Waller. Implementation Note issued December 15, 2021","Concurrence proves support for the action, not ideology"
2021-12-15,Jerome H. Powell,FOR,HOLD,CONCUR,HOLD,0,VOTE_ACTION_PROXY,https://www.federalreserve.gov/newsevents/pressreleases/monetary20211215a.htm,raw/statements/monetary20211215a.htm,"Voting for the monetary policy action were Jerome H. Powell, Chair; John C. Williams, Vice Chair; Thomas I. Barkin; Raphael W. Bostic; Michelle W. Bowman; Lael Brainard; Richard H. Clarida; Mary C. Daly; Charles L. Evans; Randal K. Quarles; and Christopher J. Waller. Implementation Note issued December 15, 2021","Concurrence proves support for the action, not ideology"
2021-12-15,John C. Williams,FOR,HOLD,CONCUR,HOLD,0,VOTE_ACTION_PROXY,https://www.federalreserve.gov/newsevents/pressreleases/monetary20211215a.htm,raw/statements/monetary20211215a.htm,"Voting for the monetary policy action were Jerome H. Powell, Chair; John C. Williams, Vice Chair; Thomas I. Barkin; Raphael W. Bostic; Michelle W. Bowman; Lael Brainard; Richard H. Clarida; Mary C. Daly; Charles L. Evans; Randal K. Quarles; and Christopher J. Waller. Implementation Note issued December 15, 2021","Concurrence proves support for the action, not ideology"
2021-12-15,Lael Brainard,FOR,HOLD,CONCUR,HOLD,0,VOTE_ACTION_PROXY,https://www.federalreserve.gov/newsevents/pressreleases/monetary20211215a.htm,raw/statements/monetary20211215a.htm,"Voting for the monetary policy action were Jerome H. Powell, Chair; John C. Williams, Vice Chair; Thomas I. Barkin; Raphael W. Bostic; Michelle W. Bowman; Lael Brainard; Richard H. Clarida; Mary C. Daly; Charles L. Evans; Randal K. Quarles; and Christopher J. Waller. Implementation Note issued December 15, 2021","Concurrence proves support for the action, not ideology"
2021-12-15,Mary C. Daly,FOR,HOLD,CONCUR,HOLD,0,VOTE_ACTION_PROXY,https://www.federalreserve.gov/newsevents/pressreleases/monetary20211215a.htm,raw/statements/monetary20211215a.htm,"Voting for the monetary policy action were Jerome H. Powell, Chair; John C. Williams, Vice Chair; Thomas I. Barkin; Raphael W. Bostic; Michelle W. Bowman; Lael Brainard; Richard H. Clarida; Mary C. Daly; Charles L. Evans; Randal K. Quarles; and Christopher J. Waller. Implementation Note issued December 15, 2021","Concurrence proves support for the action, not ideology"
2021-12-15,Michelle W. Bowman,FOR,HOLD,CONCUR,HOLD,0,VOTE_ACTION_PROXY,https://www.federalreserve.gov/newsevents/pressreleases/monetary20211215a.htm,raw/statements/monetary20211215a.htm,"Voting for the monetary policy action were Jerome H. Powell, Chair; John C. Williams, Vice Chair; Thomas I. Barkin; Raphael W. Bostic; Michelle W. Bowman; Lael Brainard; Richard H. Clarida; Mary C. Daly; Charles L. Evans; Randal K. Quarles; and Christopher J. Waller. Implementation Note issued December 15, 2021","Concurrence proves support for the action, not ideology"
2021-12-15,Randal K. Quarles,FOR,HOLD,CONCUR,HOLD,0,VOTE_ACTION_PROXY,https://www.federalreserve.gov/newsevents/pressreleases/monetary20211215a.htm,raw/statements/monetary20211215a.htm,"Voting for the monetary policy action were Jerome H. Powell, Chair; John C. Williams, Vice Chair; Thomas I. Barkin; Raphael W. Bostic; Michelle W. Bowman; Lael Brainard; Richard H. Clarida; Mary C. Daly; Charles L. Evans; Randal K. Quarles; and Christopher J. Waller. Implementation Note issued December 15, 2021","Concurrence proves support for the action, not ideology"
2021-12-15,Raphael W. Bostic,FOR,HOLD,CONCUR,HOLD,0,VOTE_ACTION_PROXY,https://www.federalreserve.gov/newsevents/pressreleases/monetary20211215a.htm,raw/statements/monetary20211215a.htm,"Voting for the monetary policy action were Jerome H. Powell, Chair; John C. Williams, Vice Chair; Thomas I. Barkin; Raphael W. Bostic; Michelle W. Bowman; Lael Brainard; Richard H. Clarida; Mary C. Daly; Charles L. Evans; Randal K. Quarles; and Christopher J. Waller. Implementation Note issued December 15, 2021","Concurrence proves support for the action, not ideology"
2021-12-15,Richard H. Clarida,FOR,HOLD,CONCUR,HOLD,0,VOTE_ACTION_PROXY,https://www.federalreserve.gov/newsevents/pressreleases/monetary20211215a.htm,raw/statements/monetary20211215a.htm,"Voting for the monetary policy action were Jerome H. Powell, Chair; John C. Williams, Vice Chair; Thomas I. Barkin; Raphael W. Bostic; Michelle W. Bowman; Lael Brainard; Richard H. Clarida; Mary C. Daly; Charles L. Evans; Randal K. Quarles; and Christopher J. Waller. Implementation Note issued December 15, 2021","Concurrence proves support for the action, not ideology"
2021-12-15,Thomas I. Barkin,FOR,HOLD,CONCUR,HOLD,0,VOTE_ACTION_PROXY,https://www.federalreserve.gov/newsevents/pressreleases/monetary20211215a.htm,raw/statements/monetary20211215a.htm,"Voting for the monetary policy action were Jerome H. Powell, Chair; John C. Williams, Vice Chair; Thomas I. Barkin; Raphael W. Bostic; Michelle W. Bowman; Lael Brainard; Richard H. Clarida; Mary C. Daly; Charles L. Evans; Randal K. Quarles; and Christopher J. Waller. Implementation Note issued December 15, 2021","Concurrence proves support for the action, not ideology"
2022-01-26,Esther L. George,FOR,HOLD,CONCUR,HOLD,0,VOTE_ACTION_PROXY,https://www.federalreserve.gov/newsevents/pressreleases/monetary20220126a.htm,raw/statements/monetary20220126a.htm,"Voting for the monetary policy action were Jerome H. Powell, Chair; John C. Williams, Vice Chair; Michelle W. Bowman; Lael Brainard; James Bullard; Esther L. George; Patrick Harker; Loretta J. Mester; and Christopher J. Waller. Patrick Harker voted as an alternate member at this meeting. Implementation Note issued January 26, 2022","Concurrence proves support for the action, not ideology"
2022-01-26,James Bullard,FOR,HOLD,CONCUR,HOLD,0,VOTE_ACTION_PROXY,https://www.federalreserve.gov/newsevents/pressreleases/monetary20220126a.htm,raw/statements/monetary20220126a.htm,"Voting for the monetary policy action were Jerome H. Powell, Chair; John C. Williams, Vice Chair; Michelle W. Bowman; Lael Brainard; James Bullard; Esther L. George; Patrick Harker; Loretta J. Mester; and Christopher J. Waller. Patrick Harker voted as an alternate member at this meeting. Implementation Note issued January 26, 2022","Concurrence proves support for the action, not ideology"
2022-01-26,Jerome H. Powell,FOR,HOLD,CONCUR,HOLD,0,VOTE_ACTION_PROXY,https://www.federalreserve.gov/newsevents/pressreleases/monetary20220126a.htm,raw/statements/monetary20220126a.htm,"Voting for the monetary policy action were Jerome H. Powell, Chair; John C. Williams, Vice Chair; Michelle W. Bowman; Lael Brainard; James Bullard; Esther L. George; Patrick Harker; Loretta J. Mester; and Christopher J. Waller. Patrick Harker voted as an alternate member at this meeting. Implementation Note issued January 26, 2022","Concurrence proves support for the action, not ideology"
2022-01-26,John C. Williams,FOR,HOLD,CONCUR,HOLD,0,VOTE_ACTION_PROXY,https://www.federalreserve.gov/newsevents/pressreleases/monetary20220126a.htm,raw/statements/monetary20220126a.htm,"Voting for the monetary policy action were Jerome H. Powell, Chair; John C. Williams, Vice Chair; Michelle W. Bowman; Lael Brainard; James Bullard; Esther L. George; Patrick Harker; Loretta J. Mester; and Christopher J. Waller. Patrick Harker voted as an alternate member at this meeting. Implementation Note issued January 26, 2022","Concurrence proves support for the action, not ideology"
2022-01-26,Lael Brainard,FOR,HOLD,CONCUR,HOLD,0,VOTE_ACTION_PROXY,https://www.federalreserve.gov/newsevents/pressreleases/monetary20220126a.htm,raw/statements/monetary20220126a.htm,"Voting for the monetary policy action were Jerome H. Powell, Chair; John C. Williams, Vice Chair; Michelle W. Bowman; Lael Brainard; James Bullard; Esther L. George; Patrick Harker; Loretta J. Mester; and Christopher J. Waller. Patrick Harker voted as an alternate member at this meeting. Implementation Note issued January 26, 2022","Concurrence proves support for the action, not ideology"
2022-01-26,Loretta J. Mester,FOR,HOLD,CONCUR,HOLD,0,VOTE_ACTION_PROXY,https://www.federalreserve.gov/newsevents/pressreleases/monetary20220126a.htm,raw/statements/monetary20220126a.htm,"Voting for the monetary policy action were Jerome H. Powell, Chair; John C. Williams, Vice Chair; Michelle W. Bowman; Lael Brainard; James Bullard; Esther L. George; Patrick Harker; Loretta J. Mester; and Christopher J. Waller. Patrick Harker voted as an alternate member at this meeting. Implementation Note issued January 26, 2022","Concurrence proves support for the action, not ideology"
2022-01-26,Michelle W. Bowman,FOR,HOLD,CONCUR,HOLD,0,VOTE_ACTION_PROXY,https://www.federalreserve.gov/newsevents/pressreleases/monetary20220126a.htm,raw/statements/monetary20220126a.htm,"Voting for the monetary policy action were Jerome H. Powell, Chair; John C. Williams, Vice Chair; Michelle W. Bowman; Lael Brainard; James Bullard; Esther L. George; Patrick Harker; Loretta J. Mester; and Christopher J. Waller. Patrick Harker voted as an alternate member at this meeting. Implementation Note issued January 26, 2022","Concurrence proves support for the action, not ideology"
2022-01-26,Patrick Harker,FOR,HOLD,CONCUR,HOLD,0,VOTE_ACTION_PROXY,https://www.federalreserve.gov/newsevents/pressreleases/monetary20220126a.htm,raw/statements/monetary20220126a.htm,"Voting for the monetary policy action were Jerome H. Powell, Chair; John C. Williams, Vice Chair; Michelle W. Bowman; Lael Brainard; James Bullard; Esther L. George; Patrick Harker; Loretta J. Mester; and Christopher J. Waller. Patrick Harker voted as an alternate member at this meeting. Implementation Note issued January 26, 2022","Concurrence proves support for the action, not ideology"
2022-03-16,Christopher J. Waller,FOR,HIKE,CONCUR,HIKE,1,VOTE_ACTION_PROXY,https://www.federalreserve.gov/newsevents/pressreleases/monetary20220316a.htm,raw/statements/monetary20220316a.htm,"Voting for the monetary policy action were Jerome H. Powell, Chair; John C. Williams, Vice Chair; Michelle W. Bowman; Lael Brainard; Esther L. George; Patrick Harker; Loretta J. Mester; and Christopher J. Waller. Voting against this action was James Bullard, who preferred at this meeting to raise the target range for the federal funds rate by 0.5 percentage point to 1/2 to 3/4 percent. Patrick Harker voted as an alternate member at this meeting. Implementation Note issued March 16, 2022","Concurrence proves support for the action, not ideology"
2022-03-16,Esther L. George,FOR,HIKE,CONCUR,HIKE,1,VOTE_ACTION_PROXY,https://www.federalreserve.gov/newsevents/pressreleases/monetary20220316a.htm,raw/statements/monetary20220316a.htm,"Voting for the monetary policy action were Jerome H. Powell, Chair; John C. Williams, Vice Chair; Michelle W. Bowman; Lael Brainard; Esther L. George; Patrick Harker; Loretta J. Mester; and Christopher J. Waller. Voting against this action was James Bullard, who preferred at this meeting to raise the target range for the federal funds rate by 0.5 percentage point to 1/2 to 3/4 percent. Patrick Harker voted as an alternate member at this meeting. Implementation Note issued March 16, 2022","Concurrence proves support for the action, not ideology"
2022-03-16,James Bullard,AGAINST,HIKE,TIGHTER,HIKE_50BP,2,VOTE_DISSENT,https://www.federalreserve.gov/newsevents/pressreleases/monetary20220316a.htm,raw/statements/monetary20220316a.htm,"Voting for the monetary policy action were Jerome H. Powell, Chair; John C. Williams, Vice Chair; Michelle W. Bowman; Lael Brainard; Esther L. George; Patrick Harker; Loretta J. Mester; and Christopher J. Waller. Voting against this action was James Bullard, who preferred at this meeting to raise the target range for the federal funds rate by 0.5 percentage point to 1/2 to 3/4 percent. Patrick Harker voted as an alternate member at this meeting. Implementation Note issued March 16, 2022",Preferred a larger hike than the committee's 25bp hike
2022-03-16,Jerome H. Powell,FOR,HIKE,CONCUR,HIKE,1,VOTE_ACTION_PROXY,https://www.federalreserve.gov/newsevents/pressreleases/monetary20220316a.htm,raw/statements/monetary20220316a.htm,"Voting for the monetary policy action were Jerome H. Powell, Chair; John C. Williams, Vice Chair; Michelle W. Bowman; Lael Brainard; Esther L. George; Patrick Harker; Loretta J. Mester; and Christopher J. Waller. Voting against this action was James Bullard, who preferred at this meeting to raise the target range for the federal funds rate by 0.5 percentage point to 1/2 to 3/4 percent. Patrick Harker voted as an alternate member at this meeting. Implementation Note issued March 16, 2022","Concurrence proves support for the action, not ideology"
2022-03-16,John C. Williams,FOR,HIKE,CONCUR,HIKE,1,VOTE_ACTION_PROXY,https://www.federalreserve.gov/newsevents/pressreleases/monetary20220316a.htm,raw/statements/monetary20220316a.htm,"Voting for the monetary policy action were Jerome H. Powell, Chair; John C. Williams, Vice Chair; Michelle W. Bowman; Lael Brainard; Esther L. George; Patrick Harker; Loretta J. Mester; and Christopher J. Waller. Voting against this action was James Bullard, who preferred at this meeting to raise the target range for the federal funds rate by 0.5 percentage point to 1/2 to 3/4 percent. Patrick Harker voted as an alternate member at this meeting. Implementation Note issued March 16, 2022","Concurrence proves support for the action, not ideology"
2022-03-16,Lael Brainard,FOR,HIKE,CONCUR,HIKE,1,VOTE_ACTION_PROXY,https://www.federalreserve.gov/newsevents/pressreleases/monetary20220316a.htm,raw/statements/monetary20220316a.htm,"Voting for the monetary policy action were Jerome H. Powell, Chair; John C. Williams, Vice Chair; Michelle W. Bowman; Lael Brainard; Esther L. George; Patrick Harker; Loretta J. Mester; and Christopher J. Waller. Voting against this action was James Bullard, who preferred at this meeting to raise the target range for the federal funds rate by 0.5 percentage point to 1/2 to 3/4 percent. Patrick Harker voted as an alternate member at this meeting. Implementation Note issued March 16, 2022","Concurrence proves support for the action, not ideology"
2022-03-16,Loretta J. Mester,FOR,HIKE,CONCUR,HIKE,1,VOTE_ACTION_PROXY,https://www.federalreserve.gov/newsevents/pressreleases/monetary20220316a.htm,raw/statements/monetary20220316a.htm,"Voting for the monetary policy action were Jerome H. Powell, Chair; John C. Williams, Vice Chair; Michelle W. Bowman; Lael Brainard; Esther L. George; Patrick Harker; Loretta J. Mester; and Christopher J. Waller. Voting against this action was James Bullard, who preferred at this meeting to raise the target range for the federal funds rate by 0.5 percentage point to 1/2 to 3/4 percent. Patrick Harker voted as an alternate member at this meeting. Implementation Note issued March 16, 2022","Concurrence proves support for the action, not ideology"
2022-03-16,Michelle W. Bowman,FOR,HIKE,CONCUR,HIKE,1,VOTE_ACTION_PROXY,https://www.federalreserve.gov/newsevents/pressreleases/monetary20220316a.htm,raw/statements/monetary20220316a.htm,"Voting for the monetary policy action were Jerome H. Powell, Chair; John C. Williams, Vice Chair; Michelle W. Bowman; Lael Brainard; Esther L. George; Patrick Harker; Loretta J. Mester; and Christopher J. Waller. Voting against this action was James Bullard, who preferred at this meeting to raise the target range for the federal funds rate by 0.5 percentage point to 1/2 to 3/4 percent. Patrick Harker voted as an alternate member at this meeting. Implementation Note issued March 16, 2022","Concurrence proves support for the action, not ideology"
2022-03-16,Patrick Harker,FOR,HIKE,CONCUR,HIKE,1,VOTE_ACTION_PROXY,https://www.federalreserve.gov/newsevents/pressreleases/monetary20220316a.htm,raw/statements/monetary20220316a.htm,"Voting for the monetary policy action were Jerome H. Powell, Chair; John C. Williams, Vice Chair; Michelle W. Bowman; Lael Brainard; Esther L. George; Patrick Harker; Loretta J. Mester; and Christopher J. Waller. Voting against this action was James Bullard, who preferred at this meeting to raise the target range for the federal funds rate by 0.5 percentage point to 1/2 to 3/4 percent. Patrick Harker voted as an alternate member at this meeting. Implementation Note issued March 16, 2022","Concurrence proves support for the action, not ideology"
2022-05-04,Esther L. George,FOR,HIKE,CONCUR,HIKE,1,VOTE_ACTION_PROXY,https://www.federalreserve.gov/newsevents/pressreleases/monetary20220504a.htm,raw/statements/monetary20220504a.htm,"Voting for the monetary policy action were Jerome H. Powell, Chair; John C. Williams, Vice Chair; Michelle W. Bowman; Lael Brainard; James Bullard; Esther L. George; Patrick Harker; Loretta J. Mester; and Christopher J. Waller. Patrick Harker voted as an alternate member at this meeting. Implementation Note issued May 4, 2022 Related Information Plans for Reducing the Size of the Federal Reserve's Balance Sheet","Concurrence proves support for the action, not ideology"
2022-05-04,James Bullard,FOR,HIKE,CONCUR,HIKE,1,VOTE_ACTION_PROXY,https://www.federalreserve.gov/newsevents/pressreleases/monetary20220504a.htm,raw/statements/monetary20220504a.htm,"Voting for the monetary policy action were Jerome H. Powell, Chair; John C. Williams, Vice Chair; Michelle W. Bowman; Lael Brainard; James Bullard; Esther L. George; Patrick Harker; Loretta J. Mester; and Christopher J. Waller. Patrick Harker voted as an alternate member at this meeting. Implementation Note issued May 4, 2022 Related Information Plans for Reducing the Size of the Federal Reserve's Balance Sheet","Concurrence proves support for the action, not ideology"
2022-05-04,Jerome H. Powell,FOR,HIKE,CONCUR,HIKE,1,VOTE_ACTION_PROXY,https://www.federalreserve.gov/newsevents/pressreleases/monetary20220504a.htm,raw/statements/monetary20220504a.htm,"Voting for the monetary policy action were Jerome H. Powell, Chair; John C. Williams, Vice Chair; Michelle W. Bowman; Lael Brainard; James Bullard; Esther L. George; Patrick Harker; Loretta J. Mester; and Christopher J. Waller. Patrick Harker voted as an alternate member at this meeting. Implementation Note issued May 4, 2022 Related Information Plans for Reducing the Size of the Federal Reserve's Balance Sheet","Concurrence proves support for the action, not ideology"
2022-05-04,John C. Williams,FOR,HIKE,CONCUR,HIKE,1,VOTE_ACTION_PROXY,https://www.federalreserve.gov/newsevents/pressreleases/monetary20220504a.htm,raw/statements/monetary20220504a.htm,"Voting for the monetary policy action were Jerome H. Powell, Chair; John C. Williams, Vice Chair; Michelle W. Bowman; Lael Brainard; James Bullard; Esther L. George; Patrick Harker; Loretta J. Mester; and Christopher J. Waller. Patrick Harker voted as an alternate member at this meeting. Implementation Note issued May 4, 2022 Related Information Plans for Reducing the Size of the Federal Reserve's Balance Sheet","Concurrence proves support for the action, not ideology"
2022-05-04,Lael Brainard,FOR,HIKE,CONCUR,HIKE,1,VOTE_ACTION_PROXY,https://www.federalreserve.gov/newsevents/pressreleases/monetary20220504a.htm,raw/statements/monetary20220504a.htm,"Voting for the monetary policy action were Jerome H. Powell, Chair; John C. Williams, Vice Chair; Michelle W. Bowman; Lael Brainard; James Bullard; Esther L. George; Patrick Harker; Loretta J. Mester; and Christopher J. Waller. Patrick Harker voted as an alternate member at this meeting. Implementation Note issued May 4, 2022 Related Information Plans for Reducing the Size of the Federal Reserve's Balance Sheet","Concurrence proves support for the action, not ideology"
2022-05-04,Loretta J. Mester,FOR,HIKE,CONCUR,HIKE,1,VOTE_ACTION_PROXY,https://www.federalreserve.gov/newsevents/pressreleases/monetary20220504a.htm,raw/statements/monetary20220504a.htm,"Voting for the monetary policy action were Jerome H. Powell, Chair; John C. Williams, Vice Chair; Michelle W. Bowman; Lael Brainard; James Bullard; Esther L. George; Patrick Harker; Loretta J. Mester; and Christopher J. Waller. Patrick Harker voted as an alternate member at this meeting. Implementation Note issued May 4, 2022 Related Information Plans for Reducing the Size of the Federal Reserve's Balance Sheet","Concurrence proves support for the action, not ideology"
2022-05-04,Michelle W. Bowman,FOR,HIKE,CONCUR,HIKE,1,VOTE_ACTION_PROXY,https://www.federalreserve.gov/newsevents/pressreleases/monetary20220504a.htm,raw/statements/monetary20220504a.htm,"Voting for the monetary policy action were Jerome H. Powell, Chair; John C. Williams, Vice Chair; Michelle W. Bowman; Lael Brainard; James Bullard; Esther L. George; Patrick Harker; Loretta J. Mester; and Christopher J. Waller. Patrick Harker voted as an alternate member at this meeting. Implementation Note issued May 4, 2022 Related Information Plans for Reducing the Size of the Federal Reserve's Balance Sheet","Concurrence proves support for the action, not ideology"
2022-05-04,Patrick Harker,FOR,HIKE,CONCUR,HIKE,1,VOTE_ACTION_PROXY,https://www.federalreserve.gov/newsevents/pressreleases/monetary20220504a.htm,raw/statements/monetary20220504a.htm,"Voting for the monetary policy action were Jerome H. Powell, Chair; John C. Williams, Vice Chair; Michelle W. Bowman; Lael Brainard; James Bullard; Esther L. George; Patrick Harker; Loretta J. Mester; and Christopher J. Waller. Patrick Harker voted as an alternate member at this meeting. Implementation Note issued May 4, 2022 Related Information Plans for Reducing the Size of the Federal Reserve's Balance Sheet","Concurrence proves support for the action, not ideology"
2022-06-15,Christopher J. Waller,FOR,HIKE,CONCUR,HIKE,1,VOTE_ACTION_PROXY,https://www.federalreserve.gov/newsevents/pressreleases/monetary20220615a.htm,raw/statements/monetary20220615a.htm,"Voting for the monetary policy action were Jerome H. Powell, Chair; John C. Williams, Vice Chair; Michelle W. Bowman; Lael Brainard; James Bullard; Lisa D. Cook; Patrick Harker; Philip N. Jefferson; Loretta J. Mester; and Christopher J. Waller. Voting against this action was Esther L. George, who preferred at this meeting to raise the target range for the federal funds rate by 0.5 percentage point to 1-1/4 percent to 1-1/2 percent. Patrick Harker voted as an alternate member at this meeting. Implementation Note issued June 15, 2022","Concurrence proves support for the action, not ideology"
2022-06-15,Esther L. George,AGAINST,HIKE,EASIER,HIKE_50BP,-2,VOTE_DISSENT,https://www.federalreserve.gov/newsevents/pressreleases/monetary20220615a.htm,raw/statements/monetary20220615a.htm,"Voting for the monetary policy action were Jerome H. Powell, Chair; John C. Williams, Vice Chair; Michelle W. Bowman; Lael Brainard; James Bullard; Lisa D. Cook; Patrick Harker; Philip N. Jefferson; Loretta J. Mester; and Christopher J. Waller. Voting against this action was Esther L. George, who preferred at this meeting to raise the target range for the federal funds rate by 0.5 percentage point to 1-1/4 percent to 1-1/2 percent. Patrick Harker voted as an alternate member at this meeting. Implementation Note issued June 15, 2022",Preferred a smaller hike than the committee's 75bp hike
2022-06-15,James Bullard,FOR,HIKE,CONCUR,HIKE,1,VOTE_ACTION_PROXY,https://www.federalreserve.gov/newsevents/pressreleases/monetary20220615a.htm,raw/statements/monetary20220615a.htm,"Voting for the monetary policy action were Jerome H. Powell, Chair; John C. Williams, Vice Chair; Michelle W. Bowman; Lael Brainard; James Bullard; Lisa D. Cook; Patrick Harker; Philip N. Jefferson; Loretta J. Mester; and Christopher J. Waller. Voting against this action was Esther L. George, who preferred at this meeting to raise the target range for the federal funds rate by 0.5 percentage point to 1-1/4 percent to 1-1/2 percent. Patrick Harker voted as an alternate member at this meeting. Implementation Note issued June 15, 2022","Concurrence proves support for the action, not ideology"
2022-06-15,Jerome H. Powell,FOR,HIKE,CONCUR,HIKE,1,VOTE_ACTION_PROXY,https://www.federalreserve.gov/newsevents/pressreleases/monetary20220615a.htm,raw/statements/monetary20220615a.htm,"Voting for the monetary policy action were Jerome H. Powell, Chair; John C. Williams, Vice Chair; Michelle W. Bowman; Lael Brainard; James Bullard; Lisa D. Cook; Patrick Harker; Philip N. Jefferson; Loretta J. Mester; and Christopher J. Waller. Voting against this action was Esther L. George, who preferred at this meeting to raise the target range for the federal funds rate by 0.5 percentage point to 1-1/4 percent to 1-1/2 percent. Patrick Harker voted as an alternate member at this meeting. Implementation Note issued June 15, 2022","Concurrence proves support for the action, not ideology"
2022-06-15,John C. Williams,FOR,HIKE,CONCUR,HIKE,1,VOTE_ACTION_PROXY,https://www.federalreserve.gov/newsevents/pressreleases/monetary20220615a.htm,raw/statements/monetary20220615a.htm,"Voting for the monetary policy action were Jerome H. Powell, Chair; John C. Williams, Vice Chair; Michelle W. Bowman; Lael Brainard; James Bullard; Lisa D. Cook; Patrick Harker; Philip N. Jefferson; Loretta J. Mester; and Christopher J. Waller. Voting against this action was Esther L. George, who preferred at this meeting to raise the target range for the federal funds rate by 0.5 percentage point to 1-1/4 percent to 1-1/2 percent. Patrick Harker voted as an alternate member at this meeting. Implementation Note issued June 15, 2022","Concurrence proves support for the action, not ideology"
2022-06-15,Lael Brainard,FOR,HIKE,CONCUR,HIKE,1,VOTE_ACTION_PROXY,https://www.federalreserve.gov/newsevents/pressreleases/monetary20220615a.htm,raw/statements/monetary20220615a.htm,"Voting for the monetary policy action were Jerome H. Powell, Chair; John C. Williams, Vice Chair; Michelle W. Bowman; Lael Brainard; James Bullard; Lisa D. Cook; Patrick Harker; Philip N. Jefferson; Loretta J. Mester; and Christopher J. Waller. Voting against this action was Esther L. George, who preferred at this meeting to raise the target range for the federal funds rate by 0.5 percentage point to 1-1/4 percent to 1-1/2 percent. Patrick Harker voted as an alternate member at this meeting. Implementation Note issued June 15, 2022","Concurrence proves support for the action, not ideology"
2022-06-15,Lisa D. Cook,FOR,HIKE,CONCUR,HIKE,1,VOTE_ACTION_PROXY,https://www.federalreserve.gov/newsevents/pressreleases/monetary20220615a.htm,raw/statements/monetary20220615a.htm,"Voting for the monetary policy action were Jerome H. Powell, Chair; John C. Williams, Vice Chair; Michelle W. Bowman; Lael Brainard; James Bullard; Lisa D. Cook; Patrick Harker; Philip N. Jefferson; Loretta J. Mester; and Christopher J. Waller. Voting against this action was Esther L. George, who preferred at this meeting to raise the target range for the federal funds rate by 0.5 percentage point to 1-1/4 percent to 1-1/2 percent. Patrick Harker voted as an alternate member at this meeting. Implementation Note issued June 15, 2022","Concurrence proves support for the action, not ideology"
2022-06-15,Loretta J. Mester,FOR,HIKE,CONCUR,HIKE,1,VOTE_ACTION_PROXY,https://www.federalreserve.gov/newsevents/pressreleases/monetary20220615a.htm,raw/statements/monetary20220615a.htm,"Voting for the monetary policy action were Jerome H. Powell, Chair; John C. Williams, Vice Chair; Michelle W. Bowman; Lael Brainard; James Bullard; Lisa D. Cook; Patrick Harker; Philip N. Jefferson; Loretta J. Mester; and Christopher J. Waller. Voting against this action was Esther L. George, who preferred at this meeting to raise the target range for the federal funds rate by 0.5 percentage point to 1-1/4 percent to 1-1/2 percent. Patrick Harker voted as an alternate member at this meeting. Implementation Note issued June 15, 2022","Concurrence proves support for the action, not ideology"
2022-06-15,Michelle W. Bowman,FOR,HIKE,CONCUR,HIKE,1,VOTE_ACTION_PROXY,https://www.federalreserve.gov/newsevents/pressreleases/monetary20220615a.htm,raw/statements/monetary20220615a.htm,"Voting for the monetary policy action were Jerome H. Powell, Chair; John C. Williams, Vice Chair; Michelle W. Bowman; Lael Brainard; James Bullard; Lisa D. Cook; Patrick Harker; Philip N. Jefferson; Loretta J. Mester; and Christopher J. Waller. Voting against this action was Esther L. George, who preferred at this meeting to raise the target range for the federal funds rate by 0.5 percentage point to 1-1/4 percent to 1-1/2 percent. Patrick Harker voted as an alternate member at this meeting. Implementation Note issued June 15, 2022","Concurrence proves support for the action, not ideology"
2022-06-15,Patrick Harker,FOR,HIKE,CONCUR,HIKE,1,VOTE_ACTION_PROXY,https://www.federalreserve.gov/newsevents/pressreleases/monetary20220615a.htm,raw/statements/monetary20220615a.htm,"Voting for the monetary policy action were Jerome H. Powell, Chair; John C. Williams, Vice Chair; Michelle W. Bowman; Lael Brainard; James Bullard; Lisa D. Cook; Patrick Harker; Philip N. Jefferson; Loretta J. Mester; and Christopher J. Waller. Voting against this action was Esther L. George, who preferred at this meeting to raise the target range for the federal funds rate by 0.5 percentage point to 1-1/4 percent to 1-1/2 percent. Patrick Harker voted as an alternate member at this meeting. Implementation Note issued June 15, 2022","Concurrence proves support for the action, not ideology"
2022-06-15,Philip N. Jefferson,FOR,HIKE,CONCUR,HIKE,1,VOTE_ACTION_PROXY,https://www.federalreserve.gov/newsevents/pressreleases/monetary20220615a.htm,raw/statements/monetary20220615a.htm,"Voting for the monetary policy action were Jerome H. Powell, Chair; John C. Williams, Vice Chair; Michelle W. Bowman; Lael Brainard; James Bullard; Lisa D. Cook; Patrick Harker; Philip N. Jefferson; Loretta J. Mester; and Christopher J. Waller. Voting against this action was Esther L. George, who preferred at this meeting to raise the target range for the federal funds rate by 0.5 percentage point to 1-1/4 percent to 1-1/2 percent. Patrick Harker voted as an alternate member at this meeting. Implementation Note issued June 15, 2022","Concurrence proves support for the action, not ideology"
2022-07-27,Esther L. George,FOR,HIKE,CONCUR,HIKE,1,VOTE_ACTION_PROXY,https://www.federalreserve.gov/newsevents/pressreleases/monetary20220727a.htm,raw/statements/monetary20220727a.htm,"Voting for the monetary policy action were Jerome H. Powell, Chair; John C. Williams, Vice Chair; Michael S. Barr; Michelle W. Bowman; Lael Brainard; James Bullard; Susan M. Collins; Lisa D. Cook; Esther L. George; Philip N. Jefferson; Loretta J. Mester; and Christopher J. Waller. Implementation Note issued July 27, 2022","Concurrence proves support for the action, not ideology"
2022-07-27,James Bullard,FOR,HIKE,CONCUR,HIKE,1,VOTE_ACTION_PROXY,https://www.federalreserve.gov/newsevents/pressreleases/monetary20220727a.htm,raw/statements/monetary20220727a.htm,"Voting for the monetary policy action were Jerome H. Powell, Chair; John C. Williams, Vice Chair; Michael S. Barr; Michelle W. Bowman; Lael Brainard; James Bullard; Susan M. Collins; Lisa D. Cook; Esther L. George; Philip N. Jefferson; Loretta J. Mester; and Christopher J. Waller. Implementation Note issued July 27, 2022","Concurrence proves support for the action, not ideology"
2022-07-27,Jerome H. Powell,FOR,HIKE,CONCUR,HIKE,1,VOTE_ACTION_PROXY,https://www.federalreserve.gov/newsevents/pressreleases/monetary20220727a.htm,raw/statements/monetary20220727a.htm,"Voting for the monetary policy action were Jerome H. Powell, Chair; John C. Williams, Vice Chair; Michael S. Barr; Michelle W. Bowman; Lael Brainard; James Bullard; Susan M. Collins; Lisa D. Cook; Esther L. George; Philip N. Jefferson; Loretta J. Mester; and Christopher J. Waller. Implementation Note issued July 27, 2022","Concurrence proves support for the action, not ideology"
2022-07-27,John C. Williams,FOR,HIKE,CONCUR,HIKE,1,VOTE_ACTION_PROXY,https://www.federalreserve.gov/newsevents/pressreleases/monetary20220727a.htm,raw/statements/monetary20220727a.htm,"Voting for the monetary policy action were Jerome H. Powell, Chair; John C. Williams, Vice Chair; Michael S. Barr; Michelle W. Bowman; Lael Brainard; James Bullard; Susan M. Collins; Lisa D. Cook; Esther L. George; Philip N. Jefferson; Loretta J. Mester; and Christopher J. Waller. Implementation Note issued July 27, 2022","Concurrence proves support for the action, not ideology"
2022-07-27,Lael Brainard,FOR,HIKE,CONCUR,HIKE,1,VOTE_ACTION_PROXY,https://www.federalreserve.gov/newsevents/pressreleases/monetary20220727a.htm,raw/statements/monetary20220727a.htm,"Voting for the monetary policy action were Jerome H. Powell, Chair; John C. Williams, Vice Chair; Michael S. Barr; Michelle W. Bowman; Lael Brainard; James Bullard; Susan M. Collins; Lisa D. Cook; Esther L. George; Philip N. Jefferson; Loretta J. Mester; and Christopher J. Waller. Implementation Note issued July 27, 2022","Concurrence proves support for the action, not ideology"
2022-07-27,Lisa D. Cook,FOR,HIKE,CONCUR,HIKE,1,VOTE_ACTION_PROXY,https://www.federalreserve.gov/newsevents/pressreleases/monetary20220727a.htm,raw/statements/monetary20220727a.htm,"Voting for the monetary policy action were Jerome H. Powell, Chair; John C. Williams, Vice Chair; Michael S. Barr; Michelle W. Bowman; Lael Brainard; James Bullard; Susan M. Collins; Lisa D. Cook; Esther L. George; Philip N. Jefferson; Loretta J. Mester; and Christopher J. Waller. Implementation Note issued July 27, 2022","Concurrence proves support for the action, not ideology"
2022-07-27,Loretta J. Mester,FOR,HIKE,CONCUR,HIKE,1,VOTE_ACTION_PROXY,https://www.federalreserve.gov/newsevents/pressreleases/monetary20220727a.htm,raw/statements/monetary20220727a.htm,"Voting for the monetary policy action were Jerome H. Powell, Chair; John C. Williams, Vice Chair; Michael S. Barr; Michelle W. Bowman; Lael Brainard; James Bullard; Susan M. Collins; Lisa D. Cook; Esther L. George; Philip N. Jefferson; Loretta J. Mester; and Christopher J. Waller. Implementation Note issued July 27, 2022","Concurrence proves support for the action, not ideology"
2022-07-27,Michael S. Barr,FOR,HIKE,CONCUR,HIKE,1,VOTE_ACTION_PROXY,https://www.federalreserve.gov/newsevents/pressreleases/monetary20220727a.htm,raw/statements/monetary20220727a.htm,"Voting for the monetary policy action were Jerome H. Powell, Chair; John C. Williams, Vice Chair; Michael S. Barr; Michelle W. Bowman; Lael Brainard; James Bullard; Susan M. Collins; Lisa D. Cook; Esther L. George; Philip N. Jefferson; Loretta J. Mester; and Christopher J. Waller. Implementation Note issued July 27, 2022","Concurrence proves support for the action, not ideology"
2022-07-27,Michelle W. Bowman,FOR,HIKE,CONCUR,HIKE,1,VOTE_ACTION_PROXY,https://www.federalreserve.gov/newsevents/pressreleases/monetary20220727a.htm,raw/statements/monetary20220727a.htm,"Voting for the monetary policy action were Jerome H. Powell, Chair; John C. Williams, Vice Chair; Michael S. Barr; Michelle W. Bowman; Lael Brainard; James Bullard; Susan M. Collins; Lisa D. Cook; Esther L. George; Philip N. Jefferson; Loretta J. Mester; and Christopher J. Waller. Implementation Note issued July 27, 2022","Concurrence proves support for the action, not ideology"
2022-07-27,Philip N. Jefferson,FOR,HIKE,CONCUR,HIKE,1,VOTE_ACTION_PROXY,https://www.federalreserve.gov/newsevents/pressreleases/monetary20220727a.htm,raw/statements/monetary20220727a.htm,"Voting for the monetary policy action were Jerome H. Powell, Chair; John C. Williams, Vice Chair; Michael S. Barr; Michelle W. Bowman; Lael Brainard; James Bullard; Susan M. Collins; Lisa D. Cook; Esther L. George; Philip N. Jefferson; Loretta J. Mester; and Christopher J. Waller. Implementation Note issued July 27, 2022","Concurrence proves support for the action, not ideology"
2022-07-27,Susan M. Collins,FOR,HIKE,CONCUR,HIKE,1,VOTE_ACTION_PROXY,https://www.federalreserve.gov/newsevents/pressreleases/monetary20220727a.htm,raw/statements/monetary20220727a.htm,"Voting for the monetary policy action were Jerome H. Powell, Chair; John C. Williams, Vice Chair; Michael S. Barr; Michelle W. Bowman; Lael Brainard; James Bullard; Susan M. Collins; Lisa D. Cook; Esther L. George; Philip N. Jefferson; Loretta J. Mester; and Christopher J. Waller. Implementation Note issued July 27, 2022","Concurrence proves support for the action, not ideology"
2022-09-21,Esther L. George,FOR,HIKE,CONCUR,HIKE,1,VOTE_ACTION_PROXY,https://www.federalreserve.gov/newsevents/pressreleases/monetary20220921a.htm,raw/statements/monetary20220921a.htm,"Voting for the monetary policy action were Jerome H. Powell, Chair; John C. Williams, Vice Chair; Michael S. Barr; Michelle W. Bowman; Lael Brainard; James Bullard; Susan M. Collins; Lisa D. Cook; Esther L. George; Philip N. Jefferson; Loretta J. Mester; and Christopher J. Waller. Implementation Note issued September 21, 2022","Concurrence proves support for the action, not ideology"
2022-09-21,James Bullard,FOR,HIKE,CONCUR,HIKE,1,VOTE_ACTION_PROXY,https://www.federalreserve.gov/newsevents/pressreleases/monetary20220921a.htm,raw/statements/monetary20220921a.htm,"Voting for the monetary policy action were Jerome H. Powell, Chair; John C. Williams, Vice Chair; Michael S. Barr; Michelle W. Bowman; Lael Brainard; James Bullard; Susan M. Collins; Lisa D. Cook; Esther L. George; Philip N. Jefferson; Loretta J. Mester; and Christopher J. Waller. Implementation Note issued September 21, 2022","Concurrence proves support for the action, not ideology"
2022-09-21,Jerome H. Powell,FOR,HIKE,CONCUR,HIKE,1,VOTE_ACTION_PROXY,https://www.federalreserve.gov/newsevents/pressreleases/monetary20220921a.htm,raw/statements/monetary20220921a.htm,"Voting for the monetary policy action were Jerome H. Powell, Chair; John C. Williams, Vice Chair; Michael S. Barr; Michelle W. Bowman; Lael Brainard; James Bullard; Susan M. Collins; Lisa D. Cook; Esther L. George; Philip N. Jefferson; Loretta J. Mester; and Christopher J. Waller. Implementation Note issued September 21, 2022","Concurrence proves support for the action, not ideology"
2022-09-21,John C. Williams,FOR,HIKE,CONCUR,HIKE,1,VOTE_ACTION_PROXY,https://www.federalreserve.gov/newsevents/pressreleases/monetary20220921a.htm,raw/statements/monetary20220921a.htm,"Voting for the monetary policy action were Jerome H. Powell, Chair; John C. Williams, Vice Chair; Michael S. Barr; Michelle W. Bowman; Lael Brainard; James Bullard; Susan M. Collins; Lisa D. Cook; Esther L. George; Philip N. Jefferson; Loretta J. Mester; and Christopher J. Waller. Implementation Note issued September 21, 2022","Concurrence proves support for the action, not ideology"
2022-09-21,Lael Brainard,FOR,HIKE,CONCUR,HIKE,1,VOTE_ACTION_PROXY,https://www.federalreserve.gov/newsevents/pressreleases/monetary20220921a.htm,raw/statements/monetary20220921a.htm,"Voting for the monetary policy action were Jerome H. Powell, Chair; John C. Williams, Vice Chair; Michael S. Barr; Michelle W. Bowman; Lael Brainard; James Bullard; Susan M. Collins; Lisa D. Cook; Esther L. George; Philip N. Jefferson; Loretta J. Mester; and Christopher J. Waller. Implementation Note issued September 21, 2022","Concurrence proves support for the action, not ideology"
2022-09-21,Lisa D. Cook,FOR,HIKE,CONCUR,HIKE,1,VOTE_ACTION_PROXY,https://www.federalreserve.gov/newsevents/pressreleases/monetary20220921a.htm,raw/statements/monetary20220921a.htm,"Voting for the monetary policy action were Jerome H. Powell, Chair; John C. Williams, Vice Chair; Michael S. Barr; Michelle W. Bowman; Lael Brainard; James Bullard; Susan M. Collins; Lisa D. Cook; Esther L. George; Philip N. Jefferson; Loretta J. Mester; and Christopher J. Waller. Implementation Note issued September 21, 2022","Concurrence proves support for the action, not ideology"
2022-09-21,Loretta J. Mester,FOR,HIKE,CONCUR,HIKE,1,VOTE_ACTION_PROXY,https://www.federalreserve.gov/newsevents/pressreleases/monetary20220921a.htm,raw/statements/monetary20220921a.htm,"Voting for the monetary policy action were Jerome H. Powell, Chair; John C. Williams, Vice Chair; Michael S. Barr; Michelle W. Bowman; Lael Brainard; James Bullard; Susan M. Collins; Lisa D. Cook; Esther L. George; Philip N. Jefferson; Loretta J. Mester; and Christopher J. Waller. Implementation Note issued September 21, 2022","Concurrence proves support for the action, not ideology"
2022-09-21,Michael S. Barr,FOR,HIKE,CONCUR,HIKE,1,VOTE_ACTION_PROXY,https://www.federalreserve.gov/newsevents/pressreleases/monetary20220921a.htm,raw/statements/monetary20220921a.htm,"Voting for the monetary policy action were Jerome H. Powell, Chair; John C. Williams, Vice Chair; Michael S. Barr; Michelle W. Bowman; Lael Brainard; James Bullard; Susan M. Collins; Lisa D. Cook; Esther L. George; Philip N. Jefferson; Loretta J. Mester; and Christopher J. Waller. Implementation Note issued September 21, 2022","Concurrence proves support for the action, not ideology"
2022-09-21,Michelle W. Bowman,FOR,HIKE,CONCUR,HIKE,1,VOTE_ACTION_PROXY,https://www.federalreserve.gov/newsevents/pressreleases/monetary20220921a.htm,raw/statements/monetary20220921a.htm,"Voting for the monetary policy action were Jerome H. Powell, Chair; John C. Williams, Vice Chair; Michael S. Barr; Michelle W. Bowman; Lael Brainard; James Bullard; Susan M. Collins; Lisa D. Cook; Esther L. George; Philip N. Jefferson; Loretta J. Mester; and Christopher J. Waller. Implementation Note issued September 21, 2022","Concurrence proves support for the action, not ideology"
2022-09-21,Philip N. Jefferson,FOR,HIKE,CONCUR,HIKE,1,VOTE_ACTION_PROXY,https://www.federalreserve.gov/newsevents/pressreleases/monetary20220921a.htm,raw/statements/monetary20220921a.htm,"Voting for the monetary policy action were Jerome H. Powell, Chair; John C. Williams, Vice Chair; Michael S. Barr; Michelle W. Bowman; Lael Brainard; James Bullard; Susan M. Collins; Lisa D. Cook; Esther L. George; Philip N. Jefferson; Loretta J. Mester; and Christopher J. Waller. Implementation Note issued September 21, 2022","Concurrence proves support for the action, not ideology"
2022-09-21,Susan M. Collins,FOR,HIKE,CONCUR,HIKE,1,VOTE_ACTION_PROXY,https://www.federalreserve.gov/newsevents/pressreleases/monetary20220921a.htm,raw/statements/monetary20220921a.htm,"Voting for the monetary policy action were Jerome H. Powell, Chair; John C. Williams, Vice Chair; Michael S. Barr; Michelle W. Bowman; Lael Brainard; James Bullard; Susan M. Collins; Lisa D. Cook; Esther L. George; Philip N. Jefferson; Loretta J. Mester; and Christopher J. Waller. Implementation Note issued September 21, 2022","Concurrence proves support for the action, not ideology"
2022-11-02,Christopher J. Waller,FOR,HIKE,CONCUR,HIKE,1,VOTE_ACTION_PROXY,https://www.federalreserve.gov/newsevents/pressreleases/monetary20221102a.htm,raw/statements/monetary20221102a.htm,"Voting for the monetary policy action were Jerome H. Powell, Chair; John C. Williams, Vice Chair; Michael S. Barr; Michelle W. Bowman; Lael Brainard; James Bullard; Susan M. Collins; Lisa D. Cook; Esther L. George; Philip N. Jefferson; Loretta J. Mester; and Christopher J. Waller.","Concurrence proves support for the action, not ideology"
2022-11-02,Esther L. George,FOR,HIKE,CONCUR,HIKE,1,VOTE_ACTION_PROXY,https://www.federalreserve.gov/newsevents/pressreleases/monetary20221102a.htm,raw/statements/monetary20221102a.htm,"Voting for the monetary policy action were Jerome H. Powell, Chair; John C. Williams, Vice Chair; Michael S. Barr; Michelle W. Bowman; Lael Brainard; James Bullard; Susan M. Collins; Lisa D. Cook; Esther L. George; Philip N. Jefferson; Loretta J. Mester; and Christopher J. Waller.","Concurrence proves support for the action, not ideology"
2022-11-02,James Bullard,FOR,HIKE,CONCUR,HIKE,1,VOTE_ACTION_PROXY,https://www.federalreserve.gov/newsevents/pressreleases/monetary20221102a.htm,raw/statements/monetary20221102a.htm,"Voting for the monetary policy action were Jerome H. Powell, Chair; John C. Williams, Vice Chair; Michael S. Barr; Michelle W. Bowman; Lael Brainard; James Bullard; Susan M. Collins; Lisa D. Cook; Esther L. George; Philip N. Jefferson; Loretta J. Mester; and Christopher J. Waller.","Concurrence proves support for the action, not ideology"
2022-11-02,Jerome H. Powell,FOR,HIKE,CONCUR,HIKE,1,VOTE_ACTION_PROXY,https://www.federalreserve.gov/newsevents/pressreleases/monetary20221102a.htm,raw/statements/monetary20221102a.htm,"Voting for the monetary policy action were Jerome H. Powell, Chair; John C. Williams, Vice Chair; Michael S. Barr; Michelle W. Bowman; Lael Brainard; James Bullard; Susan M. Collins; Lisa D. Cook; Esther L. George; Philip N. Jefferson; Loretta J. Mester; and Christopher J. Waller.","Concurrence proves support for the action, not ideology"
2022-11-02,John C. Williams,FOR,HIKE,CONCUR,HIKE,1,VOTE_ACTION_PROXY,https://www.federalreserve.gov/newsevents/pressreleases/monetary20221102a.htm,raw/statements/monetary20221102a.htm,"Voting for the monetary policy action were Jerome H. Powell, Chair; John C. Williams, Vice Chair; Michael S. Barr; Michelle W. Bowman; Lael Brainard; James Bullard; Susan M. Collins; Lisa D. Cook; Esther L. George; Philip N. Jefferson; Loretta J. Mester; and Christopher J. Waller.","Concurrence proves support for the action, not ideology"
2022-11-02,Lael Brainard,FOR,HIKE,CONCUR,HIKE,1,VOTE_ACTION_PROXY,https://www.federalreserve.gov/newsevents/pressreleases/monetary20221102a.htm,raw/statements/monetary20221102a.htm,"Voting for the monetary policy action were Jerome H. Powell, Chair; John C. Williams, Vice Chair; Michael S. Barr; Michelle W. Bowman; Lael Brainard; James Bullard; Susan M. Collins; Lisa D. Cook; Esther L. George; Philip N. Jefferson; Loretta J. Mester; and Christopher J. Waller.","Concurrence proves support for the action, not ideology"
2022-11-02,Lisa D. Cook,FOR,HIKE,CONCUR,HIKE,1,VOTE_ACTION_PROXY,https://www.federalreserve.gov/newsevents/pressreleases/monetary20221102a.htm,raw/statements/monetary20221102a.htm,"Voting for the monetary policy action were Jerome H. Powell, Chair; John C. Williams, Vice Chair; Michael S. Barr; Michelle W. Bowman; Lael Brainard; James Bullard; Susan M. Collins; Lisa D. Cook; Esther L. George; Philip N. Jefferson; Loretta J. Mester; and Christopher J. Waller.","Concurrence proves support for the action, not ideology"
2022-11-02,Loretta J. Mester,FOR,HIKE,CONCUR,HIKE,1,VOTE_ACTION_PROXY,https://www.federalreserve.gov/newsevents/pressreleases/monetary20221102a.htm,raw/statements/monetary20221102a.htm,"Voting for the monetary policy action were Jerome H. Powell, Chair; John C. Williams, Vice Chair; Michael S. Barr; Michelle W. Bowman; Lael Brainard; James Bullard; Susan M. Collins; Lisa D. Cook; Esther L. George; Philip N. Jefferson; Loretta J. Mester; and Christopher J. Waller.","Concurrence proves support for the action, not ideology"
2022-11-02,Michael S. Barr,FOR,HIKE,CONCUR,HIKE,1,VOTE_ACTION_PROXY,https://www.federalreserve.gov/newsevents/pressreleases/monetary20221102a.htm,raw/statements/monetary20221102a.htm,"Voting for the monetary policy action were Jerome H. Powell, Chair; John C. Williams, Vice Chair; Michael S. Barr; Michelle W. Bowman; Lael Brainard; James Bullard; Susan M. Collins; Lisa D. Cook; Esther L. George; Philip N. Jefferson; Loretta J. Mester; and Christopher J. Waller.","Concurrence proves support for the action, not ideology"
2022-11-02,Michelle W. Bowman,FOR,HIKE,CONCUR,HIKE,1,VOTE_ACTION_PROXY,https://www.federalreserve.gov/newsevents/pressreleases/monetary20221102a.htm,raw/statements/monetary20221102a.htm,"Voting for the monetary policy action were Jerome H. Powell, Chair; John C. Williams, Vice Chair; Michael S. Barr; Michelle W. Bowman; Lael Brainard; James Bullard; Susan M. Collins; Lisa D. Cook; Esther L. George; Philip N. Jefferson; Loretta J. Mester; and Christopher J. Waller.","Concurrence proves support for the action, not ideology"
2022-11-02,Philip N. Jefferson,FOR,HIKE,CONCUR,HIKE,1,VOTE_ACTION_PROXY,https://www.federalreserve.gov/newsevents/pressreleases/monetary20221102a.htm,raw/statements/monetary20221102a.htm,"Voting for the monetary policy action were Jerome H. Powell, Chair; John C. Williams, Vice Chair; Michael S. Barr; Michelle W. Bowman; Lael Brainard; James Bullard; Susan M. Collins; Lisa D. Cook; Esther L. George; Philip N. Jefferson; Loretta J. Mester; and Christopher J. Waller.","Concurrence proves support for the action, not ideology"
2022-11-02,Susan M. Collins,FOR,HIKE,CONCUR,HIKE,1,VOTE_ACTION_PROXY,https://www.federalreserve.gov/newsevents/pressreleases/monetary20221102a.htm,raw/statements/monetary20221102a.htm,"Voting for the monetary policy action were Jerome H. Powell, Chair; John C. Williams, Vice Chair; Michael S. Barr; Michelle W. Bowman; Lael Brainard; James Bullard; Susan M. Collins; Lisa D. Cook; Esther L. George; Philip N. Jefferson; Loretta J. Mester; and Christopher J. Waller.","Concurrence proves support for the action, not ideology"
2022-12-14,Christopher J. Waller,FOR,HIKE,CONCUR,HIKE,1,VOTE_ACTION_PROXY,https://www.federalreserve.gov/newsevents/pressreleases/monetary20221214a.htm,raw/statements/monetary20221214a.htm,"Voting for the monetary policy action were Jerome H. Powell, Chair; John C. Williams, Vice Chair; Michael S. Barr; Michelle W. Bowman; Lael Brainard; James Bullard; Susan M. Collins; Lisa D. Cook; Esther L. George; Philip N. Jefferson; Loretta J. Mester; and Christopher J. Waller.","Concurrence proves support for the action, not ideology"
2022-12-14,Esther L. George,FOR,HIKE,CONCUR,HIKE,1,VOTE_ACTION_PROXY,https://www.federalreserve.gov/newsevents/pressreleases/monetary20221214a.htm,raw/statements/monetary20221214a.htm,"Voting for the monetary policy action were Jerome H. Powell, Chair; John C. Williams, Vice Chair; Michael S. Barr; Michelle W. Bowman; Lael Brainard; James Bullard; Susan M. Collins; Lisa D. Cook; Esther L. George; Philip N. Jefferson; Loretta J. Mester; and Christopher J. Waller.","Concurrence proves support for the action, not ideology"
2022-12-14,James Bullard,FOR,HIKE,CONCUR,HIKE,1,VOTE_ACTION_PROXY,https://www.federalreserve.gov/newsevents/pressreleases/monetary20221214a.htm,raw/statements/monetary20221214a.htm,"Voting for the monetary policy action were Jerome H. Powell, Chair; John C. Williams, Vice Chair; Michael S. Barr; Michelle W. Bowman; Lael Brainard; James Bullard; Susan M. Collins; Lisa D. Cook; Esther L. George; Philip N. Jefferson; Loretta J. Mester; and Christopher J. Waller.","Concurrence proves support for the action, not ideology"
2022-12-14,Jerome H. Powell,FOR,HIKE,CONCUR,HIKE,1,VOTE_ACTION_PROXY,https://www.federalreserve.gov/newsevents/pressreleases/monetary20221214a.htm,raw/statements/monetary20221214a.htm,"Voting for the monetary policy action were Jerome H. Powell, Chair; John C. Williams, Vice Chair; Michael S. Barr; Michelle W. Bowman; Lael Brainard; James Bullard; Susan M. Collins; Lisa D. Cook; Esther L. George; Philip N. Jefferson; Loretta J. Mester; and Christopher J. Waller.","Concurrence proves support for the action, not ideology"
2022-12-14,John C. Williams,FOR,HIKE,CONCUR,HIKE,1,VOTE_ACTION_PROXY,https://www.federalreserve.gov/newsevents/pressreleases/monetary20221214a.htm,raw/statements/monetary20221214a.htm,"Voting for the monetary policy action were Jerome H. Powell, Chair; John C. Williams, Vice Chair; Michael S. Barr; Michelle W. Bowman; Lael Brainard; James Bullard; Susan M. Collins; Lisa D. Cook; Esther L. George; Philip N. Jefferson; Loretta J. Mester; and Christopher J. Waller.","Concurrence proves support for the action, not ideology"
2022-12-14,Lael Brainard,FOR,HIKE,CONCUR,HIKE,1,VOTE_ACTION_PROXY,https://www.federalreserve.gov/newsevents/pressreleases/monetary20221214a.htm,raw/statements/monetary20221214a.htm,"Voting for the monetary policy action were Jerome H. Powell, Chair; John C. Williams, Vice Chair; Michael S. Barr; Michelle W. Bowman; Lael Brainard; James Bullard; Susan M. Collins; Lisa D. Cook; Esther L. George; Philip N. Jefferson; Loretta J. Mester; and Christopher J. Waller.","Concurrence proves support for the action, not ideology"
2022-12-14,Lisa D. Cook,FOR,HIKE,CONCUR,HIKE,1,VOTE_ACTION_PROXY,https://www.federalreserve.gov/newsevents/pressreleases/monetary20221214a.htm,raw/statements/monetary20221214a.htm,"Voting for the monetary policy action were Jerome H. Powell, Chair; John C. Williams, Vice Chair; Michael S. Barr; Michelle W. Bowman; Lael Brainard; James Bullard; Susan M. Collins; Lisa D. Cook; Esther L. George; Philip N. Jefferson; Loretta J. Mester; and Christopher J. Waller.","Concurrence proves support for the action, not ideology"
2022-12-14,Loretta J. Mester,FOR,HIKE,CONCUR,HIKE,1,VOTE_ACTION_PROXY,https://www.federalreserve.gov/newsevents/pressreleases/monetary20221214a.htm,raw/statements/monetary20221214a.htm,"Voting for the monetary policy action were Jerome H. Powell, Chair; John C. Williams, Vice Chair; Michael S. Barr; Michelle W. Bowman; Lael Brainard; James Bullard; Susan M. Collins; Lisa D. Cook; Esther L. George; Philip N. Jefferson; Loretta J. Mester; and Christopher J. Waller.","Concurrence proves support for the action, not ideology"
2022-12-14,Michael S. Barr,FOR,HIKE,CONCUR,HIKE,1,VOTE_ACTION_PROXY,https://www.federalreserve.gov/newsevents/pressreleases/monetary20221214a.htm,raw/statements/monetary20221214a.htm,"Voting for the monetary policy action were Jerome H. Powell, Chair; John C. Williams, Vice Chair; Michael S. Barr; Michelle W. Bowman; Lael Brainard; James Bullard; Susan M. Collins; Lisa D. Cook; Esther L. George; Philip N. Jefferson; Loretta J. Mester; and Christopher J. Waller.","Concurrence proves support for the action, not ideology"
2022-12-14,Michelle W. Bowman,FOR,HIKE,CONCUR,HIKE,1,VOTE_ACTION_PROXY,https://www.federalreserve.gov/newsevents/pressreleases/monetary20221214a.htm,raw/statements/monetary20221214a.htm,"Voting for the monetary policy action were Jerome H. Powell, Chair; John C. Williams, Vice Chair; Michael S. Barr; Michelle W. Bowman; Lael Brainard; James Bullard; Susan M. Collins; Lisa D. Cook; Esther L. George; Philip N. Jefferson; Loretta J. Mester; and Christopher J. Waller.","Concurrence proves support for the action, not ideology"
2022-12-14,Philip N. Jefferson,FOR,HIKE,CONCUR,HIKE,1,VOTE_ACTION_PROXY,https://www.federalreserve.gov/newsevents/pressreleases/monetary20221214a.htm,raw/statements/monetary20221214a.htm,"Voting for the monetary policy action were Jerome H. Powell, Chair; John C. Williams, Vice Chair; Michael S. Barr; Michelle W. Bowman; Lael Brainard; James Bullard; Susan M. Collins; Lisa D. Cook; Esther L. George; Philip N. Jefferson; Loretta J. Mester; and Christopher J. Waller.","Concurrence proves support for the action, not ideology"
2022-12-14,Susan M. Collins,FOR,HIKE,CONCUR,HIKE,1,VOTE_ACTION_PROXY,https://www.federalreserve.gov/newsevents/pressreleases/monetary20221214a.htm,raw/statements/monetary20221214a.htm,"Voting for the monetary policy action were Jerome H. Powell, Chair; John C. Williams, Vice Chair; Michael S. Barr; Michelle W. Bowman; Lael Brainard; James Bullard; Susan M. Collins; Lisa D. Cook; Esther L. George; Philip N. Jefferson; Loretta J. Mester; and Christopher J. Waller.","Concurrence proves support for the action, not ideology"
2023-02-01,Austan D. Goolsbee,FOR,HIKE,CONCUR,HIKE,1,VOTE_ACTION_PROXY,https://www.federalreserve.gov/newsevents/pressreleases/monetary20230201a.htm,raw/statements/monetary20230201a.htm,"Voting for the monetary policy action were Jerome H. Powell, Chair; John C. Williams, Vice Chair; Michael S. Barr; Michelle W. Bowman; Lael Brainard; Lisa D. Cook; Austan D. Goolsbee; Patrick Harker; Philip N. Jefferson; Neel Kashkari; Lorie K. Logan; and Christopher J. Waller.","Concurrence proves support for the action, not ideology"
2023-02-01,Christopher J. Waller,FOR,HIKE,CONCUR,HIKE,1,VOTE_ACTION_PROXY,https://www.federalreserve.gov/newsevents/pressreleases/monetary20230201a.htm,raw/statements/monetary20230201a.htm,"Voting for the monetary policy action were Jerome H. Powell, Chair; John C. Williams, Vice Chair; Michael S. Barr; Michelle W. Bowman; Lael Brainard; Lisa D. Cook; Austan D. Goolsbee; Patrick Harker; Philip N. Jefferson; Neel Kashkari; Lorie K. Logan; and Christopher J. Waller.","Concurrence proves support for the action, not ideology"
2023-02-01,Jerome H. Powell,FOR,HIKE,CONCUR,HIKE,1,VOTE_ACTION_PROXY,https://www.federalreserve.gov/newsevents/pressreleases/monetary20230201a.htm,raw/statements/monetary20230201a.htm,"Voting for the monetary policy action were Jerome H. Powell, Chair; John C. Williams, Vice Chair; Michael S. Barr; Michelle W. Bowman; Lael Brainard; Lisa D. Cook; Austan D. Goolsbee; Patrick Harker; Philip N. Jefferson; Neel Kashkari; Lorie K. Logan; and Christopher J. Waller.","Concurrence proves support for the action, not ideology"
2023-02-01,John C. Williams,FOR,HIKE,CONCUR,HIKE,1,VOTE_ACTION_PROXY,https://www.federalreserve.gov/newsevents/pressreleases/monetary20230201a.htm,raw/statements/monetary20230201a.htm,"Voting for the monetary policy action were Jerome H. Powell, Chair; John C. Williams, Vice Chair; Michael S. Barr; Michelle W. Bowman; Lael Brainard; Lisa D. Cook; Austan D. Goolsbee; Patrick Harker; Philip N. Jefferson; Neel Kashkari; Lorie K. Logan; and Christopher J. Waller.","Concurrence proves support for the action, not ideology"
2023-02-01,Lael Brainard,FOR,HIKE,CONCUR,HIKE,1,VOTE_ACTION_PROXY,https://www.federalreserve.gov/newsevents/pressreleases/monetary20230201a.htm,raw/statements/monetary20230201a.htm,"Voting for the monetary policy action were Jerome H. Powell, Chair; John C. Williams, Vice Chair; Michael S. Barr; Michelle W. Bowman; Lael Brainard; Lisa D. Cook; Austan D. Goolsbee; Patrick Harker; Philip N. Jefferson; Neel Kashkari; Lorie K. Logan; and Christopher J. Waller.","Concurrence proves support for the action, not ideology"
2023-02-01,Lisa D. Cook,FOR,HIKE,CONCUR,HIKE,1,VOTE_ACTION_PROXY,https://www.federalreserve.gov/newsevents/pressreleases/monetary20230201a.htm,raw/statements/monetary20230201a.htm,"Voting for the monetary policy action were Jerome H. Powell, Chair; John C. Williams, Vice Chair; Michael S. Barr; Michelle W. Bowman; Lael Brainard; Lisa D. Cook; Austan D. Goolsbee; Patrick Harker; Philip N. Jefferson; Neel Kashkari; Lorie K. Logan; and Christopher J. Waller.","Concurrence proves support for the action, not ideology"
2023-02-01,Lorie K. Logan,FOR,HIKE,CONCUR,HIKE,1,VOTE_ACTION_PROXY,https://www.federalreserve.gov/newsevents/pressreleases/monetary20230201a.htm,raw/statements/monetary20230201a.htm,"Voting for the monetary policy action were Jerome H. Powell, Chair; John C. Williams, Vice Chair; Michael S. Barr; Michelle W. Bowman; Lael Brainard; Lisa D. Cook; Austan D. Goolsbee; Patrick Harker; Philip N. Jefferson; Neel Kashkari; Lorie K. Logan; and Christopher J. Waller.","Concurrence proves support for the action, not ideology"
2023-02-01,Michael S. Barr,FOR,HIKE,CONCUR,HIKE,1,VOTE_ACTION_PROXY,https://www.federalreserve.gov/newsevents/pressreleases/monetary20230201a.htm,raw/statements/monetary20230201a.htm,"Voting for the monetary policy action were Jerome H. Powell, Chair; John C. Williams, Vice Chair; Michael S. Barr; Michelle W. Bowman; Lael Brainard; Lisa D. Cook; Austan D. Goolsbee; Patrick Harker; Philip N. Jefferson; Neel Kashkari; Lorie K. Logan; and Christopher J. Waller.","Concurrence proves support for the action, not ideology"
2023-02-01,Michelle W. Bowman,FOR,HIKE,CONCUR,HIKE,1,VOTE_ACTION_PROXY,https://www.federalreserve.gov/newsevents/pressreleases/monetary20230201a.htm,raw/statements/monetary20230201a.htm,"Voting for the monetary policy action were Jerome H. Powell, Chair; John C. Williams, Vice Chair; Michael S. Barr; Michelle W. Bowman; Lael Brainard; Lisa D. Cook; Austan D. Goolsbee; Patrick Harker; Philip N. Jefferson; Neel Kashkari; Lorie K. Logan; and Christopher J. Waller.","Concurrence proves support for the action, not ideology"
2023-02-01,Neel Kashkari,FOR,HIKE,CONCUR,HIKE,1,VOTE_ACTION_PROXY,https://www.federalreserve.gov/newsevents/pressreleases/monetary20230201a.htm,raw/statements/monetary20230201a.htm,"Voting for the monetary policy action were Jerome H. Powell, Chair; John C. Williams, Vice Chair; Michael S. Barr; Michelle W. Bowman; Lael Brainard; Lisa D. Cook; Austan D. Goolsbee; Patrick Harker; Philip N. Jefferson; Neel Kashkari; Lorie K. Logan; and Christopher J. Waller.","Concurrence proves support for the action, not ideology"
2023-02-01,Patrick Harker,FOR,HIKE,CONCUR,HIKE,1,VOTE_ACTION_PROXY,https://www.federalreserve.gov/newsevents/pressreleases/monetary20230201a.htm,raw/statements/monetary20230201a.htm,"Voting for the monetary policy action were Jerome H. Powell, Chair; John C. Williams, Vice Chair; Michael S. Barr; Michelle W. Bowman; Lael Brainard; Lisa D. Cook; Austan D. Goolsbee; Patrick Harker; Philip N. Jefferson; Neel Kashkari; Lorie K. Logan; and Christopher J. Waller.","Concurrence proves support for the action, not ideology"
2023-02-01,Philip N. Jefferson,FOR,HIKE,CONCUR,HIKE,1,VOTE_ACTION_PROXY,https://www.federalreserve.gov/newsevents/pressreleases/monetary20230201a.htm,raw/statements/monetary20230201a.htm,"Voting for the monetary policy action were Jerome H. Powell, Chair; John C. Williams, Vice Chair; Michael S. Barr; Michelle W. Bowman; Lael Brainard; Lisa D. Cook; Austan D. Goolsbee; Patrick Harker; Philip N. Jefferson; Neel Kashkari; Lorie K. Logan; and Christopher J. Waller.","Concurrence proves support for the action, not ideology"
2023-03-22,Austan D. Goolsbee,FOR,HIKE,CONCUR,HIKE,1,VOTE_ACTION_PROXY,https://www.federalreserve.gov/newsevents/pressreleases/monetary20230322a.htm,raw/statements/monetary20230322a.htm,"Voting for the monetary policy action were Jerome H. Powell, Chair; John C. Williams, Vice Chair; Michael S. Barr; Michelle W. Bowman; Lisa D. Cook; Austan D. Goolsbee; Patrick Harker; Philip N. Jefferson; Neel Kashkari; Lorie K. Logan; and Christopher J. Waller.","Concurrence proves support for the action, not ideology"
2023-03-22,Christopher J. Waller,FOR,HIKE,CONCUR,HIKE,1,VOTE_ACTION_PROXY,https://www.federalreserve.gov/newsevents/pressreleases/monetary20230322a.htm,raw/statements/monetary20230322a.htm,"Voting for the monetary policy action were Jerome H. Powell, Chair; John C. Williams, Vice Chair; Michael S. Barr; Michelle W. Bowman; Lisa D. Cook; Austan D. Goolsbee; Patrick Harker; Philip N. Jefferson; Neel Kashkari; Lorie K. Logan; and Christopher J. Waller.","Concurrence proves support for the action, not ideology"
2023-03-22,Jerome H. Powell,FOR,HIKE,CONCUR,HIKE,1,VOTE_ACTION_PROXY,https://www.federalreserve.gov/newsevents/pressreleases/monetary20230322a.htm,raw/statements/monetary20230322a.htm,"Voting for the monetary policy action were Jerome H. Powell, Chair; John C. Williams, Vice Chair; Michael S. Barr; Michelle W. Bowman; Lisa D. Cook; Austan D. Goolsbee; Patrick Harker; Philip N. Jefferson; Neel Kashkari; Lorie K. Logan; and Christopher J. Waller.","Concurrence proves support for the action, not ideology"
2023-03-22,John C. Williams,FOR,HIKE,CONCUR,HIKE,1,VOTE_ACTION_PROXY,https://www.federalreserve.gov/newsevents/pressreleases/monetary20230322a.htm,raw/statements/monetary20230322a.htm,"Voting for the monetary policy action were Jerome H. Powell, Chair; John C. Williams, Vice Chair; Michael S. Barr; Michelle W. Bowman; Lisa D. Cook; Austan D. Goolsbee; Patrick Harker; Philip N. Jefferson; Neel Kashkari; Lorie K. Logan; and Christopher J. Waller.","Concurrence proves support for the action, not ideology"
2023-03-22,Lisa D. Cook,FOR,HIKE,CONCUR,HIKE,1,VOTE_ACTION_PROXY,https://www.federalreserve.gov/newsevents/pressreleases/monetary20230322a.htm,raw/statements/monetary20230322a.htm,"Voting for the monetary policy action were Jerome H. Powell, Chair; John C. Williams, Vice Chair; Michael S. Barr; Michelle W. Bowman; Lisa D. Cook; Austan D. Goolsbee; Patrick Harker; Philip N. Jefferson; Neel Kashkari; Lorie K. Logan; and Christopher J. Waller.","Concurrence proves support for the action, not ideology"
2023-03-22,Lorie K. Logan,FOR,HIKE,CONCUR,HIKE,1,VOTE_ACTION_PROXY,https://www.federalreserve.gov/newsevents/pressreleases/monetary20230322a.htm,raw/statements/monetary20230322a.htm,"Voting for the monetary policy action were Jerome H. Powell, Chair; John C. Williams, Vice Chair; Michael S. Barr; Michelle W. Bowman; Lisa D. Cook; Austan D. Goolsbee; Patrick Harker; Philip N. Jefferson; Neel Kashkari; Lorie K. Logan; and Christopher J. Waller.","Concurrence proves support for the action, not ideology"
2023-03-22,Michael S. Barr,FOR,HIKE,CONCUR,HIKE,1,VOTE_ACTION_PROXY,https://www.federalreserve.gov/newsevents/pressreleases/monetary20230322a.htm,raw/statements/monetary20230322a.htm,"Voting for the monetary policy action were Jerome H. Powell, Chair; John C. Williams, Vice Chair; Michael S. Barr; Michelle W. Bowman; Lisa D. Cook; Austan D. Goolsbee; Patrick Harker; Philip N. Jefferson; Neel Kashkari; Lorie K. Logan; and Christopher J. Waller.","Concurrence proves support for the action, not ideology"
2023-03-22,Michelle W. Bowman,FOR,HIKE,CONCUR,HIKE,1,VOTE_ACTION_PROXY,https://www.federalreserve.gov/newsevents/pressreleases/monetary20230322a.htm,raw/statements/monetary20230322a.htm,"Voting for the monetary policy action were Jerome H. Powell, Chair; John C. Williams, Vice Chair; Michael S. Barr; Michelle W. Bowman; Lisa D. Cook; Austan D. Goolsbee; Patrick Harker; Philip N. Jefferson; Neel Kashkari; Lorie K. Logan; and Christopher J. Waller.","Concurrence proves support for the action, not ideology"
2023-03-22,Neel Kashkari,FOR,HIKE,CONCUR,HIKE,1,VOTE_ACTION_PROXY,https://www.federalreserve.gov/newsevents/pressreleases/monetary20230322a.htm,raw/statements/monetary20230322a.htm,"Voting for the monetary policy action were Jerome H. Powell, Chair; John C. Williams, Vice Chair; Michael S. Barr; Michelle W. Bowman; Lisa D. Cook; Austan D. Goolsbee; Patrick Harker; Philip N. Jefferson; Neel Kashkari; Lorie K. Logan; and Christopher J. Waller.","Concurrence proves support for the action, not ideology"
2023-03-22,Patrick Harker,FOR,HIKE,CONCUR,HIKE,1,VOTE_ACTION_PROXY,https://www.federalreserve.gov/newsevents/pressreleases/monetary20230322a.htm,raw/statements/monetary20230322a.htm,"Voting for the monetary policy action were Jerome H. Powell, Chair; John C. Williams, Vice Chair; Michael S. Barr; Michelle W. Bowman; Lisa D. Cook; Austan D. Goolsbee; Patrick Harker; Philip N. Jefferson; Neel Kashkari; Lorie K. Logan; and Christopher J. Waller.","Concurrence proves support for the action, not ideology"
2023-03-22,Philip N. Jefferson,FOR,HIKE,CONCUR,HIKE,1,VOTE_ACTION_PROXY,https://www.federalreserve.gov/newsevents/pressreleases/monetary20230322a.htm,raw/statements/monetary20230322a.htm,"Voting for the monetary policy action were Jerome H. Powell, Chair; John C. Williams, Vice Chair; Michael S. Barr; Michelle W. Bowman; Lisa D. Cook; Austan D. Goolsbee; Patrick Harker; Philip N. Jefferson; Neel Kashkari; Lorie K. Logan; and Christopher J. Waller.","Concurrence proves support for the action, not ideology"
2023-05-03,Austan D. Goolsbee,FOR,HIKE,CONCUR,HIKE,1,VOTE_ACTION_PROXY,https://www.federalreserve.gov/newsevents/pressreleases/monetary20230503a.htm,raw/statements/monetary20230503a.htm,"Voting for the monetary policy action were Jerome H. Powell, Chair; John C. Williams, Vice Chair; Michael S. Barr; Michelle W. Bowman; Lisa D. Cook; Austan D. Goolsbee; Patrick Harker; Philip N. Jefferson; Neel Kashkari; Lorie K. Logan; and Christopher J. Waller.","Concurrence proves support for the action, not ideology"
2023-05-03,Christopher J. Waller,FOR,HIKE,CONCUR,HIKE,1,VOTE_ACTION_PROXY,https://www.federalreserve.gov/newsevents/pressreleases/monetary20230503a.htm,raw/statements/monetary20230503a.htm,"Voting for the monetary policy action were Jerome H. Powell, Chair; John C. Williams, Vice Chair; Michael S. Barr; Michelle W. Bowman; Lisa D. Cook; Austan D. Goolsbee; Patrick Harker; Philip N. Jefferson; Neel Kashkari; Lorie K. Logan; and Christopher J. Waller.","Concurrence proves support for the action, not ideology"
2023-05-03,Jerome H. Powell,FOR,HIKE,CONCUR,HIKE,1,VOTE_ACTION_PROXY,https://www.federalreserve.gov/newsevents/pressreleases/monetary20230503a.htm,raw/statements/monetary20230503a.htm,"Voting for the monetary policy action were Jerome H. Powell, Chair; John C. Williams, Vice Chair; Michael S. Barr; Michelle W. Bowman; Lisa D. Cook; Austan D. Goolsbee; Patrick Harker; Philip N. Jefferson; Neel Kashkari; Lorie K. Logan; and Christopher J. Waller.","Concurrence proves support for the action, not ideology"
2023-05-03,John C. Williams,FOR,HIKE,CONCUR,HIKE,1,VOTE_ACTION_PROXY,https://www.federalreserve.gov/newsevents/pressreleases/monetary20230503a.htm,raw/statements/monetary20230503a.htm,"Voting for the monetary policy action were Jerome H. Powell, Chair; John C. Williams, Vice Chair; Michael S. Barr; Michelle W. Bowman; Lisa D. Cook; Austan D. Goolsbee; Patrick Harker; Philip N. Jefferson; Neel Kashkari; Lorie K. Logan; and Christopher J. Waller.","Concurrence proves support for the action, not ideology"
2023-05-03,Lisa D. Cook,FOR,HIKE,CONCUR,HIKE,1,VOTE_ACTION_PROXY,https://www.federalreserve.gov/newsevents/pressreleases/monetary20230503a.htm,raw/statements/monetary20230503a.htm,"Voting for the monetary policy action were Jerome H. Powell, Chair; John C. Williams, Vice Chair; Michael S. Barr; Michelle W. Bowman; Lisa D. Cook; Austan D. Goolsbee; Patrick Harker; Philip N. Jefferson; Neel Kashkari; Lorie K. Logan; and Christopher J. Waller.","Concurrence proves support for the action, not ideology"
2023-05-03,Lorie K. Logan,FOR,HIKE,CONCUR,HIKE,1,VOTE_ACTION_PROXY,https://www.federalreserve.gov/newsevents/pressreleases/monetary20230503a.htm,raw/statements/monetary20230503a.htm,"Voting for the monetary policy action were Jerome H. Powell, Chair; John C. Williams, Vice Chair; Michael S. Barr; Michelle W. Bowman; Lisa D. Cook; Austan D. Goolsbee; Patrick Harker; Philip N. Jefferson; Neel Kashkari; Lorie K. Logan; and Christopher J. Waller.","Concurrence proves support for the action, not ideology"
2023-05-03,Michael S. Barr,FOR,HIKE,CONCUR,HIKE,1,VOTE_ACTION_PROXY,https://www.federalreserve.gov/newsevents/pressreleases/monetary20230503a.htm,raw/statements/monetary20230503a.htm,"Voting for the monetary policy action were Jerome H. Powell, Chair; John C. Williams, Vice Chair; Michael S. Barr; Michelle W. Bowman; Lisa D. Cook; Austan D. Goolsbee; Patrick Harker; Philip N. Jefferson; Neel Kashkari; Lorie K. Logan; and Christopher J. Waller.","Concurrence proves support for the action, not ideology"
2023-05-03,Michelle W. Bowman,FOR,HIKE,CONCUR,HIKE,1,VOTE_ACTION_PROXY,https://www.federalreserve.gov/newsevents/pressreleases/monetary20230503a.htm,raw/statements/monetary20230503a.htm,"Voting for the monetary policy action were Jerome H. Powell, Chair; John C. Williams, Vice Chair; Michael S. Barr; Michelle W. Bowman; Lisa D. Cook; Austan D. Goolsbee; Patrick Harker; Philip N. Jefferson; Neel Kashkari; Lorie K. Logan; and Christopher J. Waller.","Concurrence proves support for the action, not ideology"
2023-05-03,Neel Kashkari,FOR,HIKE,CONCUR,HIKE,1,VOTE_ACTION_PROXY,https://www.federalreserve.gov/newsevents/pressreleases/monetary20230503a.htm,raw/statements/monetary20230503a.htm,"Voting for the monetary policy action were Jerome H. Powell, Chair; John C. Williams, Vice Chair; Michael S. Barr; Michelle W. Bowman; Lisa D. Cook; Austan D. Goolsbee; Patrick Harker; Philip N. Jefferson; Neel Kashkari; Lorie K. Logan; and Christopher J. Waller.","Concurrence proves support for the action, not ideology"
2023-05-03,Patrick Harker,FOR,HIKE,CONCUR,HIKE,1,VOTE_ACTION_PROXY,https://www.federalreserve.gov/newsevents/pressreleases/monetary20230503a.htm,raw/statements/monetary20230503a.htm,"Voting for the monetary policy action were Jerome H. Powell, Chair; John C. Williams, Vice Chair; Michael S. Barr; Michelle W. Bowman; Lisa D. Cook; Austan D. Goolsbee; Patrick Harker; Philip N. Jefferson; Neel Kashkari; Lorie K. Logan; and Christopher J. Waller.","Concurrence proves support for the action, not ideology"
2023-05-03,Philip N. Jefferson,FOR,HIKE,CONCUR,HIKE,1,VOTE_ACTION_PROXY,https://www.federalreserve.gov/newsevents/pressreleases/monetary20230503a.htm,raw/statements/monetary20230503a.htm,"Voting for the monetary policy action were Jerome H. Powell, Chair; John C. Williams, Vice Chair; Michael S. Barr; Michelle W. Bowman; Lisa D. Cook; Austan D. Goolsbee; Patrick Harker; Philip N. Jefferson; Neel Kashkari; Lorie K. Logan; and Christopher J. Waller.","Concurrence proves support for the action, not ideology"
2023-06-14,Austan D. Goolsbee,FOR,HOLD,CONCUR,HOLD,0,VOTE_ACTION_PROXY,https://www.federalreserve.gov/newsevents/pressreleases/monetary20230614a.htm,raw/statements/monetary20230614a.htm,"Voting for the monetary policy action were Jerome H. Powell, Chair; John C. Williams, Vice Chair; Michael S. Barr; Michelle W. Bowman; Lisa D. Cook; Austan D. Goolsbee; Patrick Harker; Philip N. Jefferson; Neel Kashkari; Lorie K. Logan; and Christopher J. Waller.","Concurrence proves support for the action, not ideology"
2023-06-14,Christopher J. Waller,FOR,HOLD,CONCUR,HOLD,0,VOTE_ACTION_PROXY,https://www.federalreserve.gov/newsevents/pressreleases/monetary20230614a.htm,raw/statements/monetary20230614a.htm,"Voting for the monetary policy action were Jerome H. Powell, Chair; John C. Williams, Vice Chair; Michael S. Barr; Michelle W. Bowman; Lisa D. Cook; Austan D. Goolsbee; Patrick Harker; Philip N. Jefferson; Neel Kashkari; Lorie K. Logan; and Christopher J. Waller.","Concurrence proves support for the action, not ideology"
2023-06-14,Jerome H. Powell,FOR,HOLD,CONCUR,HOLD,0,VOTE_ACTION_PROXY,https://www.federalreserve.gov/newsevents/pressreleases/monetary20230614a.htm,raw/statements/monetary20230614a.htm,"Voting for the monetary policy action were Jerome H. Powell, Chair; John C. Williams, Vice Chair; Michael S. Barr; Michelle W. Bowman; Lisa D. Cook; Austan D. Goolsbee; Patrick Harker; Philip N. Jefferson; Neel Kashkari; Lorie K. Logan; and Christopher J. Waller.","Concurrence proves support for the action, not ideology"
2023-06-14,John C. Williams,FOR,HOLD,CONCUR,HOLD,0,VOTE_ACTION_PROXY,https://www.federalreserve.gov/newsevents/pressreleases/monetary20230614a.htm,raw/statements/monetary20230614a.htm,"Voting for the monetary policy action were Jerome H. Powell, Chair; John C. Williams, Vice Chair; Michael S. Barr; Michelle W. Bowman; Lisa D. Cook; Austan D. Goolsbee; Patrick Harker; Philip N. Jefferson; Neel Kashkari; Lorie K. Logan; and Christopher J. Waller.","Concurrence proves support for the action, not ideology"
2023-06-14,Lisa D. Cook,FOR,HOLD,CONCUR,HOLD,0,VOTE_ACTION_PROXY,https://www.federalreserve.gov/newsevents/pressreleases/monetary20230614a.htm,raw/statements/monetary20230614a.htm,"Voting for the monetary policy action were Jerome H. Powell, Chair; John C. Williams, Vice Chair; Michael S. Barr; Michelle W. Bowman; Lisa D. Cook; Austan D. Goolsbee; Patrick Harker; Philip N. Jefferson; Neel Kashkari; Lorie K. Logan; and Christopher J. Waller.","Concurrence proves support for the action, not ideology"
2023-06-14,Lorie K. Logan,FOR,HOLD,CONCUR,HOLD,0,VOTE_ACTION_PROXY,https://www.federalreserve.gov/newsevents/pressreleases/monetary20230614a.htm,raw/statements/monetary20230614a.htm,"Voting for the monetary policy action were Jerome H. Powell, Chair; John C. Williams, Vice Chair; Michael S. Barr; Michelle W. Bowman; Lisa D. Cook; Austan D. Goolsbee; Patrick Harker; Philip N. Jefferson; Neel Kashkari; Lorie K. Logan; and Christopher J. Waller.","Concurrence proves support for the action, not ideology"
2023-06-14,Michael S. Barr,FOR,HOLD,CONCUR,HOLD,0,VOTE_ACTION_PROXY,https://www.federalreserve.gov/newsevents/pressreleases/monetary20230614a.htm,raw/statements/monetary20230614a.htm,"Voting for the monetary policy action were Jerome H. Powell, Chair; John C. Williams, Vice Chair; Michael S. Barr; Michelle W. Bowman; Lisa D. Cook; Austan D. Goolsbee; Patrick Harker; Philip N. Jefferson; Neel Kashkari; Lorie K. Logan; and Christopher J. Waller.","Concurrence proves support for the action, not ideology"
2023-06-14,Michelle W. Bowman,FOR,HOLD,CONCUR,HOLD,0,VOTE_ACTION_PROXY,https://www.federalreserve.gov/newsevents/pressreleases/monetary20230614a.htm,raw/statements/monetary20230614a.htm,"Voting for the monetary policy action were Jerome H. Powell, Chair; John C. Williams, Vice Chair; Michael S. Barr; Michelle W. Bowman; Lisa D. Cook; Austan D. Goolsbee; Patrick Harker; Philip N. Jefferson; Neel Kashkari; Lorie K. Logan; and Christopher J. Waller.","Concurrence proves support for the action, not ideology"
2023-06-14,Neel Kashkari,FOR,HOLD,CONCUR,HOLD,0,VOTE_ACTION_PROXY,https://www.federalreserve.gov/newsevents/pressreleases/monetary20230614a.htm,raw/statements/monetary20230614a.htm,"Voting for the monetary policy action were Jerome H. Powell, Chair; John C. Williams, Vice Chair; Michael S. Barr; Michelle W. Bowman; Lisa D. Cook; Austan D. Goolsbee; Patrick Harker; Philip N. Jefferson; Neel Kashkari; Lorie K. Logan; and Christopher J. Waller.","Concurrence proves support for the action, not ideology"
2023-06-14,Patrick Harker,FOR,HOLD,CONCUR,HOLD,0,VOTE_ACTION_PROXY,https://www.federalreserve.gov/newsevents/pressreleases/monetary20230614a.htm,raw/statements/monetary20230614a.htm,"Voting for the monetary policy action were Jerome H. Powell, Chair; John C. Williams, Vice Chair; Michael S. Barr; Michelle W. Bowman; Lisa D. Cook; Austan D. Goolsbee; Patrick Harker; Philip N. Jefferson; Neel Kashkari; Lorie K. Logan; and Christopher J. Waller.","Concurrence proves support for the action, not ideology"
2023-06-14,Philip N. Jefferson,FOR,HOLD,CONCUR,HOLD,0,VOTE_ACTION_PROXY,https://www.federalreserve.gov/newsevents/pressreleases/monetary20230614a.htm,raw/statements/monetary20230614a.htm,"Voting for the monetary policy action were Jerome H. Powell, Chair; John C. Williams, Vice Chair; Michael S. Barr; Michelle W. Bowman; Lisa D. Cook; Austan D. Goolsbee; Patrick Harker; Philip N. Jefferson; Neel Kashkari; Lorie K. Logan; and Christopher J. Waller.","Concurrence proves support for the action, not ideology"
2023-07-26,Austan D. Goolsbee,FOR,HIKE,CONCUR,HIKE,1,VOTE_ACTION_PROXY,https://www.federalreserve.gov/newsevents/pressreleases/monetary20230726a.htm,raw/statements/monetary20230726a.htm,"Voting for the monetary policy action were Jerome H. Powell, Chair; John C. Williams, Vice Chair; Michael S. Barr; Michelle W. Bowman; Lisa D. Cook; Austan D. Goolsbee; Patrick Harker; Philip N. Jefferson; Neel Kashkari; Lorie K. Logan; and Christopher J. Waller.","Concurrence proves support for the action, not ideology"
2023-07-26,Christopher J. Waller,FOR,HIKE,CONCUR,HIKE,1,VOTE_ACTION_PROXY,https://www.federalreserve.gov/newsevents/pressreleases/monetary20230726a.htm,raw/statements/monetary20230726a.htm,"Voting for the monetary policy action were Jerome H. Powell, Chair; John C. Williams, Vice Chair; Michael S. Barr; Michelle W. Bowman; Lisa D. Cook; Austan D. Goolsbee; Patrick Harker; Philip N. Jefferson; Neel Kashkari; Lorie K. Logan; and Christopher J. Waller.","Concurrence proves support for the action, not ideology"
2023-07-26,Jerome H. Powell,FOR,HIKE,CONCUR,HIKE,1,VOTE_ACTION_PROXY,https://www.federalreserve.gov/newsevents/pressreleases/monetary20230726a.htm,raw/statements/monetary20230726a.htm,"Voting for the monetary policy action were Jerome H. Powell, Chair; John C. Williams, Vice Chair; Michael S. Barr; Michelle W. Bowman; Lisa D. Cook; Austan D. Goolsbee; Patrick Harker; Philip N. Jefferson; Neel Kashkari; Lorie K. Logan; and Christopher J. Waller.","Concurrence proves support for the action, not ideology"
2023-07-26,John C. Williams,FOR,HIKE,CONCUR,HIKE,1,VOTE_ACTION_PROXY,https://www.federalreserve.gov/newsevents/pressreleases/monetary20230726a.htm,raw/statements/monetary20230726a.htm,"Voting for the monetary policy action were Jerome H. Powell, Chair; John C. Williams, Vice Chair; Michael S. Barr; Michelle W. Bowman; Lisa D. Cook; Austan D. Goolsbee; Patrick Harker; Philip N. Jefferson; Neel Kashkari; Lorie K. Logan; and Christopher J. Waller.","Concurrence proves support for the action, not ideology"
2023-07-26,Lisa D. Cook,FOR,HIKE,CONCUR,HIKE,1,VOTE_ACTION_PROXY,https://www.federalreserve.gov/newsevents/pressreleases/monetary20230726a.htm,raw/statements/monetary20230726a.htm,"Voting for the monetary policy action were Jerome H. Powell, Chair; John C. Williams, Vice Chair; Michael S. Barr; Michelle W. Bowman; Lisa D. Cook; Austan D. Goolsbee; Patrick Harker; Philip N. Jefferson; Neel Kashkari; Lorie K. Logan; and Christopher J. Waller.","Concurrence proves support for the action, not ideology"
2023-07-26,Lorie K. Logan,FOR,HIKE,CONCUR,HIKE,1,VOTE_ACTION_PROXY,https://www.federalreserve.gov/newsevents/pressreleases/monetary20230726a.htm,raw/statements/monetary20230726a.htm,"Voting for the monetary policy action were Jerome H. Powell, Chair; John C. Williams, Vice Chair; Michael S. Barr; Michelle W. Bowman; Lisa D. Cook; Austan D. Goolsbee; Patrick Harker; Philip N. Jefferson; Neel Kashkari; Lorie K. Logan; and Christopher J. Waller.","Concurrence proves support for the action, not ideology"
2023-07-26,Michael S. Barr,FOR,HIKE,CONCUR,HIKE,1,VOTE_ACTION_PROXY,https://www.federalreserve.gov/newsevents/pressreleases/monetary20230726a.htm,raw/statements/monetary20230726a.htm,"Voting for the monetary policy action were Jerome H. Powell, Chair; John C. Williams, Vice Chair; Michael S. Barr; Michelle W. Bowman; Lisa D. Cook; Austan D. Goolsbee; Patrick Harker; Philip N. Jefferson; Neel Kashkari; Lorie K. Logan; and Christopher J. Waller.","Concurrence proves support for the action, not ideology"
2023-07-26,Michelle W. Bowman,FOR,HIKE,CONCUR,HIKE,1,VOTE_ACTION_PROXY,https://www.federalreserve.gov/newsevents/pressreleases/monetary20230726a.htm,raw/statements/monetary20230726a.htm,"Voting for the monetary policy action were Jerome H. Powell, Chair; John C. Williams, Vice Chair; Michael S. Barr; Michelle W. Bowman; Lisa D. Cook; Austan D. Goolsbee; Patrick Harker; Philip N. Jefferson; Neel Kashkari; Lorie K. Logan; and Christopher J. Waller.","Concurrence proves support for the action, not ideology"
2023-07-26,Neel Kashkari,FOR,HIKE,CONCUR,HIKE,1,VOTE_ACTION_PROXY,https://www.federalreserve.gov/newsevents/pressreleases/monetary20230726a.htm,raw/statements/monetary20230726a.htm,"Voting for the monetary policy action were Jerome H. Powell, Chair; John C. Williams, Vice Chair; Michael S. Barr; Michelle W. Bowman; Lisa D. Cook; Austan D. Goolsbee; Patrick Harker; Philip N. Jefferson; Neel Kashkari; Lorie K. Logan; and Christopher J. Waller.","Concurrence proves support for the action, not ideology"
2023-07-26,Patrick Harker,FOR,HIKE,CONCUR,HIKE,1,VOTE_ACTION_PROXY,https://www.federalreserve.gov/newsevents/pressreleases/monetary20230726a.htm,raw/statements/monetary20230726a.htm,"Voting for the monetary policy action were Jerome H. Powell, Chair; John C. Williams, Vice Chair; Michael S. Barr; Michelle W. Bowman; Lisa D. Cook; Austan D. Goolsbee; Patrick Harker; Philip N. Jefferson; Neel Kashkari; Lorie K. Logan; and Christopher J. Waller.","Concurrence proves support for the action, not ideology"
2023-07-26,Philip N. Jefferson,FOR,HIKE,CONCUR,HIKE,1,VOTE_ACTION_PROXY,https://www.federalreserve.gov/newsevents/pressreleases/monetary20230726a.htm,raw/statements/monetary20230726a.htm,"Voting for the monetary policy action were Jerome H. Powell, Chair; John C. Williams, Vice Chair; Michael S. Barr; Michelle W. Bowman; Lisa D. Cook; Austan D. Goolsbee; Patrick Harker; Philip N. Jefferson; Neel Kashkari; Lorie K. Logan; and Christopher J. Waller.","Concurrence proves support for the action, not ideology"
2023-09-20,Adriana D. Kugler,FOR,HOLD,CONCUR,HOLD,0,VOTE_ACTION_PROXY,https://www.federalreserve.gov/newsevents/pressreleases/monetary20230920a.htm,raw/statements/monetary20230920a.htm,"Voting for the monetary policy action were Jerome H. Powell, Chair; John C. Williams, Vice Chair; Michael S. Barr; Michelle W. Bowman; Lisa D. Cook; Austan D. Goolsbee; Patrick Harker; Philip N. Jefferson; Neel Kashkari; Adriana D. Kugler; Lorie K. Logan; and Christopher J. Waller.","Concurrence proves support for the action, not ideology"
2023-09-20,Austan D. Goolsbee,FOR,HOLD,CONCUR,HOLD,0,VOTE_ACTION_PROXY,https://www.federalreserve.gov/newsevents/pressreleases/monetary20230920a.htm,raw/statements/monetary20230920a.htm,"Voting for the monetary policy action were Jerome H. Powell, Chair; John C. Williams, Vice Chair; Michael S. Barr; Michelle W. Bowman; Lisa D. Cook; Austan D. Goolsbee; Patrick Harker; Philip N. Jefferson; Neel Kashkari; Adriana D. Kugler; Lorie K. Logan; and Christopher J. Waller.","Concurrence proves support for the action, not ideology"
2023-09-20,Christopher J. Waller,FOR,HOLD,CONCUR,HOLD,0,VOTE_ACTION_PROXY,https://www.federalreserve.gov/newsevents/pressreleases/monetary20230920a.htm,raw/statements/monetary20230920a.htm,"Voting for the monetary policy action were Jerome H. Powell, Chair; John C. Williams, Vice Chair; Michael S. Barr; Michelle W. Bowman; Lisa D. Cook; Austan D. Goolsbee; Patrick Harker; Philip N. Jefferson; Neel Kashkari; Adriana D. Kugler; Lorie K. Logan; and Christopher J. Waller.","Concurrence proves support for the action, not ideology"
2023-09-20,Jerome H. Powell,FOR,HOLD,CONCUR,HOLD,0,VOTE_ACTION_PROXY,https://www.federalreserve.gov/newsevents/pressreleases/monetary20230920a.htm,raw/statements/monetary20230920a.htm,"Voting for the monetary policy action were Jerome H. Powell, Chair; John C. Williams, Vice Chair; Michael S. Barr; Michelle W. Bowman; Lisa D. Cook; Austan D. Goolsbee; Patrick Harker; Philip N. Jefferson; Neel Kashkari; Adriana D. Kugler; Lorie K. Logan; and Christopher J. Waller.","Concurrence proves support for the action, not ideology"
2023-09-20,John C. Williams,FOR,HOLD,CONCUR,HOLD,0,VOTE_ACTION_PROXY,https://www.federalreserve.gov/newsevents/pressreleases/monetary20230920a.htm,raw/statements/monetary20230920a.htm,"Voting for the monetary policy action were Jerome H. Powell, Chair; John C. Williams, Vice Chair; Michael S. Barr; Michelle W. Bowman; Lisa D. Cook; Austan D. Goolsbee; Patrick Harker; Philip N. Jefferson; Neel Kashkari; Adriana D. Kugler; Lorie K. Logan; and Christopher J. Waller.","Concurrence proves support for the action, not ideology"
2023-09-20,Lisa D. Cook,FOR,HOLD,CONCUR,HOLD,0,VOTE_ACTION_PROXY,https://www.federalreserve.gov/newsevents/pressreleases/monetary20230920a.htm,raw/statements/monetary20230920a.htm,"Voting for the monetary policy action were Jerome H. Powell, Chair; John C. Williams, Vice Chair; Michael S. Barr; Michelle W. Bowman; Lisa D. Cook; Austan D. Goolsbee; Patrick Harker; Philip N. Jefferson; Neel Kashkari; Adriana D. Kugler; Lorie K. Logan; and Christopher J. Waller.","Concurrence proves support for the action, not ideology"
2023-09-20,Lorie K. Logan,FOR,HOLD,CONCUR,HOLD,0,VOTE_ACTION_PROXY,https://www.federalreserve.gov/newsevents/pressreleases/monetary20230920a.htm,raw/statements/monetary20230920a.htm,"Voting for the monetary policy action were Jerome H. Powell, Chair; John C. Williams, Vice Chair; Michael S. Barr; Michelle W. Bowman; Lisa D. Cook; Austan D. Goolsbee; Patrick Harker; Philip N. Jefferson; Neel Kashkari; Adriana D. Kugler; Lorie K. Logan; and Christopher J. Waller.","Concurrence proves support for the action, not ideology"
2023-09-20,Michael S. Barr,FOR,HOLD,CONCUR,HOLD,0,VOTE_ACTION_PROXY,https://www.federalreserve.gov/newsevents/pressreleases/monetary20230920a.htm,raw/statements/monetary20230920a.htm,"Voting for the monetary policy action were Jerome H. Powell, Chair; John C. Williams, Vice Chair; Michael S. Barr; Michelle W. Bowman; Lisa D. Cook; Austan D. Goolsbee; Patrick Harker; Philip N. Jefferson; Neel Kashkari; Adriana D. Kugler; Lorie K. Logan; and Christopher J. Waller.","Concurrence proves support for the action, not ideology"
2023-09-20,Michelle W. Bowman,FOR,HOLD,CONCUR,HOLD,0,VOTE_ACTION_PROXY,https://www.federalreserve.gov/newsevents/pressreleases/monetary20230920a.htm,raw/statements/monetary20230920a.htm,"Voting for the monetary policy action were Jerome H. Powell, Chair; John C. Williams, Vice Chair; Michael S. Barr; Michelle W. Bowman; Lisa D. Cook; Austan D. Goolsbee; Patrick Harker; Philip N. Jefferson; Neel Kashkari; Adriana D. Kugler; Lorie K. Logan; and Christopher J. Waller.","Concurrence proves support for the action, not ideology"
2023-09-20,Neel Kashkari,FOR,HOLD,CONCUR,HOLD,0,VOTE_ACTION_PROXY,https://www.federalreserve.gov/newsevents/pressreleases/monetary20230920a.htm,raw/statements/monetary20230920a.htm,"Voting for the monetary policy action were Jerome H. Powell, Chair; John C. Williams, Vice Chair; Michael S. Barr; Michelle W. Bowman; Lisa D. Cook; Austan D. Goolsbee; Patrick Harker; Philip N. Jefferson; Neel Kashkari; Adriana D. Kugler; Lorie K. Logan; and Christopher J. Waller.","Concurrence proves support for the action, not ideology"
2023-09-20,Patrick Harker,FOR,HOLD,CONCUR,HOLD,0,VOTE_ACTION_PROXY,https://www.federalreserve.gov/newsevents/pressreleases/monetary20230920a.htm,raw/statements/monetary20230920a.htm,"Voting for the monetary policy action were Jerome H. Powell, Chair; John C. Williams, Vice Chair; Michael S. Barr; Michelle W. Bowman; Lisa D. Cook; Austan D. Goolsbee; Patrick Harker; Philip N. Jefferson; Neel Kashkari; Adriana D. Kugler; Lorie K. Logan; and Christopher J. Waller.","Concurrence proves support for the action, not ideology"
2023-09-20,Philip N. Jefferson,FOR,HOLD,CONCUR,HOLD,0,VOTE_ACTION_PROXY,https://www.federalreserve.gov/newsevents/pressreleases/monetary20230920a.htm,raw/statements/monetary20230920a.htm,"Voting for the monetary policy action were Jerome H. Powell, Chair; John C. Williams, Vice Chair; Michael S. Barr; Michelle W. Bowman; Lisa D. Cook; Austan D. Goolsbee; Patrick Harker; Philip N. Jefferson; Neel Kashkari; Adriana D. Kugler; Lorie K. Logan; and Christopher J. Waller.","Concurrence proves support for the action, not ideology"
2023-11-01,Adriana D. Kugler,FOR,HOLD,CONCUR,HOLD,0,VOTE_ACTION_PROXY,https://www.federalreserve.gov/newsevents/pressreleases/monetary20231101a.htm,raw/statements/monetary20231101a.htm,"Voting for the monetary policy action were Jerome H. Powell, Chair; John C. Williams, Vice Chair; Michael S. Barr; Michelle W. Bowman; Lisa D. Cook; Austan D. Goolsbee; Patrick Harker; Philip N. Jefferson; Neel Kashkari; Adriana D. Kugler; Lorie K. Logan; and Christopher J. Waller.","Concurrence proves support for the action, not ideology"
2023-11-01,Austan D. Goolsbee,FOR,HOLD,CONCUR,HOLD,0,VOTE_ACTION_PROXY,https://www.federalreserve.gov/newsevents/pressreleases/monetary20231101a.htm,raw/statements/monetary20231101a.htm,"Voting for the monetary policy action were Jerome H. Powell, Chair; John C. Williams, Vice Chair; Michael S. Barr; Michelle W. Bowman; Lisa D. Cook; Austan D. Goolsbee; Patrick Harker; Philip N. Jefferson; Neel Kashkari; Adriana D. Kugler; Lorie K. Logan; and Christopher J. Waller.","Concurrence proves support for the action, not ideology"
2023-11-01,Christopher J. Waller,FOR,HOLD,CONCUR,HOLD,0,VOTE_ACTION_PROXY,https://www.federalreserve.gov/newsevents/pressreleases/monetary20231101a.htm,raw/statements/monetary20231101a.htm,"Voting for the monetary policy action were Jerome H. Powell, Chair; John C. Williams, Vice Chair; Michael S. Barr; Michelle W. Bowman; Lisa D. Cook; Austan D. Goolsbee; Patrick Harker; Philip N. Jefferson; Neel Kashkari; Adriana D. Kugler; Lorie K. Logan; and Christopher J. Waller.","Concurrence proves support for the action, not ideology"
2023-11-01,Jerome H. Powell,FOR,HOLD,CONCUR,HOLD,0,VOTE_ACTION_PROXY,https://www.federalreserve.gov/newsevents/pressreleases/monetary20231101a.htm,raw/statements/monetary20231101a.htm,"Voting for the monetary policy action were Jerome H. Powell, Chair; John C. Williams, Vice Chair; Michael S. Barr; Michelle W. Bowman; Lisa D. Cook; Austan D. Goolsbee; Patrick Harker; Philip N. Jefferson; Neel Kashkari; Adriana D. Kugler; Lorie K. Logan; and Christopher J. Waller.","Concurrence proves support for the action, not ideology"
2023-11-01,John C. Williams,FOR,HOLD,CONCUR,HOLD,0,VOTE_ACTION_PROXY,https://www.federalreserve.gov/newsevents/pressreleases/monetary20231101a.htm,raw/statements/monetary20231101a.htm,"Voting for the monetary policy action were Jerome H. Powell, Chair; John C. Williams, Vice Chair; Michael S. Barr; Michelle W. Bowman; Lisa D. Cook; Austan D. Goolsbee; Patrick Harker; Philip N. Jefferson; Neel Kashkari; Adriana D. Kugler; Lorie K. Logan; and Christopher J. Waller.","Concurrence proves support for the action, not ideology"
2023-11-01,Lisa D. Cook,FOR,HOLD,CONCUR,HOLD,0,VOTE_ACTION_PROXY,https://www.federalreserve.gov/newsevents/pressreleases/monetary20231101a.htm,raw/statements/monetary20231101a.htm,"Voting for the monetary policy action were Jerome H. Powell, Chair; John C. Williams, Vice Chair; Michael S. Barr; Michelle W. Bowman; Lisa D. Cook; Austan D. Goolsbee; Patrick Harker; Philip N. Jefferson; Neel Kashkari; Adriana D. Kugler; Lorie K. Logan; and Christopher J. Waller.","Concurrence proves support for the action, not ideology"
2023-11-01,Lorie K. Logan,FOR,HOLD,CONCUR,HOLD,0,VOTE_ACTION_PROXY,https://www.federalreserve.gov/newsevents/pressreleases/monetary20231101a.htm,raw/statements/monetary20231101a.htm,"Voting for the monetary policy action were Jerome H. Powell, Chair; John C. Williams, Vice Chair; Michael S. Barr; Michelle W. Bowman; Lisa D. Cook; Austan D. Goolsbee; Patrick Harker; Philip N. Jefferson; Neel Kashkari; Adriana D. Kugler; Lorie K. Logan; and Christopher J. Waller.","Concurrence proves support for the action, not ideology"
2023-11-01,Michael S. Barr,FOR,HOLD,CONCUR,HOLD,0,VOTE_ACTION_PROXY,https://www.federalreserve.gov/newsevents/pressreleases/monetary20231101a.htm,raw/statements/monetary20231101a.htm,"Voting for the monetary policy action were Jerome H. Powell, Chair; John C. Williams, Vice Chair; Michael S. Barr; Michelle W. Bowman; Lisa D. Cook; Austan D. Goolsbee; Patrick Harker; Philip N. Jefferson; Neel Kashkari; Adriana D. Kugler; Lorie K. Logan; and Christopher J. Waller.","Concurrence proves support for the action, not ideology"
2023-11-01,Michelle W. Bowman,FOR,HOLD,CONCUR,HOLD,0,VOTE_ACTION_PROXY,https://www.federalreserve.gov/newsevents/pressreleases/monetary20231101a.htm,raw/statements/monetary20231101a.htm,"Voting for the monetary policy action were Jerome H. Powell, Chair; John C. Williams, Vice Chair; Michael S. Barr; Michelle W. Bowman; Lisa D. Cook; Austan D. Goolsbee; Patrick Harker; Philip N. Jefferson; Neel Kashkari; Adriana D. Kugler; Lorie K. Logan; and Christopher J. Waller.","Concurrence proves support for the action, not ideology"
2023-11-01,Neel Kashkari,FOR,HOLD,CONCUR,HOLD,0,VOTE_ACTION_PROXY,https://www.federalreserve.gov/newsevents/pressreleases/monetary20231101a.htm,raw/statements/monetary20231101a.htm,"Voting for the monetary policy action were Jerome H. Powell, Chair; John C. Williams, Vice Chair; Michael S. Barr; Michelle W. Bowman; Lisa D. Cook; Austan D. Goolsbee; Patrick Harker; Philip N. Jefferson; Neel Kashkari; Adriana D. Kugler; Lorie K. Logan; and Christopher J. Waller.","Concurrence proves support for the action, not ideology"
2023-11-01,Patrick Harker,FOR,HOLD,CONCUR,HOLD,0,VOTE_ACTION_PROXY,https://www.federalreserve.gov/newsevents/pressreleases/monetary20231101a.htm,raw/statements/monetary20231101a.htm,"Voting for the monetary policy action were Jerome H. Powell, Chair; John C. Williams, Vice Chair; Michael S. Barr; Michelle W. Bowman; Lisa D. Cook; Austan D. Goolsbee; Patrick Harker; Philip N. Jefferson; Neel Kashkari; Adriana D. Kugler; Lorie K. Logan; and Christopher J. Waller.","Concurrence proves support for the action, not ideology"
2023-11-01,Philip N. Jefferson,FOR,HOLD,CONCUR,HOLD,0,VOTE_ACTION_PROXY,https://www.federalreserve.gov/newsevents/pressreleases/monetary20231101a.htm,raw/statements/monetary20231101a.htm,"Voting for the monetary policy action were Jerome H. Powell, Chair; John C. Williams, Vice Chair; Michael S. Barr; Michelle W. Bowman; Lisa D. Cook; Austan D. Goolsbee; Patrick Harker; Philip N. Jefferson; Neel Kashkari; Adriana D. Kugler; Lorie K. Logan; and Christopher J. Waller.","Concurrence proves support for the action, not ideology"
2023-12-13,Adriana D. Kugler,FOR,HOLD,CONCUR,HOLD,0,VOTE_ACTION_PROXY,https://www.federalreserve.gov/newsevents/pressreleases/monetary20231213a.htm,raw/statements/monetary20231213a.htm,"Voting for the monetary policy action were Jerome H. Powell, Chair; John C. Williams, Vice Chair; Michael S. Barr; Michelle W. Bowman; Lisa D. Cook; Austan D. Goolsbee; Patrick Harker; Philip N. Jefferson; Neel Kashkari; Adriana D. Kugler; Lorie K. Logan; and Christopher J. Waller.","Concurrence proves support for the action, not ideology"
2023-12-13,Austan D. Goolsbee,FOR,HOLD,CONCUR,HOLD,0,VOTE_ACTION_PROXY,https://www.federalreserve.gov/newsevents/pressreleases/monetary20231213a.htm,raw/statements/monetary20231213a.htm,"Voting for the monetary policy action were Jerome H. Powell, Chair; John C. Williams, Vice Chair; Michael S. Barr; Michelle W. Bowman; Lisa D. Cook; Austan D. Goolsbee; Patrick Harker; Philip N. Jefferson; Neel Kashkari; Adriana D. Kugler; Lorie K. Logan; and Christopher J. Waller.","Concurrence proves support for the action, not ideology"
2023-12-13,Christopher J. Waller,FOR,HOLD,CONCUR,HOLD,0,VOTE_ACTION_PROXY,https://www.federalreserve.gov/newsevents/pressreleases/monetary20231213a.htm,raw/statements/monetary20231213a.htm,"Voting for the monetary policy action were Jerome H. Powell, Chair; John C. Williams, Vice Chair; Michael S. Barr; Michelle W. Bowman; Lisa D. Cook; Austan D. Goolsbee; Patrick Harker; Philip N. Jefferson; Neel Kashkari; Adriana D. Kugler; Lorie K. Logan; and Christopher J. Waller.","Concurrence proves support for the action, not ideology"
2023-12-13,Jerome H. Powell,FOR,HOLD,CONCUR,HOLD,0,VOTE_ACTION_PROXY,https://www.federalreserve.gov/newsevents/pressreleases/monetary20231213a.htm,raw/statements/monetary20231213a.htm,"Voting for the monetary policy action were Jerome H. Powell, Chair; John C. Williams, Vice Chair; Michael S. Barr; Michelle W. Bowman; Lisa D. Cook; Austan D. Goolsbee; Patrick Harker; Philip N. Jefferson; Neel Kashkari; Adriana D. Kugler; Lorie K. Logan; and Christopher J. Waller.","Concurrence proves support for the action, not ideology"
2023-12-13,John C. Williams,FOR,HOLD,CONCUR,HOLD,0,VOTE_ACTION_PROXY,https://www.federalreserve.gov/newsevents/pressreleases/monetary20231213a.htm,raw/statements/monetary20231213a.htm,"Voting for the monetary policy action were Jerome H. Powell, Chair; John C. Williams, Vice Chair; Michael S. Barr; Michelle W. Bowman; Lisa D. Cook; Austan D. Goolsbee; Patrick Harker; Philip N. Jefferson; Neel Kashkari; Adriana D. Kugler; Lorie K. Logan; and Christopher J. Waller.","Concurrence proves support for the action, not ideology"
2023-12-13,Lisa D. Cook,FOR,HOLD,CONCUR,HOLD,0,VOTE_ACTION_PROXY,https://www.federalreserve.gov/newsevents/pressreleases/monetary20231213a.htm,raw/statements/monetary20231213a.htm,"Voting for the monetary policy action were Jerome H. Powell, Chair; John C. Williams, Vice Chair; Michael S. Barr; Michelle W. Bowman; Lisa D. Cook; Austan D. Goolsbee; Patrick Harker; Philip N. Jefferson; Neel Kashkari; Adriana D. Kugler; Lorie K. Logan; and Christopher J. Waller.","Concurrence proves support for the action, not ideology"
2023-12-13,Lorie K. Logan,FOR,HOLD,CONCUR,HOLD,0,VOTE_ACTION_PROXY,https://www.federalreserve.gov/newsevents/pressreleases/monetary20231213a.htm,raw/statements/monetary20231213a.htm,"Voting for the monetary policy action were Jerome H. Powell, Chair; John C. Williams, Vice Chair; Michael S. Barr; Michelle W. Bowman; Lisa D. Cook; Austan D. Goolsbee; Patrick Harker; Philip N. Jefferson; Neel Kashkari; Adriana D. Kugler; Lorie K. Logan; and Christopher J. Waller.","Concurrence proves support for the action, not ideology"
2023-12-13,Michael S. Barr,FOR,HOLD,CONCUR,HOLD,0,VOTE_ACTION_PROXY,https://www.federalreserve.gov/newsevents/pressreleases/monetary20231213a.htm,raw/statements/monetary20231213a.htm,"Voting for the monetary policy action were Jerome H. Powell, Chair; John C. Williams, Vice Chair; Michael S. Barr; Michelle W. Bowman; Lisa D. Cook; Austan D. Goolsbee; Patrick Harker; Philip N. Jefferson; Neel Kashkari; Adriana D. Kugler; Lorie K. Logan; and Christopher J. Waller.","Concurrence proves support for the action, not ideology"
2023-12-13,Michelle W. Bowman,FOR,HOLD,CONCUR,HOLD,0,VOTE_ACTION_PROXY,https://www.federalreserve.gov/newsevents/pressreleases/monetary20231213a.htm,raw/statements/monetary20231213a.htm,"Voting for the monetary policy action were Jerome H. Powell, Chair; John C. Williams, Vice Chair; Michael S. Barr; Michelle W. Bowman; Lisa D. Cook; Austan D. Goolsbee; Patrick Harker; Philip N. Jefferson; Neel Kashkari; Adriana D. Kugler; Lorie K. Logan; and Christopher J. Waller.","Concurrence proves support for the action, not ideology"
2023-12-13,Neel Kashkari,FOR,HOLD,CONCUR,HOLD,0,VOTE_ACTION_PROXY,https://www.federalreserve.gov/newsevents/pressreleases/monetary20231213a.htm,raw/statements/monetary20231213a.htm,"Voting for the monetary policy action were Jerome H. Powell, Chair; John C. Williams, Vice Chair; Michael S. Barr; Michelle W. Bowman; Lisa D. Cook; Austan D. Goolsbee; Patrick Harker; Philip N. Jefferson; Neel Kashkari; Adriana D. Kugler; Lorie K. Logan; and Christopher J. Waller.","Concurrence proves support for the action, not ideology"
2023-12-13,Patrick Harker,FOR,HOLD,CONCUR,HOLD,0,VOTE_ACTION_PROXY,https://www.federalreserve.gov/newsevents/pressreleases/monetary20231213a.htm,raw/statements/monetary20231213a.htm,"Voting for the monetary policy action were Jerome H. Powell, Chair; John C. Williams, Vice Chair; Michael S. Barr; Michelle W. Bowman; Lisa D. Cook; Austan D. Goolsbee; Patrick Harker; Philip N. Jefferson; Neel Kashkari; Adriana D. Kugler; Lorie K. Logan; and Christopher J. Waller.","Concurrence proves support for the action, not ideology"
2023-12-13,Philip N. Jefferson,FOR,HOLD,CONCUR,HOLD,0,VOTE_ACTION_PROXY,https://www.federalreserve.gov/newsevents/pressreleases/monetary20231213a.htm,raw/statements/monetary20231213a.htm,"Voting for the monetary policy action were Jerome H. Powell, Chair; John C. Williams, Vice Chair; Michael S. Barr; Michelle W. Bowman; Lisa D. Cook; Austan D. Goolsbee; Patrick Harker; Philip N. Jefferson; Neel Kashkari; Adriana D. Kugler; Lorie K. Logan; and Christopher J. Waller.","Concurrence proves support for the action, not ideology"
2024-01-31,Adriana D. Kugler,FOR,HOLD,CONCUR,HOLD,0,VOTE_ACTION_PROXY,https://www.federalreserve.gov/newsevents/pressreleases/monetary20240131a.htm,raw/statements/monetary20240131a.htm,"Voting for the monetary policy action were Jerome H. Powell, Chair; John C. Williams, Vice Chair; Thomas I. Barkin; Michael S. Barr; Raphael W. Bostic; Michelle W. Bowman; Lisa D. Cook; Mary C. Daly; Philip N. Jefferson; Adriana D. Kugler; Loretta J. Mester; and Christopher J. Waller.","Concurrence proves support for the action, not ideology"
2024-01-31,Christopher J. Waller,FOR,HOLD,CONCUR,HOLD,0,VOTE_ACTION_PROXY,https://www.federalreserve.gov/newsevents/pressreleases/monetary20240131a.htm,raw/statements/monetary20240131a.htm,"Voting for the monetary policy action were Jerome H. Powell, Chair; John C. Williams, Vice Chair; Thomas I. Barkin; Michael S. Barr; Raphael W. Bostic; Michelle W. Bowman; Lisa D. Cook; Mary C. Daly; Philip N. Jefferson; Adriana D. Kugler; Loretta J. Mester; and Christopher J. Waller.","Concurrence proves support for the action, not ideology"
2024-01-31,Jerome H. Powell,FOR,HOLD,CONCUR,HOLD,0,VOTE_ACTION_PROXY,https://www.federalreserve.gov/newsevents/pressreleases/monetary20240131a.htm,raw/statements/monetary20240131a.htm,"Voting for the monetary policy action were Jerome H. Powell, Chair; John C. Williams, Vice Chair; Thomas I. Barkin; Michael S. Barr; Raphael W. Bostic; Michelle W. Bowman; Lisa D. Cook; Mary C. Daly; Philip N. Jefferson; Adriana D. Kugler; Loretta J. Mester; and Christopher J. Waller.","Concurrence proves support for the action, not ideology"
2024-01-31,John C. Williams,FOR,HOLD,CONCUR,HOLD,0,VOTE_ACTION_PROXY,https://www.federalreserve.gov/newsevents/pressreleases/monetary20240131a.htm,raw/statements/monetary20240131a.htm,"Voting for the monetary policy action were Jerome H. Powell, Chair; John C. Williams, Vice Chair; Thomas I. Barkin; Michael S. Barr; Raphael W. Bostic; Michelle W. Bowman; Lisa D. Cook; Mary C. Daly; Philip N. Jefferson; Adriana D. Kugler; Loretta J. Mester; and Christopher J. Waller.","Concurrence proves support for the action, not ideology"
2024-01-31,Lisa D. Cook,FOR,HOLD,CONCUR,HOLD,0,VOTE_ACTION_PROXY,https://www.federalreserve.gov/newsevents/pressreleases/monetary20240131a.htm,raw/statements/monetary20240131a.htm,"Voting for the monetary policy action were Jerome H. Powell, Chair; John C. Williams, Vice Chair; Thomas I. Barkin; Michael S. Barr; Raphael W. Bostic; Michelle W. Bowman; Lisa D. Cook; Mary C. Daly; Philip N. Jefferson; Adriana D. Kugler; Loretta J. Mester; and Christopher J. Waller.","Concurrence proves support for the action, not ideology"
2024-01-31,Loretta J. Mester,FOR,HOLD,CONCUR,HOLD,0,VOTE_ACTION_PROXY,https://www.federalreserve.gov/newsevents/pressreleases/monetary20240131a.htm,raw/statements/monetary20240131a.htm,"Voting for the monetary policy action were Jerome H. Powell, Chair; John C. Williams, Vice Chair; Thomas I. Barkin; Michael S. Barr; Raphael W. Bostic; Michelle W. Bowman; Lisa D. Cook; Mary C. Daly; Philip N. Jefferson; Adriana D. Kugler; Loretta J. Mester; and Christopher J. Waller.","Concurrence proves support for the action, not ideology"
2024-01-31,Mary C. Daly,FOR,HOLD,CONCUR,HOLD,0,VOTE_ACTION_PROXY,https://www.federalreserve.gov/newsevents/pressreleases/monetary20240131a.htm,raw/statements/monetary20240131a.htm,"Voting for the monetary policy action were Jerome H. Powell, Chair; John C. Williams, Vice Chair; Thomas I. Barkin; Michael S. Barr; Raphael W. Bostic; Michelle W. Bowman; Lisa D. Cook; Mary C. Daly; Philip N. Jefferson; Adriana D. Kugler; Loretta J. Mester; and Christopher J. Waller.","Concurrence proves support for the action, not ideology"
2024-01-31,Michael S. Barr,FOR,HOLD,CONCUR,HOLD,0,VOTE_ACTION_PROXY,https://www.federalreserve.gov/newsevents/pressreleases/monetary20240131a.htm,raw/statements/monetary20240131a.htm,"Voting for the monetary policy action were Jerome H. Powell, Chair; John C. Williams, Vice Chair; Thomas I. Barkin; Michael S. Barr; Raphael W. Bostic; Michelle W. Bowman; Lisa D. Cook; Mary C. Daly; Philip N. Jefferson; Adriana D. Kugler; Loretta J. Mester; and Christopher J. Waller.","Concurrence proves support for the action, not ideology"
2024-01-31,Michelle W. Bowman,FOR,HOLD,CONCUR,HOLD,0,VOTE_ACTION_PROXY,https://www.federalreserve.gov/newsevents/pressreleases/monetary20240131a.htm,raw/statements/monetary20240131a.htm,"Voting for the monetary policy action were Jerome H. Powell, Chair; John C. Williams, Vice Chair; Thomas I. Barkin; Michael S. Barr; Raphael W. Bostic; Michelle W. Bowman; Lisa D. Cook; Mary C. Daly; Philip N. Jefferson; Adriana D. Kugler; Loretta J. Mester; and Christopher J. Waller.","Concurrence proves support for the action, not ideology"
2024-01-31,Philip N. Jefferson,FOR,HOLD,CONCUR,HOLD,0,VOTE_ACTION_PROXY,https://www.federalreserve.gov/newsevents/pressreleases/monetary20240131a.htm,raw/statements/monetary20240131a.htm,"Voting for the monetary policy action were Jerome H. Powell, Chair; John C. Williams, Vice Chair; Thomas I. Barkin; Michael S. Barr; Raphael W. Bostic; Michelle W. Bowman; Lisa D. Cook; Mary C. Daly; Philip N. Jefferson; Adriana D. Kugler; Loretta J. Mester; and Christopher J. Waller.","Concurrence proves support for the action, not ideology"
2024-01-31,Raphael W. Bostic,FOR,HOLD,CONCUR,HOLD,0,VOTE_ACTION_PROXY,https://www.federalreserve.gov/newsevents/pressreleases/monetary20240131a.htm,raw/statements/monetary20240131a.htm,"Voting for the monetary policy action were Jerome H. Powell, Chair; John C. Williams, Vice Chair; Thomas I. Barkin; Michael S. Barr; Raphael W. Bostic; Michelle W. Bowman; Lisa D. Cook; Mary C. Daly; Philip N. Jefferson; Adriana D. Kugler; Loretta J. Mester; and Christopher J. Waller.","Concurrence proves support for the action, not ideology"
2024-01-31,Thomas I. Barkin,FOR,HOLD,CONCUR,HOLD,0,VOTE_ACTION_PROXY,https://www.federalreserve.gov/newsevents/pressreleases/monetary20240131a.htm,raw/statements/monetary20240131a.htm,"Voting for the monetary policy action were Jerome H. Powell, Chair; John C. Williams, Vice Chair; Thomas I. Barkin; Michael S. Barr; Raphael W. Bostic; Michelle W. Bowman; Lisa D. Cook; Mary C. Daly; Philip N. Jefferson; Adriana D. Kugler; Loretta J. Mester; and Christopher J. Waller.","Concurrence proves support for the action, not ideology"
2024-03-20,Adriana D. Kugler,FOR,HOLD,CONCUR,HOLD,0,VOTE_ACTION_PROXY,https://www.federalreserve.gov/newsevents/pressreleases/monetary20240320a.htm,raw/statements/monetary20240320a.htm,"Voting for the monetary policy action were Jerome H. Powell, Chair; John C. Williams, Vice Chair; Thomas I. Barkin; Michael S. Barr; Raphael W. Bostic; Michelle W. Bowman; Lisa D. Cook; Mary C. Daly; Philip N. Jefferson; Adriana D. Kugler; Loretta J. Mester; and Christopher J. Waller.","Concurrence proves support for the action, not ideology"
2024-03-20,Christopher J. Waller,FOR,HOLD,CONCUR,HOLD,0,VOTE_ACTION_PROXY,https://www.federalreserve.gov/newsevents/pressreleases/monetary20240320a.htm,raw/statements/monetary20240320a.htm,"Voting for the monetary policy action were Jerome H. Powell, Chair; John C. Williams, Vice Chair; Thomas I. Barkin; Michael S. Barr; Raphael W. Bostic; Michelle W. Bowman; Lisa D. Cook; Mary C. Daly; Philip N. Jefferson; Adriana D. Kugler; Loretta J. Mester; and Christopher J. Waller.","Concurrence proves support for the action, not ideology"
2024-03-20,Jerome H. Powell,FOR,HOLD,CONCUR,HOLD,0,VOTE_ACTION_PROXY,https://www.federalreserve.gov/newsevents/pressreleases/monetary20240320a.htm,raw/statements/monetary20240320a.htm,"Voting for the monetary policy action were Jerome H. Powell, Chair; John C. Williams, Vice Chair; Thomas I. Barkin; Michael S. Barr; Raphael W. Bostic; Michelle W. Bowman; Lisa D. Cook; Mary C. Daly; Philip N. Jefferson; Adriana D. Kugler; Loretta J. Mester; and Christopher J. Waller.","Concurrence proves support for the action, not ideology"
2024-03-20,John C. Williams,FOR,HOLD,CONCUR,HOLD,0,VOTE_ACTION_PROXY,https://www.federalreserve.gov/newsevents/pressreleases/monetary20240320a.htm,raw/statements/monetary20240320a.htm,"Voting for the monetary policy action were Jerome H. Powell, Chair; John C. Williams, Vice Chair; Thomas I. Barkin; Michael S. Barr; Raphael W. Bostic; Michelle W. Bowman; Lisa D. Cook; Mary C. Daly; Philip N. Jefferson; Adriana D. Kugler; Loretta J. Mester; and Christopher J. Waller.","Concurrence proves support for the action, not ideology"
2024-03-20,Lisa D. Cook,FOR,HOLD,CONCUR,HOLD,0,VOTE_ACTION_PROXY,https://www.federalreserve.gov/newsevents/pressreleases/monetary20240320a.htm,raw/statements/monetary20240320a.htm,"Voting for the monetary policy action were Jerome H. Powell, Chair; John C. Williams, Vice Chair; Thomas I. Barkin; Michael S. Barr; Raphael W. Bostic; Michelle W. Bowman; Lisa D. Cook; Mary C. Daly; Philip N. Jefferson; Adriana D. Kugler; Loretta J. Mester; and Christopher J. Waller.","Concurrence proves support for the action, not ideology"
2024-03-20,Loretta J. Mester,FOR,HOLD,CONCUR,HOLD,0,VOTE_ACTION_PROXY,https://www.federalreserve.gov/newsevents/pressreleases/monetary20240320a.htm,raw/statements/monetary20240320a.htm,"Voting for the monetary policy action were Jerome H. Powell, Chair; John C. Williams, Vice Chair; Thomas I. Barkin; Michael S. Barr; Raphael W. Bostic; Michelle W. Bowman; Lisa D. Cook; Mary C. Daly; Philip N. Jefferson; Adriana D. Kugler; Loretta J. Mester; and Christopher J. Waller.","Concurrence proves support for the action, not ideology"
2024-03-20,Mary C. Daly,FOR,HOLD,CONCUR,HOLD,0,VOTE_ACTION_PROXY,https://www.federalreserve.gov/newsevents/pressreleases/monetary20240320a.htm,raw/statements/monetary20240320a.htm,"Voting for the monetary policy action were Jerome H. Powell, Chair; John C. Williams, Vice Chair; Thomas I. Barkin; Michael S. Barr; Raphael W. Bostic; Michelle W. Bowman; Lisa D. Cook; Mary C. Daly; Philip N. Jefferson; Adriana D. Kugler; Loretta J. Mester; and Christopher J. Waller.","Concurrence proves support for the action, not ideology"
2024-03-20,Michael S. Barr,FOR,HOLD,CONCUR,HOLD,0,VOTE_ACTION_PROXY,https://www.federalreserve.gov/newsevents/pressreleases/monetary20240320a.htm,raw/statements/monetary20240320a.htm,"Voting for the monetary policy action were Jerome H. Powell, Chair; John C. Williams, Vice Chair; Thomas I. Barkin; Michael S. Barr; Raphael W. Bostic; Michelle W. Bowman; Lisa D. Cook; Mary C. Daly; Philip N. Jefferson; Adriana D. Kugler; Loretta J. Mester; and Christopher J. Waller.","Concurrence proves support for the action, not ideology"
2024-03-20,Michelle W. Bowman,FOR,HOLD,CONCUR,HOLD,0,VOTE_ACTION_PROXY,https://www.federalreserve.gov/newsevents/pressreleases/monetary20240320a.htm,raw/statements/monetary20240320a.htm,"Voting for the monetary policy action were Jerome H. Powell, Chair; John C. Williams, Vice Chair; Thomas I. Barkin; Michael S. Barr; Raphael W. Bostic; Michelle W. Bowman; Lisa D. Cook; Mary C. Daly; Philip N. Jefferson; Adriana D. Kugler; Loretta J. Mester; and Christopher J. Waller.","Concurrence proves support for the action, not ideology"
2024-03-20,Philip N. Jefferson,FOR,HOLD,CONCUR,HOLD,0,VOTE_ACTION_PROXY,https://www.federalreserve.gov/newsevents/pressreleases/monetary20240320a.htm,raw/statements/monetary20240320a.htm,"Voting for the monetary policy action were Jerome H. Powell, Chair; John C. Williams, Vice Chair; Thomas I. Barkin; Michael S. Barr; Raphael W. Bostic; Michelle W. Bowman; Lisa D. Cook; Mary C. Daly; Philip N. Jefferson; Adriana D. Kugler; Loretta J. Mester; and Christopher J. Waller.","Concurrence proves support for the action, not ideology"
2024-03-20,Raphael W. Bostic,FOR,HOLD,CONCUR,HOLD,0,VOTE_ACTION_PROXY,https://www.federalreserve.gov/newsevents/pressreleases/monetary20240320a.htm,raw/statements/monetary20240320a.htm,"Voting for the monetary policy action were Jerome H. Powell, Chair; John C. Williams, Vice Chair; Thomas I. Barkin; Michael S. Barr; Raphael W. Bostic; Michelle W. Bowman; Lisa D. Cook; Mary C. Daly; Philip N. Jefferson; Adriana D. Kugler; Loretta J. Mester; and Christopher J. Waller.","Concurrence proves support for the action, not ideology"
2024-03-20,Thomas I. Barkin,FOR,HOLD,CONCUR,HOLD,0,VOTE_ACTION_PROXY,https://www.federalreserve.gov/newsevents/pressreleases/monetary20240320a.htm,raw/statements/monetary20240320a.htm,"Voting for the monetary policy action were Jerome H. Powell, Chair; John C. Williams, Vice Chair; Thomas I. Barkin; Michael S. Barr; Raphael W. Bostic; Michelle W. Bowman; Lisa D. Cook; Mary C. Daly; Philip N. Jefferson; Adriana D. Kugler; Loretta J. Mester; and Christopher J. Waller.","Concurrence proves support for the action, not ideology"
2024-05-01,Adriana D. Kugler,FOR,HOLD,CONCUR,HOLD,0,VOTE_ACTION_PROXY,https://www.federalreserve.gov/newsevents/pressreleases/monetary20240501a.htm,raw/statements/monetary20240501a.htm,"Voting for the monetary policy action were Jerome H. Powell, Chair; John C. Williams, Vice Chair; Thomas I. Barkin; Michael S. Barr; Raphael W. Bostic; Michelle W. Bowman; Lisa D. Cook; Mary C. Daly; Philip N. Jefferson; Adriana D. Kugler; Loretta J. Mester; and Christopher J. Waller.","Concurrence proves support for the action, not ideology"
2024-05-01,Christopher J. Waller,FOR,HOLD,CONCUR,HOLD,0,VOTE_ACTION_PROXY,https://www.federalreserve.gov/newsevents/pressreleases/monetary20240501a.htm,raw/statements/monetary20240501a.htm,"Voting for the monetary policy action were Jerome H. Powell, Chair; John C. Williams, Vice Chair; Thomas I. Barkin; Michael S. Barr; Raphael W. Bostic; Michelle W. Bowman; Lisa D. Cook; Mary C. Daly; Philip N. Jefferson; Adriana D. Kugler; Loretta J. Mester; and Christopher J. Waller.","Concurrence proves support for the action, not ideology"
2024-05-01,Jerome H. Powell,FOR,HOLD,CONCUR,HOLD,0,VOTE_ACTION_PROXY,https://www.federalreserve.gov/newsevents/pressreleases/monetary20240501a.htm,raw/statements/monetary20240501a.htm,"Voting for the monetary policy action were Jerome H. Powell, Chair; John C. Williams, Vice Chair; Thomas I. Barkin; Michael S. Barr; Raphael W. Bostic; Michelle W. Bowman; Lisa D. Cook; Mary C. Daly; Philip N. Jefferson; Adriana D. Kugler; Loretta J. Mester; and Christopher J. Waller.","Concurrence proves support for the action, not ideology"
2024-05-01,John C. Williams,FOR,HOLD,CONCUR,HOLD,0,VOTE_ACTION_PROXY,https://www.federalreserve.gov/newsevents/pressreleases/monetary20240501a.htm,raw/statements/monetary20240501a.htm,"Voting for the monetary policy action were Jerome H. Powell, Chair; John C. Williams, Vice Chair; Thomas I. Barkin; Michael S. Barr; Raphael W. Bostic; Michelle W. Bowman; Lisa D. Cook; Mary C. Daly; Philip N. Jefferson; Adriana D. Kugler; Loretta J. Mester; and Christopher J. Waller.","Concurrence proves support for the action, not ideology"
2024-05-01,Lisa D. Cook,FOR,HOLD,CONCUR,HOLD,0,VOTE_ACTION_PROXY,https://www.federalreserve.gov/newsevents/pressreleases/monetary20240501a.htm,raw/statements/monetary20240501a.htm,"Voting for the monetary policy action were Jerome H. Powell, Chair; John C. Williams, Vice Chair; Thomas I. Barkin; Michael S. Barr; Raphael W. Bostic; Michelle W. Bowman; Lisa D. Cook; Mary C. Daly; Philip N. Jefferson; Adriana D. Kugler; Loretta J. Mester; and Christopher J. Waller.","Concurrence proves support for the action, not ideology"
2024-05-01,Loretta J. Mester,FOR,HOLD,CONCUR,HOLD,0,VOTE_ACTION_PROXY,https://www.federalreserve.gov/newsevents/pressreleases/monetary20240501a.htm,raw/statements/monetary20240501a.htm,"Voting for the monetary policy action were Jerome H. Powell, Chair; John C. Williams, Vice Chair; Thomas I. Barkin; Michael S. Barr; Raphael W. Bostic; Michelle W. Bowman; Lisa D. Cook; Mary C. Daly; Philip N. Jefferson; Adriana D. Kugler; Loretta J. Mester; and Christopher J. Waller.","Concurrence proves support for the action, not ideology"
2024-05-01,Mary C. Daly,FOR,HOLD,CONCUR,HOLD,0,VOTE_ACTION_PROXY,https://www.federalreserve.gov/newsevents/pressreleases/monetary20240501a.htm,raw/statements/monetary20240501a.htm,"Voting for the monetary policy action were Jerome H. Powell, Chair; John C. Williams, Vice Chair; Thomas I. Barkin; Michael S. Barr; Raphael W. Bostic; Michelle W. Bowman; Lisa D. Cook; Mary C. Daly; Philip N. Jefferson; Adriana D. Kugler; Loretta J. Mester; and Christopher J. Waller.","Concurrence proves support for the action, not ideology"
2024-05-01,Michael S. Barr,FOR,HOLD,CONCUR,HOLD,0,VOTE_ACTION_PROXY,https://www.federalreserve.gov/newsevents/pressreleases/monetary20240501a.htm,raw/statements/monetary20240501a.htm,"Voting for the monetary policy action were Jerome H. Powell, Chair; John C. Williams, Vice Chair; Thomas I. Barkin; Michael S. Barr; Raphael W. Bostic; Michelle W. Bowman; Lisa D. Cook; Mary C. Daly; Philip N. Jefferson; Adriana D. Kugler; Loretta J. Mester; and Christopher J. Waller.","Concurrence proves support for the action, not ideology"
2024-05-01,Michelle W. Bowman,FOR,HOLD,CONCUR,HOLD,0,VOTE_ACTION_PROXY,https://www.federalreserve.gov/newsevents/pressreleases/monetary20240501a.htm,raw/statements/monetary20240501a.htm,"Voting for the monetary policy action were Jerome H. Powell, Chair; John C. Williams, Vice Chair; Thomas I. Barkin; Michael S. Barr; Raphael W. Bostic; Michelle W. Bowman; Lisa D. Cook; Mary C. Daly; Philip N. Jefferson; Adriana D. Kugler; Loretta J. Mester; and Christopher J. Waller.","Concurrence proves support for the action, not ideology"
2024-05-01,Philip N. Jefferson,FOR,HOLD,CONCUR,HOLD,0,VOTE_ACTION_PROXY,https://www.federalreserve.gov/newsevents/pressreleases/monetary20240501a.htm,raw/statements/monetary20240501a.htm,"Voting for the monetary policy action were Jerome H. Powell, Chair; John C. Williams, Vice Chair; Thomas I. Barkin; Michael S. Barr; Raphael W. Bostic; Michelle W. Bowman; Lisa D. Cook; Mary C. Daly; Philip N. Jefferson; Adriana D. Kugler; Loretta J. Mester; and Christopher J. Waller.","Concurrence proves support for the action, not ideology"
2024-05-01,Raphael W. Bostic,FOR,HOLD,CONCUR,HOLD,0,VOTE_ACTION_PROXY,https://www.federalreserve.gov/newsevents/pressreleases/monetary20240501a.htm,raw/statements/monetary20240501a.htm,"Voting for the monetary policy action were Jerome H. Powell, Chair; John C. Williams, Vice Chair; Thomas I. Barkin; Michael S. Barr; Raphael W. Bostic; Michelle W. Bowman; Lisa D. Cook; Mary C. Daly; Philip N. Jefferson; Adriana D. Kugler; Loretta J. Mester; and Christopher J. Waller.","Concurrence proves support for the action, not ideology"
2024-05-01,Thomas I. Barkin,FOR,HOLD,CONCUR,HOLD,0,VOTE_ACTION_PROXY,https://www.federalreserve.gov/newsevents/pressreleases/monetary20240501a.htm,raw/statements/monetary20240501a.htm,"Voting for the monetary policy action were Jerome H. Powell, Chair; John C. Williams, Vice Chair; Thomas I. Barkin; Michael S. Barr; Raphael W. Bostic; Michelle W. Bowman; Lisa D. Cook; Mary C. Daly; Philip N. Jefferson; Adriana D. Kugler; Loretta J. Mester; and Christopher J. Waller.","Concurrence proves support for the action, not ideology"
2024-06-12,Adriana D. Kugler,FOR,HOLD,CONCUR,HOLD,0,VOTE_ACTION_PROXY,https://www.federalreserve.gov/newsevents/pressreleases/monetary20240612a.htm,raw/statements/monetary20240612a.htm,"Voting for the monetary policy action were Jerome H. Powell, Chair; John C. Williams, Vice Chair; Thomas I. Barkin; Michael S. Barr; Raphael W. Bostic; Michelle W. Bowman; Lisa D. Cook; Mary C. Daly; Philip N. Jefferson; Adriana D. Kugler; Loretta J. Mester; and Christopher J. Waller.","Concurrence proves support for the action, not ideology"
2024-06-12,Christopher J. Waller,FOR,HOLD,CONCUR,HOLD,0,VOTE_ACTION_PROXY,https://www.federalreserve.gov/newsevents/pressreleases/monetary20240612a.htm,raw/statements/monetary20240612a.htm,"Voting for the monetary policy action were Jerome H. Powell, Chair; John C. Williams, Vice Chair; Thomas I. Barkin; Michael S. Barr; Raphael W. Bostic; Michelle W. Bowman; Lisa D. Cook; Mary C. Daly; Philip N. Jefferson; Adriana D. Kugler; Loretta J. Mester; and Christopher J. Waller.","Concurrence proves support for the action, not ideology"
2024-06-12,Jerome H. Powell,FOR,HOLD,CONCUR,HOLD,0,VOTE_ACTION_PROXY,https://www.federalreserve.gov/newsevents/pressreleases/monetary20240612a.htm,raw/statements/monetary20240612a.htm,"Voting for the monetary policy action were Jerome H. Powell, Chair; John C. Williams, Vice Chair; Thomas I. Barkin; Michael S. Barr; Raphael W. Bostic; Michelle W. Bowman; Lisa D. Cook; Mary C. Daly; Philip N. Jefferson; Adriana D. Kugler; Loretta J. Mester; and Christopher J. Waller.","Concurrence proves support for the action, not ideology"
2024-06-12,John C. Williams,FOR,HOLD,CONCUR,HOLD,0,VOTE_ACTION_PROXY,https://www.federalreserve.gov/newsevents/pressreleases/monetary20240612a.htm,raw/statements/monetary20240612a.htm,"Voting for the monetary policy action were Jerome H. Powell, Chair; John C. Williams, Vice Chair; Thomas I. Barkin; Michael S. Barr; Raphael W. Bostic; Michelle W. Bowman; Lisa D. Cook; Mary C. Daly; Philip N. Jefferson; Adriana D. Kugler; Loretta J. Mester; and Christopher J. Waller.","Concurrence proves support for the action, not ideology"
2024-06-12,Lisa D. Cook,FOR,HOLD,CONCUR,HOLD,0,VOTE_ACTION_PROXY,https://www.federalreserve.gov/newsevents/pressreleases/monetary20240612a.htm,raw/statements/monetary20240612a.htm,"Voting for the monetary policy action were Jerome H. Powell, Chair; John C. Williams, Vice Chair; Thomas I. Barkin; Michael S. Barr; Raphael W. Bostic; Michelle W. Bowman; Lisa D. Cook; Mary C. Daly; Philip N. Jefferson; Adriana D. Kugler; Loretta J. Mester; and Christopher J. Waller.","Concurrence proves support for the action, not ideology"
2024-06-12,Loretta J. Mester,FOR,HOLD,CONCUR,HOLD,0,VOTE_ACTION_PROXY,https://www.federalreserve.gov/newsevents/pressreleases/monetary20240612a.htm,raw/statements/monetary20240612a.htm,"Voting for the monetary policy action were Jerome H. Powell, Chair; John C. Williams, Vice Chair; Thomas I. Barkin; Michael S. Barr; Raphael W. Bostic; Michelle W. Bowman; Lisa D. Cook; Mary C. Daly; Philip N. Jefferson; Adriana D. Kugler; Loretta J. Mester; and Christopher J. Waller.","Concurrence proves support for the action, not ideology"
2024-06-12,Mary C. Daly,FOR,HOLD,CONCUR,HOLD,0,VOTE_ACTION_PROXY,https://www.federalreserve.gov/newsevents/pressreleases/monetary20240612a.htm,raw/statements/monetary20240612a.htm,"Voting for the monetary policy action were Jerome H. Powell, Chair; John C. Williams, Vice Chair; Thomas I. Barkin; Michael S. Barr; Raphael W. Bostic; Michelle W. Bowman; Lisa D. Cook; Mary C. Daly; Philip N. Jefferson; Adriana D. Kugler; Loretta J. Mester; and Christopher J. Waller.","Concurrence proves support for the action, not ideology"
2024-06-12,Michael S. Barr,FOR,HOLD,CONCUR,HOLD,0,VOTE_ACTION_PROXY,https://www.federalreserve.gov/newsevents/pressreleases/monetary20240612a.htm,raw/statements/monetary20240612a.htm,"Voting for the monetary policy action were Jerome H. Powell, Chair; John C. Williams, Vice Chair; Thomas I. Barkin; Michael S. Barr; Raphael W. Bostic; Michelle W. Bowman; Lisa D. Cook; Mary C. Daly; Philip N. Jefferson; Adriana D. Kugler; Loretta J. Mester; and Christopher J. Waller.","Concurrence proves support for the action, not ideology"
2024-06-12,Michelle W. Bowman,FOR,HOLD,CONCUR,HOLD,0,VOTE_ACTION_PROXY,https://www.federalreserve.gov/newsevents/pressreleases/monetary20240612a.htm,raw/statements/monetary20240612a.htm,"Voting for the monetary policy action were Jerome H. Powell, Chair; John C. Williams, Vice Chair; Thomas I. Barkin; Michael S. Barr; Raphael W. Bostic; Michelle W. Bowman; Lisa D. Cook; Mary C. Daly; Philip N. Jefferson; Adriana D. Kugler; Loretta J. Mester; and Christopher J. Waller.","Concurrence proves support for the action, not ideology"
2024-06-12,Philip N. Jefferson,FOR,HOLD,CONCUR,HOLD,0,VOTE_ACTION_PROXY,https://www.federalreserve.gov/newsevents/pressreleases/monetary20240612a.htm,raw/statements/monetary20240612a.htm,"Voting for the monetary policy action were Jerome H. Powell, Chair; John C. Williams, Vice Chair; Thomas I. Barkin; Michael S. Barr; Raphael W. Bostic; Michelle W. Bowman; Lisa D. Cook; Mary C. Daly; Philip N. Jefferson; Adriana D. Kugler; Loretta J. Mester; and Christopher J. Waller.","Concurrence proves support for the action, not ideology"
2024-06-12,Raphael W. Bostic,FOR,HOLD,CONCUR,HOLD,0,VOTE_ACTION_PROXY,https://www.federalreserve.gov/newsevents/pressreleases/monetary20240612a.htm,raw/statements/monetary20240612a.htm,"Voting for the monetary policy action were Jerome H. Powell, Chair; John C. Williams, Vice Chair; Thomas I. Barkin; Michael S. Barr; Raphael W. Bostic; Michelle W. Bowman; Lisa D. Cook; Mary C. Daly; Philip N. Jefferson; Adriana D. Kugler; Loretta J. Mester; and Christopher J. Waller.","Concurrence proves support for the action, not ideology"
2024-06-12,Thomas I. Barkin,FOR,HOLD,CONCUR,HOLD,0,VOTE_ACTION_PROXY,https://www.federalreserve.gov/newsevents/pressreleases/monetary20240612a.htm,raw/statements/monetary20240612a.htm,"Voting for the monetary policy action were Jerome H. Powell, Chair; John C. Williams, Vice Chair; Thomas I. Barkin; Michael S. Barr; Raphael W. Bostic; Michelle W. Bowman; Lisa D. Cook; Mary C. Daly; Philip N. Jefferson; Adriana D. Kugler; Loretta J. Mester; and Christopher J. Waller.","Concurrence proves support for the action, not ideology"
2024-07-31,Adriana D. Kugler,FOR,HOLD,CONCUR,HOLD,0,VOTE_ACTION_PROXY,https://www.federalreserve.gov/newsevents/pressreleases/monetary20240731a.htm,raw/statements/monetary20240731a.htm,"Voting for the monetary policy action were Jerome H. Powell, Chair; John C. Williams, Vice Chair; Thomas I. Barkin; Michael S. Barr; Raphael W. Bostic; Michelle W. Bowman; Lisa D. Cook; Mary C. Daly; Austan D. Goolsbee; Philip N. Jefferson; Adriana D. Kugler; and Christopher J. Waller. Austan D. Goolsbee voted as an alternate member at this meeting.","Concurrence proves support for the action, not ideology"
2024-07-31,Austan D. Goolsbee,FOR,HOLD,CONCUR,HOLD,0,VOTE_ACTION_PROXY,https://www.federalreserve.gov/newsevents/pressreleases/monetary20240731a.htm,raw/statements/monetary20240731a.htm,"Voting for the monetary policy action were Jerome H. Powell, Chair; John C. Williams, Vice Chair; Thomas I. Barkin; Michael S. Barr; Raphael W. Bostic; Michelle W. Bowman; Lisa D. Cook; Mary C. Daly; Austan D. Goolsbee; Philip N. Jefferson; Adriana D. Kugler; and Christopher J. Waller. Austan D. Goolsbee voted as an alternate member at this meeting.","Concurrence proves support for the action, not ideology"
2024-07-31,Jerome H. Powell,FOR,HOLD,CONCUR,HOLD,0,VOTE_ACTION_PROXY,https://www.federalreserve.gov/newsevents/pressreleases/monetary20240731a.htm,raw/statements/monetary20240731a.htm,"Voting for the monetary policy action were Jerome H. Powell, Chair; John C. Williams, Vice Chair; Thomas I. Barkin; Michael S. Barr; Raphael W. Bostic; Michelle W. Bowman; Lisa D. Cook; Mary C. Daly; Austan D. Goolsbee; Philip N. Jefferson; Adriana D. Kugler; and Christopher J. Waller. Austan D. Goolsbee voted as an alternate member at this meeting.","Concurrence proves support for the action, not ideology"
2024-07-31,John C. Williams,FOR,HOLD,CONCUR,HOLD,0,VOTE_ACTION_PROXY,https://www.federalreserve.gov/newsevents/pressreleases/monetary20240731a.htm,raw/statements/monetary20240731a.htm,"Voting for the monetary policy action were Jerome H. Powell, Chair; John C. Williams, Vice Chair; Thomas I. Barkin; Michael S. Barr; Raphael W. Bostic; Michelle W. Bowman; Lisa D. Cook; Mary C. Daly; Austan D. Goolsbee; Philip N. Jefferson; Adriana D. Kugler; and Christopher J. Waller. Austan D. Goolsbee voted as an alternate member at this meeting.","Concurrence proves support for the action, not ideology"
2024-07-31,Lisa D. Cook,FOR,HOLD,CONCUR,HOLD,0,VOTE_ACTION_PROXY,https://www.federalreserve.gov/newsevents/pressreleases/monetary20240731a.htm,raw/statements/monetary20240731a.htm,"Voting for the monetary policy action were Jerome H. Powell, Chair; John C. Williams, Vice Chair; Thomas I. Barkin; Michael S. Barr; Raphael W. Bostic; Michelle W. Bowman; Lisa D. Cook; Mary C. Daly; Austan D. Goolsbee; Philip N. Jefferson; Adriana D. Kugler; and Christopher J. Waller. Austan D. Goolsbee voted as an alternate member at this meeting.","Concurrence proves support for the action, not ideology"
2024-07-31,Mary C. Daly,FOR,HOLD,CONCUR,HOLD,0,VOTE_ACTION_PROXY,https://www.federalreserve.gov/newsevents/pressreleases/monetary20240731a.htm,raw/statements/monetary20240731a.htm,"Voting for the monetary policy action were Jerome H. Powell, Chair; John C. Williams, Vice Chair; Thomas I. Barkin; Michael S. Barr; Raphael W. Bostic; Michelle W. Bowman; Lisa D. Cook; Mary C. Daly; Austan D. Goolsbee; Philip N. Jefferson; Adriana D. Kugler; and Christopher J. Waller. Austan D. Goolsbee voted as an alternate member at this meeting.","Concurrence proves support for the action, not ideology"
2024-07-31,Michael S. Barr,FOR,HOLD,CONCUR,HOLD,0,VOTE_ACTION_PROXY,https://www.federalreserve.gov/newsevents/pressreleases/monetary20240731a.htm,raw/statements/monetary20240731a.htm,"Voting for the monetary policy action were Jerome H. Powell, Chair; John C. Williams, Vice Chair; Thomas I. Barkin; Michael S. Barr; Raphael W. Bostic; Michelle W. Bowman; Lisa D. Cook; Mary C. Daly; Austan D. Goolsbee; Philip N. Jefferson; Adriana D. Kugler; and Christopher J. Waller. Austan D. Goolsbee voted as an alternate member at this meeting.","Concurrence proves support for the action, not ideology"
2024-07-31,Michelle W. Bowman,FOR,HOLD,CONCUR,HOLD,0,VOTE_ACTION_PROXY,https://www.federalreserve.gov/newsevents/pressreleases/monetary20240731a.htm,raw/statements/monetary20240731a.htm,"Voting for the monetary policy action were Jerome H. Powell, Chair; John C. Williams, Vice Chair; Thomas I. Barkin; Michael S. Barr; Raphael W. Bostic; Michelle W. Bowman; Lisa D. Cook; Mary C. Daly; Austan D. Goolsbee; Philip N. Jefferson; Adriana D. Kugler; and Christopher J. Waller. Austan D. Goolsbee voted as an alternate member at this meeting.","Concurrence proves support for the action, not ideology"
2024-07-31,Philip N. Jefferson,FOR,HOLD,CONCUR,HOLD,0,VOTE_ACTION_PROXY,https://www.federalreserve.gov/newsevents/pressreleases/monetary20240731a.htm,raw/statements/monetary20240731a.htm,"Voting for the monetary policy action were Jerome H. Powell, Chair; John C. Williams, Vice Chair; Thomas I. Barkin; Michael S. Barr; Raphael W. Bostic; Michelle W. Bowman; Lisa D. Cook; Mary C. Daly; Austan D. Goolsbee; Philip N. Jefferson; Adriana D. Kugler; and Christopher J. Waller. Austan D. Goolsbee voted as an alternate member at this meeting.","Concurrence proves support for the action, not ideology"
2024-07-31,Raphael W. Bostic,FOR,HOLD,CONCUR,HOLD,0,VOTE_ACTION_PROXY,https://www.federalreserve.gov/newsevents/pressreleases/monetary20240731a.htm,raw/statements/monetary20240731a.htm,"Voting for the monetary policy action were Jerome H. Powell, Chair; John C. Williams, Vice Chair; Thomas I. Barkin; Michael S. Barr; Raphael W. Bostic; Michelle W. Bowman; Lisa D. Cook; Mary C. Daly; Austan D. Goolsbee; Philip N. Jefferson; Adriana D. Kugler; and Christopher J. Waller. Austan D. Goolsbee voted as an alternate member at this meeting.","Concurrence proves support for the action, not ideology"
2024-07-31,Thomas I. Barkin,FOR,HOLD,CONCUR,HOLD,0,VOTE_ACTION_PROXY,https://www.federalreserve.gov/newsevents/pressreleases/monetary20240731a.htm,raw/statements/monetary20240731a.htm,"Voting for the monetary policy action were Jerome H. Powell, Chair; John C. Williams, Vice Chair; Thomas I. Barkin; Michael S. Barr; Raphael W. Bostic; Michelle W. Bowman; Lisa D. Cook; Mary C. Daly; Austan D. Goolsbee; Philip N. Jefferson; Adriana D. Kugler; and Christopher J. Waller. Austan D. Goolsbee voted as an alternate member at this meeting.","Concurrence proves support for the action, not ideology"
2024-09-18,Adriana D. Kugler,FOR,CUT,CONCUR,CUT,-1,VOTE_ACTION_PROXY,https://www.federalreserve.gov/newsevents/pressreleases/monetary20240918a.htm,raw/statements/monetary20240918a.htm,"Voting for the monetary policy action were Jerome H. Powell, Chair; John C. Williams, Vice Chair; Thomas I. Barkin; Michael S. Barr; Raphael W. Bostic; Lisa D. Cook; Mary C. Daly; Beth M. Hammack; Philip N. Jefferson; Adriana D. Kugler; and Christopher J. Waller. Voting against this action was Michelle W. Bowman, who preferred to lower the target range for the federal funds rate by 1/4 percentage point at this meeting.","Concurrence proves support for the action, not ideology"
2024-09-18,Beth M. Hammack,FOR,CUT,CONCUR,CUT,-1,VOTE_ACTION_PROXY,https://www.federalreserve.gov/newsevents/pressreleases/monetary20240918a.htm,raw/statements/monetary20240918a.htm,"Voting for the monetary policy action were Jerome H. Powell, Chair; John C. Williams, Vice Chair; Thomas I. Barkin; Michael S. Barr; Raphael W. Bostic; Lisa D. Cook; Mary C. Daly; Beth M. Hammack; Philip N. Jefferson; Adriana D. Kugler; and Christopher J. Waller. Voting against this action was Michelle W. Bowman, who preferred to lower the target range for the federal funds rate by 1/4 percentage point at this meeting.","Concurrence proves support for the action, not ideology"
2024-09-18,Christopher J. Waller,FOR,CUT,CONCUR,CUT,-1,VOTE_ACTION_PROXY,https://www.federalreserve.gov/newsevents/pressreleases/monetary20240918a.htm,raw/statements/monetary20240918a.htm,"Voting for the monetary policy action were Jerome H. Powell, Chair; John C. Williams, Vice Chair; Thomas I. Barkin; Michael S. Barr; Raphael W. Bostic; Lisa D. Cook; Mary C. Daly; Beth M. Hammack; Philip N. Jefferson; Adriana D. Kugler; and Christopher J. Waller. Voting against this action was Michelle W. Bowman, who preferred to lower the target range for the federal funds rate by 1/4 percentage point at this meeting.","Concurrence proves support for the action, not ideology"
2024-09-18,Jerome H. Powell,FOR,CUT,CONCUR,CUT,-1,VOTE_ACTION_PROXY,https://www.federalreserve.gov/newsevents/pressreleases/monetary20240918a.htm,raw/statements/monetary20240918a.htm,"Voting for the monetary policy action were Jerome H. Powell, Chair; John C. Williams, Vice Chair; Thomas I. Barkin; Michael S. Barr; Raphael W. Bostic; Lisa D. Cook; Mary C. Daly; Beth M. Hammack; Philip N. Jefferson; Adriana D. Kugler; and Christopher J. Waller. Voting against this action was Michelle W. Bowman, who preferred to lower the target range for the federal funds rate by 1/4 percentage point at this meeting.","Concurrence proves support for the action, not ideology"
2024-09-18,John C. Williams,FOR,CUT,CONCUR,CUT,-1,VOTE_ACTION_PROXY,https://www.federalreserve.gov/newsevents/pressreleases/monetary20240918a.htm,raw/statements/monetary20240918a.htm,"Voting for the monetary policy action were Jerome H. Powell, Chair; John C. Williams, Vice Chair; Thomas I. Barkin; Michael S. Barr; Raphael W. Bostic; Lisa D. Cook; Mary C. Daly; Beth M. Hammack; Philip N. Jefferson; Adriana D. Kugler; and Christopher J. Waller. Voting against this action was Michelle W. Bowman, who preferred to lower the target range for the federal funds rate by 1/4 percentage point at this meeting.","Concurrence proves support for the action, not ideology"
2024-09-18,Lisa D. Cook,FOR,CUT,CONCUR,CUT,-1,VOTE_ACTION_PROXY,https://www.federalreserve.gov/newsevents/pressreleases/monetary20240918a.htm,raw/statements/monetary20240918a.htm,"Voting for the monetary policy action were Jerome H. Powell, Chair; John C. Williams, Vice Chair; Thomas I. Barkin; Michael S. Barr; Raphael W. Bostic; Lisa D. Cook; Mary C. Daly; Beth M. Hammack; Philip N. Jefferson; Adriana D. Kugler; and Christopher J. Waller. Voting against this action was Michelle W. Bowman, who preferred to lower the target range for the federal funds rate by 1/4 percentage point at this meeting.","Concurrence proves support for the action, not ideology"
2024-09-18,Mary C. Daly,FOR,CUT,CONCUR,CUT,-1,VOTE_ACTION_PROXY,https://www.federalreserve.gov/newsevents/pressreleases/monetary20240918a.htm,raw/statements/monetary20240918a.htm,"Voting for the monetary policy action were Jerome H. Powell, Chair; John C. Williams, Vice Chair; Thomas I. Barkin; Michael S. Barr; Raphael W. Bostic; Lisa D. Cook; Mary C. Daly; Beth M. Hammack; Philip N. Jefferson; Adriana D. Kugler; and Christopher J. Waller. Voting against this action was Michelle W. Bowman, who preferred to lower the target range for the federal funds rate by 1/4 percentage point at this meeting.","Concurrence proves support for the action, not ideology"
2024-09-18,Michael S. Barr,FOR,CUT,CONCUR,CUT,-1,VOTE_ACTION_PROXY,https://www.federalreserve.gov/newsevents/pressreleases/monetary20240918a.htm,raw/statements/monetary20240918a.htm,"Voting for the monetary policy action were Jerome H. Powell, Chair; John C. Williams, Vice Chair; Thomas I. Barkin; Michael S. Barr; Raphael W. Bostic; Lisa D. Cook; Mary C. Daly; Beth M. Hammack; Philip N. Jefferson; Adriana D. Kugler; and Christopher J. Waller. Voting against this action was Michelle W. Bowman, who preferred to lower the target range for the federal funds rate by 1/4 percentage point at this meeting.","Concurrence proves support for the action, not ideology"
2024-09-18,Michelle W. Bowman,AGAINST,CUT,TIGHTER,CUT_25BP,2,VOTE_DISSENT,https://www.federalreserve.gov/newsevents/pressreleases/monetary20240918a.htm,raw/statements/monetary20240918a.htm,"Voting for the monetary policy action were Jerome H. Powell, Chair; John C. Williams, Vice Chair; Thomas I. Barkin; Michael S. Barr; Raphael W. Bostic; Lisa D. Cook; Mary C. Daly; Beth M. Hammack; Philip N. Jefferson; Adriana D. Kugler; and Christopher J. Waller. Voting against this action was Michelle W. Bowman, who preferred to lower the target range for the federal funds rate by 1/4 percentage point at this meeting.",Preferred a smaller cut than the committee's 50bp cut
2024-09-18,Philip N. Jefferson,FOR,CUT,CONCUR,CUT,-1,VOTE_ACTION_PROXY,https://www.federalreserve.gov/newsevents/pressreleases/monetary20240918a.htm,raw/statements/monetary20240918a.htm,"Voting for the monetary policy action were Jerome H. Powell, Chair; John C. Williams, Vice Chair; Thomas I. Barkin; Michael S. Barr; Raphael W. Bostic; Lisa D. Cook; Mary C. Daly; Beth M. Hammack; Philip N. Jefferson; Adriana D. Kugler; and Christopher J. Waller. Voting against this action was Michelle W. Bowman, who preferred to lower the target range for the federal funds rate by 1/4 percentage point at this meeting.","Concurrence proves support for the action, not ideology"
2024-09-18,Raphael W. Bostic,FOR,CUT,CONCUR,CUT,-1,VOTE_ACTION_PROXY,https://www.federalreserve.gov/newsevents/pressreleases/monetary20240918a.htm,raw/statements/monetary20240918a.htm,"Voting for the monetary policy action were Jerome H. Powell, Chair; John C. Williams, Vice Chair; Thomas I. Barkin; Michael S. Barr; Raphael W. Bostic; Lisa D. Cook; Mary C. Daly; Beth M. Hammack; Philip N. Jefferson; Adriana D. Kugler; and Christopher J. Waller. Voting against this action was Michelle W. Bowman, who preferred to lower the target range for the federal funds rate by 1/4 percentage point at this meeting.","Concurrence proves support for the action, not ideology"
2024-09-18,Thomas I. Barkin,FOR,CUT,CONCUR,CUT,-1,VOTE_ACTION_PROXY,https://www.federalreserve.gov/newsevents/pressreleases/monetary20240918a.htm,raw/statements/monetary20240918a.htm,"Voting for the monetary policy action were Jerome H. Powell, Chair; John C. Williams, Vice Chair; Thomas I. Barkin; Michael S. Barr; Raphael W. Bostic; Lisa D. Cook; Mary C. Daly; Beth M. Hammack; Philip N. Jefferson; Adriana D. Kugler; and Christopher J. Waller. Voting against this action was Michelle W. Bowman, who preferred to lower the target range for the federal funds rate by 1/4 percentage point at this meeting.","Concurrence proves support for the action, not ideology"
2024-11-07,Adriana D. Kugler,FOR,CUT,CONCUR,CUT,-1,VOTE_ACTION_PROXY,https://www.federalreserve.gov/newsevents/pressreleases/monetary20241107a.htm,raw/statements/monetary20241107a.htm,"Voting for the monetary policy action were Jerome H. Powell, Chair; John C. Williams, Vice Chair; Thomas I. Barkin; Michael S. Barr; Raphael W. Bostic; Michelle W. Bowman; Lisa D. Cook; Mary C. Daly; Beth M. Hammack; Philip N. Jefferson; Adriana D. Kugler; and Christopher J. Waller.","Concurrence proves support for the action, not ideology"
2024-11-07,Beth M. Hammack,FOR,CUT,CONCUR,CUT,-1,VOTE_ACTION_PROXY,https://www.federalreserve.gov/newsevents/pressreleases/monetary20241107a.htm,raw/statements/monetary20241107a.htm,"Voting for the monetary policy action were Jerome H. Powell, Chair; John C. Williams, Vice Chair; Thomas I. Barkin; Michael S. Barr; Raphael W. Bostic; Michelle W. Bowman; Lisa D. Cook; Mary C. Daly; Beth M. Hammack; Philip N. Jefferson; Adriana D. Kugler; and Christopher J. Waller.","Concurrence proves support for the action, not ideology"
2024-11-07,Christopher J. Waller,FOR,CUT,CONCUR,CUT,-1,VOTE_ACTION_PROXY,https://www.federalreserve.gov/newsevents/pressreleases/monetary20241107a.htm,raw/statements/monetary20241107a.htm,"Voting for the monetary policy action were Jerome H. Powell, Chair; John C. Williams, Vice Chair; Thomas I. Barkin; Michael S. Barr; Raphael W. Bostic; Michelle W. Bowman; Lisa D. Cook; Mary C. Daly; Beth M. Hammack; Philip N. Jefferson; Adriana D. Kugler; and Christopher J. Waller.","Concurrence proves support for the action, not ideology"
2024-11-07,Jerome H. Powell,FOR,CUT,CONCUR,CUT,-1,VOTE_ACTION_PROXY,https://www.federalreserve.gov/newsevents/pressreleases/monetary20241107a.htm,raw/statements/monetary20241107a.htm,"Voting for the monetary policy action were Jerome H. Powell, Chair; John C. Williams, Vice Chair; Thomas I. Barkin; Michael S. Barr; Raphael W. Bostic; Michelle W. Bowman; Lisa D. Cook; Mary C. Daly; Beth M. Hammack; Philip N. Jefferson; Adriana D. Kugler; and Christopher J. Waller.","Concurrence proves support for the action, not ideology"
2024-11-07,John C. Williams,FOR,CUT,CONCUR,CUT,-1,VOTE_ACTION_PROXY,https://www.federalreserve.gov/newsevents/pressreleases/monetary20241107a.htm,raw/statements/monetary20241107a.htm,"Voting for the monetary policy action were Jerome H. Powell, Chair; John C. Williams, Vice Chair; Thomas I. Barkin; Michael S. Barr; Raphael W. Bostic; Michelle W. Bowman; Lisa D. Cook; Mary C. Daly; Beth M. Hammack; Philip N. Jefferson; Adriana D. Kugler; and Christopher J. Waller.","Concurrence proves support for the action, not ideology"
2024-11-07,Lisa D. Cook,FOR,CUT,CONCUR,CUT,-1,VOTE_ACTION_PROXY,https://www.federalreserve.gov/newsevents/pressreleases/monetary20241107a.htm,raw/statements/monetary20241107a.htm,"Voting for the monetary policy action were Jerome H. Powell, Chair; John C. Williams, Vice Chair; Thomas I. Barkin; Michael S. Barr; Raphael W. Bostic; Michelle W. Bowman; Lisa D. Cook; Mary C. Daly; Beth M. Hammack; Philip N. Jefferson; Adriana D. Kugler; and Christopher J. Waller.","Concurrence proves support for the action, not ideology"
2024-11-07,Mary C. Daly,FOR,CUT,CONCUR,CUT,-1,VOTE_ACTION_PROXY,https://www.federalreserve.gov/newsevents/pressreleases/monetary20241107a.htm,raw/statements/monetary20241107a.htm,"Voting for the monetary policy action were Jerome H. Powell, Chair; John C. Williams, Vice Chair; Thomas I. Barkin; Michael S. Barr; Raphael W. Bostic; Michelle W. Bowman; Lisa D. Cook; Mary C. Daly; Beth M. Hammack; Philip N. Jefferson; Adriana D. Kugler; and Christopher J. Waller.","Concurrence proves support for the action, not ideology"
2024-11-07,Michael S. Barr,FOR,CUT,CONCUR,CUT,-1,VOTE_ACTION_PROXY,https://www.federalreserve.gov/newsevents/pressreleases/monetary20241107a.htm,raw/statements/monetary20241107a.htm,"Voting for the monetary policy action were Jerome H. Powell, Chair; John C. Williams, Vice Chair; Thomas I. Barkin; Michael S. Barr; Raphael W. Bostic; Michelle W. Bowman; Lisa D. Cook; Mary C. Daly; Beth M. Hammack; Philip N. Jefferson; Adriana D. Kugler; and Christopher J. Waller.","Concurrence proves support for the action, not ideology"
2024-11-07,Michelle W. Bowman,FOR,CUT,CONCUR,CUT,-1,VOTE_ACTION_PROXY,https://www.federalreserve.gov/newsevents/pressreleases/monetary20241107a.htm,raw/statements/monetary20241107a.htm,"Voting for the monetary policy action were Jerome H. Powell, Chair; John C. Williams, Vice Chair; Thomas I. Barkin; Michael S. Barr; Raphael W. Bostic; Michelle W. Bowman; Lisa D. Cook; Mary C. Daly; Beth M. Hammack; Philip N. Jefferson; Adriana D. Kugler; and Christopher J. Waller.","Concurrence proves support for the action, not ideology"
2024-11-07,Philip N. Jefferson,FOR,CUT,CONCUR,CUT,-1,VOTE_ACTION_PROXY,https://www.federalreserve.gov/newsevents/pressreleases/monetary20241107a.htm,raw/statements/monetary20241107a.htm,"Voting for the monetary policy action were Jerome H. Powell, Chair; John C. Williams, Vice Chair; Thomas I. Barkin; Michael S. Barr; Raphael W. Bostic; Michelle W. Bowman; Lisa D. Cook; Mary C. Daly; Beth M. Hammack; Philip N. Jefferson; Adriana D. Kugler; and Christopher J. Waller.","Concurrence proves support for the action, not ideology"
2024-11-07,Raphael W. Bostic,FOR,CUT,CONCUR,CUT,-1,VOTE_ACTION_PROXY,https://www.federalreserve.gov/newsevents/pressreleases/monetary20241107a.htm,raw/statements/monetary20241107a.htm,"Voting for the monetary policy action were Jerome H. Powell, Chair; John C. Williams, Vice Chair; Thomas I. Barkin; Michael S. Barr; Raphael W. Bostic; Michelle W. Bowman; Lisa D. Cook; Mary C. Daly; Beth M. Hammack; Philip N. Jefferson; Adriana D. Kugler; and Christopher J. Waller.","Concurrence proves support for the action, not ideology"
2024-11-07,Thomas I. Barkin,FOR,CUT,CONCUR,CUT,-1,VOTE_ACTION_PROXY,https://www.federalreserve.gov/newsevents/pressreleases/monetary20241107a.htm,raw/statements/monetary20241107a.htm,"Voting for the monetary policy action were Jerome H. Powell, Chair; John C. Williams, Vice Chair; Thomas I. Barkin; Michael S. Barr; Raphael W. Bostic; Michelle W. Bowman; Lisa D. Cook; Mary C. Daly; Beth M. Hammack; Philip N. Jefferson; Adriana D. Kugler; and Christopher J. Waller.","Concurrence proves support for the action, not ideology"
2024-12-18,Adriana D. Kugler,FOR,CUT,CONCUR,CUT,-1,VOTE_ACTION_PROXY,https://www.federalreserve.gov/newsevents/pressreleases/monetary20241218a.htm,raw/statements/monetary20241218a.htm,"Voting for the monetary policy action were Jerome H. Powell, Chair; John C. Williams, Vice Chair; Thomas I. Barkin; Michael S. Barr; Raphael W. Bostic; Michelle W. Bowman; Lisa D. Cook; Mary C. Daly; Philip N. Jefferson; Adriana D. Kugler; and Christopher J. Waller. Voting against the action was Beth M. Hammack, who preferred to maintain the target range for the federal funds rate at 4-1/2 to 4-3/4 percent.","Concurrence proves support for the action, not ideology"
2024-12-18,Beth M. Hammack,AGAINST,CUT,TIGHTER,HOLD,2,VOTE_DISSENT,https://www.federalreserve.gov/newsevents/pressreleases/monetary20241218a.htm,raw/statements/monetary20241218a.htm,"Voting for the monetary policy action were Jerome H. Powell, Chair; John C. Williams, Vice Chair; Thomas I. Barkin; Michael S. Barr; Raphael W. Bostic; Michelle W. Bowman; Lisa D. Cook; Mary C. Daly; Philip N. Jefferson; Adriana D. Kugler; and Christopher J. Waller. Voting against the action was Beth M. Hammack, who preferred to maintain the target range for the federal funds rate at 4-1/2 to 4-3/4 percent.",Preferred no cut while the committee cut 25bp
2024-12-18,Christopher J. Waller,FOR,CUT,CONCUR,CUT,-1,VOTE_ACTION_PROXY,https://www.federalreserve.gov/newsevents/pressreleases/monetary20241218a.htm,raw/statements/monetary20241218a.htm,"Voting for the monetary policy action were Jerome H. Powell, Chair; John C. Williams, Vice Chair; Thomas I. Barkin; Michael S. Barr; Raphael W. Bostic; Michelle W. Bowman; Lisa D. Cook; Mary C. Daly; Philip N. Jefferson; Adriana D. Kugler; and Christopher J. Waller. Voting against the action was Beth M. Hammack, who preferred to maintain the target range for the federal funds rate at 4-1/2 to 4-3/4 percent.","Concurrence proves support for the action, not ideology"
2024-12-18,Jerome H. Powell,FOR,CUT,CONCUR,CUT,-1,VOTE_ACTION_PROXY,https://www.federalreserve.gov/newsevents/pressreleases/monetary20241218a.htm,raw/statements/monetary20241218a.htm,"Voting for the monetary policy action were Jerome H. Powell, Chair; John C. Williams, Vice Chair; Thomas I. Barkin; Michael S. Barr; Raphael W. Bostic; Michelle W. Bowman; Lisa D. Cook; Mary C. Daly; Philip N. Jefferson; Adriana D. Kugler; and Christopher J. Waller. Voting against the action was Beth M. Hammack, who preferred to maintain the target range for the federal funds rate at 4-1/2 to 4-3/4 percent.","Concurrence proves support for the action, not ideology"
2024-12-18,John C. Williams,FOR,CUT,CONCUR,CUT,-1,VOTE_ACTION_PROXY,https://www.federalreserve.gov/newsevents/pressreleases/monetary20241218a.htm,raw/statements/monetary20241218a.htm,"Voting for the monetary policy action were Jerome H. Powell, Chair; John C. Williams, Vice Chair; Thomas I. Barkin; Michael S. Barr; Raphael W. Bostic; Michelle W. Bowman; Lisa D. Cook; Mary C. Daly; Philip N. Jefferson; Adriana D. Kugler; and Christopher J. Waller. Voting against the action was Beth M. Hammack, who preferred to maintain the target range for the federal funds rate at 4-1/2 to 4-3/4 percent.","Concurrence proves support for the action, not ideology"
2024-12-18,Lisa D. Cook,FOR,CUT,CONCUR,CUT,-1,VOTE_ACTION_PROXY,https://www.federalreserve.gov/newsevents/pressreleases/monetary20241218a.htm,raw/statements/monetary20241218a.htm,"Voting for the monetary policy action were Jerome H. Powell, Chair; John C. Williams, Vice Chair; Thomas I. Barkin; Michael S. Barr; Raphael W. Bostic; Michelle W. Bowman; Lisa D. Cook; Mary C. Daly; Philip N. Jefferson; Adriana D. Kugler; and Christopher J. Waller. Voting against the action was Beth M. Hammack, who preferred to maintain the target range for the federal funds rate at 4-1/2 to 4-3/4 percent.","Concurrence proves support for the action, not ideology"
2024-12-18,Mary C. Daly,FOR,CUT,CONCUR,CUT,-1,VOTE_ACTION_PROXY,https://www.federalreserve.gov/newsevents/pressreleases/monetary20241218a.htm,raw/statements/monetary20241218a.htm,"Voting for the monetary policy action were Jerome H. Powell, Chair; John C. Williams, Vice Chair; Thomas I. Barkin; Michael S. Barr; Raphael W. Bostic; Michelle W. Bowman; Lisa D. Cook; Mary C. Daly; Philip N. Jefferson; Adriana D. Kugler; and Christopher J. Waller. Voting against the action was Beth M. Hammack, who preferred to maintain the target range for the federal funds rate at 4-1/2 to 4-3/4 percent.","Concurrence proves support for the action, not ideology"
2024-12-18,Michael S. Barr,FOR,CUT,CONCUR,CUT,-1,VOTE_ACTION_PROXY,https://www.federalreserve.gov/newsevents/pressreleases/monetary20241218a.htm,raw/statements/monetary20241218a.htm,"Voting for the monetary policy action were Jerome H. Powell, Chair; John C. Williams, Vice Chair; Thomas I. Barkin; Michael S. Barr; Raphael W. Bostic; Michelle W. Bowman; Lisa D. Cook; Mary C. Daly; Philip N. Jefferson; Adriana D. Kugler; and Christopher J. Waller. Voting against the action was Beth M. Hammack, who preferred to maintain the target range for the federal funds rate at 4-1/2 to 4-3/4 percent.","Concurrence proves support for the action, not ideology"
2024-12-18,Michelle W. Bowman,FOR,CUT,CONCUR,CUT,-1,VOTE_ACTION_PROXY,https://www.federalreserve.gov/newsevents/pressreleases/monetary20241218a.htm,raw/statements/monetary20241218a.htm,"Voting for the monetary policy action were Jerome H. Powell, Chair; John C. Williams, Vice Chair; Thomas I. Barkin; Michael S. Barr; Raphael W. Bostic; Michelle W. Bowman; Lisa D. Cook; Mary C. Daly; Philip N. Jefferson; Adriana D. Kugler; and Christopher J. Waller. Voting against the action was Beth M. Hammack, who preferred to maintain the target range for the federal funds rate at 4-1/2 to 4-3/4 percent.","Concurrence proves support for the action, not ideology"
2024-12-18,Philip N. Jefferson,FOR,CUT,CONCUR,CUT,-1,VOTE_ACTION_PROXY,https://www.federalreserve.gov/newsevents/pressreleases/monetary20241218a.htm,raw/statements/monetary20241218a.htm,"Voting for the monetary policy action were Jerome H. Powell, Chair; John C. Williams, Vice Chair; Thomas I. Barkin; Michael S. Barr; Raphael W. Bostic; Michelle W. Bowman; Lisa D. Cook; Mary C. Daly; Philip N. Jefferson; Adriana D. Kugler; and Christopher J. Waller. Voting against the action was Beth M. Hammack, who preferred to maintain the target range for the federal funds rate at 4-1/2 to 4-3/4 percent.","Concurrence proves support for the action, not ideology"
2024-12-18,Raphael W. Bostic,FOR,CUT,CONCUR,CUT,-1,VOTE_ACTION_PROXY,https://www.federalreserve.gov/newsevents/pressreleases/monetary20241218a.htm,raw/statements/monetary20241218a.htm,"Voting for the monetary policy action were Jerome H. Powell, Chair; John C. Williams, Vice Chair; Thomas I. Barkin; Michael S. Barr; Raphael W. Bostic; Michelle W. Bowman; Lisa D. Cook; Mary C. Daly; Philip N. Jefferson; Adriana D. Kugler; and Christopher J. Waller. Voting against the action was Beth M. Hammack, who preferred to maintain the target range for the federal funds rate at 4-1/2 to 4-3/4 percent.","Concurrence proves support for the action, not ideology"
2024-12-18,Thomas I. Barkin,FOR,CUT,CONCUR,CUT,-1,VOTE_ACTION_PROXY,https://www.federalreserve.gov/newsevents/pressreleases/monetary20241218a.htm,raw/statements/monetary20241218a.htm,"Voting for the monetary policy action were Jerome H. Powell, Chair; John C. Williams, Vice Chair; Thomas I. Barkin; Michael S. Barr; Raphael W. Bostic; Michelle W. Bowman; Lisa D. Cook; Mary C. Daly; Philip N. Jefferson; Adriana D. Kugler; and Christopher J. Waller. Voting against the action was Beth M. Hammack, who preferred to maintain the target range for the federal funds rate at 4-1/2 to 4-3/4 percent.","Concurrence proves support for the action, not ideology"
2025-01-29,Adriana D. Kugler,FOR,HOLD,CONCUR,HOLD,0,VOTE_ACTION_PROXY,https://www.federalreserve.gov/newsevents/pressreleases/monetary20250129a.htm,raw/statements/monetary20250129a.htm,"Voting for the monetary policy action were Jerome H. Powell, Chair; John C. Williams, Vice Chair; Michael S. Barr; Michelle W. Bowman; Susan M. Collins; Lisa D. Cook; Austan D. Goolsbee; Philip N. Jefferson; Adriana D. Kugler; Alberto G. Musalem; Jeffrey R. Schmid; and Christopher J. Waller.","Concurrence proves support for the action, not ideology"
2025-01-29,Alberto G. Musalem,FOR,HOLD,CONCUR,HOLD,0,VOTE_ACTION_PROXY,https://www.federalreserve.gov/newsevents/pressreleases/monetary20250129a.htm,raw/statements/monetary20250129a.htm,"Voting for the monetary policy action were Jerome H. Powell, Chair; John C. Williams, Vice Chair; Michael S. Barr; Michelle W. Bowman; Susan M. Collins; Lisa D. Cook; Austan D. Goolsbee; Philip N. Jefferson; Adriana D. Kugler; Alberto G. Musalem; Jeffrey R. Schmid; and Christopher J. Waller.","Concurrence proves support for the action, not ideology"
2025-01-29,Austan D. Goolsbee,FOR,HOLD,CONCUR,HOLD,0,VOTE_ACTION_PROXY,https://www.federalreserve.gov/newsevents/pressreleases/monetary20250129a.htm,raw/statements/monetary20250129a.htm,"Voting for the monetary policy action were Jerome H. Powell, Chair; John C. Williams, Vice Chair; Michael S. Barr; Michelle W. Bowman; Susan M. Collins; Lisa D. Cook; Austan D. Goolsbee; Philip N. Jefferson; Adriana D. Kugler; Alberto G. Musalem; Jeffrey R. Schmid; and Christopher J. Waller.","Concurrence proves support for the action, not ideology"
2025-01-29,Christopher J. Waller,FOR,HOLD,CONCUR,HOLD,0,VOTE_ACTION_PROXY,https://www.federalreserve.gov/newsevents/pressreleases/monetary20250129a.htm,raw/statements/monetary20250129a.htm,"Voting for the monetary policy action were Jerome H. Powell, Chair; John C. Williams, Vice Chair; Michael S. Barr; Michelle W. Bowman; Susan M. Collins; Lisa D. Cook; Austan D. Goolsbee; Philip N. Jefferson; Adriana D. Kugler; Alberto G. Musalem; Jeffrey R. Schmid; and Christopher J. Waller.","Concurrence proves support for the action, not ideology"
2025-01-29,Jeffrey R. Schmid,FOR,HOLD,CONCUR,HOLD,0,VOTE_ACTION_PROXY,https://www.federalreserve.gov/newsevents/pressreleases/monetary20250129a.htm,raw/statements/monetary20250129a.htm,"Voting for the monetary policy action were Jerome H. Powell, Chair; John C. Williams, Vice Chair; Michael S. Barr; Michelle W. Bowman; Susan M. Collins; Lisa D. Cook; Austan D. Goolsbee; Philip N. Jefferson; Adriana D. Kugler; Alberto G. Musalem; Jeffrey R. Schmid; and Christopher J. Waller.","Concurrence proves support for the action, not ideology"
2025-01-29,Jerome H. Powell,FOR,HOLD,CONCUR,HOLD,0,VOTE_ACTION_PROXY,https://www.federalreserve.gov/newsevents/pressreleases/monetary20250129a.htm,raw/statements/monetary20250129a.htm,"Voting for the monetary policy action were Jerome H. Powell, Chair; John C. Williams, Vice Chair; Michael S. Barr; Michelle W. Bowman; Susan M. Collins; Lisa D. Cook; Austan D. Goolsbee; Philip N. Jefferson; Adriana D. Kugler; Alberto G. Musalem; Jeffrey R. Schmid; and Christopher J. Waller.","Concurrence proves support for the action, not ideology"
2025-01-29,John C. Williams,FOR,HOLD,CONCUR,HOLD,0,VOTE_ACTION_PROXY,https://www.federalreserve.gov/newsevents/pressreleases/monetary20250129a.htm,raw/statements/monetary20250129a.htm,"Voting for the monetary policy action were Jerome H. Powell, Chair; John C. Williams, Vice Chair; Michael S. Barr; Michelle W. Bowman; Susan M. Collins; Lisa D. Cook; Austan D. Goolsbee; Philip N. Jefferson; Adriana D. Kugler; Alberto G. Musalem; Jeffrey R. Schmid; and Christopher J. Waller.","Concurrence proves support for the action, not ideology"
2025-01-29,Lisa D. Cook,FOR,HOLD,CONCUR,HOLD,0,VOTE_ACTION_PROXY,https://www.federalreserve.gov/newsevents/pressreleases/monetary20250129a.htm,raw/statements/monetary20250129a.htm,"Voting for the monetary policy action were Jerome H. Powell, Chair; John C. Williams, Vice Chair; Michael S. Barr; Michelle W. Bowman; Susan M. Collins; Lisa D. Cook; Austan D. Goolsbee; Philip N. Jefferson; Adriana D. Kugler; Alberto G. Musalem; Jeffrey R. Schmid; and Christopher J. Waller.","Concurrence proves support for the action, not ideology"
2025-01-29,Michael S. Barr,FOR,HOLD,CONCUR,HOLD,0,VOTE_ACTION_PROXY,https://www.federalreserve.gov/newsevents/pressreleases/monetary20250129a.htm,raw/statements/monetary20250129a.htm,"Voting for the monetary policy action were Jerome H. Powell, Chair; John C. Williams, Vice Chair; Michael S. Barr; Michelle W. Bowman; Susan M. Collins; Lisa D. Cook; Austan D. Goolsbee; Philip N. Jefferson; Adriana D. Kugler; Alberto G. Musalem; Jeffrey R. Schmid; and Christopher J. Waller.","Concurrence proves support for the action, not ideology"
2025-01-29,Michelle W. Bowman,FOR,HOLD,CONCUR,HOLD,0,VOTE_ACTION_PROXY,https://www.federalreserve.gov/newsevents/pressreleases/monetary20250129a.htm,raw/statements/monetary20250129a.htm,"Voting for the monetary policy action were Jerome H. Powell, Chair; John C. Williams, Vice Chair; Michael S. Barr; Michelle W. Bowman; Susan M. Collins; Lisa D. Cook; Austan D. Goolsbee; Philip N. Jefferson; Adriana D. Kugler; Alberto G. Musalem; Jeffrey R. Schmid; and Christopher J. Waller.","Concurrence proves support for the action, not ideology"
2025-01-29,Philip N. Jefferson,FOR,HOLD,CONCUR,HOLD,0,VOTE_ACTION_PROXY,https://www.federalreserve.gov/newsevents/pressreleases/monetary20250129a.htm,raw/statements/monetary20250129a.htm,"Voting for the monetary policy action were Jerome H. Powell, Chair; John C. Williams, Vice Chair; Michael S. Barr; Michelle W. Bowman; Susan M. Collins; Lisa D. Cook; Austan D. Goolsbee; Philip N. Jefferson; Adriana D. Kugler; Alberto G. Musalem; Jeffrey R. Schmid; and Christopher J. Waller.","Concurrence proves support for the action, not ideology"
2025-01-29,Susan M. Collins,FOR,HOLD,CONCUR,HOLD,0,VOTE_ACTION_PROXY,https://www.federalreserve.gov/newsevents/pressreleases/monetary20250129a.htm,raw/statements/monetary20250129a.htm,"Voting for the monetary policy action were Jerome H. Powell, Chair; John C. Williams, Vice Chair; Michael S. Barr; Michelle W. Bowman; Susan M. Collins; Lisa D. Cook; Austan D. Goolsbee; Philip N. Jefferson; Adriana D. Kugler; Alberto G. Musalem; Jeffrey R. Schmid; and Christopher J. Waller.","Concurrence proves support for the action, not ideology"
2025-03-19,Adriana D. Kugler,FOR,HOLD,CONCUR,HOLD,0,VOTE_ACTION_PROXY,https://www.federalreserve.gov/newsevents/pressreleases/monetary20250319a.htm,raw/statements/monetary20250319a.htm,"Voting for the monetary policy action were Jerome H. Powell, Chair; John C. Williams, Vice Chair; Michael S. Barr; Michelle W. Bowman; Susan M. Collins; Lisa D. Cook; Austan D. Goolsbee; Philip N. Jefferson; Adriana D. Kugler; Alberto G. Musalem; and Jeffrey R. Schmid. Voting against this action was Christopher J. Waller, who supported no change for the federal funds target range but preferred to continue the current pace of decline in securities holdings.","Concurrence proves support for the action, not ideology"
2025-03-19,Alberto G. Musalem,FOR,HOLD,CONCUR,HOLD,0,VOTE_ACTION_PROXY,https://www.federalreserve.gov/newsevents/pressreleases/monetary20250319a.htm,raw/statements/monetary20250319a.htm,"Voting for the monetary policy action were Jerome H. Powell, Chair; John C. Williams, Vice Chair; Michael S. Barr; Michelle W. Bowman; Susan M. Collins; Lisa D. Cook; Austan D. Goolsbee; Philip N. Jefferson; Adriana D. Kugler; Alberto G. Musalem; and Jeffrey R. Schmid. Voting against this action was Christopher J. Waller, who supported no change for the federal funds target range but preferred to continue the current pace of decline in securities holdings.","Concurrence proves support for the action, not ideology"
2025-03-19,Austan D. Goolsbee,FOR,HOLD,CONCUR,HOLD,0,VOTE_ACTION_PROXY,https://www.federalreserve.gov/newsevents/pressreleases/monetary20250319a.htm,raw/statements/monetary20250319a.htm,"Voting for the monetary policy action were Jerome H. Powell, Chair; John C. Williams, Vice Chair; Michael S. Barr; Michelle W. Bowman; Susan M. Collins; Lisa D. Cook; Austan D. Goolsbee; Philip N. Jefferson; Adriana D. Kugler; Alberto G. Musalem; and Jeffrey R. Schmid. Voting against this action was Christopher J. Waller, who supported no change for the federal funds target range but preferred to continue the current pace of decline in securities holdings.","Concurrence proves support for the action, not ideology"
2025-03-19,Christopher J. Waller,AGAINST,HOLD,TIGHTER_BALANCE_SHEET,RATE_HOLD_QT_FASTER,1,VOTE_DISSENT,https://www.federalreserve.gov/newsevents/pressreleases/monetary20250319a.htm,raw/statements/monetary20250319a.htm,"Voting for the monetary policy action were Jerome H. Powell, Chair; John C. Williams, Vice Chair; Michael S. Barr; Michelle W. Bowman; Susan M. Collins; Lisa D. Cook; Austan D. Goolsbee; Philip N. Jefferson; Adriana D. Kugler; Alberto G. Musalem; and Jeffrey R. Schmid. Voting against this action was Christopher J. Waller, who supported no change for the federal funds target range but preferred to continue the current pace of decline in securities holdings.",Concurred on the rate but opposed slowing balance-sheet runoff
2025-03-19,Jeffrey R. Schmid,FOR,HOLD,CONCUR,HOLD,0,VOTE_ACTION_PROXY,https://www.federalreserve.gov/newsevents/pressreleases/monetary20250319a.htm,raw/statements/monetary20250319a.htm,"Voting for the monetary policy action were Jerome H. Powell, Chair; John C. Williams, Vice Chair; Michael S. Barr; Michelle W. Bowman; Susan M. Collins; Lisa D. Cook; Austan D. Goolsbee; Philip N. Jefferson; Adriana D. Kugler; Alberto G. Musalem; and Jeffrey R. Schmid. Voting against this action was Christopher J. Waller, who supported no change for the federal funds target range but preferred to continue the current pace of decline in securities holdings.","Concurrence proves support for the action, not ideology"
2025-03-19,Jerome H. Powell,FOR,HOLD,CONCUR,HOLD,0,VOTE_ACTION_PROXY,https://www.federalreserve.gov/newsevents/pressreleases/monetary20250319a.htm,raw/statements/monetary20250319a.htm,"Voting for the monetary policy action were Jerome H. Powell, Chair; John C. Williams, Vice Chair; Michael S. Barr; Michelle W. Bowman; Susan M. Collins; Lisa D. Cook; Austan D. Goolsbee; Philip N. Jefferson; Adriana D. Kugler; Alberto G. Musalem; and Jeffrey R. Schmid. Voting against this action was Christopher J. Waller, who supported no change for the federal funds target range but preferred to continue the current pace of decline in securities holdings.","Concurrence proves support for the action, not ideology"
2025-03-19,John C. Williams,FOR,HOLD,CONCUR,HOLD,0,VOTE_ACTION_PROXY,https://www.federalreserve.gov/newsevents/pressreleases/monetary20250319a.htm,raw/statements/monetary20250319a.htm,"Voting for the monetary policy action were Jerome H. Powell, Chair; John C. Williams, Vice Chair; Michael S. Barr; Michelle W. Bowman; Susan M. Collins; Lisa D. Cook; Austan D. Goolsbee; Philip N. Jefferson; Adriana D. Kugler; Alberto G. Musalem; and Jeffrey R. Schmid. Voting against this action was Christopher J. Waller, who supported no change for the federal funds target range but preferred to continue the current pace of decline in securities holdings.","Concurrence proves support for the action, not ideology"
2025-03-19,Lisa D. Cook,FOR,HOLD,CONCUR,HOLD,0,VOTE_ACTION_PROXY,https://www.federalreserve.gov/newsevents/pressreleases/monetary20250319a.htm,raw/statements/monetary20250319a.htm,"Voting for the monetary policy action were Jerome H. Powell, Chair; John C. Williams, Vice Chair; Michael S. Barr; Michelle W. Bowman; Susan M. Collins; Lisa D. Cook; Austan D. Goolsbee; Philip N. Jefferson; Adriana D. Kugler; Alberto G. Musalem; and Jeffrey R. Schmid. Voting against this action was Christopher J. Waller, who supported no change for the federal funds target range but preferred to continue the current pace of decline in securities holdings.","Concurrence proves support for the action, not ideology"
2025-03-19,Michael S. Barr,FOR,HOLD,CONCUR,HOLD,0,VOTE_ACTION_PROXY,https://www.federalreserve.gov/newsevents/pressreleases/monetary20250319a.htm,raw/statements/monetary20250319a.htm,"Voting for the monetary policy action were Jerome H. Powell, Chair; John C. Williams, Vice Chair; Michael S. Barr; Michelle W. Bowman; Susan M. Collins; Lisa D. Cook; Austan D. Goolsbee; Philip N. Jefferson; Adriana D. Kugler; Alberto G. Musalem; and Jeffrey R. Schmid. Voting against this action was Christopher J. Waller, who supported no change for the federal funds target range but preferred to continue the current pace of decline in securities holdings.","Concurrence proves support for the action, not ideology"
2025-03-19,Michelle W. Bowman,FOR,HOLD,CONCUR,HOLD,0,VOTE_ACTION_PROXY,https://www.federalreserve.gov/newsevents/pressreleases/monetary20250319a.htm,raw/statements/monetary20250319a.htm,"Voting for the monetary policy action were Jerome H. Powell, Chair; John C. Williams, Vice Chair; Michael S. Barr; Michelle W. Bowman; Susan M. Collins; Lisa D. Cook; Austan D. Goolsbee; Philip N. Jefferson; Adriana D. Kugler; Alberto G. Musalem; and Jeffrey R. Schmid. Voting against this action was Christopher J. Waller, who supported no change for the federal funds target range but preferred to continue the current pace of decline in securities holdings.","Concurrence proves support for the action, not ideology"
2025-03-19,Philip N. Jefferson,FOR,HOLD,CONCUR,HOLD,0,VOTE_ACTION_PROXY,https://www.federalreserve.gov/newsevents/pressreleases/monetary20250319a.htm,raw/statements/monetary20250319a.htm,"Voting for the monetary policy action were Jerome H. Powell, Chair; John C. Williams, Vice Chair; Michael S. Barr; Michelle W. Bowman; Susan M. Collins; Lisa D. Cook; Austan D. Goolsbee; Philip N. Jefferson; Adriana D. Kugler; Alberto G. Musalem; and Jeffrey R. Schmid. Voting against this action was Christopher J. Waller, who supported no change for the federal funds target range but preferred to continue the current pace of decline in securities holdings.","Concurrence proves support for the action, not ideology"
2025-03-19,Susan M. Collins,FOR,HOLD,CONCUR,HOLD,0,VOTE_ACTION_PROXY,https://www.federalreserve.gov/newsevents/pressreleases/monetary20250319a.htm,raw/statements/monetary20250319a.htm,"Voting for the monetary policy action were Jerome H. Powell, Chair; John C. Williams, Vice Chair; Michael S. Barr; Michelle W. Bowman; Susan M. Collins; Lisa D. Cook; Austan D. Goolsbee; Philip N. Jefferson; Adriana D. Kugler; Alberto G. Musalem; and Jeffrey R. Schmid. Voting against this action was Christopher J. Waller, who supported no change for the federal funds target range but preferred to continue the current pace of decline in securities holdings.","Concurrence proves support for the action, not ideology"
2025-05-07,Adriana D. Kugler,FOR,HOLD,CONCUR,HOLD,0,VOTE_ACTION_PROXY,https://www.federalreserve.gov/newsevents/pressreleases/monetary20250507a.htm,raw/statements/monetary20250507a.htm,"Voting for the monetary policy action were Jerome H. Powell, Chair; John C. Williams, Vice Chair; Michael S. Barr; Michelle W. Bowman; Susan M. Collins; Lisa D. Cook; Austan D. Goolsbee; Philip N. Jefferson; Neel Kashkari; Adriana D. Kugler; Alberto G. Musalem; and Christopher J. Waller. Neel Kashkari voted as an alternate member at this meeting.","Concurrence proves support for the action, not ideology"
2025-05-07,Alberto G. Musalem,FOR,HOLD,CONCUR,HOLD,0,VOTE_ACTION_PROXY,https://www.federalreserve.gov/newsevents/pressreleases/monetary20250507a.htm,raw/statements/monetary20250507a.htm,"Voting for the monetary policy action were Jerome H. Powell, Chair; John C. Williams, Vice Chair; Michael S. Barr; Michelle W. Bowman; Susan M. Collins; Lisa D. Cook; Austan D. Goolsbee; Philip N. Jefferson; Neel Kashkari; Adriana D. Kugler; Alberto G. Musalem; and Christopher J. Waller. Neel Kashkari voted as an alternate member at this meeting.","Concurrence proves support for the action, not ideology"
2025-05-07,Austan D. Goolsbee,FOR,HOLD,CONCUR,HOLD,0,VOTE_ACTION_PROXY,https://www.federalreserve.gov/newsevents/pressreleases/monetary20250507a.htm,raw/statements/monetary20250507a.htm,"Voting for the monetary policy action were Jerome H. Powell, Chair; John C. Williams, Vice Chair; Michael S. Barr; Michelle W. Bowman; Susan M. Collins; Lisa D. Cook; Austan D. Goolsbee; Philip N. Jefferson; Neel Kashkari; Adriana D. Kugler; Alberto G. Musalem; and Christopher J. Waller. Neel Kashkari voted as an alternate member at this meeting.","Concurrence proves support for the action, not ideology"
2025-05-07,Jerome H. Powell,FOR,HOLD,CONCUR,HOLD,0,VOTE_ACTION_PROXY,https://www.federalreserve.gov/newsevents/pressreleases/monetary20250507a.htm,raw/statements/monetary20250507a.htm,"Voting for the monetary policy action were Jerome H. Powell, Chair; John C. Williams, Vice Chair; Michael S. Barr; Michelle W. Bowman; Susan M. Collins; Lisa D. Cook; Austan D. Goolsbee; Philip N. Jefferson; Neel Kashkari; Adriana D. Kugler; Alberto G. Musalem; and Christopher J. Waller. Neel Kashkari voted as an alternate member at this meeting.","Concurrence proves support for the action, not ideology"
2025-05-07,John C. Williams,FOR,HOLD,CONCUR,HOLD,0,VOTE_ACTION_PROXY,https://www.federalreserve.gov/newsevents/pressreleases/monetary20250507a.htm,raw/statements/monetary20250507a.htm,"Voting for the monetary policy action were Jerome H. Powell, Chair; John C. Williams, Vice Chair; Michael S. Barr; Michelle W. Bowman; Susan M. Collins; Lisa D. Cook; Austan D. Goolsbee; Philip N. Jefferson; Neel Kashkari; Adriana D. Kugler; Alberto G. Musalem; and Christopher J. Waller. Neel Kashkari voted as an alternate member at this meeting.","Concurrence proves support for the action, not ideology"
2025-05-07,Lisa D. Cook,FOR,HOLD,CONCUR,HOLD,0,VOTE_ACTION_PROXY,https://www.federalreserve.gov/newsevents/pressreleases/monetary20250507a.htm,raw/statements/monetary20250507a.htm,"Voting for the monetary policy action were Jerome H. Powell, Chair; John C. Williams, Vice Chair; Michael S. Barr; Michelle W. Bowman; Susan M. Collins; Lisa D. Cook; Austan D. Goolsbee; Philip N. Jefferson; Neel Kashkari; Adriana D. Kugler; Alberto G. Musalem; and Christopher J. Waller. Neel Kashkari voted as an alternate member at this meeting.","Concurrence proves support for the action, not ideology"
2025-05-07,Michael S. Barr,FOR,HOLD,CONCUR,HOLD,0,VOTE_ACTION_PROXY,https://www.federalreserve.gov/newsevents/pressreleases/monetary20250507a.htm,raw/statements/monetary20250507a.htm,"Voting for the monetary policy action were Jerome H. Powell, Chair; John C. Williams, Vice Chair; Michael S. Barr; Michelle W. Bowman; Susan M. Collins; Lisa D. Cook; Austan D. Goolsbee; Philip N. Jefferson; Neel Kashkari; Adriana D. Kugler; Alberto G. Musalem; and Christopher J. Waller. Neel Kashkari voted as an alternate member at this meeting.","Concurrence proves support for the action, not ideology"
2025-05-07,Michelle W. Bowman,FOR,HOLD,CONCUR,HOLD,0,VOTE_ACTION_PROXY,https://www.federalreserve.gov/newsevents/pressreleases/monetary20250507a.htm,raw/statements/monetary20250507a.htm,"Voting for the monetary policy action were Jerome H. Powell, Chair; John C. Williams, Vice Chair; Michael S. Barr; Michelle W. Bowman; Susan M. Collins; Lisa D. Cook; Austan D. Goolsbee; Philip N. Jefferson; Neel Kashkari; Adriana D. Kugler; Alberto G. Musalem; and Christopher J. Waller. Neel Kashkari voted as an alternate member at this meeting.","Concurrence proves support for the action, not ideology"
2025-05-07,Neel Kashkari,FOR,HOLD,CONCUR,HOLD,0,VOTE_ACTION_PROXY,https://www.federalreserve.gov/newsevents/pressreleases/monetary20250507a.htm,raw/statements/monetary20250507a.htm,"Voting for the monetary policy action were Jerome H. Powell, Chair; John C. Williams, Vice Chair; Michael S. Barr; Michelle W. Bowman; Susan M. Collins; Lisa D. Cook; Austan D. Goolsbee; Philip N. Jefferson; Neel Kashkari; Adriana D. Kugler; Alberto G. Musalem; and Christopher J. Waller. Neel Kashkari voted as an alternate member at this meeting.","Concurrence proves support for the action, not ideology"
2025-05-07,Philip N. Jefferson,FOR,HOLD,CONCUR,HOLD,0,VOTE_ACTION_PROXY,https://www.federalreserve.gov/newsevents/pressreleases/monetary20250507a.htm,raw/statements/monetary20250507a.htm,"Voting for the monetary policy action were Jerome H. Powell, Chair; John C. Williams, Vice Chair; Michael S. Barr; Michelle W. Bowman; Susan M. Collins; Lisa D. Cook; Austan D. Goolsbee; Philip N. Jefferson; Neel Kashkari; Adriana D. Kugler; Alberto G. Musalem; and Christopher J. Waller. Neel Kashkari voted as an alternate member at this meeting.","Concurrence proves support for the action, not ideology"
2025-05-07,Susan M. Collins,FOR,HOLD,CONCUR,HOLD,0,VOTE_ACTION_PROXY,https://www.federalreserve.gov/newsevents/pressreleases/monetary20250507a.htm,raw/statements/monetary20250507a.htm,"Voting for the monetary policy action were Jerome H. Powell, Chair; John C. Williams, Vice Chair; Michael S. Barr; Michelle W. Bowman; Susan M. Collins; Lisa D. Cook; Austan D. Goolsbee; Philip N. Jefferson; Neel Kashkari; Adriana D. Kugler; Alberto G. Musalem; and Christopher J. Waller. Neel Kashkari voted as an alternate member at this meeting.","Concurrence proves support for the action, not ideology"
2025-06-18,Adriana D. Kugler,FOR,HOLD,CONCUR,HOLD,0,VOTE_ACTION_PROXY,https://www.federalreserve.gov/newsevents/pressreleases/monetary20250618a.htm,raw/statements/monetary20250618a.htm,"Voting for the monetary policy action were Jerome H. Powell, Chair; John C. Williams, Vice Chair; Michael S. Barr; Michelle W. Bowman; Susan M. Collins; Lisa D. Cook; Austan D. Goolsbee; Philip N. Jefferson; Adriana D. Kugler; Alberto G. Musalem; Jeffrey R. Schmid; and Christopher J. Waller.","Concurrence proves support for the action, not ideology"
2025-06-18,Alberto G. Musalem,FOR,HOLD,CONCUR,HOLD,0,VOTE_ACTION_PROXY,https://www.federalreserve.gov/newsevents/pressreleases/monetary20250618a.htm,raw/statements/monetary20250618a.htm,"Voting for the monetary policy action were Jerome H. Powell, Chair; John C. Williams, Vice Chair; Michael S. Barr; Michelle W. Bowman; Susan M. Collins; Lisa D. Cook; Austan D. Goolsbee; Philip N. Jefferson; Adriana D. Kugler; Alberto G. Musalem; Jeffrey R. Schmid; and Christopher J. Waller.","Concurrence proves support for the action, not ideology"
2025-06-18,Austan D. Goolsbee,FOR,HOLD,CONCUR,HOLD,0,VOTE_ACTION_PROXY,https://www.federalreserve.gov/newsevents/pressreleases/monetary20250618a.htm,raw/statements/monetary20250618a.htm,"Voting for the monetary policy action were Jerome H. Powell, Chair; John C. Williams, Vice Chair; Michael S. Barr; Michelle W. Bowman; Susan M. Collins; Lisa D. Cook; Austan D. Goolsbee; Philip N. Jefferson; Adriana D. Kugler; Alberto G. Musalem; Jeffrey R. Schmid; and Christopher J. Waller.","Concurrence proves support for the action, not ideology"
2025-06-18,Christopher J. Waller,FOR,HOLD,CONCUR,HOLD,0,VOTE_ACTION_PROXY,https://www.federalreserve.gov/newsevents/pressreleases/monetary20250618a.htm,raw/statements/monetary20250618a.htm,"Voting for the monetary policy action were Jerome H. Powell, Chair; John C. Williams, Vice Chair; Michael S. Barr; Michelle W. Bowman; Susan M. Collins; Lisa D. Cook; Austan D. Goolsbee; Philip N. Jefferson; Adriana D. Kugler; Alberto G. Musalem; Jeffrey R. Schmid; and Christopher J. Waller.","Concurrence proves support for the action, not ideology"
2025-06-18,Jeffrey R. Schmid,FOR,HOLD,CONCUR,HOLD,0,VOTE_ACTION_PROXY,https://www.federalreserve.gov/newsevents/pressreleases/monetary20250618a.htm,raw/statements/monetary20250618a.htm,"Voting for the monetary policy action were Jerome H. Powell, Chair; John C. Williams, Vice Chair; Michael S. Barr; Michelle W. Bowman; Susan M. Collins; Lisa D. Cook; Austan D. Goolsbee; Philip N. Jefferson; Adriana D. Kugler; Alberto G. Musalem; Jeffrey R. Schmid; and Christopher J. Waller.","Concurrence proves support for the action, not ideology"
2025-06-18,Jerome H. Powell,FOR,HOLD,CONCUR,HOLD,0,VOTE_ACTION_PROXY,https://www.federalreserve.gov/newsevents/pressreleases/monetary20250618a.htm,raw/statements/monetary20250618a.htm,"Voting for the monetary policy action were Jerome H. Powell, Chair; John C. Williams, Vice Chair; Michael S. Barr; Michelle W. Bowman; Susan M. Collins; Lisa D. Cook; Austan D. Goolsbee; Philip N. Jefferson; Adriana D. Kugler; Alberto G. Musalem; Jeffrey R. Schmid; and Christopher J. Waller.","Concurrence proves support for the action, not ideology"
2025-06-18,John C. Williams,FOR,HOLD,CONCUR,HOLD,0,VOTE_ACTION_PROXY,https://www.federalreserve.gov/newsevents/pressreleases/monetary20250618a.htm,raw/statements/monetary20250618a.htm,"Voting for the monetary policy action were Jerome H. Powell, Chair; John C. Williams, Vice Chair; Michael S. Barr; Michelle W. Bowman; Susan M. Collins; Lisa D. Cook; Austan D. Goolsbee; Philip N. Jefferson; Adriana D. Kugler; Alberto G. Musalem; Jeffrey R. Schmid; and Christopher J. Waller.","Concurrence proves support for the action, not ideology"
2025-06-18,Lisa D. Cook,FOR,HOLD,CONCUR,HOLD,0,VOTE_ACTION_PROXY,https://www.federalreserve.gov/newsevents/pressreleases/monetary20250618a.htm,raw/statements/monetary20250618a.htm,"Voting for the monetary policy action were Jerome H. Powell, Chair; John C. Williams, Vice Chair; Michael S. Barr; Michelle W. Bowman; Susan M. Collins; Lisa D. Cook; Austan D. Goolsbee; Philip N. Jefferson; Adriana D. Kugler; Alberto G. Musalem; Jeffrey R. Schmid; and Christopher J. Waller.","Concurrence proves support for the action, not ideology"
2025-06-18,Michael S. Barr,FOR,HOLD,CONCUR,HOLD,0,VOTE_ACTION_PROXY,https://www.federalreserve.gov/newsevents/pressreleases/monetary20250618a.htm,raw/statements/monetary20250618a.htm,"Voting for the monetary policy action were Jerome H. Powell, Chair; John C. Williams, Vice Chair; Michael S. Barr; Michelle W. Bowman; Susan M. Collins; Lisa D. Cook; Austan D. Goolsbee; Philip N. Jefferson; Adriana D. Kugler; Alberto G. Musalem; Jeffrey R. Schmid; and Christopher J. Waller.","Concurrence proves support for the action, not ideology"
2025-06-18,Michelle W. Bowman,FOR,HOLD,CONCUR,HOLD,0,VOTE_ACTION_PROXY,https://www.federalreserve.gov/newsevents/pressreleases/monetary20250618a.htm,raw/statements/monetary20250618a.htm,"Voting for the monetary policy action were Jerome H. Powell, Chair; John C. Williams, Vice Chair; Michael S. Barr; Michelle W. Bowman; Susan M. Collins; Lisa D. Cook; Austan D. Goolsbee; Philip N. Jefferson; Adriana D. Kugler; Alberto G. Musalem; Jeffrey R. Schmid; and Christopher J. Waller.","Concurrence proves support for the action, not ideology"
2025-06-18,Philip N. Jefferson,FOR,HOLD,CONCUR,HOLD,0,VOTE_ACTION_PROXY,https://www.federalreserve.gov/newsevents/pressreleases/monetary20250618a.htm,raw/statements/monetary20250618a.htm,"Voting for the monetary policy action were Jerome H. Powell, Chair; John C. Williams, Vice Chair; Michael S. Barr; Michelle W. Bowman; Susan M. Collins; Lisa D. Cook; Austan D. Goolsbee; Philip N. Jefferson; Adriana D. Kugler; Alberto G. Musalem; Jeffrey R. Schmid; and Christopher J. Waller.","Concurrence proves support for the action, not ideology"
2025-06-18,Susan M. Collins,FOR,HOLD,CONCUR,HOLD,0,VOTE_ACTION_PROXY,https://www.federalreserve.gov/newsevents/pressreleases/monetary20250618a.htm,raw/statements/monetary20250618a.htm,"Voting for the monetary policy action were Jerome H. Powell, Chair; John C. Williams, Vice Chair; Michael S. Barr; Michelle W. Bowman; Susan M. Collins; Lisa D. Cook; Austan D. Goolsbee; Philip N. Jefferson; Adriana D. Kugler; Alberto G. Musalem; Jeffrey R. Schmid; and Christopher J. Waller.","Concurrence proves support for the action, not ideology"
2025-07-30,Alberto G. Musalem,FOR,HOLD,CONCUR,HOLD,0,VOTE_ACTION_PROXY,https://www.federalreserve.gov/newsevents/pressreleases/monetary20250730a.htm,raw/statements/monetary20250730a.htm,"Voting for the monetary policy action were Jerome H. Powell, Chair; John C. Williams, Vice Chair; Michael S. Barr; Susan M. Collins; Lisa D. Cook; Austan D. Goolsbee; Philip N. Jefferson; Alberto G. Musalem; and Jeffrey R. Schmid. Voting against this action were Michelle W. Bowman and Christopher J. Waller, who preferred to lower the target range for the federal funds rate by 1/4 percentage point at this meeting. Absent and not voting was Adriana D. Kugler.","Concurrence proves support for the action, not ideology"
2025-07-30,Austan D. Goolsbee,FOR,HOLD,CONCUR,HOLD,0,VOTE_ACTION_PROXY,https://www.federalreserve.gov/newsevents/pressreleases/monetary20250730a.htm,raw/statements/monetary20250730a.htm,"Voting for the monetary policy action were Jerome H. Powell, Chair; John C. Williams, Vice Chair; Michael S. Barr; Susan M. Collins; Lisa D. Cook; Austan D. Goolsbee; Philip N. Jefferson; Alberto G. Musalem; and Jeffrey R. Schmid. Voting against this action were Michelle W. Bowman and Christopher J. Waller, who preferred to lower the target range for the federal funds rate by 1/4 percentage point at this meeting. Absent and not voting was Adriana D. Kugler.","Concurrence proves support for the action, not ideology"
2025-07-30,Christopher J. Waller,AGAINST,HOLD,EASIER,CUT_25BP,-2,VOTE_DISSENT,https://www.federalreserve.gov/newsevents/pressreleases/monetary20250730a.htm,raw/statements/monetary20250730a.htm,"Voting for the monetary policy action were Jerome H. Powell, Chair; John C. Williams, Vice Chair; Michael S. Barr; Susan M. Collins; Lisa D. Cook; Austan D. Goolsbee; Philip N. Jefferson; Alberto G. Musalem; and Jeffrey R. Schmid. Voting against this action were Michelle W. Bowman and Christopher J. Waller, who preferred to lower the target range for the federal funds rate by 1/4 percentage point at this meeting. Absent and not voting was Adriana D. Kugler.",Preferred a 25bp cut while the committee held
2025-07-30,Jeffrey R. Schmid,FOR,HOLD,CONCUR,HOLD,0,VOTE_ACTION_PROXY,https://www.federalreserve.gov/newsevents/pressreleases/monetary20250730a.htm,raw/statements/monetary20250730a.htm,"Voting for the monetary policy action were Jerome H. Powell, Chair; John C. Williams, Vice Chair; Michael S. Barr; Susan M. Collins; Lisa D. Cook; Austan D. Goolsbee; Philip N. Jefferson; Alberto G. Musalem; and Jeffrey R. Schmid. Voting against this action were Michelle W. Bowman and Christopher J. Waller, who preferred to lower the target range for the federal funds rate by 1/4 percentage point at this meeting. Absent and not voting was Adriana D. Kugler.","Concurrence proves support for the action, not ideology"
2025-07-30,Jerome H. Powell,FOR,HOLD,CONCUR,HOLD,0,VOTE_ACTION_PROXY,https://www.federalreserve.gov/newsevents/pressreleases/monetary20250730a.htm,raw/statements/monetary20250730a.htm,"Voting for the monetary policy action were Jerome H. Powell, Chair; John C. Williams, Vice Chair; Michael S. Barr; Susan M. Collins; Lisa D. Cook; Austan D. Goolsbee; Philip N. Jefferson; Alberto G. Musalem; and Jeffrey R. Schmid. Voting against this action were Michelle W. Bowman and Christopher J. Waller, who preferred to lower the target range for the federal funds rate by 1/4 percentage point at this meeting. Absent and not voting was Adriana D. Kugler.","Concurrence proves support for the action, not ideology"
2025-07-30,John C. Williams,FOR,HOLD,CONCUR,HOLD,0,VOTE_ACTION_PROXY,https://www.federalreserve.gov/newsevents/pressreleases/monetary20250730a.htm,raw/statements/monetary20250730a.htm,"Voting for the monetary policy action were Jerome H. Powell, Chair; John C. Williams, Vice Chair; Michael S. Barr; Susan M. Collins; Lisa D. Cook; Austan D. Goolsbee; Philip N. Jefferson; Alberto G. Musalem; and Jeffrey R. Schmid. Voting against this action were Michelle W. Bowman and Christopher J. Waller, who preferred to lower the target range for the federal funds rate by 1/4 percentage point at this meeting. Absent and not voting was Adriana D. Kugler.","Concurrence proves support for the action, not ideology"
2025-07-30,Lisa D. Cook,FOR,HOLD,CONCUR,HOLD,0,VOTE_ACTION_PROXY,https://www.federalreserve.gov/newsevents/pressreleases/monetary20250730a.htm,raw/statements/monetary20250730a.htm,"Voting for the monetary policy action were Jerome H. Powell, Chair; John C. Williams, Vice Chair; Michael S. Barr; Susan M. Collins; Lisa D. Cook; Austan D. Goolsbee; Philip N. Jefferson; Alberto G. Musalem; and Jeffrey R. Schmid. Voting against this action were Michelle W. Bowman and Christopher J. Waller, who preferred to lower the target range for the federal funds rate by 1/4 percentage point at this meeting. Absent and not voting was Adriana D. Kugler.","Concurrence proves support for the action, not ideology"
2025-07-30,Michael S. Barr,FOR,HOLD,CONCUR,HOLD,0,VOTE_ACTION_PROXY,https://www.federalreserve.gov/newsevents/pressreleases/monetary20250730a.htm,raw/statements/monetary20250730a.htm,"Voting for the monetary policy action were Jerome H. Powell, Chair; John C. Williams, Vice Chair; Michael S. Barr; Susan M. Collins; Lisa D. Cook; Austan D. Goolsbee; Philip N. Jefferson; Alberto G. Musalem; and Jeffrey R. Schmid. Voting against this action were Michelle W. Bowman and Christopher J. Waller, who preferred to lower the target range for the federal funds rate by 1/4 percentage point at this meeting. Absent and not voting was Adriana D. Kugler.","Concurrence proves support for the action, not ideology"
2025-07-30,Michelle W. Bowman,AGAINST,HOLD,EASIER,CUT_25BP,-2,VOTE_DISSENT,https://www.federalreserve.gov/newsevents/pressreleases/monetary20250730a.htm,raw/statements/monetary20250730a.htm,"Voting for the monetary policy action were Jerome H. Powell, Chair; John C. Williams, Vice Chair; Michael S. Barr; Susan M. Collins; Lisa D. Cook; Austan D. Goolsbee; Philip N. Jefferson; Alberto G. Musalem; and Jeffrey R. Schmid. Voting against this action were Michelle W. Bowman and Christopher J. Waller, who preferred to lower the target range for the federal funds rate by 1/4 percentage point at this meeting. Absent and not voting was Adriana D. Kugler.",Preferred a 25bp cut while the committee held
2025-07-30,Philip N. Jefferson,FOR,HOLD,CONCUR,HOLD,0,VOTE_ACTION_PROXY,https://www.federalreserve.gov/newsevents/pressreleases/monetary20250730a.htm,raw/statements/monetary20250730a.htm,"Voting for the monetary policy action were Jerome H. Powell, Chair; John C. Williams, Vice Chair; Michael S. Barr; Susan M. Collins; Lisa D. Cook; Austan D. Goolsbee; Philip N. Jefferson; Alberto G. Musalem; and Jeffrey R. Schmid. Voting against this action were Michelle W. Bowman and Christopher J. Waller, who preferred to lower the target range for the federal funds rate by 1/4 percentage point at this meeting. Absent and not voting was Adriana D. Kugler.","Concurrence proves support for the action, not ideology"
2025-07-30,Susan M. Collins,FOR,HOLD,CONCUR,HOLD,0,VOTE_ACTION_PROXY,https://www.federalreserve.gov/newsevents/pressreleases/monetary20250730a.htm,raw/statements/monetary20250730a.htm,"Voting for the monetary policy action were Jerome H. Powell, Chair; John C. Williams, Vice Chair; Michael S. Barr; Susan M. Collins; Lisa D. Cook; Austan D. Goolsbee; Philip N. Jefferson; Alberto G. Musalem; and Jeffrey R. Schmid. Voting against this action were Michelle W. Bowman and Christopher J. Waller, who preferred to lower the target range for the federal funds rate by 1/4 percentage point at this meeting. Absent and not voting was Adriana D. Kugler.","Concurrence proves support for the action, not ideology"
2025-09-17,Alberto G. Musalem,FOR,CUT,CONCUR,CUT,-1,VOTE_ACTION_PROXY,https://www.federalreserve.gov/newsevents/pressreleases/monetary20250917a.htm,raw/statements/monetary20250917a.htm,"Voting for the monetary policy action were Jerome H. Powell, Chair; John C. Williams, Vice Chair; Michael S. Barr; Michelle W. Bowman; Susan M. Collins; Lisa D. Cook; Austan D. Goolsbee; Philip N. Jefferson; Alberto G. Musalem; Jeffrey R. Schmid; and Christopher J. Waller. Voting against this action was Stephen I. Miran, who preferred to lower the target range for the federal funds rate by 1/2 percentage point at this meeting.","Concurrence proves support for the action, not ideology"
2025-09-17,Austan D. Goolsbee,FOR,CUT,CONCUR,CUT,-1,VOTE_ACTION_PROXY,https://www.federalreserve.gov/newsevents/pressreleases/monetary20250917a.htm,raw/statements/monetary20250917a.htm,"Voting for the monetary policy action were Jerome H. Powell, Chair; John C. Williams, Vice Chair; Michael S. Barr; Michelle W. Bowman; Susan M. Collins; Lisa D. Cook; Austan D. Goolsbee; Philip N. Jefferson; Alberto G. Musalem; Jeffrey R. Schmid; and Christopher J. Waller. Voting against this action was Stephen I. Miran, who preferred to lower the target range for the federal funds rate by 1/2 percentage point at this meeting.","Concurrence proves support for the action, not ideology"
2025-09-17,Christopher J. Waller,FOR,CUT,CONCUR,CUT,-1,VOTE_ACTION_PROXY,https://www.federalreserve.gov/newsevents/pressreleases/monetary20250917a.htm,raw/statements/monetary20250917a.htm,"Voting for the monetary policy action were Jerome H. Powell, Chair; John C. Williams, Vice Chair; Michael S. Barr; Michelle W. Bowman; Susan M. Collins; Lisa D. Cook; Austan D. Goolsbee; Philip N. Jefferson; Alberto G. Musalem; Jeffrey R. Schmid; and Christopher J. Waller. Voting against this action was Stephen I. Miran, who preferred to lower the target range for the federal funds rate by 1/2 percentage point at this meeting.","Concurrence proves support for the action, not ideology"
2025-09-17,Jeffrey R. Schmid,FOR,CUT,CONCUR,CUT,-1,VOTE_ACTION_PROXY,https://www.federalreserve.gov/newsevents/pressreleases/monetary20250917a.htm,raw/statements/monetary20250917a.htm,"Voting for the monetary policy action were Jerome H. Powell, Chair; John C. Williams, Vice Chair; Michael S. Barr; Michelle W. Bowman; Susan M. Collins; Lisa D. Cook; Austan D. Goolsbee; Philip N. Jefferson; Alberto G. Musalem; Jeffrey R. Schmid; and Christopher J. Waller. Voting against this action was Stephen I. Miran, who preferred to lower the target range for the federal funds rate by 1/2 percentage point at this meeting.","Concurrence proves support for the action, not ideology"
2025-09-17,Jerome H. Powell,FOR,CUT,CONCUR,CUT,-1,VOTE_ACTION_PROXY,https://www.federalreserve.gov/newsevents/pressreleases/monetary20250917a.htm,raw/statements/monetary20250917a.htm,"Voting for the monetary policy action were Jerome H. Powell, Chair; John C. Williams, Vice Chair; Michael S. Barr; Michelle W. Bowman; Susan M. Collins; Lisa D. Cook; Austan D. Goolsbee; Philip N. Jefferson; Alberto G. Musalem; Jeffrey R. Schmid; and Christopher J. Waller. Voting against this action was Stephen I. Miran, who preferred to lower the target range for the federal funds rate by 1/2 percentage point at this meeting.","Concurrence proves support for the action, not ideology"
2025-09-17,John C. Williams,FOR,CUT,CONCUR,CUT,-1,VOTE_ACTION_PROXY,https://www.federalreserve.gov/newsevents/pressreleases/monetary20250917a.htm,raw/statements/monetary20250917a.htm,"Voting for the monetary policy action were Jerome H. Powell, Chair; John C. Williams, Vice Chair; Michael S. Barr; Michelle W. Bowman; Susan M. Collins; Lisa D. Cook; Austan D. Goolsbee; Philip N. Jefferson; Alberto G. Musalem; Jeffrey R. Schmid; and Christopher J. Waller. Voting against this action was Stephen I. Miran, who preferred to lower the target range for the federal funds rate by 1/2 percentage point at this meeting.","Concurrence proves support for the action, not ideology"
2025-09-17,Lisa D. Cook,FOR,CUT,CONCUR,CUT,-1,VOTE_ACTION_PROXY,https://www.federalreserve.gov/newsevents/pressreleases/monetary20250917a.htm,raw/statements/monetary20250917a.htm,"Voting for the monetary policy action were Jerome H. Powell, Chair; John C. Williams, Vice Chair; Michael S. Barr; Michelle W. Bowman; Susan M. Collins; Lisa D. Cook; Austan D. Goolsbee; Philip N. Jefferson; Alberto G. Musalem; Jeffrey R. Schmid; and Christopher J. Waller. Voting against this action was Stephen I. Miran, who preferred to lower the target range for the federal funds rate by 1/2 percentage point at this meeting.","Concurrence proves support for the action, not ideology"
2025-09-17,Michael S. Barr,FOR,CUT,CONCUR,CUT,-1,VOTE_ACTION_PROXY,https://www.federalreserve.gov/newsevents/pressreleases/monetary20250917a.htm,raw/statements/monetary20250917a.htm,"Voting for the monetary policy action were Jerome H. Powell, Chair; John C. Williams, Vice Chair; Michael S. Barr; Michelle W. Bowman; Susan M. Collins; Lisa D. Cook; Austan D. Goolsbee; Philip N. Jefferson; Alberto G. Musalem; Jeffrey R. Schmid; and Christopher J. Waller. Voting against this action was Stephen I. Miran, who preferred to lower the target range for the federal funds rate by 1/2 percentage point at this meeting.","Concurrence proves support for the action, not ideology"
2025-09-17,Michelle W. Bowman,FOR,CUT,CONCUR,CUT,-1,VOTE_ACTION_PROXY,https://www.federalreserve.gov/newsevents/pressreleases/monetary20250917a.htm,raw/statements/monetary20250917a.htm,"Voting for the monetary policy action were Jerome H. Powell, Chair; John C. Williams, Vice Chair; Michael S. Barr; Michelle W. Bowman; Susan M. Collins; Lisa D. Cook; Austan D. Goolsbee; Philip N. Jefferson; Alberto G. Musalem; Jeffrey R. Schmid; and Christopher J. Waller. Voting against this action was Stephen I. Miran, who preferred to lower the target range for the federal funds rate by 1/2 percentage point at this meeting.","Concurrence proves support for the action, not ideology"
2025-09-17,Philip N. Jefferson,FOR,CUT,CONCUR,CUT,-1,VOTE_ACTION_PROXY,https://www.federalreserve.gov/newsevents/pressreleases/monetary20250917a.htm,raw/statements/monetary20250917a.htm,"Voting for the monetary policy action were Jerome H. Powell, Chair; John C. Williams, Vice Chair; Michael S. Barr; Michelle W. Bowman; Susan M. Collins; Lisa D. Cook; Austan D. Goolsbee; Philip N. Jefferson; Alberto G. Musalem; Jeffrey R. Schmid; and Christopher J. Waller. Voting against this action was Stephen I. Miran, who preferred to lower the target range for the federal funds rate by 1/2 percentage point at this meeting.","Concurrence proves support for the action, not ideology"
2025-09-17,Stephen I. Miran,AGAINST,CUT,EASIER,CUT_50BP,-2,VOTE_DISSENT,https://www.federalreserve.gov/newsevents/pressreleases/monetary20250917a.htm,raw/statements/monetary20250917a.htm,"Voting for the monetary policy action were Jerome H. Powell, Chair; John C. Williams, Vice Chair; Michael S. Barr; Michelle W. Bowman; Susan M. Collins; Lisa D. Cook; Austan D. Goolsbee; Philip N. Jefferson; Alberto G. Musalem; Jeffrey R. Schmid; and Christopher J. Waller. Voting against this action was Stephen I. Miran, who preferred to lower the target range for the federal funds rate by 1/2 percentage point at this meeting.",Preferred a larger cut than the committee's 25bp cut
2025-09-17,Susan M. Collins,FOR,CUT,CONCUR,CUT,-1,VOTE_ACTION_PROXY,https://www.federalreserve.gov/newsevents/pressreleases/monetary20250917a.htm,raw/statements/monetary20250917a.htm,"Voting for the monetary policy action were Jerome H. Powell, Chair; John C. Williams, Vice Chair; Michael S. Barr; Michelle W. Bowman; Susan M. Collins; Lisa D. Cook; Austan D. Goolsbee; Philip N. Jefferson; Alberto G. Musalem; Jeffrey R. Schmid; and Christopher J. Waller. Voting against this action was Stephen I. Miran, who preferred to lower the target range for the federal funds rate by 1/2 percentage point at this meeting.","Concurrence proves support for the action, not ideology"
2025-10-29,Alberto G. Musalem,FOR,CUT,CONCUR,CUT,-1,VOTE_ACTION_PROXY,https://www.federalreserve.gov/newsevents/pressreleases/monetary20251029a.htm,raw/statements/monetary20251029a.htm,"Voting for the monetary policy action were Jerome H. Powell, Chair; John C. Williams, Vice Chair; Michael S. Barr; Michelle W. Bowman; Susan M. Collins; Lisa D. Cook; Austan D. Goolsbee; Philip N. Jefferson; Alberto G. Musalem; and Christopher J. Waller. Voting against this action were Stephen I. Miran, who preferred to lower the target range for the federal funds rate by 1/2 percentage point at this meeting, and Jeffrey R. Schmid, who preferred no change to the target range for the federal funds rate at this meeting.","Concurrence proves support for the action, not ideology"
2025-10-29,Austan D. Goolsbee,FOR,CUT,CONCUR,CUT,-1,VOTE_ACTION_PROXY,https://www.federalreserve.gov/newsevents/pressreleases/monetary20251029a.htm,raw/statements/monetary20251029a.htm,"Voting for the monetary policy action were Jerome H. Powell, Chair; John C. Williams, Vice Chair; Michael S. Barr; Michelle W. Bowman; Susan M. Collins; Lisa D. Cook; Austan D. Goolsbee; Philip N. Jefferson; Alberto G. Musalem; and Christopher J. Waller. Voting against this action were Stephen I. Miran, who preferred to lower the target range for the federal funds rate by 1/2 percentage point at this meeting, and Jeffrey R. Schmid, who preferred no change to the target range for the federal funds rate at this meeting.","Concurrence proves support for the action, not ideology"
2025-10-29,Christopher J. Waller,FOR,CUT,CONCUR,CUT,-1,VOTE_ACTION_PROXY,https://www.federalreserve.gov/newsevents/pressreleases/monetary20251029a.htm,raw/statements/monetary20251029a.htm,"Voting for the monetary policy action were Jerome H. Powell, Chair; John C. Williams, Vice Chair; Michael S. Barr; Michelle W. Bowman; Susan M. Collins; Lisa D. Cook; Austan D. Goolsbee; Philip N. Jefferson; Alberto G. Musalem; and Christopher J. Waller. Voting against this action were Stephen I. Miran, who preferred to lower the target range for the federal funds rate by 1/2 percentage point at this meeting, and Jeffrey R. Schmid, who preferred no change to the target range for the federal funds rate at this meeting.","Concurrence proves support for the action, not ideology"
2025-10-29,Jeffrey R. Schmid,AGAINST,CUT,TIGHTER,HOLD,2,VOTE_DISSENT,https://www.federalreserve.gov/newsevents/pressreleases/monetary20251029a.htm,raw/statements/monetary20251029a.htm,"Voting for the monetary policy action were Jerome H. Powell, Chair; John C. Williams, Vice Chair; Michael S. Barr; Michelle W. Bowman; Susan M. Collins; Lisa D. Cook; Austan D. Goolsbee; Philip N. Jefferson; Alberto G. Musalem; and Christopher J. Waller. Voting against this action were Stephen I. Miran, who preferred to lower the target range for the federal funds rate by 1/2 percentage point at this meeting, and Jeffrey R. Schmid, who preferred no change to the target range for the federal funds rate at this meeting.",Preferred no cut while the committee cut 25bp
2025-10-29,Jerome H. Powell,FOR,CUT,CONCUR,CUT,-1,VOTE_ACTION_PROXY,https://www.federalreserve.gov/newsevents/pressreleases/monetary20251029a.htm,raw/statements/monetary20251029a.htm,"Voting for the monetary policy action were Jerome H. Powell, Chair; John C. Williams, Vice Chair; Michael S. Barr; Michelle W. Bowman; Susan M. Collins; Lisa D. Cook; Austan D. Goolsbee; Philip N. Jefferson; Alberto G. Musalem; and Christopher J. Waller. Voting against this action were Stephen I. Miran, who preferred to lower the target range for the federal funds rate by 1/2 percentage point at this meeting, and Jeffrey R. Schmid, who preferred no change to the target range for the federal funds rate at this meeting.","Concurrence proves support for the action, not ideology"
2025-10-29,John C. Williams,FOR,CUT,CONCUR,CUT,-1,VOTE_ACTION_PROXY,https://www.federalreserve.gov/newsevents/pressreleases/monetary20251029a.htm,raw/statements/monetary20251029a.htm,"Voting for the monetary policy action were Jerome H. Powell, Chair; John C. Williams, Vice Chair; Michael S. Barr; Michelle W. Bowman; Susan M. Collins; Lisa D. Cook; Austan D. Goolsbee; Philip N. Jefferson; Alberto G. Musalem; and Christopher J. Waller. Voting against this action were Stephen I. Miran, who preferred to lower the target range for the federal funds rate by 1/2 percentage point at this meeting, and Jeffrey R. Schmid, who preferred no change to the target range for the federal funds rate at this meeting.","Concurrence proves support for the action, not ideology"
2025-10-29,Lisa D. Cook,FOR,CUT,CONCUR,CUT,-1,VOTE_ACTION_PROXY,https://www.federalreserve.gov/newsevents/pressreleases/monetary20251029a.htm,raw/statements/monetary20251029a.htm,"Voting for the monetary policy action were Jerome H. Powell, Chair; John C. Williams, Vice Chair; Michael S. Barr; Michelle W. Bowman; Susan M. Collins; Lisa D. Cook; Austan D. Goolsbee; Philip N. Jefferson; Alberto G. Musalem; and Christopher J. Waller. Voting against this action were Stephen I. Miran, who preferred to lower the target range for the federal funds rate by 1/2 percentage point at this meeting, and Jeffrey R. Schmid, who preferred no change to the target range for the federal funds rate at this meeting.","Concurrence proves support for the action, not ideology"
2025-10-29,Michael S. Barr,FOR,CUT,CONCUR,CUT,-1,VOTE_ACTION_PROXY,https://www.federalreserve.gov/newsevents/pressreleases/monetary20251029a.htm,raw/statements/monetary20251029a.htm,"Voting for the monetary policy action were Jerome H. Powell, Chair; John C. Williams, Vice Chair; Michael S. Barr; Michelle W. Bowman; Susan M. Collins; Lisa D. Cook; Austan D. Goolsbee; Philip N. Jefferson; Alberto G. Musalem; and Christopher J. Waller. Voting against this action were Stephen I. Miran, who preferred to lower the target range for the federal funds rate by 1/2 percentage point at this meeting, and Jeffrey R. Schmid, who preferred no change to the target range for the federal funds rate at this meeting.","Concurrence proves support for the action, not ideology"
2025-10-29,Michelle W. Bowman,FOR,CUT,CONCUR,CUT,-1,VOTE_ACTION_PROXY,https://www.federalreserve.gov/newsevents/pressreleases/monetary20251029a.htm,raw/statements/monetary20251029a.htm,"Voting for the monetary policy action were Jerome H. Powell, Chair; John C. Williams, Vice Chair; Michael S. Barr; Michelle W. Bowman; Susan M. Collins; Lisa D. Cook; Austan D. Goolsbee; Philip N. Jefferson; Alberto G. Musalem; and Christopher J. Waller. Voting against this action were Stephen I. Miran, who preferred to lower the target range for the federal funds rate by 1/2 percentage point at this meeting, and Jeffrey R. Schmid, who preferred no change to the target range for the federal funds rate at this meeting.","Concurrence proves support for the action, not ideology"
2025-10-29,Philip N. Jefferson,FOR,CUT,CONCUR,CUT,-1,VOTE_ACTION_PROXY,https://www.federalreserve.gov/newsevents/pressreleases/monetary20251029a.htm,raw/statements/monetary20251029a.htm,"Voting for the monetary policy action were Jerome H. Powell, Chair; John C. Williams, Vice Chair; Michael S. Barr; Michelle W. Bowman; Susan M. Collins; Lisa D. Cook; Austan D. Goolsbee; Philip N. Jefferson; Alberto G. Musalem; and Christopher J. Waller. Voting against this action were Stephen I. Miran, who preferred to lower the target range for the federal funds rate by 1/2 percentage point at this meeting, and Jeffrey R. Schmid, who preferred no change to the target range for the federal funds rate at this meeting.","Concurrence proves support for the action, not ideology"
2025-10-29,Stephen I. Miran,AGAINST,CUT,EASIER,CUT_50BP,-2,VOTE_DISSENT,https://www.federalreserve.gov/newsevents/pressreleases/monetary20251029a.htm,raw/statements/monetary20251029a.htm,"Voting for the monetary policy action were Jerome H. Powell, Chair; John C. Williams, Vice Chair; Michael S. Barr; Michelle W. Bowman; Susan M. Collins; Lisa D. Cook; Austan D. Goolsbee; Philip N. Jefferson; Alberto G. Musalem; and Christopher J. Waller. Voting against this action were Stephen I. Miran, who preferred to lower the target range for the federal funds rate by 1/2 percentage point at this meeting, and Jeffrey R. Schmid, who preferred no change to the target range for the federal funds rate at this meeting.",Preferred a larger cut than the committee's 25bp cut
2025-10-29,Susan M. Collins,FOR,CUT,CONCUR,CUT,-1,VOTE_ACTION_PROXY,https://www.federalreserve.gov/newsevents/pressreleases/monetary20251029a.htm,raw/statements/monetary20251029a.htm,"Voting for the monetary policy action were Jerome H. Powell, Chair; John C. Williams, Vice Chair; Michael S. Barr; Michelle W. Bowman; Susan M. Collins; Lisa D. Cook; Austan D. Goolsbee; Philip N. Jefferson; Alberto G. Musalem; and Christopher J. Waller. Voting against this action were Stephen I. Miran, who preferred to lower the target range for the federal funds rate by 1/2 percentage point at this meeting, and Jeffrey R. Schmid, who preferred no change to the target range for the federal funds rate at this meeting.","Concurrence proves support for the action, not ideology"
2025-12-10,Alberto G. Musalem,FOR,CUT,CONCUR,CUT,-1,VOTE_ACTION_PROXY,https://www.federalreserve.gov/newsevents/pressreleases/monetary20251210a.htm,raw/statements/monetary20251210a.htm,"Voting for the monetary policy action were Jerome H. Powell, Chair; John C. Williams, Vice Chair; Michael S. Barr; Michelle W. Bowman; Susan M. Collins; Lisa D. Cook; Philip N. Jefferson; Alberto G. Musalem; and Christopher J. Waller. Voting against this action were Stephen I. Miran, who preferred to lower the target range for the federal funds rate by 1/2 percentage point at this meeting; and Austan D. Goolsbee and Jeffrey R. Schmid, who preferred no change to the target range for the federal funds rate at this meeting.","Concurrence proves support for the action, not ideology"
2025-12-10,Austan D. Goolsbee,AGAINST,CUT,TIGHTER,HOLD,2,VOTE_DISSENT,https://www.federalreserve.gov/newsevents/pressreleases/monetary20251210a.htm,raw/statements/monetary20251210a.htm,"Voting for the monetary policy action were Jerome H. Powell, Chair; John C. Williams, Vice Chair; Michael S. Barr; Michelle W. Bowman; Susan M. Collins; Lisa D. Cook; Philip N. Jefferson; Alberto G. Musalem; and Christopher J. Waller. Voting against this action were Stephen I. Miran, who preferred to lower the target range for the federal funds rate by 1/2 percentage point at this meeting; and Austan D. Goolsbee and Jeffrey R. Schmid, who preferred no change to the target range for the federal funds rate at this meeting.",Preferred no cut while the committee cut 25bp
2025-12-10,Christopher J. Waller,FOR,CUT,CONCUR,CUT,-1,VOTE_ACTION_PROXY,https://www.federalreserve.gov/newsevents/pressreleases/monetary20251210a.htm,raw/statements/monetary20251210a.htm,"Voting for the monetary policy action were Jerome H. Powell, Chair; John C. Williams, Vice Chair; Michael S. Barr; Michelle W. Bowman; Susan M. Collins; Lisa D. Cook; Philip N. Jefferson; Alberto G. Musalem; and Christopher J. Waller. Voting against this action were Stephen I. Miran, who preferred to lower the target range for the federal funds rate by 1/2 percentage point at this meeting; and Austan D. Goolsbee and Jeffrey R. Schmid, who preferred no change to the target range for the federal funds rate at this meeting.","Concurrence proves support for the action, not ideology"
2025-12-10,Jeffrey R. Schmid,AGAINST,CUT,TIGHTER,HOLD,2,VOTE_DISSENT,https://www.federalreserve.gov/newsevents/pressreleases/monetary20251210a.htm,raw/statements/monetary20251210a.htm,"Voting for the monetary policy action were Jerome H. Powell, Chair; John C. Williams, Vice Chair; Michael S. Barr; Michelle W. Bowman; Susan M. Collins; Lisa D. Cook; Philip N. Jefferson; Alberto G. Musalem; and Christopher J. Waller. Voting against this action were Stephen I. Miran, who preferred to lower the target range for the federal funds rate by 1/2 percentage point at this meeting; and Austan D. Goolsbee and Jeffrey R. Schmid, who preferred no change to the target range for the federal funds rate at this meeting.",Preferred no cut while the committee cut 25bp
2025-12-10,Jerome H. Powell,FOR,CUT,CONCUR,CUT,-1,VOTE_ACTION_PROXY,https://www.federalreserve.gov/newsevents/pressreleases/monetary20251210a.htm,raw/statements/monetary20251210a.htm,"Voting for the monetary policy action were Jerome H. Powell, Chair; John C. Williams, Vice Chair; Michael S. Barr; Michelle W. Bowman; Susan M. Collins; Lisa D. Cook; Philip N. Jefferson; Alberto G. Musalem; and Christopher J. Waller. Voting against this action were Stephen I. Miran, who preferred to lower the target range for the federal funds rate by 1/2 percentage point at this meeting; and Austan D. Goolsbee and Jeffrey R. Schmid, who preferred no change to the target range for the federal funds rate at this meeting.","Concurrence proves support for the action, not ideology"
2025-12-10,John C. Williams,FOR,CUT,CONCUR,CUT,-1,VOTE_ACTION_PROXY,https://www.federalreserve.gov/newsevents/pressreleases/monetary20251210a.htm,raw/statements/monetary20251210a.htm,"Voting for the monetary policy action were Jerome H. Powell, Chair; John C. Williams, Vice Chair; Michael S. Barr; Michelle W. Bowman; Susan M. Collins; Lisa D. Cook; Philip N. Jefferson; Alberto G. Musalem; and Christopher J. Waller. Voting against this action were Stephen I. Miran, who preferred to lower the target range for the federal funds rate by 1/2 percentage point at this meeting; and Austan D. Goolsbee and Jeffrey R. Schmid, who preferred no change to the target range for the federal funds rate at this meeting.","Concurrence proves support for the action, not ideology"
2025-12-10,Lisa D. Cook,FOR,CUT,CONCUR,CUT,-1,VOTE_ACTION_PROXY,https://www.federalreserve.gov/newsevents/pressreleases/monetary20251210a.htm,raw/statements/monetary20251210a.htm,"Voting for the monetary policy action were Jerome H. Powell, Chair; John C. Williams, Vice Chair; Michael S. Barr; Michelle W. Bowman; Susan M. Collins; Lisa D. Cook; Philip N. Jefferson; Alberto G. Musalem; and Christopher J. Waller. Voting against this action were Stephen I. Miran, who preferred to lower the target range for the federal funds rate by 1/2 percentage point at this meeting; and Austan D. Goolsbee and Jeffrey R. Schmid, who preferred no change to the target range for the federal funds rate at this meeting.","Concurrence proves support for the action, not ideology"
2025-12-10,Michael S. Barr,FOR,CUT,CONCUR,CUT,-1,VOTE_ACTION_PROXY,https://www.federalreserve.gov/newsevents/pressreleases/monetary20251210a.htm,raw/statements/monetary20251210a.htm,"Voting for the monetary policy action were Jerome H. Powell, Chair; John C. Williams, Vice Chair; Michael S. Barr; Michelle W. Bowman; Susan M. Collins; Lisa D. Cook; Philip N. Jefferson; Alberto G. Musalem; and Christopher J. Waller. Voting against this action were Stephen I. Miran, who preferred to lower the target range for the federal funds rate by 1/2 percentage point at this meeting; and Austan D. Goolsbee and Jeffrey R. Schmid, who preferred no change to the target range for the federal funds rate at this meeting.","Concurrence proves support for the action, not ideology"
2025-12-10,Michelle W. Bowman,FOR,CUT,CONCUR,CUT,-1,VOTE_ACTION_PROXY,https://www.federalreserve.gov/newsevents/pressreleases/monetary20251210a.htm,raw/statements/monetary20251210a.htm,"Voting for the monetary policy action were Jerome H. Powell, Chair; John C. Williams, Vice Chair; Michael S. Barr; Michelle W. Bowman; Susan M. Collins; Lisa D. Cook; Philip N. Jefferson; Alberto G. Musalem; and Christopher J. Waller. Voting against this action were Stephen I. Miran, who preferred to lower the target range for the federal funds rate by 1/2 percentage point at this meeting; and Austan D. Goolsbee and Jeffrey R. Schmid, who preferred no change to the target range for the federal funds rate at this meeting.","Concurrence proves support for the action, not ideology"
2025-12-10,Philip N. Jefferson,FOR,CUT,CONCUR,CUT,-1,VOTE_ACTION_PROXY,https://www.federalreserve.gov/newsevents/pressreleases/monetary20251210a.htm,raw/statements/monetary20251210a.htm,"Voting for the monetary policy action were Jerome H. Powell, Chair; John C. Williams, Vice Chair; Michael S. Barr; Michelle W. Bowman; Susan M. Collins; Lisa D. Cook; Philip N. Jefferson; Alberto G. Musalem; and Christopher J. Waller. Voting against this action were Stephen I. Miran, who preferred to lower the target range for the federal funds rate by 1/2 percentage point at this meeting; and Austan D. Goolsbee and Jeffrey R. Schmid, who preferred no change to the target range for the federal funds rate at this meeting.","Concurrence proves support for the action, not ideology"
2025-12-10,Stephen I. Miran,AGAINST,CUT,EASIER,CUT_50BP,-2,VOTE_DISSENT,https://www.federalreserve.gov/newsevents/pressreleases/monetary20251210a.htm,raw/statements/monetary20251210a.htm,"Voting for the monetary policy action were Jerome H. Powell, Chair; John C. Williams, Vice Chair; Michael S. Barr; Michelle W. Bowman; Susan M. Collins; Lisa D. Cook; Philip N. Jefferson; Alberto G. Musalem; and Christopher J. Waller. Voting against this action were Stephen I. Miran, who preferred to lower the target range for the federal funds rate by 1/2 percentage point at this meeting; and Austan D. Goolsbee and Jeffrey R. Schmid, who preferred no change to the target range for the federal funds rate at this meeting.",Preferred a larger cut than the committee's 25bp cut
2025-12-10,Susan M. Collins,FOR,CUT,CONCUR,CUT,-1,VOTE_ACTION_PROXY,https://www.federalreserve.gov/newsevents/pressreleases/monetary20251210a.htm,raw/statements/monetary20251210a.htm,"Voting for the monetary policy action were Jerome H. Powell, Chair; John C. Williams, Vice Chair; Michael S. Barr; Michelle W. Bowman; Susan M. Collins; Lisa D. Cook; Philip N. Jefferson; Alberto G. Musalem; and Christopher J. Waller. Voting against this action were Stephen I. Miran, who preferred to lower the target range for the federal funds rate by 1/2 percentage point at this meeting; and Austan D. Goolsbee and Jeffrey R. Schmid, who preferred no change to the target range for the federal funds rate at this meeting.","Concurrence proves support for the action, not ideology"
2026-01-28,Anna Paulson,FOR,HOLD,CONCUR,HOLD,0,VOTE_ACTION_PROXY,https://www.federalreserve.gov/newsevents/pressreleases/monetary20260128a.htm,raw/statements/monetary20260128a.htm,"Voting for the monetary policy action were Jerome H. Powell, Chair; John C. Williams, Vice Chair; Michael S. Barr; Michelle W. Bowman; Lisa D. Cook; Beth M. Hammack; Philip N. Jefferson; Neel Kashkari; Lorie K. Logan; and Anna Paulson. Voting against this action were Stephen I. Miran and Christopher J. Waller, who preferred to lower the target range for the federal funds rate by 1/4 percentage point at this meeting.","Concurrence proves support for the action, not ideology"
2026-01-28,Beth M. Hammack,FOR,HOLD,CONCUR,HOLD,0,VOTE_ACTION_PROXY,https://www.federalreserve.gov/newsevents/pressreleases/monetary20260128a.htm,raw/statements/monetary20260128a.htm,"Voting for the monetary policy action were Jerome H. Powell, Chair; John C. Williams, Vice Chair; Michael S. Barr; Michelle W. Bowman; Lisa D. Cook; Beth M. Hammack; Philip N. Jefferson; Neel Kashkari; Lorie K. Logan; and Anna Paulson. Voting against this action were Stephen I. Miran and Christopher J. Waller, who preferred to lower the target range for the federal funds rate by 1/4 percentage point at this meeting.","Concurrence proves support for the action, not ideology"
2026-01-28,Christopher J. Waller,AGAINST,HOLD,EASIER,CUT_25BP,-2,VOTE_DISSENT,https://www.federalreserve.gov/newsevents/pressreleases/monetary20260128a.htm,raw/statements/monetary20260128a.htm,"Voting for the monetary policy action were Jerome H. Powell, Chair; John C. Williams, Vice Chair; Michael S. Barr; Michelle W. Bowman; Lisa D. Cook; Beth M. Hammack; Philip N. Jefferson; Neel Kashkari; Lorie K. Logan; and Anna Paulson. Voting against this action were Stephen I. Miran and Christopher J. Waller, who preferred to lower the target range for the federal funds rate by 1/4 percentage point at this meeting.",Preferred a 25bp cut while the committee held
2026-01-28,Jerome H. Powell,FOR,HOLD,CONCUR,HOLD,0,VOTE_ACTION_PROXY,https://www.federalreserve.gov/newsevents/pressreleases/monetary20260128a.htm,raw/statements/monetary20260128a.htm,"Voting for the monetary policy action were Jerome H. Powell, Chair; John C. Williams, Vice Chair; Michael S. Barr; Michelle W. Bowman; Lisa D. Cook; Beth M. Hammack; Philip N. Jefferson; Neel Kashkari; Lorie K. Logan; and Anna Paulson. Voting against this action were Stephen I. Miran and Christopher J. Waller, who preferred to lower the target range for the federal funds rate by 1/4 percentage point at this meeting.","Concurrence proves support for the action, not ideology"
2026-01-28,John C. Williams,FOR,HOLD,CONCUR,HOLD,0,VOTE_ACTION_PROXY,https://www.federalreserve.gov/newsevents/pressreleases/monetary20260128a.htm,raw/statements/monetary20260128a.htm,"Voting for the monetary policy action were Jerome H. Powell, Chair; John C. Williams, Vice Chair; Michael S. Barr; Michelle W. Bowman; Lisa D. Cook; Beth M. Hammack; Philip N. Jefferson; Neel Kashkari; Lorie K. Logan; and Anna Paulson. Voting against this action were Stephen I. Miran and Christopher J. Waller, who preferred to lower the target range for the federal funds rate by 1/4 percentage point at this meeting.","Concurrence proves support for the action, not ideology"
2026-01-28,Lisa D. Cook,FOR,HOLD,CONCUR,HOLD,0,VOTE_ACTION_PROXY,https://www.federalreserve.gov/newsevents/pressreleases/monetary20260128a.htm,raw/statements/monetary20260128a.htm,"Voting for the monetary policy action were Jerome H. Powell, Chair; John C. Williams, Vice Chair; Michael S. Barr; Michelle W. Bowman; Lisa D. Cook; Beth M. Hammack; Philip N. Jefferson; Neel Kashkari; Lorie K. Logan; and Anna Paulson. Voting against this action were Stephen I. Miran and Christopher J. Waller, who preferred to lower the target range for the federal funds rate by 1/4 percentage point at this meeting.","Concurrence proves support for the action, not ideology"
2026-01-28,Lorie K. Logan,FOR,HOLD,CONCUR,HOLD,0,VOTE_ACTION_PROXY,https://www.federalreserve.gov/newsevents/pressreleases/monetary20260128a.htm,raw/statements/monetary20260128a.htm,"Voting for the monetary policy action were Jerome H. Powell, Chair; John C. Williams, Vice Chair; Michael S. Barr; Michelle W. Bowman; Lisa D. Cook; Beth M. Hammack; Philip N. Jefferson; Neel Kashkari; Lorie K. Logan; and Anna Paulson. Voting against this action were Stephen I. Miran and Christopher J. Waller, who preferred to lower the target range for the federal funds rate by 1/4 percentage point at this meeting.","Concurrence proves support for the action, not ideology"
2026-01-28,Michael S. Barr,FOR,HOLD,CONCUR,HOLD,0,VOTE_ACTION_PROXY,https://www.federalreserve.gov/newsevents/pressreleases/monetary20260128a.htm,raw/statements/monetary20260128a.htm,"Voting for the monetary policy action were Jerome H. Powell, Chair; John C. Williams, Vice Chair; Michael S. Barr; Michelle W. Bowman; Lisa D. Cook; Beth M. Hammack; Philip N. Jefferson; Neel Kashkari; Lorie K. Logan; and Anna Paulson. Voting against this action were Stephen I. Miran and Christopher J. Waller, who preferred to lower the target range for the federal funds rate by 1/4 percentage point at this meeting.","Concurrence proves support for the action, not ideology"
2026-01-28,Michelle W. Bowman,FOR,HOLD,CONCUR,HOLD,0,VOTE_ACTION_PROXY,https://www.federalreserve.gov/newsevents/pressreleases/monetary20260128a.htm,raw/statements/monetary20260128a.htm,"Voting for the monetary policy action were Jerome H. Powell, Chair; John C. Williams, Vice Chair; Michael S. Barr; Michelle W. Bowman; Lisa D. Cook; Beth M. Hammack; Philip N. Jefferson; Neel Kashkari; Lorie K. Logan; and Anna Paulson. Voting against this action were Stephen I. Miran and Christopher J. Waller, who preferred to lower the target range for the federal funds rate by 1/4 percentage point at this meeting.","Concurrence proves support for the action, not ideology"
2026-01-28,Neel Kashkari,FOR,HOLD,CONCUR,HOLD,0,VOTE_ACTION_PROXY,https://www.federalreserve.gov/newsevents/pressreleases/monetary20260128a.htm,raw/statements/monetary20260128a.htm,"Voting for the monetary policy action were Jerome H. Powell, Chair; John C. Williams, Vice Chair; Michael S. Barr; Michelle W. Bowman; Lisa D. Cook; Beth M. Hammack; Philip N. Jefferson; Neel Kashkari; Lorie K. Logan; and Anna Paulson. Voting against this action were Stephen I. Miran and Christopher J. Waller, who preferred to lower the target range for the federal funds rate by 1/4 percentage point at this meeting.","Concurrence proves support for the action, not ideology"
2026-01-28,Philip N. Jefferson,FOR,HOLD,CONCUR,HOLD,0,VOTE_ACTION_PROXY,https://www.federalreserve.gov/newsevents/pressreleases/monetary20260128a.htm,raw/statements/monetary20260128a.htm,"Voting for the monetary policy action were Jerome H. Powell, Chair; John C. Williams, Vice Chair; Michael S. Barr; Michelle W. Bowman; Lisa D. Cook; Beth M. Hammack; Philip N. Jefferson; Neel Kashkari; Lorie K. Logan; and Anna Paulson. Voting against this action were Stephen I. Miran and Christopher J. Waller, who preferred to lower the target range for the federal funds rate by 1/4 percentage point at this meeting.","Concurrence proves support for the action, not ideology"
2026-01-28,Stephen I. Miran,AGAINST,HOLD,EASIER,CUT_25BP,-2,VOTE_DISSENT,https://www.federalreserve.gov/newsevents/pressreleases/monetary20260128a.htm,raw/statements/monetary20260128a.htm,"Voting for the monetary policy action were Jerome H. Powell, Chair; John C. Williams, Vice Chair; Michael S. Barr; Michelle W. Bowman; Lisa D. Cook; Beth M. Hammack; Philip N. Jefferson; Neel Kashkari; Lorie K. Logan; and Anna Paulson. Voting against this action were Stephen I. Miran and Christopher J. Waller, who preferred to lower the target range for the federal funds rate by 1/4 percentage point at this meeting.",Preferred a 25bp cut while the committee held
2026-03-18,Anna Paulson,FOR,HOLD,CONCUR,HOLD,0,VOTE_ACTION_PROXY,https://www.federalreserve.gov/newsevents/pressreleases/monetary20260318a.htm,raw/statements/monetary20260318a.htm,"Voting for the monetary policy action were Jerome H. Powell, Chair; John C. Williams, Vice Chair; Michael S. Barr; Michelle W. Bowman; Lisa D. Cook; Beth M. Hammack; Philip N. Jefferson; Neel Kashkari; Lorie K. Logan; Anna Paulson; and Christopher J. Waller. Voting against this action was Stephen I. Miran, who preferred to lower the target range for the federal funds rate by 1/4 percentage point at this meeting.","Concurrence proves support for the action, not ideology"
2026-03-18,Beth M. Hammack,FOR,HOLD,CONCUR,HOLD,0,VOTE_ACTION_PROXY,https://www.federalreserve.gov/newsevents/pressreleases/monetary20260318a.htm,raw/statements/monetary20260318a.htm,"Voting for the monetary policy action were Jerome H. Powell, Chair; John C. Williams, Vice Chair; Michael S. Barr; Michelle W. Bowman; Lisa D. Cook; Beth M. Hammack; Philip N. Jefferson; Neel Kashkari; Lorie K. Logan; Anna Paulson; and Christopher J. Waller. Voting against this action was Stephen I. Miran, who preferred to lower the target range for the federal funds rate by 1/4 percentage point at this meeting.","Concurrence proves support for the action, not ideology"
2026-03-18,Christopher J. Waller,FOR,HOLD,CONCUR,HOLD,0,VOTE_ACTION_PROXY,https://www.federalreserve.gov/newsevents/pressreleases/monetary20260318a.htm,raw/statements/monetary20260318a.htm,"Voting for the monetary policy action were Jerome H. Powell, Chair; John C. Williams, Vice Chair; Michael S. Barr; Michelle W. Bowman; Lisa D. Cook; Beth M. Hammack; Philip N. Jefferson; Neel Kashkari; Lorie K. Logan; Anna Paulson; and Christopher J. Waller. Voting against this action was Stephen I. Miran, who preferred to lower the target range for the federal funds rate by 1/4 percentage point at this meeting.","Concurrence proves support for the action, not ideology"
2026-03-18,Jerome H. Powell,FOR,HOLD,CONCUR,HOLD,0,VOTE_ACTION_PROXY,https://www.federalreserve.gov/newsevents/pressreleases/monetary20260318a.htm,raw/statements/monetary20260318a.htm,"Voting for the monetary policy action were Jerome H. Powell, Chair; John C. Williams, Vice Chair; Michael S. Barr; Michelle W. Bowman; Lisa D. Cook; Beth M. Hammack; Philip N. Jefferson; Neel Kashkari; Lorie K. Logan; Anna Paulson; and Christopher J. Waller. Voting against this action was Stephen I. Miran, who preferred to lower the target range for the federal funds rate by 1/4 percentage point at this meeting.","Concurrence proves support for the action, not ideology"
2026-03-18,John C. Williams,FOR,HOLD,CONCUR,HOLD,0,VOTE_ACTION_PROXY,https://www.federalreserve.gov/newsevents/pressreleases/monetary20260318a.htm,raw/statements/monetary20260318a.htm,"Voting for the monetary policy action were Jerome H. Powell, Chair; John C. Williams, Vice Chair; Michael S. Barr; Michelle W. Bowman; Lisa D. Cook; Beth M. Hammack; Philip N. Jefferson; Neel Kashkari; Lorie K. Logan; Anna Paulson; and Christopher J. Waller. Voting against this action was Stephen I. Miran, who preferred to lower the target range for the federal funds rate by 1/4 percentage point at this meeting.","Concurrence proves support for the action, not ideology"
2026-03-18,Lisa D. Cook,FOR,HOLD,CONCUR,HOLD,0,VOTE_ACTION_PROXY,https://www.federalreserve.gov/newsevents/pressreleases/monetary20260318a.htm,raw/statements/monetary20260318a.htm,"Voting for the monetary policy action were Jerome H. Powell, Chair; John C. Williams, Vice Chair; Michael S. Barr; Michelle W. Bowman; Lisa D. Cook; Beth M. Hammack; Philip N. Jefferson; Neel Kashkari; Lorie K. Logan; Anna Paulson; and Christopher J. Waller. Voting against this action was Stephen I. Miran, who preferred to lower the target range for the federal funds rate by 1/4 percentage point at this meeting.","Concurrence proves support for the action, not ideology"
2026-03-18,Lorie K. Logan,FOR,HOLD,CONCUR,HOLD,0,VOTE_ACTION_PROXY,https://www.federalreserve.gov/newsevents/pressreleases/monetary20260318a.htm,raw/statements/monetary20260318a.htm,"Voting for the monetary policy action were Jerome H. Powell, Chair; John C. Williams, Vice Chair; Michael S. Barr; Michelle W. Bowman; Lisa D. Cook; Beth M. Hammack; Philip N. Jefferson; Neel Kashkari; Lorie K. Logan; Anna Paulson; and Christopher J. Waller. Voting against this action was Stephen I. Miran, who preferred to lower the target range for the federal funds rate by 1/4 percentage point at this meeting.","Concurrence proves support for the action, not ideology"
2026-03-18,Michael S. Barr,FOR,HOLD,CONCUR,HOLD,0,VOTE_ACTION_PROXY,https://www.federalreserve.gov/newsevents/pressreleases/monetary20260318a.htm,raw/statements/monetary20260318a.htm,"Voting for the monetary policy action were Jerome H. Powell, Chair; John C. Williams, Vice Chair; Michael S. Barr; Michelle W. Bowman; Lisa D. Cook; Beth M. Hammack; Philip N. Jefferson; Neel Kashkari; Lorie K. Logan; Anna Paulson; and Christopher J. Waller. Voting against this action was Stephen I. Miran, who preferred to lower the target range for the federal funds rate by 1/4 percentage point at this meeting.","Concurrence proves support for the action, not ideology"
2026-03-18,Michelle W. Bowman,FOR,HOLD,CONCUR,HOLD,0,VOTE_ACTION_PROXY,https://www.federalreserve.gov/newsevents/pressreleases/monetary20260318a.htm,raw/statements/monetary20260318a.htm,"Voting for the monetary policy action were Jerome H. Powell, Chair; John C. Williams, Vice Chair; Michael S. Barr; Michelle W. Bowman; Lisa D. Cook; Beth M. Hammack; Philip N. Jefferson; Neel Kashkari; Lorie K. Logan; Anna Paulson; and Christopher J. Waller. Voting against this action was Stephen I. Miran, who preferred to lower the target range for the federal funds rate by 1/4 percentage point at this meeting.","Concurrence proves support for the action, not ideology"
2026-03-18,Neel Kashkari,FOR,HOLD,CONCUR,HOLD,0,VOTE_ACTION_PROXY,https://www.federalreserve.gov/newsevents/pressreleases/monetary20260318a.htm,raw/statements/monetary20260318a.htm,"Voting for the monetary policy action were Jerome H. Powell, Chair; John C. Williams, Vice Chair; Michael S. Barr; Michelle W. Bowman; Lisa D. Cook; Beth M. Hammack; Philip N. Jefferson; Neel Kashkari; Lorie K. Logan; Anna Paulson; and Christopher J. Waller. Voting against this action was Stephen I. Miran, who preferred to lower the target range for the federal funds rate by 1/4 percentage point at this meeting.","Concurrence proves support for the action, not ideology"
2026-03-18,Philip N. Jefferson,FOR,HOLD,CONCUR,HOLD,0,VOTE_ACTION_PROXY,https://www.federalreserve.gov/newsevents/pressreleases/monetary20260318a.htm,raw/statements/monetary20260318a.htm,"Voting for the monetary policy action were Jerome H. Powell, Chair; John C. Williams, Vice Chair; Michael S. Barr; Michelle W. Bowman; Lisa D. Cook; Beth M. Hammack; Philip N. Jefferson; Neel Kashkari; Lorie K. Logan; Anna Paulson; and Christopher J. Waller. Voting against this action was Stephen I. Miran, who preferred to lower the target range for the federal funds rate by 1/4 percentage point at this meeting.","Concurrence proves support for the action, not ideology"
2026-03-18,Stephen I. Miran,AGAINST,HOLD,EASIER,CUT_25BP,-2,VOTE_DISSENT,https://www.federalreserve.gov/newsevents/pressreleases/monetary20260318a.htm,raw/statements/monetary20260318a.htm,"Voting for the monetary policy action were Jerome H. Powell, Chair; John C. Williams, Vice Chair; Michael S. Barr; Michelle W. Bowman; Lisa D. Cook; Beth M. Hammack; Philip N. Jefferson; Neel Kashkari; Lorie K. Logan; Anna Paulson; and Christopher J. Waller. Voting against this action was Stephen I. Miran, who preferred to lower the target range for the federal funds rate by 1/4 percentage point at this meeting.",Preferred a 25bp cut while the committee held
2026-04-29,Anna Paulson,FOR,HOLD,CONCUR,HOLD,0,VOTE_ACTION_PROXY,https://www.federalreserve.gov/newsevents/pressreleases/monetary20260429a.htm,raw/statements/monetary20260429a.htm,"Voting for the monetary policy action were Jerome H. Powell, Chair; John C. Williams, Vice Chair; Michael S. Barr; Michelle W. Bowman; Lisa D. Cook; Philip N. Jefferson; Anna Paulson; and Christopher J. Waller. Voting against this action were Stephen I. Miran, who preferred to lower the target range for the federal funds rate by 1/4 percentage point at this meeting; and Beth M. Hammack, Neel Kashkari, and Lorie K. Logan, who supported maintaining the target range for the federal funds rate but did not support inclusion of an easing bias in the statement at this time.","Concurrence proves support for the action, not ideology"
2026-04-29,Beth M. Hammack,AGAINST,HOLD,TIGHTER_GUIDANCE,NO_EASING_BIAS,1,VOTE_DISSENT,https://www.federalreserve.gov/newsevents/pressreleases/monetary20260429a.htm,raw/statements/monetary20260429a.htm,"Voting for the monetary policy action were Jerome H. Powell, Chair; John C. Williams, Vice Chair; Michael S. Barr; Michelle W. Bowman; Lisa D. Cook; Philip N. Jefferson; Anna Paulson; and Christopher J. Waller. Voting against this action were Stephen I. Miran, who preferred to lower the target range for the federal funds rate by 1/4 percentage point at this meeting; and Beth M. Hammack, Neel Kashkari, and Lorie K. Logan, who supported maintaining the target range for the federal funds rate but did not support inclusion of an easing bias in the statement at this time.",Supported the hold but opposed easing-biased statement language
2026-04-29,Christopher J. Waller,FOR,HOLD,CONCUR,HOLD,0,VOTE_ACTION_PROXY,https://www.federalreserve.gov/newsevents/pressreleases/monetary20260429a.htm,raw/statements/monetary20260429a.htm,"Voting for the monetary policy action were Jerome H. Powell, Chair; John C. Williams, Vice Chair; Michael S. Barr; Michelle W. Bowman; Lisa D. Cook; Philip N. Jefferson; Anna Paulson; and Christopher J. Waller. Voting against this action were Stephen I. Miran, who preferred to lower the target range for the federal funds rate by 1/4 percentage point at this meeting; and Beth M. Hammack, Neel Kashkari, and Lorie K. Logan, who supported maintaining the target range for the federal funds rate but did not support inclusion of an easing bias in the statement at this time.","Concurrence proves support for the action, not ideology"
2026-04-29,Jerome H. Powell,FOR,HOLD,CONCUR,HOLD,0,VOTE_ACTION_PROXY,https://www.federalreserve.gov/newsevents/pressreleases/monetary20260429a.htm,raw/statements/monetary20260429a.htm,"Voting for the monetary policy action were Jerome H. Powell, Chair; John C. Williams, Vice Chair; Michael S. Barr; Michelle W. Bowman; Lisa D. Cook; Philip N. Jefferson; Anna Paulson; and Christopher J. Waller. Voting against this action were Stephen I. Miran, who preferred to lower the target range for the federal funds rate by 1/4 percentage point at this meeting; and Beth M. Hammack, Neel Kashkari, and Lorie K. Logan, who supported maintaining the target range for the federal funds rate but did not support inclusion of an easing bias in the statement at this time.","Concurrence proves support for the action, not ideology"
2026-04-29,John C. Williams,FOR,HOLD,CONCUR,HOLD,0,VOTE_ACTION_PROXY,https://www.federalreserve.gov/newsevents/pressreleases/monetary20260429a.htm,raw/statements/monetary20260429a.htm,"Voting for the monetary policy action were Jerome H. Powell, Chair; John C. Williams, Vice Chair; Michael S. Barr; Michelle W. Bowman; Lisa D. Cook; Philip N. Jefferson; Anna Paulson; and Christopher J. Waller. Voting against this action were Stephen I. Miran, who preferred to lower the target range for the federal funds rate by 1/4 percentage point at this meeting; and Beth M. Hammack, Neel Kashkari, and Lorie K. Logan, who supported maintaining the target range for the federal funds rate but did not support inclusion of an easing bias in the statement at this time.","Concurrence proves support for the action, not ideology"
2026-04-29,Lisa D. Cook,FOR,HOLD,CONCUR,HOLD,0,VOTE_ACTION_PROXY,https://www.federalreserve.gov/newsevents/pressreleases/monetary20260429a.htm,raw/statements/monetary20260429a.htm,"Voting for the monetary policy action were Jerome H. Powell, Chair; John C. Williams, Vice Chair; Michael S. Barr; Michelle W. Bowman; Lisa D. Cook; Philip N. Jefferson; Anna Paulson; and Christopher J. Waller. Voting against this action were Stephen I. Miran, who preferred to lower the target range for the federal funds rate by 1/4 percentage point at this meeting; and Beth M. Hammack, Neel Kashkari, and Lorie K. Logan, who supported maintaining the target range for the federal funds rate but did not support inclusion of an easing bias in the statement at this time.","Concurrence proves support for the action, not ideology"
2026-04-29,Lorie K. Logan,AGAINST,HOLD,TIGHTER_GUIDANCE,NO_EASING_BIAS,1,VOTE_DISSENT,https://www.federalreserve.gov/newsevents/pressreleases/monetary20260429a.htm,raw/statements/monetary20260429a.htm,"Voting for the monetary policy action were Jerome H. Powell, Chair; John C. Williams, Vice Chair; Michael S. Barr; Michelle W. Bowman; Lisa D. Cook; Philip N. Jefferson; Anna Paulson; and Christopher J. Waller. Voting against this action were Stephen I. Miran, who preferred to lower the target range for the federal funds rate by 1/4 percentage point at this meeting; and Beth M. Hammack, Neel Kashkari, and Lorie K. Logan, who supported maintaining the target range for the federal funds rate but did not support inclusion of an easing bias in the statement at this time.",Supported the hold but opposed easing-biased statement language
2026-04-29,Michael S. Barr,FOR,HOLD,CONCUR,HOLD,0,VOTE_ACTION_PROXY,https://www.federalreserve.gov/newsevents/pressreleases/monetary20260429a.htm,raw/statements/monetary20260429a.htm,"Voting for the monetary policy action were Jerome H. Powell, Chair; John C. Williams, Vice Chair; Michael S. Barr; Michelle W. Bowman; Lisa D. Cook; Philip N. Jefferson; Anna Paulson; and Christopher J. Waller. Voting against this action were Stephen I. Miran, who preferred to lower the target range for the federal funds rate by 1/4 percentage point at this meeting; and Beth M. Hammack, Neel Kashkari, and Lorie K. Logan, who supported maintaining the target range for the federal funds rate but did not support inclusion of an easing bias in the statement at this time.","Concurrence proves support for the action, not ideology"
2026-04-29,Michelle W. Bowman,FOR,HOLD,CONCUR,HOLD,0,VOTE_ACTION_PROXY,https://www.federalreserve.gov/newsevents/pressreleases/monetary20260429a.htm,raw/statements/monetary20260429a.htm,"Voting for the monetary policy action were Jerome H. Powell, Chair; John C. Williams, Vice Chair; Michael S. Barr; Michelle W. Bowman; Lisa D. Cook; Philip N. Jefferson; Anna Paulson; and Christopher J. Waller. Voting against this action were Stephen I. Miran, who preferred to lower the target range for the federal funds rate by 1/4 percentage point at this meeting; and Beth M. Hammack, Neel Kashkari, and Lorie K. Logan, who supported maintaining the target range for the federal funds rate but did not support inclusion of an easing bias in the statement at this time.","Concurrence proves support for the action, not ideology"
2026-04-29,Neel Kashkari,AGAINST,HOLD,TIGHTER_GUIDANCE,NO_EASING_BIAS,1,VOTE_DISSENT,https://www.federalreserve.gov/newsevents/pressreleases/monetary20260429a.htm,raw/statements/monetary20260429a.htm,"Voting for the monetary policy action were Jerome H. Powell, Chair; John C. Williams, Vice Chair; Michael S. Barr; Michelle W. Bowman; Lisa D. Cook; Philip N. Jefferson; Anna Paulson; and Christopher J. Waller. Voting against this action were Stephen I. Miran, who preferred to lower the target range for the federal funds rate by 1/4 percentage point at this meeting; and Beth M. Hammack, Neel Kashkari, and Lorie K. Logan, who supported maintaining the target range for the federal funds rate but did not support inclusion of an easing bias in the statement at this time.",Supported the hold but opposed easing-biased statement language
2026-04-29,Philip N. Jefferson,FOR,HOLD,CONCUR,HOLD,0,VOTE_ACTION_PROXY,https://www.federalreserve.gov/newsevents/pressreleases/monetary20260429a.htm,raw/statements/monetary20260429a.htm,"Voting for the monetary policy action were Jerome H. Powell, Chair; John C. Williams, Vice Chair; Michael S. Barr; Michelle W. Bowman; Lisa D. Cook; Philip N. Jefferson; Anna Paulson; and Christopher J. Waller. Voting against this action were Stephen I. Miran, who preferred to lower the target range for the federal funds rate by 1/4 percentage point at this meeting; and Beth M. Hammack, Neel Kashkari, and Lorie K. Logan, who supported maintaining the target range for the federal funds rate but did not support inclusion of an easing bias in the statement at this time.","Concurrence proves support for the action, not ideology"
2026-04-29,Stephen I. Miran,AGAINST,HOLD,EASIER,CUT_25BP,-2,VOTE_DISSENT,https://www.federalreserve.gov/newsevents/pressreleases/monetary20260429a.htm,raw/statements/monetary20260429a.htm,"Voting for the monetary policy action were Jerome H. Powell, Chair; John C. Williams, Vice Chair; Michael S. Barr; Michelle W. Bowman; Lisa D. Cook; Philip N. Jefferson; Anna Paulson; and Christopher J. Waller. Voting against this action were Stephen I. Miran, who preferred to lower the target range for the federal funds rate by 1/4 percentage point at this meeting; and Beth M. Hammack, Neel Kashkari, and Lorie K. Logan, who supported maintaining the target range for the federal funds rate but did not support inclusion of an easing bias in the statement at this time.",Preferred a 25bp cut while the committee held
2026-06-17,Anna Paulson,FOR,HOLD,CONCUR,HOLD,0,VOTE_ACTION_PROXY,https://www.federalreserve.gov/monetarypolicy/fomcminutes20260617.htm,raw/minutes/fomcminutes20260617.htm,"Voting for this action: Kevin Warsh, John C. Williams, Michael S. Barr, Michelle W. Bowman, Lisa D. Cook, Beth M. Hammack, Philip N. Jefferson, Neel Kashkari, Lorie K. Logan, Anna Paulson, Jerome H. Powell, and Christopher J. Waller. Voting against this action: None. Consistent with the Committee's decision to leave the target range for the federal funds rate unchanged, the Board of Governors of the Federal Reserve System voted unanimously to maintain the interest rate paid on reserve balances at 3.65 percent, effective June 18, 2026. The Board of Governors of the Federal Reserve System voted unanimously to approve the establishment of the primary credit rate at the existing level of 3.75 percent. It was agreed that the next meeting of the Committee would be held on Tuesday–Wednesday, July 28–29, 2026. The meeting adjourned at 10:30 a.m. on June 17, 2026. Notation Vote By notation vote completed on May 19, 2026, the Committee unanimously approved the minutes of the Committee meeting held on April 28–29, 2026. Attendance Kevin Warsh, Chairman John C. Williams, Vice Chair Michael S. Barr Michelle W. Bowman Lisa D. Cook Beth M. Hammack Philip N. Jefferson Neel Kashkari Lorie K. Logan Anna Paulson Jerome H. Powell Christopher J. Waller Thomas I. Barkin, Mary C. Daly, Austan D. Goolsbee, Sushmita Shukla, and Cheryl L. Venable, Alternate Members of the Committee Susan M. Collins, Alberto G. Musalem, and Jeffrey R. Schmid, Presidents of the Federal Reserve Banks of Boston, St. Louis, and Kansas City, respectively Joshua Gallin, Secretary Matthew M. Luecke, Deputy Secretary Michelle A. Smith, Assistant Secretary Mark E. Van Der Weide, General Counsel Richard Ostrander, Deputy General Counsel Trevor A. Reeve, Economist Stacey Tevlin, Economist Beth Anne Wilson, Economist Stephanie R. Aaronson, Shaghil Ahmed, Brian M. Doyle, Eric M. Engen, Michael T. Kiley, Elizabeth Klee, Edward S. Knotek II, Karel Mertens, Andrea Raffo, and Donald Keith Sill, Associate Economists Roberto Perli, Manager, System Open Market Account Julie Ann Remache, Deputy Manager, System Open Market Account Jose Acosta, Senior System Engineer II, Division of Information Technology, Board Isaiah C. Ahn, Information Management Analyst, Division of Monetary Affairs, Board Alyssa Arute,2 Assistant Director, Division of Reserve Bank Operations and Payment Systems, Board Gadi Barlevy, Executive Vice President, Federal Reserve Bank of Chicago William F. Bassett, Senior Associate Director, Division of Financial Stability, Board Kimberly N. Bayard, Section Chief, Division of Research and Statistics, Board Michele Cavallo, Special Adviser to the Board, Division of Board Members, Board Lisa Chung,2 Head of Domestic and International Markets, Federal Reserve Bank of New York Andrew Cohen,3 Special Adviser to the Board, Division of Board Members, Board Francisco Covas, Deputy Director, Division of Supervision and Regulation, Board Ryan A. Decker, Special Adviser to the Board, Division of Board Members, Board Cynthia L. Doniger,4 Principal Economist, Division of Monetary Affairs, Board Burcu Duygan-Bump, Deputy Director, Division of Research and Statistics, Board Eric C. Engstrom, Special Adviser to the Chairman, Division of Board Members, Board Giovanni Favara, Associate Director, Division of Monetary Affairs, Board Laura J. Feiveson,4 Special Adviser to the Board, Division of Board Members, Board Andrew Figura, Senior Associate Director, Division of Research and Statistics, Board Jenn Gallagher, Assistant to the Board, Division of Board Members, Board Carlos Garriga, Senior Vice President, Federal Reserve Bank of St. Louis Joseph W. Gruber, Executive Vice President, Federal Reserve Bank of Kansas City Daniel L. Heil, Assistant to the Chairman (Special Projects), Division of Board Members, Board Erik Heitfield, Deputy Associate Director, Division of Research and Statistics, Board Valerie S. Hinojosa, Assistant Director, Division of Monetary Affairs, Board Jane E. Ihrig, Special Adviser to the Board, Division of Board Members, Board Margaret M. Jacobson, Senior Economist, Division of Monetary Affairs, Board Benjamin K. Johannsen, Deputy Associate Director, Division of Monetary Affairs, Board Anna R. Kovner, Executive Vice President, Federal Reserve Bank of Richmond Spencer D. Krane, Senior Vice President, Federal Reserve Bank of Chicago Sylvain Leduc, Executive Vice President and Director of Economic Research, Federal Reserve Bank of San Francisco Andreas Lehnert, Director, Division of Financial Stability, Board Paul Lengermann, Deputy Associate Director, Division of Research and Statistics, Board Eric LeSueur,2 Policy and Market Analysis Advisor, Federal Reserve Bank of New York Logan T. Lewis, Assistant Director, Division of International Finance, Board Laura Lipscomb, Special Adviser to the Board, Division of Board Members, Board Francesca Loria, Principal Economist, Division of Monetary Affairs, Board Byron Lutz, Deputy Associate Director, Division of Research and Statistics, Board Jonathan P. McCarthy, Economic Research Advisor, Federal Reserve Bank of New York John P. McConnell, Assistant to the Chairman (Speechwriting), Division of Board Members, Board Benjamin W. McDonough, Secretary of the Board, Office of the Secretary, Board David Newville, Director, Division of Consumer and Community Affairs, Board Anna Nordstrom, Head of Markets, Federal Reserve Bank of New York Alyssa T. O'Connor, Special Adviser to the Board, Division of Board Members, Board Karen A. Pennell, First Vice President, Federal Reserve Bank of Boston Eugenio P. Pinto, Special Adviser to the Board, Division of Board Members, Board Odelle Quisumbing,2 Assistant to the Secretary, Office of the Secretary, Board Nellisha D. Ramdass, Deputy Director, Division of Monetary Affairs, Board Romina D. Ruprecht, Senior Economist, Division of Monetary Affairs, Board Zeynep Senyuz, Special Adviser to the Board, Division of Board Members, Board Hiroatsu Tanaka, Principal Economist, Division of Monetary Affairs, Board Mary H. Tian, Group Manager, Division of Monetary Affairs, Board Jeffrey D. Walker,2 Senior Associate Director, Division of Reserve Bank Operations and Payment Systems, Board Jonathan Willis, Vice President, Federal Reserve Bank of Atlanta Paul Winfree, Assistant to the Chairman (Special Projects), Division of Board Members, Board Emre Yoldas, Deputy Associate Director, Division of International Finance, Board Egon Zakrajšek, Executive Vice President, Federal Reserve Bank of Boston _______________________ Joshua Gallin Secretary 1. The Federal Open Market Committee is referenced as the ""FOMC"" and the ""Committee"" in these minutes; the Board of Governors of the Federal Reserve System is referenced as the ""Board"" in these minutes. Return to text 2. Attended through the discussion of developments in financial markets and open market operations. Return to text 3. Attended Wednesday's session only. Return to text 4. Attended Tuesday's session only. Return to text Back to Top","Concurrence proves support for the action, not ideology"
2026-06-17,Beth M. Hammack,FOR,HOLD,CONCUR,HOLD,0,VOTE_ACTION_PROXY,https://www.federalreserve.gov/monetarypolicy/fomcminutes20260617.htm,raw/minutes/fomcminutes20260617.htm,"Voting for this action: Kevin Warsh, John C. Williams, Michael S. Barr, Michelle W. Bowman, Lisa D. Cook, Beth M. Hammack, Philip N. Jefferson, Neel Kashkari, Lorie K. Logan, Anna Paulson, Jerome H. Powell, and Christopher J. Waller. Voting against this action: None. Consistent with the Committee's decision to leave the target range for the federal funds rate unchanged, the Board of Governors of the Federal Reserve System voted unanimously to maintain the interest rate paid on reserve balances at 3.65 percent, effective June 18, 2026. The Board of Governors of the Federal Reserve System voted unanimously to approve the establishment of the primary credit rate at the existing level of 3.75 percent. It was agreed that the next meeting of the Committee would be held on Tuesday–Wednesday, July 28–29, 2026. The meeting adjourned at 10:30 a.m. on June 17, 2026. Notation Vote By notation vote completed on May 19, 2026, the Committee unanimously approved the minutes of the Committee meeting held on April 28–29, 2026. Attendance Kevin Warsh, Chairman John C. Williams, Vice Chair Michael S. Barr Michelle W. Bowman Lisa D. Cook Beth M. Hammack Philip N. Jefferson Neel Kashkari Lorie K. Logan Anna Paulson Jerome H. Powell Christopher J. Waller Thomas I. Barkin, Mary C. Daly, Austan D. Goolsbee, Sushmita Shukla, and Cheryl L. Venable, Alternate Members of the Committee Susan M. Collins, Alberto G. Musalem, and Jeffrey R. Schmid, Presidents of the Federal Reserve Banks of Boston, St. Louis, and Kansas City, respectively Joshua Gallin, Secretary Matthew M. Luecke, Deputy Secretary Michelle A. Smith, Assistant Secretary Mark E. Van Der Weide, General Counsel Richard Ostrander, Deputy General Counsel Trevor A. Reeve, Economist Stacey Tevlin, Economist Beth Anne Wilson, Economist Stephanie R. Aaronson, Shaghil Ahmed, Brian M. Doyle, Eric M. Engen, Michael T. Kiley, Elizabeth Klee, Edward S. Knotek II, Karel Mertens, Andrea Raffo, and Donald Keith Sill, Associate Economists Roberto Perli, Manager, System Open Market Account Julie Ann Remache, Deputy Manager, System Open Market Account Jose Acosta, Senior System Engineer II, Division of Information Technology, Board Isaiah C. Ahn, Information Management Analyst, Division of Monetary Affairs, Board Alyssa Arute,2 Assistant Director, Division of Reserve Bank Operations and Payment Systems, Board Gadi Barlevy, Executive Vice President, Federal Reserve Bank of Chicago William F. Bassett, Senior Associate Director, Division of Financial Stability, Board Kimberly N. Bayard, Section Chief, Division of Research and Statistics, Board Michele Cavallo, Special Adviser to the Board, Division of Board Members, Board Lisa Chung,2 Head of Domestic and International Markets, Federal Reserve Bank of New York Andrew Cohen,3 Special Adviser to the Board, Division of Board Members, Board Francisco Covas, Deputy Director, Division of Supervision and Regulation, Board Ryan A. Decker, Special Adviser to the Board, Division of Board Members, Board Cynthia L. Doniger,4 Principal Economist, Division of Monetary Affairs, Board Burcu Duygan-Bump, Deputy Director, Division of Research and Statistics, Board Eric C. Engstrom, Special Adviser to the Chairman, Division of Board Members, Board Giovanni Favara, Associate Director, Division of Monetary Affairs, Board Laura J. Feiveson,4 Special Adviser to the Board, Division of Board Members, Board Andrew Figura, Senior Associate Director, Division of Research and Statistics, Board Jenn Gallagher, Assistant to the Board, Division of Board Members, Board Carlos Garriga, Senior Vice President, Federal Reserve Bank of St. Louis Joseph W. Gruber, Executive Vice President, Federal Reserve Bank of Kansas City Daniel L. Heil, Assistant to the Chairman (Special Projects), Division of Board Members, Board Erik Heitfield, Deputy Associate Director, Division of Research and Statistics, Board Valerie S. Hinojosa, Assistant Director, Division of Monetary Affairs, Board Jane E. Ihrig, Special Adviser to the Board, Division of Board Members, Board Margaret M. Jacobson, Senior Economist, Division of Monetary Affairs, Board Benjamin K. Johannsen, Deputy Associate Director, Division of Monetary Affairs, Board Anna R. Kovner, Executive Vice President, Federal Reserve Bank of Richmond Spencer D. Krane, Senior Vice President, Federal Reserve Bank of Chicago Sylvain Leduc, Executive Vice President and Director of Economic Research, Federal Reserve Bank of San Francisco Andreas Lehnert, Director, Division of Financial Stability, Board Paul Lengermann, Deputy Associate Director, Division of Research and Statistics, Board Eric LeSueur,2 Policy and Market Analysis Advisor, Federal Reserve Bank of New York Logan T. Lewis, Assistant Director, Division of International Finance, Board Laura Lipscomb, Special Adviser to the Board, Division of Board Members, Board Francesca Loria, Principal Economist, Division of Monetary Affairs, Board Byron Lutz, Deputy Associate Director, Division of Research and Statistics, Board Jonathan P. McCarthy, Economic Research Advisor, Federal Reserve Bank of New York John P. McConnell, Assistant to the Chairman (Speechwriting), Division of Board Members, Board Benjamin W. McDonough, Secretary of the Board, Office of the Secretary, Board David Newville, Director, Division of Consumer and Community Affairs, Board Anna Nordstrom, Head of Markets, Federal Reserve Bank of New York Alyssa T. O'Connor, Special Adviser to the Board, Division of Board Members, Board Karen A. Pennell, First Vice President, Federal Reserve Bank of Boston Eugenio P. Pinto, Special Adviser to the Board, Division of Board Members, Board Odelle Quisumbing,2 Assistant to the Secretary, Office of the Secretary, Board Nellisha D. Ramdass, Deputy Director, Division of Monetary Affairs, Board Romina D. Ruprecht, Senior Economist, Division of Monetary Affairs, Board Zeynep Senyuz, Special Adviser to the Board, Division of Board Members, Board Hiroatsu Tanaka, Principal Economist, Division of Monetary Affairs, Board Mary H. Tian, Group Manager, Division of Monetary Affairs, Board Jeffrey D. Walker,2 Senior Associate Director, Division of Reserve Bank Operations and Payment Systems, Board Jonathan Willis, Vice President, Federal Reserve Bank of Atlanta Paul Winfree, Assistant to the Chairman (Special Projects), Division of Board Members, Board Emre Yoldas, Deputy Associate Director, Division of International Finance, Board Egon Zakrajšek, Executive Vice President, Federal Reserve Bank of Boston _______________________ Joshua Gallin Secretary 1. The Federal Open Market Committee is referenced as the ""FOMC"" and the ""Committee"" in these minutes; the Board of Governors of the Federal Reserve System is referenced as the ""Board"" in these minutes. Return to text 2. Attended through the discussion of developments in financial markets and open market operations. Return to text 3. Attended Wednesday's session only. Return to text 4. Attended Tuesday's session only. Return to text Back to Top","Concurrence proves support for the action, not ideology"
2026-06-17,Christopher J. Waller,FOR,HOLD,CONCUR,HOLD,0,VOTE_ACTION_PROXY,https://www.federalreserve.gov/monetarypolicy/fomcminutes20260617.htm,raw/minutes/fomcminutes20260617.htm,"Voting for this action: Kevin Warsh, John C. Williams, Michael S. Barr, Michelle W. Bowman, Lisa D. Cook, Beth M. Hammack, Philip N. Jefferson, Neel Kashkari, Lorie K. Logan, Anna Paulson, Jerome H. Powell, and Christopher J. Waller. Voting against this action: None. Consistent with the Committee's decision to leave the target range for the federal funds rate unchanged, the Board of Governors of the Federal Reserve System voted unanimously to maintain the interest rate paid on reserve balances at 3.65 percent, effective June 18, 2026. The Board of Governors of the Federal Reserve System voted unanimously to approve the establishment of the primary credit rate at the existing level of 3.75 percent. It was agreed that the next meeting of the Committee would be held on Tuesday–Wednesday, July 28–29, 2026. The meeting adjourned at 10:30 a.m. on June 17, 2026. Notation Vote By notation vote completed on May 19, 2026, the Committee unanimously approved the minutes of the Committee meeting held on April 28–29, 2026. Attendance Kevin Warsh, Chairman John C. Williams, Vice Chair Michael S. Barr Michelle W. Bowman Lisa D. Cook Beth M. Hammack Philip N. Jefferson Neel Kashkari Lorie K. Logan Anna Paulson Jerome H. Powell Christopher J. Waller Thomas I. Barkin, Mary C. Daly, Austan D. Goolsbee, Sushmita Shukla, and Cheryl L. Venable, Alternate Members of the Committee Susan M. Collins, Alberto G. Musalem, and Jeffrey R. Schmid, Presidents of the Federal Reserve Banks of Boston, St. Louis, and Kansas City, respectively Joshua Gallin, Secretary Matthew M. Luecke, Deputy Secretary Michelle A. Smith, Assistant Secretary Mark E. Van Der Weide, General Counsel Richard Ostrander, Deputy General Counsel Trevor A. Reeve, Economist Stacey Tevlin, Economist Beth Anne Wilson, Economist Stephanie R. Aaronson, Shaghil Ahmed, Brian M. Doyle, Eric M. Engen, Michael T. Kiley, Elizabeth Klee, Edward S. Knotek II, Karel Mertens, Andrea Raffo, and Donald Keith Sill, Associate Economists Roberto Perli, Manager, System Open Market Account Julie Ann Remache, Deputy Manager, System Open Market Account Jose Acosta, Senior System Engineer II, Division of Information Technology, Board Isaiah C. Ahn, Information Management Analyst, Division of Monetary Affairs, Board Alyssa Arute,2 Assistant Director, Division of Reserve Bank Operations and Payment Systems, Board Gadi Barlevy, Executive Vice President, Federal Reserve Bank of Chicago William F. Bassett, Senior Associate Director, Division of Financial Stability, Board Kimberly N. Bayard, Section Chief, Division of Research and Statistics, Board Michele Cavallo, Special Adviser to the Board, Division of Board Members, Board Lisa Chung,2 Head of Domestic and International Markets, Federal Reserve Bank of New York Andrew Cohen,3 Special Adviser to the Board, Division of Board Members, Board Francisco Covas, Deputy Director, Division of Supervision and Regulation, Board Ryan A. Decker, Special Adviser to the Board, Division of Board Members, Board Cynthia L. Doniger,4 Principal Economist, Division of Monetary Affairs, Board Burcu Duygan-Bump, Deputy Director, Division of Research and Statistics, Board Eric C. Engstrom, Special Adviser to the Chairman, Division of Board Members, Board Giovanni Favara, Associate Director, Division of Monetary Affairs, Board Laura J. Feiveson,4 Special Adviser to the Board, Division of Board Members, Board Andrew Figura, Senior Associate Director, Division of Research and Statistics, Board Jenn Gallagher, Assistant to the Board, Division of Board Members, Board Carlos Garriga, Senior Vice President, Federal Reserve Bank of St. Louis Joseph W. Gruber, Executive Vice President, Federal Reserve Bank of Kansas City Daniel L. Heil, Assistant to the Chairman (Special Projects), Division of Board Members, Board Erik Heitfield, Deputy Associate Director, Division of Research and Statistics, Board Valerie S. Hinojosa, Assistant Director, Division of Monetary Affairs, Board Jane E. Ihrig, Special Adviser to the Board, Division of Board Members, Board Margaret M. Jacobson, Senior Economist, Division of Monetary Affairs, Board Benjamin K. Johannsen, Deputy Associate Director, Division of Monetary Affairs, Board Anna R. Kovner, Executive Vice President, Federal Reserve Bank of Richmond Spencer D. Krane, Senior Vice President, Federal Reserve Bank of Chicago Sylvain Leduc, Executive Vice President and Director of Economic Research, Federal Reserve Bank of San Francisco Andreas Lehnert, Director, Division of Financial Stability, Board Paul Lengermann, Deputy Associate Director, Division of Research and Statistics, Board Eric LeSueur,2 Policy and Market Analysis Advisor, Federal Reserve Bank of New York Logan T. Lewis, Assistant Director, Division of International Finance, Board Laura Lipscomb, Special Adviser to the Board, Division of Board Members, Board Francesca Loria, Principal Economist, Division of Monetary Affairs, Board Byron Lutz, Deputy Associate Director, Division of Research and Statistics, Board Jonathan P. McCarthy, Economic Research Advisor, Federal Reserve Bank of New York John P. McConnell, Assistant to the Chairman (Speechwriting), Division of Board Members, Board Benjamin W. McDonough, Secretary of the Board, Office of the Secretary, Board David Newville, Director, Division of Consumer and Community Affairs, Board Anna Nordstrom, Head of Markets, Federal Reserve Bank of New York Alyssa T. O'Connor, Special Adviser to the Board, Division of Board Members, Board Karen A. Pennell, First Vice President, Federal Reserve Bank of Boston Eugenio P. Pinto, Special Adviser to the Board, Division of Board Members, Board Odelle Quisumbing,2 Assistant to the Secretary, Office of the Secretary, Board Nellisha D. Ramdass, Deputy Director, Division of Monetary Affairs, Board Romina D. Ruprecht, Senior Economist, Division of Monetary Affairs, Board Zeynep Senyuz, Special Adviser to the Board, Division of Board Members, Board Hiroatsu Tanaka, Principal Economist, Division of Monetary Affairs, Board Mary H. Tian, Group Manager, Division of Monetary Affairs, Board Jeffrey D. Walker,2 Senior Associate Director, Division of Reserve Bank Operations and Payment Systems, Board Jonathan Willis, Vice President, Federal Reserve Bank of Atlanta Paul Winfree, Assistant to the Chairman (Special Projects), Division of Board Members, Board Emre Yoldas, Deputy Associate Director, Division of International Finance, Board Egon Zakrajšek, Executive Vice President, Federal Reserve Bank of Boston _______________________ Joshua Gallin Secretary 1. The Federal Open Market Committee is referenced as the ""FOMC"" and the ""Committee"" in these minutes; the Board of Governors of the Federal Reserve System is referenced as the ""Board"" in these minutes. Return to text 2. Attended through the discussion of developments in financial markets and open market operations. Return to text 3. Attended Wednesday's session only. Return to text 4. Attended Tuesday's session only. Return to text Back to Top","Concurrence proves support for the action, not ideology"
2026-06-17,Jerome H. Powell,FOR,HOLD,CONCUR,HOLD,0,VOTE_ACTION_PROXY,https://www.federalreserve.gov/monetarypolicy/fomcminutes20260617.htm,raw/minutes/fomcminutes20260617.htm,"Voting for this action: Kevin Warsh, John C. Williams, Michael S. Barr, Michelle W. Bowman, Lisa D. Cook, Beth M. Hammack, Philip N. Jefferson, Neel Kashkari, Lorie K. Logan, Anna Paulson, Jerome H. Powell, and Christopher J. Waller. Voting against this action: None. Consistent with the Committee's decision to leave the target range for the federal funds rate unchanged, the Board of Governors of the Federal Reserve System voted unanimously to maintain the interest rate paid on reserve balances at 3.65 percent, effective June 18, 2026. The Board of Governors of the Federal Reserve System voted unanimously to approve the establishment of the primary credit rate at the existing level of 3.75 percent. It was agreed that the next meeting of the Committee would be held on Tuesday–Wednesday, July 28–29, 2026. The meeting adjourned at 10:30 a.m. on June 17, 2026. Notation Vote By notation vote completed on May 19, 2026, the Committee unanimously approved the minutes of the Committee meeting held on April 28–29, 2026. Attendance Kevin Warsh, Chairman John C. Williams, Vice Chair Michael S. Barr Michelle W. Bowman Lisa D. Cook Beth M. Hammack Philip N. Jefferson Neel Kashkari Lorie K. Logan Anna Paulson Jerome H. Powell Christopher J. Waller Thomas I. Barkin, Mary C. Daly, Austan D. Goolsbee, Sushmita Shukla, and Cheryl L. Venable, Alternate Members of the Committee Susan M. Collins, Alberto G. Musalem, and Jeffrey R. Schmid, Presidents of the Federal Reserve Banks of Boston, St. Louis, and Kansas City, respectively Joshua Gallin, Secretary Matthew M. Luecke, Deputy Secretary Michelle A. Smith, Assistant Secretary Mark E. Van Der Weide, General Counsel Richard Ostrander, Deputy General Counsel Trevor A. Reeve, Economist Stacey Tevlin, Economist Beth Anne Wilson, Economist Stephanie R. Aaronson, Shaghil Ahmed, Brian M. Doyle, Eric M. Engen, Michael T. Kiley, Elizabeth Klee, Edward S. Knotek II, Karel Mertens, Andrea Raffo, and Donald Keith Sill, Associate Economists Roberto Perli, Manager, System Open Market Account Julie Ann Remache, Deputy Manager, System Open Market Account Jose Acosta, Senior System Engineer II, Division of Information Technology, Board Isaiah C. Ahn, Information Management Analyst, Division of Monetary Affairs, Board Alyssa Arute,2 Assistant Director, Division of Reserve Bank Operations and Payment Systems, Board Gadi Barlevy, Executive Vice President, Federal Reserve Bank of Chicago William F. Bassett, Senior Associate Director, Division of Financial Stability, Board Kimberly N. Bayard, Section Chief, Division of Research and Statistics, Board Michele Cavallo, Special Adviser to the Board, Division of Board Members, Board Lisa Chung,2 Head of Domestic and International Markets, Federal Reserve Bank of New York Andrew Cohen,3 Special Adviser to the Board, Division of Board Members, Board Francisco Covas, Deputy Director, Division of Supervision and Regulation, Board Ryan A. Decker, Special Adviser to the Board, Division of Board Members, Board Cynthia L. Doniger,4 Principal Economist, Division of Monetary Affairs, Board Burcu Duygan-Bump, Deputy Director, Division of Research and Statistics, Board Eric C. Engstrom, Special Adviser to the Chairman, Division of Board Members, Board Giovanni Favara, Associate Director, Division of Monetary Affairs, Board Laura J. Feiveson,4 Special Adviser to the Board, Division of Board Members, Board Andrew Figura, Senior Associate Director, Division of Research and Statistics, Board Jenn Gallagher, Assistant to the Board, Division of Board Members, Board Carlos Garriga, Senior Vice President, Federal Reserve Bank of St. Louis Joseph W. Gruber, Executive Vice President, Federal Reserve Bank of Kansas City Daniel L. Heil, Assistant to the Chairman (Special Projects), Division of Board Members, Board Erik Heitfield, Deputy Associate Director, Division of Research and Statistics, Board Valerie S. Hinojosa, Assistant Director, Division of Monetary Affairs, Board Jane E. Ihrig, Special Adviser to the Board, Division of Board Members, Board Margaret M. Jacobson, Senior Economist, Division of Monetary Affairs, Board Benjamin K. Johannsen, Deputy Associate Director, Division of Monetary Affairs, Board Anna R. Kovner, Executive Vice President, Federal Reserve Bank of Richmond Spencer D. Krane, Senior Vice President, Federal Reserve Bank of Chicago Sylvain Leduc, Executive Vice President and Director of Economic Research, Federal Reserve Bank of San Francisco Andreas Lehnert, Director, Division of Financial Stability, Board Paul Lengermann, Deputy Associate Director, Division of Research and Statistics, Board Eric LeSueur,2 Policy and Market Analysis Advisor, Federal Reserve Bank of New York Logan T. Lewis, Assistant Director, Division of International Finance, Board Laura Lipscomb, Special Adviser to the Board, Division of Board Members, Board Francesca Loria, Principal Economist, Division of Monetary Affairs, Board Byron Lutz, Deputy Associate Director, Division of Research and Statistics, Board Jonathan P. McCarthy, Economic Research Advisor, Federal Reserve Bank of New York John P. McConnell, Assistant to the Chairman (Speechwriting), Division of Board Members, Board Benjamin W. McDonough, Secretary of the Board, Office of the Secretary, Board David Newville, Director, Division of Consumer and Community Affairs, Board Anna Nordstrom, Head of Markets, Federal Reserve Bank of New York Alyssa T. O'Connor, Special Adviser to the Board, Division of Board Members, Board Karen A. Pennell, First Vice President, Federal Reserve Bank of Boston Eugenio P. Pinto, Special Adviser to the Board, Division of Board Members, Board Odelle Quisumbing,2 Assistant to the Secretary, Office of the Secretary, Board Nellisha D. Ramdass, Deputy Director, Division of Monetary Affairs, Board Romina D. Ruprecht, Senior Economist, Division of Monetary Affairs, Board Zeynep Senyuz, Special Adviser to the Board, Division of Board Members, Board Hiroatsu Tanaka, Principal Economist, Division of Monetary Affairs, Board Mary H. Tian, Group Manager, Division of Monetary Affairs, Board Jeffrey D. Walker,2 Senior Associate Director, Division of Reserve Bank Operations and Payment Systems, Board Jonathan Willis, Vice President, Federal Reserve Bank of Atlanta Paul Winfree, Assistant to the Chairman (Special Projects), Division of Board Members, Board Emre Yoldas, Deputy Associate Director, Division of International Finance, Board Egon Zakrajšek, Executive Vice President, Federal Reserve Bank of Boston _______________________ Joshua Gallin Secretary 1. The Federal Open Market Committee is referenced as the ""FOMC"" and the ""Committee"" in these minutes; the Board of Governors of the Federal Reserve System is referenced as the ""Board"" in these minutes. Return to text 2. Attended through the discussion of developments in financial markets and open market operations. Return to text 3. Attended Wednesday's session only. Return to text 4. Attended Tuesday's session only. Return to text Back to Top","Concurrence proves support for the action, not ideology"
2026-06-17,John C. Williams,FOR,HOLD,CONCUR,HOLD,0,VOTE_ACTION_PROXY,https://www.federalreserve.gov/monetarypolicy/fomcminutes20260617.htm,raw/minutes/fomcminutes20260617.htm,"Voting for this action: Kevin Warsh, John C. Williams, Michael S. Barr, Michelle W. Bowman, Lisa D. Cook, Beth M. Hammack, Philip N. Jefferson, Neel Kashkari, Lorie K. Logan, Anna Paulson, Jerome H. Powell, and Christopher J. Waller. Voting against this action: None. Consistent with the Committee's decision to leave the target range for the federal funds rate unchanged, the Board of Governors of the Federal Reserve System voted unanimously to maintain the interest rate paid on reserve balances at 3.65 percent, effective June 18, 2026. The Board of Governors of the Federal Reserve System voted unanimously to approve the establishment of the primary credit rate at the existing level of 3.75 percent. It was agreed that the next meeting of the Committee would be held on Tuesday–Wednesday, July 28–29, 2026. The meeting adjourned at 10:30 a.m. on June 17, 2026. Notation Vote By notation vote completed on May 19, 2026, the Committee unanimously approved the minutes of the Committee meeting held on April 28–29, 2026. Attendance Kevin Warsh, Chairman John C. Williams, Vice Chair Michael S. Barr Michelle W. Bowman Lisa D. Cook Beth M. Hammack Philip N. Jefferson Neel Kashkari Lorie K. Logan Anna Paulson Jerome H. Powell Christopher J. Waller Thomas I. Barkin, Mary C. Daly, Austan D. Goolsbee, Sushmita Shukla, and Cheryl L. Venable, Alternate Members of the Committee Susan M. Collins, Alberto G. Musalem, and Jeffrey R. Schmid, Presidents of the Federal Reserve Banks of Boston, St. Louis, and Kansas City, respectively Joshua Gallin, Secretary Matthew M. Luecke, Deputy Secretary Michelle A. Smith, Assistant Secretary Mark E. Van Der Weide, General Counsel Richard Ostrander, Deputy General Counsel Trevor A. Reeve, Economist Stacey Tevlin, Economist Beth Anne Wilson, Economist Stephanie R. Aaronson, Shaghil Ahmed, Brian M. Doyle, Eric M. Engen, Michael T. Kiley, Elizabeth Klee, Edward S. Knotek II, Karel Mertens, Andrea Raffo, and Donald Keith Sill, Associate Economists Roberto Perli, Manager, System Open Market Account Julie Ann Remache, Deputy Manager, System Open Market Account Jose Acosta, Senior System Engineer II, Division of Information Technology, Board Isaiah C. Ahn, Information Management Analyst, Division of Monetary Affairs, Board Alyssa Arute,2 Assistant Director, Division of Reserve Bank Operations and Payment Systems, Board Gadi Barlevy, Executive Vice President, Federal Reserve Bank of Chicago William F. Bassett, Senior Associate Director, Division of Financial Stability, Board Kimberly N. Bayard, Section Chief, Division of Research and Statistics, Board Michele Cavallo, Special Adviser to the Board, Division of Board Members, Board Lisa Chung,2 Head of Domestic and International Markets, Federal Reserve Bank of New York Andrew Cohen,3 Special Adviser to the Board, Division of Board Members, Board Francisco Covas, Deputy Director, Division of Supervision and Regulation, Board Ryan A. Decker, Special Adviser to the Board, Division of Board Members, Board Cynthia L. Doniger,4 Principal Economist, Division of Monetary Affairs, Board Burcu Duygan-Bump, Deputy Director, Division of Research and Statistics, Board Eric C. Engstrom, Special Adviser to the Chairman, Division of Board Members, Board Giovanni Favara, Associate Director, Division of Monetary Affairs, Board Laura J. Feiveson,4 Special Adviser to the Board, Division of Board Members, Board Andrew Figura, Senior Associate Director, Division of Research and Statistics, Board Jenn Gallagher, Assistant to the Board, Division of Board Members, Board Carlos Garriga, Senior Vice President, Federal Reserve Bank of St. Louis Joseph W. Gruber, Executive Vice President, Federal Reserve Bank of Kansas City Daniel L. Heil, Assistant to the Chairman (Special Projects), Division of Board Members, Board Erik Heitfield, Deputy Associate Director, Division of Research and Statistics, Board Valerie S. Hinojosa, Assistant Director, Division of Monetary Affairs, Board Jane E. Ihrig, Special Adviser to the Board, Division of Board Members, Board Margaret M. Jacobson, Senior Economist, Division of Monetary Affairs, Board Benjamin K. Johannsen, Deputy Associate Director, Division of Monetary Affairs, Board Anna R. Kovner, Executive Vice President, Federal Reserve Bank of Richmond Spencer D. Krane, Senior Vice President, Federal Reserve Bank of Chicago Sylvain Leduc, Executive Vice President and Director of Economic Research, Federal Reserve Bank of San Francisco Andreas Lehnert, Director, Division of Financial Stability, Board Paul Lengermann, Deputy Associate Director, Division of Research and Statistics, Board Eric LeSueur,2 Policy and Market Analysis Advisor, Federal Reserve Bank of New York Logan T. Lewis, Assistant Director, Division of International Finance, Board Laura Lipscomb, Special Adviser to the Board, Division of Board Members, Board Francesca Loria, Principal Economist, Division of Monetary Affairs, Board Byron Lutz, Deputy Associate Director, Division of Research and Statistics, Board Jonathan P. McCarthy, Economic Research Advisor, Federal Reserve Bank of New York John P. McConnell, Assistant to the Chairman (Speechwriting), Division of Board Members, Board Benjamin W. McDonough, Secretary of the Board, Office of the Secretary, Board David Newville, Director, Division of Consumer and Community Affairs, Board Anna Nordstrom, Head of Markets, Federal Reserve Bank of New York Alyssa T. O'Connor, Special Adviser to the Board, Division of Board Members, Board Karen A. Pennell, First Vice President, Federal Reserve Bank of Boston Eugenio P. Pinto, Special Adviser to the Board, Division of Board Members, Board Odelle Quisumbing,2 Assistant to the Secretary, Office of the Secretary, Board Nellisha D. Ramdass, Deputy Director, Division of Monetary Affairs, Board Romina D. Ruprecht, Senior Economist, Division of Monetary Affairs, Board Zeynep Senyuz, Special Adviser to the Board, Division of Board Members, Board Hiroatsu Tanaka, Principal Economist, Division of Monetary Affairs, Board Mary H. Tian, Group Manager, Division of Monetary Affairs, Board Jeffrey D. Walker,2 Senior Associate Director, Division of Reserve Bank Operations and Payment Systems, Board Jonathan Willis, Vice President, Federal Reserve Bank of Atlanta Paul Winfree, Assistant to the Chairman (Special Projects), Division of Board Members, Board Emre Yoldas, Deputy Associate Director, Division of International Finance, Board Egon Zakrajšek, Executive Vice President, Federal Reserve Bank of Boston _______________________ Joshua Gallin Secretary 1. The Federal Open Market Committee is referenced as the ""FOMC"" and the ""Committee"" in these minutes; the Board of Governors of the Federal Reserve System is referenced as the ""Board"" in these minutes. Return to text 2. Attended through the discussion of developments in financial markets and open market operations. Return to text 3. Attended Wednesday's session only. Return to text 4. Attended Tuesday's session only. Return to text Back to Top","Concurrence proves support for the action, not ideology"
2026-06-17,Kevin Warsh,FOR,HOLD,CONCUR,HOLD,0,VOTE_ACTION_PROXY,https://www.federalreserve.gov/monetarypolicy/fomcminutes20260617.htm,raw/minutes/fomcminutes20260617.htm,"Voting for this action: Kevin Warsh, John C. Williams, Michael S. Barr, Michelle W. Bowman, Lisa D. Cook, Beth M. Hammack, Philip N. Jefferson, Neel Kashkari, Lorie K. Logan, Anna Paulson, Jerome H. Powell, and Christopher J. Waller. Voting against this action: None. Consistent with the Committee's decision to leave the target range for the federal funds rate unchanged, the Board of Governors of the Federal Reserve System voted unanimously to maintain the interest rate paid on reserve balances at 3.65 percent, effective June 18, 2026. The Board of Governors of the Federal Reserve System voted unanimously to approve the establishment of the primary credit rate at the existing level of 3.75 percent. It was agreed that the next meeting of the Committee would be held on Tuesday–Wednesday, July 28–29, 2026. The meeting adjourned at 10:30 a.m. on June 17, 2026. Notation Vote By notation vote completed on May 19, 2026, the Committee unanimously approved the minutes of the Committee meeting held on April 28–29, 2026. Attendance Kevin Warsh, Chairman John C. Williams, Vice Chair Michael S. Barr Michelle W. Bowman Lisa D. Cook Beth M. Hammack Philip N. Jefferson Neel Kashkari Lorie K. Logan Anna Paulson Jerome H. Powell Christopher J. Waller Thomas I. Barkin, Mary C. Daly, Austan D. Goolsbee, Sushmita Shukla, and Cheryl L. Venable, Alternate Members of the Committee Susan M. Collins, Alberto G. Musalem, and Jeffrey R. Schmid, Presidents of the Federal Reserve Banks of Boston, St. Louis, and Kansas City, respectively Joshua Gallin, Secretary Matthew M. Luecke, Deputy Secretary Michelle A. Smith, Assistant Secretary Mark E. Van Der Weide, General Counsel Richard Ostrander, Deputy General Counsel Trevor A. Reeve, Economist Stacey Tevlin, Economist Beth Anne Wilson, Economist Stephanie R. Aaronson, Shaghil Ahmed, Brian M. Doyle, Eric M. Engen, Michael T. Kiley, Elizabeth Klee, Edward S. Knotek II, Karel Mertens, Andrea Raffo, and Donald Keith Sill, Associate Economists Roberto Perli, Manager, System Open Market Account Julie Ann Remache, Deputy Manager, System Open Market Account Jose Acosta, Senior System Engineer II, Division of Information Technology, Board Isaiah C. Ahn, Information Management Analyst, Division of Monetary Affairs, Board Alyssa Arute,2 Assistant Director, Division of Reserve Bank Operations and Payment Systems, Board Gadi Barlevy, Executive Vice President, Federal Reserve Bank of Chicago William F. Bassett, Senior Associate Director, Division of Financial Stability, Board Kimberly N. Bayard, Section Chief, Division of Research and Statistics, Board Michele Cavallo, Special Adviser to the Board, Division of Board Members, Board Lisa Chung,2 Head of Domestic and International Markets, Federal Reserve Bank of New York Andrew Cohen,3 Special Adviser to the Board, Division of Board Members, Board Francisco Covas, Deputy Director, Division of Supervision and Regulation, Board Ryan A. Decker, Special Adviser to the Board, Division of Board Members, Board Cynthia L. Doniger,4 Principal Economist, Division of Monetary Affairs, Board Burcu Duygan-Bump, Deputy Director, Division of Research and Statistics, Board Eric C. Engstrom, Special Adviser to the Chairman, Division of Board Members, Board Giovanni Favara, Associate Director, Division of Monetary Affairs, Board Laura J. Feiveson,4 Special Adviser to the Board, Division of Board Members, Board Andrew Figura, Senior Associate Director, Division of Research and Statistics, Board Jenn Gallagher, Assistant to the Board, Division of Board Members, Board Carlos Garriga, Senior Vice President, Federal Reserve Bank of St. Louis Joseph W. Gruber, Executive Vice President, Federal Reserve Bank of Kansas City Daniel L. Heil, Assistant to the Chairman (Special Projects), Division of Board Members, Board Erik Heitfield, Deputy Associate Director, Division of Research and Statistics, Board Valerie S. Hinojosa, Assistant Director, Division of Monetary Affairs, Board Jane E. Ihrig, Special Adviser to the Board, Division of Board Members, Board Margaret M. Jacobson, Senior Economist, Division of Monetary Affairs, Board Benjamin K. Johannsen, Deputy Associate Director, Division of Monetary Affairs, Board Anna R. Kovner, Executive Vice President, Federal Reserve Bank of Richmond Spencer D. Krane, Senior Vice President, Federal Reserve Bank of Chicago Sylvain Leduc, Executive Vice President and Director of Economic Research, Federal Reserve Bank of San Francisco Andreas Lehnert, Director, Division of Financial Stability, Board Paul Lengermann, Deputy Associate Director, Division of Research and Statistics, Board Eric LeSueur,2 Policy and Market Analysis Advisor, Federal Reserve Bank of New York Logan T. Lewis, Assistant Director, Division of International Finance, Board Laura Lipscomb, Special Adviser to the Board, Division of Board Members, Board Francesca Loria, Principal Economist, Division of Monetary Affairs, Board Byron Lutz, Deputy Associate Director, Division of Research and Statistics, Board Jonathan P. McCarthy, Economic Research Advisor, Federal Reserve Bank of New York John P. McConnell, Assistant to the Chairman (Speechwriting), Division of Board Members, Board Benjamin W. McDonough, Secretary of the Board, Office of the Secretary, Board David Newville, Director, Division of Consumer and Community Affairs, Board Anna Nordstrom, Head of Markets, Federal Reserve Bank of New York Alyssa T. O'Connor, Special Adviser to the Board, Division of Board Members, Board Karen A. Pennell, First Vice President, Federal Reserve Bank of Boston Eugenio P. Pinto, Special Adviser to the Board, Division of Board Members, Board Odelle Quisumbing,2 Assistant to the Secretary, Office of the Secretary, Board Nellisha D. Ramdass, Deputy Director, Division of Monetary Affairs, Board Romina D. Ruprecht, Senior Economist, Division of Monetary Affairs, Board Zeynep Senyuz, Special Adviser to the Board, Division of Board Members, Board Hiroatsu Tanaka, Principal Economist, Division of Monetary Affairs, Board Mary H. Tian, Group Manager, Division of Monetary Affairs, Board Jeffrey D. Walker,2 Senior Associate Director, Division of Reserve Bank Operations and Payment Systems, Board Jonathan Willis, Vice President, Federal Reserve Bank of Atlanta Paul Winfree, Assistant to the Chairman (Special Projects), Division of Board Members, Board Emre Yoldas, Deputy Associate Director, Division of International Finance, Board Egon Zakrajšek, Executive Vice President, Federal Reserve Bank of Boston _______________________ Joshua Gallin Secretary 1. The Federal Open Market Committee is referenced as the ""FOMC"" and the ""Committee"" in these minutes; the Board of Governors of the Federal Reserve System is referenced as the ""Board"" in these minutes. Return to text 2. Attended through the discussion of developments in financial markets and open market operations. Return to text 3. Attended Wednesday's session only. Return to text 4. Attended Tuesday's session only. Return to text Back to Top","Concurrence proves support for the action, not ideology"
2026-06-17,Lisa D. Cook,FOR,HOLD,CONCUR,HOLD,0,VOTE_ACTION_PROXY,https://www.federalreserve.gov/monetarypolicy/fomcminutes20260617.htm,raw/minutes/fomcminutes20260617.htm,"Voting for this action: Kevin Warsh, John C. Williams, Michael S. Barr, Michelle W. Bowman, Lisa D. Cook, Beth M. Hammack, Philip N. Jefferson, Neel Kashkari, Lorie K. Logan, Anna Paulson, Jerome H. Powell, and Christopher J. Waller. Voting against this action: None. Consistent with the Committee's decision to leave the target range for the federal funds rate unchanged, the Board of Governors of the Federal Reserve System voted unanimously to maintain the interest rate paid on reserve balances at 3.65 percent, effective June 18, 2026. The Board of Governors of the Federal Reserve System voted unanimously to approve the establishment of the primary credit rate at the existing level of 3.75 percent. It was agreed that the next meeting of the Committee would be held on Tuesday–Wednesday, July 28–29, 2026. The meeting adjourned at 10:30 a.m. on June 17, 2026. Notation Vote By notation vote completed on May 19, 2026, the Committee unanimously approved the minutes of the Committee meeting held on April 28–29, 2026. Attendance Kevin Warsh, Chairman John C. Williams, Vice Chair Michael S. Barr Michelle W. Bowman Lisa D. Cook Beth M. Hammack Philip N. Jefferson Neel Kashkari Lorie K. Logan Anna Paulson Jerome H. Powell Christopher J. Waller Thomas I. Barkin, Mary C. Daly, Austan D. Goolsbee, Sushmita Shukla, and Cheryl L. Venable, Alternate Members of the Committee Susan M. Collins, Alberto G. Musalem, and Jeffrey R. Schmid, Presidents of the Federal Reserve Banks of Boston, St. Louis, and Kansas City, respectively Joshua Gallin, Secretary Matthew M. Luecke, Deputy Secretary Michelle A. Smith, Assistant Secretary Mark E. Van Der Weide, General Counsel Richard Ostrander, Deputy General Counsel Trevor A. Reeve, Economist Stacey Tevlin, Economist Beth Anne Wilson, Economist Stephanie R. Aaronson, Shaghil Ahmed, Brian M. Doyle, Eric M. Engen, Michael T. Kiley, Elizabeth Klee, Edward S. Knotek II, Karel Mertens, Andrea Raffo, and Donald Keith Sill, Associate Economists Roberto Perli, Manager, System Open Market Account Julie Ann Remache, Deputy Manager, System Open Market Account Jose Acosta, Senior System Engineer II, Division of Information Technology, Board Isaiah C. Ahn, Information Management Analyst, Division of Monetary Affairs, Board Alyssa Arute,2 Assistant Director, Division of Reserve Bank Operations and Payment Systems, Board Gadi Barlevy, Executive Vice President, Federal Reserve Bank of Chicago William F. Bassett, Senior Associate Director, Division of Financial Stability, Board Kimberly N. Bayard, Section Chief, Division of Research and Statistics, Board Michele Cavallo, Special Adviser to the Board, Division of Board Members, Board Lisa Chung,2 Head of Domestic and International Markets, Federal Reserve Bank of New York Andrew Cohen,3 Special Adviser to the Board, Division of Board Members, Board Francisco Covas, Deputy Director, Division of Supervision and Regulation, Board Ryan A. Decker, Special Adviser to the Board, Division of Board Members, Board Cynthia L. Doniger,4 Principal Economist, Division of Monetary Affairs, Board Burcu Duygan-Bump, Deputy Director, Division of Research and Statistics, Board Eric C. Engstrom, Special Adviser to the Chairman, Division of Board Members, Board Giovanni Favara, Associate Director, Division of Monetary Affairs, Board Laura J. Feiveson,4 Special Adviser to the Board, Division of Board Members, Board Andrew Figura, Senior Associate Director, Division of Research and Statistics, Board Jenn Gallagher, Assistant to the Board, Division of Board Members, Board Carlos Garriga, Senior Vice President, Federal Reserve Bank of St. Louis Joseph W. Gruber, Executive Vice President, Federal Reserve Bank of Kansas City Daniel L. Heil, Assistant to the Chairman (Special Projects), Division of Board Members, Board Erik Heitfield, Deputy Associate Director, Division of Research and Statistics, Board Valerie S. Hinojosa, Assistant Director, Division of Monetary Affairs, Board Jane E. Ihrig, Special Adviser to the Board, Division of Board Members, Board Margaret M. Jacobson, Senior Economist, Division of Monetary Affairs, Board Benjamin K. Johannsen, Deputy Associate Director, Division of Monetary Affairs, Board Anna R. Kovner, Executive Vice President, Federal Reserve Bank of Richmond Spencer D. Krane, Senior Vice President, Federal Reserve Bank of Chicago Sylvain Leduc, Executive Vice President and Director of Economic Research, Federal Reserve Bank of San Francisco Andreas Lehnert, Director, Division of Financial Stability, Board Paul Lengermann, Deputy Associate Director, Division of Research and Statistics, Board Eric LeSueur,2 Policy and Market Analysis Advisor, Federal Reserve Bank of New York Logan T. Lewis, Assistant Director, Division of International Finance, Board Laura Lipscomb, Special Adviser to the Board, Division of Board Members, Board Francesca Loria, Principal Economist, Division of Monetary Affairs, Board Byron Lutz, Deputy Associate Director, Division of Research and Statistics, Board Jonathan P. McCarthy, Economic Research Advisor, Federal Reserve Bank of New York John P. McConnell, Assistant to the Chairman (Speechwriting), Division of Board Members, Board Benjamin W. McDonough, Secretary of the Board, Office of the Secretary, Board David Newville, Director, Division of Consumer and Community Affairs, Board Anna Nordstrom, Head of Markets, Federal Reserve Bank of New York Alyssa T. O'Connor, Special Adviser to the Board, Division of Board Members, Board Karen A. Pennell, First Vice President, Federal Reserve Bank of Boston Eugenio P. Pinto, Special Adviser to the Board, Division of Board Members, Board Odelle Quisumbing,2 Assistant to the Secretary, Office of the Secretary, Board Nellisha D. Ramdass, Deputy Director, Division of Monetary Affairs, Board Romina D. Ruprecht, Senior Economist, Division of Monetary Affairs, Board Zeynep Senyuz, Special Adviser to the Board, Division of Board Members, Board Hiroatsu Tanaka, Principal Economist, Division of Monetary Affairs, Board Mary H. Tian, Group Manager, Division of Monetary Affairs, Board Jeffrey D. Walker,2 Senior Associate Director, Division of Reserve Bank Operations and Payment Systems, Board Jonathan Willis, Vice President, Federal Reserve Bank of Atlanta Paul Winfree, Assistant to the Chairman (Special Projects), Division of Board Members, Board Emre Yoldas, Deputy Associate Director, Division of International Finance, Board Egon Zakrajšek, Executive Vice President, Federal Reserve Bank of Boston _______________________ Joshua Gallin Secretary 1. The Federal Open Market Committee is referenced as the ""FOMC"" and the ""Committee"" in these minutes; the Board of Governors of the Federal Reserve System is referenced as the ""Board"" in these minutes. Return to text 2. Attended through the discussion of developments in financial markets and open market operations. Return to text 3. Attended Wednesday's session only. Return to text 4. Attended Tuesday's session only. Return to text Back to Top","Concurrence proves support for the action, not ideology"
2026-06-17,Lorie K. Logan,FOR,HOLD,CONCUR,HOLD,0,VOTE_ACTION_PROXY,https://www.federalreserve.gov/monetarypolicy/fomcminutes20260617.htm,raw/minutes/fomcminutes20260617.htm,"Voting for this action: Kevin Warsh, John C. Williams, Michael S. Barr, Michelle W. Bowman, Lisa D. Cook, Beth M. Hammack, Philip N. Jefferson, Neel Kashkari, Lorie K. Logan, Anna Paulson, Jerome H. Powell, and Christopher J. Waller. Voting against this action: None. Consistent with the Committee's decision to leave the target range for the federal funds rate unchanged, the Board of Governors of the Federal Reserve System voted unanimously to maintain the interest rate paid on reserve balances at 3.65 percent, effective June 18, 2026. The Board of Governors of the Federal Reserve System voted unanimously to approve the establishment of the primary credit rate at the existing level of 3.75 percent. It was agreed that the next meeting of the Committee would be held on Tuesday–Wednesday, July 28–29, 2026. The meeting adjourned at 10:30 a.m. on June 17, 2026. Notation Vote By notation vote completed on May 19, 2026, the Committee unanimously approved the minutes of the Committee meeting held on April 28–29, 2026. Attendance Kevin Warsh, Chairman John C. Williams, Vice Chair Michael S. Barr Michelle W. Bowman Lisa D. Cook Beth M. Hammack Philip N. Jefferson Neel Kashkari Lorie K. Logan Anna Paulson Jerome H. Powell Christopher J. Waller Thomas I. Barkin, Mary C. Daly, Austan D. Goolsbee, Sushmita Shukla, and Cheryl L. Venable, Alternate Members of the Committee Susan M. Collins, Alberto G. Musalem, and Jeffrey R. Schmid, Presidents of the Federal Reserve Banks of Boston, St. Louis, and Kansas City, respectively Joshua Gallin, Secretary Matthew M. Luecke, Deputy Secretary Michelle A. Smith, Assistant Secretary Mark E. Van Der Weide, General Counsel Richard Ostrander, Deputy General Counsel Trevor A. Reeve, Economist Stacey Tevlin, Economist Beth Anne Wilson, Economist Stephanie R. Aaronson, Shaghil Ahmed, Brian M. Doyle, Eric M. Engen, Michael T. Kiley, Elizabeth Klee, Edward S. Knotek II, Karel Mertens, Andrea Raffo, and Donald Keith Sill, Associate Economists Roberto Perli, Manager, System Open Market Account Julie Ann Remache, Deputy Manager, System Open Market Account Jose Acosta, Senior System Engineer II, Division of Information Technology, Board Isaiah C. Ahn, Information Management Analyst, Division of Monetary Affairs, Board Alyssa Arute,2 Assistant Director, Division of Reserve Bank Operations and Payment Systems, Board Gadi Barlevy, Executive Vice President, Federal Reserve Bank of Chicago William F. Bassett, Senior Associate Director, Division of Financial Stability, Board Kimberly N. Bayard, Section Chief, Division of Research and Statistics, Board Michele Cavallo, Special Adviser to the Board, Division of Board Members, Board Lisa Chung,2 Head of Domestic and International Markets, Federal Reserve Bank of New York Andrew Cohen,3 Special Adviser to the Board, Division of Board Members, Board Francisco Covas, Deputy Director, Division of Supervision and Regulation, Board Ryan A. Decker, Special Adviser to the Board, Division of Board Members, Board Cynthia L. Doniger,4 Principal Economist, Division of Monetary Affairs, Board Burcu Duygan-Bump, Deputy Director, Division of Research and Statistics, Board Eric C. Engstrom, Special Adviser to the Chairman, Division of Board Members, Board Giovanni Favara, Associate Director, Division of Monetary Affairs, Board Laura J. Feiveson,4 Special Adviser to the Board, Division of Board Members, Board Andrew Figura, Senior Associate Director, Division of Research and Statistics, Board Jenn Gallagher, Assistant to the Board, Division of Board Members, Board Carlos Garriga, Senior Vice President, Federal Reserve Bank of St. Louis Joseph W. Gruber, Executive Vice President, Federal Reserve Bank of Kansas City Daniel L. Heil, Assistant to the Chairman (Special Projects), Division of Board Members, Board Erik Heitfield, Deputy Associate Director, Division of Research and Statistics, Board Valerie S. Hinojosa, Assistant Director, Division of Monetary Affairs, Board Jane E. Ihrig, Special Adviser to the Board, Division of Board Members, Board Margaret M. Jacobson, Senior Economist, Division of Monetary Affairs, Board Benjamin K. Johannsen, Deputy Associate Director, Division of Monetary Affairs, Board Anna R. Kovner, Executive Vice President, Federal Reserve Bank of Richmond Spencer D. Krane, Senior Vice President, Federal Reserve Bank of Chicago Sylvain Leduc, Executive Vice President and Director of Economic Research, Federal Reserve Bank of San Francisco Andreas Lehnert, Director, Division of Financial Stability, Board Paul Lengermann, Deputy Associate Director, Division of Research and Statistics, Board Eric LeSueur,2 Policy and Market Analysis Advisor, Federal Reserve Bank of New York Logan T. Lewis, Assistant Director, Division of International Finance, Board Laura Lipscomb, Special Adviser to the Board, Division of Board Members, Board Francesca Loria, Principal Economist, Division of Monetary Affairs, Board Byron Lutz, Deputy Associate Director, Division of Research and Statistics, Board Jonathan P. McCarthy, Economic Research Advisor, Federal Reserve Bank of New York John P. McConnell, Assistant to the Chairman (Speechwriting), Division of Board Members, Board Benjamin W. McDonough, Secretary of the Board, Office of the Secretary, Board David Newville, Director, Division of Consumer and Community Affairs, Board Anna Nordstrom, Head of Markets, Federal Reserve Bank of New York Alyssa T. O'Connor, Special Adviser to the Board, Division of Board Members, Board Karen A. Pennell, First Vice President, Federal Reserve Bank of Boston Eugenio P. Pinto, Special Adviser to the Board, Division of Board Members, Board Odelle Quisumbing,2 Assistant to the Secretary, Office of the Secretary, Board Nellisha D. Ramdass, Deputy Director, Division of Monetary Affairs, Board Romina D. Ruprecht, Senior Economist, Division of Monetary Affairs, Board Zeynep Senyuz, Special Adviser to the Board, Division of Board Members, Board Hiroatsu Tanaka, Principal Economist, Division of Monetary Affairs, Board Mary H. Tian, Group Manager, Division of Monetary Affairs, Board Jeffrey D. Walker,2 Senior Associate Director, Division of Reserve Bank Operations and Payment Systems, Board Jonathan Willis, Vice President, Federal Reserve Bank of Atlanta Paul Winfree, Assistant to the Chairman (Special Projects), Division of Board Members, Board Emre Yoldas, Deputy Associate Director, Division of International Finance, Board Egon Zakrajšek, Executive Vice President, Federal Reserve Bank of Boston _______________________ Joshua Gallin Secretary 1. The Federal Open Market Committee is referenced as the ""FOMC"" and the ""Committee"" in these minutes; the Board of Governors of the Federal Reserve System is referenced as the ""Board"" in these minutes. Return to text 2. Attended through the discussion of developments in financial markets and open market operations. Return to text 3. Attended Wednesday's session only. Return to text 4. Attended Tuesday's session only. Return to text Back to Top","Concurrence proves support for the action, not ideology"
2026-06-17,Michael S. Barr,FOR,HOLD,CONCUR,HOLD,0,VOTE_ACTION_PROXY,https://www.federalreserve.gov/monetarypolicy/fomcminutes20260617.htm,raw/minutes/fomcminutes20260617.htm,"Voting for this action: Kevin Warsh, John C. Williams, Michael S. Barr, Michelle W. Bowman, Lisa D. Cook, Beth M. Hammack, Philip N. Jefferson, Neel Kashkari, Lorie K. Logan, Anna Paulson, Jerome H. Powell, and Christopher J. Waller. Voting against this action: None. Consistent with the Committee's decision to leave the target range for the federal funds rate unchanged, the Board of Governors of the Federal Reserve System voted unanimously to maintain the interest rate paid on reserve balances at 3.65 percent, effective June 18, 2026. The Board of Governors of the Federal Reserve System voted unanimously to approve the establishment of the primary credit rate at the existing level of 3.75 percent. It was agreed that the next meeting of the Committee would be held on Tuesday–Wednesday, July 28–29, 2026. The meeting adjourned at 10:30 a.m. on June 17, 2026. Notation Vote By notation vote completed on May 19, 2026, the Committee unanimously approved the minutes of the Committee meeting held on April 28–29, 2026. Attendance Kevin Warsh, Chairman John C. Williams, Vice Chair Michael S. Barr Michelle W. Bowman Lisa D. Cook Beth M. Hammack Philip N. Jefferson Neel Kashkari Lorie K. Logan Anna Paulson Jerome H. Powell Christopher J. Waller Thomas I. Barkin, Mary C. Daly, Austan D. Goolsbee, Sushmita Shukla, and Cheryl L. Venable, Alternate Members of the Committee Susan M. Collins, Alberto G. Musalem, and Jeffrey R. Schmid, Presidents of the Federal Reserve Banks of Boston, St. Louis, and Kansas City, respectively Joshua Gallin, Secretary Matthew M. Luecke, Deputy Secretary Michelle A. Smith, Assistant Secretary Mark E. Van Der Weide, General Counsel Richard Ostrander, Deputy General Counsel Trevor A. Reeve, Economist Stacey Tevlin, Economist Beth Anne Wilson, Economist Stephanie R. Aaronson, Shaghil Ahmed, Brian M. Doyle, Eric M. Engen, Michael T. Kiley, Elizabeth Klee, Edward S. Knotek II, Karel Mertens, Andrea Raffo, and Donald Keith Sill, Associate Economists Roberto Perli, Manager, System Open Market Account Julie Ann Remache, Deputy Manager, System Open Market Account Jose Acosta, Senior System Engineer II, Division of Information Technology, Board Isaiah C. Ahn, Information Management Analyst, Division of Monetary Affairs, Board Alyssa Arute,2 Assistant Director, Division of Reserve Bank Operations and Payment Systems, Board Gadi Barlevy, Executive Vice President, Federal Reserve Bank of Chicago William F. Bassett, Senior Associate Director, Division of Financial Stability, Board Kimberly N. Bayard, Section Chief, Division of Research and Statistics, Board Michele Cavallo, Special Adviser to the Board, Division of Board Members, Board Lisa Chung,2 Head of Domestic and International Markets, Federal Reserve Bank of New York Andrew Cohen,3 Special Adviser to the Board, Division of Board Members, Board Francisco Covas, Deputy Director, Division of Supervision and Regulation, Board Ryan A. Decker, Special Adviser to the Board, Division of Board Members, Board Cynthia L. Doniger,4 Principal Economist, Division of Monetary Affairs, Board Burcu Duygan-Bump, Deputy Director, Division of Research and Statistics, Board Eric C. Engstrom, Special Adviser to the Chairman, Division of Board Members, Board Giovanni Favara, Associate Director, Division of Monetary Affairs, Board Laura J. Feiveson,4 Special Adviser to the Board, Division of Board Members, Board Andrew Figura, Senior Associate Director, Division of Research and Statistics, Board Jenn Gallagher, Assistant to the Board, Division of Board Members, Board Carlos Garriga, Senior Vice President, Federal Reserve Bank of St. Louis Joseph W. Gruber, Executive Vice President, Federal Reserve Bank of Kansas City Daniel L. Heil, Assistant to the Chairman (Special Projects), Division of Board Members, Board Erik Heitfield, Deputy Associate Director, Division of Research and Statistics, Board Valerie S. Hinojosa, Assistant Director, Division of Monetary Affairs, Board Jane E. Ihrig, Special Adviser to the Board, Division of Board Members, Board Margaret M. Jacobson, Senior Economist, Division of Monetary Affairs, Board Benjamin K. Johannsen, Deputy Associate Director, Division of Monetary Affairs, Board Anna R. Kovner, Executive Vice President, Federal Reserve Bank of Richmond Spencer D. Krane, Senior Vice President, Federal Reserve Bank of Chicago Sylvain Leduc, Executive Vice President and Director of Economic Research, Federal Reserve Bank of San Francisco Andreas Lehnert, Director, Division of Financial Stability, Board Paul Lengermann, Deputy Associate Director, Division of Research and Statistics, Board Eric LeSueur,2 Policy and Market Analysis Advisor, Federal Reserve Bank of New York Logan T. Lewis, Assistant Director, Division of International Finance, Board Laura Lipscomb, Special Adviser to the Board, Division of Board Members, Board Francesca Loria, Principal Economist, Division of Monetary Affairs, Board Byron Lutz, Deputy Associate Director, Division of Research and Statistics, Board Jonathan P. McCarthy, Economic Research Advisor, Federal Reserve Bank of New York John P. McConnell, Assistant to the Chairman (Speechwriting), Division of Board Members, Board Benjamin W. McDonough, Secretary of the Board, Office of the Secretary, Board David Newville, Director, Division of Consumer and Community Affairs, Board Anna Nordstrom, Head of Markets, Federal Reserve Bank of New York Alyssa T. O'Connor, Special Adviser to the Board, Division of Board Members, Board Karen A. Pennell, First Vice President, Federal Reserve Bank of Boston Eugenio P. Pinto, Special Adviser to the Board, Division of Board Members, Board Odelle Quisumbing,2 Assistant to the Secretary, Office of the Secretary, Board Nellisha D. Ramdass, Deputy Director, Division of Monetary Affairs, Board Romina D. Ruprecht, Senior Economist, Division of Monetary Affairs, Board Zeynep Senyuz, Special Adviser to the Board, Division of Board Members, Board Hiroatsu Tanaka, Principal Economist, Division of Monetary Affairs, Board Mary H. Tian, Group Manager, Division of Monetary Affairs, Board Jeffrey D. Walker,2 Senior Associate Director, Division of Reserve Bank Operations and Payment Systems, Board Jonathan Willis, Vice President, Federal Reserve Bank of Atlanta Paul Winfree, Assistant to the Chairman (Special Projects), Division of Board Members, Board Emre Yoldas, Deputy Associate Director, Division of International Finance, Board Egon Zakrajšek, Executive Vice President, Federal Reserve Bank of Boston _______________________ Joshua Gallin Secretary 1. The Federal Open Market Committee is referenced as the ""FOMC"" and the ""Committee"" in these minutes; the Board of Governors of the Federal Reserve System is referenced as the ""Board"" in these minutes. Return to text 2. Attended through the discussion of developments in financial markets and open market operations. Return to text 3. Attended Wednesday's session only. Return to text 4. Attended Tuesday's session only. Return to text Back to Top","Concurrence proves support for the action, not ideology"
2026-06-17,Michelle W. Bowman,FOR,HOLD,CONCUR,HOLD,0,VOTE_ACTION_PROXY,https://www.federalreserve.gov/monetarypolicy/fomcminutes20260617.htm,raw/minutes/fomcminutes20260617.htm,"Voting for this action: Kevin Warsh, John C. Williams, Michael S. Barr, Michelle W. Bowman, Lisa D. Cook, Beth M. Hammack, Philip N. Jefferson, Neel Kashkari, Lorie K. Logan, Anna Paulson, Jerome H. Powell, and Christopher J. Waller. Voting against this action: None. Consistent with the Committee's decision to leave the target range for the federal funds rate unchanged, the Board of Governors of the Federal Reserve System voted unanimously to maintain the interest rate paid on reserve balances at 3.65 percent, effective June 18, 2026. The Board of Governors of the Federal Reserve System voted unanimously to approve the establishment of the primary credit rate at the existing level of 3.75 percent. It was agreed that the next meeting of the Committee would be held on Tuesday–Wednesday, July 28–29, 2026. The meeting adjourned at 10:30 a.m. on June 17, 2026. Notation Vote By notation vote completed on May 19, 2026, the Committee unanimously approved the minutes of the Committee meeting held on April 28–29, 2026. Attendance Kevin Warsh, Chairman John C. Williams, Vice Chair Michael S. Barr Michelle W. Bowman Lisa D. Cook Beth M. Hammack Philip N. Jefferson Neel Kashkari Lorie K. Logan Anna Paulson Jerome H. Powell Christopher J. Waller Thomas I. Barkin, Mary C. Daly, Austan D. Goolsbee, Sushmita Shukla, and Cheryl L. Venable, Alternate Members of the Committee Susan M. Collins, Alberto G. Musalem, and Jeffrey R. Schmid, Presidents of the Federal Reserve Banks of Boston, St. Louis, and Kansas City, respectively Joshua Gallin, Secretary Matthew M. Luecke, Deputy Secretary Michelle A. Smith, Assistant Secretary Mark E. Van Der Weide, General Counsel Richard Ostrander, Deputy General Counsel Trevor A. Reeve, Economist Stacey Tevlin, Economist Beth Anne Wilson, Economist Stephanie R. Aaronson, Shaghil Ahmed, Brian M. Doyle, Eric M. Engen, Michael T. Kiley, Elizabeth Klee, Edward S. Knotek II, Karel Mertens, Andrea Raffo, and Donald Keith Sill, Associate Economists Roberto Perli, Manager, System Open Market Account Julie Ann Remache, Deputy Manager, System Open Market Account Jose Acosta, Senior System Engineer II, Division of Information Technology, Board Isaiah C. Ahn, Information Management Analyst, Division of Monetary Affairs, Board Alyssa Arute,2 Assistant Director, Division of Reserve Bank Operations and Payment Systems, Board Gadi Barlevy, Executive Vice President, Federal Reserve Bank of Chicago William F. Bassett, Senior Associate Director, Division of Financial Stability, Board Kimberly N. Bayard, Section Chief, Division of Research and Statistics, Board Michele Cavallo, Special Adviser to the Board, Division of Board Members, Board Lisa Chung,2 Head of Domestic and International Markets, Federal Reserve Bank of New York Andrew Cohen,3 Special Adviser to the Board, Division of Board Members, Board Francisco Covas, Deputy Director, Division of Supervision and Regulation, Board Ryan A. Decker, Special Adviser to the Board, Division of Board Members, Board Cynthia L. Doniger,4 Principal Economist, Division of Monetary Affairs, Board Burcu Duygan-Bump, Deputy Director, Division of Research and Statistics, Board Eric C. Engstrom, Special Adviser to the Chairman, Division of Board Members, Board Giovanni Favara, Associate Director, Division of Monetary Affairs, Board Laura J. Feiveson,4 Special Adviser to the Board, Division of Board Members, Board Andrew Figura, Senior Associate Director, Division of Research and Statistics, Board Jenn Gallagher, Assistant to the Board, Division of Board Members, Board Carlos Garriga, Senior Vice President, Federal Reserve Bank of St. Louis Joseph W. Gruber, Executive Vice President, Federal Reserve Bank of Kansas City Daniel L. Heil, Assistant to the Chairman (Special Projects), Division of Board Members, Board Erik Heitfield, Deputy Associate Director, Division of Research and Statistics, Board Valerie S. Hinojosa, Assistant Director, Division of Monetary Affairs, Board Jane E. Ihrig, Special Adviser to the Board, Division of Board Members, Board Margaret M. Jacobson, Senior Economist, Division of Monetary Affairs, Board Benjamin K. Johannsen, Deputy Associate Director, Division of Monetary Affairs, Board Anna R. Kovner, Executive Vice President, Federal Reserve Bank of Richmond Spencer D. Krane, Senior Vice President, Federal Reserve Bank of Chicago Sylvain Leduc, Executive Vice President and Director of Economic Research, Federal Reserve Bank of San Francisco Andreas Lehnert, Director, Division of Financial Stability, Board Paul Lengermann, Deputy Associate Director, Division of Research and Statistics, Board Eric LeSueur,2 Policy and Market Analysis Advisor, Federal Reserve Bank of New York Logan T. Lewis, Assistant Director, Division of International Finance, Board Laura Lipscomb, Special Adviser to the Board, Division of Board Members, Board Francesca Loria, Principal Economist, Division of Monetary Affairs, Board Byron Lutz, Deputy Associate Director, Division of Research and Statistics, Board Jonathan P. McCarthy, Economic Research Advisor, Federal Reserve Bank of New York John P. McConnell, Assistant to the Chairman (Speechwriting), Division of Board Members, Board Benjamin W. McDonough, Secretary of the Board, Office of the Secretary, Board David Newville, Director, Division of Consumer and Community Affairs, Board Anna Nordstrom, Head of Markets, Federal Reserve Bank of New York Alyssa T. O'Connor, Special Adviser to the Board, Division of Board Members, Board Karen A. Pennell, First Vice President, Federal Reserve Bank of Boston Eugenio P. Pinto, Special Adviser to the Board, Division of Board Members, Board Odelle Quisumbing,2 Assistant to the Secretary, Office of the Secretary, Board Nellisha D. Ramdass, Deputy Director, Division of Monetary Affairs, Board Romina D. Ruprecht, Senior Economist, Division of Monetary Affairs, Board Zeynep Senyuz, Special Adviser to the Board, Division of Board Members, Board Hiroatsu Tanaka, Principal Economist, Division of Monetary Affairs, Board Mary H. Tian, Group Manager, Division of Monetary Affairs, Board Jeffrey D. Walker,2 Senior Associate Director, Division of Reserve Bank Operations and Payment Systems, Board Jonathan Willis, Vice President, Federal Reserve Bank of Atlanta Paul Winfree, Assistant to the Chairman (Special Projects), Division of Board Members, Board Emre Yoldas, Deputy Associate Director, Division of International Finance, Board Egon Zakrajšek, Executive Vice President, Federal Reserve Bank of Boston _______________________ Joshua Gallin Secretary 1. The Federal Open Market Committee is referenced as the ""FOMC"" and the ""Committee"" in these minutes; the Board of Governors of the Federal Reserve System is referenced as the ""Board"" in these minutes. Return to text 2. Attended through the discussion of developments in financial markets and open market operations. Return to text 3. Attended Wednesday's session only. Return to text 4. Attended Tuesday's session only. Return to text Back to Top","Concurrence proves support for the action, not ideology"
2026-06-17,Neel Kashkari,FOR,HOLD,CONCUR,HOLD,0,VOTE_ACTION_PROXY,https://www.federalreserve.gov/monetarypolicy/fomcminutes20260617.htm,raw/minutes/fomcminutes20260617.htm,"Voting for this action: Kevin Warsh, John C. Williams, Michael S. Barr, Michelle W. Bowman, Lisa D. Cook, Beth M. Hammack, Philip N. Jefferson, Neel Kashkari, Lorie K. Logan, Anna Paulson, Jerome H. Powell, and Christopher J. Waller. Voting against this action: None. Consistent with the Committee's decision to leave the target range for the federal funds rate unchanged, the Board of Governors of the Federal Reserve System voted unanimously to maintain the interest rate paid on reserve balances at 3.65 percent, effective June 18, 2026. The Board of Governors of the Federal Reserve System voted unanimously to approve the establishment of the primary credit rate at the existing level of 3.75 percent. It was agreed that the next meeting of the Committee would be held on Tuesday–Wednesday, July 28–29, 2026. The meeting adjourned at 10:30 a.m. on June 17, 2026. Notation Vote By notation vote completed on May 19, 2026, the Committee unanimously approved the minutes of the Committee meeting held on April 28–29, 2026. Attendance Kevin Warsh, Chairman John C. Williams, Vice Chair Michael S. Barr Michelle W. Bowman Lisa D. Cook Beth M. Hammack Philip N. Jefferson Neel Kashkari Lorie K. Logan Anna Paulson Jerome H. Powell Christopher J. Waller Thomas I. Barkin, Mary C. Daly, Austan D. Goolsbee, Sushmita Shukla, and Cheryl L. Venable, Alternate Members of the Committee Susan M. Collins, Alberto G. Musalem, and Jeffrey R. Schmid, Presidents of the Federal Reserve Banks of Boston, St. Louis, and Kansas City, respectively Joshua Gallin, Secretary Matthew M. Luecke, Deputy Secretary Michelle A. Smith, Assistant Secretary Mark E. Van Der Weide, General Counsel Richard Ostrander, Deputy General Counsel Trevor A. Reeve, Economist Stacey Tevlin, Economist Beth Anne Wilson, Economist Stephanie R. Aaronson, Shaghil Ahmed, Brian M. Doyle, Eric M. Engen, Michael T. Kiley, Elizabeth Klee, Edward S. Knotek II, Karel Mertens, Andrea Raffo, and Donald Keith Sill, Associate Economists Roberto Perli, Manager, System Open Market Account Julie Ann Remache, Deputy Manager, System Open Market Account Jose Acosta, Senior System Engineer II, Division of Information Technology, Board Isaiah C. Ahn, Information Management Analyst, Division of Monetary Affairs, Board Alyssa Arute,2 Assistant Director, Division of Reserve Bank Operations and Payment Systems, Board Gadi Barlevy, Executive Vice President, Federal Reserve Bank of Chicago William F. Bassett, Senior Associate Director, Division of Financial Stability, Board Kimberly N. Bayard, Section Chief, Division of Research and Statistics, Board Michele Cavallo, Special Adviser to the Board, Division of Board Members, Board Lisa Chung,2 Head of Domestic and International Markets, Federal Reserve Bank of New York Andrew Cohen,3 Special Adviser to the Board, Division of Board Members, Board Francisco Covas, Deputy Director, Division of Supervision and Regulation, Board Ryan A. Decker, Special Adviser to the Board, Division of Board Members, Board Cynthia L. Doniger,4 Principal Economist, Division of Monetary Affairs, Board Burcu Duygan-Bump, Deputy Director, Division of Research and Statistics, Board Eric C. Engstrom, Special Adviser to the Chairman, Division of Board Members, Board Giovanni Favara, Associate Director, Division of Monetary Affairs, Board Laura J. Feiveson,4 Special Adviser to the Board, Division of Board Members, Board Andrew Figura, Senior Associate Director, Division of Research and Statistics, Board Jenn Gallagher, Assistant to the Board, Division of Board Members, Board Carlos Garriga, Senior Vice President, Federal Reserve Bank of St. Louis Joseph W. Gruber, Executive Vice President, Federal Reserve Bank of Kansas City Daniel L. Heil, Assistant to the Chairman (Special Projects), Division of Board Members, Board Erik Heitfield, Deputy Associate Director, Division of Research and Statistics, Board Valerie S. Hinojosa, Assistant Director, Division of Monetary Affairs, Board Jane E. Ihrig, Special Adviser to the Board, Division of Board Members, Board Margaret M. Jacobson, Senior Economist, Division of Monetary Affairs, Board Benjamin K. Johannsen, Deputy Associate Director, Division of Monetary Affairs, Board Anna R. Kovner, Executive Vice President, Federal Reserve Bank of Richmond Spencer D. Krane, Senior Vice President, Federal Reserve Bank of Chicago Sylvain Leduc, Executive Vice President and Director of Economic Research, Federal Reserve Bank of San Francisco Andreas Lehnert, Director, Division of Financial Stability, Board Paul Lengermann, Deputy Associate Director, Division of Research and Statistics, Board Eric LeSueur,2 Policy and Market Analysis Advisor, Federal Reserve Bank of New York Logan T. Lewis, Assistant Director, Division of International Finance, Board Laura Lipscomb, Special Adviser to the Board, Division of Board Members, Board Francesca Loria, Principal Economist, Division of Monetary Affairs, Board Byron Lutz, Deputy Associate Director, Division of Research and Statistics, Board Jonathan P. McCarthy, Economic Research Advisor, Federal Reserve Bank of New York John P. McConnell, Assistant to the Chairman (Speechwriting), Division of Board Members, Board Benjamin W. McDonough, Secretary of the Board, Office of the Secretary, Board David Newville, Director, Division of Consumer and Community Affairs, Board Anna Nordstrom, Head of Markets, Federal Reserve Bank of New York Alyssa T. O'Connor, Special Adviser to the Board, Division of Board Members, Board Karen A. Pennell, First Vice President, Federal Reserve Bank of Boston Eugenio P. Pinto, Special Adviser to the Board, Division of Board Members, Board Odelle Quisumbing,2 Assistant to the Secretary, Office of the Secretary, Board Nellisha D. Ramdass, Deputy Director, Division of Monetary Affairs, Board Romina D. Ruprecht, Senior Economist, Division of Monetary Affairs, Board Zeynep Senyuz, Special Adviser to the Board, Division of Board Members, Board Hiroatsu Tanaka, Principal Economist, Division of Monetary Affairs, Board Mary H. Tian, Group Manager, Division of Monetary Affairs, Board Jeffrey D. Walker,2 Senior Associate Director, Division of Reserve Bank Operations and Payment Systems, Board Jonathan Willis, Vice President, Federal Reserve Bank of Atlanta Paul Winfree, Assistant to the Chairman (Special Projects), Division of Board Members, Board Emre Yoldas, Deputy Associate Director, Division of International Finance, Board Egon Zakrajšek, Executive Vice President, Federal Reserve Bank of Boston _______________________ Joshua Gallin Secretary 1. The Federal Open Market Committee is referenced as the ""FOMC"" and the ""Committee"" in these minutes; the Board of Governors of the Federal Reserve System is referenced as the ""Board"" in these minutes. Return to text 2. Attended through the discussion of developments in financial markets and open market operations. Return to text 3. Attended Wednesday's session only. Return to text 4. Attended Tuesday's session only. Return to text Back to Top","Concurrence proves support for the action, not ideology"
2026-06-17,Philip N. Jefferson,FOR,HOLD,CONCUR,HOLD,0,VOTE_ACTION_PROXY,https://www.federalreserve.gov/monetarypolicy/fomcminutes20260617.htm,raw/minutes/fomcminutes20260617.htm,"Voting for this action: Kevin Warsh, John C. Williams, Michael S. Barr, Michelle W. Bowman, Lisa D. Cook, Beth M. Hammack, Philip N. Jefferson, Neel Kashkari, Lorie K. Logan, Anna Paulson, Jerome H. Powell, and Christopher J. Waller. Voting against this action: None. Consistent with the Committee's decision to leave the target range for the federal funds rate unchanged, the Board of Governors of the Federal Reserve System voted unanimously to maintain the interest rate paid on reserve balances at 3.65 percent, effective June 18, 2026. The Board of Governors of the Federal Reserve System voted unanimously to approve the establishment of the primary credit rate at the existing level of 3.75 percent. It was agreed that the next meeting of the Committee would be held on Tuesday–Wednesday, July 28–29, 2026. The meeting adjourned at 10:30 a.m. on June 17, 2026. Notation Vote By notation vote completed on May 19, 2026, the Committee unanimously approved the minutes of the Committee meeting held on April 28–29, 2026. Attendance Kevin Warsh, Chairman John C. Williams, Vice Chair Michael S. Barr Michelle W. Bowman Lisa D. Cook Beth M. Hammack Philip N. Jefferson Neel Kashkari Lorie K. Logan Anna Paulson Jerome H. Powell Christopher J. Waller Thomas I. Barkin, Mary C. Daly, Austan D. Goolsbee, Sushmita Shukla, and Cheryl L. Venable, Alternate Members of the Committee Susan M. Collins, Alberto G. Musalem, and Jeffrey R. Schmid, Presidents of the Federal Reserve Banks of Boston, St. Louis, and Kansas City, respectively Joshua Gallin, Secretary Matthew M. Luecke, Deputy Secretary Michelle A. Smith, Assistant Secretary Mark E. Van Der Weide, General Counsel Richard Ostrander, Deputy General Counsel Trevor A. Reeve, Economist Stacey Tevlin, Economist Beth Anne Wilson, Economist Stephanie R. Aaronson, Shaghil Ahmed, Brian M. Doyle, Eric M. Engen, Michael T. Kiley, Elizabeth Klee, Edward S. Knotek II, Karel Mertens, Andrea Raffo, and Donald Keith Sill, Associate Economists Roberto Perli, Manager, System Open Market Account Julie Ann Remache, Deputy Manager, System Open Market Account Jose Acosta, Senior System Engineer II, Division of Information Technology, Board Isaiah C. Ahn, Information Management Analyst, Division of Monetary Affairs, Board Alyssa Arute,2 Assistant Director, Division of Reserve Bank Operations and Payment Systems, Board Gadi Barlevy, Executive Vice President, Federal Reserve Bank of Chicago William F. Bassett, Senior Associate Director, Division of Financial Stability, Board Kimberly N. Bayard, Section Chief, Division of Research and Statistics, Board Michele Cavallo, Special Adviser to the Board, Division of Board Members, Board Lisa Chung,2 Head of Domestic and International Markets, Federal Reserve Bank of New York Andrew Cohen,3 Special Adviser to the Board, Division of Board Members, Board Francisco Covas, Deputy Director, Division of Supervision and Regulation, Board Ryan A. Decker, Special Adviser to the Board, Division of Board Members, Board Cynthia L. Doniger,4 Principal Economist, Division of Monetary Affairs, Board Burcu Duygan-Bump, Deputy Director, Division of Research and Statistics, Board Eric C. Engstrom, Special Adviser to the Chairman, Division of Board Members, Board Giovanni Favara, Associate Director, Division of Monetary Affairs, Board Laura J. Feiveson,4 Special Adviser to the Board, Division of Board Members, Board Andrew Figura, Senior Associate Director, Division of Research and Statistics, Board Jenn Gallagher, Assistant to the Board, Division of Board Members, Board Carlos Garriga, Senior Vice President, Federal Reserve Bank of St. Louis Joseph W. Gruber, Executive Vice President, Federal Reserve Bank of Kansas City Daniel L. Heil, Assistant to the Chairman (Special Projects), Division of Board Members, Board Erik Heitfield, Deputy Associate Director, Division of Research and Statistics, Board Valerie S. Hinojosa, Assistant Director, Division of Monetary Affairs, Board Jane E. Ihrig, Special Adviser to the Board, Division of Board Members, Board Margaret M. Jacobson, Senior Economist, Division of Monetary Affairs, Board Benjamin K. Johannsen, Deputy Associate Director, Division of Monetary Affairs, Board Anna R. Kovner, Executive Vice President, Federal Reserve Bank of Richmond Spencer D. Krane, Senior Vice President, Federal Reserve Bank of Chicago Sylvain Leduc, Executive Vice President and Director of Economic Research, Federal Reserve Bank of San Francisco Andreas Lehnert, Director, Division of Financial Stability, Board Paul Lengermann, Deputy Associate Director, Division of Research and Statistics, Board Eric LeSueur,2 Policy and Market Analysis Advisor, Federal Reserve Bank of New York Logan T. Lewis, Assistant Director, Division of International Finance, Board Laura Lipscomb, Special Adviser to the Board, Division of Board Members, Board Francesca Loria, Principal Economist, Division of Monetary Affairs, Board Byron Lutz, Deputy Associate Director, Division of Research and Statistics, Board Jonathan P. McCarthy, Economic Research Advisor, Federal Reserve Bank of New York John P. McConnell, Assistant to the Chairman (Speechwriting), Division of Board Members, Board Benjamin W. McDonough, Secretary of the Board, Office of the Secretary, Board David Newville, Director, Division of Consumer and Community Affairs, Board Anna Nordstrom, Head of Markets, Federal Reserve Bank of New York Alyssa T. O'Connor, Special Adviser to the Board, Division of Board Members, Board Karen A. Pennell, First Vice President, Federal Reserve Bank of Boston Eugenio P. Pinto, Special Adviser to the Board, Division of Board Members, Board Odelle Quisumbing,2 Assistant to the Secretary, Office of the Secretary, Board Nellisha D. Ramdass, Deputy Director, Division of Monetary Affairs, Board Romina D. Ruprecht, Senior Economist, Division of Monetary Affairs, Board Zeynep Senyuz, Special Adviser to the Board, Division of Board Members, Board Hiroatsu Tanaka, Principal Economist, Division of Monetary Affairs, Board Mary H. Tian, Group Manager, Division of Monetary Affairs, Board Jeffrey D. Walker,2 Senior Associate Director, Division of Reserve Bank Operations and Payment Systems, Board Jonathan Willis, Vice President, Federal Reserve Bank of Atlanta Paul Winfree, Assistant to the Chairman (Special Projects), Division of Board Members, Board Emre Yoldas, Deputy Associate Director, Division of International Finance, Board Egon Zakrajšek, Executive Vice President, Federal Reserve Bank of Boston _______________________ Joshua Gallin Secretary 1. The Federal Open Market Committee is referenced as the ""FOMC"" and the ""Committee"" in these minutes; the Board of Governors of the Federal Reserve System is referenced as the ""Board"" in these minutes. Return to text 2. Attended through the discussion of developments in financial markets and open market operations. Return to text 3. Attended Wednesday's session only. Return to text 4. Attended Tuesday's session only. Return to text Back to Top","Concurrence proves support for the action, not ideology"
2026-07-29,Anna Paulson,FOR,HOLD,CONCUR,HOLD,0,VOTE_ACTION_PROXY,https://www.federalreserve.gov/monetarypolicy/fomcminutes20260729.htm,raw/minutes/fomcminutes20260729.htm,"Voting for this action: Kevin Warsh, John C. Williams, Michael S. Barr, Michelle W. Bowman, Lisa D. Cook, Philip N. Jefferson, Anna Paulson, Jerome H. Powell, and Christopher J. Waller. Voting against this action: Beth M. Hammack, Neel Kashkari, and Lorie K. Logan, who preferred to raise the target range for the federal funds rate by 1/4 percentage point at this meeting. Consistent with the Committee's decision to leave the target range for the federal funds rate unchanged, the Board of Governors of the Federal Reserve System voted unanimously to maintain the interest rate paid on reserve balances at 3.65 percent, effective July 30, 2026. The Board of Governors of the Federal Reserve System voted unanimously to approve the establishment of the primary credit rate at the existing level of 3.75 percent. It was agreed that the next meeting of the Committee would be held on Tuesday–Wednesday, September 15–16, 2026. The meeting adjourned at 10:50 a.m. on July 29, 2026. Notation Vote By notation vote completed on July 7, 2026, the Committee unanimously approved the minutes of the Committee meeting held on June 16–17, 2026. Attendance Kevin Warsh, Chairman John C. Williams, Vice Chair Michael S. Barr Michelle W. Bowman Lisa D. Cook Beth M. Hammack Philip N. Jefferson Neel Kashkari Lorie K. Logan Anna Paulson Jerome H. Powell Christopher J. Waller Thomas I. Barkin, Mary C. Daly, Austan D. Goolsbee, Sushmita Shukla, and Cheryl L. Venable, Alternate Members of the Committee Susan M. Collins, Alberto G. Musalem, and Jeffrey R. Schmid, Presidents of the Federal Reserve Banks of Boston, St. Louis, and Kansas City, respectively Joshua Gallin, Secretary Matthew M. Luecke,2 Deputy Secretary Michelle A. Smith, Assistant Secretary Mark E. Van Der Weide, General Counsel Richard Ostrander, Deputy General Counsel Trevor A. Reeve, Economist Stacey Tevlin, Economist Beth Anne Wilson, Economist Stephanie R. Aaronson, Brian M. Doyle, Michael T. Kiley, and Elizabeth Klee, Associate Economists Roberto Perli, Manager, System Open Market Account Julie Ann Remache, Deputy Manager, System Open Market Account Jose Acosta, Principal System Engineer, Division of Information Technology, Board Alyssa Arute,3 Assistant Director, Division of Reserve Bank Operations and Payment Systems, Board Gadi Barlevy, Executive Vice President, Federal Reserve Bank of Chicago William F. Bassett, Senior Associate Director, Division of Financial Stability, Board Camille Bryan, Senior Project Manager, Division of Monetary Affairs, Board Marco Cagetti, Assistant Director, Division of Research and Statistics, Board Michele Cavallo, Special Adviser to the Board, Division of Board Members, Board Andrew Cohen,4 Special Adviser to the Board, Division of Board Members, Board Francisco Covas, Deputy Director, Division of Supervision and Regulation, Board Stephanie E. Curcuru, Deputy Director, Division of International Finance, Board Marnie Gillis DeBoer,3 Senior Associate Director, Division of Monetary Affairs, Board Ryan A. Decker, Special Adviser to the Board, Division of Board Members, Board Anthony M. Diercks, Principal Economist, Division of Monetary Affairs, Board Wendy E. Dunn, Adviser, Division of Research and Statistics, Board Adhiraj Dutt,5 Policy and Market Analysis Principal, Federal Reserve Bank of New York Eric C. Engstrom, Special Adviser to the Chairman, Division of Board Members, Board Laura J. Feiveson,6 Special Adviser to the Board, Division of Board Members, Board Andrew Figura, Senior Associate Director, Division of Research and Statistics, Board Etienne Gagnon, Senior Associate Director, Division of International Finance, Board Jenn Gallagher, Assistant to the Board, Division of Board Members, Board Joseph W. Gruber, Executive Vice President, Federal Reserve Bank of Kansas City Daniel L. Heil, Special Adviser to the Chairman, Division of Board Members, Board Valerie S. Hinojosa, Assistant Director, Division of Monetary Affairs, Board Jane E. Ihrig, Special Adviser to the Board, Division of Board Members, Board Don H. Kim, Senior Adviser, Division of Monetary Affairs, Board Anna R. Kovner, Executive Vice President, Federal Reserve Bank of Richmond Andreas Lehnert, Director, Division of Financial Stability, Board Benjamin Lester, Vice President, Federal Reserve Bank of Philadelphia Logan T. Lewis, Assistant Director, Division of International Finance, Board Laura Lipscomb, Special Adviser to the Board, Division of Board Members, Board Rachel Lu,5 Head of Financial Risk, Federal Reserve Bank of New York Fernando M. Martin, Senior Economic Policy Advisor II, Federal Reserve Bank of St. Louis John P. McConnell, Special Adviser to the Chairman, Division of Board Members, Board Benjamin W. McDonough, Secretary of the Board, Office of the Secretary, Board Brent H. Meyer, Vice President, Federal Reserve Bank of Atlanta Kindra I. Morelock, Information Services Senior Analyst, Division of Monetary Affairs, Board, and Federal Reserve Bank of Chicago Norman J. Morin, Associate Director, Division of Research and Statistics, Board Edward Nelson, Senior Adviser, Division of Monetary Affairs, Board David Newville, Director, Division of Consumer and Community Affairs, Board Teodora Paligorova, Principal Economist, Division of Financial Stability, Board Paolo A. Pesenti, Director of Monetary Policy Research, Federal Reserve Bank of New York Brian Phillips,4 Special Counsel, Legal Division, Board; Special Adviser to the Board, Division of Board Members, Board Eugenio P. Pinto,6 Special Adviser to the Board, Division of Board Members, Board Odelle Quisumbing, Assistant to the Secretary, Office of the Secretary, Board Nellisha D. Ramdass,7 Deputy Director, Division of Monetary Affairs, Board Romina D. Ruprecht, Senior Economist, Division of Monetary Affairs, Board Samantha Schwab, Special Adviser to the Chairman, Division of Board Members, Board Zeynep Senyuz, Special Adviser to the Board, Division of Board Members, Board Adam H. Shapiro, Vice President, Federal Reserve Bank of San Francisco Andre F. Silva,5 Principal Economist, Division of Monetary Affairs, Board Gustavo A. Suarez, Deputy Associate Director, Division of Research and Statistics, Board Thomas D. Tallarini, Jr., Assistant Vice President, Federal Reserve Bank of Minneapolis Jenny Tang, Vice President, Federal Reserve Bank of Boston Yannick Timmer, Principal Economist, Division of Monetary Affairs, Board Willem Van Zandweghe, Vice President, Federal Reserve Bank of Cleveland Annette Vissing-Jørgensen, Senior Adviser, Division of Monetary Affairs, Board Jeffrey D. Walker,3 Senior Associate Director, Division of Reserve Bank Operations and Payment Systems, Board Randall A. Williams, Group Manager, Division of Monetary Affairs, Board Donielle A. Winford,8 Senior Information Manager, Division of Monetary Affairs, Board Paul Winfree, Special Adviser to the Chairman, Division of Board Members, Board Emre Yoldas, Deputy Associate Director, Division of International Finance, Board Rebecca Zarutskie, Senior Vice President, Federal Reserve Bank of Dallas Filip Zikes, Special Adviser to the Board, Division of Board Members, Board _______________________ Joshua Gallin Secretary 1. The Federal Open Market Committee is referenced as the ""FOMC"" and the ""Committee"" in these minutes; the Board of Governors of the Federal Reserve System is referenced as the ""Board"" in these minutes. Return to text 2. Attended opening remarks for Tuesday's session only. Return to text 3. Attended through the discussion of developments in financial markets and open market operations. Return to text 4. Attended the discussion of economic developments and the outlook. Return to text 5. Attended through the discussion of the economic and financial situation. Return to text 6. Attended through the discussion of developments in financial markets and open market operations and from the discussion of the economic and financial situation through the end of the meeting. Return to text 7. Attended Tuesday's session only. Return to text 8. Attended Wednesday's session only. Return to text Back to Top","Concurrence proves support for the action, not ideology"
2026-07-29,Beth M. Hammack,AGAINST,HOLD,TIGHTER,HIKE_25BP,2,VOTE_DISSENT,https://www.federalreserve.gov/monetarypolicy/fomcminutes20260729.htm,raw/minutes/fomcminutes20260729.htm,"Voting for this action: Kevin Warsh, John C. Williams, Michael S. Barr, Michelle W. Bowman, Lisa D. Cook, Philip N. Jefferson, Anna Paulson, Jerome H. Powell, and Christopher J. Waller. Voting against this action: Beth M. Hammack, Neel Kashkari, and Lorie K. Logan, who preferred to raise the target range for the federal funds rate by 1/4 percentage point at this meeting. Consistent with the Committee's decision to leave the target range for the federal funds rate unchanged, the Board of Governors of the Federal Reserve System voted unanimously to maintain the interest rate paid on reserve balances at 3.65 percent, effective July 30, 2026. The Board of Governors of the Federal Reserve System voted unanimously to approve the establishment of the primary credit rate at the existing level of 3.75 percent. It was agreed that the next meeting of the Committee would be held on Tuesday–Wednesday, September 15–16, 2026. The meeting adjourned at 10:50 a.m. on July 29, 2026. Notation Vote By notation vote completed on July 7, 2026, the Committee unanimously approved the minutes of the Committee meeting held on June 16–17, 2026. Attendance Kevin Warsh, Chairman John C. Williams, Vice Chair Michael S. Barr Michelle W. Bowman Lisa D. Cook Beth M. Hammack Philip N. Jefferson Neel Kashkari Lorie K. Logan Anna Paulson Jerome H. Powell Christopher J. Waller Thomas I. Barkin, Mary C. Daly, Austan D. Goolsbee, Sushmita Shukla, and Cheryl L. Venable, Alternate Members of the Committee Susan M. Collins, Alberto G. Musalem, and Jeffrey R. Schmid, Presidents of the Federal Reserve Banks of Boston, St. Louis, and Kansas City, respectively Joshua Gallin, Secretary Matthew M. Luecke,2 Deputy Secretary Michelle A. Smith, Assistant Secretary Mark E. Van Der Weide, General Counsel Richard Ostrander, Deputy General Counsel Trevor A. Reeve, Economist Stacey Tevlin, Economist Beth Anne Wilson, Economist Stephanie R. Aaronson, Brian M. Doyle, Michael T. Kiley, and Elizabeth Klee, Associate Economists Roberto Perli, Manager, System Open Market Account Julie Ann Remache, Deputy Manager, System Open Market Account Jose Acosta, Principal System Engineer, Division of Information Technology, Board Alyssa Arute,3 Assistant Director, Division of Reserve Bank Operations and Payment Systems, Board Gadi Barlevy, Executive Vice President, Federal Reserve Bank of Chicago William F. Bassett, Senior Associate Director, Division of Financial Stability, Board Camille Bryan, Senior Project Manager, Division of Monetary Affairs, Board Marco Cagetti, Assistant Director, Division of Research and Statistics, Board Michele Cavallo, Special Adviser to the Board, Division of Board Members, Board Andrew Cohen,4 Special Adviser to the Board, Division of Board Members, Board Francisco Covas, Deputy Director, Division of Supervision and Regulation, Board Stephanie E. Curcuru, Deputy Director, Division of International Finance, Board Marnie Gillis DeBoer,3 Senior Associate Director, Division of Monetary Affairs, Board Ryan A. Decker, Special Adviser to the Board, Division of Board Members, Board Anthony M. Diercks, Principal Economist, Division of Monetary Affairs, Board Wendy E. Dunn, Adviser, Division of Research and Statistics, Board Adhiraj Dutt,5 Policy and Market Analysis Principal, Federal Reserve Bank of New York Eric C. Engstrom, Special Adviser to the Chairman, Division of Board Members, Board Laura J. Feiveson,6 Special Adviser to the Board, Division of Board Members, Board Andrew Figura, Senior Associate Director, Division of Research and Statistics, Board Etienne Gagnon, Senior Associate Director, Division of International Finance, Board Jenn Gallagher, Assistant to the Board, Division of Board Members, Board Joseph W. Gruber, Executive Vice President, Federal Reserve Bank of Kansas City Daniel L. Heil, Special Adviser to the Chairman, Division of Board Members, Board Valerie S. Hinojosa, Assistant Director, Division of Monetary Affairs, Board Jane E. Ihrig, Special Adviser to the Board, Division of Board Members, Board Don H. Kim, Senior Adviser, Division of Monetary Affairs, Board Anna R. Kovner, Executive Vice President, Federal Reserve Bank of Richmond Andreas Lehnert, Director, Division of Financial Stability, Board Benjamin Lester, Vice President, Federal Reserve Bank of Philadelphia Logan T. Lewis, Assistant Director, Division of International Finance, Board Laura Lipscomb, Special Adviser to the Board, Division of Board Members, Board Rachel Lu,5 Head of Financial Risk, Federal Reserve Bank of New York Fernando M. Martin, Senior Economic Policy Advisor II, Federal Reserve Bank of St. Louis John P. McConnell, Special Adviser to the Chairman, Division of Board Members, Board Benjamin W. McDonough, Secretary of the Board, Office of the Secretary, Board Brent H. Meyer, Vice President, Federal Reserve Bank of Atlanta Kindra I. Morelock, Information Services Senior Analyst, Division of Monetary Affairs, Board, and Federal Reserve Bank of Chicago Norman J. Morin, Associate Director, Division of Research and Statistics, Board Edward Nelson, Senior Adviser, Division of Monetary Affairs, Board David Newville, Director, Division of Consumer and Community Affairs, Board Teodora Paligorova, Principal Economist, Division of Financial Stability, Board Paolo A. Pesenti, Director of Monetary Policy Research, Federal Reserve Bank of New York Brian Phillips,4 Special Counsel, Legal Division, Board; Special Adviser to the Board, Division of Board Members, Board Eugenio P. Pinto,6 Special Adviser to the Board, Division of Board Members, Board Odelle Quisumbing, Assistant to the Secretary, Office of the Secretary, Board Nellisha D. Ramdass,7 Deputy Director, Division of Monetary Affairs, Board Romina D. Ruprecht, Senior Economist, Division of Monetary Affairs, Board Samantha Schwab, Special Adviser to the Chairman, Division of Board Members, Board Zeynep Senyuz, Special Adviser to the Board, Division of Board Members, Board Adam H. Shapiro, Vice President, Federal Reserve Bank of San Francisco Andre F. Silva,5 Principal Economist, Division of Monetary Affairs, Board Gustavo A. Suarez, Deputy Associate Director, Division of Research and Statistics, Board Thomas D. Tallarini, Jr., Assistant Vice President, Federal Reserve Bank of Minneapolis Jenny Tang, Vice President, Federal Reserve Bank of Boston Yannick Timmer, Principal Economist, Division of Monetary Affairs, Board Willem Van Zandweghe, Vice President, Federal Reserve Bank of Cleveland Annette Vissing-Jørgensen, Senior Adviser, Division of Monetary Affairs, Board Jeffrey D. Walker,3 Senior Associate Director, Division of Reserve Bank Operations and Payment Systems, Board Randall A. Williams, Group Manager, Division of Monetary Affairs, Board Donielle A. Winford,8 Senior Information Manager, Division of Monetary Affairs, Board Paul Winfree, Special Adviser to the Chairman, Division of Board Members, Board Emre Yoldas, Deputy Associate Director, Division of International Finance, Board Rebecca Zarutskie, Senior Vice President, Federal Reserve Bank of Dallas Filip Zikes, Special Adviser to the Board, Division of Board Members, Board _______________________ Joshua Gallin Secretary 1. The Federal Open Market Committee is referenced as the ""FOMC"" and the ""Committee"" in these minutes; the Board of Governors of the Federal Reserve System is referenced as the ""Board"" in these minutes. Return to text 2. Attended opening remarks for Tuesday's session only. Return to text 3. Attended through the discussion of developments in financial markets and open market operations. Return to text 4. Attended the discussion of economic developments and the outlook. Return to text 5. Attended through the discussion of the economic and financial situation. Return to text 6. Attended through the discussion of developments in financial markets and open market operations and from the discussion of the economic and financial situation through the end of the meeting. Return to text 7. Attended Tuesday's session only. Return to text 8. Attended Wednesday's session only. Return to text Back to Top",Preferred a 25bp hike while the committee held
2026-07-29,Christopher J. Waller,FOR,HOLD,CONCUR,HOLD,0,VOTE_ACTION_PROXY,https://www.federalreserve.gov/monetarypolicy/fomcminutes20260729.htm,raw/minutes/fomcminutes20260729.htm,"Voting for this action: Kevin Warsh, John C. Williams, Michael S. Barr, Michelle W. Bowman, Lisa D. Cook, Philip N. Jefferson, Anna Paulson, Jerome H. Powell, and Christopher J. Waller. Voting against this action: Beth M. Hammack, Neel Kashkari, and Lorie K. Logan, who preferred to raise the target range for the federal funds rate by 1/4 percentage point at this meeting. Consistent with the Committee's decision to leave the target range for the federal funds rate unchanged, the Board of Governors of the Federal Reserve System voted unanimously to maintain the interest rate paid on reserve balances at 3.65 percent, effective July 30, 2026. The Board of Governors of the Federal Reserve System voted unanimously to approve the establishment of the primary credit rate at the existing level of 3.75 percent. It was agreed that the next meeting of the Committee would be held on Tuesday–Wednesday, September 15–16, 2026. The meeting adjourned at 10:50 a.m. on July 29, 2026. Notation Vote By notation vote completed on July 7, 2026, the Committee unanimously approved the minutes of the Committee meeting held on June 16–17, 2026. Attendance Kevin Warsh, Chairman John C. Williams, Vice Chair Michael S. Barr Michelle W. Bowman Lisa D. Cook Beth M. Hammack Philip N. Jefferson Neel Kashkari Lorie K. Logan Anna Paulson Jerome H. Powell Christopher J. Waller Thomas I. Barkin, Mary C. Daly, Austan D. Goolsbee, Sushmita Shukla, and Cheryl L. Venable, Alternate Members of the Committee Susan M. Collins, Alberto G. Musalem, and Jeffrey R. Schmid, Presidents of the Federal Reserve Banks of Boston, St. Louis, and Kansas City, respectively Joshua Gallin, Secretary Matthew M. Luecke,2 Deputy Secretary Michelle A. Smith, Assistant Secretary Mark E. Van Der Weide, General Counsel Richard Ostrander, Deputy General Counsel Trevor A. Reeve, Economist Stacey Tevlin, Economist Beth Anne Wilson, Economist Stephanie R. Aaronson, Brian M. Doyle, Michael T. Kiley, and Elizabeth Klee, Associate Economists Roberto Perli, Manager, System Open Market Account Julie Ann Remache, Deputy Manager, System Open Market Account Jose Acosta, Principal System Engineer, Division of Information Technology, Board Alyssa Arute,3 Assistant Director, Division of Reserve Bank Operations and Payment Systems, Board Gadi Barlevy, Executive Vice President, Federal Reserve Bank of Chicago William F. Bassett, Senior Associate Director, Division of Financial Stability, Board Camille Bryan, Senior Project Manager, Division of Monetary Affairs, Board Marco Cagetti, Assistant Director, Division of Research and Statistics, Board Michele Cavallo, Special Adviser to the Board, Division of Board Members, Board Andrew Cohen,4 Special Adviser to the Board, Division of Board Members, Board Francisco Covas, Deputy Director, Division of Supervision and Regulation, Board Stephanie E. Curcuru, Deputy Director, Division of International Finance, Board Marnie Gillis DeBoer,3 Senior Associate Director, Division of Monetary Affairs, Board Ryan A. Decker, Special Adviser to the Board, Division of Board Members, Board Anthony M. Diercks, Principal Economist, Division of Monetary Affairs, Board Wendy E. Dunn, Adviser, Division of Research and Statistics, Board Adhiraj Dutt,5 Policy and Market Analysis Principal, Federal Reserve Bank of New York Eric C. Engstrom, Special Adviser to the Chairman, Division of Board Members, Board Laura J. Feiveson,6 Special Adviser to the Board, Division of Board Members, Board Andrew Figura, Senior Associate Director, Division of Research and Statistics, Board Etienne Gagnon, Senior Associate Director, Division of International Finance, Board Jenn Gallagher, Assistant to the Board, Division of Board Members, Board Joseph W. Gruber, Executive Vice President, Federal Reserve Bank of Kansas City Daniel L. Heil, Special Adviser to the Chairman, Division of Board Members, Board Valerie S. Hinojosa, Assistant Director, Division of Monetary Affairs, Board Jane E. Ihrig, Special Adviser to the Board, Division of Board Members, Board Don H. Kim, Senior Adviser, Division of Monetary Affairs, Board Anna R. Kovner, Executive Vice President, Federal Reserve Bank of Richmond Andreas Lehnert, Director, Division of Financial Stability, Board Benjamin Lester, Vice President, Federal Reserve Bank of Philadelphia Logan T. Lewis, Assistant Director, Division of International Finance, Board Laura Lipscomb, Special Adviser to the Board, Division of Board Members, Board Rachel Lu,5 Head of Financial Risk, Federal Reserve Bank of New York Fernando M. Martin, Senior Economic Policy Advisor II, Federal Reserve Bank of St. Louis John P. McConnell, Special Adviser to the Chairman, Division of Board Members, Board Benjamin W. McDonough, Secretary of the Board, Office of the Secretary, Board Brent H. Meyer, Vice President, Federal Reserve Bank of Atlanta Kindra I. Morelock, Information Services Senior Analyst, Division of Monetary Affairs, Board, and Federal Reserve Bank of Chicago Norman J. Morin, Associate Director, Division of Research and Statistics, Board Edward Nelson, Senior Adviser, Division of Monetary Affairs, Board David Newville, Director, Division of Consumer and Community Affairs, Board Teodora Paligorova, Principal Economist, Division of Financial Stability, Board Paolo A. Pesenti, Director of Monetary Policy Research, Federal Reserve Bank of New York Brian Phillips,4 Special Counsel, Legal Division, Board; Special Adviser to the Board, Division of Board Members, Board Eugenio P. Pinto,6 Special Adviser to the Board, Division of Board Members, Board Odelle Quisumbing, Assistant to the Secretary, Office of the Secretary, Board Nellisha D. Ramdass,7 Deputy Director, Division of Monetary Affairs, Board Romina D. Ruprecht, Senior Economist, Division of Monetary Affairs, Board Samantha Schwab, Special Adviser to the Chairman, Division of Board Members, Board Zeynep Senyuz, Special Adviser to the Board, Division of Board Members, Board Adam H. Shapiro, Vice President, Federal Reserve Bank of San Francisco Andre F. Silva,5 Principal Economist, Division of Monetary Affairs, Board Gustavo A. Suarez, Deputy Associate Director, Division of Research and Statistics, Board Thomas D. Tallarini, Jr., Assistant Vice President, Federal Reserve Bank of Minneapolis Jenny Tang, Vice President, Federal Reserve Bank of Boston Yannick Timmer, Principal Economist, Division of Monetary Affairs, Board Willem Van Zandweghe, Vice President, Federal Reserve Bank of Cleveland Annette Vissing-Jørgensen, Senior Adviser, Division of Monetary Affairs, Board Jeffrey D. Walker,3 Senior Associate Director, Division of Reserve Bank Operations and Payment Systems, Board Randall A. Williams, Group Manager, Division of Monetary Affairs, Board Donielle A. Winford,8 Senior Information Manager, Division of Monetary Affairs, Board Paul Winfree, Special Adviser to the Chairman, Division of Board Members, Board Emre Yoldas, Deputy Associate Director, Division of International Finance, Board Rebecca Zarutskie, Senior Vice President, Federal Reserve Bank of Dallas Filip Zikes, Special Adviser to the Board, Division of Board Members, Board _______________________ Joshua Gallin Secretary 1. The Federal Open Market Committee is referenced as the ""FOMC"" and the ""Committee"" in these minutes; the Board of Governors of the Federal Reserve System is referenced as the ""Board"" in these minutes. Return to text 2. Attended opening remarks for Tuesday's session only. Return to text 3. Attended through the discussion of developments in financial markets and open market operations. Return to text 4. Attended the discussion of economic developments and the outlook. Return to text 5. Attended through the discussion of the economic and financial situation. Return to text 6. Attended through the discussion of developments in financial markets and open market operations and from the discussion of the economic and financial situation through the end of the meeting. Return to text 7. Attended Tuesday's session only. Return to text 8. Attended Wednesday's session only. Return to text Back to Top","Concurrence proves support for the action, not ideology"
2026-07-29,Jerome H. Powell,FOR,HOLD,CONCUR,HOLD,0,VOTE_ACTION_PROXY,https://www.federalreserve.gov/monetarypolicy/fomcminutes20260729.htm,raw/minutes/fomcminutes20260729.htm,"Voting for this action: Kevin Warsh, John C. Williams, Michael S. Barr, Michelle W. Bowman, Lisa D. Cook, Philip N. Jefferson, Anna Paulson, Jerome H. Powell, and Christopher J. Waller. Voting against this action: Beth M. Hammack, Neel Kashkari, and Lorie K. Logan, who preferred to raise the target range for the federal funds rate by 1/4 percentage point at this meeting. Consistent with the Committee's decision to leave the target range for the federal funds rate unchanged, the Board of Governors of the Federal Reserve System voted unanimously to maintain the interest rate paid on reserve balances at 3.65 percent, effective July 30, 2026. The Board of Governors of the Federal Reserve System voted unanimously to approve the establishment of the primary credit rate at the existing level of 3.75 percent. It was agreed that the next meeting of the Committee would be held on Tuesday–Wednesday, September 15–16, 2026. The meeting adjourned at 10:50 a.m. on July 29, 2026. Notation Vote By notation vote completed on July 7, 2026, the Committee unanimously approved the minutes of the Committee meeting held on June 16–17, 2026. Attendance Kevin Warsh, Chairman John C. Williams, Vice Chair Michael S. Barr Michelle W. Bowman Lisa D. Cook Beth M. Hammack Philip N. Jefferson Neel Kashkari Lorie K. Logan Anna Paulson Jerome H. Powell Christopher J. Waller Thomas I. Barkin, Mary C. Daly, Austan D. Goolsbee, Sushmita Shukla, and Cheryl L. Venable, Alternate Members of the Committee Susan M. Collins, Alberto G. Musalem, and Jeffrey R. Schmid, Presidents of the Federal Reserve Banks of Boston, St. Louis, and Kansas City, respectively Joshua Gallin, Secretary Matthew M. Luecke,2 Deputy Secretary Michelle A. Smith, Assistant Secretary Mark E. Van Der Weide, General Counsel Richard Ostrander, Deputy General Counsel Trevor A. Reeve, Economist Stacey Tevlin, Economist Beth Anne Wilson, Economist Stephanie R. Aaronson, Brian M. Doyle, Michael T. Kiley, and Elizabeth Klee, Associate Economists Roberto Perli, Manager, System Open Market Account Julie Ann Remache, Deputy Manager, System Open Market Account Jose Acosta, Principal System Engineer, Division of Information Technology, Board Alyssa Arute,3 Assistant Director, Division of Reserve Bank Operations and Payment Systems, Board Gadi Barlevy, Executive Vice President, Federal Reserve Bank of Chicago William F. Bassett, Senior Associate Director, Division of Financial Stability, Board Camille Bryan, Senior Project Manager, Division of Monetary Affairs, Board Marco Cagetti, Assistant Director, Division of Research and Statistics, Board Michele Cavallo, Special Adviser to the Board, Division of Board Members, Board Andrew Cohen,4 Special Adviser to the Board, Division of Board Members, Board Francisco Covas, Deputy Director, Division of Supervision and Regulation, Board Stephanie E. Curcuru, Deputy Director, Division of International Finance, Board Marnie Gillis DeBoer,3 Senior Associate Director, Division of Monetary Affairs, Board Ryan A. Decker, Special Adviser to the Board, Division of Board Members, Board Anthony M. Diercks, Principal Economist, Division of Monetary Affairs, Board Wendy E. Dunn, Adviser, Division of Research and Statistics, Board Adhiraj Dutt,5 Policy and Market Analysis Principal, Federal Reserve Bank of New York Eric C. Engstrom, Special Adviser to the Chairman, Division of Board Members, Board Laura J. Feiveson,6 Special Adviser to the Board, Division of Board Members, Board Andrew Figura, Senior Associate Director, Division of Research and Statistics, Board Etienne Gagnon, Senior Associate Director, Division of International Finance, Board Jenn Gallagher, Assistant to the Board, Division of Board Members, Board Joseph W. Gruber, Executive Vice President, Federal Reserve Bank of Kansas City Daniel L. Heil, Special Adviser to the Chairman, Division of Board Members, Board Valerie S. Hinojosa, Assistant Director, Division of Monetary Affairs, Board Jane E. Ihrig, Special Adviser to the Board, Division of Board Members, Board Don H. Kim, Senior Adviser, Division of Monetary Affairs, Board Anna R. Kovner, Executive Vice President, Federal Reserve Bank of Richmond Andreas Lehnert, Director, Division of Financial Stability, Board Benjamin Lester, Vice President, Federal Reserve Bank of Philadelphia Logan T. Lewis, Assistant Director, Division of International Finance, Board Laura Lipscomb, Special Adviser to the Board, Division of Board Members, Board Rachel Lu,5 Head of Financial Risk, Federal Reserve Bank of New York Fernando M. Martin, Senior Economic Policy Advisor II, Federal Reserve Bank of St. Louis John P. McConnell, Special Adviser to the Chairman, Division of Board Members, Board Benjamin W. McDonough, Secretary of the Board, Office of the Secretary, Board Brent H. Meyer, Vice President, Federal Reserve Bank of Atlanta Kindra I. Morelock, Information Services Senior Analyst, Division of Monetary Affairs, Board, and Federal Reserve Bank of Chicago Norman J. Morin, Associate Director, Division of Research and Statistics, Board Edward Nelson, Senior Adviser, Division of Monetary Affairs, Board David Newville, Director, Division of Consumer and Community Affairs, Board Teodora Paligorova, Principal Economist, Division of Financial Stability, Board Paolo A. Pesenti, Director of Monetary Policy Research, Federal Reserve Bank of New York Brian Phillips,4 Special Counsel, Legal Division, Board; Special Adviser to the Board, Division of Board Members, Board Eugenio P. Pinto,6 Special Adviser to the Board, Division of Board Members, Board Odelle Quisumbing, Assistant to the Secretary, Office of the Secretary, Board Nellisha D. Ramdass,7 Deputy Director, Division of Monetary Affairs, Board Romina D. Ruprecht, Senior Economist, Division of Monetary Affairs, Board Samantha Schwab, Special Adviser to the Chairman, Division of Board Members, Board Zeynep Senyuz, Special Adviser to the Board, Division of Board Members, Board Adam H. Shapiro, Vice President, Federal Reserve Bank of San Francisco Andre F. Silva,5 Principal Economist, Division of Monetary Affairs, Board Gustavo A. Suarez, Deputy Associate Director, Division of Research and Statistics, Board Thomas D. Tallarini, Jr., Assistant Vice President, Federal Reserve Bank of Minneapolis Jenny Tang, Vice President, Federal Reserve Bank of Boston Yannick Timmer, Principal Economist, Division of Monetary Affairs, Board Willem Van Zandweghe, Vice President, Federal Reserve Bank of Cleveland Annette Vissing-Jørgensen, Senior Adviser, Division of Monetary Affairs, Board Jeffrey D. Walker,3 Senior Associate Director, Division of Reserve Bank Operations and Payment Systems, Board Randall A. Williams, Group Manager, Division of Monetary Affairs, Board Donielle A. Winford,8 Senior Information Manager, Division of Monetary Affairs, Board Paul Winfree, Special Adviser to the Chairman, Division of Board Members, Board Emre Yoldas, Deputy Associate Director, Division of International Finance, Board Rebecca Zarutskie, Senior Vice President, Federal Reserve Bank of Dallas Filip Zikes, Special Adviser to the Board, Division of Board Members, Board _______________________ Joshua Gallin Secretary 1. The Federal Open Market Committee is referenced as the ""FOMC"" and the ""Committee"" in these minutes; the Board of Governors of the Federal Reserve System is referenced as the ""Board"" in these minutes. Return to text 2. Attended opening remarks for Tuesday's session only. Return to text 3. Attended through the discussion of developments in financial markets and open market operations. Return to text 4. Attended the discussion of economic developments and the outlook. Return to text 5. Attended through the discussion of the economic and financial situation. Return to text 6. Attended through the discussion of developments in financial markets and open market operations and from the discussion of the economic and financial situation through the end of the meeting. Return to text 7. Attended Tuesday's session only. Return to text 8. Attended Wednesday's session only. Return to text Back to Top","Concurrence proves support for the action, not ideology"
2026-07-29,John C. Williams,FOR,HOLD,CONCUR,HOLD,0,VOTE_ACTION_PROXY,https://www.federalreserve.gov/monetarypolicy/fomcminutes20260729.htm,raw/minutes/fomcminutes20260729.htm,"Voting for this action: Kevin Warsh, John C. Williams, Michael S. Barr, Michelle W. Bowman, Lisa D. Cook, Philip N. Jefferson, Anna Paulson, Jerome H. Powell, and Christopher J. Waller. Voting against this action: Beth M. Hammack, Neel Kashkari, and Lorie K. Logan, who preferred to raise the target range for the federal funds rate by 1/4 percentage point at this meeting. Consistent with the Committee's decision to leave the target range for the federal funds rate unchanged, the Board of Governors of the Federal Reserve System voted unanimously to maintain the interest rate paid on reserve balances at 3.65 percent, effective July 30, 2026. The Board of Governors of the Federal Reserve System voted unanimously to approve the establishment of the primary credit rate at the existing level of 3.75 percent. It was agreed that the next meeting of the Committee would be held on Tuesday–Wednesday, September 15–16, 2026. The meeting adjourned at 10:50 a.m. on July 29, 2026. Notation Vote By notation vote completed on July 7, 2026, the Committee unanimously approved the minutes of the Committee meeting held on June 16–17, 2026. Attendance Kevin Warsh, Chairman John C. Williams, Vice Chair Michael S. Barr Michelle W. Bowman Lisa D. Cook Beth M. Hammack Philip N. Jefferson Neel Kashkari Lorie K. Logan Anna Paulson Jerome H. Powell Christopher J. Waller Thomas I. Barkin, Mary C. Daly, Austan D. Goolsbee, Sushmita Shukla, and Cheryl L. Venable, Alternate Members of the Committee Susan M. Collins, Alberto G. Musalem, and Jeffrey R. Schmid, Presidents of the Federal Reserve Banks of Boston, St. Louis, and Kansas City, respectively Joshua Gallin, Secretary Matthew M. Luecke,2 Deputy Secretary Michelle A. Smith, Assistant Secretary Mark E. Van Der Weide, General Counsel Richard Ostrander, Deputy General Counsel Trevor A. Reeve, Economist Stacey Tevlin, Economist Beth Anne Wilson, Economist Stephanie R. Aaronson, Brian M. Doyle, Michael T. Kiley, and Elizabeth Klee, Associate Economists Roberto Perli, Manager, System Open Market Account Julie Ann Remache, Deputy Manager, System Open Market Account Jose Acosta, Principal System Engineer, Division of Information Technology, Board Alyssa Arute,3 Assistant Director, Division of Reserve Bank Operations and Payment Systems, Board Gadi Barlevy, Executive Vice President, Federal Reserve Bank of Chicago William F. Bassett, Senior Associate Director, Division of Financial Stability, Board Camille Bryan, Senior Project Manager, Division of Monetary Affairs, Board Marco Cagetti, Assistant Director, Division of Research and Statistics, Board Michele Cavallo, Special Adviser to the Board, Division of Board Members, Board Andrew Cohen,4 Special Adviser to the Board, Division of Board Members, Board Francisco Covas, Deputy Director, Division of Supervision and Regulation, Board Stephanie E. Curcuru, Deputy Director, Division of International Finance, Board Marnie Gillis DeBoer,3 Senior Associate Director, Division of Monetary Affairs, Board Ryan A. Decker, Special Adviser to the Board, Division of Board Members, Board Anthony M. Diercks, Principal Economist, Division of Monetary Affairs, Board Wendy E. Dunn, Adviser, Division of Research and Statistics, Board Adhiraj Dutt,5 Policy and Market Analysis Principal, Federal Reserve Bank of New York Eric C. Engstrom, Special Adviser to the Chairman, Division of Board Members, Board Laura J. Feiveson,6 Special Adviser to the Board, Division of Board Members, Board Andrew Figura, Senior Associate Director, Division of Research and Statistics, Board Etienne Gagnon, Senior Associate Director, Division of International Finance, Board Jenn Gallagher, Assistant to the Board, Division of Board Members, Board Joseph W. Gruber, Executive Vice President, Federal Reserve Bank of Kansas City Daniel L. Heil, Special Adviser to the Chairman, Division of Board Members, Board Valerie S. Hinojosa, Assistant Director, Division of Monetary Affairs, Board Jane E. Ihrig, Special Adviser to the Board, Division of Board Members, Board Don H. Kim, Senior Adviser, Division of Monetary Affairs, Board Anna R. Kovner, Executive Vice President, Federal Reserve Bank of Richmond Andreas Lehnert, Director, Division of Financial Stability, Board Benjamin Lester, Vice President, Federal Reserve Bank of Philadelphia Logan T. Lewis, Assistant Director, Division of International Finance, Board Laura Lipscomb, Special Adviser to the Board, Division of Board Members, Board Rachel Lu,5 Head of Financial Risk, Federal Reserve Bank of New York Fernando M. Martin, Senior Economic Policy Advisor II, Federal Reserve Bank of St. Louis John P. McConnell, Special Adviser to the Chairman, Division of Board Members, Board Benjamin W. McDonough, Secretary of the Board, Office of the Secretary, Board Brent H. Meyer, Vice President, Federal Reserve Bank of Atlanta Kindra I. Morelock, Information Services Senior Analyst, Division of Monetary Affairs, Board, and Federal Reserve Bank of Chicago Norman J. Morin, Associate Director, Division of Research and Statistics, Board Edward Nelson, Senior Adviser, Division of Monetary Affairs, Board David Newville, Director, Division of Consumer and Community Affairs, Board Teodora Paligorova, Principal Economist, Division of Financial Stability, Board Paolo A. Pesenti, Director of Monetary Policy Research, Federal Reserve Bank of New York Brian Phillips,4 Special Counsel, Legal Division, Board; Special Adviser to the Board, Division of Board Members, Board Eugenio P. Pinto,6 Special Adviser to the Board, Division of Board Members, Board Odelle Quisumbing, Assistant to the Secretary, Office of the Secretary, Board Nellisha D. Ramdass,7 Deputy Director, Division of Monetary Affairs, Board Romina D. Ruprecht, Senior Economist, Division of Monetary Affairs, Board Samantha Schwab, Special Adviser to the Chairman, Division of Board Members, Board Zeynep Senyuz, Special Adviser to the Board, Division of Board Members, Board Adam H. Shapiro, Vice President, Federal Reserve Bank of San Francisco Andre F. Silva,5 Principal Economist, Division of Monetary Affairs, Board Gustavo A. Suarez, Deputy Associate Director, Division of Research and Statistics, Board Thomas D. Tallarini, Jr., Assistant Vice President, Federal Reserve Bank of Minneapolis Jenny Tang, Vice President, Federal Reserve Bank of Boston Yannick Timmer, Principal Economist, Division of Monetary Affairs, Board Willem Van Zandweghe, Vice President, Federal Reserve Bank of Cleveland Annette Vissing-Jørgensen, Senior Adviser, Division of Monetary Affairs, Board Jeffrey D. Walker,3 Senior Associate Director, Division of Reserve Bank Operations and Payment Systems, Board Randall A. Williams, Group Manager, Division of Monetary Affairs, Board Donielle A. Winford,8 Senior Information Manager, Division of Monetary Affairs, Board Paul Winfree, Special Adviser to the Chairman, Division of Board Members, Board Emre Yoldas, Deputy Associate Director, Division of International Finance, Board Rebecca Zarutskie, Senior Vice President, Federal Reserve Bank of Dallas Filip Zikes, Special Adviser to the Board, Division of Board Members, Board _______________________ Joshua Gallin Secretary 1. The Federal Open Market Committee is referenced as the ""FOMC"" and the ""Committee"" in these minutes; the Board of Governors of the Federal Reserve System is referenced as the ""Board"" in these minutes. Return to text 2. Attended opening remarks for Tuesday's session only. Return to text 3. Attended through the discussion of developments in financial markets and open market operations. Return to text 4. Attended the discussion of economic developments and the outlook. Return to text 5. Attended through the discussion of the economic and financial situation. Return to text 6. Attended through the discussion of developments in financial markets and open market operations and from the discussion of the economic and financial situation through the end of the meeting. Return to text 7. Attended Tuesday's session only. Return to text 8. Attended Wednesday's session only. Return to text Back to Top","Concurrence proves support for the action, not ideology"
2026-07-29,Kevin Warsh,FOR,HOLD,CONCUR,HOLD,0,VOTE_ACTION_PROXY,https://www.federalreserve.gov/monetarypolicy/fomcminutes20260729.htm,raw/minutes/fomcminutes20260729.htm,"Voting for this action: Kevin Warsh, John C. Williams, Michael S. Barr, Michelle W. Bowman, Lisa D. Cook, Philip N. Jefferson, Anna Paulson, Jerome H. Powell, and Christopher J. Waller. Voting against this action: Beth M. Hammack, Neel Kashkari, and Lorie K. Logan, who preferred to raise the target range for the federal funds rate by 1/4 percentage point at this meeting. Consistent with the Committee's decision to leave the target range for the federal funds rate unchanged, the Board of Governors of the Federal Reserve System voted unanimously to maintain the interest rate paid on reserve balances at 3.65 percent, effective July 30, 2026. The Board of Governors of the Federal Reserve System voted unanimously to approve the establishment of the primary credit rate at the existing level of 3.75 percent. It was agreed that the next meeting of the Committee would be held on Tuesday–Wednesday, September 15–16, 2026. The meeting adjourned at 10:50 a.m. on July 29, 2026. Notation Vote By notation vote completed on July 7, 2026, the Committee unanimously approved the minutes of the Committee meeting held on June 16–17, 2026. Attendance Kevin Warsh, Chairman John C. Williams, Vice Chair Michael S. Barr Michelle W. Bowman Lisa D. Cook Beth M. Hammack Philip N. Jefferson Neel Kashkari Lorie K. Logan Anna Paulson Jerome H. Powell Christopher J. Waller Thomas I. Barkin, Mary C. Daly, Austan D. Goolsbee, Sushmita Shukla, and Cheryl L. Venable, Alternate Members of the Committee Susan M. Collins, Alberto G. Musalem, and Jeffrey R. Schmid, Presidents of the Federal Reserve Banks of Boston, St. Louis, and Kansas City, respectively Joshua Gallin, Secretary Matthew M. Luecke,2 Deputy Secretary Michelle A. Smith, Assistant Secretary Mark E. Van Der Weide, General Counsel Richard Ostrander, Deputy General Counsel Trevor A. Reeve, Economist Stacey Tevlin, Economist Beth Anne Wilson, Economist Stephanie R. Aaronson, Brian M. Doyle, Michael T. Kiley, and Elizabeth Klee, Associate Economists Roberto Perli, Manager, System Open Market Account Julie Ann Remache, Deputy Manager, System Open Market Account Jose Acosta, Principal System Engineer, Division of Information Technology, Board Alyssa Arute,3 Assistant Director, Division of Reserve Bank Operations and Payment Systems, Board Gadi Barlevy, Executive Vice President, Federal Reserve Bank of Chicago William F. Bassett, Senior Associate Director, Division of Financial Stability, Board Camille Bryan, Senior Project Manager, Division of Monetary Affairs, Board Marco Cagetti, Assistant Director, Division of Research and Statistics, Board Michele Cavallo, Special Adviser to the Board, Division of Board Members, Board Andrew Cohen,4 Special Adviser to the Board, Division of Board Members, Board Francisco Covas, Deputy Director, Division of Supervision and Regulation, Board Stephanie E. Curcuru, Deputy Director, Division of International Finance, Board Marnie Gillis DeBoer,3 Senior Associate Director, Division of Monetary Affairs, Board Ryan A. Decker, Special Adviser to the Board, Division of Board Members, Board Anthony M. Diercks, Principal Economist, Division of Monetary Affairs, Board Wendy E. Dunn, Adviser, Division of Research and Statistics, Board Adhiraj Dutt,5 Policy and Market Analysis Principal, Federal Reserve Bank of New York Eric C. Engstrom, Special Adviser to the Chairman, Division of Board Members, Board Laura J. Feiveson,6 Special Adviser to the Board, Division of Board Members, Board Andrew Figura, Senior Associate Director, Division of Research and Statistics, Board Etienne Gagnon, Senior Associate Director, Division of International Finance, Board Jenn Gallagher, Assistant to the Board, Division of Board Members, Board Joseph W. Gruber, Executive Vice President, Federal Reserve Bank of Kansas City Daniel L. Heil, Special Adviser to the Chairman, Division of Board Members, Board Valerie S. Hinojosa, Assistant Director, Division of Monetary Affairs, Board Jane E. Ihrig, Special Adviser to the Board, Division of Board Members, Board Don H. Kim, Senior Adviser, Division of Monetary Affairs, Board Anna R. Kovner, Executive Vice President, Federal Reserve Bank of Richmond Andreas Lehnert, Director, Division of Financial Stability, Board Benjamin Lester, Vice President, Federal Reserve Bank of Philadelphia Logan T. Lewis, Assistant Director, Division of International Finance, Board Laura Lipscomb, Special Adviser to the Board, Division of Board Members, Board Rachel Lu,5 Head of Financial Risk, Federal Reserve Bank of New York Fernando M. Martin, Senior Economic Policy Advisor II, Federal Reserve Bank of St. Louis John P. McConnell, Special Adviser to the Chairman, Division of Board Members, Board Benjamin W. McDonough, Secretary of the Board, Office of the Secretary, Board Brent H. Meyer, Vice President, Federal Reserve Bank of Atlanta Kindra I. Morelock, Information Services Senior Analyst, Division of Monetary Affairs, Board, and Federal Reserve Bank of Chicago Norman J. Morin, Associate Director, Division of Research and Statistics, Board Edward Nelson, Senior Adviser, Division of Monetary Affairs, Board David Newville, Director, Division of Consumer and Community Affairs, Board Teodora Paligorova, Principal Economist, Division of Financial Stability, Board Paolo A. Pesenti, Director of Monetary Policy Research, Federal Reserve Bank of New York Brian Phillips,4 Special Counsel, Legal Division, Board; Special Adviser to the Board, Division of Board Members, Board Eugenio P. Pinto,6 Special Adviser to the Board, Division of Board Members, Board Odelle Quisumbing, Assistant to the Secretary, Office of the Secretary, Board Nellisha D. Ramdass,7 Deputy Director, Division of Monetary Affairs, Board Romina D. Ruprecht, Senior Economist, Division of Monetary Affairs, Board Samantha Schwab, Special Adviser to the Chairman, Division of Board Members, Board Zeynep Senyuz, Special Adviser to the Board, Division of Board Members, Board Adam H. Shapiro, Vice President, Federal Reserve Bank of San Francisco Andre F. Silva,5 Principal Economist, Division of Monetary Affairs, Board Gustavo A. Suarez, Deputy Associate Director, Division of Research and Statistics, Board Thomas D. Tallarini, Jr., Assistant Vice President, Federal Reserve Bank of Minneapolis Jenny Tang, Vice President, Federal Reserve Bank of Boston Yannick Timmer, Principal Economist, Division of Monetary Affairs, Board Willem Van Zandweghe, Vice President, Federal Reserve Bank of Cleveland Annette Vissing-Jørgensen, Senior Adviser, Division of Monetary Affairs, Board Jeffrey D. Walker,3 Senior Associate Director, Division of Reserve Bank Operations and Payment Systems, Board Randall A. Williams, Group Manager, Division of Monetary Affairs, Board Donielle A. Winford,8 Senior Information Manager, Division of Monetary Affairs, Board Paul Winfree, Special Adviser to the Chairman, Division of Board Members, Board Emre Yoldas, Deputy Associate Director, Division of International Finance, Board Rebecca Zarutskie, Senior Vice President, Federal Reserve Bank of Dallas Filip Zikes, Special Adviser to the Board, Division of Board Members, Board _______________________ Joshua Gallin Secretary 1. The Federal Open Market Committee is referenced as the ""FOMC"" and the ""Committee"" in these minutes; the Board of Governors of the Federal Reserve System is referenced as the ""Board"" in these minutes. Return to text 2. Attended opening remarks for Tuesday's session only. Return to text 3. Attended through the discussion of developments in financial markets and open market operations. Return to text 4. Attended the discussion of economic developments and the outlook. Return to text 5. Attended through the discussion of the economic and financial situation. Return to text 6. Attended through the discussion of developments in financial markets and open market operations and from the discussion of the economic and financial situation through the end of the meeting. Return to text 7. Attended Tuesday's session only. Return to text 8. Attended Wednesday's session only. Return to text Back to Top","Concurrence proves support for the action, not ideology"
2026-07-29,Lisa D. Cook,FOR,HOLD,CONCUR,HOLD,0,VOTE_ACTION_PROXY,https://www.federalreserve.gov/monetarypolicy/fomcminutes20260729.htm,raw/minutes/fomcminutes20260729.htm,"Voting for this action: Kevin Warsh, John C. Williams, Michael S. Barr, Michelle W. Bowman, Lisa D. Cook, Philip N. Jefferson, Anna Paulson, Jerome H. Powell, and Christopher J. Waller. Voting against this action: Beth M. Hammack, Neel Kashkari, and Lorie K. Logan, who preferred to raise the target range for the federal funds rate by 1/4 percentage point at this meeting. Consistent with the Committee's decision to leave the target range for the federal funds rate unchanged, the Board of Governors of the Federal Reserve System voted unanimously to maintain the interest rate paid on reserve balances at 3.65 percent, effective July 30, 2026. The Board of Governors of the Federal Reserve System voted unanimously to approve the establishment of the primary credit rate at the existing level of 3.75 percent. It was agreed that the next meeting of the Committee would be held on Tuesday–Wednesday, September 15–16, 2026. The meeting adjourned at 10:50 a.m. on July 29, 2026. Notation Vote By notation vote completed on July 7, 2026, the Committee unanimously approved the minutes of the Committee meeting held on June 16–17, 2026. Attendance Kevin Warsh, Chairman John C. Williams, Vice Chair Michael S. Barr Michelle W. Bowman Lisa D. Cook Beth M. Hammack Philip N. Jefferson Neel Kashkari Lorie K. Logan Anna Paulson Jerome H. Powell Christopher J. Waller Thomas I. Barkin, Mary C. Daly, Austan D. Goolsbee, Sushmita Shukla, and Cheryl L. Venable, Alternate Members of the Committee Susan M. Collins, Alberto G. Musalem, and Jeffrey R. Schmid, Presidents of the Federal Reserve Banks of Boston, St. Louis, and Kansas City, respectively Joshua Gallin, Secretary Matthew M. Luecke,2 Deputy Secretary Michelle A. Smith, Assistant Secretary Mark E. Van Der Weide, General Counsel Richard Ostrander, Deputy General Counsel Trevor A. Reeve, Economist Stacey Tevlin, Economist Beth Anne Wilson, Economist Stephanie R. Aaronson, Brian M. Doyle, Michael T. Kiley, and Elizabeth Klee, Associate Economists Roberto Perli, Manager, System Open Market Account Julie Ann Remache, Deputy Manager, System Open Market Account Jose Acosta, Principal System Engineer, Division of Information Technology, Board Alyssa Arute,3 Assistant Director, Division of Reserve Bank Operations and Payment Systems, Board Gadi Barlevy, Executive Vice President, Federal Reserve Bank of Chicago William F. Bassett, Senior Associate Director, Division of Financial Stability, Board Camille Bryan, Senior Project Manager, Division of Monetary Affairs, Board Marco Cagetti, Assistant Director, Division of Research and Statistics, Board Michele Cavallo, Special Adviser to the Board, Division of Board Members, Board Andrew Cohen,4 Special Adviser to the Board, Division of Board Members, Board Francisco Covas, Deputy Director, Division of Supervision and Regulation, Board Stephanie E. Curcuru, Deputy Director, Division of International Finance, Board Marnie Gillis DeBoer,3 Senior Associate Director, Division of Monetary Affairs, Board Ryan A. Decker, Special Adviser to the Board, Division of Board Members, Board Anthony M. Diercks, Principal Economist, Division of Monetary Affairs, Board Wendy E. Dunn, Adviser, Division of Research and Statistics, Board Adhiraj Dutt,5 Policy and Market Analysis Principal, Federal Reserve Bank of New York Eric C. Engstrom, Special Adviser to the Chairman, Division of Board Members, Board Laura J. Feiveson,6 Special Adviser to the Board, Division of Board Members, Board Andrew Figura, Senior Associate Director, Division of Research and Statistics, Board Etienne Gagnon, Senior Associate Director, Division of International Finance, Board Jenn Gallagher, Assistant to the Board, Division of Board Members, Board Joseph W. Gruber, Executive Vice President, Federal Reserve Bank of Kansas City Daniel L. Heil, Special Adviser to the Chairman, Division of Board Members, Board Valerie S. Hinojosa, Assistant Director, Division of Monetary Affairs, Board Jane E. Ihrig, Special Adviser to the Board, Division of Board Members, Board Don H. Kim, Senior Adviser, Division of Monetary Affairs, Board Anna R. Kovner, Executive Vice President, Federal Reserve Bank of Richmond Andreas Lehnert, Director, Division of Financial Stability, Board Benjamin Lester, Vice President, Federal Reserve Bank of Philadelphia Logan T. Lewis, Assistant Director, Division of International Finance, Board Laura Lipscomb, Special Adviser to the Board, Division of Board Members, Board Rachel Lu,5 Head of Financial Risk, Federal Reserve Bank of New York Fernando M. Martin, Senior Economic Policy Advisor II, Federal Reserve Bank of St. Louis John P. McConnell, Special Adviser to the Chairman, Division of Board Members, Board Benjamin W. McDonough, Secretary of the Board, Office of the Secretary, Board Brent H. Meyer, Vice President, Federal Reserve Bank of Atlanta Kindra I. Morelock, Information Services Senior Analyst, Division of Monetary Affairs, Board, and Federal Reserve Bank of Chicago Norman J. Morin, Associate Director, Division of Research and Statistics, Board Edward Nelson, Senior Adviser, Division of Monetary Affairs, Board David Newville, Director, Division of Consumer and Community Affairs, Board Teodora Paligorova, Principal Economist, Division of Financial Stability, Board Paolo A. Pesenti, Director of Monetary Policy Research, Federal Reserve Bank of New York Brian Phillips,4 Special Counsel, Legal Division, Board; Special Adviser to the Board, Division of Board Members, Board Eugenio P. Pinto,6 Special Adviser to the Board, Division of Board Members, Board Odelle Quisumbing, Assistant to the Secretary, Office of the Secretary, Board Nellisha D. Ramdass,7 Deputy Director, Division of Monetary Affairs, Board Romina D. Ruprecht, Senior Economist, Division of Monetary Affairs, Board Samantha Schwab, Special Adviser to the Chairman, Division of Board Members, Board Zeynep Senyuz, Special Adviser to the Board, Division of Board Members, Board Adam H. Shapiro, Vice President, Federal Reserve Bank of San Francisco Andre F. Silva,5 Principal Economist, Division of Monetary Affairs, Board Gustavo A. Suarez, Deputy Associate Director, Division of Research and Statistics, Board Thomas D. Tallarini, Jr., Assistant Vice President, Federal Reserve Bank of Minneapolis Jenny Tang, Vice President, Federal Reserve Bank of Boston Yannick Timmer, Principal Economist, Division of Monetary Affairs, Board Willem Van Zandweghe, Vice President, Federal Reserve Bank of Cleveland Annette Vissing-Jørgensen, Senior Adviser, Division of Monetary Affairs, Board Jeffrey D. Walker,3 Senior Associate Director, Division of Reserve Bank Operations and Payment Systems, Board Randall A. Williams, Group Manager, Division of Monetary Affairs, Board Donielle A. Winford,8 Senior Information Manager, Division of Monetary Affairs, Board Paul Winfree, Special Adviser to the Chairman, Division of Board Members, Board Emre Yoldas, Deputy Associate Director, Division of International Finance, Board Rebecca Zarutskie, Senior Vice President, Federal Reserve Bank of Dallas Filip Zikes, Special Adviser to the Board, Division of Board Members, Board _______________________ Joshua Gallin Secretary 1. The Federal Open Market Committee is referenced as the ""FOMC"" and the ""Committee"" in these minutes; the Board of Governors of the Federal Reserve System is referenced as the ""Board"" in these minutes. Return to text 2. Attended opening remarks for Tuesday's session only. Return to text 3. Attended through the discussion of developments in financial markets and open market operations. Return to text 4. Attended the discussion of economic developments and the outlook. Return to text 5. Attended through the discussion of the economic and financial situation. Return to text 6. Attended through the discussion of developments in financial markets and open market operations and from the discussion of the economic and financial situation through the end of the meeting. Return to text 7. Attended Tuesday's session only. Return to text 8. Attended Wednesday's session only. Return to text Back to Top","Concurrence proves support for the action, not ideology"
2026-07-29,Lorie K. Logan,AGAINST,HOLD,TIGHTER,HIKE_25BP,2,VOTE_DISSENT,https://www.federalreserve.gov/monetarypolicy/fomcminutes20260729.htm,raw/minutes/fomcminutes20260729.htm,"Voting for this action: Kevin Warsh, John C. Williams, Michael S. Barr, Michelle W. Bowman, Lisa D. Cook, Philip N. Jefferson, Anna Paulson, Jerome H. Powell, and Christopher J. Waller. Voting against this action: Beth M. Hammack, Neel Kashkari, and Lorie K. Logan, who preferred to raise the target range for the federal funds rate by 1/4 percentage point at this meeting. Consistent with the Committee's decision to leave the target range for the federal funds rate unchanged, the Board of Governors of the Federal Reserve System voted unanimously to maintain the interest rate paid on reserve balances at 3.65 percent, effective July 30, 2026. The Board of Governors of the Federal Reserve System voted unanimously to approve the establishment of the primary credit rate at the existing level of 3.75 percent. It was agreed that the next meeting of the Committee would be held on Tuesday–Wednesday, September 15–16, 2026. The meeting adjourned at 10:50 a.m. on July 29, 2026. Notation Vote By notation vote completed on July 7, 2026, the Committee unanimously approved the minutes of the Committee meeting held on June 16–17, 2026. Attendance Kevin Warsh, Chairman John C. Williams, Vice Chair Michael S. Barr Michelle W. Bowman Lisa D. Cook Beth M. Hammack Philip N. Jefferson Neel Kashkari Lorie K. Logan Anna Paulson Jerome H. Powell Christopher J. Waller Thomas I. Barkin, Mary C. Daly, Austan D. Goolsbee, Sushmita Shukla, and Cheryl L. Venable, Alternate Members of the Committee Susan M. Collins, Alberto G. Musalem, and Jeffrey R. Schmid, Presidents of the Federal Reserve Banks of Boston, St. Louis, and Kansas City, respectively Joshua Gallin, Secretary Matthew M. Luecke,2 Deputy Secretary Michelle A. Smith, Assistant Secretary Mark E. Van Der Weide, General Counsel Richard Ostrander, Deputy General Counsel Trevor A. Reeve, Economist Stacey Tevlin, Economist Beth Anne Wilson, Economist Stephanie R. Aaronson, Brian M. Doyle, Michael T. Kiley, and Elizabeth Klee, Associate Economists Roberto Perli, Manager, System Open Market Account Julie Ann Remache, Deputy Manager, System Open Market Account Jose Acosta, Principal System Engineer, Division of Information Technology, Board Alyssa Arute,3 Assistant Director, Division of Reserve Bank Operations and Payment Systems, Board Gadi Barlevy, Executive Vice President, Federal Reserve Bank of Chicago William F. Bassett, Senior Associate Director, Division of Financial Stability, Board Camille Bryan, Senior Project Manager, Division of Monetary Affairs, Board Marco Cagetti, Assistant Director, Division of Research and Statistics, Board Michele Cavallo, Special Adviser to the Board, Division of Board Members, Board Andrew Cohen,4 Special Adviser to the Board, Division of Board Members, Board Francisco Covas, Deputy Director, Division of Supervision and Regulation, Board Stephanie E. Curcuru, Deputy Director, Division of International Finance, Board Marnie Gillis DeBoer,3 Senior Associate Director, Division of Monetary Affairs, Board Ryan A. Decker, Special Adviser to the Board, Division of Board Members, Board Anthony M. Diercks, Principal Economist, Division of Monetary Affairs, Board Wendy E. Dunn, Adviser, Division of Research and Statistics, Board Adhiraj Dutt,5 Policy and Market Analysis Principal, Federal Reserve Bank of New York Eric C. Engstrom, Special Adviser to the Chairman, Division of Board Members, Board Laura J. Feiveson,6 Special Adviser to the Board, Division of Board Members, Board Andrew Figura, Senior Associate Director, Division of Research and Statistics, Board Etienne Gagnon, Senior Associate Director, Division of International Finance, Board Jenn Gallagher, Assistant to the Board, Division of Board Members, Board Joseph W. Gruber, Executive Vice President, Federal Reserve Bank of Kansas City Daniel L. Heil, Special Adviser to the Chairman, Division of Board Members, Board Valerie S. Hinojosa, Assistant Director, Division of Monetary Affairs, Board Jane E. Ihrig, Special Adviser to the Board, Division of Board Members, Board Don H. Kim, Senior Adviser, Division of Monetary Affairs, Board Anna R. Kovner, Executive Vice President, Federal Reserve Bank of Richmond Andreas Lehnert, Director, Division of Financial Stability, Board Benjamin Lester, Vice President, Federal Reserve Bank of Philadelphia Logan T. Lewis, Assistant Director, Division of International Finance, Board Laura Lipscomb, Special Adviser to the Board, Division of Board Members, Board Rachel Lu,5 Head of Financial Risk, Federal Reserve Bank of New York Fernando M. Martin, Senior Economic Policy Advisor II, Federal Reserve Bank of St. Louis John P. McConnell, Special Adviser to the Chairman, Division of Board Members, Board Benjamin W. McDonough, Secretary of the Board, Office of the Secretary, Board Brent H. Meyer, Vice President, Federal Reserve Bank of Atlanta Kindra I. Morelock, Information Services Senior Analyst, Division of Monetary Affairs, Board, and Federal Reserve Bank of Chicago Norman J. Morin, Associate Director, Division of Research and Statistics, Board Edward Nelson, Senior Adviser, Division of Monetary Affairs, Board David Newville, Director, Division of Consumer and Community Affairs, Board Teodora Paligorova, Principal Economist, Division of Financial Stability, Board Paolo A. Pesenti, Director of Monetary Policy Research, Federal Reserve Bank of New York Brian Phillips,4 Special Counsel, Legal Division, Board; Special Adviser to the Board, Division of Board Members, Board Eugenio P. Pinto,6 Special Adviser to the Board, Division of Board Members, Board Odelle Quisumbing, Assistant to the Secretary, Office of the Secretary, Board Nellisha D. Ramdass,7 Deputy Director, Division of Monetary Affairs, Board Romina D. Ruprecht, Senior Economist, Division of Monetary Affairs, Board Samantha Schwab, Special Adviser to the Chairman, Division of Board Members, Board Zeynep Senyuz, Special Adviser to the Board, Division of Board Members, Board Adam H. Shapiro, Vice President, Federal Reserve Bank of San Francisco Andre F. Silva,5 Principal Economist, Division of Monetary Affairs, Board Gustavo A. Suarez, Deputy Associate Director, Division of Research and Statistics, Board Thomas D. Tallarini, Jr., Assistant Vice President, Federal Reserve Bank of Minneapolis Jenny Tang, Vice President, Federal Reserve Bank of Boston Yannick Timmer, Principal Economist, Division of Monetary Affairs, Board Willem Van Zandweghe, Vice President, Federal Reserve Bank of Cleveland Annette Vissing-Jørgensen, Senior Adviser, Division of Monetary Affairs, Board Jeffrey D. Walker,3 Senior Associate Director, Division of Reserve Bank Operations and Payment Systems, Board Randall A. Williams, Group Manager, Division of Monetary Affairs, Board Donielle A. Winford,8 Senior Information Manager, Division of Monetary Affairs, Board Paul Winfree, Special Adviser to the Chairman, Division of Board Members, Board Emre Yoldas, Deputy Associate Director, Division of International Finance, Board Rebecca Zarutskie, Senior Vice President, Federal Reserve Bank of Dallas Filip Zikes, Special Adviser to the Board, Division of Board Members, Board _______________________ Joshua Gallin Secretary 1. The Federal Open Market Committee is referenced as the ""FOMC"" and the ""Committee"" in these minutes; the Board of Governors of the Federal Reserve System is referenced as the ""Board"" in these minutes. Return to text 2. Attended opening remarks for Tuesday's session only. Return to text 3. Attended through the discussion of developments in financial markets and open market operations. Return to text 4. Attended the discussion of economic developments and the outlook. Return to text 5. Attended through the discussion of the economic and financial situation. Return to text 6. Attended through the discussion of developments in financial markets and open market operations and from the discussion of the economic and financial situation through the end of the meeting. Return to text 7. Attended Tuesday's session only. Return to text 8. Attended Wednesday's session only. Return to text Back to Top",Preferred a 25bp hike while the committee held
2026-07-29,Michael S. Barr,FOR,HOLD,CONCUR,HOLD,0,VOTE_ACTION_PROXY,https://www.federalreserve.gov/monetarypolicy/fomcminutes20260729.htm,raw/minutes/fomcminutes20260729.htm,"Voting for this action: Kevin Warsh, John C. Williams, Michael S. Barr, Michelle W. Bowman, Lisa D. Cook, Philip N. Jefferson, Anna Paulson, Jerome H. Powell, and Christopher J. Waller. Voting against this action: Beth M. Hammack, Neel Kashkari, and Lorie K. Logan, who preferred to raise the target range for the federal funds rate by 1/4 percentage point at this meeting. Consistent with the Committee's decision to leave the target range for the federal funds rate unchanged, the Board of Governors of the Federal Reserve System voted unanimously to maintain the interest rate paid on reserve balances at 3.65 percent, effective July 30, 2026. The Board of Governors of the Federal Reserve System voted unanimously to approve the establishment of the primary credit rate at the existing level of 3.75 percent. It was agreed that the next meeting of the Committee would be held on Tuesday–Wednesday, September 15–16, 2026. The meeting adjourned at 10:50 a.m. on July 29, 2026. Notation Vote By notation vote completed on July 7, 2026, the Committee unanimously approved the minutes of the Committee meeting held on June 16–17, 2026. Attendance Kevin Warsh, Chairman John C. Williams, Vice Chair Michael S. Barr Michelle W. Bowman Lisa D. Cook Beth M. Hammack Philip N. Jefferson Neel Kashkari Lorie K. Logan Anna Paulson Jerome H. Powell Christopher J. Waller Thomas I. Barkin, Mary C. Daly, Austan D. Goolsbee, Sushmita Shukla, and Cheryl L. Venable, Alternate Members of the Committee Susan M. Collins, Alberto G. Musalem, and Jeffrey R. Schmid, Presidents of the Federal Reserve Banks of Boston, St. Louis, and Kansas City, respectively Joshua Gallin, Secretary Matthew M. Luecke,2 Deputy Secretary Michelle A. Smith, Assistant Secretary Mark E. Van Der Weide, General Counsel Richard Ostrander, Deputy General Counsel Trevor A. Reeve, Economist Stacey Tevlin, Economist Beth Anne Wilson, Economist Stephanie R. Aaronson, Brian M. Doyle, Michael T. Kiley, and Elizabeth Klee, Associate Economists Roberto Perli, Manager, System Open Market Account Julie Ann Remache, Deputy Manager, System Open Market Account Jose Acosta, Principal System Engineer, Division of Information Technology, Board Alyssa Arute,3 Assistant Director, Division of Reserve Bank Operations and Payment Systems, Board Gadi Barlevy, Executive Vice President, Federal Reserve Bank of Chicago William F. Bassett, Senior Associate Director, Division of Financial Stability, Board Camille Bryan, Senior Project Manager, Division of Monetary Affairs, Board Marco Cagetti, Assistant Director, Division of Research and Statistics, Board Michele Cavallo, Special Adviser to the Board, Division of Board Members, Board Andrew Cohen,4 Special Adviser to the Board, Division of Board Members, Board Francisco Covas, Deputy Director, Division of Supervision and Regulation, Board Stephanie E. Curcuru, Deputy Director, Division of International Finance, Board Marnie Gillis DeBoer,3 Senior Associate Director, Division of Monetary Affairs, Board Ryan A. Decker, Special Adviser to the Board, Division of Board Members, Board Anthony M. Diercks, Principal Economist, Division of Monetary Affairs, Board Wendy E. Dunn, Adviser, Division of Research and Statistics, Board Adhiraj Dutt,5 Policy and Market Analysis Principal, Federal Reserve Bank of New York Eric C. Engstrom, Special Adviser to the Chairman, Division of Board Members, Board Laura J. Feiveson,6 Special Adviser to the Board, Division of Board Members, Board Andrew Figura, Senior Associate Director, Division of Research and Statistics, Board Etienne Gagnon, Senior Associate Director, Division of International Finance, Board Jenn Gallagher, Assistant to the Board, Division of Board Members, Board Joseph W. Gruber, Executive Vice President, Federal Reserve Bank of Kansas City Daniel L. Heil, Special Adviser to the Chairman, Division of Board Members, Board Valerie S. Hinojosa, Assistant Director, Division of Monetary Affairs, Board Jane E. Ihrig, Special Adviser to the Board, Division of Board Members, Board Don H. Kim, Senior Adviser, Division of Monetary Affairs, Board Anna R. Kovner, Executive Vice President, Federal Reserve Bank of Richmond Andreas Lehnert, Director, Division of Financial Stability, Board Benjamin Lester, Vice President, Federal Reserve Bank of Philadelphia Logan T. Lewis, Assistant Director, Division of International Finance, Board Laura Lipscomb, Special Adviser to the Board, Division of Board Members, Board Rachel Lu,5 Head of Financial Risk, Federal Reserve Bank of New York Fernando M. Martin, Senior Economic Policy Advisor II, Federal Reserve Bank of St. Louis John P. McConnell, Special Adviser to the Chairman, Division of Board Members, Board Benjamin W. McDonough, Secretary of the Board, Office of the Secretary, Board Brent H. Meyer, Vice President, Federal Reserve Bank of Atlanta Kindra I. Morelock, Information Services Senior Analyst, Division of Monetary Affairs, Board, and Federal Reserve Bank of Chicago Norman J. Morin, Associate Director, Division of Research and Statistics, Board Edward Nelson, Senior Adviser, Division of Monetary Affairs, Board David Newville, Director, Division of Consumer and Community Affairs, Board Teodora Paligorova, Principal Economist, Division of Financial Stability, Board Paolo A. Pesenti, Director of Monetary Policy Research, Federal Reserve Bank of New York Brian Phillips,4 Special Counsel, Legal Division, Board; Special Adviser to the Board, Division of Board Members, Board Eugenio P. Pinto,6 Special Adviser to the Board, Division of Board Members, Board Odelle Quisumbing, Assistant to the Secretary, Office of the Secretary, Board Nellisha D. Ramdass,7 Deputy Director, Division of Monetary Affairs, Board Romina D. Ruprecht, Senior Economist, Division of Monetary Affairs, Board Samantha Schwab, Special Adviser to the Chairman, Division of Board Members, Board Zeynep Senyuz, Special Adviser to the Board, Division of Board Members, Board Adam H. Shapiro, Vice President, Federal Reserve Bank of San Francisco Andre F. Silva,5 Principal Economist, Division of Monetary Affairs, Board Gustavo A. Suarez, Deputy Associate Director, Division of Research and Statistics, Board Thomas D. Tallarini, Jr., Assistant Vice President, Federal Reserve Bank of Minneapolis Jenny Tang, Vice President, Federal Reserve Bank of Boston Yannick Timmer, Principal Economist, Division of Monetary Affairs, Board Willem Van Zandweghe, Vice President, Federal Reserve Bank of Cleveland Annette Vissing-Jørgensen, Senior Adviser, Division of Monetary Affairs, Board Jeffrey D. Walker,3 Senior Associate Director, Division of Reserve Bank Operations and Payment Systems, Board Randall A. Williams, Group Manager, Division of Monetary Affairs, Board Donielle A. Winford,8 Senior Information Manager, Division of Monetary Affairs, Board Paul Winfree, Special Adviser to the Chairman, Division of Board Members, Board Emre Yoldas, Deputy Associate Director, Division of International Finance, Board Rebecca Zarutskie, Senior Vice President, Federal Reserve Bank of Dallas Filip Zikes, Special Adviser to the Board, Division of Board Members, Board _______________________ Joshua Gallin Secretary 1. The Federal Open Market Committee is referenced as the ""FOMC"" and the ""Committee"" in these minutes; the Board of Governors of the Federal Reserve System is referenced as the ""Board"" in these minutes. Return to text 2. Attended opening remarks for Tuesday's session only. Return to text 3. Attended through the discussion of developments in financial markets and open market operations. Return to text 4. Attended the discussion of economic developments and the outlook. Return to text 5. Attended through the discussion of the economic and financial situation. Return to text 6. Attended through the discussion of developments in financial markets and open market operations and from the discussion of the economic and financial situation through the end of the meeting. Return to text 7. Attended Tuesday's session only. Return to text 8. Attended Wednesday's session only. Return to text Back to Top","Concurrence proves support for the action, not ideology"
2026-07-29,Michelle W. Bowman,FOR,HOLD,CONCUR,HOLD,0,VOTE_ACTION_PROXY,https://www.federalreserve.gov/monetarypolicy/fomcminutes20260729.htm,raw/minutes/fomcminutes20260729.htm,"Voting for this action: Kevin Warsh, John C. Williams, Michael S. Barr, Michelle W. Bowman, Lisa D. Cook, Philip N. Jefferson, Anna Paulson, Jerome H. Powell, and Christopher J. Waller. Voting against this action: Beth M. Hammack, Neel Kashkari, and Lorie K. Logan, who preferred to raise the target range for the federal funds rate by 1/4 percentage point at this meeting. Consistent with the Committee's decision to leave the target range for the federal funds rate unchanged, the Board of Governors of the Federal Reserve System voted unanimously to maintain the interest rate paid on reserve balances at 3.65 percent, effective July 30, 2026. The Board of Governors of the Federal Reserve System voted unanimously to approve the establishment of the primary credit rate at the existing level of 3.75 percent. It was agreed that the next meeting of the Committee would be held on Tuesday–Wednesday, September 15–16, 2026. The meeting adjourned at 10:50 a.m. on July 29, 2026. Notation Vote By notation vote completed on July 7, 2026, the Committee unanimously approved the minutes of the Committee meeting held on June 16–17, 2026. Attendance Kevin Warsh, Chairman John C. Williams, Vice Chair Michael S. Barr Michelle W. Bowman Lisa D. Cook Beth M. Hammack Philip N. Jefferson Neel Kashkari Lorie K. Logan Anna Paulson Jerome H. Powell Christopher J. Waller Thomas I. Barkin, Mary C. Daly, Austan D. Goolsbee, Sushmita Shukla, and Cheryl L. Venable, Alternate Members of the Committee Susan M. Collins, Alberto G. Musalem, and Jeffrey R. Schmid, Presidents of the Federal Reserve Banks of Boston, St. Louis, and Kansas City, respectively Joshua Gallin, Secretary Matthew M. Luecke,2 Deputy Secretary Michelle A. Smith, Assistant Secretary Mark E. Van Der Weide, General Counsel Richard Ostrander, Deputy General Counsel Trevor A. Reeve, Economist Stacey Tevlin, Economist Beth Anne Wilson, Economist Stephanie R. Aaronson, Brian M. Doyle, Michael T. Kiley, and Elizabeth Klee, Associate Economists Roberto Perli, Manager, System Open Market Account Julie Ann Remache, Deputy Manager, System Open Market Account Jose Acosta, Principal System Engineer, Division of Information Technology, Board Alyssa Arute,3 Assistant Director, Division of Reserve Bank Operations and Payment Systems, Board Gadi Barlevy, Executive Vice President, Federal Reserve Bank of Chicago William F. Bassett, Senior Associate Director, Division of Financial Stability, Board Camille Bryan, Senior Project Manager, Division of Monetary Affairs, Board Marco Cagetti, Assistant Director, Division of Research and Statistics, Board Michele Cavallo, Special Adviser to the Board, Division of Board Members, Board Andrew Cohen,4 Special Adviser to the Board, Division of Board Members, Board Francisco Covas, Deputy Director, Division of Supervision and Regulation, Board Stephanie E. Curcuru, Deputy Director, Division of International Finance, Board Marnie Gillis DeBoer,3 Senior Associate Director, Division of Monetary Affairs, Board Ryan A. Decker, Special Adviser to the Board, Division of Board Members, Board Anthony M. Diercks, Principal Economist, Division of Monetary Affairs, Board Wendy E. Dunn, Adviser, Division of Research and Statistics, Board Adhiraj Dutt,5 Policy and Market Analysis Principal, Federal Reserve Bank of New York Eric C. Engstrom, Special Adviser to the Chairman, Division of Board Members, Board Laura J. Feiveson,6 Special Adviser to the Board, Division of Board Members, Board Andrew Figura, Senior Associate Director, Division of Research and Statistics, Board Etienne Gagnon, Senior Associate Director, Division of International Finance, Board Jenn Gallagher, Assistant to the Board, Division of Board Members, Board Joseph W. Gruber, Executive Vice President, Federal Reserve Bank of Kansas City Daniel L. Heil, Special Adviser to the Chairman, Division of Board Members, Board Valerie S. Hinojosa, Assistant Director, Division of Monetary Affairs, Board Jane E. Ihrig, Special Adviser to the Board, Division of Board Members, Board Don H. Kim, Senior Adviser, Division of Monetary Affairs, Board Anna R. Kovner, Executive Vice President, Federal Reserve Bank of Richmond Andreas Lehnert, Director, Division of Financial Stability, Board Benjamin Lester, Vice President, Federal Reserve Bank of Philadelphia Logan T. Lewis, Assistant Director, Division of International Finance, Board Laura Lipscomb, Special Adviser to the Board, Division of Board Members, Board Rachel Lu,5 Head of Financial Risk, Federal Reserve Bank of New York Fernando M. Martin, Senior Economic Policy Advisor II, Federal Reserve Bank of St. Louis John P. McConnell, Special Adviser to the Chairman, Division of Board Members, Board Benjamin W. McDonough, Secretary of the Board, Office of the Secretary, Board Brent H. Meyer, Vice President, Federal Reserve Bank of Atlanta Kindra I. Morelock, Information Services Senior Analyst, Division of Monetary Affairs, Board, and Federal Reserve Bank of Chicago Norman J. Morin, Associate Director, Division of Research and Statistics, Board Edward Nelson, Senior Adviser, Division of Monetary Affairs, Board David Newville, Director, Division of Consumer and Community Affairs, Board Teodora Paligorova, Principal Economist, Division of Financial Stability, Board Paolo A. Pesenti, Director of Monetary Policy Research, Federal Reserve Bank of New York Brian Phillips,4 Special Counsel, Legal Division, Board; Special Adviser to the Board, Division of Board Members, Board Eugenio P. Pinto,6 Special Adviser to the Board, Division of Board Members, Board Odelle Quisumbing, Assistant to the Secretary, Office of the Secretary, Board Nellisha D. Ramdass,7 Deputy Director, Division of Monetary Affairs, Board Romina D. Ruprecht, Senior Economist, Division of Monetary Affairs, Board Samantha Schwab, Special Adviser to the Chairman, Division of Board Members, Board Zeynep Senyuz, Special Adviser to the Board, Division of Board Members, Board Adam H. Shapiro, Vice President, Federal Reserve Bank of San Francisco Andre F. Silva,5 Principal Economist, Division of Monetary Affairs, Board Gustavo A. Suarez, Deputy Associate Director, Division of Research and Statistics, Board Thomas D. Tallarini, Jr., Assistant Vice President, Federal Reserve Bank of Minneapolis Jenny Tang, Vice President, Federal Reserve Bank of Boston Yannick Timmer, Principal Economist, Division of Monetary Affairs, Board Willem Van Zandweghe, Vice President, Federal Reserve Bank of Cleveland Annette Vissing-Jørgensen, Senior Adviser, Division of Monetary Affairs, Board Jeffrey D. Walker,3 Senior Associate Director, Division of Reserve Bank Operations and Payment Systems, Board Randall A. Williams, Group Manager, Division of Monetary Affairs, Board Donielle A. Winford,8 Senior Information Manager, Division of Monetary Affairs, Board Paul Winfree, Special Adviser to the Chairman, Division of Board Members, Board Emre Yoldas, Deputy Associate Director, Division of International Finance, Board Rebecca Zarutskie, Senior Vice President, Federal Reserve Bank of Dallas Filip Zikes, Special Adviser to the Board, Division of Board Members, Board _______________________ Joshua Gallin Secretary 1. The Federal Open Market Committee is referenced as the ""FOMC"" and the ""Committee"" in these minutes; the Board of Governors of the Federal Reserve System is referenced as the ""Board"" in these minutes. Return to text 2. Attended opening remarks for Tuesday's session only. Return to text 3. Attended through the discussion of developments in financial markets and open market operations. Return to text 4. Attended the discussion of economic developments and the outlook. Return to text 5. Attended through the discussion of the economic and financial situation. Return to text 6. Attended through the discussion of developments in financial markets and open market operations and from the discussion of the economic and financial situation through the end of the meeting. Return to text 7. Attended Tuesday's session only. Return to text 8. Attended Wednesday's session only. Return to text Back to Top","Concurrence proves support for the action, not ideology"
2026-07-29,Neel Kashkari,AGAINST,HOLD,TIGHTER,HIKE_25BP,2,VOTE_DISSENT,https://www.federalreserve.gov/monetarypolicy/fomcminutes20260729.htm,raw/minutes/fomcminutes20260729.htm,"Voting for this action: Kevin Warsh, John C. Williams, Michael S. Barr, Michelle W. Bowman, Lisa D. Cook, Philip N. Jefferson, Anna Paulson, Jerome H. Powell, and Christopher J. Waller. Voting against this action: Beth M. Hammack, Neel Kashkari, and Lorie K. Logan, who preferred to raise the target range for the federal funds rate by 1/4 percentage point at this meeting. Consistent with the Committee's decision to leave the target range for the federal funds rate unchanged, the Board of Governors of the Federal Reserve System voted unanimously to maintain the interest rate paid on reserve balances at 3.65 percent, effective July 30, 2026. The Board of Governors of the Federal Reserve System voted unanimously to approve the establishment of the primary credit rate at the existing level of 3.75 percent. It was agreed that the next meeting of the Committee would be held on Tuesday–Wednesday, September 15–16, 2026. The meeting adjourned at 10:50 a.m. on July 29, 2026. Notation Vote By notation vote completed on July 7, 2026, the Committee unanimously approved the minutes of the Committee meeting held on June 16–17, 2026. Attendance Kevin Warsh, Chairman John C. Williams, Vice Chair Michael S. Barr Michelle W. Bowman Lisa D. Cook Beth M. Hammack Philip N. Jefferson Neel Kashkari Lorie K. Logan Anna Paulson Jerome H. Powell Christopher J. Waller Thomas I. Barkin, Mary C. Daly, Austan D. Goolsbee, Sushmita Shukla, and Cheryl L. Venable, Alternate Members of the Committee Susan M. Collins, Alberto G. Musalem, and Jeffrey R. Schmid, Presidents of the Federal Reserve Banks of Boston, St. Louis, and Kansas City, respectively Joshua Gallin, Secretary Matthew M. Luecke,2 Deputy Secretary Michelle A. Smith, Assistant Secretary Mark E. Van Der Weide, General Counsel Richard Ostrander, Deputy General Counsel Trevor A. Reeve, Economist Stacey Tevlin, Economist Beth Anne Wilson, Economist Stephanie R. Aaronson, Brian M. Doyle, Michael T. Kiley, and Elizabeth Klee, Associate Economists Roberto Perli, Manager, System Open Market Account Julie Ann Remache, Deputy Manager, System Open Market Account Jose Acosta, Principal System Engineer, Division of Information Technology, Board Alyssa Arute,3 Assistant Director, Division of Reserve Bank Operations and Payment Systems, Board Gadi Barlevy, Executive Vice President, Federal Reserve Bank of Chicago William F. Bassett, Senior Associate Director, Division of Financial Stability, Board Camille Bryan, Senior Project Manager, Division of Monetary Affairs, Board Marco Cagetti, Assistant Director, Division of Research and Statistics, Board Michele Cavallo, Special Adviser to the Board, Division of Board Members, Board Andrew Cohen,4 Special Adviser to the Board, Division of Board Members, Board Francisco Covas, Deputy Director, Division of Supervision and Regulation, Board Stephanie E. Curcuru, Deputy Director, Division of International Finance, Board Marnie Gillis DeBoer,3 Senior Associate Director, Division of Monetary Affairs, Board Ryan A. Decker, Special Adviser to the Board, Division of Board Members, Board Anthony M. Diercks, Principal Economist, Division of Monetary Affairs, Board Wendy E. Dunn, Adviser, Division of Research and Statistics, Board Adhiraj Dutt,5 Policy and Market Analysis Principal, Federal Reserve Bank of New York Eric C. Engstrom, Special Adviser to the Chairman, Division of Board Members, Board Laura J. Feiveson,6 Special Adviser to the Board, Division of Board Members, Board Andrew Figura, Senior Associate Director, Division of Research and Statistics, Board Etienne Gagnon, Senior Associate Director, Division of International Finance, Board Jenn Gallagher, Assistant to the Board, Division of Board Members, Board Joseph W. Gruber, Executive Vice President, Federal Reserve Bank of Kansas City Daniel L. Heil, Special Adviser to the Chairman, Division of Board Members, Board Valerie S. Hinojosa, Assistant Director, Division of Monetary Affairs, Board Jane E. Ihrig, Special Adviser to the Board, Division of Board Members, Board Don H. Kim, Senior Adviser, Division of Monetary Affairs, Board Anna R. Kovner, Executive Vice President, Federal Reserve Bank of Richmond Andreas Lehnert, Director, Division of Financial Stability, Board Benjamin Lester, Vice President, Federal Reserve Bank of Philadelphia Logan T. Lewis, Assistant Director, Division of International Finance, Board Laura Lipscomb, Special Adviser to the Board, Division of Board Members, Board Rachel Lu,5 Head of Financial Risk, Federal Reserve Bank of New York Fernando M. Martin, Senior Economic Policy Advisor II, Federal Reserve Bank of St. Louis John P. McConnell, Special Adviser to the Chairman, Division of Board Members, Board Benjamin W. McDonough, Secretary of the Board, Office of the Secretary, Board Brent H. Meyer, Vice President, Federal Reserve Bank of Atlanta Kindra I. Morelock, Information Services Senior Analyst, Division of Monetary Affairs, Board, and Federal Reserve Bank of Chicago Norman J. Morin, Associate Director, Division of Research and Statistics, Board Edward Nelson, Senior Adviser, Division of Monetary Affairs, Board David Newville, Director, Division of Consumer and Community Affairs, Board Teodora Paligorova, Principal Economist, Division of Financial Stability, Board Paolo A. Pesenti, Director of Monetary Policy Research, Federal Reserve Bank of New York Brian Phillips,4 Special Counsel, Legal Division, Board; Special Adviser to the Board, Division of Board Members, Board Eugenio P. Pinto,6 Special Adviser to the Board, Division of Board Members, Board Odelle Quisumbing, Assistant to the Secretary, Office of the Secretary, Board Nellisha D. Ramdass,7 Deputy Director, Division of Monetary Affairs, Board Romina D. Ruprecht, Senior Economist, Division of Monetary Affairs, Board Samantha Schwab, Special Adviser to the Chairman, Division of Board Members, Board Zeynep Senyuz, Special Adviser to the Board, Division of Board Members, Board Adam H. Shapiro, Vice President, Federal Reserve Bank of San Francisco Andre F. Silva,5 Principal Economist, Division of Monetary Affairs, Board Gustavo A. Suarez, Deputy Associate Director, Division of Research and Statistics, Board Thomas D. Tallarini, Jr., Assistant Vice President, Federal Reserve Bank of Minneapolis Jenny Tang, Vice President, Federal Reserve Bank of Boston Yannick Timmer, Principal Economist, Division of Monetary Affairs, Board Willem Van Zandweghe, Vice President, Federal Reserve Bank of Cleveland Annette Vissing-Jørgensen, Senior Adviser, Division of Monetary Affairs, Board Jeffrey D. Walker,3 Senior Associate Director, Division of Reserve Bank Operations and Payment Systems, Board Randall A. Williams, Group Manager, Division of Monetary Affairs, Board Donielle A. Winford,8 Senior Information Manager, Division of Monetary Affairs, Board Paul Winfree, Special Adviser to the Chairman, Division of Board Members, Board Emre Yoldas, Deputy Associate Director, Division of International Finance, Board Rebecca Zarutskie, Senior Vice President, Federal Reserve Bank of Dallas Filip Zikes, Special Adviser to the Board, Division of Board Members, Board _______________________ Joshua Gallin Secretary 1. The Federal Open Market Committee is referenced as the ""FOMC"" and the ""Committee"" in these minutes; the Board of Governors of the Federal Reserve System is referenced as the ""Board"" in these minutes. Return to text 2. Attended opening remarks for Tuesday's session only. Return to text 3. Attended through the discussion of developments in financial markets and open market operations. Return to text 4. Attended the discussion of economic developments and the outlook. Return to text 5. Attended through the discussion of the economic and financial situation. Return to text 6. Attended through the discussion of developments in financial markets and open market operations and from the discussion of the economic and financial situation through the end of the meeting. Return to text 7. Attended Tuesday's session only. Return to text 8. Attended Wednesday's session only. Return to text Back to Top",Preferred a 25bp hike while the committee held
2026-07-29,Philip N. Jefferson,FOR,HOLD,CONCUR,HOLD,0,VOTE_ACTION_PROXY,https://www.federalreserve.gov/monetarypolicy/fomcminutes20260729.htm,raw/minutes/fomcminutes20260729.htm,"Voting for this action: Kevin Warsh, John C. Williams, Michael S. Barr, Michelle W. Bowman, Lisa D. Cook, Philip N. Jefferson, Anna Paulson, Jerome H. Powell, and Christopher J. Waller. Voting against this action: Beth M. Hammack, Neel Kashkari, and Lorie K. Logan, who preferred to raise the target range for the federal funds rate by 1/4 percentage point at this meeting. Consistent with the Committee's decision to leave the target range for the federal funds rate unchanged, the Board of Governors of the Federal Reserve System voted unanimously to maintain the interest rate paid on reserve balances at 3.65 percent, effective July 30, 2026. The Board of Governors of the Federal Reserve System voted unanimously to approve the establishment of the primary credit rate at the existing level of 3.75 percent. It was agreed that the next meeting of the Committee would be held on Tuesday–Wednesday, September 15–16, 2026. The meeting adjourned at 10:50 a.m. on July 29, 2026. Notation Vote By notation vote completed on July 7, 2026, the Committee unanimously approved the minutes of the Committee meeting held on June 16–17, 2026. Attendance Kevin Warsh, Chairman John C. Williams, Vice Chair Michael S. Barr Michelle W. Bowman Lisa D. Cook Beth M. Hammack Philip N. Jefferson Neel Kashkari Lorie K. Logan Anna Paulson Jerome H. Powell Christopher J. Waller Thomas I. Barkin, Mary C. Daly, Austan D. Goolsbee, Sushmita Shukla, and Cheryl L. Venable, Alternate Members of the Committee Susan M. Collins, Alberto G. Musalem, and Jeffrey R. Schmid, Presidents of the Federal Reserve Banks of Boston, St. Louis, and Kansas City, respectively Joshua Gallin, Secretary Matthew M. Luecke,2 Deputy Secretary Michelle A. Smith, Assistant Secretary Mark E. Van Der Weide, General Counsel Richard Ostrander, Deputy General Counsel Trevor A. Reeve, Economist Stacey Tevlin, Economist Beth Anne Wilson, Economist Stephanie R. Aaronson, Brian M. Doyle, Michael T. Kiley, and Elizabeth Klee, Associate Economists Roberto Perli, Manager, System Open Market Account Julie Ann Remache, Deputy Manager, System Open Market Account Jose Acosta, Principal System Engineer, Division of Information Technology, Board Alyssa Arute,3 Assistant Director, Division of Reserve Bank Operations and Payment Systems, Board Gadi Barlevy, Executive Vice President, Federal Reserve Bank of Chicago William F. Bassett, Senior Associate Director, Division of Financial Stability, Board Camille Bryan, Senior Project Manager, Division of Monetary Affairs, Board Marco Cagetti, Assistant Director, Division of Research and Statistics, Board Michele Cavallo, Special Adviser to the Board, Division of Board Members, Board Andrew Cohen,4 Special Adviser to the Board, Division of Board Members, Board Francisco Covas, Deputy Director, Division of Supervision and Regulation, Board Stephanie E. Curcuru, Deputy Director, Division of International Finance, Board Marnie Gillis DeBoer,3 Senior Associate Director, Division of Monetary Affairs, Board Ryan A. Decker, Special Adviser to the Board, Division of Board Members, Board Anthony M. Diercks, Principal Economist, Division of Monetary Affairs, Board Wendy E. Dunn, Adviser, Division of Research and Statistics, Board Adhiraj Dutt,5 Policy and Market Analysis Principal, Federal Reserve Bank of New York Eric C. Engstrom, Special Adviser to the Chairman, Division of Board Members, Board Laura J. Feiveson,6 Special Adviser to the Board, Division of Board Members, Board Andrew Figura, Senior Associate Director, Division of Research and Statistics, Board Etienne Gagnon, Senior Associate Director, Division of International Finance, Board Jenn Gallagher, Assistant to the Board, Division of Board Members, Board Joseph W. Gruber, Executive Vice President, Federal Reserve Bank of Kansas City Daniel L. Heil, Special Adviser to the Chairman, Division of Board Members, Board Valerie S. Hinojosa, Assistant Director, Division of Monetary Affairs, Board Jane E. Ihrig, Special Adviser to the Board, Division of Board Members, Board Don H. Kim, Senior Adviser, Division of Monetary Affairs, Board Anna R. Kovner, Executive Vice President, Federal Reserve Bank of Richmond Andreas Lehnert, Director, Division of Financial Stability, Board Benjamin Lester, Vice President, Federal Reserve Bank of Philadelphia Logan T. Lewis, Assistant Director, Division of International Finance, Board Laura Lipscomb, Special Adviser to the Board, Division of Board Members, Board Rachel Lu,5 Head of Financial Risk, Federal Reserve Bank of New York Fernando M. Martin, Senior Economic Policy Advisor II, Federal Reserve Bank of St. Louis John P. McConnell, Special Adviser to the Chairman, Division of Board Members, Board Benjamin W. McDonough, Secretary of the Board, Office of the Secretary, Board Brent H. Meyer, Vice President, Federal Reserve Bank of Atlanta Kindra I. Morelock, Information Services Senior Analyst, Division of Monetary Affairs, Board, and Federal Reserve Bank of Chicago Norman J. Morin, Associate Director, Division of Research and Statistics, Board Edward Nelson, Senior Adviser, Division of Monetary Affairs, Board David Newville, Director, Division of Consumer and Community Affairs, Board Teodora Paligorova, Principal Economist, Division of Financial Stability, Board Paolo A. Pesenti, Director of Monetary Policy Research, Federal Reserve Bank of New York Brian Phillips,4 Special Counsel, Legal Division, Board; Special Adviser to the Board, Division of Board Members, Board Eugenio P. Pinto,6 Special Adviser to the Board, Division of Board Members, Board Odelle Quisumbing, Assistant to the Secretary, Office of the Secretary, Board Nellisha D. Ramdass,7 Deputy Director, Division of Monetary Affairs, Board Romina D. Ruprecht, Senior Economist, Division of Monetary Affairs, Board Samantha Schwab, Special Adviser to the Chairman, Division of Board Members, Board Zeynep Senyuz, Special Adviser to the Board, Division of Board Members, Board Adam H. Shapiro, Vice President, Federal Reserve Bank of San Francisco Andre F. Silva,5 Principal Economist, Division of Monetary Affairs, Board Gustavo A. Suarez, Deputy Associate Director, Division of Research and Statistics, Board Thomas D. Tallarini, Jr., Assistant Vice President, Federal Reserve Bank of Minneapolis Jenny Tang, Vice President, Federal Reserve Bank of Boston Yannick Timmer, Principal Economist, Division of Monetary Affairs, Board Willem Van Zandweghe, Vice President, Federal Reserve Bank of Cleveland Annette Vissing-Jørgensen, Senior Adviser, Division of Monetary Affairs, Board Jeffrey D. Walker,3 Senior Associate Director, Division of Reserve Bank Operations and Payment Systems, Board Randall A. Williams, Group Manager, Division of Monetary Affairs, Board Donielle A. Winford,8 Senior Information Manager, Division of Monetary Affairs, Board Paul Winfree, Special Adviser to the Chairman, Division of Board Members, Board Emre Yoldas, Deputy Associate Director, Division of International Finance, Board Rebecca Zarutskie, Senior Vice President, Federal Reserve Bank of Dallas Filip Zikes, Special Adviser to the Board, Division of Board Members, Board _______________________ Joshua Gallin Secretary 1. The Federal Open Market Committee is referenced as the ""FOMC"" and the ""Committee"" in these minutes; the Board of Governors of the Federal Reserve System is referenced as the ""Board"" in these minutes. Return to text 2. Attended opening remarks for Tuesday's session only. Return to text 3. Attended through the discussion of developments in financial markets and open market operations. Return to text 4. Attended the discussion of economic developments and the outlook. Return to text 5. Attended through the discussion of the economic and financial situation. Return to text 6. Attended through the discussion of developments in financial markets and open market operations and from the discussion of the economic and financial situation through the end of the meeting. Return to text 7. Attended Tuesday's session only. Return to text 8. Attended Wednesday's session only. Return to text Back to Top","Concurrence proves support for the action, not ideology"
